solid OpenSCAD_Model
  facet normal -0.980786 -0.195086 0
    outer loop
      vertex 0.170364 3.7059 0
      vertex 0.0427704 4.34737 7.5
      vertex 0.0427704 4.34737 0
    endloop
  endfacet
  facet normal -0.980786 -0.195086 0
    outer loop
      vertex 0.0427704 4.34737 7.5
      vertex 0.170364 3.7059 0
      vertex 0.170364 3.7059 7.5
    endloop
  endfacet
  facet normal -0.997859 -0.0653952 0
    outer loop
      vertex 0.0427704 4.34737 0
      vertex 0 5 7.5
      vertex 0 5 0
    endloop
  endfacet
  facet normal -0.997859 -0.0653952 0
    outer loop
      vertex 0 5 7.5
      vertex 0.0427704 4.34737 0
      vertex 0.0427704 4.34737 7.5
    endloop
  endfacet
  facet normal 0.442024 -0.897003 0
    outer loop
      vertex 111.913 0.3806 0
      vertex 112.5 0.669861 7.5
      vertex 111.913 0.3806 7.5
    endloop
  endfacet
  facet normal 0.442024 -0.897003 0
    outer loop
      vertex 112.5 0.669861 7.5
      vertex 111.913 0.3806 0
      vertex 112.5 0.669861 0
    endloop
  endfacet
  facet normal 0.831725 -0.555187 0
    outer loop
      vertex 113.967 1.95619 7.5
      vertex 114.33 2.5 0
      vertex 114.33 2.5 7.5
    endloop
  endfacet
  facet normal 0.831725 -0.555187 0
    outer loop
      vertex 114.33 2.5 0
      vertex 113.967 1.95619 7.5
      vertex 113.967 1.95619 0
    endloop
  endfacet
  facet normal -0.195086 -0.980786 0
    outer loop
      vertex 3.7059 0.170364 0
      vertex 4.34737 0.0427704 7.5
      vertex 3.7059 0.170364 7.5
    endloop
  endfacet
  facet normal -0.195086 -0.980786 -0
    outer loop
      vertex 4.34737 0.0427704 7.5
      vertex 3.7059 0.170364 0
      vertex 4.34737 0.0427704 0
    endloop
  endfacet
  facet normal 0.980961 0.194204 0
    outer loop
      vertex 114.957 71.6526 7.5
      vertex 114.83 72.2941 0
      vertex 114.83 72.2941 7.5
    endloop
  endfacet
  facet normal 0.980961 0.194204 0
    outer loop
      vertex 114.83 72.2941 0
      vertex 114.957 71.6526 7.5
      vertex 114.957 71.6526 0
    endloop
  endfacet
  facet normal 0.997836 0.0657477 0
    outer loop
      vertex 115 71 7.5
      vertex 114.957 71.6526 0
      vertex 114.957 71.6526 7.5
    endloop
  endfacet
  facet normal 0.997836 0.0657477 0
    outer loop
      vertex 114.957 71.6526 0
      vertex 115 71 7.5
      vertex 115 71 0
    endloop
  endfacet
  facet normal 0.751998 0.659165 0
    outer loop
      vertex 113.967 74.0438 7.5
      vertex 113.536 74.5355 0
      vertex 113.536 74.5355 7.5
    endloop
  endfacet
  facet normal 0.751998 0.659165 0
    outer loop
      vertex 113.536 74.5355 0
      vertex 113.967 74.0438 7.5
      vertex 113.967 74.0438 0
    endloop
  endfacet
  facet normal -0.321447 -0.946928 0
    outer loop
      vertex 3.08658 0.3806 0
      vertex 3.7059 0.170364 7.5
      vertex 3.08658 0.3806 7.5
    endloop
  endfacet
  facet normal -0.321447 -0.946928 -0
    outer loop
      vertex 3.7059 0.170364 7.5
      vertex 3.08658 0.3806 0
      vertex 3.7059 0.170364 0
    endloop
  endfacet
  facet normal -0.65935 -0.751836 0
    outer loop
      vertex 1.46446 1.46446 0
      vertex 1.95619 1.03322 7.5
      vertex 1.46446 1.46446 7.5
    endloop
  endfacet
  facet normal -0.65935 -0.751836 -0
    outer loop
      vertex 1.95619 1.03322 7.5
      vertex 1.46446 1.46446 0
      vertex 1.95619 1.03322 0
    endloop
  endfacet
  facet normal 0 1 -0
    outer loop
      vertex 110 76 0
      vertex 5 76 7.5
      vertex 110 76 7.5
    endloop
  endfacet
  facet normal 0 1 0
    outer loop
      vertex 5 76 7.5
      vertex 110 76 0
      vertex 5 76 0
    endloop
  endfacet
  facet normal -1 0 0
    outer loop
      vertex 0 5 0
      vertex 0 71 7.5
      vertex 0 71 0
    endloop
  endfacet
  facet normal -1 -0 0
    outer loop
      vertex 0 71 7.5
      vertex 0 5 0
      vertex 0 5 7.5
    endloop
  endfacet
  facet normal 0.897036 -0.441957 0
    outer loop
      vertex 114.33 2.5 7.5
      vertex 114.619 3.08658 0
      vertex 114.619 3.08658 7.5
    endloop
  endfacet
  facet normal 0.897036 -0.441957 0
    outer loop
      vertex 114.619 3.08658 0
      vertex 114.33 2.5 7.5
      vertex 114.33 2.5 0
    endloop
  endfacet
  facet normal -0.321397 0.946944 0
    outer loop
      vertex 3.7059 75.8296 0
      vertex 3.08658 75.6194 7.5
      vertex 3.7059 75.8296 7.5
    endloop
  endfacet
  facet normal -0.321397 0.946944 0
    outer loop
      vertex 3.08658 75.6194 7.5
      vertex 3.7059 75.8296 0
      vertex 3.08658 75.6194 0
    endloop
  endfacet
  facet normal -0.946925 0.321456 0
    outer loop
      vertex 0.170364 72.2941 0
      vertex 0.3806 72.9134 7.5
      vertex 0.3806 72.9134 0
    endloop
  endfacet
  facet normal -0.946925 0.321456 0
    outer loop
      vertex 0.3806 72.9134 7.5
      vertex 0.170364 72.2941 0
      vertex 0.170364 72.2941 7.5
    endloop
  endfacet
  facet normal -0.659401 0.751791 0
    outer loop
      vertex 1.95619 74.9668 0
      vertex 1.46446 74.5355 7.5
      vertex 1.95619 74.9668 7.5
    endloop
  endfacet
  facet normal -0.659401 0.751791 0
    outer loop
      vertex 1.46446 74.5355 7.5
      vertex 1.95619 74.9668 0
      vertex 1.46446 74.5355 0
    endloop
  endfacet
  facet normal 0 -1 0
    outer loop
      vertex 5 0 0
      vertex 110 0 7.5
      vertex 5 0 7.5
    endloop
  endfacet
  facet normal 0 -1 -0
    outer loop
      vertex 110 0 7.5
      vertex 5 0 0
      vertex 110 0 0
    endloop
  endfacet
  facet normal 1 -0 0
    outer loop
      vertex 115 5 7.5
      vertex 115 71 0
      vertex 115 71 7.5
    endloop
  endfacet
  facet normal 1 0 0
    outer loop
      vertex 115 71 0
      vertex 115 5 7.5
      vertex 115 5 0
    endloop
  endfacet
  facet normal -0.831467 0.555574 0
    outer loop
      vertex 0.669861 73.5 0
      vertex 1.03322 74.0438 7.5
      vertex 1.03322 74.0438 0
    endloop
  endfacet
  facet normal -0.831467 0.555574 0
    outer loop
      vertex 1.03322 74.0438 7.5
      vertex 0.669861 73.5 0
      vertex 0.669861 73.5 7.5
    endloop
  endfacet
  facet normal 0.946572 -0.322493 0
    outer loop
      vertex 114.619 3.08658 7.5
      vertex 114.83 3.7059 0
      vertex 114.83 3.7059 7.5
    endloop
  endfacet
  facet normal 0.946572 -0.322493 0
    outer loop
      vertex 114.83 3.7059 0
      vertex 114.619 3.08658 7.5
      vertex 114.619 3.08658 0
    endloop
  endfacet
  facet normal 0.555433 -0.831562 0
    outer loop
      vertex 112.5 0.669861 0
      vertex 113.044 1.03322 7.5
      vertex 112.5 0.669861 7.5
    endloop
  endfacet
  facet normal 0.555433 -0.831562 0
    outer loop
      vertex 113.044 1.03322 7.5
      vertex 112.5 0.669861 0
      vertex 113.044 1.03322 0
    endloop
  endfacet
  facet normal 0.831721 0.555194 0
    outer loop
      vertex 114.33 73.5 7.5
      vertex 113.967 74.0438 0
      vertex 113.967 74.0438 7.5
    endloop
  endfacet
  facet normal 0.831721 0.555194 0
    outer loop
      vertex 113.967 74.0438 0
      vertex 114.33 73.5 7.5
      vertex 114.33 73.5 0
    endloop
  endfacet
  facet normal 0.0654033 0.997859 -0
    outer loop
      vertex 110.653 75.9572 0
      vertex 110 76 7.5
      vertex 110.653 75.9572 7.5
    endloop
  endfacet
  facet normal 0.0654033 0.997859 0
    outer loop
      vertex 110 76 7.5
      vertex 110.653 75.9572 0
      vertex 110 76 0
    endloop
  endfacet
  facet normal -0.442327 0.896854 0
    outer loop
      vertex 3.08658 75.6194 0
      vertex 2.5 75.3301 7.5
      vertex 3.08658 75.6194 7.5
    endloop
  endfacet
  facet normal -0.442327 0.896854 0
    outer loop
      vertex 2.5 75.3301 7.5
      vertex 3.08658 75.6194 0
      vertex 2.5 75.3301 0
    endloop
  endfacet
  facet normal -0.896884 0.442266 0
    outer loop
      vertex 0.3806 72.9134 0
      vertex 0.669861 73.5 7.5
      vertex 0.669861 73.5 0
    endloop
  endfacet
  facet normal -0.896884 0.442266 0
    outer loop
      vertex 0.669861 73.5 7.5
      vertex 0.3806 72.9134 0
      vertex 0.3806 72.9134 7.5
    endloop
  endfacet
  facet normal 0.195233 0.980757 -0
    outer loop
      vertex 111.294 75.8296 0
      vertex 110.653 75.9572 7.5
      vertex 111.294 75.8296 7.5
    endloop
  endfacet
  facet normal 0.195233 0.980757 0
    outer loop
      vertex 110.653 75.9572 7.5
      vertex 111.294 75.8296 0
      vertex 110.653 75.9572 0
    endloop
  endfacet
  facet normal 0.980959 -0.194213 0
    outer loop
      vertex 114.83 3.7059 7.5
      vertex 114.957 4.34737 0
      vertex 114.957 4.34737 7.5
    endloop
  endfacet
  facet normal 0.980959 -0.194213 0
    outer loop
      vertex 114.957 4.34737 0
      vertex 114.83 3.7059 7.5
      vertex 114.83 3.7059 0
    endloop
  endfacet
  facet normal -0.0654402 0.997856 0
    outer loop
      vertex 5 76 0
      vertex 4.34737 75.9572 7.5
      vertex 5 76 7.5
    endloop
  endfacet
  facet normal -0.0654402 0.997856 0
    outer loop
      vertex 4.34737 75.9572 7.5
      vertex 5 76 0
      vertex 4.34737 75.9572 0
    endloop
  endfacet
  facet normal -0.751836 -0.65935 0
    outer loop
      vertex 1.46446 1.46446 0
      vertex 1.03322 1.95619 7.5
      vertex 1.03322 1.95619 0
    endloop
  endfacet
  facet normal -0.751836 -0.65935 0
    outer loop
      vertex 1.03322 1.95619 7.5
      vertex 1.46446 1.46446 0
      vertex 1.46446 1.46446 7.5
    endloop
  endfacet
  facet normal -0.946928 -0.321447 0
    outer loop
      vertex 0.3806 3.08658 0
      vertex 0.170364 3.7059 7.5
      vertex 0.170364 3.7059 0
    endloop
  endfacet
  facet normal -0.946928 -0.321447 0
    outer loop
      vertex 0.170364 3.7059 7.5
      vertex 0.3806 3.08658 0
      vertex 0.3806 3.08658 7.5
    endloop
  endfacet
  facet normal 0.321596 -0.946877 0
    outer loop
      vertex 111.294 0.170364 0
      vertex 111.913 0.3806 7.5
      vertex 111.294 0.170364 7.5
    endloop
  endfacet
  facet normal 0.321596 -0.946877 0
    outer loop
      vertex 111.913 0.3806 7.5
      vertex 111.294 0.170364 0
      vertex 111.913 0.3806 0
    endloop
  endfacet
  facet normal -0.980788 0.195078 0
    outer loop
      vertex 0.0427704 71.6526 0
      vertex 0.170364 72.2941 7.5
      vertex 0.170364 72.2941 0
    endloop
  endfacet
  facet normal -0.980788 0.195078 0
    outer loop
      vertex 0.170364 72.2941 7.5
      vertex 0.0427704 71.6526 0
      vertex 0.0427704 71.6526 7.5
    endloop
  endfacet
  facet normal 0.321546 0.946894 -0
    outer loop
      vertex 111.913 75.6194 0
      vertex 111.294 75.8296 7.5
      vertex 111.913 75.6194 7.5
    endloop
  endfacet
  facet normal 0.321546 0.946894 0
    outer loop
      vertex 111.294 75.8296 7.5
      vertex 111.913 75.6194 0
      vertex 111.294 75.8296 0
    endloop
  endfacet
  facet normal -0.997859 0.0653982 0
    outer loop
      vertex 0 71 0
      vertex 0.0427704 71.6526 7.5
      vertex 0.0427704 71.6526 0
    endloop
  endfacet
  facet normal -0.997859 0.0653982 0
    outer loop
      vertex 0.0427704 71.6526 7.5
      vertex 0 71 0
      vertex 0 71 7.5
    endloop
  endfacet
  facet normal -0.0653952 -0.997859 0
    outer loop
      vertex 4.34737 0.0427704 0
      vertex 5 0 7.5
      vertex 4.34737 0.0427704 7.5
    endloop
  endfacet
  facet normal -0.0653952 -0.997859 -0
    outer loop
      vertex 5 0 7.5
      vertex 4.34737 0.0427704 0
      vertex 5 0 0
    endloop
  endfacet
  facet normal 0.997836 -0.0657447 0
    outer loop
      vertex 114.957 4.34737 7.5
      vertex 115 5 0
      vertex 115 5 7.5
    endloop
  endfacet
  facet normal 0.997836 -0.0657447 0
    outer loop
      vertex 115 5 0
      vertex 114.957 4.34737 7.5
      vertex 114.957 4.34737 0
    endloop
  endfacet
  facet normal 0.195224 -0.980759 0
    outer loop
      vertex 110.653 0.0427704 0
      vertex 111.294 0.170364 7.5
      vertex 110.653 0.0427704 7.5
    endloop
  endfacet
  facet normal 0.195224 -0.980759 0
    outer loop
      vertex 111.294 0.170364 7.5
      vertex 110.653 0.0427704 0
      vertex 111.294 0.170364 0
    endloop
  endfacet
  facet normal 0 0 -1
    outer loop
      vertex 110 0 0
      vertex 115 5 0
      vertex 114.957 4.34737 0
    endloop
  endfacet
  facet normal 0 0 -1
    outer loop
      vertex 115 5 0
      vertex 97.7 38 0
      vertex 115 71 0
    endloop
  endfacet
  facet normal 0 0 -1
    outer loop
      vertex 110 0 0
      vertex 114.957 4.34737 0
      vertex 114.83 3.7059 0
    endloop
  endfacet
  facet normal 0 0 -1
    outer loop
      vertex 97.6683 38.4829 0
      vertex 115 71 0
      vertex 97.7 38 0
    endloop
  endfacet
  facet normal 0 0 -1
    outer loop
      vertex 110 0 0
      vertex 114.83 3.7059 0
      vertex 114.619 3.08658 0
    endloop
  endfacet
  facet normal 0 0 -1
    outer loop
      vertex 97.5739 38.9576 0
      vertex 115 71 0
      vertex 97.6683 38.4829 0
    endloop
  endfacet
  facet normal 0 0 -1
    outer loop
      vertex 110 0 0
      vertex 114.619 3.08658 0
      vertex 114.33 2.5 0
    endloop
  endfacet
  facet normal 0 0 -1
    outer loop
      vertex 97.4184 39.4159 0
      vertex 115 71 0
      vertex 97.5739 38.9576 0
    endloop
  endfacet
  facet normal 0 0 -1
    outer loop
      vertex 110 0 0
      vertex 114.33 2.5 0
      vertex 113.967 1.95619 0
    endloop
  endfacet
  facet normal 0 0 -1
    outer loop
      vertex 97.2043 39.85 0
      vertex 115 71 0
      vertex 97.4184 39.4159 0
    endloop
  endfacet
  facet normal 0 0 -1
    outer loop
      vertex 110 0 0
      vertex 113.967 1.95619 0
      vertex 113.536 1.46446 0
    endloop
  endfacet
  facet normal 0 0 -1
    outer loop
      vertex 96.9354 40.2524 0
      vertex 115 71 0
      vertex 97.2043 39.85 0
    endloop
  endfacet
  facet normal 0 0 -1
    outer loop
      vertex 110 0 0
      vertex 113.536 1.46446 0
      vertex 113.044 1.03322 0
    endloop
  endfacet
  facet normal 0 0 -1
    outer loop
      vertex 96.6163 40.6163 0
      vertex 115 71 0
      vertex 96.9354 40.2524 0
    endloop
  endfacet
  facet normal 0 0 -1
    outer loop
      vertex 110 0 0
      vertex 113.044 1.03322 0
      vertex 112.5 0.669861 0
    endloop
  endfacet
  facet normal 0 0 -1
    outer loop
      vertex 96.2524 40.9354 0
      vertex 115 71 0
      vertex 96.6163 40.6163 0
    endloop
  endfacet
  facet normal 0 0 -1
    outer loop
      vertex 110 0 0
      vertex 112.5 0.669861 0
      vertex 111.913 0.3806 0
    endloop
  endfacet
  facet normal 0 0 -1
    outer loop
      vertex 95.85 41.2043 0
      vertex 115 71 0
      vertex 96.2524 40.9354 0
    endloop
  endfacet
  facet normal 0 0 -1
    outer loop
      vertex 110 0 0
      vertex 111.913 0.3806 0
      vertex 111.294 0.170364 0
    endloop
  endfacet
  facet normal 0 0 -1
    outer loop
      vertex 95.4159 41.4184 0
      vertex 115 71 0
      vertex 95.85 41.2043 0
    endloop
  endfacet
  facet normal 0 0 -1
    outer loop
      vertex 110 0 0
      vertex 111.294 0.170364 0
      vertex 110.653 0.0427704 0
    endloop
  endfacet
  facet normal 0 0 -1
    outer loop
      vertex 94.9576 41.5739 0
      vertex 115 71 0
      vertex 95.4159 41.4184 0
    endloop
  endfacet
  facet normal -0 0 -1
    outer loop
      vertex 115 5 0
      vertex 110 0 0
      vertex 94.9576 34.4261 0
    endloop
  endfacet
  facet normal 0 -0 -1
    outer loop
      vertex 110 76 0
      vertex 115 71 0
      vertex 94.9576 41.5739 0
    endloop
  endfacet
  facet normal 0 0 -1
    outer loop
      vertex 114.957 71.6526 0
      vertex 110 76 0
      vertex 114.83 72.2941 0
    endloop
  endfacet
  facet normal 0 0 -1
    outer loop
      vertex 115 5 0
      vertex 97.6683 37.5171 0
      vertex 97.7 38 0
    endloop
  endfacet
  facet normal 0 0 -1
    outer loop
      vertex 115 5 0
      vertex 97.5739 37.0424 0
      vertex 97.6683 37.5171 0
    endloop
  endfacet
  facet normal 0 0 -1
    outer loop
      vertex 115 5 0
      vertex 97.4184 36.5841 0
      vertex 97.5739 37.0424 0
    endloop
  endfacet
  facet normal 0 0 -1
    outer loop
      vertex 115 5 0
      vertex 97.2043 36.15 0
      vertex 97.4184 36.5841 0
    endloop
  endfacet
  facet normal 0 0 -1
    outer loop
      vertex 115 5 0
      vertex 96.9354 35.7476 0
      vertex 97.2043 36.15 0
    endloop
  endfacet
  facet normal 0 0 -1
    outer loop
      vertex 115 5 0
      vertex 96.6163 35.3837 0
      vertex 96.9354 35.7476 0
    endloop
  endfacet
  facet normal 0 0 -1
    outer loop
      vertex 115 5 0
      vertex 96.2524 35.0646 0
      vertex 96.6163 35.3837 0
    endloop
  endfacet
  facet normal 0 0 -1
    outer loop
      vertex 115 5 0
      vertex 95.85 34.7957 0
      vertex 96.2524 35.0646 0
    endloop
  endfacet
  facet normal 0 0 -1
    outer loop
      vertex 115 5 0
      vertex 95.4159 34.5816 0
      vertex 95.85 34.7957 0
    endloop
  endfacet
  facet normal 0 0 -1
    outer loop
      vertex 115 5 0
      vertex 94.9576 34.4261 0
      vertex 95.4159 34.5816 0
    endloop
  endfacet
  facet normal 0 0 -1
    outer loop
      vertex 110 0 0
      vertex 94.4829 34.3317 0
      vertex 94.9576 34.4261 0
    endloop
  endfacet
  facet normal 0 0 -1
    outer loop
      vertex 110 0 0
      vertex 94 34.3 0
      vertex 94.4829 34.3317 0
    endloop
  endfacet
  facet normal 0 0 -1
    outer loop
      vertex 110 0 0
      vertex 93.5171 34.3317 0
      vertex 94 34.3 0
    endloop
  endfacet
  facet normal 0 0 -1
    outer loop
      vertex 67.45 18.89 0
      vertex 93.5171 34.3317 0
      vertex 110 0 0
    endloop
  endfacet
  facet normal -0 0 -1
    outer loop
      vertex 93.5171 34.3317 0
      vertex 67.45 18.89 0
      vertex 93.0424 34.4261 0
    endloop
  endfacet
  facet normal -0 0 -1
    outer loop
      vertex 93.0424 34.4261 0
      vertex 67.45 18.89 0
      vertex 92.5841 34.5816 0
    endloop
  endfacet
  facet normal -0 0 -1
    outer loop
      vertex 92.5841 34.5816 0
      vertex 67.45 18.89 0
      vertex 92.15 34.7957 0
    endloop
  endfacet
  facet normal -0 0 -1
    outer loop
      vertex 92.15 34.7957 0
      vertex 67.45 18.89 0
      vertex 91.7476 35.0646 0
    endloop
  endfacet
  facet normal -0 0 -1
    outer loop
      vertex 91.7476 35.0646 0
      vertex 67.45 18.89 0
      vertex 91.3837 35.3837 0
    endloop
  endfacet
  facet normal -0 0 -1
    outer loop
      vertex 91.3837 35.3837 0
      vertex 67.45 18.89 0
      vertex 91.0646 35.7476 0
    endloop
  endfacet
  facet normal -0 0 -1
    outer loop
      vertex 90.3316 37.5171 0
      vertex 67.45 18.89 0
      vertex 90.3 38 0
    endloop
  endfacet
  facet normal -0 0 -1
    outer loop
      vertex 90.4261 37.0424 0
      vertex 67.45 18.89 0
      vertex 90.3316 37.5171 0
    endloop
  endfacet
  facet normal -0 0 -1
    outer loop
      vertex 90.5816 36.5841 0
      vertex 67.45 18.89 0
      vertex 90.4261 37.0424 0
    endloop
  endfacet
  facet normal -0 0 -1
    outer loop
      vertex 90.7957 36.15 0
      vertex 67.45 18.89 0
      vertex 90.5816 36.5841 0
    endloop
  endfacet
  facet normal -0 0 -1
    outer loop
      vertex 91.0646 35.7476 0
      vertex 67.45 18.89 0
      vertex 90.7957 36.15 0
    endloop
  endfacet
  facet normal 0 0 -1
    outer loop
      vertex 5 0 0
      vertex 67.45 18.89 0
      vertex 110 0 0
    endloop
  endfacet
  facet normal 0 0 -1
    outer loop
      vertex 0 5 0
      vertex 16.95 18.89 0
      vertex 5 0 0
    endloop
  endfacet
  facet normal -0 0 -1
    outer loop
      vertex 67.45 18.89 0
      vertex 5 0 0
      vertex 16.95 18.89 0
    endloop
  endfacet
  facet normal 0 0 -1
    outer loop
      vertex 114.83 72.2941 0
      vertex 110 76 0
      vertex 114.619 72.9134 0
    endloop
  endfacet
  facet normal 0 0 -1
    outer loop
      vertex 114.619 72.9134 0
      vertex 110 76 0
      vertex 114.33 73.5 0
    endloop
  endfacet
  facet normal 0 0 -1
    outer loop
      vertex 113.967 74.0438 0
      vertex 110 76 0
      vertex 113.536 74.5355 0
    endloop
  endfacet
  facet normal 0 0 -1
    outer loop
      vertex 113.536 74.5355 0
      vertex 110 76 0
      vertex 113.044 74.9668 0
    endloop
  endfacet
  facet normal 0 0 -1
    outer loop
      vertex 112.5 75.3301 0
      vertex 110 76 0
      vertex 111.913 75.6194 0
    endloop
  endfacet
  facet normal 0 0 -1
    outer loop
      vertex 111.913 75.6194 0
      vertex 110 76 0
      vertex 111.294 75.8296 0
    endloop
  endfacet
  facet normal 0 0 -1
    outer loop
      vertex 111.294 75.8296 0
      vertex 110 76 0
      vertex 110.653 75.9572 0
    endloop
  endfacet
  facet normal 0 0 -1
    outer loop
      vertex 113.044 74.9668 0
      vertex 110 76 0
      vertex 112.5 75.3301 0
    endloop
  endfacet
  facet normal 0 0 -1
    outer loop
      vertex 114.33 73.5 0
      vertex 110 76 0
      vertex 113.967 74.0438 0
    endloop
  endfacet
  facet normal 0 0 -1
    outer loop
      vertex 115 71 0
      vertex 110 76 0
      vertex 114.957 71.6526 0
    endloop
  endfacet
  facet normal 0 0 -1
    outer loop
      vertex 94.4829 41.6683 0
      vertex 110 76 0
      vertex 94.9576 41.5739 0
    endloop
  endfacet
  facet normal 0 0 -1
    outer loop
      vertex 94 41.7 0
      vertex 110 76 0
      vertex 94.4829 41.6683 0
    endloop
  endfacet
  facet normal 0 0 -1
    outer loop
      vertex 93.5171 41.6683 0
      vertex 110 76 0
      vertex 94 41.7 0
    endloop
  endfacet
  facet normal 0 0 -1
    outer loop
      vertex 67.45 57.79 0
      vertex 93.5171 41.6683 0
      vertex 93.0424 41.5739 0
    endloop
  endfacet
  facet normal 0 0 -1
    outer loop
      vertex 67.45 57.79 0
      vertex 93.0424 41.5739 0
      vertex 92.5841 41.4184 0
    endloop
  endfacet
  facet normal 0 0 -1
    outer loop
      vertex 67.45 57.79 0
      vertex 92.5841 41.4184 0
      vertex 92.15 41.2043 0
    endloop
  endfacet
  facet normal 0 0 -1
    outer loop
      vertex 67.45 57.79 0
      vertex 92.15 41.2043 0
      vertex 91.7476 40.9354 0
    endloop
  endfacet
  facet normal 0 0 -1
    outer loop
      vertex 67.45 57.79 0
      vertex 91.7476 40.9354 0
      vertex 91.3837 40.6163 0
    endloop
  endfacet
  facet normal 0 0 -1
    outer loop
      vertex 67.45 57.79 0
      vertex 91.3837 40.6163 0
      vertex 91.0646 40.2524 0
    endloop
  endfacet
  facet normal 0 0 -1
    outer loop
      vertex 67.45 57.79 0
      vertex 91.0646 40.2524 0
      vertex 90.7957 39.85 0
    endloop
  endfacet
  facet normal 0 0 -1
    outer loop
      vertex 67.45 57.79 0
      vertex 90.3 38 0
      vertex 67.45 18.89 0
    endloop
  endfacet
  facet normal 0 0 -1
    outer loop
      vertex 90.3 38 0
      vertex 67.45 57.79 0
      vertex 90.3316 38.4829 0
    endloop
  endfacet
  facet normal 0 0 -1
    outer loop
      vertex 90.3316 38.4829 0
      vertex 67.45 57.79 0
      vertex 90.4261 38.9576 0
    endloop
  endfacet
  facet normal 0 0 -1
    outer loop
      vertex 90.4261 38.9576 0
      vertex 67.45 57.79 0
      vertex 90.5816 39.4159 0
    endloop
  endfacet
  facet normal 0 0 -1
    outer loop
      vertex 90.5816 39.4159 0
      vertex 67.45 57.79 0
      vertex 90.7957 39.85 0
    endloop
  endfacet
  facet normal 0 0 -1
    outer loop
      vertex 93.5171 41.6683 0
      vertex 67.45 57.79 0
      vertex 110 76 0
    endloop
  endfacet
  facet normal 0 0 -1
    outer loop
      vertex 5 76 0
      vertex 67.45 57.79 0
      vertex 16.95 57.79 0
    endloop
  endfacet
  facet normal 0 0 -1
    outer loop
      vertex 67.45 57.79 0
      vertex 5 76 0
      vertex 110 76 0
    endloop
  endfacet
  facet normal 0 0 -1
    outer loop
      vertex 0 71 0
      vertex 16.95 18.89 0
      vertex 0 5 0
    endloop
  endfacet
  facet normal 0 0 -1
    outer loop
      vertex 0 5 0
      vertex 5 0 0
      vertex 4.34737 0.0427704 0
    endloop
  endfacet
  facet normal 0 0 -1
    outer loop
      vertex 16.95 18.89 0
      vertex 0 71 0
      vertex 16.95 57.79 0
    endloop
  endfacet
  facet normal 0 0 -1
    outer loop
      vertex 0 5 0
      vertex 4.34737 0.0427704 0
      vertex 3.7059 0.170364 0
    endloop
  endfacet
  facet normal 0 0 -1
    outer loop
      vertex 16.95 57.79 0
      vertex 0 71 0
      vertex 5 76 0
    endloop
  endfacet
  facet normal 0 0 -1
    outer loop
      vertex 0 5 0
      vertex 3.7059 0.170364 0
      vertex 3.08658 0.3806 0
    endloop
  endfacet
  facet normal 0 0 -1
    outer loop
      vertex 5 76 0
      vertex 0 71 0
      vertex 4.34737 75.9572 0
    endloop
  endfacet
  facet normal 0 0 -1
    outer loop
      vertex 0 5 0
      vertex 3.08658 0.3806 0
      vertex 2.5 0.669861 0
    endloop
  endfacet
  facet normal 0 0 -1
    outer loop
      vertex 4.34737 75.9572 0
      vertex 0 71 0
      vertex 3.7059 75.8296 0
    endloop
  endfacet
  facet normal 0 0 -1
    outer loop
      vertex 0 5 0
      vertex 2.5 0.669861 0
      vertex 1.95619 1.03322 0
    endloop
  endfacet
  facet normal 0 0 -1
    outer loop
      vertex 3.7059 75.8296 0
      vertex 0 71 0
      vertex 3.08658 75.6194 0
    endloop
  endfacet
  facet normal 0 0 -1
    outer loop
      vertex 0 5 0
      vertex 1.95619 1.03322 0
      vertex 1.46446 1.46446 0
    endloop
  endfacet
  facet normal 0 0 -1
    outer loop
      vertex 3.08658 75.6194 0
      vertex 0 71 0
      vertex 2.5 75.3301 0
    endloop
  endfacet
  facet normal 0 0 -1
    outer loop
      vertex 0 5 0
      vertex 1.46446 1.46446 0
      vertex 1.03322 1.95619 0
    endloop
  endfacet
  facet normal 0 0 -1
    outer loop
      vertex 2.5 75.3301 0
      vertex 0 71 0
      vertex 1.95619 74.9668 0
    endloop
  endfacet
  facet normal 0 0 -1
    outer loop
      vertex 0 5 0
      vertex 1.03322 1.95619 0
      vertex 0.669861 2.5 0
    endloop
  endfacet
  facet normal 0 0 -1
    outer loop
      vertex 1.95619 74.9668 0
      vertex 0 71 0
      vertex 1.46446 74.5355 0
    endloop
  endfacet
  facet normal 0 0 -1
    outer loop
      vertex 0 5 0
      vertex 0.669861 2.5 0
      vertex 0.3806 3.08658 0
    endloop
  endfacet
  facet normal 0 0 -1
    outer loop
      vertex 1.46446 74.5355 0
      vertex 0 71 0
      vertex 1.03322 74.0438 0
    endloop
  endfacet
  facet normal 0 0 -1
    outer loop
      vertex 0 5 0
      vertex 0.3806 3.08658 0
      vertex 0.170364 3.7059 0
    endloop
  endfacet
  facet normal 0 0 -1
    outer loop
      vertex 1.03322 74.0438 0
      vertex 0 71 0
      vertex 0.669861 73.5 0
    endloop
  endfacet
  facet normal 0 0 -1
    outer loop
      vertex 0 5 0
      vertex 0.170364 3.7059 0
      vertex 0.0427704 4.34737 0
    endloop
  endfacet
  facet normal 0 0 -1
    outer loop
      vertex 0.669861 73.5 0
      vertex 0 71 0
      vertex 0.3806 72.9134 0
    endloop
  endfacet
  facet normal 0 0 -1
    outer loop
      vertex 0.3806 72.9134 0
      vertex 0 71 0
      vertex 0.170364 72.2941 0
    endloop
  endfacet
  facet normal 0 0 -1
    outer loop
      vertex 0.170364 72.2941 0
      vertex 0 71 0
      vertex 0.0427704 71.6526 0
    endloop
  endfacet
  facet normal 0.0653583 -0.997862 0
    outer loop
      vertex 110 0 0
      vertex 110.653 0.0427704 7.5
      vertex 110 0 7.5
    endloop
  endfacet
  facet normal 0.0653583 -0.997862 0
    outer loop
      vertex 110.653 0.0427704 7.5
      vertex 110 0 0
      vertex 110.653 0.0427704 0
    endloop
  endfacet
  facet normal -0.896878 -0.442279 0
    outer loop
      vertex 0.669861 2.5 0
      vertex 0.3806 3.08658 7.5
      vertex 0.3806 3.08658 0
    endloop
  endfacet
  facet normal -0.896878 -0.442279 0
    outer loop
      vertex 0.3806 3.08658 7.5
      vertex 0.669861 2.5 0
      vertex 0.669861 2.5 7.5
    endloop
  endfacet
  facet normal -0.831472 -0.555567 0
    outer loop
      vertex 1.03322 1.95619 0
      vertex 0.669861 2.5 7.5
      vertex 0.669861 2.5 0
    endloop
  endfacet
  facet normal -0.831472 -0.555567 0
    outer loop
      vertex 0.669861 2.5 7.5
      vertex 1.03322 1.95619 0
      vertex 1.03322 1.95619 7.5
    endloop
  endfacet
  facet normal -0.442279 -0.896878 0
    outer loop
      vertex 2.5 0.669861 0
      vertex 3.08658 0.3806 7.5
      vertex 2.5 0.669861 7.5
    endloop
  endfacet
  facet normal -0.442279 -0.896878 -0
    outer loop
      vertex 3.08658 0.3806 7.5
      vertex 2.5 0.669861 0
      vertex 3.08658 0.3806 0
    endloop
  endfacet
  facet normal 0.752018 -0.659142 0
    outer loop
      vertex 113.536 1.46446 7.5
      vertex 113.967 1.95619 0
      vertex 113.967 1.95619 7.5
    endloop
  endfacet
  facet normal 0.752018 -0.659142 0
    outer loop
      vertex 113.967 1.95619 0
      vertex 113.536 1.46446 7.5
      vertex 113.536 1.46446 0
    endloop
  endfacet
  facet normal 0.55537 0.831603 -0
    outer loop
      vertex 113.044 74.9668 0
      vertex 112.5 75.3301 7.5
      vertex 113.044 74.9668 7.5
    endloop
  endfacet
  facet normal 0.55537 0.831603 0
    outer loop
      vertex 112.5 75.3301 7.5
      vertex 113.044 74.9668 0
      vertex 112.5 75.3301 0
    endloop
  endfacet
  facet normal -0.195096 0.980784 0
    outer loop
      vertex 4.34737 75.9572 0
      vertex 3.7059 75.8296 7.5
      vertex 4.34737 75.9572 7.5
    endloop
  endfacet
  facet normal -0.195096 0.980784 0
    outer loop
      vertex 3.7059 75.8296 7.5
      vertex 4.34737 75.9572 0
      vertex 3.7059 75.8296 0
    endloop
  endfacet
  facet normal 0.897042 0.441945 0
    outer loop
      vertex 114.619 72.9134 7.5
      vertex 114.33 73.5 0
      vertex 114.33 73.5 7.5
    endloop
  endfacet
  facet normal 0.897042 0.441945 0
    outer loop
      vertex 114.33 73.5 0
      vertex 114.619 72.9134 7.5
      vertex 114.619 72.9134 0
    endloop
  endfacet
  facet normal -0.555567 -0.831472 0
    outer loop
      vertex 1.95619 1.03322 0
      vertex 2.5 0.669861 7.5
      vertex 1.95619 1.03322 7.5
    endloop
  endfacet
  facet normal -0.555567 -0.831472 -0
    outer loop
      vertex 2.5 0.669861 7.5
      vertex 1.95619 1.03322 0
      vertex 2.5 0.669861 0
    endloop
  endfacet
  facet normal 0.659145 -0.752016 0
    outer loop
      vertex 113.044 1.03322 0
      vertex 113.536 1.46446 7.5
      vertex 113.044 1.03322 7.5
    endloop
  endfacet
  facet normal 0.659145 -0.752016 0
    outer loop
      vertex 113.536 1.46446 7.5
      vertex 113.044 1.03322 0
      vertex 113.536 1.46446 0
    endloop
  endfacet
  facet normal 0.442072 0.89698 -0
    outer loop
      vertex 112.5 75.3301 0
      vertex 111.913 75.6194 7.5
      vertex 112.5 75.3301 7.5
    endloop
  endfacet
  facet normal 0.442072 0.89698 0
    outer loop
      vertex 111.913 75.6194 7.5
      vertex 112.5 75.3301 0
      vertex 111.913 75.6194 0
    endloop
  endfacet
  facet normal 0.946569 0.322503 0
    outer loop
      vertex 114.83 72.2941 7.5
      vertex 114.619 72.9134 0
      vertex 114.619 72.9134 7.5
    endloop
  endfacet
  facet normal 0.946569 0.322503 0
    outer loop
      vertex 114.619 72.9134 0
      vertex 114.83 72.2941 7.5
      vertex 114.83 72.2941 0
    endloop
  endfacet
  facet normal -0.555504 0.831514 0
    outer loop
      vertex 2.5 75.3301 0
      vertex 1.95619 74.9668 7.5
      vertex 2.5 75.3301 7.5
    endloop
  endfacet
  facet normal -0.555504 0.831514 0
    outer loop
      vertex 1.95619 74.9668 7.5
      vertex 2.5 75.3301 0
      vertex 1.95619 74.9668 0
    endloop
  endfacet
  facet normal 0.659197 0.75197 -0
    outer loop
      vertex 113.536 74.5355 0
      vertex 113.044 74.9668 7.5
      vertex 113.536 74.5355 7.5
    endloop
  endfacet
  facet normal 0.659197 0.75197 0
    outer loop
      vertex 113.044 74.9668 7.5
      vertex 113.536 74.5355 0
      vertex 113.044 74.9668 0
    endloop
  endfacet
  facet normal -0.751817 0.659372 0
    outer loop
      vertex 1.03322 74.0438 0
      vertex 1.46446 74.5355 7.5
      vertex 1.46446 74.5355 0
    endloop
  endfacet
  facet normal -0.751817 0.659372 0
    outer loop
      vertex 1.46446 74.5355 7.5
      vertex 1.03322 74.0438 0
      vertex 1.03322 74.0438 7.5
    endloop
  endfacet
  facet normal 1 -0 0
    outer loop
      vertex 2.4 7.72442 7.5
      vertex 2.4 68.2756 2
      vertex 2.4 68.2756 7.5
    endloop
  endfacet
  facet normal 1 0 0
    outer loop
      vertex 2.4 68.2756 2
      vertex 2.4 7.72442 7.5
      vertex 2.4 7.72442 2
    endloop
  endfacet
  facet normal -0.660362 0.750947 0
    outer loop
      vertex 111.838 3.16152 2
      vertex 111.583 2.93728 7.5
      vertex 111.838 3.16152 7.5
    endloop
  endfacet
  facet normal -0.660362 0.750947 0
    outer loop
      vertex 111.583 2.93728 7.5
      vertex 111.838 3.16152 2
      vertex 111.583 2.93728 2
    endloop
  endfacet
  facet normal 0.555889 -0.831257 0
    outer loop
      vertex 3.41721 73.0627 2
      vertex 3.50753 73.1231 7.5
      vertex 3.41721 73.0627 7.5
    endloop
  endfacet
  facet normal 0.555889 -0.831257 0
    outer loop
      vertex 3.50753 73.1231 7.5
      vertex 3.41721 73.0627 2
      vertex 3.50753 73.1231 2
    endloop
  endfacet
  facet normal 0 -1 0
    outer loop
      vertex 7.72443 73.6 2
      vertex 107.276 73.6 7.5
      vertex 7.72443 73.6 7.5
    endloop
  endfacet
  facet normal 0 -1 -0
    outer loop
      vertex 107.276 73.6 7.5
      vertex 7.72443 73.6 2
      vertex 107.276 73.6 2
    endloop
  endfacet
  facet normal 0.751831 0.659356 0
    outer loop
      vertex 3.16152 3.16152 7.5
      vertex 2.93728 3.41721 2
      vertex 2.93728 3.41721 7.5
    endloop
  endfacet
  facet normal 0.751831 0.659356 0
    outer loop
      vertex 2.93728 3.41721 2
      vertex 3.16152 3.16152 7.5
      vertex 3.16152 3.16152 2
    endloop
  endfacet
  facet normal -1 0 0
    outer loop
      vertex 112.6 7.72443 2
      vertex 112.6 68.2756 7.5
      vertex 112.6 68.2756 2
    endloop
  endfacet
  facet normal -1 -0 0
    outer loop
      vertex 112.6 68.2756 7.5
      vertex 112.6 7.72443 2
      vertex 112.6 7.72443 7.5
    endloop
  endfacet
  facet normal 0 1 -0
    outer loop
      vertex 107.276 2.4 2
      vertex 7.72442 2.4 7.5
      vertex 107.276 2.4 7.5
    endloop
  endfacet
  facet normal 0 1 0
    outer loop
      vertex 7.72442 2.4 7.5
      vertex 107.276 2.4 2
      vertex 7.72442 2.4 2
    endloop
  endfacet
  facet normal 0.659289 -0.75189 0
    outer loop
      vertex 3.16152 72.8385 2
      vertex 3.41721 73.0627 7.5
      vertex 3.16152 72.8385 7.5
    endloop
  endfacet
  facet normal 0.659289 -0.75189 0
    outer loop
      vertex 3.41721 73.0627 7.5
      vertex 3.16152 72.8385 2
      vertex 3.41721 73.0627 2
    endloop
  endfacet
  facet normal 0.751844 -0.659341 0
    outer loop
      vertex 2.93728 72.5828 7.5
      vertex 3.16152 72.8385 2
      vertex 3.16152 72.8385 7.5
    endloop
  endfacet
  facet normal 0.751844 -0.659341 0
    outer loop
      vertex 3.16152 72.8385 2
      vertex 2.93728 72.5828 7.5
      vertex 2.93728 72.5828 2
    endloop
  endfacet
  facet normal -0.552754 0.833344 0
    outer loop
      vertex 111.583 2.93728 2
      vertex 111.492 2.87692 7.5
      vertex 111.583 2.93728 7.5
    endloop
  endfacet
  facet normal -0.552754 0.833344 0
    outer loop
      vertex 111.492 2.87692 7.5
      vertex 111.583 2.93728 2
      vertex 111.492 2.87692 2
    endloop
  endfacet
  facet normal 0.831654 -0.555294 0
    outer loop
      vertex 2.87692 72.4924 7.5
      vertex 2.93728 72.5828 2
      vertex 2.93728 72.5828 7.5
    endloop
  endfacet
  facet normal 0.831654 -0.555294 0
    outer loop
      vertex 2.93728 72.5828 2
      vertex 2.87692 72.4924 7.5
      vertex 2.87692 72.4924 2
    endloop
  endfacet
  facet normal -0.832901 -0.553422 0
    outer loop
      vertex 112.123 72.4925 2
      vertex 112.063 72.5828 7.5
      vertex 112.063 72.5828 2
    endloop
  endfacet
  facet normal -0.832901 -0.553422 0
    outer loop
      vertex 112.063 72.5828 7.5
      vertex 112.123 72.4925 2
      vertex 112.123 72.4925 7.5
    endloop
  endfacet
  facet normal -0.660296 -0.751006 0
    outer loop
      vertex 111.583 73.0627 2
      vertex 111.838 72.8385 7.5
      vertex 111.583 73.0627 7.5
    endloop
  endfacet
  facet normal -0.660296 -0.751006 -0
    outer loop
      vertex 111.838 72.8385 7.5
      vertex 111.583 73.0627 2
      vertex 111.838 72.8385 2
    endloop
  endfacet
  facet normal -0.556616 -0.83077 0
    outer loop
      vertex 111.493 73.123 2
      vertex 111.583 73.0627 7.5
      vertex 111.493 73.123 7.5
    endloop
  endfacet
  facet normal -0.556616 -0.83077 -0
    outer loop
      vertex 111.583 73.0627 7.5
      vertex 111.493 73.123 2
      vertex 111.583 73.0627 2
    endloop
  endfacet
  facet normal -0.750737 -0.660601 0
    outer loop
      vertex 112.063 72.5828 2
      vertex 111.838 72.8385 7.5
      vertex 111.838 72.8385 2
    endloop
  endfacet
  facet normal -0.750737 -0.660601 0
    outer loop
      vertex 111.838 72.8385 7.5
      vertex 112.063 72.5828 2
      vertex 112.063 72.5828 7.5
    endloop
  endfacet
  facet normal -0 0 1
    outer loop
      vertex 3.41721 73.0627 2
      vertex 3.17157 72.8284 2
      vertex 3.50753 73.1231 2
    endloop
  endfacet
  facet normal -0 0 1
    outer loop
      vertex 3.16152 72.8385 2
      vertex 3.17157 72.8284 2
      vertex 3.41721 73.0627 2
    endloop
  endfacet
  facet normal 0 0 1
    outer loop
      vertex 2.93728 72.5828 2
      vertex 3.17157 72.8284 2
      vertex 3.16152 72.8385 2
    endloop
  endfacet
  facet normal 0 0 1
    outer loop
      vertex 3.17157 72.8284 2
      vertex 2.93728 72.5828 2
      vertex 2.87692 72.4924 2
    endloop
  endfacet
  facet normal -0 0 1
    outer loop
      vertex 111.828 72.8284 2
      vertex 112.063 72.5828 2
      vertex 111.838 72.8385 2
    endloop
  endfacet
  facet normal 0 0 1
    outer loop
      vertex 112.063 72.5828 2
      vertex 111.828 72.8284 2
      vertex 112.123 72.4925 2
    endloop
  endfacet
  facet normal 0 0 1
    outer loop
      vertex 111.583 73.0627 2
      vertex 111.828 72.8284 2
      vertex 111.838 72.8385 2
    endloop
  endfacet
  facet normal 0 0 1
    outer loop
      vertex 111.828 72.8284 2
      vertex 111.583 73.0627 2
      vertex 111.493 73.123 2
    endloop
  endfacet
  facet normal 0 0 1
    outer loop
      vertex 111.828 3.17157 2
      vertex 112.063 3.41721 2
      vertex 112.123 3.50753 2
    endloop
  endfacet
  facet normal 0 0 1
    outer loop
      vertex 112.063 3.41721 2
      vertex 111.828 3.17157 2
      vertex 111.838 3.16152 2
    endloop
  endfacet
  facet normal 0 0 1
    outer loop
      vertex 111.828 3.17157 2
      vertex 111.583 2.93728 2
      vertex 111.838 3.16152 2
    endloop
  endfacet
  facet normal 0 -0 1
    outer loop
      vertex 111.583 2.93728 2
      vertex 111.828 3.17157 2
      vertex 111.492 2.87692 2
    endloop
  endfacet
  facet normal 0 0 1
    outer loop
      vertex 3.17157 3.17157 2
      vertex 3.41721 2.93728 2
      vertex 3.50762 2.87687 2
    endloop
  endfacet
  facet normal 0 0 1
    outer loop
      vertex 3.17157 3.17157 2
      vertex 3.16152 3.16152 2
      vertex 3.41721 2.93728 2
    endloop
  endfacet
  facet normal 0 0 1
    outer loop
      vertex 3.17157 3.17157 2
      vertex 2.93728 3.41721 2
      vertex 3.16152 3.16152 2
    endloop
  endfacet
  facet normal -0 -0 1
    outer loop
      vertex 2.93728 3.41721 2
      vertex 3.17157 3.17157 2
      vertex 2.87687 3.50762 2
    endloop
  endfacet
  facet normal 0 0 1
    outer loop
      vertex 12.488 12.0013 2
      vertex 9.96578 6.5221 2
      vertex 10 6 2
    endloop
  endfacet
  facet normal 0 0 1
    outer loop
      vertex 10.54 11.34 2
      vertex 9.8637 7.03528 2
      vertex 9.96578 6.5221 2
    endloop
  endfacet
  facet normal 0 0 1
    outer loop
      vertex 8.82843 8.82843 2
      vertex 10.1223 11.3674 2
      vertex 9.71178 11.449 2
    endloop
  endfacet
  facet normal 0 0 1
    outer loop
      vertex 10.54 11.34 2
      vertex 9.69552 7.53073 2
      vertex 9.8637 7.03528 2
    endloop
  endfacet
  facet normal 0 0 1
    outer loop
      vertex 10.54 11.34 2
      vertex 9.4641 8 2
      vertex 9.69552 7.53073 2
    endloop
  endfacet
  facet normal 0 0 1
    outer loop
      vertex 8.43505 9.17341 2
      vertex 9.71178 11.449 2
      vertex 9.31541 11.5836 2
    endloop
  endfacet
  facet normal 0 0 1
    outer loop
      vertex 10.54 11.34 2
      vertex 9.17341 8.43505 2
      vertex 9.4641 8 2
    endloop
  endfacet
  facet normal 0 0 1
    outer loop
      vertex 8 9.4641 2
      vertex 9.31541 11.5836 2
      vertex 8.94 11.7687 2
    endloop
  endfacet
  facet normal 0 0 1
    outer loop
      vertex 10.1223 11.3674 2
      vertex 8.82843 8.82843 2
      vertex 9.17341 8.43505 2
    endloop
  endfacet
  facet normal 0 0 1
    outer loop
      vertex 7.53073 9.69552 2
      vertex 8.94 11.7687 2
      vertex 8.59196 12.0013 2
    endloop
  endfacet
  facet normal 0 0 1
    outer loop
      vertex 9.71178 11.449 2
      vertex 8.43505 9.17341 2
      vertex 8.82843 8.82843 2
    endloop
  endfacet
  facet normal 0 0 1
    outer loop
      vertex 7.03528 9.8637 2
      vertex 8.59196 12.0013 2
      vertex 8.27726 12.2773 2
    endloop
  endfacet
  facet normal 0 0 1
    outer loop
      vertex 6.5221 9.96578 2
      vertex 8.27726 12.2773 2
      vertex 8.00127 12.592 2
    endloop
  endfacet
  facet normal 0 0 1
    outer loop
      vertex 9.31541 11.5836 2
      vertex 8 9.4641 2
      vertex 8.43505 9.17341 2
    endloop
  endfacet
  facet normal 0 0 1
    outer loop
      vertex 6.5221 9.96578 2
      vertex 8.00127 12.592 2
      vertex 7.76872 12.94 2
    endloop
  endfacet
  facet normal 0 0 1
    outer loop
      vertex 6 10 2
      vertex 7.76872 12.94 2
      vertex 7.58358 13.3154 2
    endloop
  endfacet
  facet normal 0 0 1
    outer loop
      vertex 8.94 11.7687 2
      vertex 7.53073 9.69552 2
      vertex 8 9.4641 2
    endloop
  endfacet
  facet normal 0 0 1
    outer loop
      vertex 5.47789 9.96578 2
      vertex 7.58358 13.3154 2
      vertex 7.44904 13.7118 2
    endloop
  endfacet
  facet normal 0 0 1
    outer loop
      vertex 4.96472 9.8637 2
      vertex 7.44904 13.7118 2
      vertex 7.36738 14.1223 2
    endloop
  endfacet
  facet normal 0 0 1
    outer loop
      vertex 4.46927 9.69552 2
      vertex 7.36738 14.1223 2
      vertex 7.34 14.54 2
    endloop
  endfacet
  facet normal 0 0 1
    outer loop
      vertex 8.59196 12.0013 2
      vertex 7.03528 9.8637 2
      vertex 7.53073 9.69552 2
    endloop
  endfacet
  facet normal 0 0 1
    outer loop
      vertex 7.36738 61.6203 2
      vertex 4 66.5359 2
      vertex 7.44904 61.2098 2
    endloop
  endfacet
  facet normal 0 0 1
    outer loop
      vertex 3.56495 66.8266 2
      vertex 7.44904 61.2098 2
      vertex 4 66.5359 2
    endloop
  endfacet
  facet normal 0 0 1
    outer loop
      vertex 8.27726 12.2773 2
      vertex 6.5221 9.96578 2
      vertex 7.03528 9.8637 2
    endloop
  endfacet
  facet normal 0 0 1
    outer loop
      vertex 7.44904 61.2098 2
      vertex 3.56495 66.8266 2
      vertex 7.58358 60.8134 2
    endloop
  endfacet
  facet normal 0 0 1
    outer loop
      vertex 7.76872 12.94 2
      vertex 6 10 2
      vertex 6.5221 9.96578 2
    endloop
  endfacet
  facet normal 0 0 1
    outer loop
      vertex 3.17157 67.1716 2
      vertex 7.58358 60.8134 2
      vertex 3.56495 66.8266 2
    endloop
  endfacet
  facet normal 0 0 1
    outer loop
      vertex 7.58358 13.3154 2
      vertex 5.47789 9.96578 2
      vertex 6 10 2
    endloop
  endfacet
  facet normal 0 0 1
    outer loop
      vertex 2.82659 67.565 2
      vertex 7.58358 60.8134 2
      vertex 3.17157 67.1716 2
    endloop
  endfacet
  facet normal 0 0 1
    outer loop
      vertex 7.44904 13.7118 2
      vertex 4.96472 9.8637 2
      vertex 5.47789 9.96578 2
    endloop
  endfacet
  facet normal 0 0 1
    outer loop
      vertex 7.58358 60.8134 2
      vertex 2.82659 67.565 2
      vertex 7.58358 15.7646 2
    endloop
  endfacet
  facet normal 0 0 1
    outer loop
      vertex 7.36738 14.1223 2
      vertex 4.46927 9.69552 2
      vertex 4.96472 9.8637 2
    endloop
  endfacet
  facet normal 0 0 1
    outer loop
      vertex 2.82659 8.43505 2
      vertex 7.58358 15.7646 2
      vertex 2.82659 67.565 2
    endloop
  endfacet
  facet normal 0 0 1
    outer loop
      vertex 7.34 14.54 2
      vertex 4 9.4641 2
      vertex 4.46927 9.69552 2
    endloop
  endfacet
  facet normal 0 -0 1
    outer loop
      vertex 3.17157 8.82843 2
      vertex 7.58358 15.7646 2
      vertex 2.82659 8.43505 2
    endloop
  endfacet
  facet normal 0 0 1
    outer loop
      vertex 7.36738 14.9577 2
      vertex 4 9.4641 2
      vertex 7.34 14.54 2
    endloop
  endfacet
  facet normal 0 0 1
    outer loop
      vertex 7.44904 15.3682 2
      vertex 3.56495 9.17341 2
      vertex 7.36738 14.9577 2
    endloop
  endfacet
  facet normal 0 -0 1
    outer loop
      vertex 4 9.4641 2
      vertex 7.36738 14.9577 2
      vertex 3.56495 9.17341 2
    endloop
  endfacet
  facet normal 0 0 1
    outer loop
      vertex 7.58358 15.7646 2
      vertex 3.17157 8.82843 2
      vertex 7.44904 15.3682 2
    endloop
  endfacet
  facet normal 0 -0 1
    outer loop
      vertex 3.56495 9.17341 2
      vertex 7.44904 15.3682 2
      vertex 3.17157 8.82843 2
    endloop
  endfacet
  facet normal 0 0 1
    outer loop
      vertex 2.5359 68 2
      vertex 2.82659 8.43505 2
      vertex 2.82659 67.565 2
    endloop
  endfacet
  facet normal 0 0 1
    outer loop
      vertex 2.5359 68 2
      vertex 2.5359 8 2
      vertex 2.82659 8.43505 2
    endloop
  endfacet
  facet normal 0 0 1
    outer loop
      vertex 2.4 68.2756 2
      vertex 2.5359 8 2
      vertex 2.5359 68 2
    endloop
  endfacet
  facet normal 0 0 1
    outer loop
      vertex 2.5359 8 2
      vertex 2.4 68.2756 2
      vertex 2.4 7.72442 2
    endloop
  endfacet
  facet normal -0 0 1
    outer loop
      vertex 13.4964 60.8134 2
      vertex 16.95 57.79 2
      vertex 13.631 61.2098 2
    endloop
  endfacet
  facet normal 0 0 1
    outer loop
      vertex 16.95 18.89 2
      vertex 13.7126 14.9577 2
      vertex 13.74 14.54 2
    endloop
  endfacet
  facet normal -0 0 1
    outer loop
      vertex 13.3113 60.438 2
      vertex 16.95 57.79 2
      vertex 13.4964 60.8134 2
    endloop
  endfacet
  facet normal 0 0 1
    outer loop
      vertex 16.95 18.89 2
      vertex 13.631 15.3682 2
      vertex 13.7126 14.9577 2
    endloop
  endfacet
  facet normal -0 0 1
    outer loop
      vertex 13.0787 60.09 2
      vertex 16.95 57.79 2
      vertex 13.3113 60.438 2
    endloop
  endfacet
  facet normal 0 0 1
    outer loop
      vertex 16.95 18.89 2
      vertex 13.4964 15.7646 2
      vertex 13.631 15.3682 2
    endloop
  endfacet
  facet normal -0 0 1
    outer loop
      vertex 12.8027 59.7753 2
      vertex 16.95 57.79 2
      vertex 13.0787 60.09 2
    endloop
  endfacet
  facet normal 0 0 1
    outer loop
      vertex 16.95 18.89 2
      vertex 13.3113 16.14 2
      vertex 13.4964 15.7646 2
    endloop
  endfacet
  facet normal -0 0 1
    outer loop
      vertex 12.488 59.4993 2
      vertex 16.95 57.79 2
      vertex 12.8027 59.7753 2
    endloop
  endfacet
  facet normal 0 0 1
    outer loop
      vertex 16.95 18.89 2
      vertex 13.0787 16.488 2
      vertex 13.3113 16.14 2
    endloop
  endfacet
  facet normal -0 0 1
    outer loop
      vertex 12.14 59.2667 2
      vertex 16.95 57.79 2
      vertex 12.488 59.4993 2
    endloop
  endfacet
  facet normal 0 0 1
    outer loop
      vertex 16.95 18.89 2
      vertex 12.8027 16.8027 2
      vertex 13.0787 16.488 2
    endloop
  endfacet
  facet normal -0 0 1
    outer loop
      vertex 11.7646 59.0816 2
      vertex 16.95 57.79 2
      vertex 12.14 59.2667 2
    endloop
  endfacet
  facet normal 0 0 1
    outer loop
      vertex 16.95 18.89 2
      vertex 12.488 17.0787 2
      vertex 12.8027 16.8027 2
    endloop
  endfacet
  facet normal -0 0 1
    outer loop
      vertex 11.3682 58.947 2
      vertex 16.95 57.79 2
      vertex 11.7646 59.0816 2
    endloop
  endfacet
  facet normal 0 0 1
    outer loop
      vertex 16.95 18.89 2
      vertex 12.14 17.3113 2
      vertex 12.488 17.0787 2
    endloop
  endfacet
  facet normal -0 0 1
    outer loop
      vertex 10.9577 58.8654 2
      vertex 16.95 57.79 2
      vertex 11.3682 58.947 2
    endloop
  endfacet
  facet normal 0 0 1
    outer loop
      vertex 16.95 18.89 2
      vertex 11.7646 17.4964 2
      vertex 12.14 17.3113 2
    endloop
  endfacet
  facet normal -0 0 1
    outer loop
      vertex 10.54 58.838 2
      vertex 16.95 57.79 2
      vertex 10.9577 58.8654 2
    endloop
  endfacet
  facet normal 0 0 1
    outer loop
      vertex 16.95 18.89 2
      vertex 11.3682 17.631 2
      vertex 11.7646 17.4964 2
    endloop
  endfacet
  facet normal 0 0 1
    outer loop
      vertex 16.95 57.79 2
      vertex 10.54 58.838 2
      vertex 16.95 18.89 2
    endloop
  endfacet
  facet normal 0 0 1
    outer loop
      vertex 16.95 18.89 2
      vertex 10.9577 17.7126 2
      vertex 11.3682 17.631 2
    endloop
  endfacet
  facet normal 0 0 1
    outer loop
      vertex 10.54 17.74 2
      vertex 16.95 18.89 2
      vertex 10.54 58.838 2
    endloop
  endfacet
  facet normal 0 0 1
    outer loop
      vertex 16.95 18.89 2
      vertex 10.54 17.74 2
      vertex 10.9577 17.7126 2
    endloop
  endfacet
  facet normal 0 0 1
    outer loop
      vertex 10.1223 58.8654 2
      vertex 10.54 17.74 2
      vertex 10.54 58.838 2
    endloop
  endfacet
  facet normal 0 0 1
    outer loop
      vertex 10.1223 58.8654 2
      vertex 10.1223 17.7126 2
      vertex 10.54 17.74 2
    endloop
  endfacet
  facet normal 0 0 1
    outer loop
      vertex 9.71178 58.947 2
      vertex 10.1223 17.7126 2
      vertex 10.1223 58.8654 2
    endloop
  endfacet
  facet normal 0 0 1
    outer loop
      vertex 9.71178 58.947 2
      vertex 9.71178 17.631 2
      vertex 10.1223 17.7126 2
    endloop
  endfacet
  facet normal 0 0 1
    outer loop
      vertex 9.31541 59.0816 2
      vertex 9.71178 17.631 2
      vertex 9.71178 58.947 2
    endloop
  endfacet
  facet normal 0 0 1
    outer loop
      vertex 9.31541 59.0816 2
      vertex 9.31541 17.4964 2
      vertex 9.71178 17.631 2
    endloop
  endfacet
  facet normal 0 0 1
    outer loop
      vertex 8.94 59.2667 2
      vertex 9.31541 17.4964 2
      vertex 9.31541 59.0816 2
    endloop
  endfacet
  facet normal 0 0 1
    outer loop
      vertex 8.94 59.2667 2
      vertex 8.94 17.3113 2
      vertex 9.31541 17.4964 2
    endloop
  endfacet
  facet normal 0 0 1
    outer loop
      vertex 8.59196 59.4993 2
      vertex 8.94 17.3113 2
      vertex 8.94 59.2667 2
    endloop
  endfacet
  facet normal 0 0 1
    outer loop
      vertex 8.59196 59.4993 2
      vertex 8.59196 17.0787 2
      vertex 8.94 17.3113 2
    endloop
  endfacet
  facet normal 0 0 1
    outer loop
      vertex 8.27726 59.7753 2
      vertex 8.59196 17.0787 2
      vertex 8.59196 59.4993 2
    endloop
  endfacet
  facet normal 0 0 1
    outer loop
      vertex 8.27726 59.7753 2
      vertex 8.27726 16.8027 2
      vertex 8.59196 17.0787 2
    endloop
  endfacet
  facet normal 0 0 1
    outer loop
      vertex 8.00127 60.09 2
      vertex 8.27726 16.8027 2
      vertex 8.27726 59.7753 2
    endloop
  endfacet
  facet normal 0 0 1
    outer loop
      vertex 8.00127 60.09 2
      vertex 8.00127 16.488 2
      vertex 8.27726 16.8027 2
    endloop
  endfacet
  facet normal 0 0 1
    outer loop
      vertex 7.76872 60.438 2
      vertex 8.00127 16.488 2
      vertex 8.00127 60.09 2
    endloop
  endfacet
  facet normal 0 0 1
    outer loop
      vertex 7.76872 60.438 2
      vertex 7.76872 16.14 2
      vertex 8.00127 16.488 2
    endloop
  endfacet
  facet normal 0 0 1
    outer loop
      vertex 7.58358 60.8134 2
      vertex 7.76872 16.14 2
      vertex 7.76872 60.438 2
    endloop
  endfacet
  facet normal 0 0 1
    outer loop
      vertex 7.58358 60.8134 2
      vertex 7.58358 15.7646 2
      vertex 7.76872 16.14 2
    endloop
  endfacet
  facet normal 0 0 1
    outer loop
      vertex 7.34 62.038 2
      vertex 4.46927 66.3045 2
      vertex 7.36738 61.6203 2
    endloop
  endfacet
  facet normal 0 0 1
    outer loop
      vertex 4 66.5359 2
      vertex 7.36738 61.6203 2
      vertex 4.46927 66.3045 2
    endloop
  endfacet
  facet normal 0 0 1
    outer loop
      vertex 7.36738 62.4557 2
      vertex 4.96472 66.1363 2
      vertex 7.34 62.038 2
    endloop
  endfacet
  facet normal 0 0 1
    outer loop
      vertex 4.46927 66.3045 2
      vertex 7.34 62.038 2
      vertex 4.96472 66.1363 2
    endloop
  endfacet
  facet normal 0 0 1
    outer loop
      vertex 4.96472 66.1363 2
      vertex 7.44904 62.8662 2
      vertex 5.47789 66.0342 2
    endloop
  endfacet
  facet normal 0 0 1
    outer loop
      vertex 7.44904 62.8662 2
      vertex 4.96472 66.1363 2
      vertex 7.36738 62.4557 2
    endloop
  endfacet
  facet normal 0 0 1
    outer loop
      vertex 11.3682 65.129 2
      vertex 9.69552 68.4693 2
      vertex 10.9577 65.2106 2
    endloop
  endfacet
  facet normal -0 0 1
    outer loop
      vertex 9.4641 68 2
      vertex 10.9577 65.2106 2
      vertex 9.69552 68.4693 2
    endloop
  endfacet
  facet normal 0 0 1
    outer loop
      vertex 10.9577 65.2106 2
      vertex 9.4641 68 2
      vertex 10.54 65.238 2
    endloop
  endfacet
  facet normal -0 0 1
    outer loop
      vertex 9.17341 67.565 2
      vertex 10.54 65.238 2
      vertex 9.4641 68 2
    endloop
  endfacet
  facet normal 0 0 1
    outer loop
      vertex 10.54 65.238 2
      vertex 9.17341 67.565 2
      vertex 10.1223 65.2106 2
    endloop
  endfacet
  facet normal -0 0 1
    outer loop
      vertex 8.82843 67.1716 2
      vertex 10.1223 65.2106 2
      vertex 9.17341 67.565 2
    endloop
  endfacet
  facet normal 0 0 1
    outer loop
      vertex 10.1223 65.2106 2
      vertex 8.82843 67.1716 2
      vertex 9.71178 65.129 2
    endloop
  endfacet
  facet normal -0 0 1
    outer loop
      vertex 8.43505 66.8266 2
      vertex 9.71178 65.129 2
      vertex 8.82843 67.1716 2
    endloop
  endfacet
  facet normal 0 0 1
    outer loop
      vertex 9.71178 65.129 2
      vertex 8.43505 66.8266 2
      vertex 9.31541 64.9944 2
    endloop
  endfacet
  facet normal -0 0 1
    outer loop
      vertex 8 66.5359 2
      vertex 9.31541 64.9944 2
      vertex 8.43505 66.8266 2
    endloop
  endfacet
  facet normal 0 0 1
    outer loop
      vertex 9.31541 64.9944 2
      vertex 8 66.5359 2
      vertex 8.94 64.8093 2
    endloop
  endfacet
  facet normal 0 0 1
    outer loop
      vertex 8.94 64.8093 2
      vertex 8 66.5359 2
      vertex 8.59196 64.5767 2
    endloop
  endfacet
  facet normal -0 0 1
    outer loop
      vertex 7.53073 66.3045 2
      vertex 8.59196 64.5767 2
      vertex 8 66.5359 2
    endloop
  endfacet
  facet normal 0 0 1
    outer loop
      vertex 8.59196 64.5767 2
      vertex 7.53073 66.3045 2
      vertex 8.27726 64.3007 2
    endloop
  endfacet
  facet normal -0 0 1
    outer loop
      vertex 7.03528 66.1363 2
      vertex 8.27726 64.3007 2
      vertex 7.53073 66.3045 2
    endloop
  endfacet
  facet normal 0 0 1
    outer loop
      vertex 8.27726 64.3007 2
      vertex 7.03528 66.1363 2
      vertex 8.00127 63.986 2
    endloop
  endfacet
  facet normal -0 0 1
    outer loop
      vertex 6.5221 66.0342 2
      vertex 8.00127 63.986 2
      vertex 7.03528 66.1363 2
    endloop
  endfacet
  facet normal 0 0 1
    outer loop
      vertex 8.00127 63.986 2
      vertex 6.5221 66.0342 2
      vertex 7.76872 63.638 2
    endloop
  endfacet
  facet normal -0 0 1
    outer loop
      vertex 6 66 2
      vertex 7.76872 63.638 2
      vertex 6.5221 66.0342 2
    endloop
  endfacet
  facet normal 0 0 1
    outer loop
      vertex 7.76872 63.638 2
      vertex 6 66 2
      vertex 7.58358 63.2626 2
    endloop
  endfacet
  facet normal 0 0 1
    outer loop
      vertex 7.58358 63.2626 2
      vertex 5.47789 66.0342 2
      vertex 7.44904 62.8662 2
    endloop
  endfacet
  facet normal 0 0 1
    outer loop
      vertex 5.47789 66.0342 2
      vertex 7.58358 63.2626 2
      vertex 6 66 2
    endloop
  endfacet
  facet normal 0 0 1
    outer loop
      vertex 91.3837 40.6163 2
      vertex 72.178 59.4993 2
      vertex 91.0646 40.2524 2
    endloop
  endfacet
  facet normal 0 0 1
    outer loop
      vertex 90.3 38 2
      vertex 73.4026 14.9577 2
      vertex 73.43 14.54 2
    endloop
  endfacet
  facet normal -0 0 1
    outer loop
      vertex 71.83 59.2667 2
      vertex 91.0646 40.2524 2
      vertex 72.178 59.4993 2
    endloop
  endfacet
  facet normal 0 0 1
    outer loop
      vertex 90.3 38 2
      vertex 73.321 15.3682 2
      vertex 73.4026 14.9577 2
    endloop
  endfacet
  facet normal 0 0 1
    outer loop
      vertex 91.0646 40.2524 2
      vertex 71.83 59.2667 2
      vertex 90.7957 39.85 2
    endloop
  endfacet
  facet normal 0 0 1
    outer loop
      vertex 90.3 38 2
      vertex 73.1864 15.7646 2
      vertex 73.321 15.3682 2
    endloop
  endfacet
  facet normal -0 0 1
    outer loop
      vertex 71.4546 59.0816 2
      vertex 90.7957 39.85 2
      vertex 71.83 59.2667 2
    endloop
  endfacet
  facet normal 0 0 1
    outer loop
      vertex 90.3 38 2
      vertex 73.0013 16.14 2
      vertex 73.1864 15.7646 2
    endloop
  endfacet
  facet normal 0 0 1
    outer loop
      vertex 90.7957 39.85 2
      vertex 71.4546 59.0816 2
      vertex 90.5816 39.4159 2
    endloop
  endfacet
  facet normal 0 0 1
    outer loop
      vertex 90.3 38 2
      vertex 72.7687 16.488 2
      vertex 73.0013 16.14 2
    endloop
  endfacet
  facet normal -0 0 1
    outer loop
      vertex 71.0582 58.947 2
      vertex 90.5816 39.4159 2
      vertex 71.4546 59.0816 2
    endloop
  endfacet
  facet normal 0 0 1
    outer loop
      vertex 90.3 38 2
      vertex 72.4927 16.8027 2
      vertex 72.7687 16.488 2
    endloop
  endfacet
  facet normal 0 0 1
    outer loop
      vertex 90.5816 39.4159 2
      vertex 71.0582 58.947 2
      vertex 90.4261 38.9576 2
    endloop
  endfacet
  facet normal 0 0 1
    outer loop
      vertex 90.3 38 2
      vertex 72.178 17.0787 2
      vertex 72.4927 16.8027 2
    endloop
  endfacet
  facet normal -0 0 1
    outer loop
      vertex 67.45 57.79 2
      vertex 90.4261 38.9576 2
      vertex 71.0582 58.947 2
    endloop
  endfacet
  facet normal 0 0 1
    outer loop
      vertex 90.3 38 2
      vertex 71.83 17.3113 2
      vertex 72.178 17.0787 2
    endloop
  endfacet
  facet normal 0 0 1
    outer loop
      vertex 90.4261 38.9576 2
      vertex 67.45 57.79 2
      vertex 90.3316 38.4829 2
    endloop
  endfacet
  facet normal 0 0 1
    outer loop
      vertex 90.3 38 2
      vertex 71.4546 17.4964 2
      vertex 71.83 17.3113 2
    endloop
  endfacet
  facet normal 0 0 1
    outer loop
      vertex 90.3316 38.4829 2
      vertex 67.45 57.79 2
      vertex 90.3 38 2
    endloop
  endfacet
  facet normal 0 0 1
    outer loop
      vertex 90.3 38 2
      vertex 71.0582 17.631 2
      vertex 71.4546 17.4964 2
    endloop
  endfacet
  facet normal 0 0 1
    outer loop
      vertex 67.45 57.79 2
      vertex 71.0582 58.947 2
      vertex 70.6477 58.8654 2
    endloop
  endfacet
  facet normal 0 0 1
    outer loop
      vertex 90.3 38 2
      vertex 67.45 18.89 2
      vertex 71.0582 17.631 2
    endloop
  endfacet
  facet normal 0 0 1
    outer loop
      vertex 67.45 57.79 2
      vertex 70.6477 58.8654 2
      vertex 70.23 58.838 2
    endloop
  endfacet
  facet normal 0 0 1
    outer loop
      vertex 71.0582 17.631 2
      vertex 67.45 18.89 2
      vertex 70.6477 17.7126 2
    endloop
  endfacet
  facet normal 0 0 1
    outer loop
      vertex 67.45 57.79 2
      vertex 70.23 58.838 2
      vertex 69.8123 58.8654 2
    endloop
  endfacet
  facet normal 0 0 1
    outer loop
      vertex 90.3 38 2
      vertex 67.45 57.79 2
      vertex 67.45 18.89 2
    endloop
  endfacet
  facet normal 0 0 1
    outer loop
      vertex 67.45 57.79 2
      vertex 69.8123 58.8654 2
      vertex 69.4018 58.947 2
    endloop
  endfacet
  facet normal 0 0 1
    outer loop
      vertex 70.6477 17.7126 2
      vertex 67.45 18.89 2
      vertex 70.23 17.74 2
    endloop
  endfacet
  facet normal 0 0 1
    outer loop
      vertex 67.45 57.79 2
      vertex 69.4018 58.947 2
      vertex 69.0054 59.0816 2
    endloop
  endfacet
  facet normal 0 0 1
    outer loop
      vertex 70.23 17.74 2
      vertex 67.45 18.89 2
      vertex 69.8123 17.7126 2
    endloop
  endfacet
  facet normal 0 0 1
    outer loop
      vertex 67.45 57.79 2
      vertex 69.0054 59.0816 2
      vertex 68.63 59.2667 2
    endloop
  endfacet
  facet normal 0 0 1
    outer loop
      vertex 69.8123 17.7126 2
      vertex 67.45 18.89 2
      vertex 69.4018 17.631 2
    endloop
  endfacet
  facet normal 0 0 1
    outer loop
      vertex 67.45 57.79 2
      vertex 68.63 59.2667 2
      vertex 68.282 59.4993 2
    endloop
  endfacet
  facet normal 0 0 1
    outer loop
      vertex 69.4018 17.631 2
      vertex 67.45 18.89 2
      vertex 69.0054 17.4964 2
    endloop
  endfacet
  facet normal 0 0 1
    outer loop
      vertex 67.45 57.79 2
      vertex 68.282 59.4993 2
      vertex 67.9673 59.7753 2
    endloop
  endfacet
  facet normal 0 0 1
    outer loop
      vertex 69.0054 17.4964 2
      vertex 67.45 18.89 2
      vertex 68.63 17.3113 2
    endloop
  endfacet
  facet normal 0 0 1
    outer loop
      vertex 67.45 57.79 2
      vertex 67.9673 59.7753 2
      vertex 67.6913 60.09 2
    endloop
  endfacet
  facet normal 0 0 1
    outer loop
      vertex 68.63 17.3113 2
      vertex 67.45 18.89 2
      vertex 68.282 17.0787 2
    endloop
  endfacet
  facet normal 0 0 1
    outer loop
      vertex 67.45 57.79 2
      vertex 67.6913 60.09 2
      vertex 67.4587 60.438 2
    endloop
  endfacet
  facet normal 0 0 1
    outer loop
      vertex 68.282 17.0787 2
      vertex 67.45 18.89 2
      vertex 67.9673 16.8027 2
    endloop
  endfacet
  facet normal 0 0 1
    outer loop
      vertex 67.9673 16.8027 2
      vertex 67.45 18.89 2
      vertex 67.6913 16.488 2
    endloop
  endfacet
  facet normal 0 0 1
    outer loop
      vertex 67.2736 60.8134 2
      vertex 67.45 57.79 2
      vertex 67.4587 60.438 2
    endloop
  endfacet
  facet normal 0 0 1
    outer loop
      vertex 67.139 61.2098 2
      vertex 67.45 57.79 2
      vertex 67.2736 60.8134 2
    endloop
  endfacet
  facet normal 0 0 1
    outer loop
      vertex 67.0574 61.6203 2
      vertex 67.45 57.79 2
      vertex 67.139 61.2098 2
    endloop
  endfacet
  facet normal 0 0 1
    outer loop
      vertex 67.0574 61.6203 2
      vertex 16.95 57.79 2
      vertex 67.45 57.79 2
    endloop
  endfacet
  facet normal 0 0 1
    outer loop
      vertex 16.95 57.79 2
      vertex 67.0574 61.6203 2
      vertex 67.03 62.038 2
    endloop
  endfacet
  facet normal -0 0 1
    outer loop
      vertex 95.4159 34.5816 2
      vertex 107.469 9.69552 2
      vertex 95.85 34.7957 2
    endloop
  endfacet
  facet normal 0 0 1
    outer loop
      vertex 73.0013 63.638 2
      vertex 105 70 2
      vertex 105.034 70.5221 2
    endloop
  endfacet
  facet normal 0 0 1
    outer loop
      vertex 72.7687 63.986 2
      vertex 105.034 70.5221 2
      vertex 105.136 71.0353 2
    endloop
  endfacet
  facet normal 0 0 1
    outer loop
      vertex 105.034 69.4779 2
      vertex 97.6683 38.4829 2
      vertex 97.7 38 2
    endloop
  endfacet
  facet normal 0 0 1
    outer loop
      vertex 105.034 69.4779 2
      vertex 97.5739 38.9576 2
      vertex 97.6683 38.4829 2
    endloop
  endfacet
  facet normal 0 0 1
    outer loop
      vertex 105.034 69.4779 2
      vertex 97.4184 39.4159 2
      vertex 97.5739 38.9576 2
    endloop
  endfacet
  facet normal 0 0 1
    outer loop
      vertex 105.034 69.4779 2
      vertex 97.2043 39.85 2
      vertex 97.4184 39.4159 2
    endloop
  endfacet
  facet normal 0 0 1
    outer loop
      vertex 105.034 69.4779 2
      vertex 96.9354 40.2524 2
      vertex 97.2043 39.85 2
    endloop
  endfacet
  facet normal 0 0 1
    outer loop
      vertex 105.034 69.4779 2
      vertex 96.6163 40.6163 2
      vertex 96.9354 40.2524 2
    endloop
  endfacet
  facet normal 0 0 1
    outer loop
      vertex 105.034 69.4779 2
      vertex 96.2524 40.9354 2
      vertex 96.6163 40.6163 2
    endloop
  endfacet
  facet normal 0 0 1
    outer loop
      vertex 105.034 69.4779 2
      vertex 95.85 41.2043 2
      vertex 96.2524 40.9354 2
    endloop
  endfacet
  facet normal 0 0 1
    outer loop
      vertex 105.034 69.4779 2
      vertex 95.4159 41.4184 2
      vertex 95.85 41.2043 2
    endloop
  endfacet
  facet normal 0 0 1
    outer loop
      vertex 105.034 69.4779 2
      vertex 94.9576 41.5739 2
      vertex 95.4159 41.4184 2
    endloop
  endfacet
  facet normal 0 0 1
    outer loop
      vertex 72.4927 64.3007 2
      vertex 105.136 71.0353 2
      vertex 105.304 71.5307 2
    endloop
  endfacet
  facet normal 0 0 1
    outer loop
      vertex 105.034 69.4779 2
      vertex 94.4829 41.6683 2
      vertex 94.9576 41.5739 2
    endloop
  endfacet
  facet normal 0 0 1
    outer loop
      vertex 105.034 69.4779 2
      vertex 94 41.7 2
      vertex 94.4829 41.6683 2
    endloop
  endfacet
  facet normal 0 0 1
    outer loop
      vertex 105.034 69.4779 2
      vertex 93.5171 41.6683 2
      vertex 94 41.7 2
    endloop
  endfacet
  facet normal 0 0 1
    outer loop
      vertex 73.4026 61.6203 2
      vertex 105.034 69.4779 2
      vertex 73.43 62.038 2
    endloop
  endfacet
  facet normal 0 0 1
    outer loop
      vertex 105.034 69.4779 2
      vertex 73.4026 61.6203 2
      vertex 93.5171 41.6683 2
    endloop
  endfacet
  facet normal 0 0 1
    outer loop
      vertex 93.5171 41.6683 2
      vertex 73.4026 61.6203 2
      vertex 93.0424 41.5739 2
    endloop
  endfacet
  facet normal -0 0 1
    outer loop
      vertex 73.321 61.2098 2
      vertex 93.0424 41.5739 2
      vertex 73.4026 61.6203 2
    endloop
  endfacet
  facet normal 0 0 1
    outer loop
      vertex 93.0424 41.5739 2
      vertex 73.321 61.2098 2
      vertex 92.5841 41.4184 2
    endloop
  endfacet
  facet normal -0 0 1
    outer loop
      vertex 73.1864 60.8134 2
      vertex 92.5841 41.4184 2
      vertex 73.321 61.2098 2
    endloop
  endfacet
  facet normal 0 0 1
    outer loop
      vertex 92.5841 41.4184 2
      vertex 73.1864 60.8134 2
      vertex 92.15 41.2043 2
    endloop
  endfacet
  facet normal -0 0 1
    outer loop
      vertex 73.0013 60.438 2
      vertex 92.15 41.2043 2
      vertex 73.1864 60.8134 2
    endloop
  endfacet
  facet normal 0 0 1
    outer loop
      vertex 91.7476 40.9354 2
      vertex 72.4927 59.7753 2
      vertex 91.3837 40.6163 2
    endloop
  endfacet
  facet normal -0 0 1
    outer loop
      vertex 72.4927 59.7753 2
      vertex 91.7476 40.9354 2
      vertex 72.7687 60.09 2
    endloop
  endfacet
  facet normal -0 0 1
    outer loop
      vertex 72.7687 60.09 2
      vertex 91.7476 40.9354 2
      vertex 73.0013 60.438 2
    endloop
  endfacet
  facet normal 0 0 1
    outer loop
      vertex 92.15 41.2043 2
      vertex 73.0013 60.438 2
      vertex 91.7476 40.9354 2
    endloop
  endfacet
  facet normal 0 0 1
    outer loop
      vertex 72.178 64.5767 2
      vertex 105.304 71.5307 2
      vertex 105.536 72 2
    endloop
  endfacet
  facet normal 0 0 1
    outer loop
      vertex 71.83 64.8093 2
      vertex 105.536 72 2
      vertex 105.827 72.435 2
    endloop
  endfacet
  facet normal 0 0 1
    outer loop
      vertex 71.4546 64.9944 2
      vertex 105.827 72.435 2
      vertex 106.172 72.8284 2
    endloop
  endfacet
  facet normal 0 0 1
    outer loop
      vertex 71.0582 65.129 2
      vertex 106.172 72.8284 2
      vertex 106.565 73.1734 2
    endloop
  endfacet
  facet normal 0 0 1
    outer loop
      vertex 70.6477 65.2106 2
      vertex 106.565 73.1734 2
      vertex 107 73.4641 2
    endloop
  endfacet
  facet normal 0 0 1
    outer loop
      vertex 70.23 65.238 2
      vertex 107 73.4641 2
      vertex 107.276 73.6 2
    endloop
  endfacet
  facet normal 0 0 1
    outer loop
      vertex 105.034 69.4779 2
      vertex 73.4026 62.4557 2
      vertex 73.43 62.038 2
    endloop
  endfacet
  facet normal 0 0 1
    outer loop
      vertex 105.034 69.4779 2
      vertex 73.321 62.8662 2
      vertex 73.4026 62.4557 2
    endloop
  endfacet
  facet normal 0 0 1
    outer loop
      vertex 105.034 69.4779 2
      vertex 73.1864 63.2626 2
      vertex 73.321 62.8662 2
    endloop
  endfacet
  facet normal 0 0 1
    outer loop
      vertex 105 70 2
      vertex 73.0013 63.638 2
      vertex 73.1864 63.2626 2
    endloop
  endfacet
  facet normal 0 0 1
    outer loop
      vertex 105.034 70.5221 2
      vertex 72.7687 63.986 2
      vertex 73.0013 63.638 2
    endloop
  endfacet
  facet normal 0 0 1
    outer loop
      vertex 105.136 71.0353 2
      vertex 72.4927 64.3007 2
      vertex 72.7687 63.986 2
    endloop
  endfacet
  facet normal 0 0 1
    outer loop
      vertex 105.304 71.5307 2
      vertex 72.178 64.5767 2
      vertex 72.4927 64.3007 2
    endloop
  endfacet
  facet normal 0 0 1
    outer loop
      vertex 105.536 72 2
      vertex 71.83 64.8093 2
      vertex 72.178 64.5767 2
    endloop
  endfacet
  facet normal 0 0 1
    outer loop
      vertex 105.827 72.435 2
      vertex 71.4546 64.9944 2
      vertex 71.83 64.8093 2
    endloop
  endfacet
  facet normal 0 0 1
    outer loop
      vertex 106.172 72.8284 2
      vertex 71.0582 65.129 2
      vertex 71.4546 64.9944 2
    endloop
  endfacet
  facet normal 0 0 1
    outer loop
      vertex 106.565 73.1734 2
      vertex 70.6477 65.2106 2
      vertex 71.0582 65.129 2
    endloop
  endfacet
  facet normal 0 0 1
    outer loop
      vertex 107 73.4641 2
      vertex 70.23 65.238 2
      vertex 70.6477 65.2106 2
    endloop
  endfacet
  facet normal 0 0 1
    outer loop
      vertex 107.276 73.6 2
      vertex 69.8123 65.2106 2
      vertex 70.23 65.238 2
    endloop
  endfacet
  facet normal -0 0 1
    outer loop
      vertex 7.72443 73.6 2
      vertex 69.8123 65.2106 2
      vertex 107.276 73.6 2
    endloop
  endfacet
  facet normal 0 0 1
    outer loop
      vertex 67.0574 62.4557 2
      vertex 16.95 57.79 2
      vertex 67.03 62.038 2
    endloop
  endfacet
  facet normal 0 0 1
    outer loop
      vertex 67.139 62.8662 2
      vertex 16.95 57.79 2
      vertex 67.0574 62.4557 2
    endloop
  endfacet
  facet normal 0 0 1
    outer loop
      vertex 67.2736 63.2626 2
      vertex 16.95 57.79 2
      vertex 67.139 62.8662 2
    endloop
  endfacet
  facet normal 0 0 1
    outer loop
      vertex 13.4964 63.2626 2
      vertex 67.2736 63.2626 2
      vertex 67.4587 63.638 2
    endloop
  endfacet
  facet normal 0 0 1
    outer loop
      vertex 9.8637 71.0353 2
      vertex 67.4587 63.638 2
      vertex 67.6913 63.986 2
    endloop
  endfacet
  facet normal 0 0 1
    outer loop
      vertex 9.69552 71.5307 2
      vertex 67.6913 63.986 2
      vertex 67.9673 64.3007 2
    endloop
  endfacet
  facet normal 0 0 1
    outer loop
      vertex 9.4641 72 2
      vertex 67.9673 64.3007 2
      vertex 68.282 64.5767 2
    endloop
  endfacet
  facet normal 0 0 1
    outer loop
      vertex 9.17341 72.435 2
      vertex 68.282 64.5767 2
      vertex 68.63 64.8093 2
    endloop
  endfacet
  facet normal 0 0 1
    outer loop
      vertex 8.82843 72.8284 2
      vertex 68.63 64.8093 2
      vertex 69.0054 64.9944 2
    endloop
  endfacet
  facet normal 0 0 1
    outer loop
      vertex 8.43505 73.1734 2
      vertex 69.0054 64.9944 2
      vertex 69.4018 65.129 2
    endloop
  endfacet
  facet normal 0 0 1
    outer loop
      vertex 69.8123 65.2106 2
      vertex 7.72443 73.6 2
      vertex 69.4018 65.129 2
    endloop
  endfacet
  facet normal -0 0 1
    outer loop
      vertex 13.7126 61.6203 2
      vertex 16.95 57.79 2
      vertex 13.74 62.038 2
    endloop
  endfacet
  facet normal 0 0 1
    outer loop
      vertex 67.4587 63.638 2
      vertex 13.3113 63.638 2
      vertex 13.4964 63.2626 2
    endloop
  endfacet
  facet normal 0 0 1
    outer loop
      vertex 16.95 57.79 2
      vertex 13.7126 62.4557 2
      vertex 13.74 62.038 2
    endloop
  endfacet
  facet normal 0 0 1
    outer loop
      vertex 16.95 57.79 2
      vertex 13.631 62.8662 2
      vertex 13.7126 62.4557 2
    endloop
  endfacet
  facet normal 0 0 1
    outer loop
      vertex 16.95 57.79 2
      vertex 13.4964 63.2626 2
      vertex 13.631 62.8662 2
    endloop
  endfacet
  facet normal 0 0 1
    outer loop
      vertex 67.2736 63.2626 2
      vertex 13.4964 63.2626 2
      vertex 16.95 57.79 2
    endloop
  endfacet
  facet normal 0 0 1
    outer loop
      vertex 67.6913 63.986 2
      vertex 9.69552 71.5307 2
      vertex 9.8637 71.0353 2
    endloop
  endfacet
  facet normal 0 0 1
    outer loop
      vertex 67.4587 63.638 2
      vertex 9.8637 71.0353 2
      vertex 13.3113 63.638 2
    endloop
  endfacet
  facet normal -0 -0 1
    outer loop
      vertex 9.96578 70.5221 2
      vertex 13.0787 63.986 2
      vertex 9.8637 71.0353 2
    endloop
  endfacet
  facet normal 0 0 1
    outer loop
      vertex 13.0787 63.986 2
      vertex 9.96578 70.5221 2
      vertex 12.8027 64.3007 2
    endloop
  endfacet
  facet normal -0 -0 1
    outer loop
      vertex 10 70 2
      vertex 12.8027 64.3007 2
      vertex 9.96578 70.5221 2
    endloop
  endfacet
  facet normal 0 0 1
    outer loop
      vertex 12.8027 64.3007 2
      vertex 10 70 2
      vertex 12.488 64.5767 2
    endloop
  endfacet
  facet normal 0 0 1
    outer loop
      vertex 12.488 64.5767 2
      vertex 9.96578 69.4779 2
      vertex 12.14 64.8093 2
    endloop
  endfacet
  facet normal -0 0 1
    outer loop
      vertex 9.8637 68.9647 2
      vertex 12.14 64.8093 2
      vertex 9.96578 69.4779 2
    endloop
  endfacet
  facet normal 0 0 1
    outer loop
      vertex 11.7646 64.9944 2
      vertex 9.8637 68.9647 2
      vertex 11.3682 65.129 2
    endloop
  endfacet
  facet normal -0 0 1
    outer loop
      vertex 9.69552 68.4693 2
      vertex 11.3682 65.129 2
      vertex 9.8637 68.9647 2
    endloop
  endfacet
  facet normal 0 0 1
    outer loop
      vertex 12.14 64.8093 2
      vertex 9.8637 68.9647 2
      vertex 11.7646 64.9944 2
    endloop
  endfacet
  facet normal -0 0 1
    outer loop
      vertex 9.96578 69.4779 2
      vertex 12.488 64.5767 2
      vertex 10 70 2
    endloop
  endfacet
  facet normal 0 0 1
    outer loop
      vertex 13.3113 63.638 2
      vertex 9.8637 71.0353 2
      vertex 13.0787 63.986 2
    endloop
  endfacet
  facet normal 0 0 1
    outer loop
      vertex 67.9673 64.3007 2
      vertex 9.4641 72 2
      vertex 9.69552 71.5307 2
    endloop
  endfacet
  facet normal 0 0 1
    outer loop
      vertex 68.282 64.5767 2
      vertex 9.17341 72.435 2
      vertex 9.4641 72 2
    endloop
  endfacet
  facet normal 0 0 1
    outer loop
      vertex 68.63 64.8093 2
      vertex 8.82843 72.8284 2
      vertex 9.17341 72.435 2
    endloop
  endfacet
  facet normal 0 0 1
    outer loop
      vertex 69.0054 64.9944 2
      vertex 8.43505 73.1734 2
      vertex 8.82843 72.8284 2
    endloop
  endfacet
  facet normal 0 0 1
    outer loop
      vertex 69.4018 65.129 2
      vertex 8 73.4641 2
      vertex 8.43505 73.1734 2
    endloop
  endfacet
  facet normal 0 0 1
    outer loop
      vertex 69.4018 65.129 2
      vertex 7.72443 73.6 2
      vertex 8 73.4641 2
    endloop
  endfacet
  facet normal -0 0 1
    outer loop
      vertex 112.464 68 2
      vertex 112.6 7.72443 2
      vertex 112.6 68.2756 2
    endloop
  endfacet
  facet normal 0 0 1
    outer loop
      vertex 112.464 68 2
      vertex 112.464 8 2
      vertex 112.6 7.72443 2
    endloop
  endfacet
  facet normal -0 0 1
    outer loop
      vertex 112.173 67.565 2
      vertex 112.464 8 2
      vertex 112.464 68 2
    endloop
  endfacet
  facet normal 0 0 1
    outer loop
      vertex 112.173 67.565 2
      vertex 112.173 8.43505 2
      vertex 112.464 8 2
    endloop
  endfacet
  facet normal -0 0 1
    outer loop
      vertex 111.828 67.1716 2
      vertex 112.173 8.43505 2
      vertex 112.173 67.565 2
    endloop
  endfacet
  facet normal 0 0 1
    outer loop
      vertex 111.828 67.1716 2
      vertex 111.828 8.82843 2
      vertex 112.173 8.43505 2
    endloop
  endfacet
  facet normal -0 0 1
    outer loop
      vertex 111.435 66.8266 2
      vertex 111.828 8.82843 2
      vertex 111.828 67.1716 2
    endloop
  endfacet
  facet normal 0 0 1
    outer loop
      vertex 111.435 66.8266 2
      vertex 111.435 9.17341 2
      vertex 111.828 8.82843 2
    endloop
  endfacet
  facet normal 0 0 1
    outer loop
      vertex 97.7 38 2
      vertex 111.435 66.8266 2
      vertex 111 66.5359 2
    endloop
  endfacet
  facet normal 0 0 1
    outer loop
      vertex 111.435 66.8266 2
      vertex 97.7 38 2
      vertex 111.435 9.17341 2
    endloop
  endfacet
  facet normal 0 0 1
    outer loop
      vertex 97.7 38 2
      vertex 111 66.5359 2
      vertex 110.531 66.3045 2
    endloop
  endfacet
  facet normal -0 0 1
    outer loop
      vertex 97.6683 37.5171 2
      vertex 111.435 9.17341 2
      vertex 97.7 38 2
    endloop
  endfacet
  facet normal 0 0 1
    outer loop
      vertex 97.7 38 2
      vertex 110.531 66.3045 2
      vertex 110.035 66.1363 2
    endloop
  endfacet
  facet normal 0 0 1
    outer loop
      vertex 111.435 9.17341 2
      vertex 97.6683 37.5171 2
      vertex 111 9.4641 2
    endloop
  endfacet
  facet normal 0 0 1
    outer loop
      vertex 97.7 38 2
      vertex 110.035 66.1363 2
      vertex 109.522 66.0342 2
    endloop
  endfacet
  facet normal -0 0 1
    outer loop
      vertex 97.5739 37.0424 2
      vertex 111 9.4641 2
      vertex 97.6683 37.5171 2
    endloop
  endfacet
  facet normal 0 0 1
    outer loop
      vertex 97.7 38 2
      vertex 109.522 66.0342 2
      vertex 109 66 2
    endloop
  endfacet
  facet normal 0 0 1
    outer loop
      vertex 111 9.4641 2
      vertex 97.5739 37.0424 2
      vertex 110.531 9.69552 2
    endloop
  endfacet
  facet normal 0 0 1
    outer loop
      vertex 97.7 38 2
      vertex 109 66 2
      vertex 108.478 66.0342 2
    endloop
  endfacet
  facet normal -0 0 1
    outer loop
      vertex 97.4184 36.5841 2
      vertex 110.531 9.69552 2
      vertex 97.5739 37.0424 2
    endloop
  endfacet
  facet normal 0 0 1
    outer loop
      vertex 97.7 38 2
      vertex 108.478 66.0342 2
      vertex 107.965 66.1363 2
    endloop
  endfacet
  facet normal 0 0 1
    outer loop
      vertex 110.531 9.69552 2
      vertex 97.4184 36.5841 2
      vertex 110.035 9.8637 2
    endloop
  endfacet
  facet normal 0 0 1
    outer loop
      vertex 97.7 38 2
      vertex 107.965 66.1363 2
      vertex 107.469 66.3045 2
    endloop
  endfacet
  facet normal -0 0 1
    outer loop
      vertex 97.2043 36.15 2
      vertex 110.035 9.8637 2
      vertex 97.4184 36.5841 2
    endloop
  endfacet
  facet normal 0 0 1
    outer loop
      vertex 97.7 38 2
      vertex 107.469 66.3045 2
      vertex 107 66.5359 2
    endloop
  endfacet
  facet normal 0 0 1
    outer loop
      vertex 110.035 9.8637 2
      vertex 97.2043 36.15 2
      vertex 109.522 9.96578 2
    endloop
  endfacet
  facet normal 0 0 1
    outer loop
      vertex 97.7 38 2
      vertex 107 66.5359 2
      vertex 106.565 66.8266 2
    endloop
  endfacet
  facet normal -0 0 1
    outer loop
      vertex 96.9354 35.7476 2
      vertex 109.522 9.96578 2
      vertex 97.2043 36.15 2
    endloop
  endfacet
  facet normal 0 0 1
    outer loop
      vertex 97.7 38 2
      vertex 106.565 66.8266 2
      vertex 106.172 67.1716 2
    endloop
  endfacet
  facet normal 0 0 1
    outer loop
      vertex 109.522 9.96578 2
      vertex 96.9354 35.7476 2
      vertex 109 10 2
    endloop
  endfacet
  facet normal 0 0 1
    outer loop
      vertex 97.7 38 2
      vertex 106.172 67.1716 2
      vertex 105.827 67.565 2
    endloop
  endfacet
  facet normal -0 0 1
    outer loop
      vertex 96.6163 35.3837 2
      vertex 109 10 2
      vertex 96.9354 35.7476 2
    endloop
  endfacet
  facet normal 0 0 1
    outer loop
      vertex 97.7 38 2
      vertex 105.827 67.565 2
      vertex 105.536 68 2
    endloop
  endfacet
  facet normal 0 0 1
    outer loop
      vertex 109 10 2
      vertex 96.6163 35.3837 2
      vertex 108.478 9.96578 2
    endloop
  endfacet
  facet normal 0 0 1
    outer loop
      vertex 97.7 38 2
      vertex 105.536 68 2
      vertex 105.304 68.4693 2
    endloop
  endfacet
  facet normal -0 0 1
    outer loop
      vertex 96.2524 35.0646 2
      vertex 108.478 9.96578 2
      vertex 96.6163 35.3837 2
    endloop
  endfacet
  facet normal 0 0 1
    outer loop
      vertex 97.7 38 2
      vertex 105.304 68.4693 2
      vertex 105.136 68.9647 2
    endloop
  endfacet
  facet normal 0 0 1
    outer loop
      vertex 108.478 9.96578 2
      vertex 96.2524 35.0646 2
      vertex 107.965 9.8637 2
    endloop
  endfacet
  facet normal 0 0 1
    outer loop
      vertex 97.7 38 2
      vertex 105.136 68.9647 2
      vertex 105.034 69.4779 2
    endloop
  endfacet
  facet normal -0 0 1
    outer loop
      vertex 95.85 34.7957 2
      vertex 107.965 9.8637 2
      vertex 96.2524 35.0646 2
    endloop
  endfacet
  facet normal 0 0 1
    outer loop
      vertex 73.1864 63.2626 2
      vertex 105.034 69.4779 2
      vertex 105 70 2
    endloop
  endfacet
  facet normal 0 0 1
    outer loop
      vertex 107.965 9.8637 2
      vertex 95.85 34.7957 2
      vertex 107.469 9.69552 2
    endloop
  endfacet
  facet normal 0 0 1
    outer loop
      vertex 107.469 9.69552 2
      vertex 95.4159 34.5816 2
      vertex 107 9.4641 2
    endloop
  endfacet
  facet normal -0 0 1
    outer loop
      vertex 94.9576 34.4261 2
      vertex 107 9.4641 2
      vertex 95.4159 34.5816 2
    endloop
  endfacet
  facet normal 0 0 1
    outer loop
      vertex 107 9.4641 2
      vertex 94.9576 34.4261 2
      vertex 106.565 9.17341 2
    endloop
  endfacet
  facet normal -0 0 1
    outer loop
      vertex 94.4829 34.3317 2
      vertex 106.565 9.17341 2
      vertex 94.9576 34.4261 2
    endloop
  endfacet
  facet normal 0 0 1
    outer loop
      vertex 106.565 9.17341 2
      vertex 94.4829 34.3317 2
      vertex 106.172 8.82843 2
    endloop
  endfacet
  facet normal -0 0 1
    outer loop
      vertex 94 34.3 2
      vertex 106.172 8.82843 2
      vertex 94.4829 34.3317 2
    endloop
  endfacet
  facet normal 0 0 1
    outer loop
      vertex 106.172 8.82843 2
      vertex 94 34.3 2
      vertex 105.827 8.43505 2
    endloop
  endfacet
  facet normal 0 0 1
    outer loop
      vertex 93.5171 34.3317 2
      vertex 105.827 8.43505 2
      vertex 94 34.3 2
    endloop
  endfacet
  facet normal 0 0 1
    outer loop
      vertex 105.827 8.43505 2
      vertex 93.5171 34.3317 2
      vertex 105.536 8 2
    endloop
  endfacet
  facet normal -0 0 1
    outer loop
      vertex 73.43 14.54 2
      vertex 105.536 8 2
      vertex 93.5171 34.3317 2
    endloop
  endfacet
  facet normal 0 0 1
    outer loop
      vertex 105.536 8 2
      vertex 73.43 14.54 2
      vertex 105.304 7.53073 2
    endloop
  endfacet
  facet normal -0 0 1
    outer loop
      vertex 73.4026 14.1223 2
      vertex 105.304 7.53073 2
      vertex 73.43 14.54 2
    endloop
  endfacet
  facet normal 0 0 1
    outer loop
      vertex 105.304 7.53073 2
      vertex 73.4026 14.1223 2
      vertex 105.136 7.03528 2
    endloop
  endfacet
  facet normal -0 0 1
    outer loop
      vertex 73.321 13.7118 2
      vertex 105.136 7.03528 2
      vertex 73.4026 14.1223 2
    endloop
  endfacet
  facet normal 0 0 1
    outer loop
      vertex 105.136 7.03528 2
      vertex 73.321 13.7118 2
      vertex 105.034 6.5221 2
    endloop
  endfacet
  facet normal -0 0 1
    outer loop
      vertex 73.1864 13.3154 2
      vertex 105.034 6.5221 2
      vertex 73.321 13.7118 2
    endloop
  endfacet
  facet normal 0 0 1
    outer loop
      vertex 73.43 14.54 2
      vertex 93.5171 34.3317 2
      vertex 93.0424 34.4261 2
    endloop
  endfacet
  facet normal 0 0 1
    outer loop
      vertex 73.43 14.54 2
      vertex 93.0424 34.4261 2
      vertex 92.5841 34.5816 2
    endloop
  endfacet
  facet normal 0 0 1
    outer loop
      vertex 73.43 14.54 2
      vertex 92.5841 34.5816 2
      vertex 92.15 34.7957 2
    endloop
  endfacet
  facet normal 0 0 1
    outer loop
      vertex 73.43 14.54 2
      vertex 92.15 34.7957 2
      vertex 91.7476 35.0646 2
    endloop
  endfacet
  facet normal 0 0 1
    outer loop
      vertex 73.43 14.54 2
      vertex 91.7476 35.0646 2
      vertex 91.3837 35.3837 2
    endloop
  endfacet
  facet normal 0 0 1
    outer loop
      vertex 73.43 14.54 2
      vertex 91.3837 35.3837 2
      vertex 91.0646 35.7476 2
    endloop
  endfacet
  facet normal 0 0 1
    outer loop
      vertex 73.43 14.54 2
      vertex 91.0646 35.7476 2
      vertex 90.7957 36.15 2
    endloop
  endfacet
  facet normal 0 0 1
    outer loop
      vertex 73.43 14.54 2
      vertex 90.7957 36.15 2
      vertex 90.5816 36.5841 2
    endloop
  endfacet
  facet normal -0 0 1
    outer loop
      vertex 72.178 59.4993 2
      vertex 91.3837 40.6163 2
      vertex 72.4927 59.7753 2
    endloop
  endfacet
  facet normal 0 0 1
    outer loop
      vertex 90.3 38 2
      vertex 73.43 14.54 2
      vertex 90.3316 37.5171 2
    endloop
  endfacet
  facet normal 0 0 1
    outer loop
      vertex 90.3316 37.5171 2
      vertex 73.43 14.54 2
      vertex 90.4261 37.0424 2
    endloop
  endfacet
  facet normal 0 0 1
    outer loop
      vertex 90.4261 37.0424 2
      vertex 73.43 14.54 2
      vertex 90.5816 36.5841 2
    endloop
  endfacet
  facet normal 0 0 1
    outer loop
      vertex 105.034 6.5221 2
      vertex 73.1864 13.3154 2
      vertex 105 6 2
    endloop
  endfacet
  facet normal -0 0 1
    outer loop
      vertex 73.0013 12.94 2
      vertex 105 6 2
      vertex 73.1864 13.3154 2
    endloop
  endfacet
  facet normal 0 0 1
    outer loop
      vertex 105 6 2
      vertex 73.0013 12.94 2
      vertex 105.034 5.47789 2
    endloop
  endfacet
  facet normal -0 0 1
    outer loop
      vertex 72.7687 12.592 2
      vertex 105.034 5.47789 2
      vertex 73.0013 12.94 2
    endloop
  endfacet
  facet normal 0 0 1
    outer loop
      vertex 105.034 5.47789 2
      vertex 72.7687 12.592 2
      vertex 105.136 4.96472 2
    endloop
  endfacet
  facet normal -0 0 1
    outer loop
      vertex 72.4927 12.2773 2
      vertex 105.136 4.96472 2
      vertex 72.7687 12.592 2
    endloop
  endfacet
  facet normal 0 0 1
    outer loop
      vertex 105.136 4.96472 2
      vertex 72.4927 12.2773 2
      vertex 105.304 4.46927 2
    endloop
  endfacet
  facet normal -0 0 1
    outer loop
      vertex 72.178 12.0013 2
      vertex 105.304 4.46927 2
      vertex 72.4927 12.2773 2
    endloop
  endfacet
  facet normal 0 0 1
    outer loop
      vertex 105.304 4.46927 2
      vertex 72.178 12.0013 2
      vertex 105.536 4 2
    endloop
  endfacet
  facet normal -0 0 1
    outer loop
      vertex 71.83 11.7687 2
      vertex 105.536 4 2
      vertex 72.178 12.0013 2
    endloop
  endfacet
  facet normal 0 0 1
    outer loop
      vertex 105.536 4 2
      vertex 71.83 11.7687 2
      vertex 105.827 3.56495 2
    endloop
  endfacet
  facet normal -0 0 1
    outer loop
      vertex 71.4546 11.5836 2
      vertex 105.827 3.56495 2
      vertex 71.83 11.7687 2
    endloop
  endfacet
  facet normal 0 0 1
    outer loop
      vertex 105.827 3.56495 2
      vertex 71.4546 11.5836 2
      vertex 106.172 3.17157 2
    endloop
  endfacet
  facet normal -0 0 1
    outer loop
      vertex 71.0582 11.449 2
      vertex 106.172 3.17157 2
      vertex 71.4546 11.5836 2
    endloop
  endfacet
  facet normal 0 0 1
    outer loop
      vertex 106.172 3.17157 2
      vertex 71.0582 11.449 2
      vertex 106.565 2.82659 2
    endloop
  endfacet
  facet normal -0 0 1
    outer loop
      vertex 70.6477 11.3674 2
      vertex 106.565 2.82659 2
      vertex 71.0582 11.449 2
    endloop
  endfacet
  facet normal 0 0 1
    outer loop
      vertex 106.565 2.82659 2
      vertex 70.6477 11.3674 2
      vertex 107 2.5359 2
    endloop
  endfacet
  facet normal -0 0 1
    outer loop
      vertex 70.23 11.34 2
      vertex 107 2.5359 2
      vertex 70.6477 11.3674 2
    endloop
  endfacet
  facet normal 0 0 1
    outer loop
      vertex 107 2.5359 2
      vertex 70.23 11.34 2
      vertex 107.276 2.4 2
    endloop
  endfacet
  facet normal 0 0 1
    outer loop
      vertex 69.8123 11.3674 2
      vertex 107.276 2.4 2
      vertex 70.23 11.34 2
    endloop
  endfacet
  facet normal 0 0 1
    outer loop
      vertex 8 2.5359 2
      vertex 69.8123 11.3674 2
      vertex 69.4018 11.449 2
    endloop
  endfacet
  facet normal 0 0 1
    outer loop
      vertex 16.95 18.89 2
      vertex 67.0574 14.1223 2
      vertex 67.03 14.54 2
    endloop
  endfacet
  facet normal 0 0 1
    outer loop
      vertex 16.95 18.89 2
      vertex 67.139 13.7118 2
      vertex 67.0574 14.1223 2
    endloop
  endfacet
  facet normal 0 0 1
    outer loop
      vertex 16.95 18.89 2
      vertex 67.2736 13.3154 2
      vertex 67.139 13.7118 2
    endloop
  endfacet
  facet normal 0 0 1
    outer loop
      vertex 13.4964 13.3154 2
      vertex 67.2736 13.3154 2
      vertex 16.95 18.89 2
    endloop
  endfacet
  facet normal 0 0 1
    outer loop
      vertex 67.2736 13.3154 2
      vertex 13.4964 13.3154 2
      vertex 67.4587 12.94 2
    endloop
  endfacet
  facet normal 0 0 1
    outer loop
      vertex 13.3113 12.94 2
      vertex 67.4587 12.94 2
      vertex 13.4964 13.3154 2
    endloop
  endfacet
  facet normal 0 0 1
    outer loop
      vertex 9.8637 4.96472 2
      vertex 67.4587 12.94 2
      vertex 13.3113 12.94 2
    endloop
  endfacet
  facet normal 0 0 1
    outer loop
      vertex 67.4587 12.94 2
      vertex 9.8637 4.96472 2
      vertex 67.6913 12.592 2
    endloop
  endfacet
  facet normal 0 0 1
    outer loop
      vertex 9.69552 4.46927 2
      vertex 67.6913 12.592 2
      vertex 9.8637 4.96472 2
    endloop
  endfacet
  facet normal 0 0 1
    outer loop
      vertex 67.6913 12.592 2
      vertex 9.69552 4.46927 2
      vertex 67.9673 12.2773 2
    endloop
  endfacet
  facet normal 0 0 1
    outer loop
      vertex 9.4641 4 2
      vertex 67.9673 12.2773 2
      vertex 9.69552 4.46927 2
    endloop
  endfacet
  facet normal -0 0 1
    outer loop
      vertex 13.631 61.2098 2
      vertex 16.95 57.79 2
      vertex 13.7126 61.6203 2
    endloop
  endfacet
  facet normal 0 0 1
    outer loop
      vertex 13.7126 14.1223 2
      vertex 16.95 18.89 2
      vertex 13.74 14.54 2
    endloop
  endfacet
  facet normal 0 0 1
    outer loop
      vertex 13.631 13.7118 2
      vertex 16.95 18.89 2
      vertex 13.7126 14.1223 2
    endloop
  endfacet
  facet normal 0 0 1
    outer loop
      vertex 13.4964 13.3154 2
      vertex 16.95 18.89 2
      vertex 13.631 13.7118 2
    endloop
  endfacet
  facet normal 0 0 1
    outer loop
      vertex 67.9673 12.2773 2
      vertex 9.4641 4 2
      vertex 68.282 12.0013 2
    endloop
  endfacet
  facet normal 0 0 1
    outer loop
      vertex 9.17341 3.56495 2
      vertex 68.282 12.0013 2
      vertex 9.4641 4 2
    endloop
  endfacet
  facet normal 0 0 1
    outer loop
      vertex 9.8637 4.96472 2
      vertex 13.3113 12.94 2
      vertex 13.0787 12.592 2
    endloop
  endfacet
  facet normal 0 0 1
    outer loop
      vertex 9.96578 5.47789 2
      vertex 13.0787 12.592 2
      vertex 12.8027 12.2773 2
    endloop
  endfacet
  facet normal 0 0 1
    outer loop
      vertex 10 6 2
      vertex 12.8027 12.2773 2
      vertex 12.488 12.0013 2
    endloop
  endfacet
  facet normal 0 0 1
    outer loop
      vertex 9.96578 6.5221 2
      vertex 12.488 12.0013 2
      vertex 12.14 11.7687 2
    endloop
  endfacet
  facet normal 0 0 1
    outer loop
      vertex 9.96578 6.5221 2
      vertex 12.14 11.7687 2
      vertex 11.7646 11.5836 2
    endloop
  endfacet
  facet normal 0 0 1
    outer loop
      vertex 9.96578 6.5221 2
      vertex 11.7646 11.5836 2
      vertex 11.3682 11.449 2
    endloop
  endfacet
  facet normal 0 0 1
    outer loop
      vertex 9.96578 6.5221 2
      vertex 11.3682 11.449 2
      vertex 10.9577 11.3674 2
    endloop
  endfacet
  facet normal 0 0 1
    outer loop
      vertex 9.96578 6.5221 2
      vertex 10.9577 11.3674 2
      vertex 10.54 11.34 2
    endloop
  endfacet
  facet normal 0 0 1
    outer loop
      vertex 9.17341 8.43505 2
      vertex 10.54 11.34 2
      vertex 10.1223 11.3674 2
    endloop
  endfacet
  facet normal 0 0 1
    outer loop
      vertex 12.8027 12.2773 2
      vertex 10 6 2
      vertex 9.96578 5.47789 2
    endloop
  endfacet
  facet normal 0 0 1
    outer loop
      vertex 13.0787 12.592 2
      vertex 9.96578 5.47789 2
      vertex 9.8637 4.96472 2
    endloop
  endfacet
  facet normal 0 0 1
    outer loop
      vertex 68.282 12.0013 2
      vertex 9.17341 3.56495 2
      vertex 68.63 11.7687 2
    endloop
  endfacet
  facet normal 0 0 1
    outer loop
      vertex 8.82843 3.17157 2
      vertex 68.63 11.7687 2
      vertex 9.17341 3.56495 2
    endloop
  endfacet
  facet normal 0 0 1
    outer loop
      vertex 68.63 11.7687 2
      vertex 8.82843 3.17157 2
      vertex 69.0054 11.5836 2
    endloop
  endfacet
  facet normal 0 0 1
    outer loop
      vertex 8.43505 2.82659 2
      vertex 69.0054 11.5836 2
      vertex 8.82843 3.17157 2
    endloop
  endfacet
  facet normal 0 0 1
    outer loop
      vertex 69.0054 11.5836 2
      vertex 8.43505 2.82659 2
      vertex 69.4018 11.449 2
    endloop
  endfacet
  facet normal 0 0 1
    outer loop
      vertex 8 2.5359 2
      vertex 69.4018 11.449 2
      vertex 8.43505 2.82659 2
    endloop
  endfacet
  facet normal 0 0 1
    outer loop
      vertex 69.8123 11.3674 2
      vertex 8 2.5359 2
      vertex 7.72442 2.4 2
    endloop
  endfacet
  facet normal 0 0 1
    outer loop
      vertex 69.8123 11.3674 2
      vertex 7.72442 2.4 2
      vertex 107.276 2.4 2
    endloop
  endfacet
  facet normal 0 0 1
    outer loop
      vertex 67.6913 16.488 2
      vertex 67.45 18.89 2
      vertex 67.4587 16.14 2
    endloop
  endfacet
  facet normal 0 0 1
    outer loop
      vertex 67.45 18.89 2
      vertex 67.2736 15.7646 2
      vertex 67.4587 16.14 2
    endloop
  endfacet
  facet normal 0 0 1
    outer loop
      vertex 67.45 18.89 2
      vertex 67.139 15.3682 2
      vertex 67.2736 15.7646 2
    endloop
  endfacet
  facet normal 0 0 1
    outer loop
      vertex 67.45 18.89 2
      vertex 67.0574 14.9577 2
      vertex 67.139 15.3682 2
    endloop
  endfacet
  facet normal 0 0 1
    outer loop
      vertex 67.0574 14.9577 2
      vertex 16.95 18.89 2
      vertex 67.03 14.54 2
    endloop
  endfacet
  facet normal -0 0 1
    outer loop
      vertex 16.95 18.89 2
      vertex 67.0574 14.9577 2
      vertex 67.45 18.89 2
    endloop
  endfacet
  facet normal 0.55557 0.83147 -0
    outer loop
      vertex 3.50762 2.87687 2
      vertex 3.41721 2.93728 7.5
      vertex 3.50762 2.87687 7.5
    endloop
  endfacet
  facet normal 0.55557 0.83147 0
    outer loop
      vertex 3.41721 2.93728 7.5
      vertex 3.50762 2.87687 2
      vertex 3.41721 2.93728 2
    endloop
  endfacet
  facet normal -0.750724 0.660616 0
    outer loop
      vertex 111.838 3.16152 2
      vertex 112.063 3.41721 7.5
      vertex 112.063 3.41721 2
    endloop
  endfacet
  facet normal -0.750724 0.660616 0
    outer loop
      vertex 112.063 3.41721 7.5
      vertex 111.838 3.16152 2
      vertex 111.838 3.16152 7.5
    endloop
  endfacet
  facet normal -0.832957 0.553337 0
    outer loop
      vertex 112.063 3.41721 2
      vertex 112.123 3.50753 7.5
      vertex 112.123 3.50753 2
    endloop
  endfacet
  facet normal -0.832957 0.553337 0
    outer loop
      vertex 112.123 3.50753 7.5
      vertex 112.063 3.41721 2
      vertex 112.063 3.41721 7.5
    endloop
  endfacet
  facet normal 0.659356 0.751831 -0
    outer loop
      vertex 3.41721 2.93728 2
      vertex 3.16152 3.16152 7.5
      vertex 3.41721 2.93728 7.5
    endloop
  endfacet
  facet normal 0.659356 0.751831 0
    outer loop
      vertex 3.16152 3.16152 7.5
      vertex 3.41721 2.93728 2
      vertex 3.16152 3.16152 2
    endloop
  endfacet
  facet normal 0.83147 0.55557 0
    outer loop
      vertex 2.93728 3.41721 7.5
      vertex 2.87687 3.50762 2
      vertex 2.87687 3.50762 7.5
    endloop
  endfacet
  facet normal 0.83147 0.55557 0
    outer loop
      vertex 2.87687 3.50762 2
      vertex 2.93728 3.41721 7.5
      vertex 2.93728 3.41721 2
    endloop
  endfacet
  facet normal 0.0654566 -0.997855 0
    outer loop
      vertex 10.54 11.34 2
      vertex 10.9577 11.3674 7.5
      vertex 10.54 11.34 7.5
    endloop
  endfacet
  facet normal 0.0654566 -0.997855 0
    outer loop
      vertex 10.9577 11.3674 7.5
      vertex 10.54 11.34 2
      vertex 10.9577 11.3674 2
    endloop
  endfacet
  facet normal 0.98081 0.194967 0
    outer loop
      vertex 13.7126 14.9577 7.5
      vertex 13.631 15.3682 2
      vertex 13.631 15.3682 7.5
    endloop
  endfacet
  facet normal 0.98081 0.194967 0
    outer loop
      vertex 13.631 15.3682 2
      vertex 13.7126 14.9577 7.5
      vertex 13.7126 14.9577 2
    endloop
  endfacet
  facet normal 0.997855 0.0654566 0
    outer loop
      vertex 13.74 14.54 7.5
      vertex 13.7126 14.9577 2
      vertex 13.7126 14.9577 7.5
    endloop
  endfacet
  facet normal 0.997855 0.0654566 0
    outer loop
      vertex 13.7126 14.9577 2
      vertex 13.74 14.54 7.5
      vertex 13.74 14.54 2
    endloop
  endfacet
  facet normal 0.98081 -0.194967 0
    outer loop
      vertex 13.631 13.7118 7.5
      vertex 13.7126 14.1223 2
      vertex 13.7126 14.1223 7.5
    endloop
  endfacet
  facet normal 0.98081 -0.194967 0
    outer loop
      vertex 13.7126 14.1223 2
      vertex 13.631 13.7118 7.5
      vertex 13.631 13.7118 2
    endloop
  endfacet
  facet normal 0.194967 0.98081 -0
    outer loop
      vertex 11.3682 17.631 2
      vertex 10.9577 17.7126 7.5
      vertex 11.3682 17.631 7.5
    endloop
  endfacet
  facet normal 0.194967 0.98081 0
    outer loop
      vertex 10.9577 17.7126 7.5
      vertex 11.3682 17.631 2
      vertex 10.9577 17.7126 2
    endloop
  endfacet
  facet normal 0.946901 -0.321526 0
    outer loop
      vertex 13.4964 13.3154 7.5
      vertex 13.631 13.7118 2
      vertex 13.631 13.7118 7.5
    endloop
  endfacet
  facet normal 0.946901 -0.321526 0
    outer loop
      vertex 13.631 13.7118 2
      vertex 13.4964 13.3154 7.5
      vertex 13.4964 13.3154 2
    endloop
  endfacet
  facet normal 0.0654566 0.997855 -0
    outer loop
      vertex 10.9577 17.7126 2
      vertex 10.54 17.74 7.5
      vertex 10.9577 17.7126 7.5
    endloop
  endfacet
  facet normal 0.0654566 0.997855 0
    outer loop
      vertex 10.54 17.74 7.5
      vertex 10.9577 17.7126 2
      vertex 10.54 17.74 2
    endloop
  endfacet
  facet normal -0.194958 -0.980812 0
    outer loop
      vertex 9.71178 11.449 2
      vertex 10.1223 11.3674 7.5
      vertex 9.71178 11.449 7.5
    endloop
  endfacet
  facet normal -0.194958 -0.980812 -0
    outer loop
      vertex 10.1223 11.3674 7.5
      vertex 9.71178 11.449 2
      vertex 10.1223 11.3674 2
    endloop
  endfacet
  facet normal 0.659367 -0.751821 0
    outer loop
      vertex 12.488 12.0013 2
      vertex 12.8027 12.2773 7.5
      vertex 12.488 12.0013 7.5
    endloop
  endfacet
  facet normal 0.659367 -0.751821 0
    outer loop
      vertex 12.8027 12.2773 7.5
      vertex 12.488 12.0013 2
      vertex 12.8027 12.2773 2
    endloop
  endfacet
  facet normal -0.555648 0.831418 0
    outer loop
      vertex 8.94 17.3113 2
      vertex 8.59196 17.0787 7.5
      vertex 8.94 17.3113 7.5
    endloop
  endfacet
  facet normal -0.555648 0.831418 0
    outer loop
      vertex 8.59196 17.0787 7.5
      vertex 8.94 17.3113 2
      vertex 8.59196 17.0787 2
    endloop
  endfacet
  facet normal 0.896898 0.442237 0
    outer loop
      vertex 13.4964 15.7646 7.5
      vertex 13.3113 16.14 2
      vertex 13.3113 16.14 7.5
    endloop
  endfacet
  facet normal 0.896898 0.442237 0
    outer loop
      vertex 13.3113 16.14 2
      vertex 13.4964 15.7646 7.5
      vertex 13.4964 15.7646 2
    endloop
  endfacet
  facet normal 0.194967 -0.98081 0
    outer loop
      vertex 10.9577 11.3674 2
      vertex 11.3682 11.449 7.5
      vertex 10.9577 11.3674 7.5
    endloop
  endfacet
  facet normal 0.194967 -0.98081 0
    outer loop
      vertex 11.3682 11.449 7.5
      vertex 10.9577 11.3674 2
      vertex 11.3682 11.449 2
    endloop
  endfacet
  facet normal 0.442237 -0.896898 0
    outer loop
      vertex 11.7646 11.5836 2
      vertex 12.14 11.7687 7.5
      vertex 11.7646 11.5836 7.5
    endloop
  endfacet
  facet normal 0.442237 -0.896898 0
    outer loop
      vertex 12.14 11.7687 7.5
      vertex 11.7646 11.5836 2
      vertex 12.14 11.7687 2
    endloop
  endfacet
  facet normal 0.321526 -0.946901 0
    outer loop
      vertex 11.3682 11.449 2
      vertex 11.7646 11.5836 7.5
      vertex 11.3682 11.449 7.5
    endloop
  endfacet
  facet normal 0.321526 -0.946901 0
    outer loop
      vertex 11.7646 11.5836 7.5
      vertex 11.3682 11.449 2
      vertex 11.7646 11.5836 2
    endloop
  endfacet
  facet normal -0.997859 -0.0654091 0
    outer loop
      vertex 7.36738 14.1223 2
      vertex 7.34 14.54 7.5
      vertex 7.34 14.54 2
    endloop
  endfacet
  facet normal -0.997859 -0.0654091 0
    outer loop
      vertex 7.34 14.54 7.5
      vertex 7.36738 14.1223 2
      vertex 7.36738 14.1223 7.5
    endloop
  endfacet
  facet normal 0.555692 -0.831388 0
    outer loop
      vertex 12.14 11.7687 2
      vertex 12.488 12.0013 7.5
      vertex 12.14 11.7687 7.5
    endloop
  endfacet
  facet normal 0.555692 -0.831388 0
    outer loop
      vertex 12.488 12.0013 7.5
      vertex 12.14 11.7687 2
      vertex 12.488 12.0013 2
    endloop
  endfacet
  facet normal -0.751833 -0.659353 0
    outer loop
      vertex 8.27726 12.2773 2
      vertex 8.00127 12.592 7.5
      vertex 8.00127 12.592 2
    endloop
  endfacet
  facet normal -0.751833 -0.659353 0
    outer loop
      vertex 8.00127 12.592 7.5
      vertex 8.27726 12.2773 2
      vertex 8.27726 12.2773 7.5
    endloop
  endfacet
  facet normal -0.980782 0.195105 0
    outer loop
      vertex 7.36738 14.9577 2
      vertex 7.44904 15.3682 7.5
      vertex 7.44904 15.3682 2
    endloop
  endfacet
  facet normal -0.980782 0.195105 0
    outer loop
      vertex 7.44904 15.3682 7.5
      vertex 7.36738 14.9577 2
      vertex 7.36738 14.9577 7.5
    endloop
  endfacet
  facet normal 0.831388 0.555692 0
    outer loop
      vertex 13.3113 16.14 7.5
      vertex 13.0787 16.488 2
      vertex 13.0787 16.488 7.5
    endloop
  endfacet
  facet normal 0.831388 0.555692 0
    outer loop
      vertex 13.0787 16.488 2
      vertex 13.3113 16.14 7.5
      vertex 13.3113 16.14 2
    endloop
  endfacet
  facet normal -0.946944 -0.321397 0
    outer loop
      vertex 7.58358 13.3154 2
      vertex 7.44904 13.7118 7.5
      vertex 7.44904 13.7118 2
    endloop
  endfacet
  facet normal -0.946944 -0.321397 0
    outer loop
      vertex 7.44904 13.7118 7.5
      vertex 7.58358 13.3154 2
      vertex 7.58358 13.3154 7.5
    endloop
  endfacet
  facet normal 0.997855 -0.0654566 0
    outer loop
      vertex 13.7126 14.1223 7.5
      vertex 13.74 14.54 2
      vertex 13.74 14.54 7.5
    endloop
  endfacet
  facet normal 0.997855 -0.0654566 0
    outer loop
      vertex 13.74 14.54 2
      vertex 13.7126 14.1223 7.5
      vertex 13.7126 14.1223 2
    endloop
  endfacet
  facet normal 0.442237 0.896898 -0
    outer loop
      vertex 12.14 17.3113 2
      vertex 11.7646 17.4964 7.5
      vertex 12.14 17.3113 7.5
    endloop
  endfacet
  facet normal 0.442237 0.896898 0
    outer loop
      vertex 11.7646 17.4964 7.5
      vertex 12.14 17.3113 2
      vertex 11.7646 17.4964 2
    endloop
  endfacet
  facet normal 0.751821 -0.659367 0
    outer loop
      vertex 12.8027 12.2773 7.5
      vertex 13.0787 12.592 2
      vertex 13.0787 12.592 7.5
    endloop
  endfacet
  facet normal 0.751821 -0.659367 0
    outer loop
      vertex 13.0787 12.592 2
      vertex 12.8027 12.2773 7.5
      vertex 12.8027 12.2773 2
    endloop
  endfacet
  facet normal 0.751821 0.659367 0
    outer loop
      vertex 13.0787 16.488 7.5
      vertex 12.8027 16.8027 2
      vertex 12.8027 16.8027 7.5
    endloop
  endfacet
  facet normal 0.751821 0.659367 0
    outer loop
      vertex 12.8027 16.8027 2
      vertex 13.0787 16.488 7.5
      vertex 13.0787 16.488 2
    endloop
  endfacet
  facet normal 0.555692 0.831388 -0
    outer loop
      vertex 12.488 17.0787 2
      vertex 12.14 17.3113 7.5
      vertex 12.488 17.0787 7.5
    endloop
  endfacet
  facet normal 0.555692 0.831388 0
    outer loop
      vertex 12.14 17.3113 7.5
      vertex 12.488 17.0787 2
      vertex 12.14 17.3113 2
    endloop
  endfacet
  facet normal 0.896898 -0.442237 0
    outer loop
      vertex 13.3113 12.94 7.5
      vertex 13.4964 13.3154 2
      vertex 13.4964 13.3154 7.5
    endloop
  endfacet
  facet normal 0.896898 -0.442237 0
    outer loop
      vertex 13.4964 13.3154 2
      vertex 13.3113 12.94 7.5
      vertex 13.3113 12.94 2
    endloop
  endfacet
  facet normal 0.831388 -0.555692 0
    outer loop
      vertex 13.0787 12.592 7.5
      vertex 13.3113 12.94 2
      vertex 13.3113 12.94 7.5
    endloop
  endfacet
  facet normal 0.831388 -0.555692 0
    outer loop
      vertex 13.3113 12.94 2
      vertex 13.0787 12.592 7.5
      vertex 13.0787 12.592 2
    endloop
  endfacet
  facet normal -0.831443 0.55561 0
    outer loop
      vertex 7.76872 16.14 2
      vertex 8.00127 16.488 7.5
      vertex 8.00127 16.488 2
    endloop
  endfacet
  facet normal -0.831443 0.55561 0
    outer loop
      vertex 8.00127 16.488 7.5
      vertex 7.76872 16.14 2
      vertex 7.76872 16.14 7.5
    endloop
  endfacet
  facet normal -0.89686 0.442314 0
    outer loop
      vertex 7.58358 15.7646 2
      vertex 7.76872 16.14 7.5
      vertex 7.76872 16.14 2
    endloop
  endfacet
  facet normal -0.89686 0.442314 0
    outer loop
      vertex 7.76872 16.14 7.5
      vertex 7.58358 15.7646 2
      vertex 7.58358 15.7646 7.5
    endloop
  endfacet
  facet normal -0.194958 0.980812 0
    outer loop
      vertex 10.1223 17.7126 2
      vertex 9.71178 17.631 7.5
      vertex 10.1223 17.7126 7.5
    endloop
  endfacet
  facet normal -0.194958 0.980812 0
    outer loop
      vertex 9.71178 17.631 7.5
      vertex 10.1223 17.7126 2
      vertex 9.71178 17.631 2
    endloop
  endfacet
  facet normal -0.659367 0.751821 0
    outer loop
      vertex 8.59196 17.0787 2
      vertex 8.27726 16.8027 7.5
      vertex 8.59196 17.0787 7.5
    endloop
  endfacet
  facet normal -0.659367 0.751821 0
    outer loop
      vertex 8.27726 16.8027 7.5
      vertex 8.59196 17.0787 2
      vertex 8.27726 16.8027 2
    endloop
  endfacet
  facet normal 0.659367 0.751821 -0
    outer loop
      vertex 12.8027 16.8027 2
      vertex 12.488 17.0787 7.5
      vertex 12.8027 16.8027 7.5
    endloop
  endfacet
  facet normal 0.659367 0.751821 0
    outer loop
      vertex 12.488 17.0787 7.5
      vertex 12.8027 16.8027 2
      vertex 12.488 17.0787 2
    endloop
  endfacet
  facet normal -0.0654566 -0.997855 0
    outer loop
      vertex 10.1223 11.3674 2
      vertex 10.54 11.34 7.5
      vertex 10.1223 11.3674 7.5
    endloop
  endfacet
  facet normal -0.0654566 -0.997855 -0
    outer loop
      vertex 10.54 11.34 7.5
      vertex 10.1223 11.3674 2
      vertex 10.54 11.34 2
    endloop
  endfacet
  facet normal -0.831443 -0.55561 0
    outer loop
      vertex 8.00127 12.592 2
      vertex 7.76872 12.94 7.5
      vertex 7.76872 12.94 2
    endloop
  endfacet
  facet normal -0.831443 -0.55561 0
    outer loop
      vertex 7.76872 12.94 7.5
      vertex 8.00127 12.592 2
      vertex 8.00127 12.592 7.5
    endloop
  endfacet
  facet normal 0 0 1
    outer loop
      vertex 11.94 14.54 7.5
      vertex 13.74 14.54 7.5
      vertex 13.7126 14.9577 7.5
    endloop
  endfacet
  facet normal 0 0 1
    outer loop
      vertex 11.928 14.7227 7.5
      vertex 13.7126 14.9577 7.5
      vertex 13.631 15.3682 7.5
    endloop
  endfacet
  facet normal 0 0 1
    outer loop
      vertex 13.74 14.54 7.5
      vertex 11.94 14.54 7.5
      vertex 13.7126 14.1223 7.5
    endloop
  endfacet
  facet normal 0 0 1
    outer loop
      vertex 11.8923 14.9023 7.5
      vertex 13.631 15.3682 7.5
      vertex 13.4964 15.7646 7.5
    endloop
  endfacet
  facet normal -0 0 1
    outer loop
      vertex 11.928 14.3573 7.5
      vertex 13.7126 14.1223 7.5
      vertex 11.94 14.54 7.5
    endloop
  endfacet
  facet normal 0 0 1
    outer loop
      vertex 11.8334 15.0758 7.5
      vertex 13.4964 15.7646 7.5
      vertex 13.3113 16.14 7.5
    endloop
  endfacet
  facet normal 0 0 1
    outer loop
      vertex 13.7126 14.1223 7.5
      vertex 11.928 14.3573 7.5
      vertex 13.631 13.7118 7.5
    endloop
  endfacet
  facet normal 0 0 1
    outer loop
      vertex 11.7524 15.24 7.5
      vertex 13.3113 16.14 7.5
      vertex 13.0787 16.488 7.5
    endloop
  endfacet
  facet normal -0 0 1
    outer loop
      vertex 11.8923 14.1777 7.5
      vertex 13.631 13.7118 7.5
      vertex 11.928 14.3573 7.5
    endloop
  endfacet
  facet normal 0 0 1
    outer loop
      vertex 11.6507 15.3923 7.5
      vertex 13.0787 16.488 7.5
      vertex 12.8027 16.8027 7.5
    endloop
  endfacet
  facet normal 0 0 1
    outer loop
      vertex 13.631 13.7118 7.5
      vertex 11.8923 14.1777 7.5
      vertex 13.4964 13.3154 7.5
    endloop
  endfacet
  facet normal 0 0 1
    outer loop
      vertex 11.5299 15.5299 7.5
      vertex 12.8027 16.8027 7.5
      vertex 12.488 17.0787 7.5
    endloop
  endfacet
  facet normal -0 0 1
    outer loop
      vertex 11.8334 14.0042 7.5
      vertex 13.4964 13.3154 7.5
      vertex 11.8923 14.1777 7.5
    endloop
  endfacet
  facet normal 0 0 1
    outer loop
      vertex 11.3923 15.6507 7.5
      vertex 12.488 17.0787 7.5
      vertex 12.14 17.3113 7.5
    endloop
  endfacet
  facet normal 0 0 1
    outer loop
      vertex 13.4964 13.3154 7.5
      vertex 11.8334 14.0042 7.5
      vertex 13.3113 12.94 7.5
    endloop
  endfacet
  facet normal -0 0 1
    outer loop
      vertex 11.7524 13.84 7.5
      vertex 13.3113 12.94 7.5
      vertex 11.8334 14.0042 7.5
    endloop
  endfacet
  facet normal 0 0 1
    outer loop
      vertex 13.7126 14.9577 7.5
      vertex 11.928 14.7227 7.5
      vertex 11.94 14.54 7.5
    endloop
  endfacet
  facet normal 0 0 1
    outer loop
      vertex 13.631 15.3682 7.5
      vertex 11.8923 14.9023 7.5
      vertex 11.928 14.7227 7.5
    endloop
  endfacet
  facet normal 0 0 1
    outer loop
      vertex 13.4964 15.7646 7.5
      vertex 11.8334 15.0758 7.5
      vertex 11.8923 14.9023 7.5
    endloop
  endfacet
  facet normal 0 0 1
    outer loop
      vertex 11.24 15.7524 7.5
      vertex 12.14 17.3113 7.5
      vertex 11.7646 17.4964 7.5
    endloop
  endfacet
  facet normal 0 0 1
    outer loop
      vertex 13.3113 16.14 7.5
      vertex 11.7524 15.24 7.5
      vertex 11.8334 15.0758 7.5
    endloop
  endfacet
  facet normal 0 0 1
    outer loop
      vertex 13.0787 16.488 7.5
      vertex 11.6507 15.3923 7.5
      vertex 11.7524 15.24 7.5
    endloop
  endfacet
  facet normal 0 0 1
    outer loop
      vertex 12.8027 16.8027 7.5
      vertex 11.5299 15.5299 7.5
      vertex 11.6507 15.3923 7.5
    endloop
  endfacet
  facet normal 0 0 1
    outer loop
      vertex 12.488 17.0787 7.5
      vertex 11.3923 15.6507 7.5
      vertex 11.5299 15.5299 7.5
    endloop
  endfacet
  facet normal 0 0 1
    outer loop
      vertex 11.0758 15.8334 7.5
      vertex 11.7646 17.4964 7.5
      vertex 11.3682 17.631 7.5
    endloop
  endfacet
  facet normal 0 0 1
    outer loop
      vertex 12.14 17.3113 7.5
      vertex 11.24 15.7524 7.5
      vertex 11.3923 15.6507 7.5
    endloop
  endfacet
  facet normal 0 0 1
    outer loop
      vertex 11.7646 17.4964 7.5
      vertex 11.0758 15.8334 7.5
      vertex 11.24 15.7524 7.5
    endloop
  endfacet
  facet normal 0 0 1
    outer loop
      vertex 10.9023 15.8923 7.5
      vertex 11.3682 17.631 7.5
      vertex 10.9577 17.7126 7.5
    endloop
  endfacet
  facet normal 0 0 1
    outer loop
      vertex 11.3682 17.631 7.5
      vertex 10.9023 15.8923 7.5
      vertex 11.0758 15.8334 7.5
    endloop
  endfacet
  facet normal 0 0 1
    outer loop
      vertex 10.9577 17.7126 7.5
      vertex 10.7227 15.928 7.5
      vertex 10.9023 15.8923 7.5
    endloop
  endfacet
  facet normal 0 0 1
    outer loop
      vertex 10.54 17.74 7.5
      vertex 10.7227 15.928 7.5
      vertex 10.9577 17.7126 7.5
    endloop
  endfacet
  facet normal 0 0 1
    outer loop
      vertex 10.54 17.74 7.5
      vertex 10.54 15.94 7.5
      vertex 10.7227 15.928 7.5
    endloop
  endfacet
  facet normal 0 0 1
    outer loop
      vertex 10.54 17.74 7.5
      vertex 10.3573 15.928 7.5
      vertex 10.54 15.94 7.5
    endloop
  endfacet
  facet normal -0 0 1
    outer loop
      vertex 10.1223 17.7126 7.5
      vertex 10.3573 15.928 7.5
      vertex 10.54 17.74 7.5
    endloop
  endfacet
  facet normal 0 0 1
    outer loop
      vertex 10.3573 15.928 7.5
      vertex 10.1223 17.7126 7.5
      vertex 10.1777 15.8923 7.5
    endloop
  endfacet
  facet normal -0 0 1
    outer loop
      vertex 9.71178 17.631 7.5
      vertex 10.1777 15.8923 7.5
      vertex 10.1223 17.7126 7.5
    endloop
  endfacet
  facet normal 0 0 1
    outer loop
      vertex 10.1777 15.8923 7.5
      vertex 9.71178 17.631 7.5
      vertex 10.0042 15.8334 7.5
    endloop
  endfacet
  facet normal -0 0 1
    outer loop
      vertex 9.31541 17.4964 7.5
      vertex 10.0042 15.8334 7.5
      vertex 9.71178 17.631 7.5
    endloop
  endfacet
  facet normal 0 0 1
    outer loop
      vertex 10.0042 15.8334 7.5
      vertex 9.31541 17.4964 7.5
      vertex 9.84 15.7524 7.5
    endloop
  endfacet
  facet normal -0 0 1
    outer loop
      vertex 8.94 17.3113 7.5
      vertex 9.84 15.7524 7.5
      vertex 9.31541 17.4964 7.5
    endloop
  endfacet
  facet normal 0 0 1
    outer loop
      vertex 9.84 15.7524 7.5
      vertex 8.94 17.3113 7.5
      vertex 9.68773 15.6507 7.5
    endloop
  endfacet
  facet normal -0 0 1
    outer loop
      vertex 8.59196 17.0787 7.5
      vertex 9.68773 15.6507 7.5
      vertex 8.94 17.3113 7.5
    endloop
  endfacet
  facet normal 0 0 1
    outer loop
      vertex 9.68773 15.6507 7.5
      vertex 8.59196 17.0787 7.5
      vertex 9.55005 15.5299 7.5
    endloop
  endfacet
  facet normal -0 0 1
    outer loop
      vertex 8.27726 16.8027 7.5
      vertex 9.55005 15.5299 7.5
      vertex 8.59196 17.0787 7.5
    endloop
  endfacet
  facet normal 0 0 1
    outer loop
      vertex 9.55005 15.5299 7.5
      vertex 8.27726 16.8027 7.5
      vertex 9.42931 15.3923 7.5
    endloop
  endfacet
  facet normal -0 0 1
    outer loop
      vertex 8.00127 16.488 7.5
      vertex 9.42931 15.3923 7.5
      vertex 8.27726 16.8027 7.5
    endloop
  endfacet
  facet normal 0 0 1
    outer loop
      vertex 9.42931 15.3923 7.5
      vertex 8.00127 16.488 7.5
      vertex 9.32756 15.24 7.5
    endloop
  endfacet
  facet normal -0 0 1
    outer loop
      vertex 7.76872 16.14 7.5
      vertex 9.32756 15.24 7.5
      vertex 8.00127 16.488 7.5
    endloop
  endfacet
  facet normal 0 0 1
    outer loop
      vertex 13.3113 12.94 7.5
      vertex 11.7524 13.84 7.5
      vertex 13.0787 12.592 7.5
    endloop
  endfacet
  facet normal -0 0 1
    outer loop
      vertex 11.6507 13.6877 7.5
      vertex 13.0787 12.592 7.5
      vertex 11.7524 13.84 7.5
    endloop
  endfacet
  facet normal 0 0 1
    outer loop
      vertex 13.0787 12.592 7.5
      vertex 11.6507 13.6877 7.5
      vertex 12.8027 12.2773 7.5
    endloop
  endfacet
  facet normal -0 0 1
    outer loop
      vertex 11.5299 13.55 7.5
      vertex 12.8027 12.2773 7.5
      vertex 11.6507 13.6877 7.5
    endloop
  endfacet
  facet normal 0 0 1
    outer loop
      vertex 12.8027 12.2773 7.5
      vertex 11.5299 13.55 7.5
      vertex 12.488 12.0013 7.5
    endloop
  endfacet
  facet normal -0 0 1
    outer loop
      vertex 11.3923 13.4293 7.5
      vertex 12.488 12.0013 7.5
      vertex 11.5299 13.55 7.5
    endloop
  endfacet
  facet normal 0 0 1
    outer loop
      vertex 12.488 12.0013 7.5
      vertex 11.3923 13.4293 7.5
      vertex 12.14 11.7687 7.5
    endloop
  endfacet
  facet normal -0 0 1
    outer loop
      vertex 11.24 13.3276 7.5
      vertex 12.14 11.7687 7.5
      vertex 11.3923 13.4293 7.5
    endloop
  endfacet
  facet normal 0 0 1
    outer loop
      vertex 12.14 11.7687 7.5
      vertex 11.24 13.3276 7.5
      vertex 11.7646 11.5836 7.5
    endloop
  endfacet
  facet normal -0 0 1
    outer loop
      vertex 11.0758 13.2466 7.5
      vertex 11.7646 11.5836 7.5
      vertex 11.24 13.3276 7.5
    endloop
  endfacet
  facet normal 0 0 1
    outer loop
      vertex 11.7646 11.5836 7.5
      vertex 11.0758 13.2466 7.5
      vertex 11.3682 11.449 7.5
    endloop
  endfacet
  facet normal -0 0 1
    outer loop
      vertex 10.9023 13.1877 7.5
      vertex 11.3682 11.449 7.5
      vertex 11.0758 13.2466 7.5
    endloop
  endfacet
  facet normal 0 0 1
    outer loop
      vertex 11.3682 11.449 7.5
      vertex 10.9023 13.1877 7.5
      vertex 10.9577 11.3674 7.5
    endloop
  endfacet
  facet normal -0 0 1
    outer loop
      vertex 10.7227 13.152 7.5
      vertex 10.9577 11.3674 7.5
      vertex 10.9023 13.1877 7.5
    endloop
  endfacet
  facet normal -0 0 1
    outer loop
      vertex 10.54 13.14 7.5
      vertex 10.9577 11.3674 7.5
      vertex 10.7227 13.152 7.5
    endloop
  endfacet
  facet normal 0 0 1
    outer loop
      vertex 10.54 13.14 7.5
      vertex 10.54 11.34 7.5
      vertex 10.9577 11.3674 7.5
    endloop
  endfacet
  facet normal 0 0 1
    outer loop
      vertex 10.3573 13.152 7.5
      vertex 10.54 11.34 7.5
      vertex 10.54 13.14 7.5
    endloop
  endfacet
  facet normal 0 0 1
    outer loop
      vertex 10.1223 11.3674 7.5
      vertex 10.3573 13.152 7.5
      vertex 10.1777 13.1877 7.5
    endloop
  endfacet
  facet normal 0 0 1
    outer loop
      vertex 10.3573 13.152 7.5
      vertex 10.1223 11.3674 7.5
      vertex 10.54 11.34 7.5
    endloop
  endfacet
  facet normal 0 0 1
    outer loop
      vertex 9.71178 11.449 7.5
      vertex 10.1777 13.1877 7.5
      vertex 10.0042 13.2466 7.5
    endloop
  endfacet
  facet normal 0 0 1
    outer loop
      vertex 9.31541 11.5836 7.5
      vertex 10.0042 13.2466 7.5
      vertex 9.84 13.3276 7.5
    endloop
  endfacet
  facet normal 0 0 1
    outer loop
      vertex 10.1777 13.1877 7.5
      vertex 9.71178 11.449 7.5
      vertex 10.1223 11.3674 7.5
    endloop
  endfacet
  facet normal 0 0 1
    outer loop
      vertex 8.94 11.7687 7.5
      vertex 9.84 13.3276 7.5
      vertex 9.68773 13.4293 7.5
    endloop
  endfacet
  facet normal 0 0 1
    outer loop
      vertex 8.59196 12.0013 7.5
      vertex 9.68773 13.4293 7.5
      vertex 9.55005 13.55 7.5
    endloop
  endfacet
  facet normal 0 0 1
    outer loop
      vertex 8.27726 12.2773 7.5
      vertex 9.55005 13.55 7.5
      vertex 9.42931 13.6877 7.5
    endloop
  endfacet
  facet normal 0 0 1
    outer loop
      vertex 8.00127 12.592 7.5
      vertex 9.42931 13.6877 7.5
      vertex 9.32756 13.84 7.5
    endloop
  endfacet
  facet normal 0 0 1
    outer loop
      vertex 10.0042 13.2466 7.5
      vertex 9.31541 11.5836 7.5
      vertex 9.71178 11.449 7.5
    endloop
  endfacet
  facet normal 0 0 1
    outer loop
      vertex 7.76872 12.94 7.5
      vertex 9.32756 13.84 7.5
      vertex 9.24657 14.0042 7.5
    endloop
  endfacet
  facet normal 0 0 1
    outer loop
      vertex 7.58358 13.3154 7.5
      vertex 9.24657 14.0042 7.5
      vertex 9.1877 14.1777 7.5
    endloop
  endfacet
  facet normal 0 0 1
    outer loop
      vertex 7.44904 13.7118 7.5
      vertex 9.1877 14.1777 7.5
      vertex 9.15198 14.3573 7.5
    endloop
  endfacet
  facet normal 0 0 1
    outer loop
      vertex 7.36738 14.1223 7.5
      vertex 9.15198 14.3573 7.5
      vertex 9.14 14.54 7.5
    endloop
  endfacet
  facet normal 0 0 1
    outer loop
      vertex 9.32756 15.24 7.5
      vertex 7.76872 16.14 7.5
      vertex 9.24657 15.0758 7.5
    endloop
  endfacet
  facet normal 0 0 1
    outer loop
      vertex 9.84 13.3276 7.5
      vertex 8.94 11.7687 7.5
      vertex 9.31541 11.5836 7.5
    endloop
  endfacet
  facet normal -0 0 1
    outer loop
      vertex 7.58358 15.7646 7.5
      vertex 9.24657 15.0758 7.5
      vertex 7.76872 16.14 7.5
    endloop
  endfacet
  facet normal 0 0 1
    outer loop
      vertex 9.68773 13.4293 7.5
      vertex 8.59196 12.0013 7.5
      vertex 8.94 11.7687 7.5
    endloop
  endfacet
  facet normal 0 0 1
    outer loop
      vertex 9.24657 15.0758 7.5
      vertex 7.58358 15.7646 7.5
      vertex 9.1877 14.9023 7.5
    endloop
  endfacet
  facet normal 0 0 1
    outer loop
      vertex 9.55005 13.55 7.5
      vertex 8.27726 12.2773 7.5
      vertex 8.59196 12.0013 7.5
    endloop
  endfacet
  facet normal -0 0 1
    outer loop
      vertex 7.44904 15.3682 7.5
      vertex 9.1877 14.9023 7.5
      vertex 7.58358 15.7646 7.5
    endloop
  endfacet
  facet normal 0 0 1
    outer loop
      vertex 9.42931 13.6877 7.5
      vertex 8.00127 12.592 7.5
      vertex 8.27726 12.2773 7.5
    endloop
  endfacet
  facet normal 0 0 1
    outer loop
      vertex 9.1877 14.9023 7.5
      vertex 7.44904 15.3682 7.5
      vertex 9.15198 14.7227 7.5
    endloop
  endfacet
  facet normal 0 0 1
    outer loop
      vertex 9.32756 13.84 7.5
      vertex 7.76872 12.94 7.5
      vertex 8.00127 12.592 7.5
    endloop
  endfacet
  facet normal -0 0 1
    outer loop
      vertex 7.36738 14.9577 7.5
      vertex 9.15198 14.7227 7.5
      vertex 7.44904 15.3682 7.5
    endloop
  endfacet
  facet normal 0 0 1
    outer loop
      vertex 9.24657 14.0042 7.5
      vertex 7.58358 13.3154 7.5
      vertex 7.76872 12.94 7.5
    endloop
  endfacet
  facet normal 0 0 1
    outer loop
      vertex 9.15198 14.7227 7.5
      vertex 7.36738 14.9577 7.5
      vertex 9.14 14.54 7.5
    endloop
  endfacet
  facet normal 0 0 1
    outer loop
      vertex 9.1877 14.1777 7.5
      vertex 7.44904 13.7118 7.5
      vertex 7.58358 13.3154 7.5
    endloop
  endfacet
  facet normal 0 0 1
    outer loop
      vertex 7.34 14.54 7.5
      vertex 9.14 14.54 7.5
      vertex 7.36738 14.9577 7.5
    endloop
  endfacet
  facet normal 0 0 1
    outer loop
      vertex 9.15198 14.3573 7.5
      vertex 7.36738 14.1223 7.5
      vertex 7.44904 13.7118 7.5
    endloop
  endfacet
  facet normal 0 0 1
    outer loop
      vertex 9.14 14.54 7.5
      vertex 7.34 14.54 7.5
      vertex 7.36738 14.1223 7.5
    endloop
  endfacet
  facet normal 0 0 1
    outer loop
      vertex 11.94 62.038 7.5
      vertex 13.74 62.038 7.5
      vertex 13.7126 62.4557 7.5
    endloop
  endfacet
  facet normal 0 0 1
    outer loop
      vertex 11.928 62.2207 7.5
      vertex 13.7126 62.4557 7.5
      vertex 13.631 62.8662 7.5
    endloop
  endfacet
  facet normal 0 0 1
    outer loop
      vertex 13.74 62.038 7.5
      vertex 11.94 62.038 7.5
      vertex 13.7126 61.6203 7.5
    endloop
  endfacet
  facet normal 0 0 1
    outer loop
      vertex 11.8923 62.4003 7.5
      vertex 13.631 62.8662 7.5
      vertex 13.4964 63.2626 7.5
    endloop
  endfacet
  facet normal -0 0 1
    outer loop
      vertex 11.928 61.8553 7.5
      vertex 13.7126 61.6203 7.5
      vertex 11.94 62.038 7.5
    endloop
  endfacet
  facet normal 0 0 1
    outer loop
      vertex 11.8334 62.5738 7.5
      vertex 13.4964 63.2626 7.5
      vertex 13.3113 63.638 7.5
    endloop
  endfacet
  facet normal 0 0 1
    outer loop
      vertex 13.7126 61.6203 7.5
      vertex 11.928 61.8553 7.5
      vertex 13.631 61.2098 7.5
    endloop
  endfacet
  facet normal 0 0 1
    outer loop
      vertex 11.7524 62.738 7.5
      vertex 13.3113 63.638 7.5
      vertex 13.0787 63.986 7.5
    endloop
  endfacet
  facet normal -0 0 1
    outer loop
      vertex 11.8923 61.6757 7.5
      vertex 13.631 61.2098 7.5
      vertex 11.928 61.8553 7.5
    endloop
  endfacet
  facet normal 0 0 1
    outer loop
      vertex 11.6507 62.8903 7.5
      vertex 13.0787 63.986 7.5
      vertex 12.8027 64.3007 7.5
    endloop
  endfacet
  facet normal 0 0 1
    outer loop
      vertex 13.631 61.2098 7.5
      vertex 11.8923 61.6757 7.5
      vertex 13.4964 60.8134 7.5
    endloop
  endfacet
  facet normal 0 0 1
    outer loop
      vertex 11.5299 63.028 7.5
      vertex 12.8027 64.3007 7.5
      vertex 12.488 64.5767 7.5
    endloop
  endfacet
  facet normal -0 0 1
    outer loop
      vertex 11.8334 61.5022 7.5
      vertex 13.4964 60.8134 7.5
      vertex 11.8923 61.6757 7.5
    endloop
  endfacet
  facet normal 0 0 1
    outer loop
      vertex 11.3923 63.1487 7.5
      vertex 12.488 64.5767 7.5
      vertex 12.14 64.8093 7.5
    endloop
  endfacet
  facet normal 0 0 1
    outer loop
      vertex 13.4964 60.8134 7.5
      vertex 11.8334 61.5022 7.5
      vertex 13.3113 60.438 7.5
    endloop
  endfacet
  facet normal -0 0 1
    outer loop
      vertex 11.7524 61.338 7.5
      vertex 13.3113 60.438 7.5
      vertex 11.8334 61.5022 7.5
    endloop
  endfacet
  facet normal 0 0 1
    outer loop
      vertex 13.7126 62.4557 7.5
      vertex 11.928 62.2207 7.5
      vertex 11.94 62.038 7.5
    endloop
  endfacet
  facet normal 0 0 1
    outer loop
      vertex 13.631 62.8662 7.5
      vertex 11.8923 62.4003 7.5
      vertex 11.928 62.2207 7.5
    endloop
  endfacet
  facet normal 0 0 1
    outer loop
      vertex 13.4964 63.2626 7.5
      vertex 11.8334 62.5738 7.5
      vertex 11.8923 62.4003 7.5
    endloop
  endfacet
  facet normal 0 0 1
    outer loop
      vertex 11.24 63.2504 7.5
      vertex 12.14 64.8093 7.5
      vertex 11.7646 64.9944 7.5
    endloop
  endfacet
  facet normal 0 0 1
    outer loop
      vertex 13.3113 63.638 7.5
      vertex 11.7524 62.738 7.5
      vertex 11.8334 62.5738 7.5
    endloop
  endfacet
  facet normal 0 0 1
    outer loop
      vertex 13.0787 63.986 7.5
      vertex 11.6507 62.8903 7.5
      vertex 11.7524 62.738 7.5
    endloop
  endfacet
  facet normal 0 0 1
    outer loop
      vertex 12.8027 64.3007 7.5
      vertex 11.5299 63.028 7.5
      vertex 11.6507 62.8903 7.5
    endloop
  endfacet
  facet normal 0 0 1
    outer loop
      vertex 12.488 64.5767 7.5
      vertex 11.3923 63.1487 7.5
      vertex 11.5299 63.028 7.5
    endloop
  endfacet
  facet normal 0 0 1
    outer loop
      vertex 11.0758 63.3314 7.5
      vertex 11.7646 64.9944 7.5
      vertex 11.3682 65.129 7.5
    endloop
  endfacet
  facet normal 0 0 1
    outer loop
      vertex 12.14 64.8093 7.5
      vertex 11.24 63.2504 7.5
      vertex 11.3923 63.1487 7.5
    endloop
  endfacet
  facet normal 0 0 1
    outer loop
      vertex 11.7646 64.9944 7.5
      vertex 11.0758 63.3314 7.5
      vertex 11.24 63.2504 7.5
    endloop
  endfacet
  facet normal 0 0 1
    outer loop
      vertex 10.9023 63.3903 7.5
      vertex 11.3682 65.129 7.5
      vertex 10.9577 65.2106 7.5
    endloop
  endfacet
  facet normal 0 0 1
    outer loop
      vertex 11.3682 65.129 7.5
      vertex 10.9023 63.3903 7.5
      vertex 11.0758 63.3314 7.5
    endloop
  endfacet
  facet normal 0 0 1
    outer loop
      vertex 10.9577 65.2106 7.5
      vertex 10.7227 63.426 7.5
      vertex 10.9023 63.3903 7.5
    endloop
  endfacet
  facet normal 0 0 1
    outer loop
      vertex 10.54 65.238 7.5
      vertex 10.7227 63.426 7.5
      vertex 10.9577 65.2106 7.5
    endloop
  endfacet
  facet normal 0 0 1
    outer loop
      vertex 10.54 65.238 7.5
      vertex 10.54 63.438 7.5
      vertex 10.7227 63.426 7.5
    endloop
  endfacet
  facet normal 0 0 1
    outer loop
      vertex 10.54 65.238 7.5
      vertex 10.3573 63.426 7.5
      vertex 10.54 63.438 7.5
    endloop
  endfacet
  facet normal -0 0 1
    outer loop
      vertex 10.1223 65.2106 7.5
      vertex 10.3573 63.426 7.5
      vertex 10.54 65.238 7.5
    endloop
  endfacet
  facet normal 0 0 1
    outer loop
      vertex 10.3573 63.426 7.5
      vertex 10.1223 65.2106 7.5
      vertex 10.1777 63.3903 7.5
    endloop
  endfacet
  facet normal -0 0 1
    outer loop
      vertex 9.71178 65.129 7.5
      vertex 10.1777 63.3903 7.5
      vertex 10.1223 65.2106 7.5
    endloop
  endfacet
  facet normal 0 0 1
    outer loop
      vertex 10.1777 63.3903 7.5
      vertex 9.71178 65.129 7.5
      vertex 10.0042 63.3314 7.5
    endloop
  endfacet
  facet normal -0 0 1
    outer loop
      vertex 9.31541 64.9944 7.5
      vertex 10.0042 63.3314 7.5
      vertex 9.71178 65.129 7.5
    endloop
  endfacet
  facet normal 0 0 1
    outer loop
      vertex 10.0042 63.3314 7.5
      vertex 9.31541 64.9944 7.5
      vertex 9.84 63.2504 7.5
    endloop
  endfacet
  facet normal -0 0 1
    outer loop
      vertex 8.94 64.8093 7.5
      vertex 9.84 63.2504 7.5
      vertex 9.31541 64.9944 7.5
    endloop
  endfacet
  facet normal 0 0 1
    outer loop
      vertex 9.84 63.2504 7.5
      vertex 8.94 64.8093 7.5
      vertex 9.68773 63.1487 7.5
    endloop
  endfacet
  facet normal -0 0 1
    outer loop
      vertex 8.59196 64.5767 7.5
      vertex 9.68773 63.1487 7.5
      vertex 8.94 64.8093 7.5
    endloop
  endfacet
  facet normal 0 0 1
    outer loop
      vertex 9.68773 63.1487 7.5
      vertex 8.59196 64.5767 7.5
      vertex 9.55005 63.028 7.5
    endloop
  endfacet
  facet normal -0 0 1
    outer loop
      vertex 8.27726 64.3007 7.5
      vertex 9.55005 63.028 7.5
      vertex 8.59196 64.5767 7.5
    endloop
  endfacet
  facet normal 0 0 1
    outer loop
      vertex 9.55005 63.028 7.5
      vertex 8.27726 64.3007 7.5
      vertex 9.42931 62.8903 7.5
    endloop
  endfacet
  facet normal -0 0 1
    outer loop
      vertex 8.00127 63.986 7.5
      vertex 9.42931 62.8903 7.5
      vertex 8.27726 64.3007 7.5
    endloop
  endfacet
  facet normal 0 0 1
    outer loop
      vertex 9.42931 62.8903 7.5
      vertex 8.00127 63.986 7.5
      vertex 9.32756 62.738 7.5
    endloop
  endfacet
  facet normal -0 0 1
    outer loop
      vertex 7.76872 63.638 7.5
      vertex 9.32756 62.738 7.5
      vertex 8.00127 63.986 7.5
    endloop
  endfacet
  facet normal 0 0 1
    outer loop
      vertex 13.3113 60.438 7.5
      vertex 11.7524 61.338 7.5
      vertex 13.0787 60.09 7.5
    endloop
  endfacet
  facet normal -0 0 1
    outer loop
      vertex 11.6507 61.1857 7.5
      vertex 13.0787 60.09 7.5
      vertex 11.7524 61.338 7.5
    endloop
  endfacet
  facet normal 0 0 1
    outer loop
      vertex 13.0787 60.09 7.5
      vertex 11.6507 61.1857 7.5
      vertex 12.8027 59.7753 7.5
    endloop
  endfacet
  facet normal -0 0 1
    outer loop
      vertex 11.5299 61.048 7.5
      vertex 12.8027 59.7753 7.5
      vertex 11.6507 61.1857 7.5
    endloop
  endfacet
  facet normal 0 0 1
    outer loop
      vertex 12.8027 59.7753 7.5
      vertex 11.5299 61.048 7.5
      vertex 12.488 59.4993 7.5
    endloop
  endfacet
  facet normal -0 0 1
    outer loop
      vertex 11.3923 60.9273 7.5
      vertex 12.488 59.4993 7.5
      vertex 11.5299 61.048 7.5
    endloop
  endfacet
  facet normal 0 0 1
    outer loop
      vertex 12.488 59.4993 7.5
      vertex 11.3923 60.9273 7.5
      vertex 12.14 59.2667 7.5
    endloop
  endfacet
  facet normal -0 0 1
    outer loop
      vertex 11.24 60.8256 7.5
      vertex 12.14 59.2667 7.5
      vertex 11.3923 60.9273 7.5
    endloop
  endfacet
  facet normal 0 0 1
    outer loop
      vertex 12.14 59.2667 7.5
      vertex 11.24 60.8256 7.5
      vertex 11.7646 59.0816 7.5
    endloop
  endfacet
  facet normal -0 0 1
    outer loop
      vertex 11.0758 60.7446 7.5
      vertex 11.7646 59.0816 7.5
      vertex 11.24 60.8256 7.5
    endloop
  endfacet
  facet normal 0 0 1
    outer loop
      vertex 11.7646 59.0816 7.5
      vertex 11.0758 60.7446 7.5
      vertex 11.3682 58.947 7.5
    endloop
  endfacet
  facet normal -0 0 1
    outer loop
      vertex 10.9023 60.6857 7.5
      vertex 11.3682 58.947 7.5
      vertex 11.0758 60.7446 7.5
    endloop
  endfacet
  facet normal 0 0 1
    outer loop
      vertex 11.3682 58.947 7.5
      vertex 10.9023 60.6857 7.5
      vertex 10.9577 58.8654 7.5
    endloop
  endfacet
  facet normal -0 0 1
    outer loop
      vertex 10.7227 60.65 7.5
      vertex 10.9577 58.8654 7.5
      vertex 10.9023 60.6857 7.5
    endloop
  endfacet
  facet normal -0 0 1
    outer loop
      vertex 10.54 60.638 7.5
      vertex 10.9577 58.8654 7.5
      vertex 10.7227 60.65 7.5
    endloop
  endfacet
  facet normal 0 0 1
    outer loop
      vertex 10.54 60.638 7.5
      vertex 10.54 58.838 7.5
      vertex 10.9577 58.8654 7.5
    endloop
  endfacet
  facet normal 0 0 1
    outer loop
      vertex 10.3573 60.65 7.5
      vertex 10.54 58.838 7.5
      vertex 10.54 60.638 7.5
    endloop
  endfacet
  facet normal 0 0 1
    outer loop
      vertex 10.1223 58.8654 7.5
      vertex 10.3573 60.65 7.5
      vertex 10.1777 60.6857 7.5
    endloop
  endfacet
  facet normal 0 0 1
    outer loop
      vertex 10.3573 60.65 7.5
      vertex 10.1223 58.8654 7.5
      vertex 10.54 58.838 7.5
    endloop
  endfacet
  facet normal 0 0 1
    outer loop
      vertex 9.71178 58.947 7.5
      vertex 10.1777 60.6857 7.5
      vertex 10.0042 60.7446 7.5
    endloop
  endfacet
  facet normal 0 0 1
    outer loop
      vertex 9.31541 59.0816 7.5
      vertex 10.0042 60.7446 7.5
      vertex 9.84 60.8256 7.5
    endloop
  endfacet
  facet normal 0 0 1
    outer loop
      vertex 10.1777 60.6857 7.5
      vertex 9.71178 58.947 7.5
      vertex 10.1223 58.8654 7.5
    endloop
  endfacet
  facet normal 0 0 1
    outer loop
      vertex 8.94 59.2667 7.5
      vertex 9.84 60.8256 7.5
      vertex 9.68773 60.9273 7.5
    endloop
  endfacet
  facet normal 0 0 1
    outer loop
      vertex 8.59196 59.4993 7.5
      vertex 9.68773 60.9273 7.5
      vertex 9.55005 61.048 7.5
    endloop
  endfacet
  facet normal 0 0 1
    outer loop
      vertex 8.27726 59.7753 7.5
      vertex 9.55005 61.048 7.5
      vertex 9.42931 61.1857 7.5
    endloop
  endfacet
  facet normal 0 0 1
    outer loop
      vertex 8.00127 60.09 7.5
      vertex 9.42931 61.1857 7.5
      vertex 9.32756 61.338 7.5
    endloop
  endfacet
  facet normal 0 0 1
    outer loop
      vertex 10.0042 60.7446 7.5
      vertex 9.31541 59.0816 7.5
      vertex 9.71178 58.947 7.5
    endloop
  endfacet
  facet normal 0 0 1
    outer loop
      vertex 7.76872 60.438 7.5
      vertex 9.32756 61.338 7.5
      vertex 9.24657 61.5022 7.5
    endloop
  endfacet
  facet normal 0 0 1
    outer loop
      vertex 7.58358 60.8134 7.5
      vertex 9.24657 61.5022 7.5
      vertex 9.1877 61.6757 7.5
    endloop
  endfacet
  facet normal 0 0 1
    outer loop
      vertex 7.44904 61.2098 7.5
      vertex 9.1877 61.6757 7.5
      vertex 9.15198 61.8553 7.5
    endloop
  endfacet
  facet normal 0 0 1
    outer loop
      vertex 7.36738 61.6203 7.5
      vertex 9.15198 61.8553 7.5
      vertex 9.14 62.038 7.5
    endloop
  endfacet
  facet normal 0 0 1
    outer loop
      vertex 9.32756 62.738 7.5
      vertex 7.76872 63.638 7.5
      vertex 9.24657 62.5738 7.5
    endloop
  endfacet
  facet normal 0 0 1
    outer loop
      vertex 9.84 60.8256 7.5
      vertex 8.94 59.2667 7.5
      vertex 9.31541 59.0816 7.5
    endloop
  endfacet
  facet normal -0 0 1
    outer loop
      vertex 7.58358 63.2626 7.5
      vertex 9.24657 62.5738 7.5
      vertex 7.76872 63.638 7.5
    endloop
  endfacet
  facet normal 0 0 1
    outer loop
      vertex 9.68773 60.9273 7.5
      vertex 8.59196 59.4993 7.5
      vertex 8.94 59.2667 7.5
    endloop
  endfacet
  facet normal 0 0 1
    outer loop
      vertex 9.24657 62.5738 7.5
      vertex 7.58358 63.2626 7.5
      vertex 9.1877 62.4003 7.5
    endloop
  endfacet
  facet normal 0 0 1
    outer loop
      vertex 9.55005 61.048 7.5
      vertex 8.27726 59.7753 7.5
      vertex 8.59196 59.4993 7.5
    endloop
  endfacet
  facet normal -0 0 1
    outer loop
      vertex 7.44904 62.8662 7.5
      vertex 9.1877 62.4003 7.5
      vertex 7.58358 63.2626 7.5
    endloop
  endfacet
  facet normal 0 0 1
    outer loop
      vertex 9.42931 61.1857 7.5
      vertex 8.00127 60.09 7.5
      vertex 8.27726 59.7753 7.5
    endloop
  endfacet
  facet normal 0 0 1
    outer loop
      vertex 9.1877 62.4003 7.5
      vertex 7.44904 62.8662 7.5
      vertex 9.15198 62.2207 7.5
    endloop
  endfacet
  facet normal 0 0 1
    outer loop
      vertex 9.32756 61.338 7.5
      vertex 7.76872 60.438 7.5
      vertex 8.00127 60.09 7.5
    endloop
  endfacet
  facet normal -0 0 1
    outer loop
      vertex 7.36738 62.4557 7.5
      vertex 9.15198 62.2207 7.5
      vertex 7.44904 62.8662 7.5
    endloop
  endfacet
  facet normal 0 0 1
    outer loop
      vertex 9.24657 61.5022 7.5
      vertex 7.58358 60.8134 7.5
      vertex 7.76872 60.438 7.5
    endloop
  endfacet
  facet normal 0 0 1
    outer loop
      vertex 9.15198 62.2207 7.5
      vertex 7.36738 62.4557 7.5
      vertex 9.14 62.038 7.5
    endloop
  endfacet
  facet normal 0 0 1
    outer loop
      vertex 9.1877 61.6757 7.5
      vertex 7.44904 61.2098 7.5
      vertex 7.58358 60.8134 7.5
    endloop
  endfacet
  facet normal 0 0 1
    outer loop
      vertex 7.34 62.038 7.5
      vertex 9.14 62.038 7.5
      vertex 7.36738 62.4557 7.5
    endloop
  endfacet
  facet normal 0 0 1
    outer loop
      vertex 9.15198 61.8553 7.5
      vertex 7.36738 61.6203 7.5
      vertex 7.44904 61.2098 7.5
    endloop
  endfacet
  facet normal 0 0 1
    outer loop
      vertex 9.14 62.038 7.5
      vertex 7.34 62.038 7.5
      vertex 7.36738 61.6203 7.5
    endloop
  endfacet
  facet normal 0 0 1
    outer loop
      vertex 71.63 62.038 7.5
      vertex 73.43 62.038 7.5
      vertex 73.4026 62.4557 7.5
    endloop
  endfacet
  facet normal 0 0 1
    outer loop
      vertex 71.618 62.2207 7.5
      vertex 73.4026 62.4557 7.5
      vertex 73.321 62.8662 7.5
    endloop
  endfacet
  facet normal 0 0 1
    outer loop
      vertex 73.43 62.038 7.5
      vertex 71.63 62.038 7.5
      vertex 73.4026 61.6203 7.5
    endloop
  endfacet
  facet normal 0 0 1
    outer loop
      vertex 71.5823 62.4003 7.5
      vertex 73.321 62.8662 7.5
      vertex 73.1864 63.2626 7.5
    endloop
  endfacet
  facet normal -0 0 1
    outer loop
      vertex 71.618 61.8553 7.5
      vertex 73.4026 61.6203 7.5
      vertex 71.63 62.038 7.5
    endloop
  endfacet
  facet normal 0 0 1
    outer loop
      vertex 71.5234 62.5738 7.5
      vertex 73.1864 63.2626 7.5
      vertex 73.0013 63.638 7.5
    endloop
  endfacet
  facet normal 0 0 1
    outer loop
      vertex 73.4026 61.6203 7.5
      vertex 71.618 61.8553 7.5
      vertex 73.321 61.2098 7.5
    endloop
  endfacet
  facet normal 0 0 1
    outer loop
      vertex 71.4424 62.738 7.5
      vertex 73.0013 63.638 7.5
      vertex 72.7687 63.986 7.5
    endloop
  endfacet
  facet normal -0 0 1
    outer loop
      vertex 71.5823 61.6757 7.5
      vertex 73.321 61.2098 7.5
      vertex 71.618 61.8553 7.5
    endloop
  endfacet
  facet normal 0 0 1
    outer loop
      vertex 71.3407 62.8903 7.5
      vertex 72.7687 63.986 7.5
      vertex 72.4927 64.3007 7.5
    endloop
  endfacet
  facet normal 0 0 1
    outer loop
      vertex 73.321 61.2098 7.5
      vertex 71.5823 61.6757 7.5
      vertex 73.1864 60.8134 7.5
    endloop
  endfacet
  facet normal 0 0 1
    outer loop
      vertex 71.2199 63.028 7.5
      vertex 72.4927 64.3007 7.5
      vertex 72.178 64.5767 7.5
    endloop
  endfacet
  facet normal -0 0 1
    outer loop
      vertex 71.5234 61.5022 7.5
      vertex 73.1864 60.8134 7.5
      vertex 71.5823 61.6757 7.5
    endloop
  endfacet
  facet normal 0 0 1
    outer loop
      vertex 71.0823 63.1487 7.5
      vertex 72.178 64.5767 7.5
      vertex 71.83 64.8093 7.5
    endloop
  endfacet
  facet normal 0 0 1
    outer loop
      vertex 73.1864 60.8134 7.5
      vertex 71.5234 61.5022 7.5
      vertex 73.0013 60.438 7.5
    endloop
  endfacet
  facet normal -0 0 1
    outer loop
      vertex 71.4424 61.338 7.5
      vertex 73.0013 60.438 7.5
      vertex 71.5234 61.5022 7.5
    endloop
  endfacet
  facet normal 0 0 1
    outer loop
      vertex 73.4026 62.4557 7.5
      vertex 71.618 62.2207 7.5
      vertex 71.63 62.038 7.5
    endloop
  endfacet
  facet normal 0 0 1
    outer loop
      vertex 73.321 62.8662 7.5
      vertex 71.5823 62.4003 7.5
      vertex 71.618 62.2207 7.5
    endloop
  endfacet
  facet normal 0 0 1
    outer loop
      vertex 73.1864 63.2626 7.5
      vertex 71.5234 62.5738 7.5
      vertex 71.5823 62.4003 7.5
    endloop
  endfacet
  facet normal 0 0 1
    outer loop
      vertex 70.93 63.2504 7.5
      vertex 71.83 64.8093 7.5
      vertex 71.4546 64.9944 7.5
    endloop
  endfacet
  facet normal 0 0 1
    outer loop
      vertex 73.0013 63.638 7.5
      vertex 71.4424 62.738 7.5
      vertex 71.5234 62.5738 7.5
    endloop
  endfacet
  facet normal 0 0 1
    outer loop
      vertex 72.7687 63.986 7.5
      vertex 71.3407 62.8903 7.5
      vertex 71.4424 62.738 7.5
    endloop
  endfacet
  facet normal 0 0 1
    outer loop
      vertex 72.4927 64.3007 7.5
      vertex 71.2199 63.028 7.5
      vertex 71.3407 62.8903 7.5
    endloop
  endfacet
  facet normal 0 0 1
    outer loop
      vertex 72.178 64.5767 7.5
      vertex 71.0823 63.1487 7.5
      vertex 71.2199 63.028 7.5
    endloop
  endfacet
  facet normal 0 0 1
    outer loop
      vertex 70.7658 63.3314 7.5
      vertex 71.4546 64.9944 7.5
      vertex 71.0582 65.129 7.5
    endloop
  endfacet
  facet normal 0 0 1
    outer loop
      vertex 71.83 64.8093 7.5
      vertex 70.93 63.2504 7.5
      vertex 71.0823 63.1487 7.5
    endloop
  endfacet
  facet normal 0 0 1
    outer loop
      vertex 71.4546 64.9944 7.5
      vertex 70.7658 63.3314 7.5
      vertex 70.93 63.2504 7.5
    endloop
  endfacet
  facet normal 0 0 1
    outer loop
      vertex 70.5923 63.3903 7.5
      vertex 71.0582 65.129 7.5
      vertex 70.6477 65.2106 7.5
    endloop
  endfacet
  facet normal 0 0 1
    outer loop
      vertex 71.0582 65.129 7.5
      vertex 70.5923 63.3903 7.5
      vertex 70.7658 63.3314 7.5
    endloop
  endfacet
  facet normal 0 0 1
    outer loop
      vertex 70.6477 65.2106 7.5
      vertex 70.4127 63.426 7.5
      vertex 70.5923 63.3903 7.5
    endloop
  endfacet
  facet normal 0 0 1
    outer loop
      vertex 70.23 65.238 7.5
      vertex 70.4127 63.426 7.5
      vertex 70.6477 65.2106 7.5
    endloop
  endfacet
  facet normal 0 0 1
    outer loop
      vertex 70.23 65.238 7.5
      vertex 70.23 63.438 7.5
      vertex 70.4127 63.426 7.5
    endloop
  endfacet
  facet normal 0 0 1
    outer loop
      vertex 70.23 65.238 7.5
      vertex 70.0473 63.426 7.5
      vertex 70.23 63.438 7.5
    endloop
  endfacet
  facet normal -0 0 1
    outer loop
      vertex 69.8123 65.2106 7.5
      vertex 70.0473 63.426 7.5
      vertex 70.23 65.238 7.5
    endloop
  endfacet
  facet normal 0 0 1
    outer loop
      vertex 70.0473 63.426 7.5
      vertex 69.8123 65.2106 7.5
      vertex 69.8677 63.3903 7.5
    endloop
  endfacet
  facet normal -0 0 1
    outer loop
      vertex 69.4018 65.129 7.5
      vertex 69.8677 63.3903 7.5
      vertex 69.8123 65.2106 7.5
    endloop
  endfacet
  facet normal 0 0 1
    outer loop
      vertex 69.8677 63.3903 7.5
      vertex 69.4018 65.129 7.5
      vertex 69.6942 63.3314 7.5
    endloop
  endfacet
  facet normal -0 0 1
    outer loop
      vertex 69.0054 64.9944 7.5
      vertex 69.6942 63.3314 7.5
      vertex 69.4018 65.129 7.5
    endloop
  endfacet
  facet normal 0 0 1
    outer loop
      vertex 69.6942 63.3314 7.5
      vertex 69.0054 64.9944 7.5
      vertex 69.53 63.2504 7.5
    endloop
  endfacet
  facet normal -0 0 1
    outer loop
      vertex 68.63 64.8093 7.5
      vertex 69.53 63.2504 7.5
      vertex 69.0054 64.9944 7.5
    endloop
  endfacet
  facet normal 0 0 1
    outer loop
      vertex 69.53 63.2504 7.5
      vertex 68.63 64.8093 7.5
      vertex 69.3777 63.1487 7.5
    endloop
  endfacet
  facet normal -0 0 1
    outer loop
      vertex 68.282 64.5767 7.5
      vertex 69.3777 63.1487 7.5
      vertex 68.63 64.8093 7.5
    endloop
  endfacet
  facet normal 0 0 1
    outer loop
      vertex 69.3777 63.1487 7.5
      vertex 68.282 64.5767 7.5
      vertex 69.2401 63.028 7.5
    endloop
  endfacet
  facet normal -0 0 1
    outer loop
      vertex 67.9673 64.3007 7.5
      vertex 69.2401 63.028 7.5
      vertex 68.282 64.5767 7.5
    endloop
  endfacet
  facet normal 0 0 1
    outer loop
      vertex 69.2401 63.028 7.5
      vertex 67.9673 64.3007 7.5
      vertex 69.1193 62.8903 7.5
    endloop
  endfacet
  facet normal -0 0 1
    outer loop
      vertex 67.6913 63.986 7.5
      vertex 69.1193 62.8903 7.5
      vertex 67.9673 64.3007 7.5
    endloop
  endfacet
  facet normal 0 0 1
    outer loop
      vertex 69.1193 62.8903 7.5
      vertex 67.6913 63.986 7.5
      vertex 69.0176 62.738 7.5
    endloop
  endfacet
  facet normal -0 0 1
    outer loop
      vertex 67.4587 63.638 7.5
      vertex 69.0176 62.738 7.5
      vertex 67.6913 63.986 7.5
    endloop
  endfacet
  facet normal 0 0 1
    outer loop
      vertex 73.0013 60.438 7.5
      vertex 71.4424 61.338 7.5
      vertex 72.7687 60.09 7.5
    endloop
  endfacet
  facet normal -0 0 1
    outer loop
      vertex 71.3407 61.1857 7.5
      vertex 72.7687 60.09 7.5
      vertex 71.4424 61.338 7.5
    endloop
  endfacet
  facet normal 0 0 1
    outer loop
      vertex 72.7687 60.09 7.5
      vertex 71.3407 61.1857 7.5
      vertex 72.4927 59.7753 7.5
    endloop
  endfacet
  facet normal -0 0 1
    outer loop
      vertex 71.2199 61.048 7.5
      vertex 72.4927 59.7753 7.5
      vertex 71.3407 61.1857 7.5
    endloop
  endfacet
  facet normal 0 0 1
    outer loop
      vertex 72.4927 59.7753 7.5
      vertex 71.2199 61.048 7.5
      vertex 72.178 59.4993 7.5
    endloop
  endfacet
  facet normal -0 0 1
    outer loop
      vertex 71.0823 60.9273 7.5
      vertex 72.178 59.4993 7.5
      vertex 71.2199 61.048 7.5
    endloop
  endfacet
  facet normal 0 0 1
    outer loop
      vertex 72.178 59.4993 7.5
      vertex 71.0823 60.9273 7.5
      vertex 71.83 59.2667 7.5
    endloop
  endfacet
  facet normal -0 0 1
    outer loop
      vertex 70.93 60.8256 7.5
      vertex 71.83 59.2667 7.5
      vertex 71.0823 60.9273 7.5
    endloop
  endfacet
  facet normal 0 0 1
    outer loop
      vertex 71.83 59.2667 7.5
      vertex 70.93 60.8256 7.5
      vertex 71.4546 59.0816 7.5
    endloop
  endfacet
  facet normal -0 0 1
    outer loop
      vertex 70.7658 60.7446 7.5
      vertex 71.4546 59.0816 7.5
      vertex 70.93 60.8256 7.5
    endloop
  endfacet
  facet normal 0 0 1
    outer loop
      vertex 71.4546 59.0816 7.5
      vertex 70.7658 60.7446 7.5
      vertex 71.0582 58.947 7.5
    endloop
  endfacet
  facet normal -0 0 1
    outer loop
      vertex 70.5923 60.6857 7.5
      vertex 71.0582 58.947 7.5
      vertex 70.7658 60.7446 7.5
    endloop
  endfacet
  facet normal 0 0 1
    outer loop
      vertex 71.0582 58.947 7.5
      vertex 70.5923 60.6857 7.5
      vertex 70.6477 58.8654 7.5
    endloop
  endfacet
  facet normal -0 0 1
    outer loop
      vertex 70.4127 60.65 7.5
      vertex 70.6477 58.8654 7.5
      vertex 70.5923 60.6857 7.5
    endloop
  endfacet
  facet normal -0 0 1
    outer loop
      vertex 70.23 60.638 7.5
      vertex 70.6477 58.8654 7.5
      vertex 70.4127 60.65 7.5
    endloop
  endfacet
  facet normal 0 0 1
    outer loop
      vertex 70.23 60.638 7.5
      vertex 70.23 58.838 7.5
      vertex 70.6477 58.8654 7.5
    endloop
  endfacet
  facet normal 0 0 1
    outer loop
      vertex 70.0473 60.65 7.5
      vertex 70.23 58.838 7.5
      vertex 70.23 60.638 7.5
    endloop
  endfacet
  facet normal 0 0 1
    outer loop
      vertex 69.8123 58.8654 7.5
      vertex 70.0473 60.65 7.5
      vertex 69.8677 60.6857 7.5
    endloop
  endfacet
  facet normal 0 0 1
    outer loop
      vertex 70.0473 60.65 7.5
      vertex 69.8123 58.8654 7.5
      vertex 70.23 58.838 7.5
    endloop
  endfacet
  facet normal 0 0 1
    outer loop
      vertex 69.4018 58.947 7.5
      vertex 69.8677 60.6857 7.5
      vertex 69.6942 60.7446 7.5
    endloop
  endfacet
  facet normal 0 0 1
    outer loop
      vertex 69.0054 59.0816 7.5
      vertex 69.6942 60.7446 7.5
      vertex 69.53 60.8256 7.5
    endloop
  endfacet
  facet normal 0 0 1
    outer loop
      vertex 69.8677 60.6857 7.5
      vertex 69.4018 58.947 7.5
      vertex 69.8123 58.8654 7.5
    endloop
  endfacet
  facet normal 0 0 1
    outer loop
      vertex 68.63 59.2667 7.5
      vertex 69.53 60.8256 7.5
      vertex 69.3777 60.9273 7.5
    endloop
  endfacet
  facet normal 0 0 1
    outer loop
      vertex 68.282 59.4993 7.5
      vertex 69.3777 60.9273 7.5
      vertex 69.2401 61.048 7.5
    endloop
  endfacet
  facet normal 0 0 1
    outer loop
      vertex 67.9673 59.7753 7.5
      vertex 69.2401 61.048 7.5
      vertex 69.1193 61.1857 7.5
    endloop
  endfacet
  facet normal 0 0 1
    outer loop
      vertex 67.6913 60.09 7.5
      vertex 69.1193 61.1857 7.5
      vertex 69.0176 61.338 7.5
    endloop
  endfacet
  facet normal 0 0 1
    outer loop
      vertex 69.6942 60.7446 7.5
      vertex 69.0054 59.0816 7.5
      vertex 69.4018 58.947 7.5
    endloop
  endfacet
  facet normal 0 0 1
    outer loop
      vertex 67.4587 60.438 7.5
      vertex 69.0176 61.338 7.5
      vertex 68.9366 61.5022 7.5
    endloop
  endfacet
  facet normal 0 0 1
    outer loop
      vertex 67.2736 60.8134 7.5
      vertex 68.9366 61.5022 7.5
      vertex 68.8777 61.6757 7.5
    endloop
  endfacet
  facet normal 0 0 1
    outer loop
      vertex 67.139 61.2098 7.5
      vertex 68.8777 61.6757 7.5
      vertex 68.842 61.8553 7.5
    endloop
  endfacet
  facet normal 0 0 1
    outer loop
      vertex 67.0574 61.6203 7.5
      vertex 68.842 61.8553 7.5
      vertex 68.83 62.038 7.5
    endloop
  endfacet
  facet normal 0 0 1
    outer loop
      vertex 69.0176 62.738 7.5
      vertex 67.4587 63.638 7.5
      vertex 68.9366 62.5738 7.5
    endloop
  endfacet
  facet normal 0 0 1
    outer loop
      vertex 69.53 60.8256 7.5
      vertex 68.63 59.2667 7.5
      vertex 69.0054 59.0816 7.5
    endloop
  endfacet
  facet normal -0 0 1
    outer loop
      vertex 67.2736 63.2626 7.5
      vertex 68.9366 62.5738 7.5
      vertex 67.4587 63.638 7.5
    endloop
  endfacet
  facet normal 0 0 1
    outer loop
      vertex 69.3777 60.9273 7.5
      vertex 68.282 59.4993 7.5
      vertex 68.63 59.2667 7.5
    endloop
  endfacet
  facet normal 0 0 1
    outer loop
      vertex 68.9366 62.5738 7.5
      vertex 67.2736 63.2626 7.5
      vertex 68.8777 62.4003 7.5
    endloop
  endfacet
  facet normal 0 0 1
    outer loop
      vertex 69.2401 61.048 7.5
      vertex 67.9673 59.7753 7.5
      vertex 68.282 59.4993 7.5
    endloop
  endfacet
  facet normal -0 0 1
    outer loop
      vertex 67.139 62.8662 7.5
      vertex 68.8777 62.4003 7.5
      vertex 67.2736 63.2626 7.5
    endloop
  endfacet
  facet normal 0 0 1
    outer loop
      vertex 69.1193 61.1857 7.5
      vertex 67.6913 60.09 7.5
      vertex 67.9673 59.7753 7.5
    endloop
  endfacet
  facet normal 0 0 1
    outer loop
      vertex 68.8777 62.4003 7.5
      vertex 67.139 62.8662 7.5
      vertex 68.842 62.2207 7.5
    endloop
  endfacet
  facet normal 0 0 1
    outer loop
      vertex 69.0176 61.338 7.5
      vertex 67.4587 60.438 7.5
      vertex 67.6913 60.09 7.5
    endloop
  endfacet
  facet normal -0 0 1
    outer loop
      vertex 67.0574 62.4557 7.5
      vertex 68.842 62.2207 7.5
      vertex 67.139 62.8662 7.5
    endloop
  endfacet
  facet normal 0 0 1
    outer loop
      vertex 68.9366 61.5022 7.5
      vertex 67.2736 60.8134 7.5
      vertex 67.4587 60.438 7.5
    endloop
  endfacet
  facet normal 0 0 1
    outer loop
      vertex 68.842 62.2207 7.5
      vertex 67.0574 62.4557 7.5
      vertex 68.83 62.038 7.5
    endloop
  endfacet
  facet normal 0 0 1
    outer loop
      vertex 68.8777 61.6757 7.5
      vertex 67.139 61.2098 7.5
      vertex 67.2736 60.8134 7.5
    endloop
  endfacet
  facet normal 0 0 1
    outer loop
      vertex 67.03 62.038 7.5
      vertex 68.83 62.038 7.5
      vertex 67.0574 62.4557 7.5
    endloop
  endfacet
  facet normal 0 0 1
    outer loop
      vertex 68.842 61.8553 7.5
      vertex 67.0574 61.6203 7.5
      vertex 67.139 61.2098 7.5
    endloop
  endfacet
  facet normal 0 0 1
    outer loop
      vertex 68.83 62.038 7.5
      vertex 67.03 62.038 7.5
      vertex 67.0574 61.6203 7.5
    endloop
  endfacet
  facet normal 0 0 1
    outer loop
      vertex 71.63 14.54 7.5
      vertex 73.43 14.54 7.5
      vertex 73.4026 14.9577 7.5
    endloop
  endfacet
  facet normal 0 0 1
    outer loop
      vertex 71.618 14.7227 7.5
      vertex 73.4026 14.9577 7.5
      vertex 73.321 15.3682 7.5
    endloop
  endfacet
  facet normal 0 0 1
    outer loop
      vertex 73.43 14.54 7.5
      vertex 71.63 14.54 7.5
      vertex 73.4026 14.1223 7.5
    endloop
  endfacet
  facet normal 0 0 1
    outer loop
      vertex 71.5823 14.9023 7.5
      vertex 73.321 15.3682 7.5
      vertex 73.1864 15.7646 7.5
    endloop
  endfacet
  facet normal -0 0 1
    outer loop
      vertex 71.618 14.3573 7.5
      vertex 73.4026 14.1223 7.5
      vertex 71.63 14.54 7.5
    endloop
  endfacet
  facet normal 0 0 1
    outer loop
      vertex 71.5234 15.0758 7.5
      vertex 73.1864 15.7646 7.5
      vertex 73.0013 16.14 7.5
    endloop
  endfacet
  facet normal 0 0 1
    outer loop
      vertex 73.4026 14.1223 7.5
      vertex 71.618 14.3573 7.5
      vertex 73.321 13.7118 7.5
    endloop
  endfacet
  facet normal 0 0 1
    outer loop
      vertex 71.4424 15.24 7.5
      vertex 73.0013 16.14 7.5
      vertex 72.7687 16.488 7.5
    endloop
  endfacet
  facet normal -0 0 1
    outer loop
      vertex 71.5823 14.1777 7.5
      vertex 73.321 13.7118 7.5
      vertex 71.618 14.3573 7.5
    endloop
  endfacet
  facet normal 0 0 1
    outer loop
      vertex 71.3407 15.3923 7.5
      vertex 72.7687 16.488 7.5
      vertex 72.4927 16.8027 7.5
    endloop
  endfacet
  facet normal 0 0 1
    outer loop
      vertex 73.321 13.7118 7.5
      vertex 71.5823 14.1777 7.5
      vertex 73.1864 13.3154 7.5
    endloop
  endfacet
  facet normal 0 0 1
    outer loop
      vertex 71.2199 15.5299 7.5
      vertex 72.4927 16.8027 7.5
      vertex 72.178 17.0787 7.5
    endloop
  endfacet
  facet normal -0 0 1
    outer loop
      vertex 71.5234 14.0042 7.5
      vertex 73.1864 13.3154 7.5
      vertex 71.5823 14.1777 7.5
    endloop
  endfacet
  facet normal 0 0 1
    outer loop
      vertex 71.0823 15.6507 7.5
      vertex 72.178 17.0787 7.5
      vertex 71.83 17.3113 7.5
    endloop
  endfacet
  facet normal 0 0 1
    outer loop
      vertex 73.1864 13.3154 7.5
      vertex 71.5234 14.0042 7.5
      vertex 73.0013 12.94 7.5
    endloop
  endfacet
  facet normal -0 0 1
    outer loop
      vertex 71.4424 13.84 7.5
      vertex 73.0013 12.94 7.5
      vertex 71.5234 14.0042 7.5
    endloop
  endfacet
  facet normal 0 0 1
    outer loop
      vertex 73.4026 14.9577 7.5
      vertex 71.618 14.7227 7.5
      vertex 71.63 14.54 7.5
    endloop
  endfacet
  facet normal 0 0 1
    outer loop
      vertex 73.321 15.3682 7.5
      vertex 71.5823 14.9023 7.5
      vertex 71.618 14.7227 7.5
    endloop
  endfacet
  facet normal 0 0 1
    outer loop
      vertex 73.1864 15.7646 7.5
      vertex 71.5234 15.0758 7.5
      vertex 71.5823 14.9023 7.5
    endloop
  endfacet
  facet normal 0 0 1
    outer loop
      vertex 70.93 15.7524 7.5
      vertex 71.83 17.3113 7.5
      vertex 71.4546 17.4964 7.5
    endloop
  endfacet
  facet normal 0 0 1
    outer loop
      vertex 73.0013 16.14 7.5
      vertex 71.4424 15.24 7.5
      vertex 71.5234 15.0758 7.5
    endloop
  endfacet
  facet normal 0 0 1
    outer loop
      vertex 72.7687 16.488 7.5
      vertex 71.3407 15.3923 7.5
      vertex 71.4424 15.24 7.5
    endloop
  endfacet
  facet normal 0 0 1
    outer loop
      vertex 72.4927 16.8027 7.5
      vertex 71.2199 15.5299 7.5
      vertex 71.3407 15.3923 7.5
    endloop
  endfacet
  facet normal 0 0 1
    outer loop
      vertex 72.178 17.0787 7.5
      vertex 71.0823 15.6507 7.5
      vertex 71.2199 15.5299 7.5
    endloop
  endfacet
  facet normal 0 0 1
    outer loop
      vertex 70.7658 15.8334 7.5
      vertex 71.4546 17.4964 7.5
      vertex 71.0582 17.631 7.5
    endloop
  endfacet
  facet normal 0 0 1
    outer loop
      vertex 71.83 17.3113 7.5
      vertex 70.93 15.7524 7.5
      vertex 71.0823 15.6507 7.5
    endloop
  endfacet
  facet normal 0 0 1
    outer loop
      vertex 71.4546 17.4964 7.5
      vertex 70.7658 15.8334 7.5
      vertex 70.93 15.7524 7.5
    endloop
  endfacet
  facet normal 0 0 1
    outer loop
      vertex 70.5923 15.8923 7.5
      vertex 71.0582 17.631 7.5
      vertex 70.6477 17.7126 7.5
    endloop
  endfacet
  facet normal 0 0 1
    outer loop
      vertex 71.0582 17.631 7.5
      vertex 70.5923 15.8923 7.5
      vertex 70.7658 15.8334 7.5
    endloop
  endfacet
  facet normal 0 0 1
    outer loop
      vertex 70.6477 17.7126 7.5
      vertex 70.4127 15.928 7.5
      vertex 70.5923 15.8923 7.5
    endloop
  endfacet
  facet normal 0 0 1
    outer loop
      vertex 70.23 17.74 7.5
      vertex 70.4127 15.928 7.5
      vertex 70.6477 17.7126 7.5
    endloop
  endfacet
  facet normal 0 0 1
    outer loop
      vertex 70.23 17.74 7.5
      vertex 70.23 15.94 7.5
      vertex 70.4127 15.928 7.5
    endloop
  endfacet
  facet normal 0 0 1
    outer loop
      vertex 70.23 17.74 7.5
      vertex 70.0473 15.928 7.5
      vertex 70.23 15.94 7.5
    endloop
  endfacet
  facet normal -0 0 1
    outer loop
      vertex 69.8123 17.7126 7.5
      vertex 70.0473 15.928 7.5
      vertex 70.23 17.74 7.5
    endloop
  endfacet
  facet normal 0 0 1
    outer loop
      vertex 70.0473 15.928 7.5
      vertex 69.8123 17.7126 7.5
      vertex 69.8677 15.8923 7.5
    endloop
  endfacet
  facet normal -0 0 1
    outer loop
      vertex 69.4018 17.631 7.5
      vertex 69.8677 15.8923 7.5
      vertex 69.8123 17.7126 7.5
    endloop
  endfacet
  facet normal 0 0 1
    outer loop
      vertex 69.8677 15.8923 7.5
      vertex 69.4018 17.631 7.5
      vertex 69.6942 15.8334 7.5
    endloop
  endfacet
  facet normal -0 0 1
    outer loop
      vertex 69.0054 17.4964 7.5
      vertex 69.6942 15.8334 7.5
      vertex 69.4018 17.631 7.5
    endloop
  endfacet
  facet normal 0 0 1
    outer loop
      vertex 69.6942 15.8334 7.5
      vertex 69.0054 17.4964 7.5
      vertex 69.53 15.7524 7.5
    endloop
  endfacet
  facet normal -0 0 1
    outer loop
      vertex 68.63 17.3113 7.5
      vertex 69.53 15.7524 7.5
      vertex 69.0054 17.4964 7.5
    endloop
  endfacet
  facet normal 0 0 1
    outer loop
      vertex 69.53 15.7524 7.5
      vertex 68.63 17.3113 7.5
      vertex 69.3777 15.6507 7.5
    endloop
  endfacet
  facet normal -0 0 1
    outer loop
      vertex 68.282 17.0787 7.5
      vertex 69.3777 15.6507 7.5
      vertex 68.63 17.3113 7.5
    endloop
  endfacet
  facet normal 0 0 1
    outer loop
      vertex 69.3777 15.6507 7.5
      vertex 68.282 17.0787 7.5
      vertex 69.2401 15.5299 7.5
    endloop
  endfacet
  facet normal -0 0 1
    outer loop
      vertex 67.9673 16.8027 7.5
      vertex 69.2401 15.5299 7.5
      vertex 68.282 17.0787 7.5
    endloop
  endfacet
  facet normal 0 0 1
    outer loop
      vertex 69.2401 15.5299 7.5
      vertex 67.9673 16.8027 7.5
      vertex 69.1193 15.3923 7.5
    endloop
  endfacet
  facet normal -0 0 1
    outer loop
      vertex 67.6913 16.488 7.5
      vertex 69.1193 15.3923 7.5
      vertex 67.9673 16.8027 7.5
    endloop
  endfacet
  facet normal 0 0 1
    outer loop
      vertex 69.1193 15.3923 7.5
      vertex 67.6913 16.488 7.5
      vertex 69.0176 15.24 7.5
    endloop
  endfacet
  facet normal -0 0 1
    outer loop
      vertex 67.4587 16.14 7.5
      vertex 69.0176 15.24 7.5
      vertex 67.6913 16.488 7.5
    endloop
  endfacet
  facet normal 0 0 1
    outer loop
      vertex 73.0013 12.94 7.5
      vertex 71.4424 13.84 7.5
      vertex 72.7687 12.592 7.5
    endloop
  endfacet
  facet normal -0 0 1
    outer loop
      vertex 71.3407 13.6877 7.5
      vertex 72.7687 12.592 7.5
      vertex 71.4424 13.84 7.5
    endloop
  endfacet
  facet normal 0 0 1
    outer loop
      vertex 72.7687 12.592 7.5
      vertex 71.3407 13.6877 7.5
      vertex 72.4927 12.2773 7.5
    endloop
  endfacet
  facet normal -0 0 1
    outer loop
      vertex 71.2199 13.55 7.5
      vertex 72.4927 12.2773 7.5
      vertex 71.3407 13.6877 7.5
    endloop
  endfacet
  facet normal 0 0 1
    outer loop
      vertex 72.4927 12.2773 7.5
      vertex 71.2199 13.55 7.5
      vertex 72.178 12.0013 7.5
    endloop
  endfacet
  facet normal -0 0 1
    outer loop
      vertex 71.0823 13.4293 7.5
      vertex 72.178 12.0013 7.5
      vertex 71.2199 13.55 7.5
    endloop
  endfacet
  facet normal 0 0 1
    outer loop
      vertex 72.178 12.0013 7.5
      vertex 71.0823 13.4293 7.5
      vertex 71.83 11.7687 7.5
    endloop
  endfacet
  facet normal -0 0 1
    outer loop
      vertex 70.93 13.3276 7.5
      vertex 71.83 11.7687 7.5
      vertex 71.0823 13.4293 7.5
    endloop
  endfacet
  facet normal 0 0 1
    outer loop
      vertex 71.83 11.7687 7.5
      vertex 70.93 13.3276 7.5
      vertex 71.4546 11.5836 7.5
    endloop
  endfacet
  facet normal -0 0 1
    outer loop
      vertex 70.7658 13.2466 7.5
      vertex 71.4546 11.5836 7.5
      vertex 70.93 13.3276 7.5
    endloop
  endfacet
  facet normal 0 0 1
    outer loop
      vertex 71.4546 11.5836 7.5
      vertex 70.7658 13.2466 7.5
      vertex 71.0582 11.449 7.5
    endloop
  endfacet
  facet normal -0 0 1
    outer loop
      vertex 70.5923 13.1877 7.5
      vertex 71.0582 11.449 7.5
      vertex 70.7658 13.2466 7.5
    endloop
  endfacet
  facet normal 0 0 1
    outer loop
      vertex 71.0582 11.449 7.5
      vertex 70.5923 13.1877 7.5
      vertex 70.6477 11.3674 7.5
    endloop
  endfacet
  facet normal -0 0 1
    outer loop
      vertex 70.4127 13.152 7.5
      vertex 70.6477 11.3674 7.5
      vertex 70.5923 13.1877 7.5
    endloop
  endfacet
  facet normal -0 0 1
    outer loop
      vertex 70.23 13.14 7.5
      vertex 70.6477 11.3674 7.5
      vertex 70.4127 13.152 7.5
    endloop
  endfacet
  facet normal 0 0 1
    outer loop
      vertex 70.23 13.14 7.5
      vertex 70.23 11.34 7.5
      vertex 70.6477 11.3674 7.5
    endloop
  endfacet
  facet normal 0 0 1
    outer loop
      vertex 70.0473 13.152 7.5
      vertex 70.23 11.34 7.5
      vertex 70.23 13.14 7.5
    endloop
  endfacet
  facet normal 0 0 1
    outer loop
      vertex 69.8123 11.3674 7.5
      vertex 70.0473 13.152 7.5
      vertex 69.8677 13.1877 7.5
    endloop
  endfacet
  facet normal 0 0 1
    outer loop
      vertex 70.0473 13.152 7.5
      vertex 69.8123 11.3674 7.5
      vertex 70.23 11.34 7.5
    endloop
  endfacet
  facet normal 0 0 1
    outer loop
      vertex 69.4018 11.449 7.5
      vertex 69.8677 13.1877 7.5
      vertex 69.6942 13.2466 7.5
    endloop
  endfacet
  facet normal 0 0 1
    outer loop
      vertex 69.0054 11.5836 7.5
      vertex 69.6942 13.2466 7.5
      vertex 69.53 13.3276 7.5
    endloop
  endfacet
  facet normal 0 0 1
    outer loop
      vertex 69.8677 13.1877 7.5
      vertex 69.4018 11.449 7.5
      vertex 69.8123 11.3674 7.5
    endloop
  endfacet
  facet normal 0 0 1
    outer loop
      vertex 68.63 11.7687 7.5
      vertex 69.53 13.3276 7.5
      vertex 69.3777 13.4293 7.5
    endloop
  endfacet
  facet normal 0 0 1
    outer loop
      vertex 68.282 12.0013 7.5
      vertex 69.3777 13.4293 7.5
      vertex 69.2401 13.55 7.5
    endloop
  endfacet
  facet normal 0 0 1
    outer loop
      vertex 67.9673 12.2773 7.5
      vertex 69.2401 13.55 7.5
      vertex 69.1193 13.6877 7.5
    endloop
  endfacet
  facet normal 0 0 1
    outer loop
      vertex 67.6913 12.592 7.5
      vertex 69.1193 13.6877 7.5
      vertex 69.0176 13.84 7.5
    endloop
  endfacet
  facet normal 0 0 1
    outer loop
      vertex 69.6942 13.2466 7.5
      vertex 69.0054 11.5836 7.5
      vertex 69.4018 11.449 7.5
    endloop
  endfacet
  facet normal 0 0 1
    outer loop
      vertex 67.4587 12.94 7.5
      vertex 69.0176 13.84 7.5
      vertex 68.9366 14.0042 7.5
    endloop
  endfacet
  facet normal 0 0 1
    outer loop
      vertex 67.2736 13.3154 7.5
      vertex 68.9366 14.0042 7.5
      vertex 68.8777 14.1777 7.5
    endloop
  endfacet
  facet normal 0 0 1
    outer loop
      vertex 67.139 13.7118 7.5
      vertex 68.8777 14.1777 7.5
      vertex 68.842 14.3573 7.5
    endloop
  endfacet
  facet normal 0 0 1
    outer loop
      vertex 67.0574 14.1223 7.5
      vertex 68.842 14.3573 7.5
      vertex 68.83 14.54 7.5
    endloop
  endfacet
  facet normal 0 0 1
    outer loop
      vertex 69.0176 15.24 7.5
      vertex 67.4587 16.14 7.5
      vertex 68.9366 15.0758 7.5
    endloop
  endfacet
  facet normal 0 0 1
    outer loop
      vertex 69.53 13.3276 7.5
      vertex 68.63 11.7687 7.5
      vertex 69.0054 11.5836 7.5
    endloop
  endfacet
  facet normal -0 0 1
    outer loop
      vertex 67.2736 15.7646 7.5
      vertex 68.9366 15.0758 7.5
      vertex 67.4587 16.14 7.5
    endloop
  endfacet
  facet normal 0 0 1
    outer loop
      vertex 69.3777 13.4293 7.5
      vertex 68.282 12.0013 7.5
      vertex 68.63 11.7687 7.5
    endloop
  endfacet
  facet normal 0 0 1
    outer loop
      vertex 68.9366 15.0758 7.5
      vertex 67.2736 15.7646 7.5
      vertex 68.8777 14.9023 7.5
    endloop
  endfacet
  facet normal 0 0 1
    outer loop
      vertex 69.2401 13.55 7.5
      vertex 67.9673 12.2773 7.5
      vertex 68.282 12.0013 7.5
    endloop
  endfacet
  facet normal -0 0 1
    outer loop
      vertex 67.139 15.3682 7.5
      vertex 68.8777 14.9023 7.5
      vertex 67.2736 15.7646 7.5
    endloop
  endfacet
  facet normal 0 0 1
    outer loop
      vertex 69.1193 13.6877 7.5
      vertex 67.6913 12.592 7.5
      vertex 67.9673 12.2773 7.5
    endloop
  endfacet
  facet normal 0 0 1
    outer loop
      vertex 68.8777 14.9023 7.5
      vertex 67.139 15.3682 7.5
      vertex 68.842 14.7227 7.5
    endloop
  endfacet
  facet normal 0 0 1
    outer loop
      vertex 69.0176 13.84 7.5
      vertex 67.4587 12.94 7.5
      vertex 67.6913 12.592 7.5
    endloop
  endfacet
  facet normal -0 0 1
    outer loop
      vertex 67.0574 14.9577 7.5
      vertex 68.842 14.7227 7.5
      vertex 67.139 15.3682 7.5
    endloop
  endfacet
  facet normal 0 0 1
    outer loop
      vertex 68.9366 14.0042 7.5
      vertex 67.2736 13.3154 7.5
      vertex 67.4587 12.94 7.5
    endloop
  endfacet
  facet normal 0 0 1
    outer loop
      vertex 68.842 14.7227 7.5
      vertex 67.0574 14.9577 7.5
      vertex 68.83 14.54 7.5
    endloop
  endfacet
  facet normal 0 0 1
    outer loop
      vertex 68.8777 14.1777 7.5
      vertex 67.139 13.7118 7.5
      vertex 67.2736 13.3154 7.5
    endloop
  endfacet
  facet normal 0 0 1
    outer loop
      vertex 67.03 14.54 7.5
      vertex 68.83 14.54 7.5
      vertex 67.0574 14.9577 7.5
    endloop
  endfacet
  facet normal 0 0 1
    outer loop
      vertex 68.842 14.3573 7.5
      vertex 67.0574 14.1223 7.5
      vertex 67.139 13.7118 7.5
    endloop
  endfacet
  facet normal 0 0 1
    outer loop
      vertex 68.83 14.54 7.5
      vertex 67.03 14.54 7.5
      vertex 67.0574 14.1223 7.5
    endloop
  endfacet
  facet normal 0 0 1
    outer loop
      vertex 7.4 6 7.5
      vertex 10 6 7.5
      vertex 9.96578 6.5221 7.5
    endloop
  endfacet
  facet normal 0 0 1
    outer loop
      vertex 7.38802 6.18274 7.5
      vertex 9.96578 6.5221 7.5
      vertex 9.8637 7.03528 7.5
    endloop
  endfacet
  facet normal 0 0 1
    outer loop
      vertex 10 6 7.5
      vertex 7.4 6 7.5
      vertex 9.96578 5.47789 7.5
    endloop
  endfacet
  facet normal 0 0 1
    outer loop
      vertex 7.3523 6.36235 7.5
      vertex 9.8637 7.03528 7.5
      vertex 9.69552 7.53073 7.5
    endloop
  endfacet
  facet normal -0 0 1
    outer loop
      vertex 7.38802 5.81726 7.5
      vertex 9.96578 5.47789 7.5
      vertex 7.4 6 7.5
    endloop
  endfacet
  facet normal 0 0 1
    outer loop
      vertex 7.29343 6.53576 7.5
      vertex 9.69552 7.53073 7.5
      vertex 9.4641 8 7.5
    endloop
  endfacet
  facet normal 0 0 1
    outer loop
      vertex 9.96578 5.47789 7.5
      vertex 7.38802 5.81726 7.5
      vertex 9.8637 4.96472 7.5
    endloop
  endfacet
  facet normal 0 0 1
    outer loop
      vertex 7.21243 6.7 7.5
      vertex 9.4641 8 7.5
      vertex 9.17341 8.43505 7.5
    endloop
  endfacet
  facet normal -0 0 1
    outer loop
      vertex 7.3523 5.63765 7.5
      vertex 9.8637 4.96472 7.5
      vertex 7.38802 5.81726 7.5
    endloop
  endfacet
  facet normal 0 0 1
    outer loop
      vertex 7.11069 6.85227 7.5
      vertex 9.17341 8.43505 7.5
      vertex 8.82843 8.82843 7.5
    endloop
  endfacet
  facet normal 0 0 1
    outer loop
      vertex 9.8637 4.96472 7.5
      vertex 7.3523 5.63765 7.5
      vertex 9.69552 4.46927 7.5
    endloop
  endfacet
  facet normal 0 0 1
    outer loop
      vertex 6.98995 6.98995 7.5
      vertex 8.82843 8.82843 7.5
      vertex 8.43505 9.17341 7.5
    endloop
  endfacet
  facet normal -0 0 1
    outer loop
      vertex 7.29343 5.46424 7.5
      vertex 9.69552 4.46927 7.5
      vertex 7.3523 5.63765 7.5
    endloop
  endfacet
  facet normal 0 0 1
    outer loop
      vertex 6.85227 7.11069 7.5
      vertex 8.43505 9.17341 7.5
      vertex 8 9.4641 7.5
    endloop
  endfacet
  facet normal 0 0 1
    outer loop
      vertex 9.69552 4.46927 7.5
      vertex 7.29343 5.46424 7.5
      vertex 9.4641 4 7.5
    endloop
  endfacet
  facet normal -0 0 1
    outer loop
      vertex 7.21243 5.3 7.5
      vertex 9.4641 4 7.5
      vertex 7.29343 5.46424 7.5
    endloop
  endfacet
  facet normal 0 0 1
    outer loop
      vertex 6.7 7.21243 7.5
      vertex 8 9.4641 7.5
      vertex 7.53073 9.69552 7.5
    endloop
  endfacet
  facet normal 0 0 1
    outer loop
      vertex 107.788 6.7 7.5
      vertex 105.536 8 7.5
      vertex 107.707 6.53576 7.5
    endloop
  endfacet
  facet normal -0 0 1
    outer loop
      vertex 105.304 7.53073 7.5
      vertex 107.707 6.53576 7.5
      vertex 105.536 8 7.5
    endloop
  endfacet
  facet normal 0 -0 1
    outer loop
      vertex 107 2.5359 7.5
      vertex 107.6 6 7.5
      vertex 106.565 2.82659 7.5
    endloop
  endfacet
  facet normal 0 0 1
    outer loop
      vertex 107.6 6 7.5
      vertex 107 2.5359 7.5
      vertex 107.276 2.4 7.5
    endloop
  endfacet
  facet normal 0 0 1
    outer loop
      vertex 107.707 6.53576 7.5
      vertex 105.304 7.53073 7.5
      vertex 107.648 6.36235 7.5
    endloop
  endfacet
  facet normal 0 0 1
    outer loop
      vertex 107.6 6 7.5
      vertex 106.172 3.17157 7.5
      vertex 106.565 2.82659 7.5
    endloop
  endfacet
  facet normal -0 0 1
    outer loop
      vertex 105.136 7.03528 7.5
      vertex 107.648 6.36235 7.5
      vertex 105.304 7.53073 7.5
    endloop
  endfacet
  facet normal 0 0 1
    outer loop
      vertex 107.6 6 7.5
      vertex 105.827 3.56495 7.5
      vertex 106.172 3.17157 7.5
    endloop
  endfacet
  facet normal 0 0 1
    outer loop
      vertex 107.648 6.36235 7.5
      vertex 105.136 7.03528 7.5
      vertex 107.612 6.18274 7.5
    endloop
  endfacet
  facet normal 0 0 1
    outer loop
      vertex 107.6 6 7.5
      vertex 105.536 4 7.5
      vertex 105.827 3.56495 7.5
    endloop
  endfacet
  facet normal -0 0 1
    outer loop
      vertex 105.034 6.5221 7.5
      vertex 107.612 6.18274 7.5
      vertex 105.136 7.03528 7.5
    endloop
  endfacet
  facet normal 0 0 1
    outer loop
      vertex 107.6 6 7.5
      vertex 105.304 4.46927 7.5
      vertex 105.536 4 7.5
    endloop
  endfacet
  facet normal 0 0 1
    outer loop
      vertex 107.612 6.18274 7.5
      vertex 105.034 6.5221 7.5
      vertex 107.6 6 7.5
    endloop
  endfacet
  facet normal 0 0 1
    outer loop
      vertex 107.6 6 7.5
      vertex 105.136 4.96472 7.5
      vertex 105.304 4.46927 7.5
    endloop
  endfacet
  facet normal 0 0 1
    outer loop
      vertex 105 6 7.5
      vertex 107.6 6 7.5
      vertex 105.034 6.5221 7.5
    endloop
  endfacet
  facet normal 0 0 1
    outer loop
      vertex 107.6 6 7.5
      vertex 105.034 5.47789 7.5
      vertex 105.136 4.96472 7.5
    endloop
  endfacet
  facet normal 0 0 1
    outer loop
      vertex 107.6 6 7.5
      vertex 105 6 7.5
      vertex 105.034 5.47789 7.5
    endloop
  endfacet
  facet normal 0 0 1
    outer loop
      vertex 107.788 70.7 7.5
      vertex 105.536 72 7.5
      vertex 107.707 70.5358 7.5
    endloop
  endfacet
  facet normal 0 0 1
    outer loop
      vertex 107.6 70 7.5
      vertex 107 66.5359 7.5
      vertex 107.469 66.3045 7.5
    endloop
  endfacet
  facet normal -0 0 1
    outer loop
      vertex 105.304 71.5307 7.5
      vertex 107.707 70.5358 7.5
      vertex 105.536 72 7.5
    endloop
  endfacet
  facet normal 0 0 1
    outer loop
      vertex 107.6 70 7.5
      vertex 106.565 66.8266 7.5
      vertex 107 66.5359 7.5
    endloop
  endfacet
  facet normal 0 0 1
    outer loop
      vertex 107.707 70.5358 7.5
      vertex 105.304 71.5307 7.5
      vertex 107.648 70.3624 7.5
    endloop
  endfacet
  facet normal 0 0 1
    outer loop
      vertex 107.6 70 7.5
      vertex 106.172 67.1716 7.5
      vertex 106.565 66.8266 7.5
    endloop
  endfacet
  facet normal -0 0 1
    outer loop
      vertex 105.136 71.0353 7.5
      vertex 107.648 70.3624 7.5
      vertex 105.304 71.5307 7.5
    endloop
  endfacet
  facet normal 0 0 1
    outer loop
      vertex 107.6 70 7.5
      vertex 105.827 67.565 7.5
      vertex 106.172 67.1716 7.5
    endloop
  endfacet
  facet normal 0 0 1
    outer loop
      vertex 107.648 70.3624 7.5
      vertex 105.136 71.0353 7.5
      vertex 107.612 70.1827 7.5
    endloop
  endfacet
  facet normal 0 0 1
    outer loop
      vertex 107.6 70 7.5
      vertex 105.536 68 7.5
      vertex 105.827 67.565 7.5
    endloop
  endfacet
  facet normal -0 0 1
    outer loop
      vertex 105.034 70.5221 7.5
      vertex 107.612 70.1827 7.5
      vertex 105.136 71.0353 7.5
    endloop
  endfacet
  facet normal 0 0 1
    outer loop
      vertex 107.6 70 7.5
      vertex 105.304 68.4693 7.5
      vertex 105.536 68 7.5
    endloop
  endfacet
  facet normal 0 0 1
    outer loop
      vertex 107.612 70.1827 7.5
      vertex 105.034 70.5221 7.5
      vertex 107.6 70 7.5
    endloop
  endfacet
  facet normal 0 0 1
    outer loop
      vertex 107.6 70 7.5
      vertex 105.136 68.9647 7.5
      vertex 105.304 68.4693 7.5
    endloop
  endfacet
  facet normal 0 0 1
    outer loop
      vertex 105 70 7.5
      vertex 107.6 70 7.5
      vertex 105.034 70.5221 7.5
    endloop
  endfacet
  facet normal 0 0 1
    outer loop
      vertex 107.6 70 7.5
      vertex 105.034 69.4779 7.5
      vertex 105.136 68.9647 7.5
    endloop
  endfacet
  facet normal 0 0 1
    outer loop
      vertex 107.6 70 7.5
      vertex 105 70 7.5
      vertex 105.034 69.4779 7.5
    endloop
  endfacet
  facet normal 0 0 1
    outer loop
      vertex 7.4 70 7.5
      vertex 10 70 7.5
      vertex 9.96578 70.5221 7.5
    endloop
  endfacet
  facet normal 0 0 1
    outer loop
      vertex 7.38802 70.1827 7.5
      vertex 9.96578 70.5221 7.5
      vertex 9.8637 71.0353 7.5
    endloop
  endfacet
  facet normal 0 0 1
    outer loop
      vertex 10 70 7.5
      vertex 7.4 70 7.5
      vertex 9.96578 69.4779 7.5
    endloop
  endfacet
  facet normal 0 0 1
    outer loop
      vertex 7.3523 70.3624 7.5
      vertex 9.8637 71.0353 7.5
      vertex 9.69552 71.5307 7.5
    endloop
  endfacet
  facet normal -0 0 1
    outer loop
      vertex 7.38802 69.8173 7.5
      vertex 9.96578 69.4779 7.5
      vertex 7.4 70 7.5
    endloop
  endfacet
  facet normal 0 0 1
    outer loop
      vertex 7.29343 70.5358 7.5
      vertex 9.69552 71.5307 7.5
      vertex 9.4641 72 7.5
    endloop
  endfacet
  facet normal 0 0 1
    outer loop
      vertex 9.96578 69.4779 7.5
      vertex 7.38802 69.8173 7.5
      vertex 9.8637 68.9647 7.5
    endloop
  endfacet
  facet normal 0 0 1
    outer loop
      vertex 7.21243 70.7 7.5
      vertex 9.4641 72 7.5
      vertex 9.17341 72.435 7.5
    endloop
  endfacet
  facet normal -0 0 1
    outer loop
      vertex 7.3523 69.6376 7.5
      vertex 9.8637 68.9647 7.5
      vertex 7.38802 69.8173 7.5
    endloop
  endfacet
  facet normal 0 0 1
    outer loop
      vertex 7.11069 70.8523 7.5
      vertex 9.17341 72.435 7.5
      vertex 8.82843 72.8284 7.5
    endloop
  endfacet
  facet normal 0 0 1
    outer loop
      vertex 9.8637 68.9647 7.5
      vertex 7.3523 69.6376 7.5
      vertex 9.69552 68.4693 7.5
    endloop
  endfacet
  facet normal 0 0 1
    outer loop
      vertex 6.98995 70.99 7.5
      vertex 8.82843 72.8284 7.5
      vertex 8.43505 73.1734 7.5
    endloop
  endfacet
  facet normal -0 0 1
    outer loop
      vertex 7.29343 69.4642 7.5
      vertex 9.69552 68.4693 7.5
      vertex 7.3523 69.6376 7.5
    endloop
  endfacet
  facet normal 0 0 1
    outer loop
      vertex 6.85227 71.1107 7.5
      vertex 8.43505 73.1734 7.5
      vertex 8 73.4641 7.5
    endloop
  endfacet
  facet normal 0 0 1
    outer loop
      vertex 9.69552 68.4693 7.5
      vertex 7.29343 69.4642 7.5
      vertex 9.4641 68 7.5
    endloop
  endfacet
  facet normal 0 0 1
    outer loop
      vertex 6.7 71.2124 7.5
      vertex 8 73.4641 7.5
      vertex 7.72443 73.6 7.5
    endloop
  endfacet
  facet normal -0 0 1
    outer loop
      vertex 7.21243 69.3 7.5
      vertex 9.4641 68 7.5
      vertex 7.29343 69.4642 7.5
    endloop
  endfacet
  facet normal 0 0 1
    outer loop
      vertex 4.70657 6.53576 7.5
      vertex 2.4 7.72442 7.5
      vertex 4.6477 6.36235 7.5
    endloop
  endfacet
  facet normal 0 -0 1
    outer loop
      vertex 3.17157 3.17157 7.5
      vertex 4.6 6 7.5
      vertex 2.87687 3.50762 7.5
    endloop
  endfacet
  facet normal 0 0 1
    outer loop
      vertex 4.6 6 7.5
      vertex 3.17157 3.17157 7.5
      vertex 3.50762 2.87687 7.5
    endloop
  endfacet
  facet normal 0 0 1
    outer loop
      vertex 4.6477 6.36235 7.5
      vertex 2.4 7.72442 7.5
      vertex 4.61198 6.18274 7.5
    endloop
  endfacet
  facet normal 0 0 1
    outer loop
      vertex 2.4 68.2756 7.5
      vertex 4.61198 70.1827 7.5
      vertex 2.87692 72.4924 7.5
    endloop
  endfacet
  facet normal 0 0 1
    outer loop
      vertex 4.61198 70.1827 7.5
      vertex 2.4 68.2756 7.5
      vertex 4.6 70 7.5
    endloop
  endfacet
  facet normal 0 0 1
    outer loop
      vertex 4.6 70 7.5
      vertex 3.17157 67.1716 7.5
      vertex 3.56495 66.8266 7.5
    endloop
  endfacet
  facet normal 0 -0 1
    outer loop
      vertex 2.5359 68 7.5
      vertex 4.6 70 7.5
      vertex 2.4 68.2756 7.5
    endloop
  endfacet
  facet normal 0 0 1
    outer loop
      vertex 9.96578 6.5221 7.5
      vertex 7.38802 6.18274 7.5
      vertex 7.4 6 7.5
    endloop
  endfacet
  facet normal 0 0 1
    outer loop
      vertex 9.8637 7.03528 7.5
      vertex 7.3523 6.36235 7.5
      vertex 7.38802 6.18274 7.5
    endloop
  endfacet
  facet normal 0 0 1
    outer loop
      vertex 9.69552 7.53073 7.5
      vertex 7.29343 6.53576 7.5
      vertex 7.3523 6.36235 7.5
    endloop
  endfacet
  facet normal 0 0 1
    outer loop
      vertex 9.4641 8 7.5
      vertex 7.21243 6.7 7.5
      vertex 7.29343 6.53576 7.5
    endloop
  endfacet
  facet normal 0 0 1
    outer loop
      vertex 9.17341 8.43505 7.5
      vertex 7.11069 6.85227 7.5
      vertex 7.21243 6.7 7.5
    endloop
  endfacet
  facet normal 0 0 1
    outer loop
      vertex 6.53576 7.29343 7.5
      vertex 7.53073 9.69552 7.5
      vertex 7.03528 9.8637 7.5
    endloop
  endfacet
  facet normal 0 0 1
    outer loop
      vertex 8.82843 8.82843 7.5
      vertex 6.98995 6.98995 7.5
      vertex 7.11069 6.85227 7.5
    endloop
  endfacet
  facet normal 0 0 1
    outer loop
      vertex 8.43505 9.17341 7.5
      vertex 6.85227 7.11069 7.5
      vertex 6.98995 6.98995 7.5
    endloop
  endfacet
  facet normal 0 0 1
    outer loop
      vertex 8 9.4641 7.5
      vertex 6.7 7.21243 7.5
      vertex 6.85227 7.11069 7.5
    endloop
  endfacet
  facet normal 0 0 1
    outer loop
      vertex 7.53073 9.69552 7.5
      vertex 6.53576 7.29343 7.5
      vertex 6.7 7.21243 7.5
    endloop
  endfacet
  facet normal 0 0 1
    outer loop
      vertex 6.36235 7.3523 7.5
      vertex 7.03528 9.8637 7.5
      vertex 6.5221 9.96578 7.5
    endloop
  endfacet
  facet normal 0 0 1
    outer loop
      vertex 7.03528 9.8637 7.5
      vertex 6.36235 7.3523 7.5
      vertex 6.53576 7.29343 7.5
    endloop
  endfacet
  facet normal 0 0 1
    outer loop
      vertex 6.5221 9.96578 7.5
      vertex 6.18274 7.38802 7.5
      vertex 6.36235 7.3523 7.5
    endloop
  endfacet
  facet normal 0 0 1
    outer loop
      vertex 6 10 7.5
      vertex 6.18274 7.38802 7.5
      vertex 6.5221 9.96578 7.5
    endloop
  endfacet
  facet normal 0 0 1
    outer loop
      vertex 6 10 7.5
      vertex 6 7.4 7.5
      vertex 6.18274 7.38802 7.5
    endloop
  endfacet
  facet normal 0 0 1
    outer loop
      vertex 6 10 7.5
      vertex 5.81726 7.38802 7.5
      vertex 6 7.4 7.5
    endloop
  endfacet
  facet normal -0 0 1
    outer loop
      vertex 5.47789 9.96578 7.5
      vertex 5.81726 7.38802 7.5
      vertex 6 10 7.5
    endloop
  endfacet
  facet normal 0 0 1
    outer loop
      vertex 5.81726 7.38802 7.5
      vertex 5.47789 9.96578 7.5
      vertex 5.63765 7.3523 7.5
    endloop
  endfacet
  facet normal -0 0 1
    outer loop
      vertex 4.96472 9.8637 7.5
      vertex 5.63765 7.3523 7.5
      vertex 5.47789 9.96578 7.5
    endloop
  endfacet
  facet normal 0 0 1
    outer loop
      vertex 5.63765 7.3523 7.5
      vertex 4.96472 9.8637 7.5
      vertex 5.46424 7.29343 7.5
    endloop
  endfacet
  facet normal -0 0 1
    outer loop
      vertex 4.46927 9.69552 7.5
      vertex 5.46424 7.29343 7.5
      vertex 4.96472 9.8637 7.5
    endloop
  endfacet
  facet normal 0 0 1
    outer loop
      vertex 5.46424 7.29343 7.5
      vertex 4.46927 9.69552 7.5
      vertex 5.3 7.21243 7.5
    endloop
  endfacet
  facet normal -0 0 1
    outer loop
      vertex 4 9.4641 7.5
      vertex 5.3 7.21243 7.5
      vertex 4.46927 9.69552 7.5
    endloop
  endfacet
  facet normal 0 0 1
    outer loop
      vertex 5.3 7.21243 7.5
      vertex 4 9.4641 7.5
      vertex 5.14773 7.11069 7.5
    endloop
  endfacet
  facet normal -0 0 1
    outer loop
      vertex 3.56495 9.17341 7.5
      vertex 5.14773 7.11069 7.5
      vertex 4 9.4641 7.5
    endloop
  endfacet
  facet normal 0 0 1
    outer loop
      vertex 5.14773 7.11069 7.5
      vertex 3.56495 9.17341 7.5
      vertex 5.01005 6.98995 7.5
    endloop
  endfacet
  facet normal -0 0 1
    outer loop
      vertex 3.17157 8.82843 7.5
      vertex 5.01005 6.98995 7.5
      vertex 3.56495 9.17341 7.5
    endloop
  endfacet
  facet normal 0 0 1
    outer loop
      vertex 5.01005 6.98995 7.5
      vertex 3.17157 8.82843 7.5
      vertex 4.88931 6.85227 7.5
    endloop
  endfacet
  facet normal 0 0 1
    outer loop
      vertex 4.88931 6.85227 7.5
      vertex 2.82659 8.43505 7.5
      vertex 4.78756 6.7 7.5
    endloop
  endfacet
  facet normal -0 0 1
    outer loop
      vertex 2.82659 8.43505 7.5
      vertex 4.88931 6.85227 7.5
      vertex 3.17157 8.82843 7.5
    endloop
  endfacet
  facet normal -0 0 1
    outer loop
      vertex 7.11069 69.1477 7.5
      vertex 9.17341 67.565 7.5
      vertex 7.21243 69.3 7.5
    endloop
  endfacet
  facet normal 0 0 1
    outer loop
      vertex 9.17341 67.565 7.5
      vertex 7.11069 69.1477 7.5
      vertex 8.82843 67.1716 7.5
    endloop
  endfacet
  facet normal -0 0 1
    outer loop
      vertex 6.98995 69.01 7.5
      vertex 8.82843 67.1716 7.5
      vertex 7.11069 69.1477 7.5
    endloop
  endfacet
  facet normal 0 0 1
    outer loop
      vertex 8.82843 67.1716 7.5
      vertex 6.98995 69.01 7.5
      vertex 8.43505 66.8266 7.5
    endloop
  endfacet
  facet normal -0 0 1
    outer loop
      vertex 6.85227 68.8893 7.5
      vertex 8.43505 66.8266 7.5
      vertex 6.98995 69.01 7.5
    endloop
  endfacet
  facet normal 0 0 1
    outer loop
      vertex 8.43505 66.8266 7.5
      vertex 6.85227 68.8893 7.5
      vertex 8 66.5359 7.5
    endloop
  endfacet
  facet normal -0 0 1
    outer loop
      vertex 6.7 68.7876 7.5
      vertex 8 66.5359 7.5
      vertex 6.85227 68.8893 7.5
    endloop
  endfacet
  facet normal 0 0 1
    outer loop
      vertex 8 66.5359 7.5
      vertex 6.7 68.7876 7.5
      vertex 7.53073 66.3045 7.5
    endloop
  endfacet
  facet normal -0 0 1
    outer loop
      vertex 6.53576 68.7066 7.5
      vertex 7.53073 66.3045 7.5
      vertex 6.7 68.7876 7.5
    endloop
  endfacet
  facet normal 0 0 1
    outer loop
      vertex 7.53073 66.3045 7.5
      vertex 6.53576 68.7066 7.5
      vertex 7.03528 66.1363 7.5
    endloop
  endfacet
  facet normal -0 0 1
    outer loop
      vertex 6.36235 68.6477 7.5
      vertex 7.03528 66.1363 7.5
      vertex 6.53576 68.7066 7.5
    endloop
  endfacet
  facet normal 0 0 1
    outer loop
      vertex 7.03528 66.1363 7.5
      vertex 6.36235 68.6477 7.5
      vertex 6.5221 66.0342 7.5
    endloop
  endfacet
  facet normal -0 0 1
    outer loop
      vertex 6.18274 68.612 7.5
      vertex 6.5221 66.0342 7.5
      vertex 6.36235 68.6477 7.5
    endloop
  endfacet
  facet normal -0 0 1
    outer loop
      vertex 6 68.6 7.5
      vertex 6.5221 66.0342 7.5
      vertex 6.18274 68.612 7.5
    endloop
  endfacet
  facet normal 0 0 1
    outer loop
      vertex 6 68.6 7.5
      vertex 6 66 7.5
      vertex 6.5221 66.0342 7.5
    endloop
  endfacet
  facet normal 0 0 1
    outer loop
      vertex 5.81726 68.612 7.5
      vertex 6 66 7.5
      vertex 6 68.6 7.5
    endloop
  endfacet
  facet normal 0 0 1
    outer loop
      vertex 5.47789 66.0342 7.5
      vertex 5.81726 68.612 7.5
      vertex 5.63765 68.6477 7.5
    endloop
  endfacet
  facet normal 0 0 1
    outer loop
      vertex 5.81726 68.612 7.5
      vertex 5.47789 66.0342 7.5
      vertex 6 66 7.5
    endloop
  endfacet
  facet normal 0 0 1
    outer loop
      vertex 4.96472 66.1363 7.5
      vertex 5.63765 68.6477 7.5
      vertex 5.46424 68.7066 7.5
    endloop
  endfacet
  facet normal 0 0 1
    outer loop
      vertex 4.46927 66.3045 7.5
      vertex 5.46424 68.7066 7.5
      vertex 5.3 68.7876 7.5
    endloop
  endfacet
  facet normal 0 0 1
    outer loop
      vertex 4 66.5359 7.5
      vertex 5.3 68.7876 7.5
      vertex 5.14773 68.8893 7.5
    endloop
  endfacet
  facet normal 0 0 1
    outer loop
      vertex 3.56495 66.8266 7.5
      vertex 5.14773 68.8893 7.5
      vertex 5.01005 69.01 7.5
    endloop
  endfacet
  facet normal 0 0 1
    outer loop
      vertex 5.63765 68.6477 7.5
      vertex 4.96472 66.1363 7.5
      vertex 5.47789 66.0342 7.5
    endloop
  endfacet
  facet normal 0 0 1
    outer loop
      vertex 3.56495 66.8266 7.5
      vertex 5.01005 69.01 7.5
      vertex 4.88931 69.1477 7.5
    endloop
  endfacet
  facet normal 0 0 1
    outer loop
      vertex 3.56495 66.8266 7.5
      vertex 4.88931 69.1477 7.5
      vertex 4.78756 69.3 7.5
    endloop
  endfacet
  facet normal 0 0 1
    outer loop
      vertex 3.56495 66.8266 7.5
      vertex 4.78756 69.3 7.5
      vertex 4.70657 69.4642 7.5
    endloop
  endfacet
  facet normal 0 0 1
    outer loop
      vertex 3.56495 66.8266 7.5
      vertex 4.70657 69.4642 7.5
      vertex 4.6477 69.6376 7.5
    endloop
  endfacet
  facet normal 0 0 1
    outer loop
      vertex 3.56495 66.8266 7.5
      vertex 4.6477 69.6376 7.5
      vertex 4.61198 69.8173 7.5
    endloop
  endfacet
  facet normal 0 0 1
    outer loop
      vertex 5.46424 68.7066 7.5
      vertex 4.46927 66.3045 7.5
      vertex 4.96472 66.1363 7.5
    endloop
  endfacet
  facet normal 0 0 1
    outer loop
      vertex 3.56495 66.8266 7.5
      vertex 4.61198 69.8173 7.5
      vertex 4.6 70 7.5
    endloop
  endfacet
  facet normal 0 0 1
    outer loop
      vertex 112.6 7.72443 7.5
      vertex 110.388 6.18274 7.5
      vertex 110.4 6 7.5
    endloop
  endfacet
  facet normal 0 0 1
    outer loop
      vertex 111 9.4641 7.5
      vertex 110.352 6.36235 7.5
      vertex 110.388 6.18274 7.5
    endloop
  endfacet
  facet normal 0 0 1
    outer loop
      vertex 111 9.4641 7.5
      vertex 110.293 6.53576 7.5
      vertex 110.352 6.36235 7.5
    endloop
  endfacet
  facet normal 0 0 1
    outer loop
      vertex 111 9.4641 7.5
      vertex 110.212 6.7 7.5
      vertex 110.293 6.53576 7.5
    endloop
  endfacet
  facet normal 0 0 1
    outer loop
      vertex 111 9.4641 7.5
      vertex 110.111 6.85227 7.5
      vertex 110.212 6.7 7.5
    endloop
  endfacet
  facet normal 0 0 1
    outer loop
      vertex 109.536 7.29343 7.5
      vertex 110.531 9.69552 7.5
      vertex 110.035 9.8637 7.5
    endloop
  endfacet
  facet normal 0 0 1
    outer loop
      vertex 111 9.4641 7.5
      vertex 109.99 6.98995 7.5
      vertex 110.111 6.85227 7.5
    endloop
  endfacet
  facet normal 0 0 1
    outer loop
      vertex 111 9.4641 7.5
      vertex 109.852 7.11069 7.5
      vertex 109.99 6.98995 7.5
    endloop
  endfacet
  facet normal 0 0 1
    outer loop
      vertex 111 9.4641 7.5
      vertex 109.7 7.21243 7.5
      vertex 109.852 7.11069 7.5
    endloop
  endfacet
  facet normal 0 0 1
    outer loop
      vertex 110.531 9.69552 7.5
      vertex 109.536 7.29343 7.5
      vertex 109.7 7.21243 7.5
    endloop
  endfacet
  facet normal 0 0 1
    outer loop
      vertex 109.362 7.3523 7.5
      vertex 110.035 9.8637 7.5
      vertex 109.522 9.96578 7.5
    endloop
  endfacet
  facet normal 0 0 1
    outer loop
      vertex 110.035 9.8637 7.5
      vertex 109.362 7.3523 7.5
      vertex 109.536 7.29343 7.5
    endloop
  endfacet
  facet normal 0 0 1
    outer loop
      vertex 109.522 9.96578 7.5
      vertex 109.183 7.38802 7.5
      vertex 109.362 7.3523 7.5
    endloop
  endfacet
  facet normal 0 0 1
    outer loop
      vertex 109 10 7.5
      vertex 109.183 7.38802 7.5
      vertex 109.522 9.96578 7.5
    endloop
  endfacet
  facet normal 0 0 1
    outer loop
      vertex 109 10 7.5
      vertex 109 7.4 7.5
      vertex 109.183 7.38802 7.5
    endloop
  endfacet
  facet normal 0 0 1
    outer loop
      vertex 109 10 7.5
      vertex 108.817 7.38802 7.5
      vertex 109 7.4 7.5
    endloop
  endfacet
  facet normal -0 0 1
    outer loop
      vertex 108.478 9.96578 7.5
      vertex 108.817 7.38802 7.5
      vertex 109 10 7.5
    endloop
  endfacet
  facet normal 0 0 1
    outer loop
      vertex 108.817 7.38802 7.5
      vertex 108.478 9.96578 7.5
      vertex 108.638 7.3523 7.5
    endloop
  endfacet
  facet normal -0 0 1
    outer loop
      vertex 107.965 9.8637 7.5
      vertex 108.638 7.3523 7.5
      vertex 108.478 9.96578 7.5
    endloop
  endfacet
  facet normal 0 0 1
    outer loop
      vertex 108.638 7.3523 7.5
      vertex 107.965 9.8637 7.5
      vertex 108.464 7.29343 7.5
    endloop
  endfacet
  facet normal -0 0 1
    outer loop
      vertex 107.469 9.69552 7.5
      vertex 108.464 7.29343 7.5
      vertex 107.965 9.8637 7.5
    endloop
  endfacet
  facet normal 0 0 1
    outer loop
      vertex 108.464 7.29343 7.5
      vertex 107.469 9.69552 7.5
      vertex 108.3 7.21243 7.5
    endloop
  endfacet
  facet normal -0 0 1
    outer loop
      vertex 107 9.4641 7.5
      vertex 108.3 7.21243 7.5
      vertex 107.469 9.69552 7.5
    endloop
  endfacet
  facet normal 0 0 1
    outer loop
      vertex 108.3 7.21243 7.5
      vertex 107 9.4641 7.5
      vertex 108.148 7.11069 7.5
    endloop
  endfacet
  facet normal -0 0 1
    outer loop
      vertex 106.565 9.17341 7.5
      vertex 108.148 7.11069 7.5
      vertex 107 9.4641 7.5
    endloop
  endfacet
  facet normal 0 0 1
    outer loop
      vertex 108.148 7.11069 7.5
      vertex 106.565 9.17341 7.5
      vertex 108.01 6.98995 7.5
    endloop
  endfacet
  facet normal -0 0 1
    outer loop
      vertex 106.172 8.82843 7.5
      vertex 108.01 6.98995 7.5
      vertex 106.565 9.17341 7.5
    endloop
  endfacet
  facet normal 0 0 1
    outer loop
      vertex 108.01 6.98995 7.5
      vertex 106.172 8.82843 7.5
      vertex 107.889 6.85227 7.5
    endloop
  endfacet
  facet normal 0 0 1
    outer loop
      vertex 107.889 6.85227 7.5
      vertex 105.827 8.43505 7.5
      vertex 107.788 6.7 7.5
    endloop
  endfacet
  facet normal -0 0 1
    outer loop
      vertex 105.827 8.43505 7.5
      vertex 107.889 6.85227 7.5
      vertex 106.172 8.82843 7.5
    endloop
  endfacet
  facet normal -0 0 1
    outer loop
      vertex 110.293 69.4642 7.5
      vertex 111.435 66.8266 7.5
      vertex 110.352 69.6376 7.5
    endloop
  endfacet
  facet normal -0 0 1
    outer loop
      vertex 110.212 69.3 7.5
      vertex 111.435 66.8266 7.5
      vertex 110.293 69.4642 7.5
    endloop
  endfacet
  facet normal -0 0 1
    outer loop
      vertex 110.111 69.1477 7.5
      vertex 111.435 66.8266 7.5
      vertex 110.212 69.3 7.5
    endloop
  endfacet
  facet normal -0 0 1
    outer loop
      vertex 109.99 69.01 7.5
      vertex 111.435 66.8266 7.5
      vertex 110.111 69.1477 7.5
    endloop
  endfacet
  facet normal -0 0 1
    outer loop
      vertex 109.852 68.8893 7.5
      vertex 111.435 66.8266 7.5
      vertex 109.99 69.01 7.5
    endloop
  endfacet
  facet normal 0 0 1
    outer loop
      vertex 111.435 66.8266 7.5
      vertex 109.852 68.8893 7.5
      vertex 111 66.5359 7.5
    endloop
  endfacet
  facet normal -0 0 1
    outer loop
      vertex 109.7 68.7876 7.5
      vertex 111 66.5359 7.5
      vertex 109.852 68.8893 7.5
    endloop
  endfacet
  facet normal 0 0 1
    outer loop
      vertex 111 66.5359 7.5
      vertex 109.7 68.7876 7.5
      vertex 110.531 66.3045 7.5
    endloop
  endfacet
  facet normal -0 0 1
    outer loop
      vertex 109.536 68.7066 7.5
      vertex 110.531 66.3045 7.5
      vertex 109.7 68.7876 7.5
    endloop
  endfacet
  facet normal 0 0 1
    outer loop
      vertex 110.531 66.3045 7.5
      vertex 109.536 68.7066 7.5
      vertex 110.035 66.1363 7.5
    endloop
  endfacet
  facet normal -0 0 1
    outer loop
      vertex 109.362 68.6477 7.5
      vertex 110.035 66.1363 7.5
      vertex 109.536 68.7066 7.5
    endloop
  endfacet
  facet normal 0 0 1
    outer loop
      vertex 110.035 66.1363 7.5
      vertex 109.362 68.6477 7.5
      vertex 109.522 66.0342 7.5
    endloop
  endfacet
  facet normal -0 0 1
    outer loop
      vertex 109.183 68.612 7.5
      vertex 109.522 66.0342 7.5
      vertex 109.362 68.6477 7.5
    endloop
  endfacet
  facet normal -0 0 1
    outer loop
      vertex 109 68.6 7.5
      vertex 109.522 66.0342 7.5
      vertex 109.183 68.612 7.5
    endloop
  endfacet
  facet normal 0 0 1
    outer loop
      vertex 109 68.6 7.5
      vertex 109 66 7.5
      vertex 109.522 66.0342 7.5
    endloop
  endfacet
  facet normal 0 0 1
    outer loop
      vertex 108.817 68.612 7.5
      vertex 109 66 7.5
      vertex 109 68.6 7.5
    endloop
  endfacet
  facet normal 0 0 1
    outer loop
      vertex 108.478 66.0342 7.5
      vertex 108.817 68.612 7.5
      vertex 108.638 68.6477 7.5
    endloop
  endfacet
  facet normal 0 0 1
    outer loop
      vertex 108.817 68.612 7.5
      vertex 108.478 66.0342 7.5
      vertex 109 66 7.5
    endloop
  endfacet
  facet normal 0 0 1
    outer loop
      vertex 107.965 66.1363 7.5
      vertex 108.638 68.6477 7.5
      vertex 108.464 68.7066 7.5
    endloop
  endfacet
  facet normal 0 0 1
    outer loop
      vertex 107.469 66.3045 7.5
      vertex 108.464 68.7066 7.5
      vertex 108.3 68.7876 7.5
    endloop
  endfacet
  facet normal 0 0 1
    outer loop
      vertex 107.469 66.3045 7.5
      vertex 108.3 68.7876 7.5
      vertex 108.148 68.8893 7.5
    endloop
  endfacet
  facet normal 0 0 1
    outer loop
      vertex 107.469 66.3045 7.5
      vertex 108.148 68.8893 7.5
      vertex 108.01 69.01 7.5
    endloop
  endfacet
  facet normal 0 0 1
    outer loop
      vertex 108.638 68.6477 7.5
      vertex 107.965 66.1363 7.5
      vertex 108.478 66.0342 7.5
    endloop
  endfacet
  facet normal 0 0 1
    outer loop
      vertex 107.469 66.3045 7.5
      vertex 108.01 69.01 7.5
      vertex 107.889 69.1477 7.5
    endloop
  endfacet
  facet normal 0 0 1
    outer loop
      vertex 107.469 66.3045 7.5
      vertex 107.889 69.1477 7.5
      vertex 107.788 69.3 7.5
    endloop
  endfacet
  facet normal 0 0 1
    outer loop
      vertex 107.469 66.3045 7.5
      vertex 107.788 69.3 7.5
      vertex 107.707 69.4642 7.5
    endloop
  endfacet
  facet normal 0 0 1
    outer loop
      vertex 107.469 66.3045 7.5
      vertex 107.707 69.4642 7.5
      vertex 107.648 69.6376 7.5
    endloop
  endfacet
  facet normal 0 0 1
    outer loop
      vertex 107.469 66.3045 7.5
      vertex 107.648 69.6376 7.5
      vertex 107.612 69.8173 7.5
    endloop
  endfacet
  facet normal 0 0 1
    outer loop
      vertex 108.464 68.7066 7.5
      vertex 107.469 66.3045 7.5
      vertex 107.965 66.1363 7.5
    endloop
  endfacet
  facet normal 0 0 1
    outer loop
      vertex 107.469 66.3045 7.5
      vertex 107.612 69.8173 7.5
      vertex 107.6 70 7.5
    endloop
  endfacet
  facet normal 0 0 1
    outer loop
      vertex 110.388 6.18274 7.5
      vertex 112.6 7.72443 7.5
      vertex 112.464 8 7.5
    endloop
  endfacet
  facet normal 0 0 1
    outer loop
      vertex 110.388 5.81726 7.5
      vertex 112.6 7.72443 7.5
      vertex 110.4 6 7.5
    endloop
  endfacet
  facet normal 0 0 1
    outer loop
      vertex 112.6 7.72443 7.5
      vertex 110.388 5.81726 7.5
      vertex 112.123 3.50753 7.5
    endloop
  endfacet
  facet normal 0 0 1
    outer loop
      vertex 110.388 6.18274 7.5
      vertex 111.828 8.82843 7.5
      vertex 111.435 9.17341 7.5
    endloop
  endfacet
  facet normal 0 0 1
    outer loop
      vertex 112.123 72.4925 7.5
      vertex 115 71 7.5
      vertex 114.957 71.6526 7.5
    endloop
  endfacet
  facet normal 0 0 1
    outer loop
      vertex 115 71 7.5
      vertex 112.6 68.2756 7.5
      vertex 115 5 7.5
    endloop
  endfacet
  facet normal 0 0 1
    outer loop
      vertex 112.123 72.4925 7.5
      vertex 114.957 71.6526 7.5
      vertex 114.83 72.2941 7.5
    endloop
  endfacet
  facet normal -0 0 1
    outer loop
      vertex 112.6 7.72443 7.5
      vertex 115 5 7.5
      vertex 112.6 68.2756 7.5
    endloop
  endfacet
  facet normal -0 0 1
    outer loop
      vertex 112.123 72.4925 7.5
      vertex 114.83 72.2941 7.5
      vertex 114.619 72.9134 7.5
    endloop
  endfacet
  facet normal 0 0 1
    outer loop
      vertex 112.123 3.50753 7.5
      vertex 115 5 7.5
      vertex 112.6 7.72443 7.5
    endloop
  endfacet
  facet normal 0 0 1
    outer loop
      vertex 112.123 72.4925 7.5
      vertex 114.619 72.9134 7.5
      vertex 114.33 73.5 7.5
    endloop
  endfacet
  facet normal 0 0 1
    outer loop
      vertex 115 5 7.5
      vertex 112.123 3.50753 7.5
      vertex 114.957 4.34737 7.5
    endloop
  endfacet
  facet normal 0 0 1
    outer loop
      vertex 112.123 72.4925 7.5
      vertex 114.33 73.5 7.5
      vertex 113.967 74.0438 7.5
    endloop
  endfacet
  facet normal 0 0 1
    outer loop
      vertex 114.957 4.34737 7.5
      vertex 112.123 3.50753 7.5
      vertex 114.83 3.7059 7.5
    endloop
  endfacet
  facet normal 0 0 1
    outer loop
      vertex 112.063 72.5828 7.5
      vertex 113.967 74.0438 7.5
      vertex 113.536 74.5355 7.5
    endloop
  endfacet
  facet normal 0 0 1
    outer loop
      vertex 114.83 3.7059 7.5
      vertex 112.123 3.50753 7.5
      vertex 114.619 3.08658 7.5
    endloop
  endfacet
  facet normal 0 0 1
    outer loop
      vertex 111.838 72.8385 7.5
      vertex 113.536 74.5355 7.5
      vertex 113.044 74.9668 7.5
    endloop
  endfacet
  facet normal 0 0 1
    outer loop
      vertex 114.619 3.08658 7.5
      vertex 112.123 3.50753 7.5
      vertex 114.33 2.5 7.5
    endloop
  endfacet
  facet normal 0 0 1
    outer loop
      vertex 114.33 2.5 7.5
      vertex 112.123 3.50753 7.5
      vertex 113.967 1.95619 7.5
    endloop
  endfacet
  facet normal 0 0 1
    outer loop
      vertex 111.493 73.123 7.5
      vertex 113.044 74.9668 7.5
      vertex 112.5 75.3301 7.5
    endloop
  endfacet
  facet normal 0 0 1
    outer loop
      vertex 115 71 7.5
      vertex 112.123 72.4925 7.5
      vertex 112.6 68.2756 7.5
    endloop
  endfacet
  facet normal 0 0 1
    outer loop
      vertex 111.828 67.1716 7.5
      vertex 112.6 68.2756 7.5
      vertex 112.123 72.4925 7.5
    endloop
  endfacet
  facet normal 0 0 1
    outer loop
      vertex 112.6 68.2756 7.5
      vertex 112.173 67.565 7.5
      vertex 112.464 68 7.5
    endloop
  endfacet
  facet normal 0 0 1
    outer loop
      vertex 113.967 74.0438 7.5
      vertex 112.063 72.5828 7.5
      vertex 112.123 72.4925 7.5
    endloop
  endfacet
  facet normal 0 0 1
    outer loop
      vertex 111.493 73.123 7.5
      vertex 112.5 75.3301 7.5
      vertex 111.913 75.6194 7.5
    endloop
  endfacet
  facet normal 0 0 1
    outer loop
      vertex 113.536 74.5355 7.5
      vertex 111.838 72.8385 7.5
      vertex 112.063 72.5828 7.5
    endloop
  endfacet
  facet normal 0 0 1
    outer loop
      vertex 113.044 74.9668 7.5
      vertex 111.583 73.0627 7.5
      vertex 111.838 72.8385 7.5
    endloop
  endfacet
  facet normal 0 0 1
    outer loop
      vertex 113.044 74.9668 7.5
      vertex 111.493 73.123 7.5
      vertex 111.583 73.0627 7.5
    endloop
  endfacet
  facet normal 0 0 1
    outer loop
      vertex 111.294 75.8296 7.5
      vertex 111.493 73.123 7.5
      vertex 111.913 75.6194 7.5
    endloop
  endfacet
  facet normal 0 0 1
    outer loop
      vertex 110.653 75.9572 7.5
      vertex 111.493 73.123 7.5
      vertex 111.294 75.8296 7.5
    endloop
  endfacet
  facet normal 0 -0 1
    outer loop
      vertex 110.4 70 7.5
      vertex 111.493 73.123 7.5
      vertex 110.388 70.1827 7.5
    endloop
  endfacet
  facet normal 0 0 1
    outer loop
      vertex 110 76 7.5
      vertex 111.493 73.123 7.5
      vertex 110.653 75.9572 7.5
    endloop
  endfacet
  facet normal 0 0 1
    outer loop
      vertex 111.493 73.123 7.5
      vertex 110.4 70 7.5
      vertex 111.435 66.8266 7.5
    endloop
  endfacet
  facet normal -0 0 1
    outer loop
      vertex 110.352 69.6376 7.5
      vertex 111.435 66.8266 7.5
      vertex 110.388 69.8173 7.5
    endloop
  endfacet
  facet normal -0 0 1
    outer loop
      vertex 110.388 69.8173 7.5
      vertex 111.435 66.8266 7.5
      vertex 110.4 70 7.5
    endloop
  endfacet
  facet normal 0 0 1
    outer loop
      vertex 111.493 73.123 7.5
      vertex 110.352 70.3624 7.5
      vertex 110.388 70.1827 7.5
    endloop
  endfacet
  facet normal 0 0 1
    outer loop
      vertex 111.493 73.123 7.5
      vertex 110.293 70.5358 7.5
      vertex 110.352 70.3624 7.5
    endloop
  endfacet
  facet normal 0 0 1
    outer loop
      vertex 111.493 73.123 7.5
      vertex 110.212 70.7 7.5
      vertex 110.293 70.5358 7.5
    endloop
  endfacet
  facet normal 0 0 1
    outer loop
      vertex 111.493 73.123 7.5
      vertex 110.111 70.8523 7.5
      vertex 110.212 70.7 7.5
    endloop
  endfacet
  facet normal -0 0 1
    outer loop
      vertex 107.276 73.6 7.5
      vertex 111.493 73.123 7.5
      vertex 110 76 7.5
    endloop
  endfacet
  facet normal 0 0 1
    outer loop
      vertex 111.493 73.123 7.5
      vertex 109.99 70.99 7.5
      vertex 110.111 70.8523 7.5
    endloop
  endfacet
  facet normal 0 0 1
    outer loop
      vertex 111.493 73.123 7.5
      vertex 109.852 71.1107 7.5
      vertex 109.99 70.99 7.5
    endloop
  endfacet
  facet normal 0 0 1
    outer loop
      vertex 111.493 73.123 7.5
      vertex 109.7 71.2124 7.5
      vertex 109.852 71.1107 7.5
    endloop
  endfacet
  facet normal 0 0 1
    outer loop
      vertex 111.493 73.123 7.5
      vertex 109.536 71.2934 7.5
      vertex 109.7 71.2124 7.5
    endloop
  endfacet
  facet normal 0 0 1
    outer loop
      vertex 111.493 73.123 7.5
      vertex 109.362 71.3523 7.5
      vertex 109.536 71.2934 7.5
    endloop
  endfacet
  facet normal 0 0 1
    outer loop
      vertex 111.493 73.123 7.5
      vertex 109.183 71.388 7.5
      vertex 109.362 71.3523 7.5
    endloop
  endfacet
  facet normal 0 0 1
    outer loop
      vertex 111.493 73.123 7.5
      vertex 107.276 73.6 7.5
      vertex 109.183 71.388 7.5
    endloop
  endfacet
  facet normal 0 0 1
    outer loop
      vertex 109.183 71.388 7.5
      vertex 107.276 73.6 7.5
      vertex 109 71.4 7.5
    endloop
  endfacet
  facet normal 0 0 1
    outer loop
      vertex 109 71.4 7.5
      vertex 107.276 73.6 7.5
      vertex 108.817 71.388 7.5
    endloop
  endfacet
  facet normal 0 0 1
    outer loop
      vertex 108.817 71.388 7.5
      vertex 107.276 73.6 7.5
      vertex 108.638 71.3523 7.5
    endloop
  endfacet
  facet normal 0 0 1
    outer loop
      vertex 108.638 71.3523 7.5
      vertex 107.276 73.6 7.5
      vertex 108.464 71.2934 7.5
    endloop
  endfacet
  facet normal 0 0 1
    outer loop
      vertex 108.464 71.2934 7.5
      vertex 107.276 73.6 7.5
      vertex 108.3 71.2124 7.5
    endloop
  endfacet
  facet normal -0 0 1
    outer loop
      vertex 107 73.4641 7.5
      vertex 108.3 71.2124 7.5
      vertex 107.276 73.6 7.5
    endloop
  endfacet
  facet normal 0 0 1
    outer loop
      vertex 108.3 71.2124 7.5
      vertex 107 73.4641 7.5
      vertex 108.148 71.1107 7.5
    endloop
  endfacet
  facet normal -0 0 1
    outer loop
      vertex 106.565 73.1734 7.5
      vertex 108.148 71.1107 7.5
      vertex 107 73.4641 7.5
    endloop
  endfacet
  facet normal 0 0 1
    outer loop
      vertex 108.148 71.1107 7.5
      vertex 106.565 73.1734 7.5
      vertex 108.01 70.99 7.5
    endloop
  endfacet
  facet normal -0 0 1
    outer loop
      vertex 105.536 72 7.5
      vertex 107.788 70.7 7.5
      vertex 105.827 72.435 7.5
    endloop
  endfacet
  facet normal 0 0 1
    outer loop
      vertex 107.889 70.8523 7.5
      vertex 105.827 72.435 7.5
      vertex 107.788 70.7 7.5
    endloop
  endfacet
  facet normal -0 0 1
    outer loop
      vertex 105.827 72.435 7.5
      vertex 107.889 70.8523 7.5
      vertex 106.172 72.8284 7.5
    endloop
  endfacet
  facet normal 0 0 1
    outer loop
      vertex 108.01 70.99 7.5
      vertex 106.172 72.8284 7.5
      vertex 107.889 70.8523 7.5
    endloop
  endfacet
  facet normal -0 0 1
    outer loop
      vertex 106.172 72.8284 7.5
      vertex 108.01 70.99 7.5
      vertex 106.565 73.1734 7.5
    endloop
  endfacet
  facet normal 0 0 1
    outer loop
      vertex 110 76 7.5
      vertex 7.72443 73.6 7.5
      vertex 107.276 73.6 7.5
    endloop
  endfacet
  facet normal 0 0 1
    outer loop
      vertex 9.4641 68 7.5
      vertex 7.21243 69.3 7.5
      vertex 9.17341 67.565 7.5
    endloop
  endfacet
  facet normal 0 0 1
    outer loop
      vertex 9.96578 70.5221 7.5
      vertex 7.38802 70.1827 7.5
      vertex 7.4 70 7.5
    endloop
  endfacet
  facet normal 0 0 1
    outer loop
      vertex 9.8637 71.0353 7.5
      vertex 7.3523 70.3624 7.5
      vertex 7.38802 70.1827 7.5
    endloop
  endfacet
  facet normal 0 0 1
    outer loop
      vertex 9.69552 71.5307 7.5
      vertex 7.29343 70.5358 7.5
      vertex 7.3523 70.3624 7.5
    endloop
  endfacet
  facet normal 0 0 1
    outer loop
      vertex 9.4641 72 7.5
      vertex 7.21243 70.7 7.5
      vertex 7.29343 70.5358 7.5
    endloop
  endfacet
  facet normal 0 0 1
    outer loop
      vertex 9.17341 72.435 7.5
      vertex 7.11069 70.8523 7.5
      vertex 7.21243 70.7 7.5
    endloop
  endfacet
  facet normal 0 0 1
    outer loop
      vertex 8.82843 72.8284 7.5
      vertex 6.98995 70.99 7.5
      vertex 7.11069 70.8523 7.5
    endloop
  endfacet
  facet normal 0 0 1
    outer loop
      vertex 8.43505 73.1734 7.5
      vertex 6.85227 71.1107 7.5
      vertex 6.98995 70.99 7.5
    endloop
  endfacet
  facet normal 0 0 1
    outer loop
      vertex 8 73.4641 7.5
      vertex 6.7 71.2124 7.5
      vertex 6.85227 71.1107 7.5
    endloop
  endfacet
  facet normal 0 0 1
    outer loop
      vertex 7.72443 73.6 7.5
      vertex 6.53576 71.2934 7.5
      vertex 6.7 71.2124 7.5
    endloop
  endfacet
  facet normal 0 0 1
    outer loop
      vertex 7.72443 73.6 7.5
      vertex 6.36235 71.3523 7.5
      vertex 6.53576 71.2934 7.5
    endloop
  endfacet
  facet normal 0 0 1
    outer loop
      vertex 7.72443 73.6 7.5
      vertex 6.18274 71.388 7.5
      vertex 6.36235 71.3523 7.5
    endloop
  endfacet
  facet normal 0 0 1
    outer loop
      vertex 7.72443 73.6 7.5
      vertex 6 71.4 7.5
      vertex 6.18274 71.388 7.5
    endloop
  endfacet
  facet normal 0 0 1
    outer loop
      vertex 7.72443 73.6 7.5
      vertex 5.81726 71.388 7.5
      vertex 6 71.4 7.5
    endloop
  endfacet
  facet normal -0 0 1
    outer loop
      vertex 3.50753 73.1231 7.5
      vertex 5.81726 71.388 7.5
      vertex 7.72443 73.6 7.5
    endloop
  endfacet
  facet normal 0 0 1
    outer loop
      vertex 5.81726 71.388 7.5
      vertex 3.50753 73.1231 7.5
      vertex 5.63765 71.3523 7.5
    endloop
  endfacet
  facet normal 0 0 1
    outer loop
      vertex 5.63765 71.3523 7.5
      vertex 3.50753 73.1231 7.5
      vertex 5.46424 71.2934 7.5
    endloop
  endfacet
  facet normal 0 0 1
    outer loop
      vertex 5.46424 71.2934 7.5
      vertex 3.50753 73.1231 7.5
      vertex 5.3 71.2124 7.5
    endloop
  endfacet
  facet normal 0 0 1
    outer loop
      vertex 5.3 71.2124 7.5
      vertex 3.50753 73.1231 7.5
      vertex 5.14773 71.1107 7.5
    endloop
  endfacet
  facet normal -0 0 1
    outer loop
      vertex 5 76 7.5
      vertex 7.72443 73.6 7.5
      vertex 110 76 7.5
    endloop
  endfacet
  facet normal 0 0 1
    outer loop
      vertex 3.50753 73.1231 7.5
      vertex 7.72443 73.6 7.5
      vertex 5 76 7.5
    endloop
  endfacet
  facet normal 0 0 1
    outer loop
      vertex 5.14773 71.1107 7.5
      vertex 3.50753 73.1231 7.5
      vertex 5.01005 70.99 7.5
    endloop
  endfacet
  facet normal -0 0 1
    outer loop
      vertex 3.17157 72.8284 7.5
      vertex 5.01005 70.99 7.5
      vertex 3.50753 73.1231 7.5
    endloop
  endfacet
  facet normal -0 0 1
    outer loop
      vertex 2.87692 72.4924 7.5
      vertex 5.01005 70.99 7.5
      vertex 3.17157 72.8284 7.5
    endloop
  endfacet
  facet normal 0 0 1
    outer loop
      vertex 5.01005 70.99 7.5
      vertex 2.87692 72.4924 7.5
      vertex 4.88931 70.8523 7.5
    endloop
  endfacet
  facet normal 0 0 1
    outer loop
      vertex 4.88931 70.8523 7.5
      vertex 2.87692 72.4924 7.5
      vertex 4.78756 70.7 7.5
    endloop
  endfacet
  facet normal 0 0 1
    outer loop
      vertex 3.50753 73.1231 7.5
      vertex 5 76 7.5
      vertex 4.34737 75.9572 7.5
    endloop
  endfacet
  facet normal 0 0 1
    outer loop
      vertex 4.78756 70.7 7.5
      vertex 2.87692 72.4924 7.5
      vertex 4.70657 70.5358 7.5
    endloop
  endfacet
  facet normal 0 0 1
    outer loop
      vertex 4.70657 70.5358 7.5
      vertex 2.87692 72.4924 7.5
      vertex 4.6477 70.3624 7.5
    endloop
  endfacet
  facet normal 0 0 1
    outer loop
      vertex 4.6477 70.3624 7.5
      vertex 2.87692 72.4924 7.5
      vertex 4.61198 70.1827 7.5
    endloop
  endfacet
  facet normal 0 0 1
    outer loop
      vertex 3.50753 73.1231 7.5
      vertex 4.34737 75.9572 7.5
      vertex 3.7059 75.8296 7.5
    endloop
  endfacet
  facet normal 0 0 1
    outer loop
      vertex 5.3 68.7876 7.5
      vertex 4 66.5359 7.5
      vertex 4.46927 66.3045 7.5
    endloop
  endfacet
  facet normal 0 0 1
    outer loop
      vertex 5.14773 68.8893 7.5
      vertex 3.56495 66.8266 7.5
      vertex 4 66.5359 7.5
    endloop
  endfacet
  facet normal -0 0 1
    outer loop
      vertex 3.08658 75.6194 7.5
      vertex 3.50753 73.1231 7.5
      vertex 3.7059 75.8296 7.5
    endloop
  endfacet
  facet normal -0 0 1
    outer loop
      vertex 2.5 75.3301 7.5
      vertex 3.50753 73.1231 7.5
      vertex 3.08658 75.6194 7.5
    endloop
  endfacet
  facet normal -0 0 1
    outer loop
      vertex 1.95619 74.9668 7.5
      vertex 3.50753 73.1231 7.5
      vertex 2.5 75.3301 7.5
    endloop
  endfacet
  facet normal 0 0 1
    outer loop
      vertex 3.50753 73.1231 7.5
      vertex 1.95619 74.9668 7.5
      vertex 3.41721 73.0627 7.5
    endloop
  endfacet
  facet normal 0 0 1
    outer loop
      vertex 3.41721 73.0627 7.5
      vertex 1.95619 74.9668 7.5
      vertex 3.16152 72.8385 7.5
    endloop
  endfacet
  facet normal 0 0 1
    outer loop
      vertex 4.6 70 7.5
      vertex 2.82659 67.565 7.5
      vertex 3.17157 67.1716 7.5
    endloop
  endfacet
  facet normal -0 0 1
    outer loop
      vertex 1.46446 74.5355 7.5
      vertex 3.16152 72.8385 7.5
      vertex 1.95619 74.9668 7.5
    endloop
  endfacet
  facet normal 0 0 1
    outer loop
      vertex 3.16152 72.8385 7.5
      vertex 1.46446 74.5355 7.5
      vertex 2.93728 72.5828 7.5
    endloop
  endfacet
  facet normal 0 0 1
    outer loop
      vertex 4.6 70 7.5
      vertex 2.5359 68 7.5
      vertex 2.82659 67.565 7.5
    endloop
  endfacet
  facet normal 0 0 1
    outer loop
      vertex 2.93728 72.5828 7.5
      vertex 1.03322 74.0438 7.5
      vertex 2.87692 72.4924 7.5
    endloop
  endfacet
  facet normal -0 0 1
    outer loop
      vertex 1.03322 74.0438 7.5
      vertex 2.93728 72.5828 7.5
      vertex 1.46446 74.5355 7.5
    endloop
  endfacet
  facet normal -0 0 1
    outer loop
      vertex 112.063 3.41721 7.5
      vertex 113.967 1.95619 7.5
      vertex 112.123 3.50753 7.5
    endloop
  endfacet
  facet normal 0 0 1
    outer loop
      vertex 113.967 1.95619 7.5
      vertex 112.063 3.41721 7.5
      vertex 113.536 1.46446 7.5
    endloop
  endfacet
  facet normal 0 0 1
    outer loop
      vertex 110.388 6.18274 7.5
      vertex 112.464 8 7.5
      vertex 112.173 8.43505 7.5
    endloop
  endfacet
  facet normal 0 0 1
    outer loop
      vertex 110.388 6.18274 7.5
      vertex 112.173 8.43505 7.5
      vertex 111.828 8.82843 7.5
    endloop
  endfacet
  facet normal -0 0 1
    outer loop
      vertex 111.838 3.16152 7.5
      vertex 113.536 1.46446 7.5
      vertex 112.063 3.41721 7.5
    endloop
  endfacet
  facet normal 0 0 1
    outer loop
      vertex 113.536 1.46446 7.5
      vertex 111.838 3.16152 7.5
      vertex 113.044 1.03322 7.5
    endloop
  endfacet
  facet normal -0 0 1
    outer loop
      vertex 111.583 2.93728 7.5
      vertex 113.044 1.03322 7.5
      vertex 111.838 3.16152 7.5
    endloop
  endfacet
  facet normal -0 0 1
    outer loop
      vertex 111.492 2.87692 7.5
      vertex 113.044 1.03322 7.5
      vertex 111.583 2.93728 7.5
    endloop
  endfacet
  facet normal 0 0 1
    outer loop
      vertex 113.044 1.03322 7.5
      vertex 111.492 2.87692 7.5
      vertex 112.5 0.669861 7.5
    endloop
  endfacet
  facet normal 0 0 1
    outer loop
      vertex 112.5 0.669861 7.5
      vertex 111.492 2.87692 7.5
      vertex 111.913 0.3806 7.5
    endloop
  endfacet
  facet normal 0 0 1
    outer loop
      vertex 111.492 2.87692 7.5
      vertex 111.294 0.170364 7.5
      vertex 111.913 0.3806 7.5
    endloop
  endfacet
  facet normal -0 0 1
    outer loop
      vertex 110.352 5.63765 7.5
      vertex 112.123 3.50753 7.5
      vertex 110.388 5.81726 7.5
    endloop
  endfacet
  facet normal 0 0 1
    outer loop
      vertex 110.388 6.18274 7.5
      vertex 111.435 9.17341 7.5
      vertex 111 9.4641 7.5
    endloop
  endfacet
  facet normal -0 0 1
    outer loop
      vertex 110.293 5.46424 7.5
      vertex 112.123 3.50753 7.5
      vertex 110.352 5.63765 7.5
    endloop
  endfacet
  facet normal 0 0 1
    outer loop
      vertex 109.7 7.21243 7.5
      vertex 111 9.4641 7.5
      vertex 110.531 9.69552 7.5
    endloop
  endfacet
  facet normal -0 0 1
    outer loop
      vertex 110.212 5.3 7.5
      vertex 112.123 3.50753 7.5
      vertex 110.293 5.46424 7.5
    endloop
  endfacet
  facet normal -0 0 1
    outer loop
      vertex 110.111 5.14773 7.5
      vertex 112.123 3.50753 7.5
      vertex 110.212 5.3 7.5
    endloop
  endfacet
  facet normal -0 0 1
    outer loop
      vertex 109.99 5.01005 7.5
      vertex 112.123 3.50753 7.5
      vertex 110.111 5.14773 7.5
    endloop
  endfacet
  facet normal 0 0 1
    outer loop
      vertex 112.123 3.50753 7.5
      vertex 109.99 5.01005 7.5
      vertex 111.828 3.17157 7.5
    endloop
  endfacet
  facet normal 0 0 1
    outer loop
      vertex 111.828 3.17157 7.5
      vertex 109.99 5.01005 7.5
      vertex 111.492 2.87692 7.5
    endloop
  endfacet
  facet normal -0 0 1
    outer loop
      vertex 109.852 4.88931 7.5
      vertex 111.492 2.87692 7.5
      vertex 109.99 5.01005 7.5
    endloop
  endfacet
  facet normal -0 0 1
    outer loop
      vertex 109.7 4.78756 7.5
      vertex 111.492 2.87692 7.5
      vertex 109.852 4.88931 7.5
    endloop
  endfacet
  facet normal -0 0 1
    outer loop
      vertex 109.536 4.70657 7.5
      vertex 111.492 2.87692 7.5
      vertex 109.7 4.78756 7.5
    endloop
  endfacet
  facet normal -0 0 1
    outer loop
      vertex 109.362 4.6477 7.5
      vertex 111.492 2.87692 7.5
      vertex 109.536 4.70657 7.5
    endloop
  endfacet
  facet normal 0 0 1
    outer loop
      vertex 111.492 2.87692 7.5
      vertex 110.653 0.0427704 7.5
      vertex 111.294 0.170364 7.5
    endloop
  endfacet
  facet normal -0 0 1
    outer loop
      vertex 109.183 4.61198 7.5
      vertex 111.492 2.87692 7.5
      vertex 109.362 4.6477 7.5
    endloop
  endfacet
  facet normal 0 0 1
    outer loop
      vertex 111.492 2.87692 7.5
      vertex 110 0 7.5
      vertex 110.653 0.0427704 7.5
    endloop
  endfacet
  facet normal 0 0 1
    outer loop
      vertex 107.276 2.4 7.5
      vertex 111.492 2.87692 7.5
      vertex 109.183 4.61198 7.5
    endloop
  endfacet
  facet normal 0 0 1
    outer loop
      vertex 107.276 2.4 7.5
      vertex 109.183 4.61198 7.5
      vertex 109 4.6 7.5
    endloop
  endfacet
  facet normal 0 0 1
    outer loop
      vertex 107.276 2.4 7.5
      vertex 109 4.6 7.5
      vertex 108.817 4.61198 7.5
    endloop
  endfacet
  facet normal 0 0 1
    outer loop
      vertex 107.276 2.4 7.5
      vertex 108.817 4.61198 7.5
      vertex 108.638 4.6477 7.5
    endloop
  endfacet
  facet normal 0 0 1
    outer loop
      vertex 107.276 2.4 7.5
      vertex 108.638 4.6477 7.5
      vertex 108.464 4.70657 7.5
    endloop
  endfacet
  facet normal 0 0 1
    outer loop
      vertex 107.276 2.4 7.5
      vertex 108.464 4.70657 7.5
      vertex 108.3 4.78756 7.5
    endloop
  endfacet
  facet normal 0 0 1
    outer loop
      vertex 107.276 2.4 7.5
      vertex 108.3 4.78756 7.5
      vertex 108.148 4.88931 7.5
    endloop
  endfacet
  facet normal 0 0 1
    outer loop
      vertex 107.276 2.4 7.5
      vertex 108.148 4.88931 7.5
      vertex 108.01 5.01005 7.5
    endloop
  endfacet
  facet normal 0 0 1
    outer loop
      vertex 107.276 2.4 7.5
      vertex 108.01 5.01005 7.5
      vertex 107.889 5.14773 7.5
    endloop
  endfacet
  facet normal 0 0 1
    outer loop
      vertex 107.276 2.4 7.5
      vertex 107.889 5.14773 7.5
      vertex 107.788 5.3 7.5
    endloop
  endfacet
  facet normal 0 0 1
    outer loop
      vertex 107.276 2.4 7.5
      vertex 107.788 5.3 7.5
      vertex 107.707 5.46424 7.5
    endloop
  endfacet
  facet normal -0 0 1
    outer loop
      vertex 105.536 8 7.5
      vertex 107.788 6.7 7.5
      vertex 105.827 8.43505 7.5
    endloop
  endfacet
  facet normal 0 0 1
    outer loop
      vertex 107.276 2.4 7.5
      vertex 107.612 5.81726 7.5
      vertex 107.6 6 7.5
    endloop
  endfacet
  facet normal 0 0 1
    outer loop
      vertex 107.276 2.4 7.5
      vertex 107.648 5.63765 7.5
      vertex 107.612 5.81726 7.5
    endloop
  endfacet
  facet normal 0 0 1
    outer loop
      vertex 107.276 2.4 7.5
      vertex 107.707 5.46424 7.5
      vertex 107.648 5.63765 7.5
    endloop
  endfacet
  facet normal 0 0 1
    outer loop
      vertex 111.492 2.87692 7.5
      vertex 107.276 2.4 7.5
      vertex 110 0 7.5
    endloop
  endfacet
  facet normal -0 0 1
    outer loop
      vertex 7.72442 2.4 7.5
      vertex 110 0 7.5
      vertex 107.276 2.4 7.5
    endloop
  endfacet
  facet normal 0 0 1
    outer loop
      vertex 9.4641 4 7.5
      vertex 7.21243 5.3 7.5
      vertex 9.17341 3.56495 7.5
    endloop
  endfacet
  facet normal -0 0 1
    outer loop
      vertex 7.11069 5.14773 7.5
      vertex 9.17341 3.56495 7.5
      vertex 7.21243 5.3 7.5
    endloop
  endfacet
  facet normal 0 0 1
    outer loop
      vertex 9.17341 3.56495 7.5
      vertex 7.11069 5.14773 7.5
      vertex 8.82843 3.17157 7.5
    endloop
  endfacet
  facet normal -0 0 1
    outer loop
      vertex 6.98995 5.01005 7.5
      vertex 8.82843 3.17157 7.5
      vertex 7.11069 5.14773 7.5
    endloop
  endfacet
  facet normal 0 0 1
    outer loop
      vertex 8.82843 3.17157 7.5
      vertex 6.98995 5.01005 7.5
      vertex 8.43505 2.82659 7.5
    endloop
  endfacet
  facet normal -0 0 1
    outer loop
      vertex 6.85227 4.88931 7.5
      vertex 8.43505 2.82659 7.5
      vertex 6.98995 5.01005 7.5
    endloop
  endfacet
  facet normal 0 0 1
    outer loop
      vertex 8.43505 2.82659 7.5
      vertex 6.85227 4.88931 7.5
      vertex 8 2.5359 7.5
    endloop
  endfacet
  facet normal -0 0 1
    outer loop
      vertex 6.7 4.78756 7.5
      vertex 8 2.5359 7.5
      vertex 6.85227 4.88931 7.5
    endloop
  endfacet
  facet normal 0 0 1
    outer loop
      vertex 8 2.5359 7.5
      vertex 6.7 4.78756 7.5
      vertex 7.72442 2.4 7.5
    endloop
  endfacet
  facet normal -0 0 1
    outer loop
      vertex 6.53576 4.70657 7.5
      vertex 7.72442 2.4 7.5
      vertex 6.7 4.78756 7.5
    endloop
  endfacet
  facet normal -0 0 1
    outer loop
      vertex 6.36235 4.6477 7.5
      vertex 7.72442 2.4 7.5
      vertex 6.53576 4.70657 7.5
    endloop
  endfacet
  facet normal -0 0 1
    outer loop
      vertex 6.18274 4.61198 7.5
      vertex 7.72442 2.4 7.5
      vertex 6.36235 4.6477 7.5
    endloop
  endfacet
  facet normal -0 0 1
    outer loop
      vertex 6 4.6 7.5
      vertex 7.72442 2.4 7.5
      vertex 6.18274 4.61198 7.5
    endloop
  endfacet
  facet normal 0 0 1
    outer loop
      vertex 5.81726 4.61198 7.5
      vertex 7.72442 2.4 7.5
      vertex 6 4.6 7.5
    endloop
  endfacet
  facet normal 0 0 1
    outer loop
      vertex 3.50762 2.87687 7.5
      vertex 5.81726 4.61198 7.5
      vertex 5.63765 4.6477 7.5
    endloop
  endfacet
  facet normal 0 0 1
    outer loop
      vertex 3.50762 2.87687 7.5
      vertex 5.63765 4.6477 7.5
      vertex 5.46424 4.70657 7.5
    endloop
  endfacet
  facet normal 0 0 1
    outer loop
      vertex 3.50762 2.87687 7.5
      vertex 5.46424 4.70657 7.5
      vertex 5.3 4.78756 7.5
    endloop
  endfacet
  facet normal 0 0 1
    outer loop
      vertex 3.50762 2.87687 7.5
      vertex 5.3 4.78756 7.5
      vertex 5.14773 4.88931 7.5
    endloop
  endfacet
  facet normal 0 0 1
    outer loop
      vertex 3.50762 2.87687 7.5
      vertex 5.14773 4.88931 7.5
      vertex 5.01005 5.01005 7.5
    endloop
  endfacet
  facet normal 0 0 1
    outer loop
      vertex 7.72442 2.4 7.5
      vertex 5 0 7.5
      vertex 110 0 7.5
    endloop
  endfacet
  facet normal 0 0 1
    outer loop
      vertex 5.81726 4.61198 7.5
      vertex 3.50762 2.87687 7.5
      vertex 7.72442 2.4 7.5
    endloop
  endfacet
  facet normal 0 0 1
    outer loop
      vertex 3.50762 2.87687 7.5
      vertex 5.01005 5.01005 7.5
      vertex 4.88931 5.14773 7.5
    endloop
  endfacet
  facet normal 0 0 1
    outer loop
      vertex 3.50762 2.87687 7.5
      vertex 4.88931 5.14773 7.5
      vertex 4.78756 5.3 7.5
    endloop
  endfacet
  facet normal 0 0 1
    outer loop
      vertex 3.50762 2.87687 7.5
      vertex 4.78756 5.3 7.5
      vertex 4.70657 5.46424 7.5
    endloop
  endfacet
  facet normal 0 0 1
    outer loop
      vertex 3.50762 2.87687 7.5
      vertex 4.70657 5.46424 7.5
      vertex 4.6477 5.63765 7.5
    endloop
  endfacet
  facet normal 0 0 1
    outer loop
      vertex 3.50762 2.87687 7.5
      vertex 4.6477 5.63765 7.5
      vertex 4.61198 5.81726 7.5
    endloop
  endfacet
  facet normal 0 0 1
    outer loop
      vertex 7.72442 2.4 7.5
      vertex 3.50762 2.87687 7.5
      vertex 5 0 7.5
    endloop
  endfacet
  facet normal 0 0 1
    outer loop
      vertex 3.50762 2.87687 7.5
      vertex 4.61198 5.81726 7.5
      vertex 4.6 6 7.5
    endloop
  endfacet
  facet normal -0 0 1
    outer loop
      vertex 2.5359 8 7.5
      vertex 4.78756 6.7 7.5
      vertex 2.82659 8.43505 7.5
    endloop
  endfacet
  facet normal -0 0 1
    outer loop
      vertex 2.4 7.72442 7.5
      vertex 4.78756 6.7 7.5
      vertex 2.5359 8 7.5
    endloop
  endfacet
  facet normal 0 0 1
    outer loop
      vertex 5 0 7.5
      vertex 3.50762 2.87687 7.5
      vertex 4.34737 0.0427704 7.5
    endloop
  endfacet
  facet normal 0 0 1
    outer loop
      vertex 4.78756 6.7 7.5
      vertex 2.4 7.72442 7.5
      vertex 4.70657 6.53576 7.5
    endloop
  endfacet
  facet normal 0 0 1
    outer loop
      vertex 4.34737 0.0427704 7.5
      vertex 3.50762 2.87687 7.5
      vertex 3.7059 0.170364 7.5
    endloop
  endfacet
  facet normal 0 0 1
    outer loop
      vertex 1.95619 1.03322 7.5
      vertex 3.50762 2.87687 7.5
      vertex 3.41721 2.93728 7.5
    endloop
  endfacet
  facet normal 0 0 1
    outer loop
      vertex 1.95619 1.03322 7.5
      vertex 3.41721 2.93728 7.5
      vertex 3.16152 3.16152 7.5
    endloop
  endfacet
  facet normal 0 0 1
    outer loop
      vertex 3.50762 2.87687 7.5
      vertex 3.08658 0.3806 7.5
      vertex 3.7059 0.170364 7.5
    endloop
  endfacet
  facet normal 0 0 1
    outer loop
      vertex 1.46446 1.46446 7.5
      vertex 3.16152 3.16152 7.5
      vertex 2.93728 3.41721 7.5
    endloop
  endfacet
  facet normal 0 0 1
    outer loop
      vertex 1.03322 1.95619 7.5
      vertex 2.93728 3.41721 7.5
      vertex 2.87687 3.50762 7.5
    endloop
  endfacet
  facet normal 0 0 1
    outer loop
      vertex 4.61198 6.18274 7.5
      vertex 2.4 7.72442 7.5
      vertex 4.6 6 7.5
    endloop
  endfacet
  facet normal 0 0 1
    outer loop
      vertex 4.6 6 7.5
      vertex 2.4 7.72442 7.5
      vertex 2.87687 3.50762 7.5
    endloop
  endfacet
  facet normal -0 0 1
    outer loop
      vertex 0 5 7.5
      vertex 2.87687 3.50762 7.5
      vertex 2.4 7.72442 7.5
    endloop
  endfacet
  facet normal 0 0 1
    outer loop
      vertex 3.50762 2.87687 7.5
      vertex 2.5 0.669861 7.5
      vertex 3.08658 0.3806 7.5
    endloop
  endfacet
  facet normal 0 0 1
    outer loop
      vertex 3.50762 2.87687 7.5
      vertex 1.95619 1.03322 7.5
      vertex 2.5 0.669861 7.5
    endloop
  endfacet
  facet normal 0 0 1
    outer loop
      vertex 2.4 68.2756 7.5
      vertex 0 71 7.5
      vertex 2.4 7.72442 7.5
    endloop
  endfacet
  facet normal -0 0 1
    outer loop
      vertex 0.669861 73.5 7.5
      vertex 2.87692 72.4924 7.5
      vertex 1.03322 74.0438 7.5
    endloop
  endfacet
  facet normal 0 0 1
    outer loop
      vertex 0 5 7.5
      vertex 2.4 7.72442 7.5
      vertex 0 71 7.5
    endloop
  endfacet
  facet normal -0 0 1
    outer loop
      vertex 0.3806 72.9134 7.5
      vertex 2.87692 72.4924 7.5
      vertex 0.669861 73.5 7.5
    endloop
  endfacet
  facet normal 0 0 1
    outer loop
      vertex 2.87687 3.50762 7.5
      vertex 0 5 7.5
      vertex 0.0427704 4.34737 7.5
    endloop
  endfacet
  facet normal 0 0 1
    outer loop
      vertex 0.170364 72.2941 7.5
      vertex 2.87692 72.4924 7.5
      vertex 0.3806 72.9134 7.5
    endloop
  endfacet
  facet normal 0 0 1
    outer loop
      vertex 3.16152 3.16152 7.5
      vertex 1.46446 1.46446 7.5
      vertex 1.95619 1.03322 7.5
    endloop
  endfacet
  facet normal 0 0 1
    outer loop
      vertex 0.0427704 71.6526 7.5
      vertex 2.87692 72.4924 7.5
      vertex 0.170364 72.2941 7.5
    endloop
  endfacet
  facet normal 0 0 1
    outer loop
      vertex 2.93728 3.41721 7.5
      vertex 1.03322 1.95619 7.5
      vertex 1.46446 1.46446 7.5
    endloop
  endfacet
  facet normal 0 0 1
    outer loop
      vertex 0 71 7.5
      vertex 2.87692 72.4924 7.5
      vertex 0.0427704 71.6526 7.5
    endloop
  endfacet
  facet normal 0 0 1
    outer loop
      vertex 2.87687 3.50762 7.5
      vertex 0.669861 2.5 7.5
      vertex 1.03322 1.95619 7.5
    endloop
  endfacet
  facet normal 0 0 1
    outer loop
      vertex 2.87692 72.4924 7.5
      vertex 0 71 7.5
      vertex 2.4 68.2756 7.5
    endloop
  endfacet
  facet normal 0 0 1
    outer loop
      vertex 2.87687 3.50762 7.5
      vertex 0.3806 3.08658 7.5
      vertex 0.669861 2.5 7.5
    endloop
  endfacet
  facet normal 0 0 1
    outer loop
      vertex 2.87687 3.50762 7.5
      vertex 0.170364 3.7059 7.5
      vertex 0.3806 3.08658 7.5
    endloop
  endfacet
  facet normal 0 0 1
    outer loop
      vertex 2.87687 3.50762 7.5
      vertex 0.0427704 4.34737 7.5
      vertex 0.170364 3.7059 7.5
    endloop
  endfacet
  facet normal 0 0 1
    outer loop
      vertex 111.493 73.123 7.5
      vertex 112.123 72.4925 7.5
      vertex 111.828 72.8284 7.5
    endloop
  endfacet
  facet normal 0 0 1
    outer loop
      vertex 112.6 68.2756 7.5
      vertex 111.828 67.1716 7.5
      vertex 112.173 67.565 7.5
    endloop
  endfacet
  facet normal 0 0 1
    outer loop
      vertex 112.123 72.4925 7.5
      vertex 111.493 73.123 7.5
      vertex 111.828 67.1716 7.5
    endloop
  endfacet
  facet normal 0 0 1
    outer loop
      vertex 111.828 67.1716 7.5
      vertex 111.493 73.123 7.5
      vertex 111.435 66.8266 7.5
    endloop
  endfacet
  facet normal -0.751833 0.659353 0
    outer loop
      vertex 8.00127 16.488 2
      vertex 8.27726 16.8027 7.5
      vertex 8.27726 16.8027 2
    endloop
  endfacet
  facet normal -0.751833 0.659353 0
    outer loop
      vertex 8.27726 16.8027 7.5
      vertex 8.00127 16.488 2
      vertex 8.00127 16.488 7.5
    endloop
  endfacet
  facet normal -0.0654566 0.997855 0
    outer loop
      vertex 10.54 17.74 2
      vertex 10.1223 17.7126 7.5
      vertex 10.54 17.74 7.5
    endloop
  endfacet
  facet normal -0.0654566 0.997855 0
    outer loop
      vertex 10.1223 17.7126 7.5
      vertex 10.54 17.74 2
      vertex 10.1223 17.7126 2
    endloop
  endfacet
  facet normal -0.980782 -0.195105 0
    outer loop
      vertex 7.44904 13.7118 2
      vertex 7.36738 14.1223 7.5
      vertex 7.36738 14.1223 2
    endloop
  endfacet
  facet normal -0.980782 -0.195105 0
    outer loop
      vertex 7.36738 14.1223 7.5
      vertex 7.44904 13.7118 2
      vertex 7.44904 13.7118 7.5
    endloop
  endfacet
  facet normal -0.442228 0.896903 0
    outer loop
      vertex 9.31541 17.4964 2
      vertex 8.94 17.3113 7.5
      vertex 9.31541 17.4964 7.5
    endloop
  endfacet
  facet normal -0.442228 0.896903 0
    outer loop
      vertex 8.94 17.3113 7.5
      vertex 9.31541 17.4964 2
      vertex 8.94 17.3113 2
    endloop
  endfacet
  facet normal 0.321526 0.946901 -0
    outer loop
      vertex 11.7646 17.4964 2
      vertex 11.3682 17.631 7.5
      vertex 11.7646 17.4964 7.5
    endloop
  endfacet
  facet normal 0.321526 0.946901 0
    outer loop
      vertex 11.3682 17.631 7.5
      vertex 11.7646 17.4964 2
      vertex 11.3682 17.631 2
    endloop
  endfacet
  facet normal -0.997859 0.0654091 0
    outer loop
      vertex 7.34 14.54 2
      vertex 7.36738 14.9577 7.5
      vertex 7.36738 14.9577 2
    endloop
  endfacet
  facet normal -0.997859 0.0654091 0
    outer loop
      vertex 7.36738 14.9577 7.5
      vertex 7.34 14.54 2
      vertex 7.34 14.54 7.5
    endloop
  endfacet
  facet normal 0.946901 0.321526 0
    outer loop
      vertex 13.631 15.3682 7.5
      vertex 13.4964 15.7646 2
      vertex 13.4964 15.7646 7.5
    endloop
  endfacet
  facet normal 0.946901 0.321526 0
    outer loop
      vertex 13.4964 15.7646 2
      vertex 13.631 15.3682 7.5
      vertex 13.631 15.3682 2
    endloop
  endfacet
  facet normal -0.946944 0.321397 0
    outer loop
      vertex 7.44904 15.3682 2
      vertex 7.58358 15.7646 7.5
      vertex 7.58358 15.7646 2
    endloop
  endfacet
  facet normal -0.946944 0.321397 0
    outer loop
      vertex 7.58358 15.7646 7.5
      vertex 7.44904 15.3682 2
      vertex 7.44904 15.3682 7.5
    endloop
  endfacet
  facet normal -0.321548 0.946893 0
    outer loop
      vertex 9.71178 17.631 2
      vertex 9.31541 17.4964 7.5
      vertex 9.71178 17.631 7.5
    endloop
  endfacet
  facet normal -0.321548 0.946893 0
    outer loop
      vertex 9.31541 17.4964 7.5
      vertex 9.71178 17.631 2
      vertex 9.31541 17.4964 2
    endloop
  endfacet
  facet normal -0.321548 -0.946893 0
    outer loop
      vertex 9.31541 11.5836 2
      vertex 9.71178 11.449 7.5
      vertex 9.31541 11.5836 7.5
    endloop
  endfacet
  facet normal -0.321548 -0.946893 -0
    outer loop
      vertex 9.71178 11.449 7.5
      vertex 9.31541 11.5836 2
      vertex 9.71178 11.449 2
    endloop
  endfacet
  facet normal -0.442228 -0.896903 0
    outer loop
      vertex 8.94 11.7687 2
      vertex 9.31541 11.5836 7.5
      vertex 8.94 11.7687 7.5
    endloop
  endfacet
  facet normal -0.442228 -0.896903 -0
    outer loop
      vertex 9.31541 11.5836 7.5
      vertex 8.94 11.7687 2
      vertex 9.31541 11.5836 2
    endloop
  endfacet
  facet normal -0.659367 -0.751821 0
    outer loop
      vertex 8.27726 12.2773 2
      vertex 8.59196 12.0013 7.5
      vertex 8.27726 12.2773 7.5
    endloop
  endfacet
  facet normal -0.659367 -0.751821 -0
    outer loop
      vertex 8.59196 12.0013 7.5
      vertex 8.27726 12.2773 2
      vertex 8.59196 12.0013 2
    endloop
  endfacet
  facet normal -0.555648 -0.831418 0
    outer loop
      vertex 8.59196 12.0013 2
      vertex 8.94 11.7687 7.5
      vertex 8.59196 12.0013 7.5
    endloop
  endfacet
  facet normal -0.555648 -0.831418 -0
    outer loop
      vertex 8.94 11.7687 7.5
      vertex 8.59196 12.0013 2
      vertex 8.94 11.7687 2
    endloop
  endfacet
  facet normal -0.89686 -0.442314 0
    outer loop
      vertex 7.76872 12.94 2
      vertex 7.58358 13.3154 7.5
      vertex 7.58358 13.3154 2
    endloop
  endfacet
  facet normal -0.89686 -0.442314 0
    outer loop
      vertex 7.58358 13.3154 7.5
      vertex 7.76872 12.94 2
      vertex 7.76872 12.94 7.5
    endloop
  endfacet
  facet normal 0.98081 0.194967 0
    outer loop
      vertex 13.7126 62.4557 7.5
      vertex 13.631 62.8662 2
      vertex 13.631 62.8662 7.5
    endloop
  endfacet
  facet normal 0.98081 0.194967 0
    outer loop
      vertex 13.631 62.8662 2
      vertex 13.7126 62.4557 7.5
      vertex 13.7126 62.4557 2
    endloop
  endfacet
  facet normal 0.997855 0.0654566 0
    outer loop
      vertex 13.74 62.038 7.5
      vertex 13.7126 62.4557 2
      vertex 13.7126 62.4557 7.5
    endloop
  endfacet
  facet normal 0.997855 0.0654566 0
    outer loop
      vertex 13.7126 62.4557 2
      vertex 13.74 62.038 7.5
      vertex 13.74 62.038 2
    endloop
  endfacet
  facet normal 0.98081 -0.194967 0
    outer loop
      vertex 13.631 61.2098 7.5
      vertex 13.7126 61.6203 2
      vertex 13.7126 61.6203 7.5
    endloop
  endfacet
  facet normal 0.98081 -0.194967 0
    outer loop
      vertex 13.7126 61.6203 2
      vertex 13.631 61.2098 7.5
      vertex 13.631 61.2098 2
    endloop
  endfacet
  facet normal -0.0654566 -0.997855 0
    outer loop
      vertex 10.1223 58.8654 2
      vertex 10.54 58.838 7.5
      vertex 10.1223 58.8654 7.5
    endloop
  endfacet
  facet normal -0.0654566 -0.997855 -0
    outer loop
      vertex 10.54 58.838 7.5
      vertex 10.1223 58.8654 2
      vertex 10.54 58.838 2
    endloop
  endfacet
  facet normal -0.194958 -0.980812 0
    outer loop
      vertex 9.71178 58.947 2
      vertex 10.1223 58.8654 7.5
      vertex 9.71178 58.947 7.5
    endloop
  endfacet
  facet normal -0.194958 -0.980812 -0
    outer loop
      vertex 10.1223 58.8654 7.5
      vertex 9.71178 58.947 2
      vertex 10.1223 58.8654 2
    endloop
  endfacet
  facet normal -0.831443 -0.55561 0
    outer loop
      vertex 8.00127 60.09 2
      vertex 7.76872 60.438 7.5
      vertex 7.76872 60.438 2
    endloop
  endfacet
  facet normal -0.831443 -0.55561 0
    outer loop
      vertex 7.76872 60.438 7.5
      vertex 8.00127 60.09 2
      vertex 8.00127 60.09 7.5
    endloop
  endfacet
  facet normal 0.946901 -0.321526 0
    outer loop
      vertex 13.4964 60.8134 7.5
      vertex 13.631 61.2098 2
      vertex 13.631 61.2098 7.5
    endloop
  endfacet
  facet normal 0.946901 -0.321526 0
    outer loop
      vertex 13.631 61.2098 2
      vertex 13.4964 60.8134 7.5
      vertex 13.4964 60.8134 2
    endloop
  endfacet
  facet normal 0.896898 0.442237 0
    outer loop
      vertex 13.4964 63.2626 7.5
      vertex 13.3113 63.638 2
      vertex 13.3113 63.638 7.5
    endloop
  endfacet
  facet normal 0.896898 0.442237 0
    outer loop
      vertex 13.3113 63.638 2
      vertex 13.4964 63.2626 7.5
      vertex 13.4964 63.2626 2
    endloop
  endfacet
  facet normal 0.442237 -0.896898 0
    outer loop
      vertex 11.7646 59.0816 2
      vertex 12.14 59.2667 7.5
      vertex 11.7646 59.0816 7.5
    endloop
  endfacet
  facet normal 0.442237 -0.896898 0
    outer loop
      vertex 12.14 59.2667 7.5
      vertex 11.7646 59.0816 2
      vertex 12.14 59.2667 2
    endloop
  endfacet
  facet normal 0.442237 0.896898 -0
    outer loop
      vertex 12.14 64.8093 2
      vertex 11.7646 64.9944 7.5
      vertex 12.14 64.8093 7.5
    endloop
  endfacet
  facet normal 0.442237 0.896898 0
    outer loop
      vertex 11.7646 64.9944 7.5
      vertex 12.14 64.8093 2
      vertex 11.7646 64.9944 2
    endloop
  endfacet
  facet normal -0.89686 0.442314 0
    outer loop
      vertex 7.58358 63.2626 2
      vertex 7.76872 63.638 7.5
      vertex 7.76872 63.638 2
    endloop
  endfacet
  facet normal -0.89686 0.442314 0
    outer loop
      vertex 7.76872 63.638 7.5
      vertex 7.58358 63.2626 2
      vertex 7.58358 63.2626 7.5
    endloop
  endfacet
  facet normal -0.751833 0.659353 0
    outer loop
      vertex 8.00127 63.986 2
      vertex 8.27726 64.3007 7.5
      vertex 8.27726 64.3007 2
    endloop
  endfacet
  facet normal -0.751833 0.659353 0
    outer loop
      vertex 8.27726 64.3007 7.5
      vertex 8.00127 63.986 2
      vertex 8.00127 63.986 7.5
    endloop
  endfacet
  facet normal 0.0654566 0.997855 -0
    outer loop
      vertex 10.9577 65.2106 2
      vertex 10.54 65.238 7.5
      vertex 10.9577 65.2106 7.5
    endloop
  endfacet
  facet normal 0.0654566 0.997855 0
    outer loop
      vertex 10.54 65.238 7.5
      vertex 10.9577 65.2106 2
      vertex 10.54 65.238 2
    endloop
  endfacet
  facet normal -0.321548 -0.946893 0
    outer loop
      vertex 9.31541 59.0816 2
      vertex 9.71178 58.947 7.5
      vertex 9.31541 59.0816 7.5
    endloop
  endfacet
  facet normal -0.321548 -0.946893 -0
    outer loop
      vertex 9.71178 58.947 7.5
      vertex 9.31541 59.0816 2
      vertex 9.71178 58.947 2
    endloop
  endfacet
  facet normal 0.751821 0.659367 0
    outer loop
      vertex 13.0787 63.986 7.5
      vertex 12.8027 64.3007 2
      vertex 12.8027 64.3007 7.5
    endloop
  endfacet
  facet normal 0.751821 0.659367 0
    outer loop
      vertex 12.8027 64.3007 2
      vertex 13.0787 63.986 7.5
      vertex 13.0787 63.986 2
    endloop
  endfacet
  facet normal -0.0654566 0.997855 0
    outer loop
      vertex 10.54 65.238 2
      vertex 10.1223 65.2106 7.5
      vertex 10.54 65.238 7.5
    endloop
  endfacet
  facet normal -0.0654566 0.997855 0
    outer loop
      vertex 10.1223 65.2106 7.5
      vertex 10.54 65.238 2
      vertex 10.1223 65.2106 2
    endloop
  endfacet
  facet normal -0.946944 -0.321397 0
    outer loop
      vertex 7.58358 60.8134 2
      vertex 7.44904 61.2098 7.5
      vertex 7.44904 61.2098 2
    endloop
  endfacet
  facet normal -0.946944 -0.321397 0
    outer loop
      vertex 7.44904 61.2098 7.5
      vertex 7.58358 60.8134 2
      vertex 7.58358 60.8134 7.5
    endloop
  endfacet
  facet normal -0.751833 -0.659353 0
    outer loop
      vertex 8.27726 59.7753 2
      vertex 8.00127 60.09 7.5
      vertex 8.00127 60.09 2
    endloop
  endfacet
  facet normal -0.751833 -0.659353 0
    outer loop
      vertex 8.00127 60.09 7.5
      vertex 8.27726 59.7753 2
      vertex 8.27726 59.7753 7.5
    endloop
  endfacet
  facet normal 0.194967 0.98081 -0
    outer loop
      vertex 11.3682 65.129 2
      vertex 10.9577 65.2106 7.5
      vertex 11.3682 65.129 7.5
    endloop
  endfacet
  facet normal 0.194967 0.98081 0
    outer loop
      vertex 10.9577 65.2106 7.5
      vertex 11.3682 65.129 2
      vertex 10.9577 65.2106 2
    endloop
  endfacet
  facet normal 0.194967 -0.98081 0
    outer loop
      vertex 10.9577 58.8654 2
      vertex 11.3682 58.947 7.5
      vertex 10.9577 58.8654 7.5
    endloop
  endfacet
  facet normal 0.194967 -0.98081 0
    outer loop
      vertex 11.3682 58.947 7.5
      vertex 10.9577 58.8654 2
      vertex 11.3682 58.947 2
    endloop
  endfacet
  facet normal 0.896898 -0.442237 0
    outer loop
      vertex 13.3113 60.438 7.5
      vertex 13.4964 60.8134 2
      vertex 13.4964 60.8134 7.5
    endloop
  endfacet
  facet normal 0.896898 -0.442237 0
    outer loop
      vertex 13.4964 60.8134 2
      vertex 13.3113 60.438 7.5
      vertex 13.3113 60.438 2
    endloop
  endfacet
  facet normal 0.831388 0.555692 0
    outer loop
      vertex 13.3113 63.638 7.5
      vertex 13.0787 63.986 2
      vertex 13.0787 63.986 7.5
    endloop
  endfacet
  facet normal 0.831388 0.555692 0
    outer loop
      vertex 13.0787 63.986 2
      vertex 13.3113 63.638 7.5
      vertex 13.3113 63.638 2
    endloop
  endfacet
  facet normal 0.321526 -0.946901 0
    outer loop
      vertex 11.3682 58.947 2
      vertex 11.7646 59.0816 7.5
      vertex 11.3682 58.947 7.5
    endloop
  endfacet
  facet normal 0.321526 -0.946901 0
    outer loop
      vertex 11.7646 59.0816 7.5
      vertex 11.3682 58.947 2
      vertex 11.7646 59.0816 2
    endloop
  endfacet
  facet normal 0.831388 -0.555692 0
    outer loop
      vertex 13.0787 60.09 7.5
      vertex 13.3113 60.438 2
      vertex 13.3113 60.438 7.5
    endloop
  endfacet
  facet normal 0.831388 -0.555692 0
    outer loop
      vertex 13.3113 60.438 2
      vertex 13.0787 60.09 7.5
      vertex 13.0787 60.09 2
    endloop
  endfacet
  facet normal 0.659367 0.751821 -0
    outer loop
      vertex 12.8027 64.3007 2
      vertex 12.488 64.5767 7.5
      vertex 12.8027 64.3007 7.5
    endloop
  endfacet
  facet normal 0.659367 0.751821 0
    outer loop
      vertex 12.488 64.5767 7.5
      vertex 12.8027 64.3007 2
      vertex 12.488 64.5767 2
    endloop
  endfacet
  facet normal -0.659367 0.751821 0
    outer loop
      vertex 8.59196 64.5767 2
      vertex 8.27726 64.3007 7.5
      vertex 8.59196 64.5767 7.5
    endloop
  endfacet
  facet normal -0.659367 0.751821 0
    outer loop
      vertex 8.27726 64.3007 7.5
      vertex 8.59196 64.5767 2
      vertex 8.27726 64.3007 2
    endloop
  endfacet
  facet normal -0.980782 0.195105 0
    outer loop
      vertex 7.36738 62.4557 2
      vertex 7.44904 62.8662 7.5
      vertex 7.44904 62.8662 2
    endloop
  endfacet
  facet normal -0.980782 0.195105 0
    outer loop
      vertex 7.44904 62.8662 7.5
      vertex 7.36738 62.4557 2
      vertex 7.36738 62.4557 7.5
    endloop
  endfacet
  facet normal -0.321548 0.946893 0
    outer loop
      vertex 9.71178 65.129 2
      vertex 9.31541 64.9944 7.5
      vertex 9.71178 65.129 7.5
    endloop
  endfacet
  facet normal -0.321548 0.946893 0
    outer loop
      vertex 9.31541 64.9944 7.5
      vertex 9.71178 65.129 2
      vertex 9.31541 64.9944 2
    endloop
  endfacet
  facet normal 0.997855 -0.0654566 0
    outer loop
      vertex 13.7126 61.6203 7.5
      vertex 13.74 62.038 2
      vertex 13.74 62.038 7.5
    endloop
  endfacet
  facet normal 0.997855 -0.0654566 0
    outer loop
      vertex 13.74 62.038 2
      vertex 13.7126 61.6203 7.5
      vertex 13.7126 61.6203 2
    endloop
  endfacet
  facet normal -0.997859 0.0654091 0
    outer loop
      vertex 7.34 62.038 2
      vertex 7.36738 62.4557 7.5
      vertex 7.36738 62.4557 2
    endloop
  endfacet
  facet normal -0.997859 0.0654091 0
    outer loop
      vertex 7.36738 62.4557 7.5
      vertex 7.34 62.038 2
      vertex 7.34 62.038 7.5
    endloop
  endfacet
  facet normal 0.946901 0.321526 0
    outer loop
      vertex 13.631 62.8662 7.5
      vertex 13.4964 63.2626 2
      vertex 13.4964 63.2626 7.5
    endloop
  endfacet
  facet normal 0.946901 0.321526 0
    outer loop
      vertex 13.4964 63.2626 2
      vertex 13.631 62.8662 7.5
      vertex 13.631 62.8662 2
    endloop
  endfacet
  facet normal 0.751821 -0.659367 0
    outer loop
      vertex 12.8027 59.7753 7.5
      vertex 13.0787 60.09 2
      vertex 13.0787 60.09 7.5
    endloop
  endfacet
  facet normal 0.751821 -0.659367 0
    outer loop
      vertex 13.0787 60.09 2
      vertex 12.8027 59.7753 7.5
      vertex 12.8027 59.7753 2
    endloop
  endfacet
  facet normal 0.555692 0.831388 -0
    outer loop
      vertex 12.488 64.5767 2
      vertex 12.14 64.8093 7.5
      vertex 12.488 64.5767 7.5
    endloop
  endfacet
  facet normal 0.555692 0.831388 0
    outer loop
      vertex 12.14 64.8093 7.5
      vertex 12.488 64.5767 2
      vertex 12.14 64.8093 2
    endloop
  endfacet
  facet normal -0.555648 -0.831418 0
    outer loop
      vertex 8.59196 59.4993 2
      vertex 8.94 59.2667 7.5
      vertex 8.59196 59.4993 7.5
    endloop
  endfacet
  facet normal -0.555648 -0.831418 -0
    outer loop
      vertex 8.94 59.2667 7.5
      vertex 8.59196 59.4993 2
      vertex 8.94 59.2667 2
    endloop
  endfacet
  facet normal -0.980782 -0.195105 0
    outer loop
      vertex 7.44904 61.2098 2
      vertex 7.36738 61.6203 7.5
      vertex 7.36738 61.6203 2
    endloop
  endfacet
  facet normal -0.980782 -0.195105 0
    outer loop
      vertex 7.36738 61.6203 7.5
      vertex 7.44904 61.2098 2
      vertex 7.44904 61.2098 7.5
    endloop
  endfacet
  facet normal 0.0654566 -0.997855 0
    outer loop
      vertex 10.54 58.838 2
      vertex 10.9577 58.8654 7.5
      vertex 10.54 58.838 7.5
    endloop
  endfacet
  facet normal 0.0654566 -0.997855 0
    outer loop
      vertex 10.9577 58.8654 7.5
      vertex 10.54 58.838 2
      vertex 10.9577 58.8654 2
    endloop
  endfacet
  facet normal 0.321526 0.946901 -0
    outer loop
      vertex 11.7646 64.9944 2
      vertex 11.3682 65.129 7.5
      vertex 11.7646 64.9944 7.5
    endloop
  endfacet
  facet normal 0.321526 0.946901 0
    outer loop
      vertex 11.3682 65.129 7.5
      vertex 11.7646 64.9944 2
      vertex 11.3682 65.129 2
    endloop
  endfacet
  facet normal -0.194958 0.980812 0
    outer loop
      vertex 10.1223 65.2106 2
      vertex 9.71178 65.129 7.5
      vertex 10.1223 65.2106 7.5
    endloop
  endfacet
  facet normal -0.194958 0.980812 0
    outer loop
      vertex 9.71178 65.129 7.5
      vertex 10.1223 65.2106 2
      vertex 9.71178 65.129 2
    endloop
  endfacet
  facet normal -0.946944 0.321397 0
    outer loop
      vertex 7.44904 62.8662 2
      vertex 7.58358 63.2626 7.5
      vertex 7.58358 63.2626 2
    endloop
  endfacet
  facet normal -0.946944 0.321397 0
    outer loop
      vertex 7.58358 63.2626 7.5
      vertex 7.44904 62.8662 2
      vertex 7.44904 62.8662 7.5
    endloop
  endfacet
  facet normal -0.442228 -0.896903 0
    outer loop
      vertex 8.94 59.2667 2
      vertex 9.31541 59.0816 7.5
      vertex 8.94 59.2667 7.5
    endloop
  endfacet
  facet normal -0.442228 -0.896903 -0
    outer loop
      vertex 9.31541 59.0816 7.5
      vertex 8.94 59.2667 2
      vertex 9.31541 59.0816 2
    endloop
  endfacet
  facet normal -0.89686 -0.442314 0
    outer loop
      vertex 7.76872 60.438 2
      vertex 7.58358 60.8134 7.5
      vertex 7.58358 60.8134 2
    endloop
  endfacet
  facet normal -0.89686 -0.442314 0
    outer loop
      vertex 7.58358 60.8134 7.5
      vertex 7.76872 60.438 2
      vertex 7.76872 60.438 7.5
    endloop
  endfacet
  facet normal -0.659367 -0.751821 0
    outer loop
      vertex 8.27726 59.7753 2
      vertex 8.59196 59.4993 7.5
      vertex 8.27726 59.7753 7.5
    endloop
  endfacet
  facet normal -0.659367 -0.751821 -0
    outer loop
      vertex 8.59196 59.4993 7.5
      vertex 8.27726 59.7753 2
      vertex 8.59196 59.4993 2
    endloop
  endfacet
  facet normal -0.997859 -0.0654091 0
    outer loop
      vertex 7.36738 61.6203 2
      vertex 7.34 62.038 7.5
      vertex 7.34 62.038 2
    endloop
  endfacet
  facet normal -0.997859 -0.0654091 0
    outer loop
      vertex 7.34 62.038 7.5
      vertex 7.36738 61.6203 2
      vertex 7.36738 61.6203 7.5
    endloop
  endfacet
  facet normal 0.555692 -0.831388 0
    outer loop
      vertex 12.14 59.2667 2
      vertex 12.488 59.4993 7.5
      vertex 12.14 59.2667 7.5
    endloop
  endfacet
  facet normal 0.555692 -0.831388 0
    outer loop
      vertex 12.488 59.4993 7.5
      vertex 12.14 59.2667 2
      vertex 12.488 59.4993 2
    endloop
  endfacet
  facet normal -0.555648 0.831418 0
    outer loop
      vertex 8.94 64.8093 2
      vertex 8.59196 64.5767 7.5
      vertex 8.94 64.8093 7.5
    endloop
  endfacet
  facet normal -0.555648 0.831418 0
    outer loop
      vertex 8.59196 64.5767 7.5
      vertex 8.94 64.8093 2
      vertex 8.59196 64.5767 2
    endloop
  endfacet
  facet normal -0.442228 0.896903 0
    outer loop
      vertex 9.31541 64.9944 2
      vertex 8.94 64.8093 7.5
      vertex 9.31541 64.9944 7.5
    endloop
  endfacet
  facet normal -0.442228 0.896903 0
    outer loop
      vertex 8.94 64.8093 7.5
      vertex 9.31541 64.9944 2
      vertex 8.94 64.8093 2
    endloop
  endfacet
  facet normal -0.831443 0.55561 0
    outer loop
      vertex 7.76872 63.638 2
      vertex 8.00127 63.986 7.5
      vertex 8.00127 63.986 2
    endloop
  endfacet
  facet normal -0.831443 0.55561 0
    outer loop
      vertex 8.00127 63.986 7.5
      vertex 7.76872 63.638 2
      vertex 7.76872 63.638 7.5
    endloop
  endfacet
  facet normal 0.659367 -0.751821 0
    outer loop
      vertex 12.488 59.4993 2
      vertex 12.8027 59.7753 7.5
      vertex 12.488 59.4993 7.5
    endloop
  endfacet
  facet normal 0.659367 -0.751821 0
    outer loop
      vertex 12.8027 59.7753 7.5
      vertex 12.488 59.4993 2
      vertex 12.8027 59.7753 2
    endloop
  endfacet
  facet normal -0.442237 0.896898 0
    outer loop
      vertex 69.0054 17.4964 2
      vertex 68.63 17.3113 7.5
      vertex 69.0054 17.4964 7.5
    endloop
  endfacet
  facet normal -0.442237 0.896898 0
    outer loop
      vertex 68.63 17.3113 7.5
      vertex 69.0054 17.4964 2
      vertex 68.63 17.3113 2
    endloop
  endfacet
  facet normal 0.98081 0.194967 0
    outer loop
      vertex 73.4026 14.9577 7.5
      vertex 73.321 15.3682 2
      vertex 73.321 15.3682 7.5
    endloop
  endfacet
  facet normal 0.98081 0.194967 0
    outer loop
      vertex 73.321 15.3682 2
      vertex 73.4026 14.9577 7.5
      vertex 73.4026 14.9577 2
    endloop
  endfacet
  facet normal 0.997855 0.0654566 0
    outer loop
      vertex 73.43 14.54 7.5
      vertex 73.4026 14.9577 2
      vertex 73.4026 14.9577 7.5
    endloop
  endfacet
  facet normal 0.997855 0.0654566 0
    outer loop
      vertex 73.4026 14.9577 2
      vertex 73.43 14.54 7.5
      vertex 73.43 14.54 2
    endloop
  endfacet
  facet normal 0.946901 0.321526 0
    outer loop
      vertex 73.321 15.3682 7.5
      vertex 73.1864 15.7646 2
      vertex 73.1864 15.7646 7.5
    endloop
  endfacet
  facet normal 0.946901 0.321526 0
    outer loop
      vertex 73.1864 15.7646 2
      vertex 73.321 15.3682 7.5
      vertex 73.321 15.3682 2
    endloop
  endfacet
  facet normal -0.555692 0.831388 0
    outer loop
      vertex 68.63 17.3113 2
      vertex 68.282 17.0787 7.5
      vertex 68.63 17.3113 7.5
    endloop
  endfacet
  facet normal -0.555692 0.831388 0
    outer loop
      vertex 68.282 17.0787 7.5
      vertex 68.63 17.3113 2
      vertex 68.282 17.0787 2
    endloop
  endfacet
  facet normal 0.321526 0.946901 -0
    outer loop
      vertex 71.4546 17.4964 2
      vertex 71.0582 17.631 7.5
      vertex 71.4546 17.4964 7.5
    endloop
  endfacet
  facet normal 0.321526 0.946901 0
    outer loop
      vertex 71.0582 17.631 7.5
      vertex 71.4546 17.4964 2
      vertex 71.0582 17.631 2
    endloop
  endfacet
  facet normal -0.659367 0.751821 0
    outer loop
      vertex 68.282 17.0787 2
      vertex 67.9673 16.8027 7.5
      vertex 68.282 17.0787 7.5
    endloop
  endfacet
  facet normal -0.659367 0.751821 0
    outer loop
      vertex 67.9673 16.8027 7.5
      vertex 68.282 17.0787 2
      vertex 67.9673 16.8027 2
    endloop
  endfacet
  facet normal 0.997855 -0.0654566 0
    outer loop
      vertex 73.4026 14.1223 7.5
      vertex 73.43 14.54 2
      vertex 73.43 14.54 7.5
    endloop
  endfacet
  facet normal 0.997855 -0.0654566 0
    outer loop
      vertex 73.43 14.54 2
      vertex 73.4026 14.1223 7.5
      vertex 73.4026 14.1223 2
    endloop
  endfacet
  facet normal 0.321526 -0.946901 0
    outer loop
      vertex 71.0582 11.449 2
      vertex 71.4546 11.5836 7.5
      vertex 71.0582 11.449 7.5
    endloop
  endfacet
  facet normal 0.321526 -0.946901 0
    outer loop
      vertex 71.4546 11.5836 7.5
      vertex 71.0582 11.449 2
      vertex 71.4546 11.5836 2
    endloop
  endfacet
  facet normal 0.896898 0.442237 0
    outer loop
      vertex 73.1864 15.7646 7.5
      vertex 73.0013 16.14 2
      vertex 73.0013 16.14 7.5
    endloop
  endfacet
  facet normal 0.896898 0.442237 0
    outer loop
      vertex 73.0013 16.14 2
      vertex 73.1864 15.7646 7.5
      vertex 73.1864 15.7646 2
    endloop
  endfacet
  facet normal -0.194967 0.98081 0
    outer loop
      vertex 69.8123 17.7126 2
      vertex 69.4018 17.631 7.5
      vertex 69.8123 17.7126 7.5
    endloop
  endfacet
  facet normal -0.194967 0.98081 0
    outer loop
      vertex 69.4018 17.631 7.5
      vertex 69.8123 17.7126 2
      vertex 69.4018 17.631 2
    endloop
  endfacet
  facet normal -0.896898 -0.442237 0
    outer loop
      vertex 67.4587 12.94 2
      vertex 67.2736 13.3154 7.5
      vertex 67.2736 13.3154 2
    endloop
  endfacet
  facet normal -0.896898 -0.442237 0
    outer loop
      vertex 67.2736 13.3154 7.5
      vertex 67.4587 12.94 2
      vertex 67.4587 12.94 7.5
    endloop
  endfacet
  facet normal -0.751821 -0.659367 0
    outer loop
      vertex 67.9673 12.2773 2
      vertex 67.6913 12.592 7.5
      vertex 67.6913 12.592 2
    endloop
  endfacet
  facet normal -0.751821 -0.659367 0
    outer loop
      vertex 67.6913 12.592 7.5
      vertex 67.9673 12.2773 2
      vertex 67.9673 12.2773 7.5
    endloop
  endfacet
  facet normal -0.0654566 -0.997855 0
    outer loop
      vertex 69.8123 11.3674 2
      vertex 70.23 11.34 7.5
      vertex 69.8123 11.3674 7.5
    endloop
  endfacet
  facet normal -0.0654566 -0.997855 -0
    outer loop
      vertex 70.23 11.34 7.5
      vertex 69.8123 11.3674 2
      vertex 70.23 11.34 2
    endloop
  endfacet
  facet normal 0.946901 -0.321526 0
    outer loop
      vertex 73.1864 13.3154 7.5
      vertex 73.321 13.7118 2
      vertex 73.321 13.7118 7.5
    endloop
  endfacet
  facet normal 0.946901 -0.321526 0
    outer loop
      vertex 73.321 13.7118 2
      vertex 73.1864 13.3154 7.5
      vertex 73.1864 13.3154 2
    endloop
  endfacet
  facet normal 0.659367 -0.751821 0
    outer loop
      vertex 72.178 12.0013 2
      vertex 72.4927 12.2773 7.5
      vertex 72.178 12.0013 7.5
    endloop
  endfacet
  facet normal 0.659367 -0.751821 0
    outer loop
      vertex 72.4927 12.2773 7.5
      vertex 72.178 12.0013 2
      vertex 72.4927 12.2773 2
    endloop
  endfacet
  facet normal -0.751821 0.659367 0
    outer loop
      vertex 67.6913 16.488 2
      vertex 67.9673 16.8027 7.5
      vertex 67.9673 16.8027 2
    endloop
  endfacet
  facet normal -0.751821 0.659367 0
    outer loop
      vertex 67.9673 16.8027 7.5
      vertex 67.6913 16.488 2
      vertex 67.6913 16.488 7.5
    endloop
  endfacet
  facet normal -0.98081 -0.194967 0
    outer loop
      vertex 67.139 13.7118 2
      vertex 67.0574 14.1223 7.5
      vertex 67.0574 14.1223 2
    endloop
  endfacet
  facet normal -0.98081 -0.194967 0
    outer loop
      vertex 67.0574 14.1223 7.5
      vertex 67.139 13.7118 2
      vertex 67.139 13.7118 7.5
    endloop
  endfacet
  facet normal 0.751821 -0.659367 0
    outer loop
      vertex 72.4927 12.2773 7.5
      vertex 72.7687 12.592 2
      vertex 72.7687 12.592 7.5
    endloop
  endfacet
  facet normal 0.751821 -0.659367 0
    outer loop
      vertex 72.7687 12.592 2
      vertex 72.4927 12.2773 7.5
      vertex 72.4927 12.2773 2
    endloop
  endfacet
  facet normal 0.896898 -0.442237 0
    outer loop
      vertex 73.0013 12.94 7.5
      vertex 73.1864 13.3154 2
      vertex 73.1864 13.3154 7.5
    endloop
  endfacet
  facet normal 0.896898 -0.442237 0
    outer loop
      vertex 73.1864 13.3154 2
      vertex 73.0013 12.94 7.5
      vertex 73.0013 12.94 2
    endloop
  endfacet
  facet normal -0.831388 -0.555692 0
    outer loop
      vertex 67.6913 12.592 2
      vertex 67.4587 12.94 7.5
      vertex 67.4587 12.94 2
    endloop
  endfacet
  facet normal -0.831388 -0.555692 0
    outer loop
      vertex 67.4587 12.94 7.5
      vertex 67.6913 12.592 2
      vertex 67.6913 12.592 7.5
    endloop
  endfacet
  facet normal -0.946901 -0.321526 0
    outer loop
      vertex 67.2736 13.3154 2
      vertex 67.139 13.7118 7.5
      vertex 67.139 13.7118 2
    endloop
  endfacet
  facet normal -0.946901 -0.321526 0
    outer loop
      vertex 67.139 13.7118 7.5
      vertex 67.2736 13.3154 2
      vertex 67.2736 13.3154 7.5
    endloop
  endfacet
  facet normal 0.194967 -0.98081 0
    outer loop
      vertex 70.6477 11.3674 2
      vertex 71.0582 11.449 7.5
      vertex 70.6477 11.3674 7.5
    endloop
  endfacet
  facet normal 0.194967 -0.98081 0
    outer loop
      vertex 71.0582 11.449 7.5
      vertex 70.6477 11.3674 2
      vertex 71.0582 11.449 2
    endloop
  endfacet
  facet normal 0.555692 0.831388 -0
    outer loop
      vertex 72.178 17.0787 2
      vertex 71.83 17.3113 7.5
      vertex 72.178 17.0787 7.5
    endloop
  endfacet
  facet normal 0.555692 0.831388 0
    outer loop
      vertex 71.83 17.3113 7.5
      vertex 72.178 17.0787 2
      vertex 71.83 17.3113 2
    endloop
  endfacet
  facet normal 0.751821 0.659367 0
    outer loop
      vertex 72.7687 16.488 7.5
      vertex 72.4927 16.8027 2
      vertex 72.4927 16.8027 7.5
    endloop
  endfacet
  facet normal 0.751821 0.659367 0
    outer loop
      vertex 72.4927 16.8027 2
      vertex 72.7687 16.488 7.5
      vertex 72.7687 16.488 2
    endloop
  endfacet
  facet normal 0.659367 0.751821 -0
    outer loop
      vertex 72.4927 16.8027 2
      vertex 72.178 17.0787 7.5
      vertex 72.4927 16.8027 7.5
    endloop
  endfacet
  facet normal 0.659367 0.751821 0
    outer loop
      vertex 72.178 17.0787 7.5
      vertex 72.4927 16.8027 2
      vertex 72.178 17.0787 2
    endloop
  endfacet
  facet normal -0.831388 0.555692 0
    outer loop
      vertex 67.4587 16.14 2
      vertex 67.6913 16.488 7.5
      vertex 67.6913 16.488 2
    endloop
  endfacet
  facet normal -0.831388 0.555692 0
    outer loop
      vertex 67.6913 16.488 7.5
      vertex 67.4587 16.14 2
      vertex 67.4587 16.14 7.5
    endloop
  endfacet
  facet normal 0.442237 0.896898 -0
    outer loop
      vertex 71.83 17.3113 2
      vertex 71.4546 17.4964 7.5
      vertex 71.83 17.3113 7.5
    endloop
  endfacet
  facet normal 0.442237 0.896898 0
    outer loop
      vertex 71.4546 17.4964 7.5
      vertex 71.83 17.3113 2
      vertex 71.4546 17.4964 2
    endloop
  endfacet
  facet normal -0.997855 0.0654566 0
    outer loop
      vertex 67.03 14.54 2
      vertex 67.0574 14.9577 7.5
      vertex 67.0574 14.9577 2
    endloop
  endfacet
  facet normal -0.997855 0.0654566 0
    outer loop
      vertex 67.0574 14.9577 7.5
      vertex 67.03 14.54 2
      vertex 67.03 14.54 7.5
    endloop
  endfacet
  facet normal 0.831388 0.555692 0
    outer loop
      vertex 73.0013 16.14 7.5
      vertex 72.7687 16.488 2
      vertex 72.7687 16.488 7.5
    endloop
  endfacet
  facet normal 0.831388 0.555692 0
    outer loop
      vertex 72.7687 16.488 2
      vertex 73.0013 16.14 7.5
      vertex 73.0013 16.14 2
    endloop
  endfacet
  facet normal -0.0654566 0.997855 0
    outer loop
      vertex 70.23 17.74 2
      vertex 69.8123 17.7126 7.5
      vertex 70.23 17.74 7.5
    endloop
  endfacet
  facet normal -0.0654566 0.997855 0
    outer loop
      vertex 69.8123 17.7126 7.5
      vertex 70.23 17.74 2
      vertex 69.8123 17.7126 2
    endloop
  endfacet
  facet normal 0.194967 0.98081 -0
    outer loop
      vertex 71.0582 17.631 2
      vertex 70.6477 17.7126 7.5
      vertex 71.0582 17.631 7.5
    endloop
  endfacet
  facet normal 0.194967 0.98081 0
    outer loop
      vertex 70.6477 17.7126 7.5
      vertex 71.0582 17.631 2
      vertex 70.6477 17.7126 2
    endloop
  endfacet
  facet normal 0.831388 -0.555692 0
    outer loop
      vertex 72.7687 12.592 7.5
      vertex 73.0013 12.94 2
      vertex 73.0013 12.94 7.5
    endloop
  endfacet
  facet normal 0.831388 -0.555692 0
    outer loop
      vertex 73.0013 12.94 2
      vertex 72.7687 12.592 7.5
      vertex 72.7687 12.592 2
    endloop
  endfacet
  facet normal -0.98081 0.194967 0
    outer loop
      vertex 67.0574 14.9577 2
      vertex 67.139 15.3682 7.5
      vertex 67.139 15.3682 2
    endloop
  endfacet
  facet normal -0.98081 0.194967 0
    outer loop
      vertex 67.139 15.3682 7.5
      vertex 67.0574 14.9577 2
      vertex 67.0574 14.9577 7.5
    endloop
  endfacet
  facet normal -0.555692 -0.831388 0
    outer loop
      vertex 68.282 12.0013 2
      vertex 68.63 11.7687 7.5
      vertex 68.282 12.0013 7.5
    endloop
  endfacet
  facet normal -0.555692 -0.831388 -0
    outer loop
      vertex 68.63 11.7687 7.5
      vertex 68.282 12.0013 2
      vertex 68.63 11.7687 2
    endloop
  endfacet
  facet normal 0.0654566 -0.997855 0
    outer loop
      vertex 70.23 11.34 2
      vertex 70.6477 11.3674 7.5
      vertex 70.23 11.34 7.5
    endloop
  endfacet
  facet normal 0.0654566 -0.997855 0
    outer loop
      vertex 70.6477 11.3674 7.5
      vertex 70.23 11.34 2
      vertex 70.6477 11.3674 2
    endloop
  endfacet
  facet normal -0.997855 -0.0654566 0
    outer loop
      vertex 67.0574 14.1223 2
      vertex 67.03 14.54 7.5
      vertex 67.03 14.54 2
    endloop
  endfacet
  facet normal -0.997855 -0.0654566 0
    outer loop
      vertex 67.03 14.54 7.5
      vertex 67.0574 14.1223 2
      vertex 67.0574 14.1223 7.5
    endloop
  endfacet
  facet normal -0.321526 -0.946901 0
    outer loop
      vertex 69.0054 11.5836 2
      vertex 69.4018 11.449 7.5
      vertex 69.0054 11.5836 7.5
    endloop
  endfacet
  facet normal -0.321526 -0.946901 -0
    outer loop
      vertex 69.4018 11.449 7.5
      vertex 69.0054 11.5836 2
      vertex 69.4018 11.449 2
    endloop
  endfacet
  facet normal 0.442237 -0.896898 0
    outer loop
      vertex 71.4546 11.5836 2
      vertex 71.83 11.7687 7.5
      vertex 71.4546 11.5836 7.5
    endloop
  endfacet
  facet normal 0.442237 -0.896898 0
    outer loop
      vertex 71.83 11.7687 7.5
      vertex 71.4546 11.5836 2
      vertex 71.83 11.7687 2
    endloop
  endfacet
  facet normal 0.98081 -0.194967 0
    outer loop
      vertex 73.321 13.7118 7.5
      vertex 73.4026 14.1223 2
      vertex 73.4026 14.1223 7.5
    endloop
  endfacet
  facet normal 0.98081 -0.194967 0
    outer loop
      vertex 73.4026 14.1223 2
      vertex 73.321 13.7118 7.5
      vertex 73.321 13.7118 2
    endloop
  endfacet
  facet normal 0.0654566 0.997855 -0
    outer loop
      vertex 70.6477 17.7126 2
      vertex 70.23 17.74 7.5
      vertex 70.6477 17.7126 7.5
    endloop
  endfacet
  facet normal 0.0654566 0.997855 0
    outer loop
      vertex 70.23 17.74 7.5
      vertex 70.6477 17.7126 2
      vertex 70.23 17.74 2
    endloop
  endfacet
  facet normal 0.555692 -0.831388 0
    outer loop
      vertex 71.83 11.7687 2
      vertex 72.178 12.0013 7.5
      vertex 71.83 11.7687 7.5
    endloop
  endfacet
  facet normal 0.555692 -0.831388 0
    outer loop
      vertex 72.178 12.0013 7.5
      vertex 71.83 11.7687 2
      vertex 72.178 12.0013 2
    endloop
  endfacet
  facet normal -0.442237 -0.896898 0
    outer loop
      vertex 68.63 11.7687 2
      vertex 69.0054 11.5836 7.5
      vertex 68.63 11.7687 7.5
    endloop
  endfacet
  facet normal -0.442237 -0.896898 -0
    outer loop
      vertex 69.0054 11.5836 7.5
      vertex 68.63 11.7687 2
      vertex 69.0054 11.5836 2
    endloop
  endfacet
  facet normal -0.946901 0.321526 0
    outer loop
      vertex 67.139 15.3682 2
      vertex 67.2736 15.7646 7.5
      vertex 67.2736 15.7646 2
    endloop
  endfacet
  facet normal -0.946901 0.321526 0
    outer loop
      vertex 67.2736 15.7646 7.5
      vertex 67.139 15.3682 2
      vertex 67.139 15.3682 7.5
    endloop
  endfacet
  facet normal -0.321526 0.946901 0
    outer loop
      vertex 69.4018 17.631 2
      vertex 69.0054 17.4964 7.5
      vertex 69.4018 17.631 7.5
    endloop
  endfacet
  facet normal -0.321526 0.946901 0
    outer loop
      vertex 69.0054 17.4964 7.5
      vertex 69.4018 17.631 2
      vertex 69.0054 17.4964 2
    endloop
  endfacet
  facet normal -0.896898 0.442237 0
    outer loop
      vertex 67.2736 15.7646 2
      vertex 67.4587 16.14 7.5
      vertex 67.4587 16.14 2
    endloop
  endfacet
  facet normal -0.896898 0.442237 0
    outer loop
      vertex 67.4587 16.14 7.5
      vertex 67.2736 15.7646 2
      vertex 67.2736 15.7646 7.5
    endloop
  endfacet
  facet normal -0.194967 -0.98081 0
    outer loop
      vertex 69.4018 11.449 2
      vertex 69.8123 11.3674 7.5
      vertex 69.4018 11.449 7.5
    endloop
  endfacet
  facet normal -0.194967 -0.98081 -0
    outer loop
      vertex 69.8123 11.3674 7.5
      vertex 69.4018 11.449 2
      vertex 69.8123 11.3674 2
    endloop
  endfacet
  facet normal -0.659367 -0.751821 0
    outer loop
      vertex 67.9673 12.2773 2
      vertex 68.282 12.0013 7.5
      vertex 67.9673 12.2773 7.5
    endloop
  endfacet
  facet normal -0.659367 -0.751821 -0
    outer loop
      vertex 68.282 12.0013 7.5
      vertex 67.9673 12.2773 2
      vertex 68.282 12.0013 2
    endloop
  endfacet
  facet normal -0.98081 -0.194967 0
    outer loop
      vertex 67.139 61.2098 2
      vertex 67.0574 61.6203 7.5
      vertex 67.0574 61.6203 2
    endloop
  endfacet
  facet normal -0.98081 -0.194967 0
    outer loop
      vertex 67.0574 61.6203 7.5
      vertex 67.139 61.2098 2
      vertex 67.139 61.2098 7.5
    endloop
  endfacet
  facet normal 0.321526 -0.946901 0
    outer loop
      vertex 71.0582 58.947 2
      vertex 71.4546 59.0816 7.5
      vertex 71.0582 58.947 7.5
    endloop
  endfacet
  facet normal 0.321526 -0.946901 0
    outer loop
      vertex 71.4546 59.0816 7.5
      vertex 71.0582 58.947 2
      vertex 71.4546 59.0816 2
    endloop
  endfacet
  facet normal -0.896898 -0.442237 0
    outer loop
      vertex 67.4587 60.438 2
      vertex 67.2736 60.8134 7.5
      vertex 67.2736 60.8134 2
    endloop
  endfacet
  facet normal -0.896898 -0.442237 0
    outer loop
      vertex 67.2736 60.8134 7.5
      vertex 67.4587 60.438 2
      vertex 67.4587 60.438 7.5
    endloop
  endfacet
  facet normal 0.896898 0.442237 0
    outer loop
      vertex 73.1864 63.2626 7.5
      vertex 73.0013 63.638 2
      vertex 73.0013 63.638 7.5
    endloop
  endfacet
  facet normal 0.896898 0.442237 0
    outer loop
      vertex 73.0013 63.638 2
      vertex 73.1864 63.2626 7.5
      vertex 73.1864 63.2626 2
    endloop
  endfacet
  facet normal 0.194967 0.98081 -0
    outer loop
      vertex 71.0582 65.129 2
      vertex 70.6477 65.2106 7.5
      vertex 71.0582 65.129 7.5
    endloop
  endfacet
  facet normal 0.194967 0.98081 0
    outer loop
      vertex 70.6477 65.2106 7.5
      vertex 71.0582 65.129 2
      vertex 70.6477 65.2106 2
    endloop
  endfacet
  facet normal 0.555692 -0.831388 0
    outer loop
      vertex 71.83 59.2667 2
      vertex 72.178 59.4993 7.5
      vertex 71.83 59.2667 7.5
    endloop
  endfacet
  facet normal 0.555692 -0.831388 0
    outer loop
      vertex 72.178 59.4993 7.5
      vertex 71.83 59.2667 2
      vertex 72.178 59.4993 2
    endloop
  endfacet
  facet normal 0.98081 0.194967 0
    outer loop
      vertex 73.4026 62.4557 7.5
      vertex 73.321 62.8662 2
      vertex 73.321 62.8662 7.5
    endloop
  endfacet
  facet normal 0.98081 0.194967 0
    outer loop
      vertex 73.321 62.8662 2
      vertex 73.4026 62.4557 7.5
      vertex 73.4026 62.4557 2
    endloop
  endfacet
  facet normal 0.896898 -0.442237 0
    outer loop
      vertex 73.0013 60.438 7.5
      vertex 73.1864 60.8134 2
      vertex 73.1864 60.8134 7.5
    endloop
  endfacet
  facet normal 0.896898 -0.442237 0
    outer loop
      vertex 73.1864 60.8134 2
      vertex 73.0013 60.438 7.5
      vertex 73.0013 60.438 2
    endloop
  endfacet
  facet normal -0.659367 0.751821 0
    outer loop
      vertex 68.282 64.5767 2
      vertex 67.9673 64.3007 7.5
      vertex 68.282 64.5767 7.5
    endloop
  endfacet
  facet normal -0.659367 0.751821 0
    outer loop
      vertex 67.9673 64.3007 7.5
      vertex 68.282 64.5767 2
      vertex 67.9673 64.3007 2
    endloop
  endfacet
  facet normal -0.442237 0.896898 0
    outer loop
      vertex 69.0054 64.9944 2
      vertex 68.63 64.8093 7.5
      vertex 69.0054 64.9944 7.5
    endloop
  endfacet
  facet normal -0.442237 0.896898 0
    outer loop
      vertex 68.63 64.8093 7.5
      vertex 69.0054 64.9944 2
      vertex 68.63 64.8093 2
    endloop
  endfacet
  facet normal -0.997855 0.0654566 0
    outer loop
      vertex 67.03 62.038 2
      vertex 67.0574 62.4557 7.5
      vertex 67.0574 62.4557 2
    endloop
  endfacet
  facet normal -0.997855 0.0654566 0
    outer loop
      vertex 67.0574 62.4557 7.5
      vertex 67.03 62.038 2
      vertex 67.03 62.038 7.5
    endloop
  endfacet
  facet normal 0.997855 0.0654566 0
    outer loop
      vertex 73.43 62.038 7.5
      vertex 73.4026 62.4557 2
      vertex 73.4026 62.4557 7.5
    endloop
  endfacet
  facet normal 0.997855 0.0654566 0
    outer loop
      vertex 73.4026 62.4557 2
      vertex 73.43 62.038 7.5
      vertex 73.43 62.038 2
    endloop
  endfacet
  facet normal 0.751821 -0.659367 0
    outer loop
      vertex 72.4927 59.7753 7.5
      vertex 72.7687 60.09 2
      vertex 72.7687 60.09 7.5
    endloop
  endfacet
  facet normal 0.751821 -0.659367 0
    outer loop
      vertex 72.7687 60.09 2
      vertex 72.4927 59.7753 7.5
      vertex 72.4927 59.7753 2
    endloop
  endfacet
  facet normal 0.751821 0.659367 0
    outer loop
      vertex 72.7687 63.986 7.5
      vertex 72.4927 64.3007 2
      vertex 72.4927 64.3007 7.5
    endloop
  endfacet
  facet normal 0.751821 0.659367 0
    outer loop
      vertex 72.4927 64.3007 2
      vertex 72.7687 63.986 7.5
      vertex 72.7687 63.986 2
    endloop
  endfacet
  facet normal 0.997855 -0.0654566 0
    outer loop
      vertex 73.4026 61.6203 7.5
      vertex 73.43 62.038 2
      vertex 73.43 62.038 7.5
    endloop
  endfacet
  facet normal 0.997855 -0.0654566 0
    outer loop
      vertex 73.43 62.038 2
      vertex 73.4026 61.6203 7.5
      vertex 73.4026 61.6203 2
    endloop
  endfacet
  facet normal -0.194967 -0.98081 0
    outer loop
      vertex 69.4018 58.947 2
      vertex 69.8123 58.8654 7.5
      vertex 69.4018 58.947 7.5
    endloop
  endfacet
  facet normal -0.194967 -0.98081 -0
    outer loop
      vertex 69.8123 58.8654 7.5
      vertex 69.4018 58.947 2
      vertex 69.8123 58.8654 2
    endloop
  endfacet
  facet normal 0.98081 -0.194967 0
    outer loop
      vertex 73.321 61.2098 7.5
      vertex 73.4026 61.6203 2
      vertex 73.4026 61.6203 7.5
    endloop
  endfacet
  facet normal 0.98081 -0.194967 0
    outer loop
      vertex 73.4026 61.6203 2
      vertex 73.321 61.2098 7.5
      vertex 73.321 61.2098 2
    endloop
  endfacet
  facet normal -0.831388 -0.555692 0
    outer loop
      vertex 67.6913 60.09 2
      vertex 67.4587 60.438 7.5
      vertex 67.4587 60.438 2
    endloop
  endfacet
  facet normal -0.831388 -0.555692 0
    outer loop
      vertex 67.4587 60.438 7.5
      vertex 67.6913 60.09 2
      vertex 67.6913 60.09 7.5
    endloop
  endfacet
  facet normal 0.946901 0.321526 0
    outer loop
      vertex 73.321 62.8662 7.5
      vertex 73.1864 63.2626 2
      vertex 73.1864 63.2626 7.5
    endloop
  endfacet
  facet normal 0.946901 0.321526 0
    outer loop
      vertex 73.1864 63.2626 2
      vertex 73.321 62.8662 7.5
      vertex 73.321 62.8662 2
    endloop
  endfacet
  facet normal 0.831388 0.555692 0
    outer loop
      vertex 73.0013 63.638 7.5
      vertex 72.7687 63.986 2
      vertex 72.7687 63.986 7.5
    endloop
  endfacet
  facet normal 0.831388 0.555692 0
    outer loop
      vertex 72.7687 63.986 2
      vertex 73.0013 63.638 7.5
      vertex 73.0013 63.638 2
    endloop
  endfacet
  facet normal -0.194967 0.98081 0
    outer loop
      vertex 69.8123 65.2106 2
      vertex 69.4018 65.129 7.5
      vertex 69.8123 65.2106 7.5
    endloop
  endfacet
  facet normal -0.194967 0.98081 0
    outer loop
      vertex 69.4018 65.129 7.5
      vertex 69.8123 65.2106 2
      vertex 69.4018 65.129 2
    endloop
  endfacet
  facet normal 0.321526 0.946901 -0
    outer loop
      vertex 71.4546 64.9944 2
      vertex 71.0582 65.129 7.5
      vertex 71.4546 64.9944 7.5
    endloop
  endfacet
  facet normal 0.321526 0.946901 0
    outer loop
      vertex 71.0582 65.129 7.5
      vertex 71.4546 64.9944 2
      vertex 71.0582 65.129 2
    endloop
  endfacet
  facet normal 0.442237 -0.896898 0
    outer loop
      vertex 71.4546 59.0816 2
      vertex 71.83 59.2667 7.5
      vertex 71.4546 59.0816 7.5
    endloop
  endfacet
  facet normal 0.442237 -0.896898 0
    outer loop
      vertex 71.83 59.2667 7.5
      vertex 71.4546 59.0816 2
      vertex 71.83 59.2667 2
    endloop
  endfacet
  facet normal 0.442237 0.896898 -0
    outer loop
      vertex 71.83 64.8093 2
      vertex 71.4546 64.9944 7.5
      vertex 71.83 64.8093 7.5
    endloop
  endfacet
  facet normal 0.442237 0.896898 0
    outer loop
      vertex 71.4546 64.9944 7.5
      vertex 71.83 64.8093 2
      vertex 71.4546 64.9944 2
    endloop
  endfacet
  facet normal 0.194967 -0.98081 0
    outer loop
      vertex 70.6477 58.8654 2
      vertex 71.0582 58.947 7.5
      vertex 70.6477 58.8654 7.5
    endloop
  endfacet
  facet normal 0.194967 -0.98081 0
    outer loop
      vertex 71.0582 58.947 7.5
      vertex 70.6477 58.8654 2
      vertex 71.0582 58.947 2
    endloop
  endfacet
  facet normal 0.555692 0.831388 -0
    outer loop
      vertex 72.178 64.5767 2
      vertex 71.83 64.8093 7.5
      vertex 72.178 64.5767 7.5
    endloop
  endfacet
  facet normal 0.555692 0.831388 0
    outer loop
      vertex 71.83 64.8093 7.5
      vertex 72.178 64.5767 2
      vertex 71.83 64.8093 2
    endloop
  endfacet
  facet normal 0.831388 -0.555692 0
    outer loop
      vertex 72.7687 60.09 7.5
      vertex 73.0013 60.438 2
      vertex 73.0013 60.438 7.5
    endloop
  endfacet
  facet normal 0.831388 -0.555692 0
    outer loop
      vertex 73.0013 60.438 2
      vertex 72.7687 60.09 7.5
      vertex 72.7687 60.09 2
    endloop
  endfacet
  facet normal -0.751821 -0.659367 0
    outer loop
      vertex 67.9673 59.7753 2
      vertex 67.6913 60.09 7.5
      vertex 67.6913 60.09 2
    endloop
  endfacet
  facet normal -0.751821 -0.659367 0
    outer loop
      vertex 67.6913 60.09 7.5
      vertex 67.9673 59.7753 2
      vertex 67.9673 59.7753 7.5
    endloop
  endfacet
  facet normal -0.321526 0.946901 0
    outer loop
      vertex 69.4018 65.129 2
      vertex 69.0054 64.9944 7.5
      vertex 69.4018 65.129 7.5
    endloop
  endfacet
  facet normal -0.321526 0.946901 0
    outer loop
      vertex 69.0054 64.9944 7.5
      vertex 69.4018 65.129 2
      vertex 69.0054 64.9944 2
    endloop
  endfacet
  facet normal 0.659367 0.751821 -0
    outer loop
      vertex 72.4927 64.3007 2
      vertex 72.178 64.5767 7.5
      vertex 72.4927 64.3007 7.5
    endloop
  endfacet
  facet normal 0.659367 0.751821 0
    outer loop
      vertex 72.178 64.5767 7.5
      vertex 72.4927 64.3007 2
      vertex 72.178 64.5767 2
    endloop
  endfacet
  facet normal -0.0654566 0.997855 0
    outer loop
      vertex 70.23 65.238 2
      vertex 69.8123 65.2106 7.5
      vertex 70.23 65.238 7.5
    endloop
  endfacet
  facet normal -0.0654566 0.997855 0
    outer loop
      vertex 69.8123 65.2106 7.5
      vertex 70.23 65.238 2
      vertex 69.8123 65.2106 2
    endloop
  endfacet
  facet normal -0.946901 0.321526 0
    outer loop
      vertex 67.139 62.8662 2
      vertex 67.2736 63.2626 7.5
      vertex 67.2736 63.2626 2
    endloop
  endfacet
  facet normal -0.946901 0.321526 0
    outer loop
      vertex 67.2736 63.2626 7.5
      vertex 67.139 62.8662 2
      vertex 67.139 62.8662 7.5
    endloop
  endfacet
  facet normal -0.997855 -0.0654566 0
    outer loop
      vertex 67.0574 61.6203 2
      vertex 67.03 62.038 7.5
      vertex 67.03 62.038 2
    endloop
  endfacet
  facet normal -0.997855 -0.0654566 0
    outer loop
      vertex 67.03 62.038 7.5
      vertex 67.0574 61.6203 2
      vertex 67.0574 61.6203 7.5
    endloop
  endfacet
  facet normal -0.751821 0.659367 0
    outer loop
      vertex 67.6913 63.986 2
      vertex 67.9673 64.3007 7.5
      vertex 67.9673 64.3007 2
    endloop
  endfacet
  facet normal -0.751821 0.659367 0
    outer loop
      vertex 67.9673 64.3007 7.5
      vertex 67.6913 63.986 2
      vertex 67.6913 63.986 7.5
    endloop
  endfacet
  facet normal -0.98081 0.194967 0
    outer loop
      vertex 67.0574 62.4557 2
      vertex 67.139 62.8662 7.5
      vertex 67.139 62.8662 2
    endloop
  endfacet
  facet normal -0.98081 0.194967 0
    outer loop
      vertex 67.139 62.8662 7.5
      vertex 67.0574 62.4557 2
      vertex 67.0574 62.4557 7.5
    endloop
  endfacet
  facet normal -0.831388 0.555692 0
    outer loop
      vertex 67.4587 63.638 2
      vertex 67.6913 63.986 7.5
      vertex 67.6913 63.986 2
    endloop
  endfacet
  facet normal -0.831388 0.555692 0
    outer loop
      vertex 67.6913 63.986 7.5
      vertex 67.4587 63.638 2
      vertex 67.4587 63.638 7.5
    endloop
  endfacet
  facet normal -0.0654566 -0.997855 0
    outer loop
      vertex 69.8123 58.8654 2
      vertex 70.23 58.838 7.5
      vertex 69.8123 58.8654 7.5
    endloop
  endfacet
  facet normal -0.0654566 -0.997855 -0
    outer loop
      vertex 70.23 58.838 7.5
      vertex 69.8123 58.8654 2
      vertex 70.23 58.838 2
    endloop
  endfacet
  facet normal 0.0654566 -0.997855 0
    outer loop
      vertex 70.23 58.838 2
      vertex 70.6477 58.8654 7.5
      vertex 70.23 58.838 7.5
    endloop
  endfacet
  facet normal 0.0654566 -0.997855 0
    outer loop
      vertex 70.6477 58.8654 7.5
      vertex 70.23 58.838 2
      vertex 70.6477 58.8654 2
    endloop
  endfacet
  facet normal -0.946901 -0.321526 0
    outer loop
      vertex 67.2736 60.8134 2
      vertex 67.139 61.2098 7.5
      vertex 67.139 61.2098 2
    endloop
  endfacet
  facet normal -0.946901 -0.321526 0
    outer loop
      vertex 67.139 61.2098 7.5
      vertex 67.2736 60.8134 2
      vertex 67.2736 60.8134 7.5
    endloop
  endfacet
  facet normal -0.555692 0.831388 0
    outer loop
      vertex 68.63 64.8093 2
      vertex 68.282 64.5767 7.5
      vertex 68.63 64.8093 7.5
    endloop
  endfacet
  facet normal -0.555692 0.831388 0
    outer loop
      vertex 68.282 64.5767 7.5
      vertex 68.63 64.8093 2
      vertex 68.282 64.5767 2
    endloop
  endfacet
  facet normal 0.659367 -0.751821 0
    outer loop
      vertex 72.178 59.4993 2
      vertex 72.4927 59.7753 7.5
      vertex 72.178 59.4993 7.5
    endloop
  endfacet
  facet normal 0.659367 -0.751821 0
    outer loop
      vertex 72.4927 59.7753 7.5
      vertex 72.178 59.4993 2
      vertex 72.4927 59.7753 2
    endloop
  endfacet
  facet normal 0.946901 -0.321526 0
    outer loop
      vertex 73.1864 60.8134 7.5
      vertex 73.321 61.2098 2
      vertex 73.321 61.2098 7.5
    endloop
  endfacet
  facet normal 0.946901 -0.321526 0
    outer loop
      vertex 73.321 61.2098 2
      vertex 73.1864 60.8134 7.5
      vertex 73.1864 60.8134 2
    endloop
  endfacet
  facet normal -0.896898 0.442237 0
    outer loop
      vertex 67.2736 63.2626 2
      vertex 67.4587 63.638 7.5
      vertex 67.4587 63.638 2
    endloop
  endfacet
  facet normal -0.896898 0.442237 0
    outer loop
      vertex 67.4587 63.638 7.5
      vertex 67.2736 63.2626 2
      vertex 67.2736 63.2626 7.5
    endloop
  endfacet
  facet normal 0.0654566 0.997855 -0
    outer loop
      vertex 70.6477 65.2106 2
      vertex 70.23 65.238 7.5
      vertex 70.6477 65.2106 7.5
    endloop
  endfacet
  facet normal 0.0654566 0.997855 0
    outer loop
      vertex 70.23 65.238 7.5
      vertex 70.6477 65.2106 2
      vertex 70.23 65.238 2
    endloop
  endfacet
  facet normal -0.659367 -0.751821 0
    outer loop
      vertex 67.9673 59.7753 2
      vertex 68.282 59.4993 7.5
      vertex 67.9673 59.7753 7.5
    endloop
  endfacet
  facet normal -0.659367 -0.751821 -0
    outer loop
      vertex 68.282 59.4993 7.5
      vertex 67.9673 59.7753 2
      vertex 68.282 59.4993 2
    endloop
  endfacet
  facet normal -0.321526 -0.946901 0
    outer loop
      vertex 69.0054 59.0816 2
      vertex 69.4018 58.947 7.5
      vertex 69.0054 59.0816 7.5
    endloop
  endfacet
  facet normal -0.321526 -0.946901 -0
    outer loop
      vertex 69.4018 58.947 7.5
      vertex 69.0054 59.0816 2
      vertex 69.4018 58.947 2
    endloop
  endfacet
  facet normal -0.442237 -0.896898 0
    outer loop
      vertex 68.63 59.2667 2
      vertex 69.0054 59.0816 7.5
      vertex 68.63 59.2667 7.5
    endloop
  endfacet
  facet normal -0.442237 -0.896898 -0
    outer loop
      vertex 69.0054 59.0816 7.5
      vertex 68.63 59.2667 2
      vertex 69.0054 59.0816 2
    endloop
  endfacet
  facet normal -0.555692 -0.831388 0
    outer loop
      vertex 68.282 59.4993 2
      vertex 68.63 59.2667 7.5
      vertex 68.282 59.4993 7.5
    endloop
  endfacet
  facet normal -0.555692 -0.831388 -0
    outer loop
      vertex 68.63 59.2667 7.5
      vertex 68.282 59.4993 2
      vertex 68.63 59.2667 2
    endloop
  endfacet
  facet normal -0.831471 0.555569 0
    outer loop
      vertex 2.5359 8 2
      vertex 2.82659 8.43505 7.5
      vertex 2.82659 8.43505 2
    endloop
  endfacet
  facet normal -0.831471 0.555569 0
    outer loop
      vertex 2.82659 8.43505 7.5
      vertex 2.5359 8 2
      vertex 2.5359 8 7.5
    endloop
  endfacet
  facet normal 0.751845 -0.65934 0
    outer loop
      vertex 8.82843 3.17157 7.5
      vertex 9.17341 3.56495 2
      vertex 9.17341 3.56495 7.5
    endloop
  endfacet
  facet normal 0.751845 -0.65934 0
    outer loop
      vertex 9.17341 3.56495 2
      vertex 8.82843 3.17157 7.5
      vertex 8.82843 3.17157 2
    endloop
  endfacet
  facet normal 0.442291 0.896871 -0
    outer loop
      vertex 8 9.4641 2
      vertex 7.53073 9.69552 7.5
      vertex 8 9.4641 7.5
    endloop
  endfacet
  facet normal 0.442291 0.896871 0
    outer loop
      vertex 7.53073 9.69552 7.5
      vertex 8 9.4641 2
      vertex 7.53073 9.69552 2
    endloop
  endfacet
  facet normal 0.555569 0.831471 -0
    outer loop
      vertex 8.43505 9.17341 2
      vertex 8 9.4641 7.5
      vertex 8.43505 9.17341 7.5
    endloop
  endfacet
  facet normal 0.555569 0.831471 0
    outer loop
      vertex 8 9.4641 7.5
      vertex 8.43505 9.17341 2
      vertex 8 9.4641 2
    endloop
  endfacet
  facet normal 0.65934 0.751845 -0
    outer loop
      vertex 8.82843 8.82843 2
      vertex 8.43505 9.17341 7.5
      vertex 8.82843 8.82843 7.5
    endloop
  endfacet
  facet normal 0.65934 0.751845 0
    outer loop
      vertex 8.43505 9.17341 7.5
      vertex 8.82843 8.82843 2
      vertex 8.43505 9.17341 2
    endloop
  endfacet
  facet normal 0.896871 0.442291 0
    outer loop
      vertex 9.69552 7.53073 7.5
      vertex 9.4641 8 2
      vertex 9.4641 8 7.5
    endloop
  endfacet
  facet normal 0.896871 0.442291 0
    outer loop
      vertex 9.4641 8 2
      vertex 9.69552 7.53073 7.5
      vertex 9.69552 7.53073 2
    endloop
  endfacet
  facet normal 0.980784 0.195094 0
    outer loop
      vertex 9.96578 6.5221 7.5
      vertex 9.8637 7.03528 2
      vertex 9.8637 7.03528 7.5
    endloop
  endfacet
  facet normal 0.980784 0.195094 0
    outer loop
      vertex 9.8637 7.03528 2
      vertex 9.96578 6.5221 7.5
      vertex 9.96578 6.5221 2
    endloop
  endfacet
  facet normal -0.321435 0.946932 0
    outer loop
      vertex 4.96472 9.8637 2
      vertex 4.46927 9.69552 7.5
      vertex 4.96472 9.8637 7.5
    endloop
  endfacet
  facet normal -0.321435 0.946932 0
    outer loop
      vertex 4.46927 9.69552 7.5
      vertex 4.96472 9.8637 2
      vertex 4.46927 9.69552 2
    endloop
  endfacet
  facet normal 0.997859 0.0654027 0
    outer loop
      vertex 10 6 7.5
      vertex 9.96578 6.5221 2
      vertex 9.96578 6.5221 7.5
    endloop
  endfacet
  facet normal 0.997859 0.0654027 0
    outer loop
      vertex 9.96578 6.5221 2
      vertex 10 6 7.5
      vertex 10 6 2
    endloop
  endfacet
  facet normal -0.555569 0.831471 0
    outer loop
      vertex 4 9.4641 2
      vertex 3.56495 9.17341 7.5
      vertex 4 9.4641 7.5
    endloop
  endfacet
  facet normal -0.555569 0.831471 0
    outer loop
      vertex 3.56495 9.17341 7.5
      vertex 4 9.4641 2
      vertex 3.56495 9.17341 2
    endloop
  endfacet
  facet normal 0.555569 -0.831471 0
    outer loop
      vertex 8 2.5359 2
      vertex 8.43505 2.82659 7.5
      vertex 8 2.5359 7.5
    endloop
  endfacet
  facet normal 0.555569 -0.831471 0
    outer loop
      vertex 8.43505 2.82659 7.5
      vertex 8 2.5359 2
      vertex 8.43505 2.82659 2
    endloop
  endfacet
  facet normal -0.0654014 0.997859 0
    outer loop
      vertex 6 10 2
      vertex 5.47789 9.96578 7.5
      vertex 6 10 7.5
    endloop
  endfacet
  facet normal -0.0654014 0.997859 0
    outer loop
      vertex 5.47789 9.96578 7.5
      vertex 6 10 2
      vertex 5.47789 9.96578 2
    endloop
  endfacet
  facet normal -0.659336 -0.751849 0
    outer loop
      vertex 3.17157 3.17157 2
      vertex 3.50762 2.87687 7.5
      vertex 3.17157 3.17157 7.5
    endloop
  endfacet
  facet normal -0.659336 -0.751849 -0
    outer loop
      vertex 3.50762 2.87687 7.5
      vertex 3.17157 3.17157 2
      vertex 3.50762 2.87687 2
    endloop
  endfacet
  facet normal 0.997859 -0.0654014 0
    outer loop
      vertex 9.96578 5.47789 7.5
      vertex 10 6 2
      vertex 10 6 7.5
    endloop
  endfacet
  facet normal 0.997859 -0.0654014 0
    outer loop
      vertex 10 6 2
      vertex 9.96578 5.47789 7.5
      vertex 9.96578 5.47789 2
    endloop
  endfacet
  facet normal 0.831471 -0.555569 0
    outer loop
      vertex 9.17341 3.56495 7.5
      vertex 9.4641 4 2
      vertex 9.4641 4 7.5
    endloop
  endfacet
  facet normal 0.831471 -0.555569 0
    outer loop
      vertex 9.4641 4 2
      vertex 9.17341 3.56495 7.5
      vertex 9.17341 3.56495 2
    endloop
  endfacet
  facet normal 0.831471 0.555569 0
    outer loop
      vertex 9.4641 8 7.5
      vertex 9.17341 8.43505 2
      vertex 9.17341 8.43505 7.5
    endloop
  endfacet
  facet normal 0.831471 0.555569 0
    outer loop
      vertex 9.17341 8.43505 2
      vertex 9.4641 8 7.5
      vertex 9.4641 8 2
    endloop
  endfacet
  facet normal -0.442291 0.896871 0
    outer loop
      vertex 4.46927 9.69552 2
      vertex 4 9.4641 7.5
      vertex 4.46927 9.69552 7.5
    endloop
  endfacet
  facet normal -0.442291 0.896871 0
    outer loop
      vertex 4 9.4641 7.5
      vertex 4.46927 9.69552 2
      vertex 4 9.4641 2
    endloop
  endfacet
  facet normal -0.751845 0.65934 0
    outer loop
      vertex 2.82659 8.43505 2
      vertex 3.17157 8.82843 7.5
      vertex 3.17157 8.82843 2
    endloop
  endfacet
  facet normal -0.751845 0.65934 0
    outer loop
      vertex 3.17157 8.82843 7.5
      vertex 2.82659 8.43505 2
      vertex 2.82659 8.43505 7.5
    endloop
  endfacet
  facet normal 0.442286 -0.896874 0
    outer loop
      vertex 7.72442 2.4 2
      vertex 8 2.5359 7.5
      vertex 7.72442 2.4 7.5
    endloop
  endfacet
  facet normal 0.442286 -0.896874 0
    outer loop
      vertex 8 2.5359 7.5
      vertex 7.72442 2.4 2
      vertex 8 2.5359 2
    endloop
  endfacet
  facet normal 0.980784 -0.195098 0
    outer loop
      vertex 9.8637 4.96472 7.5
      vertex 9.96578 5.47789 2
      vertex 9.96578 5.47789 7.5
    endloop
  endfacet
  facet normal 0.980784 -0.195098 0
    outer loop
      vertex 9.96578 5.47789 2
      vertex 9.8637 4.96472 7.5
      vertex 9.8637 4.96472 2
    endloop
  endfacet
  facet normal 0.896871 -0.442291 0
    outer loop
      vertex 9.4641 4 7.5
      vertex 9.69552 4.46927 2
      vertex 9.69552 4.46927 7.5
    endloop
  endfacet
  facet normal 0.896871 -0.442291 0
    outer loop
      vertex 9.69552 4.46927 2
      vertex 9.4641 4 7.5
      vertex 9.4641 4 2
    endloop
  endfacet
  facet normal 0.946932 0.321435 0
    outer loop
      vertex 9.8637 7.03528 7.5
      vertex 9.69552 7.53073 2
      vertex 9.69552 7.53073 7.5
    endloop
  endfacet
  facet normal 0.946932 0.321435 0
    outer loop
      vertex 9.69552 7.53073 2
      vertex 9.8637 7.03528 7.5
      vertex 9.8637 7.03528 2
    endloop
  endfacet
  facet normal 0.0654027 0.997859 -0
    outer loop
      vertex 6.5221 9.96578 2
      vertex 6 10 7.5
      vertex 6.5221 9.96578 7.5
    endloop
  endfacet
  facet normal 0.0654027 0.997859 0
    outer loop
      vertex 6 10 7.5
      vertex 6.5221 9.96578 2
      vertex 6 10 2
    endloop
  endfacet
  facet normal 0.321435 0.946932 -0
    outer loop
      vertex 7.53073 9.69552 2
      vertex 7.03528 9.8637 7.5
      vertex 7.53073 9.69552 7.5
    endloop
  endfacet
  facet normal 0.321435 0.946932 0
    outer loop
      vertex 7.03528 9.8637 7.5
      vertex 7.53073 9.69552 2
      vertex 7.03528 9.8637 2
    endloop
  endfacet
  facet normal -0.65934 0.751845 0
    outer loop
      vertex 3.56495 9.17341 2
      vertex 3.17157 8.82843 7.5
      vertex 3.56495 9.17341 7.5
    endloop
  endfacet
  facet normal -0.65934 0.751845 0
    outer loop
      vertex 3.17157 8.82843 7.5
      vertex 3.56495 9.17341 2
      vertex 3.17157 8.82843 2
    endloop
  endfacet
  facet normal 0.751845 0.65934 0
    outer loop
      vertex 9.17341 8.43505 7.5
      vertex 8.82843 8.82843 2
      vertex 8.82843 8.82843 7.5
    endloop
  endfacet
  facet normal 0.751845 0.65934 0
    outer loop
      vertex 8.82843 8.82843 2
      vertex 9.17341 8.43505 7.5
      vertex 9.17341 8.43505 2
    endloop
  endfacet
  facet normal -0.195098 0.980784 0
    outer loop
      vertex 5.47789 9.96578 2
      vertex 4.96472 9.8637 7.5
      vertex 5.47789 9.96578 7.5
    endloop
  endfacet
  facet normal -0.195098 0.980784 0
    outer loop
      vertex 4.96472 9.8637 7.5
      vertex 5.47789 9.96578 2
      vertex 4.96472 9.8637 2
    endloop
  endfacet
  facet normal -0.751849 -0.659336 0
    outer loop
      vertex 3.17157 3.17157 2
      vertex 2.87687 3.50762 7.5
      vertex 2.87687 3.50762 2
    endloop
  endfacet
  facet normal -0.751849 -0.659336 0
    outer loop
      vertex 2.87687 3.50762 7.5
      vertex 3.17157 3.17157 2
      vertex 3.17157 3.17157 7.5
    endloop
  endfacet
  facet normal 0.946932 -0.321435 0
    outer loop
      vertex 9.69552 4.46927 7.5
      vertex 9.8637 4.96472 2
      vertex 9.8637 4.96472 7.5
    endloop
  endfacet
  facet normal 0.946932 -0.321435 0
    outer loop
      vertex 9.8637 4.96472 2
      vertex 9.69552 4.46927 7.5
      vertex 9.69552 4.46927 2
    endloop
  endfacet
  facet normal 0.65934 -0.751845 0
    outer loop
      vertex 8.43505 2.82659 2
      vertex 8.82843 3.17157 7.5
      vertex 8.43505 2.82659 7.5
    endloop
  endfacet
  facet normal 0.65934 -0.751845 0
    outer loop
      vertex 8.82843 3.17157 7.5
      vertex 8.43505 2.82659 2
      vertex 8.82843 3.17157 2
    endloop
  endfacet
  facet normal 0.195094 0.980784 -0
    outer loop
      vertex 7.03528 9.8637 2
      vertex 6.5221 9.96578 7.5
      vertex 7.03528 9.8637 7.5
    endloop
  endfacet
  facet normal 0.195094 0.980784 0
    outer loop
      vertex 6.5221 9.96578 7.5
      vertex 7.03528 9.8637 2
      vertex 6.5221 9.96578 2
    endloop
  endfacet
  facet normal -0.896874 0.442286 0
    outer loop
      vertex 2.4 7.72442 2
      vertex 2.5359 8 7.5
      vertex 2.5359 8 2
    endloop
  endfacet
  facet normal -0.896874 0.442286 0
    outer loop
      vertex 2.5359 8 7.5
      vertex 2.4 7.72442 2
      vertex 2.4 7.72442 7.5
    endloop
  endfacet
  facet normal 0.980786 0.195087 0
    outer loop
      vertex 9.96578 70.5221 7.5
      vertex 9.8637 71.0353 2
      vertex 9.8637 71.0353 7.5
    endloop
  endfacet
  facet normal 0.980786 0.195087 0
    outer loop
      vertex 9.8637 71.0353 2
      vertex 9.96578 70.5221 7.5
      vertex 9.96578 70.5221 2
    endloop
  endfacet
  facet normal 0.997859 0.0654027 0
    outer loop
      vertex 10 70 7.5
      vertex 9.96578 70.5221 2
      vertex 9.96578 70.5221 7.5
    endloop
  endfacet
  facet normal 0.997859 0.0654027 0
    outer loop
      vertex 9.96578 70.5221 2
      vertex 10 70 7.5
      vertex 10 70 2
    endloop
  endfacet
  facet normal 0.946922 0.321464 0
    outer loop
      vertex 9.8637 71.0353 7.5
      vertex 9.69552 71.5307 2
      vertex 9.69552 71.5307 7.5
    endloop
  endfacet
  facet normal 0.946922 0.321464 0
    outer loop
      vertex 9.69552 71.5307 2
      vertex 9.8637 71.0353 7.5
      vertex 9.8637 71.0353 2
    endloop
  endfacet
  facet normal -0.555582 -0.831462 0
    outer loop
      vertex 3.56495 66.8266 2
      vertex 4 66.5359 7.5
      vertex 3.56495 66.8266 7.5
    endloop
  endfacet
  facet normal -0.555582 -0.831462 -0
    outer loop
      vertex 4 66.5359 7.5
      vertex 3.56495 66.8266 2
      vertex 4 66.5359 2
    endloop
  endfacet
  facet normal 0.980786 -0.195087 0
    outer loop
      vertex 9.8637 68.9647 7.5
      vertex 9.96578 69.4779 2
      vertex 9.96578 69.4779 7.5
    endloop
  endfacet
  facet normal 0.980786 -0.195087 0
    outer loop
      vertex 9.96578 69.4779 2
      vertex 9.8637 68.9647 7.5
      vertex 9.8637 68.9647 2
    endloop
  endfacet
  facet normal 0.946922 -0.321464 0
    outer loop
      vertex 9.69552 68.4693 7.5
      vertex 9.8637 68.9647 2
      vertex 9.8637 68.9647 7.5
    endloop
  endfacet
  facet normal 0.946922 -0.321464 0
    outer loop
      vertex 9.8637 68.9647 2
      vertex 9.69552 68.4693 7.5
      vertex 9.69552 68.4693 2
    endloop
  endfacet
  facet normal 0.44226 -0.896887 0
    outer loop
      vertex 7.53073 66.3045 2
      vertex 8 66.5359 7.5
      vertex 7.53073 66.3045 7.5
    endloop
  endfacet
  facet normal 0.44226 -0.896887 0
    outer loop
      vertex 8 66.5359 7.5
      vertex 7.53073 66.3045 2
      vertex 8 66.5359 2
    endloop
  endfacet
  facet normal 0.896883 0.442268 0
    outer loop
      vertex 9.69552 71.5307 7.5
      vertex 9.4641 72 2
      vertex 9.4641 72 7.5
    endloop
  endfacet
  facet normal 0.896883 0.442268 0
    outer loop
      vertex 9.4641 72 2
      vertex 9.69552 71.5307 7.5
      vertex 9.69552 71.5307 2
    endloop
  endfacet
  facet normal 0.555582 0.831462 -0
    outer loop
      vertex 8.43505 73.1734 2
      vertex 8 73.4641 7.5
      vertex 8.43505 73.1734 7.5
    endloop
  endfacet
  facet normal 0.555582 0.831462 0
    outer loop
      vertex 8 73.4641 7.5
      vertex 8.43505 73.1734 2
      vertex 8 73.4641 2
    endloop
  endfacet
  facet normal 0.659362 0.751826 -0
    outer loop
      vertex 8.82843 72.8284 2
      vertex 8.43505 73.1734 7.5
      vertex 8.82843 72.8284 7.5
    endloop
  endfacet
  facet normal 0.659362 0.751826 0
    outer loop
      vertex 8.43505 73.1734 7.5
      vertex 8.82843 72.8284 2
      vertex 8.43505 73.1734 2
    endloop
  endfacet
  facet normal 0.831441 -0.555613 0
    outer loop
      vertex 9.17341 67.565 7.5
      vertex 9.4641 68 2
      vertex 9.4641 68 7.5
    endloop
  endfacet
  facet normal 0.831441 -0.555613 0
    outer loop
      vertex 9.4641 68 2
      vertex 9.17341 67.565 7.5
      vertex 9.17341 67.565 2
    endloop
  endfacet
  facet normal -0.896887 -0.44226 0
    outer loop
      vertex 2.5359 68 2
      vertex 2.4 68.2756 7.5
      vertex 2.4 68.2756 2
    endloop
  endfacet
  facet normal -0.896887 -0.44226 0
    outer loop
      vertex 2.4 68.2756 7.5
      vertex 2.5359 68 2
      vertex 2.5359 68 7.5
    endloop
  endfacet
  facet normal -0.751855 0.659328 0
    outer loop
      vertex 2.87692 72.4924 2
      vertex 3.17157 72.8284 7.5
      vertex 3.17157 72.8284 2
    endloop
  endfacet
  facet normal -0.751855 0.659328 0
    outer loop
      vertex 3.17157 72.8284 7.5
      vertex 2.87692 72.4924 2
      vertex 2.87692 72.4924 7.5
    endloop
  endfacet
  facet normal -0.321469 -0.94692 0
    outer loop
      vertex 4.46927 66.3045 2
      vertex 4.96472 66.1363 7.5
      vertex 4.46927 66.3045 7.5
    endloop
  endfacet
  facet normal -0.321469 -0.94692 -0
    outer loop
      vertex 4.96472 66.1363 7.5
      vertex 4.46927 66.3045 2
      vertex 4.96472 66.1363 2
    endloop
  endfacet
  facet normal 0.751861 0.659321 0
    outer loop
      vertex 9.17341 72.435 7.5
      vertex 8.82843 72.8284 2
      vertex 8.82843 72.8284 7.5
    endloop
  endfacet
  facet normal 0.751861 0.659321 0
    outer loop
      vertex 8.82843 72.8284 2
      vertex 9.17341 72.435 7.5
      vertex 9.17341 72.435 2
    endloop
  endfacet
  facet normal -0.659436 0.751761 0
    outer loop
      vertex 3.50753 73.1231 2
      vertex 3.17157 72.8284 7.5
      vertex 3.50753 73.1231 7.5
    endloop
  endfacet
  facet normal -0.659436 0.751761 0
    outer loop
      vertex 3.17157 72.8284 7.5
      vertex 3.50753 73.1231 2
      vertex 3.17157 72.8284 2
    endloop
  endfacet
  facet normal 0.195131 -0.980777 0
    outer loop
      vertex 6.5221 66.0342 2
      vertex 7.03528 66.1363 7.5
      vertex 6.5221 66.0342 7.5
    endloop
  endfacet
  facet normal 0.195131 -0.980777 0
    outer loop
      vertex 7.03528 66.1363 7.5
      vertex 6.5221 66.0342 2
      vertex 7.03528 66.1363 2
    endloop
  endfacet
  facet normal 0.442299 0.896868 -0
    outer loop
      vertex 8 73.4641 2
      vertex 7.72443 73.6 7.5
      vertex 8 73.4641 7.5
    endloop
  endfacet
  facet normal 0.442299 0.896868 0
    outer loop
      vertex 7.72443 73.6 7.5
      vertex 8 73.4641 2
      vertex 7.72443 73.6 2
    endloop
  endfacet
  facet normal 0.997859 -0.0654027 0
    outer loop
      vertex 9.96578 69.4779 7.5
      vertex 10 70 2
      vertex 10 70 7.5
    endloop
  endfacet
  facet normal 0.997859 -0.0654027 0
    outer loop
      vertex 10 70 2
      vertex 9.96578 69.4779 7.5
      vertex 9.96578 69.4779 2
    endloop
  endfacet
  facet normal 0.831441 0.555613 0
    outer loop
      vertex 9.4641 72 7.5
      vertex 9.17341 72.435 2
      vertex 9.17341 72.435 7.5
    endloop
  endfacet
  facet normal 0.831441 0.555613 0
    outer loop
      vertex 9.17341 72.435 2
      vertex 9.4641 72 7.5
      vertex 9.4641 72 2
    endloop
  endfacet
  facet normal -0.751861 -0.659321 0
    outer loop
      vertex 3.17157 67.1716 2
      vertex 2.82659 67.565 7.5
      vertex 2.82659 67.565 2
    endloop
  endfacet
  facet normal -0.751861 -0.659321 0
    outer loop
      vertex 2.82659 67.565 7.5
      vertex 3.17157 67.1716 2
      vertex 3.17157 67.1716 7.5
    endloop
  endfacet
  facet normal 0.659362 -0.751826 0
    outer loop
      vertex 8.43505 66.8266 2
      vertex 8.82843 67.1716 7.5
      vertex 8.43505 66.8266 7.5
    endloop
  endfacet
  facet normal 0.659362 -0.751826 0
    outer loop
      vertex 8.82843 67.1716 7.5
      vertex 8.43505 66.8266 2
      vertex 8.82843 67.1716 2
    endloop
  endfacet
  facet normal -0.0653634 -0.997862 0
    outer loop
      vertex 5.47789 66.0342 2
      vertex 6 66 7.5
      vertex 5.47789 66.0342 7.5
    endloop
  endfacet
  facet normal -0.0653634 -0.997862 -0
    outer loop
      vertex 6 66 7.5
      vertex 5.47789 66.0342 2
      vertex 6 66 2
    endloop
  endfacet
  facet normal 0.321469 -0.94692 0
    outer loop
      vertex 7.03528 66.1363 2
      vertex 7.53073 66.3045 7.5
      vertex 7.03528 66.1363 7.5
    endloop
  endfacet
  facet normal 0.321469 -0.94692 0
    outer loop
      vertex 7.53073 66.3045 7.5
      vertex 7.03528 66.1363 2
      vertex 7.53073 66.3045 2
    endloop
  endfacet
  facet normal 0.555582 -0.831462 0
    outer loop
      vertex 8 66.5359 2
      vertex 8.43505 66.8266 7.5
      vertex 8 66.5359 7.5
    endloop
  endfacet
  facet normal 0.555582 -0.831462 0
    outer loop
      vertex 8.43505 66.8266 7.5
      vertex 8 66.5359 2
      vertex 8.43505 66.8266 2
    endloop
  endfacet
  facet normal 0.751861 -0.659321 0
    outer loop
      vertex 8.82843 67.1716 7.5
      vertex 9.17341 67.565 2
      vertex 9.17341 67.565 7.5
    endloop
  endfacet
  facet normal 0.751861 -0.659321 0
    outer loop
      vertex 9.17341 67.565 2
      vertex 8.82843 67.1716 7.5
      vertex 8.82843 67.1716 2
    endloop
  endfacet
  facet normal -0.831441 -0.555613 0
    outer loop
      vertex 2.82659 67.565 2
      vertex 2.5359 68 7.5
      vertex 2.5359 68 2
    endloop
  endfacet
  facet normal -0.831441 -0.555613 0
    outer loop
      vertex 2.5359 68 7.5
      vertex 2.82659 67.565 2
      vertex 2.82659 67.565 7.5
    endloop
  endfacet
  facet normal -0.44226 -0.896887 0
    outer loop
      vertex 4 66.5359 2
      vertex 4.46927 66.3045 7.5
      vertex 4 66.5359 7.5
    endloop
  endfacet
  facet normal -0.44226 -0.896887 -0
    outer loop
      vertex 4.46927 66.3045 7.5
      vertex 4 66.5359 2
      vertex 4.46927 66.3045 2
    endloop
  endfacet
  facet normal -0.659362 -0.751826 0
    outer loop
      vertex 3.17157 67.1716 2
      vertex 3.56495 66.8266 7.5
      vertex 3.17157 67.1716 7.5
    endloop
  endfacet
  facet normal -0.659362 -0.751826 -0
    outer loop
      vertex 3.56495 66.8266 7.5
      vertex 3.17157 67.1716 2
      vertex 3.56495 66.8266 2
    endloop
  endfacet
  facet normal 0.896883 -0.442268 0
    outer loop
      vertex 9.4641 68 7.5
      vertex 9.69552 68.4693 2
      vertex 9.69552 68.4693 7.5
    endloop
  endfacet
  facet normal 0.896883 -0.442268 0
    outer loop
      vertex 9.69552 68.4693 2
      vertex 9.4641 68 7.5
      vertex 9.4641 68 2
    endloop
  endfacet
  facet normal -0.195135 -0.980776 0
    outer loop
      vertex 4.96472 66.1363 2
      vertex 5.47789 66.0342 7.5
      vertex 4.96472 66.1363 7.5
    endloop
  endfacet
  facet normal -0.195135 -0.980776 -0
    outer loop
      vertex 5.47789 66.0342 7.5
      vertex 4.96472 66.1363 2
      vertex 5.47789 66.0342 2
    endloop
  endfacet
  facet normal 0.0653646 -0.997861 0
    outer loop
      vertex 6 66 2
      vertex 6.5221 66.0342 7.5
      vertex 6 66 7.5
    endloop
  endfacet
  facet normal 0.0653646 -0.997861 0
    outer loop
      vertex 6.5221 66.0342 7.5
      vertex 6 66 2
      vertex 6.5221 66.0342 2
    endloop
  endfacet
  facet normal 0.751428 -0.659815 0
    outer loop
      vertex 111.828 3.17157 7.5
      vertex 112.123 3.50753 2
      vertex 112.123 3.50753 7.5
    endloop
  endfacet
  facet normal 0.751428 -0.659815 0
    outer loop
      vertex 112.123 3.50753 2
      vertex 111.828 3.17157 7.5
      vertex 111.828 3.17157 2
    endloop
  endfacet
  facet normal 0.659328 -0.751855 0
    outer loop
      vertex 111.492 2.87692 2
      vertex 111.828 3.17157 7.5
      vertex 111.492 2.87692 7.5
    endloop
  endfacet
  facet normal 0.659328 -0.751855 0
    outer loop
      vertex 111.828 3.17157 7.5
      vertex 111.492 2.87692 2
      vertex 111.828 3.17157 2
    endloop
  endfacet
  facet normal -0.555613 0.831441 0
    outer loop
      vertex 107 9.4641 2
      vertex 106.565 9.17341 7.5
      vertex 107 9.4641 7.5
    endloop
  endfacet
  facet normal -0.555613 0.831441 0
    outer loop
      vertex 106.565 9.17341 7.5
      vertex 107 9.4641 2
      vertex 106.565 9.17341 2
    endloop
  endfacet
  facet normal -0.997886 0.064984 0
    outer loop
      vertex 105 6 2
      vertex 105.034 6.5221 7.5
      vertex 105.034 6.5221 2
    endloop
  endfacet
  facet normal -0.997886 0.064984 0
    outer loop
      vertex 105.034 6.5221 7.5
      vertex 105 6 2
      vertex 105 6 7.5
    endloop
  endfacet
  facet normal 0.321115 0.94704 -0
    outer loop
      vertex 110.531 9.69552 2
      vertex 110.035 9.8637 7.5
      vertex 110.531 9.69552 7.5
    endloop
  endfacet
  facet normal 0.321115 0.94704 0
    outer loop
      vertex 110.035 9.8637 7.5
      vertex 110.531 9.69552 2
      vertex 110.035 9.8637 2
    endloop
  endfacet
  facet normal -0.947036 -0.321126 0
    outer loop
      vertex 105.304 4.46927 2
      vertex 105.136 4.96472 7.5
      vertex 105.136 4.96472 2
    endloop
  endfacet
  facet normal -0.947036 -0.321126 0
    outer loop
      vertex 105.136 4.96472 7.5
      vertex 105.304 4.46927 2
      vertex 105.304 4.46927 7.5
    endloop
  endfacet
  facet normal 0.555613 0.831441 -0
    outer loop
      vertex 111.435 9.17341 2
      vertex 111 9.4641 7.5
      vertex 111.435 9.17341 7.5
    endloop
  endfacet
  facet normal 0.555613 0.831441 0
    outer loop
      vertex 111 9.4641 7.5
      vertex 111.435 9.17341 2
      vertex 111 9.4641 2
    endloop
  endfacet
  facet normal -0.896432 -0.443182 0
    outer loop
      vertex 105.536 4 2
      vertex 105.304 4.46927 7.5
      vertex 105.304 4.46927 2
    endloop
  endfacet
  facet normal -0.896432 -0.443182 0
    outer loop
      vertex 105.304 4.46927 7.5
      vertex 105.536 4 2
      vertex 105.536 4 7.5
    endloop
  endfacet
  facet normal -0.0654151 0.997858 0
    outer loop
      vertex 109 10 2
      vertex 108.478 9.96578 7.5
      vertex 109 10 7.5
    endloop
  endfacet
  facet normal -0.0654151 0.997858 0
    outer loop
      vertex 108.478 9.96578 7.5
      vertex 109 10 2
      vertex 108.478 9.96578 2
    endloop
  endfacet
  facet normal -0.751826 0.659362 0
    outer loop
      vertex 105.827 8.43505 2
      vertex 106.172 8.82843 7.5
      vertex 106.172 8.82843 2
    endloop
  endfacet
  facet normal -0.751826 0.659362 0
    outer loop
      vertex 106.172 8.82843 7.5
      vertex 105.827 8.43505 2
      vertex 105.827 8.43505 7.5
    endloop
  endfacet
  facet normal 0.751826 0.659362 0
    outer loop
      vertex 112.173 8.43505 7.5
      vertex 111.828 8.82843 2
      vertex 111.828 8.82843 7.5
    endloop
  endfacet
  facet normal 0.751826 0.659362 0
    outer loop
      vertex 111.828 8.82843 2
      vertex 112.173 8.43505 7.5
      vertex 112.173 8.43505 2
    endloop
  endfacet
  facet normal -0.659701 0.751529 0
    outer loop
      vertex 106.565 9.17341 2
      vertex 106.172 8.82843 7.5
      vertex 106.565 9.17341 7.5
    endloop
  endfacet
  facet normal -0.659701 0.751529 0
    outer loop
      vertex 106.172 8.82843 7.5
      vertex 106.565 9.17341 2
      vertex 106.172 8.82843 2
    endloop
  endfacet
  facet normal -0.442496 0.89677 0
    outer loop
      vertex 107.469 9.69552 2
      vertex 107 9.4641 7.5
      vertex 107.469 9.69552 7.5
    endloop
  endfacet
  facet normal -0.442496 0.89677 0
    outer loop
      vertex 107 9.4641 7.5
      vertex 107.469 9.69552 2
      vertex 107 9.4641 2
    endloop
  endfacet
  facet normal 0.896739 0.442561 0
    outer loop
      vertex 112.6 7.72443 7.5
      vertex 112.464 8 2
      vertex 112.464 8 7.5
    endloop
  endfacet
  facet normal 0.896739 0.442561 0
    outer loop
      vertex 112.464 8 2
      vertex 112.6 7.72443 7.5
      vertex 112.6 7.72443 2
    endloop
  endfacet
  facet normal 0.19516 0.980771 -0
    outer loop
      vertex 110.035 9.8637 2
      vertex 109.522 9.96578 7.5
      vertex 110.035 9.8637 7.5
    endloop
  endfacet
  facet normal 0.19516 0.980771 0
    outer loop
      vertex 109.522 9.96578 7.5
      vertex 110.035 9.8637 2
      vertex 109.522 9.96578 2
    endloop
  endfacet
  facet normal -0.896432 0.443182 0
    outer loop
      vertex 105.304 7.53073 2
      vertex 105.536 8 7.5
      vertex 105.536 8 2
    endloop
  endfacet
  facet normal -0.896432 0.443182 0
    outer loop
      vertex 105.536 8 7.5
      vertex 105.304 7.53073 2
      vertex 105.304 7.53073 7.5
    endloop
  endfacet
  facet normal 0.442496 0.89677 -0
    outer loop
      vertex 111 9.4641 2
      vertex 110.531 9.69552 7.5
      vertex 111 9.4641 7.5
    endloop
  endfacet
  facet normal 0.442496 0.89677 0
    outer loop
      vertex 110.531 9.69552 7.5
      vertex 111 9.4641 2
      vertex 110.531 9.69552 2
    endloop
  endfacet
  facet normal 0.831197 0.555978 0
    outer loop
      vertex 112.464 8 7.5
      vertex 112.173 8.43505 2
      vertex 112.173 8.43505 7.5
    endloop
  endfacet
  facet normal 0.831197 0.555978 0
    outer loop
      vertex 112.173 8.43505 2
      vertex 112.464 8 7.5
      vertex 112.464 8 2
    endloop
  endfacet
  facet normal -0.321115 0.94704 0
    outer loop
      vertex 107.965 9.8637 2
      vertex 107.469 9.69552 7.5
      vertex 107.965 9.8637 7.5
    endloop
  endfacet
  facet normal -0.321115 0.94704 0
    outer loop
      vertex 107.469 9.69552 7.5
      vertex 107.965 9.8637 2
      vertex 107.469 9.69552 2
    endloop
  endfacet
  facet normal -0.751826 -0.659362 0
    outer loop
      vertex 106.172 3.17157 2
      vertex 105.827 3.56495 7.5
      vertex 105.827 3.56495 2
    endloop
  endfacet
  facet normal -0.751826 -0.659362 0
    outer loop
      vertex 105.827 3.56495 7.5
      vertex 106.172 3.17157 2
      vertex 106.172 3.17157 7.5
    endloop
  endfacet
  facet normal -0.831197 -0.555978 0
    outer loop
      vertex 105.827 3.56495 2
      vertex 105.536 4 7.5
      vertex 105.536 4 2
    endloop
  endfacet
  facet normal -0.831197 -0.555978 0
    outer loop
      vertex 105.536 4 7.5
      vertex 105.827 3.56495 2
      vertex 105.827 3.56495 7.5
    endloop
  endfacet
  facet normal -0.659701 -0.751529 0
    outer loop
      vertex 106.172 3.17157 2
      vertex 106.565 2.82659 7.5
      vertex 106.172 3.17157 7.5
    endloop
  endfacet
  facet normal -0.659701 -0.751529 -0
    outer loop
      vertex 106.565 2.82659 7.5
      vertex 106.172 3.17157 2
      vertex 106.565 2.82659 2
    endloop
  endfacet
  facet normal -0.980814 0.194947 0
    outer loop
      vertex 105.034 6.5221 2
      vertex 105.136 7.03528 7.5
      vertex 105.136 7.03528 2
    endloop
  endfacet
  facet normal -0.980814 0.194947 0
    outer loop
      vertex 105.136 7.03528 7.5
      vertex 105.034 6.5221 2
      vertex 105.034 6.5221 7.5
    endloop
  endfacet
  facet normal -0.831197 0.555978 0
    outer loop
      vertex 105.536 8 2
      vertex 105.827 8.43505 7.5
      vertex 105.827 8.43505 2
    endloop
  endfacet
  facet normal -0.831197 0.555978 0
    outer loop
      vertex 105.827 8.43505 7.5
      vertex 105.536 8 2
      vertex 105.536 8 7.5
    endloop
  endfacet
  facet normal 0.659701 0.751529 -0
    outer loop
      vertex 111.828 8.82843 2
      vertex 111.435 9.17341 7.5
      vertex 111.828 8.82843 7.5
    endloop
  endfacet
  facet normal 0.659701 0.751529 0
    outer loop
      vertex 111.435 9.17341 7.5
      vertex 111.828 8.82843 2
      vertex 111.435 9.17341 2
    endloop
  endfacet
  facet normal -0.997886 -0.0649827 0
    outer loop
      vertex 105.034 5.47789 2
      vertex 105 6 7.5
      vertex 105 6 2
    endloop
  endfacet
  facet normal -0.997886 -0.0649827 0
    outer loop
      vertex 105 6 7.5
      vertex 105.034 5.47789 2
      vertex 105.034 5.47789 7.5
    endloop
  endfacet
  facet normal -0.19516 0.980771 0
    outer loop
      vertex 108.478 9.96578 2
      vertex 107.965 9.8637 7.5
      vertex 108.478 9.96578 7.5
    endloop
  endfacet
  facet normal -0.19516 0.980771 0
    outer loop
      vertex 107.965 9.8637 7.5
      vertex 108.478 9.96578 2
      vertex 107.965 9.8637 2
    endloop
  endfacet
  facet normal -0.980813 -0.194951 0
    outer loop
      vertex 105.136 4.96472 2
      vertex 105.034 5.47789 7.5
      vertex 105.034 5.47789 2
    endloop
  endfacet
  facet normal -0.980813 -0.194951 0
    outer loop
      vertex 105.034 5.47789 7.5
      vertex 105.136 4.96472 2
      vertex 105.136 4.96472 7.5
    endloop
  endfacet
  facet normal -0.947036 0.321126 0
    outer loop
      vertex 105.136 7.03528 2
      vertex 105.304 7.53073 7.5
      vertex 105.304 7.53073 2
    endloop
  endfacet
  facet normal -0.947036 0.321126 0
    outer loop
      vertex 105.304 7.53073 7.5
      vertex 105.136 7.03528 2
      vertex 105.136 7.03528 7.5
    endloop
  endfacet
  facet normal -0.441744 -0.897141 0
    outer loop
      vertex 107 2.5359 2
      vertex 107.276 2.4 7.5
      vertex 107 2.5359 7.5
    endloop
  endfacet
  facet normal -0.441744 -0.897141 -0
    outer loop
      vertex 107.276 2.4 7.5
      vertex 107 2.5359 2
      vertex 107.276 2.4 2
    endloop
  endfacet
  facet normal -0.555613 -0.831441 0
    outer loop
      vertex 106.565 2.82659 2
      vertex 107 2.5359 7.5
      vertex 106.565 2.82659 7.5
    endloop
  endfacet
  facet normal -0.555613 -0.831441 -0
    outer loop
      vertex 107 2.5359 7.5
      vertex 106.565 2.82659 2
      vertex 107 2.5359 2
    endloop
  endfacet
  facet normal 0.0654151 0.997858 -0
    outer loop
      vertex 109.522 9.96578 2
      vertex 109 10 7.5
      vertex 109.522 9.96578 7.5
    endloop
  endfacet
  facet normal 0.0654151 0.997858 0
    outer loop
      vertex 109 10 7.5
      vertex 109.522 9.96578 2
      vertex 109 10 2
    endloop
  endfacet
  facet normal 0.896758 -0.442522 0
    outer loop
      vertex 112.464 68 7.5
      vertex 112.6 68.2756 2
      vertex 112.6 68.2756 7.5
    endloop
  endfacet
  facet normal 0.896758 -0.442522 0
    outer loop
      vertex 112.6 68.2756 2
      vertex 112.464 68 7.5
      vertex 112.464 68 2
    endloop
  endfacet
  facet normal -0.997886 -0.064984 0
    outer loop
      vertex 105.034 69.4779 2
      vertex 105 70 7.5
      vertex 105 70 2
    endloop
  endfacet
  facet normal -0.997886 -0.064984 0
    outer loop
      vertex 105 70 7.5
      vertex 105.034 69.4779 2
      vertex 105.034 69.4779 7.5
    endloop
  endfacet
  facet normal 0.831167 -0.556022 0
    outer loop
      vertex 112.173 67.565 7.5
      vertex 112.464 68 2
      vertex 112.464 68 7.5
    endloop
  endfacet
  facet normal 0.831167 -0.556022 0
    outer loop
      vertex 112.464 68 2
      vertex 112.173 67.565 7.5
      vertex 112.173 67.565 2
    endloop
  endfacet
  facet normal -0.751842 -0.659343 0
    outer loop
      vertex 106.172 67.1716 2
      vertex 105.827 67.565 7.5
      vertex 105.827 67.565 2
    endloop
  endfacet
  facet normal -0.751842 -0.659343 0
    outer loop
      vertex 105.827 67.565 7.5
      vertex 106.172 67.1716 2
      vertex 106.172 67.1716 7.5
    endloop
  endfacet
  facet normal -0.831167 0.556022 0
    outer loop
      vertex 105.536 72 2
      vertex 105.827 72.435 7.5
      vertex 105.827 72.435 2
    endloop
  endfacet
  facet normal -0.831167 0.556022 0
    outer loop
      vertex 105.827 72.435 7.5
      vertex 105.536 72 2
      vertex 105.536 72 7.5
    endloop
  endfacet
  facet normal -0.980815 0.19494 0
    outer loop
      vertex 105.034 70.5221 2
      vertex 105.136 71.0353 7.5
      vertex 105.136 71.0353 2
    endloop
  endfacet
  facet normal -0.980815 0.19494 0
    outer loop
      vertex 105.136 71.0353 7.5
      vertex 105.034 70.5221 2
      vertex 105.034 70.5221 7.5
    endloop
  endfacet
  facet normal -0.997886 0.064984 0
    outer loop
      vertex 105 70 2
      vertex 105.034 70.5221 7.5
      vertex 105.034 70.5221 2
    endloop
  endfacet
  facet normal -0.997886 0.064984 0
    outer loop
      vertex 105.034 70.5221 7.5
      vertex 105 70 2
      vertex 105 70 7.5
    endloop
  endfacet
  facet normal -0.896443 -0.443159 0
    outer loop
      vertex 105.536 68 2
      vertex 105.304 68.4693 7.5
      vertex 105.304 68.4693 2
    endloop
  endfacet
  facet normal -0.896443 -0.443159 0
    outer loop
      vertex 105.304 68.4693 7.5
      vertex 105.536 68 2
      vertex 105.536 68 7.5
    endloop
  endfacet
  facet normal -0.555626 0.831432 0
    outer loop
      vertex 107 73.4641 2
      vertex 106.565 73.1734 7.5
      vertex 107 73.4641 7.5
    endloop
  endfacet
  facet normal -0.555626 0.831432 0
    outer loop
      vertex 106.565 73.1734 7.5
      vertex 107 73.4641 2
      vertex 106.565 73.1734 2
    endloop
  endfacet
  facet normal -0.947026 0.321156 0
    outer loop
      vertex 105.136 71.0353 2
      vertex 105.304 71.5307 7.5
      vertex 105.304 71.5307 2
    endloop
  endfacet
  facet normal -0.947026 0.321156 0
    outer loop
      vertex 105.304 71.5307 7.5
      vertex 105.136 71.0353 2
      vertex 105.136 71.0353 7.5
    endloop
  endfacet
  facet normal 0.75137 0.659881 0
    outer loop
      vertex 112.123 72.4925 7.5
      vertex 111.828 72.8284 2
      vertex 111.828 72.8284 7.5
    endloop
  endfacet
  facet normal 0.75137 0.659881 0
    outer loop
      vertex 111.828 72.8284 2
      vertex 112.123 72.4925 7.5
      vertex 112.123 72.4925 2
    endloop
  endfacet
  facet normal -0.442465 -0.896786 0
    outer loop
      vertex 107 66.5359 2
      vertex 107.469 66.3045 7.5
      vertex 107 66.5359 7.5
    endloop
  endfacet
  facet normal -0.442465 -0.896786 -0
    outer loop
      vertex 107.469 66.3045 7.5
      vertex 107 66.5359 2
      vertex 107.469 66.3045 2
    endloop
  endfacet
  facet normal 0.660375 0.750936 -0
    outer loop
      vertex 111.828 72.8284 2
      vertex 111.493 73.123 7.5
      vertex 111.828 72.8284 7.5
    endloop
  endfacet
  facet normal 0.660375 0.750936 0
    outer loop
      vertex 111.493 73.123 7.5
      vertex 111.828 72.8284 2
      vertex 111.493 73.123 2
    endloop
  endfacet
  facet normal 0.751842 -0.659343 0
    outer loop
      vertex 111.828 67.1716 7.5
      vertex 112.173 67.565 2
      vertex 112.173 67.565 7.5
    endloop
  endfacet
  facet normal 0.751842 -0.659343 0
    outer loop
      vertex 112.173 67.565 2
      vertex 111.828 67.1716 7.5
      vertex 111.828 67.1716 2
    endloop
  endfacet
  facet normal -0.195197 -0.980764 0
    outer loop
      vertex 107.965 66.1363 2
      vertex 108.478 66.0342 7.5
      vertex 107.965 66.1363 7.5
    endloop
  endfacet
  facet normal -0.195197 -0.980764 -0
    outer loop
      vertex 108.478 66.0342 7.5
      vertex 107.965 66.1363 2
      vertex 108.478 66.0342 2
    endloop
  endfacet
  facet normal 0.555626 -0.831432 0
    outer loop
      vertex 111 66.5359 2
      vertex 111.435 66.8266 7.5
      vertex 111 66.5359 7.5
    endloop
  endfacet
  facet normal 0.555626 -0.831432 0
    outer loop
      vertex 111.435 66.8266 7.5
      vertex 111 66.5359 2
      vertex 111.435 66.8266 2
    endloop
  endfacet
  facet normal 0.442465 -0.896786 0
    outer loop
      vertex 110.531 66.3045 2
      vertex 111 66.5359 7.5
      vertex 110.531 66.3045 7.5
    endloop
  endfacet
  facet normal 0.442465 -0.896786 0
    outer loop
      vertex 111 66.5359 7.5
      vertex 110.531 66.3045 2
      vertex 111 66.5359 2
    endloop
  endfacet
  facet normal 0.195197 -0.980764 0
    outer loop
      vertex 109.522 66.0342 2
      vertex 110.035 66.1363 7.5
      vertex 109.522 66.0342 7.5
    endloop
  endfacet
  facet normal 0.195197 -0.980764 0
    outer loop
      vertex 110.035 66.1363 7.5
      vertex 109.522 66.0342 2
      vertex 110.035 66.1363 2
    endloop
  endfacet
  facet normal 0.32115 -0.947028 0
    outer loop
      vertex 110.035 66.1363 2
      vertex 110.531 66.3045 7.5
      vertex 110.035 66.1363 7.5
    endloop
  endfacet
  facet normal 0.32115 -0.947028 0
    outer loop
      vertex 110.531 66.3045 7.5
      vertex 110.035 66.1363 2
      vertex 110.531 66.3045 2
    endloop
  endfacet
  facet normal -0.947026 -0.321156 0
    outer loop
      vertex 105.304 68.4693 2
      vertex 105.136 68.9647 7.5
      vertex 105.136 68.9647 2
    endloop
  endfacet
  facet normal -0.947026 -0.321156 0
    outer loop
      vertex 105.136 68.9647 7.5
      vertex 105.304 68.4693 2
      vertex 105.304 68.4693 7.5
    endloop
  endfacet
  facet normal -0.980815 -0.19494 0
    outer loop
      vertex 105.136 68.9647 2
      vertex 105.034 69.4779 7.5
      vertex 105.034 69.4779 2
    endloop
  endfacet
  facet normal -0.980815 -0.19494 0
    outer loop
      vertex 105.034 69.4779 7.5
      vertex 105.136 68.9647 2
      vertex 105.136 68.9647 7.5
    endloop
  endfacet
  facet normal 0.0653771 -0.997861 0
    outer loop
      vertex 109 66 2
      vertex 109.522 66.0342 7.5
      vertex 109 66 7.5
    endloop
  endfacet
  facet normal 0.0653771 -0.997861 0
    outer loop
      vertex 109.522 66.0342 7.5
      vertex 109 66 2
      vertex 109.522 66.0342 2
    endloop
  endfacet
  facet normal -0.441744 0.897141 0
    outer loop
      vertex 107.276 73.6 2
      vertex 107 73.4641 7.5
      vertex 107.276 73.6 7.5
    endloop
  endfacet
  facet normal -0.441744 0.897141 0
    outer loop
      vertex 107 73.4641 7.5
      vertex 107.276 73.6 2
      vertex 107 73.4641 2
    endloop
  endfacet
  facet normal -0.831167 -0.556022 0
    outer loop
      vertex 105.827 67.565 2
      vertex 105.536 68 7.5
      vertex 105.536 68 2
    endloop
  endfacet
  facet normal -0.831167 -0.556022 0
    outer loop
      vertex 105.536 68 7.5
      vertex 105.827 67.565 2
      vertex 105.827 67.565 7.5
    endloop
  endfacet
  facet normal -0.659722 -0.75151 0
    outer loop
      vertex 106.172 67.1716 2
      vertex 106.565 66.8266 7.5
      vertex 106.172 67.1716 7.5
    endloop
  endfacet
  facet normal -0.659722 -0.75151 -0
    outer loop
      vertex 106.565 66.8266 7.5
      vertex 106.172 67.1716 2
      vertex 106.565 66.8266 2
    endloop
  endfacet
  facet normal -0.751842 0.659343 0
    outer loop
      vertex 105.827 72.435 2
      vertex 106.172 72.8284 7.5
      vertex 106.172 72.8284 2
    endloop
  endfacet
  facet normal -0.751842 0.659343 0
    outer loop
      vertex 106.172 72.8284 7.5
      vertex 105.827 72.435 2
      vertex 105.827 72.435 7.5
    endloop
  endfacet
  facet normal -0.32115 -0.947028 0
    outer loop
      vertex 107.469 66.3045 2
      vertex 107.965 66.1363 7.5
      vertex 107.469 66.3045 7.5
    endloop
  endfacet
  facet normal -0.32115 -0.947028 -0
    outer loop
      vertex 107.965 66.1363 7.5
      vertex 107.469 66.3045 2
      vertex 107.965 66.1363 2
    endloop
  endfacet
  facet normal -0.659722 0.75151 0
    outer loop
      vertex 106.565 73.1734 2
      vertex 106.172 72.8284 7.5
      vertex 106.565 73.1734 7.5
    endloop
  endfacet
  facet normal -0.659722 0.75151 0
    outer loop
      vertex 106.172 72.8284 7.5
      vertex 106.565 73.1734 2
      vertex 106.172 72.8284 2
    endloop
  endfacet
  facet normal -0.896443 0.443159 0
    outer loop
      vertex 105.304 71.5307 2
      vertex 105.536 72 7.5
      vertex 105.536 72 2
    endloop
  endfacet
  facet normal -0.896443 0.443159 0
    outer loop
      vertex 105.536 72 7.5
      vertex 105.304 71.5307 2
      vertex 105.304 71.5307 7.5
    endloop
  endfacet
  facet normal -0.555626 -0.831432 0
    outer loop
      vertex 106.565 66.8266 2
      vertex 107 66.5359 7.5
      vertex 106.565 66.8266 7.5
    endloop
  endfacet
  facet normal -0.555626 -0.831432 -0
    outer loop
      vertex 107 66.5359 7.5
      vertex 106.565 66.8266 2
      vertex 107 66.5359 2
    endloop
  endfacet
  facet normal 0.659722 -0.75151 0
    outer loop
      vertex 111.435 66.8266 2
      vertex 111.828 67.1716 7.5
      vertex 111.435 66.8266 7.5
    endloop
  endfacet
  facet normal 0.659722 -0.75151 0
    outer loop
      vertex 111.828 67.1716 7.5
      vertex 111.435 66.8266 2
      vertex 111.828 67.1716 2
    endloop
  endfacet
  facet normal -0.0653771 -0.997861 0
    outer loop
      vertex 108.478 66.0342 2
      vertex 109 66 7.5
      vertex 108.478 66.0342 7.5
    endloop
  endfacet
  facet normal -0.0653771 -0.997861 -0
    outer loop
      vertex 109 66 7.5
      vertex 108.478 66.0342 2
      vertex 109 66 2
    endloop
  endfacet
  facet normal -0.980811 0.194961 0
    outer loop
      vertex 11.8923 14.1777 2
      vertex 11.928 14.3573 7.5
      vertex 11.928 14.3573 2
    endloop
  endfacet
  facet normal -0.980811 0.194961 0
    outer loop
      vertex 11.928 14.3573 7.5
      vertex 11.8923 14.1777 2
      vertex 11.8923 14.1777 7.5
    endloop
  endfacet
  facet normal 0.659524 -0.751683 0
    outer loop
      vertex 9.55005 15.5299 2
      vertex 9.68773 15.6507 7.5
      vertex 9.55005 15.5299 7.5
    endloop
  endfacet
  facet normal 0.659524 -0.751683 0
    outer loop
      vertex 9.68773 15.6507 7.5
      vertex 9.55005 15.5299 2
      vertex 9.68773 15.6507 2
    endloop
  endfacet
  facet normal -0.321462 0.946922 0
    outer loop
      vertex 11.0758 13.2466 2
      vertex 10.9023 13.1877 7.5
      vertex 11.0758 13.2466 7.5
    endloop
  endfacet
  facet normal -0.321462 0.946922 0
    outer loop
      vertex 10.9023 13.1877 7.5
      vertex 11.0758 13.2466 2
      vertex 10.9023 13.1877 2
    endloop
  endfacet
  facet normal 0.831504 0.555519 0
    outer loop
      vertex 9.42931 13.6877 7.5
      vertex 9.32756 13.84 2
      vertex 9.32756 13.84 7.5
    endloop
  endfacet
  facet normal 0.831504 0.555519 0
    outer loop
      vertex 9.32756 13.84 2
      vertex 9.42931 13.6877 7.5
      vertex 9.42931 13.6877 2
    endloop
  endfacet
  facet normal 0.751656 -0.659556 0
    outer loop
      vertex 9.42931 15.3923 7.5
      vertex 9.55005 15.5299 2
      vertex 9.55005 15.5299 7.5
    endloop
  endfacet
  facet normal 0.751656 -0.659556 0
    outer loop
      vertex 9.55005 15.5299 2
      vertex 9.42931 15.3923 7.5
      vertex 9.42931 15.3923 2
    endloop
  endfacet
  facet normal 0.896839 0.442357 0
    outer loop
      vertex 9.32756 13.84 7.5
      vertex 9.24657 14.0042 2
      vertex 9.24657 14.0042 7.5
    endloop
  endfacet
  facet normal 0.896839 0.442357 0
    outer loop
      vertex 9.24657 14.0042 2
      vertex 9.32756 13.84 7.5
      vertex 9.32756 13.84 2
    endloop
  endfacet
  facet normal -0.659741 -0.751493 0
    outer loop
      vertex 11.3923 15.6507 2
      vertex 11.5299 15.5299 7.5
      vertex 11.3923 15.6507 7.5
    endloop
  endfacet
  facet normal -0.659741 -0.751493 -0
    outer loop
      vertex 11.5299 15.5299 7.5
      vertex 11.3923 15.6507 2
      vertex 11.5299 15.5299 2
    endloop
  endfacet
  facet normal 0.997857 0.0654315 0
    outer loop
      vertex 9.15198 14.3573 7.5
      vertex 9.14 14.54 2
      vertex 9.14 14.54 7.5
    endloop
  endfacet
  facet normal 0.997857 0.0654315 0
    outer loop
      vertex 9.14 14.54 2
      vertex 9.15198 14.3573 7.5
      vertex 9.15198 14.3573 2
    endloop
  endfacet
  facet normal 0.997857 -0.0654315 0
    outer loop
      vertex 9.14 14.54 7.5
      vertex 9.15198 14.7227 2
      vertex 9.15198 14.7227 7.5
    endloop
  endfacet
  facet normal 0.997857 -0.0654315 0
    outer loop
      vertex 9.15198 14.7227 2
      vertex 9.14 14.54 7.5
      vertex 9.14 14.54 2
    endloop
  endfacet
  facet normal -0.946922 -0.321462 0
    outer loop
      vertex 11.8923 14.9023 2
      vertex 11.8334 15.0758 7.5
      vertex 11.8334 15.0758 2
    endloop
  endfacet
  facet normal -0.946922 -0.321462 0
    outer loop
      vertex 11.8334 15.0758 7.5
      vertex 11.8923 14.9023 2
      vertex 11.8923 14.9023 7.5
    endloop
  endfacet
  facet normal -0.751731 0.65947 0
    outer loop
      vertex 11.5299 13.55 2
      vertex 11.6507 13.6877 7.5
      vertex 11.6507 13.6877 2
    endloop
  endfacet
  facet normal -0.751731 0.65947 0
    outer loop
      vertex 11.6507 13.6877 7.5
      vertex 11.5299 13.55 2
      vertex 11.5299 13.55 7.5
    endloop
  endfacet
  facet normal -0.896817 -0.442401 0
    outer loop
      vertex 11.8334 15.0758 2
      vertex 11.7524 15.24 7.5
      vertex 11.7524 15.24 2
    endloop
  endfacet
  facet normal -0.896817 -0.442401 0
    outer loop
      vertex 11.7524 15.24 7.5
      vertex 11.8334 15.0758 2
      vertex 11.8334 15.0758 7.5
    endloop
  endfacet
  facet normal 0.896839 -0.442357 0
    outer loop
      vertex 9.24657 15.0758 7.5
      vertex 9.32756 15.24 2
      vertex 9.32756 15.24 7.5
    endloop
  endfacet
  facet normal 0.896839 -0.442357 0
    outer loop
      vertex 9.32756 15.24 2
      vertex 9.24657 15.0758 7.5
      vertex 9.24657 15.0758 2
    endloop
  endfacet
  facet normal -0.99785 0.0655402 0
    outer loop
      vertex 11.928 14.3573 2
      vertex 11.94 14.54 7.5
      vertex 11.94 14.54 2
    endloop
  endfacet
  facet normal -0.99785 0.0655402 0
    outer loop
      vertex 11.94 14.54 7.5
      vertex 11.928 14.3573 2
      vertex 11.928 14.3573 7.5
    endloop
  endfacet
  facet normal 0.194961 0.980811 -0
    outer loop
      vertex 10.3573 13.152 2
      vertex 10.1777 13.1877 7.5
      vertex 10.3573 13.152 7.5
    endloop
  endfacet
  facet normal 0.194961 0.980811 0
    outer loop
      vertex 10.1777 13.1877 7.5
      vertex 10.3573 13.152 2
      vertex 10.1777 13.1877 2
    endloop
  endfacet
  facet normal -0.751493 -0.659741 0
    outer loop
      vertex 11.6507 15.3923 2
      vertex 11.5299 15.5299 7.5
      vertex 11.5299 15.5299 2
    endloop
  endfacet
  facet normal -0.751493 -0.659741 0
    outer loop
      vertex 11.5299 15.5299 7.5
      vertex 11.6507 15.3923 2
      vertex 11.6507 15.3923 7.5
    endloop
  endfacet
  facet normal -0.99785 -0.0655402 0
    outer loop
      vertex 11.94 14.54 2
      vertex 11.928 14.7227 7.5
      vertex 11.928 14.7227 2
    endloop
  endfacet
  facet normal -0.99785 -0.0655402 0
    outer loop
      vertex 11.928 14.7227 7.5
      vertex 11.94 14.54 2
      vertex 11.94 14.54 7.5
    endloop
  endfacet
  facet normal 0.946972 0.321316 0
    outer loop
      vertex 9.24657 14.0042 7.5
      vertex 9.1877 14.1777 2
      vertex 9.1877 14.1777 7.5
    endloop
  endfacet
  facet normal 0.946972 0.321316 0
    outer loop
      vertex 9.1877 14.1777 2
      vertex 9.24657 14.0042 7.5
      vertex 9.24657 14.0042 2
    endloop
  endfacet
  facet normal 0.831504 -0.555519 0
    outer loop
      vertex 9.32756 15.24 7.5
      vertex 9.42931 15.3923 2
      vertex 9.42931 15.3923 7.5
    endloop
  endfacet
  facet normal 0.831504 -0.555519 0
    outer loop
      vertex 9.42931 15.3923 2
      vertex 9.32756 15.24 7.5
      vertex 9.32756 15.24 2
    endloop
  endfacet
  facet normal -0.896817 0.442401 0
    outer loop
      vertex 11.7524 13.84 2
      vertex 11.8334 14.0042 7.5
      vertex 11.8334 14.0042 2
    endloop
  endfacet
  facet normal -0.896817 0.442401 0
    outer loop
      vertex 11.8334 14.0042 7.5
      vertex 11.7524 13.84 2
      vertex 11.7524 13.84 7.5
    endloop
  endfacet
  facet normal -0.980811 -0.194961 0
    outer loop
      vertex 11.928 14.7227 2
      vertex 11.8923 14.9023 7.5
      vertex 11.8923 14.9023 2
    endloop
  endfacet
  facet normal -0.980811 -0.194961 0
    outer loop
      vertex 11.8923 14.9023 7.5
      vertex 11.928 14.7227 2
      vertex 11.928 14.7227 7.5
    endloop
  endfacet
  facet normal 0.98079 0.195066 0
    outer loop
      vertex 9.1877 14.1777 7.5
      vertex 9.15198 14.3573 2
      vertex 9.15198 14.3573 7.5
    endloop
  endfacet
  facet normal 0.98079 0.195066 0
    outer loop
      vertex 9.15198 14.3573 2
      vertex 9.1877 14.1777 7.5
      vertex 9.1877 14.1777 2
    endloop
  endfacet
  facet normal -0.442401 -0.896817 0
    outer loop
      vertex 11.0758 15.8334 2
      vertex 11.24 15.7524 7.5
      vertex 11.0758 15.8334 7.5
    endloop
  endfacet
  facet normal -0.442401 -0.896817 -0
    outer loop
      vertex 11.24 15.7524 7.5
      vertex 11.0758 15.8334 2
      vertex 11.24 15.7524 2
    endloop
  endfacet
  facet normal -0.83163 0.55533 0
    outer loop
      vertex 11.6507 13.6877 2
      vertex 11.7524 13.84 7.5
      vertex 11.7524 13.84 2
    endloop
  endfacet
  facet normal -0.83163 0.55533 0
    outer loop
      vertex 11.7524 13.84 7.5
      vertex 11.6507 13.6877 2
      vertex 11.6507 13.6877 7.5
    endloop
  endfacet
  facet normal -0.0655402 -0.99785 0
    outer loop
      vertex 10.54 15.94 2
      vertex 10.7227 15.928 7.5
      vertex 10.54 15.94 7.5
    endloop
  endfacet
  facet normal -0.0655402 -0.99785 -0
    outer loop
      vertex 10.7227 15.928 7.5
      vertex 10.54 15.94 2
      vertex 10.7227 15.928 2
    endloop
  endfacet
  facet normal -0.321462 -0.946922 0
    outer loop
      vertex 10.9023 15.8923 2
      vertex 11.0758 15.8334 7.5
      vertex 10.9023 15.8923 7.5
    endloop
  endfacet
  facet normal -0.321462 -0.946922 -0
    outer loop
      vertex 11.0758 15.8334 7.5
      vertex 10.9023 15.8923 2
      vertex 11.0758 15.8334 2
    endloop
  endfacet
  facet normal 0.194961 -0.980811 0
    outer loop
      vertex 10.1777 15.8923 2
      vertex 10.3573 15.928 7.5
      vertex 10.1777 15.8923 7.5
    endloop
  endfacet
  facet normal 0.194961 -0.980811 0
    outer loop
      vertex 10.3573 15.928 7.5
      vertex 10.1777 15.8923 2
      vertex 10.3573 15.928 2
    endloop
  endfacet
  facet normal -0.442401 0.896817 0
    outer loop
      vertex 11.24 13.3276 2
      vertex 11.0758 13.2466 7.5
      vertex 11.24 13.3276 7.5
    endloop
  endfacet
  facet normal -0.442401 0.896817 0
    outer loop
      vertex 11.0758 13.2466 7.5
      vertex 11.24 13.3276 2
      vertex 11.0758 13.2466 2
    endloop
  endfacet
  facet normal -0.946922 0.321462 0
    outer loop
      vertex 11.8334 14.0042 2
      vertex 11.8923 14.1777 7.5
      vertex 11.8923 14.1777 2
    endloop
  endfacet
  facet normal -0.946922 0.321462 0
    outer loop
      vertex 11.8923 14.1777 7.5
      vertex 11.8334 14.0042 2
      vertex 11.8334 14.0042 7.5
    endloop
  endfacet
  facet normal -0.0655402 0.99785 0
    outer loop
      vertex 10.7227 13.152 2
      vertex 10.54 13.14 7.5
      vertex 10.7227 13.152 7.5
    endloop
  endfacet
  facet normal -0.0655402 0.99785 0
    outer loop
      vertex 10.54 13.14 7.5
      vertex 10.7227 13.152 2
      vertex 10.54 13.14 2
    endloop
  endfacet
  facet normal -0.83163 -0.55533 0
    outer loop
      vertex 11.7524 15.24 2
      vertex 11.6507 15.3923 7.5
      vertex 11.6507 15.3923 2
    endloop
  endfacet
  facet normal -0.83163 -0.55533 0
    outer loop
      vertex 11.6507 15.3923 7.5
      vertex 11.7524 15.24 2
      vertex 11.7524 15.24 7.5
    endloop
  endfacet
  facet normal -0.194961 0.980811 0
    outer loop
      vertex 10.9023 13.1877 2
      vertex 10.7227 13.152 7.5
      vertex 10.9023 13.1877 7.5
    endloop
  endfacet
  facet normal -0.194961 0.980811 0
    outer loop
      vertex 10.7227 13.152 7.5
      vertex 10.9023 13.1877 2
      vertex 10.7227 13.152 2
    endloop
  endfacet
  facet normal 0.555406 -0.831579 0
    outer loop
      vertex 9.68773 15.6507 2
      vertex 9.84 15.7524 7.5
      vertex 9.68773 15.6507 7.5
    endloop
  endfacet
  facet normal 0.555406 -0.831579 0
    outer loop
      vertex 9.84 15.7524 7.5
      vertex 9.68773 15.6507 2
      vertex 9.84 15.7524 2
    endloop
  endfacet
  facet normal 0.321462 -0.946922 0
    outer loop
      vertex 10.0042 15.8334 2
      vertex 10.1777 15.8923 7.5
      vertex 10.0042 15.8334 7.5
    endloop
  endfacet
  facet normal 0.321462 -0.946922 0
    outer loop
      vertex 10.1777 15.8923 7.5
      vertex 10.0042 15.8334 2
      vertex 10.1777 15.8923 2
    endloop
  endfacet
  facet normal -0.659432 0.751764 0
    outer loop
      vertex 11.5299 13.55 2
      vertex 11.3923 13.4293 7.5
      vertex 11.5299 13.55 7.5
    endloop
  endfacet
  facet normal -0.659432 0.751764 0
    outer loop
      vertex 11.3923 13.4293 7.5
      vertex 11.5299 13.55 2
      vertex 11.3923 13.4293 2
    endloop
  endfacet
  facet normal -0.55533 -0.83163 0
    outer loop
      vertex 11.24 15.7524 2
      vertex 11.3923 15.6507 7.5
      vertex 11.24 15.7524 7.5
    endloop
  endfacet
  facet normal -0.55533 -0.83163 -0
    outer loop
      vertex 11.3923 15.6507 7.5
      vertex 11.24 15.7524 2
      vertex 11.3923 15.6507 2
    endloop
  endfacet
  facet normal 0.0655402 -0.99785 0
    outer loop
      vertex 10.3573 15.928 2
      vertex 10.54 15.94 7.5
      vertex 10.3573 15.928 7.5
    endloop
  endfacet
  facet normal 0.0655402 -0.99785 0
    outer loop
      vertex 10.54 15.94 7.5
      vertex 10.3573 15.928 2
      vertex 10.54 15.94 2
    endloop
  endfacet
  facet normal 0.751893 0.659285 0
    outer loop
      vertex 9.55005 13.55 7.5
      vertex 9.42931 13.6877 2
      vertex 9.42931 13.6877 7.5
    endloop
  endfacet
  facet normal 0.751893 0.659285 0
    outer loop
      vertex 9.42931 13.6877 2
      vertex 9.55005 13.55 7.5
      vertex 9.55005 13.55 2
    endloop
  endfacet
  facet normal -0.194961 -0.980811 0
    outer loop
      vertex 10.7227 15.928 2
      vertex 10.9023 15.8923 7.5
      vertex 10.7227 15.928 7.5
    endloop
  endfacet
  facet normal -0.194961 -0.980811 -0
    outer loop
      vertex 10.9023 15.8923 7.5
      vertex 10.7227 15.928 2
      vertex 10.9023 15.8923 2
    endloop
  endfacet
  facet normal 0.442401 -0.896817 0
    outer loop
      vertex 9.84 15.7524 2
      vertex 10.0042 15.8334 7.5
      vertex 9.84 15.7524 7.5
    endloop
  endfacet
  facet normal 0.442401 -0.896817 0
    outer loop
      vertex 10.0042 15.8334 7.5
      vertex 9.84 15.7524 2
      vertex 10.0042 15.8334 2
    endloop
  endfacet
  facet normal 0.659216 0.751954 -0
    outer loop
      vertex 9.68773 13.4293 2
      vertex 9.55005 13.55 7.5
      vertex 9.68773 13.4293 7.5
    endloop
  endfacet
  facet normal 0.659216 0.751954 0
    outer loop
      vertex 9.55005 13.55 7.5
      vertex 9.68773 13.4293 2
      vertex 9.55005 13.55 2
    endloop
  endfacet
  facet normal -0.55533 0.83163 0
    outer loop
      vertex 11.3923 13.4293 2
      vertex 11.24 13.3276 7.5
      vertex 11.3923 13.4293 7.5
    endloop
  endfacet
  facet normal -0.55533 0.83163 0
    outer loop
      vertex 11.24 13.3276 7.5
      vertex 11.3923 13.4293 2
      vertex 11.24 13.3276 2
    endloop
  endfacet
  facet normal 0.98079 -0.195066 0
    outer loop
      vertex 9.15198 14.7227 7.5
      vertex 9.1877 14.9023 2
      vertex 9.1877 14.9023 7.5
    endloop
  endfacet
  facet normal 0.98079 -0.195066 0
    outer loop
      vertex 9.1877 14.9023 2
      vertex 9.15198 14.7227 7.5
      vertex 9.15198 14.7227 2
    endloop
  endfacet
  facet normal 0.555406 0.831579 -0
    outer loop
      vertex 9.84 13.3276 2
      vertex 9.68773 13.4293 7.5
      vertex 9.84 13.3276 7.5
    endloop
  endfacet
  facet normal 0.555406 0.831579 0
    outer loop
      vertex 9.68773 13.4293 7.5
      vertex 9.84 13.3276 2
      vertex 9.68773 13.4293 2
    endloop
  endfacet
  facet normal 0.442401 0.896817 -0
    outer loop
      vertex 10.0042 13.2466 2
      vertex 9.84 13.3276 7.5
      vertex 10.0042 13.2466 7.5
    endloop
  endfacet
  facet normal 0.442401 0.896817 0
    outer loop
      vertex 9.84 13.3276 7.5
      vertex 10.0042 13.2466 2
      vertex 9.84 13.3276 2
    endloop
  endfacet
  facet normal 0.321462 0.946922 -0
    outer loop
      vertex 10.1777 13.1877 2
      vertex 10.0042 13.2466 7.5
      vertex 10.1777 13.1877 7.5
    endloop
  endfacet
  facet normal 0.321462 0.946922 0
    outer loop
      vertex 10.0042 13.2466 7.5
      vertex 10.1777 13.1877 2
      vertex 10.0042 13.2466 2
    endloop
  endfacet
  facet normal 0 0 1
    outer loop
      vertex 11.928 14.7227 2
      vertex 11.928 14.3573 2
      vertex 11.94 14.54 2
    endloop
  endfacet
  facet normal 0 0 1
    outer loop
      vertex 11.8923 14.9023 2
      vertex 11.928 14.3573 2
      vertex 11.928 14.7227 2
    endloop
  endfacet
  facet normal 0 0 1
    outer loop
      vertex 11.8923 14.9023 2
      vertex 11.8923 14.1777 2
      vertex 11.928 14.3573 2
    endloop
  endfacet
  facet normal 0 0 1
    outer loop
      vertex 11.8334 15.0758 2
      vertex 11.8923 14.1777 2
      vertex 11.8923 14.9023 2
    endloop
  endfacet
  facet normal 0 0 1
    outer loop
      vertex 11.8334 15.0758 2
      vertex 11.8334 14.0042 2
      vertex 11.8923 14.1777 2
    endloop
  endfacet
  facet normal 0 0 1
    outer loop
      vertex 11.7524 15.24 2
      vertex 11.8334 14.0042 2
      vertex 11.8334 15.0758 2
    endloop
  endfacet
  facet normal 0 0 1
    outer loop
      vertex 11.7524 15.24 2
      vertex 11.7524 13.84 2
      vertex 11.8334 14.0042 2
    endloop
  endfacet
  facet normal 0 0 1
    outer loop
      vertex 11.6507 15.3923 2
      vertex 11.7524 13.84 2
      vertex 11.7524 15.24 2
    endloop
  endfacet
  facet normal 0 0 1
    outer loop
      vertex 11.6507 15.3923 2
      vertex 11.6507 13.6877 2
      vertex 11.7524 13.84 2
    endloop
  endfacet
  facet normal 0 0 1
    outer loop
      vertex 11.5299 15.5299 2
      vertex 11.6507 13.6877 2
      vertex 11.6507 15.3923 2
    endloop
  endfacet
  facet normal 0 0 1
    outer loop
      vertex 11.5299 15.5299 2
      vertex 11.5299 13.55 2
      vertex 11.6507 13.6877 2
    endloop
  endfacet
  facet normal 0 0 1
    outer loop
      vertex 11.3923 15.6507 2
      vertex 11.5299 13.55 2
      vertex 11.5299 15.5299 2
    endloop
  endfacet
  facet normal 0 0 1
    outer loop
      vertex 11.3923 15.6507 2
      vertex 11.3923 13.4293 2
      vertex 11.5299 13.55 2
    endloop
  endfacet
  facet normal 0 0 1
    outer loop
      vertex 11.24 15.7524 2
      vertex 11.3923 13.4293 2
      vertex 11.3923 15.6507 2
    endloop
  endfacet
  facet normal 0 0 1
    outer loop
      vertex 11.24 15.7524 2
      vertex 11.24 13.3276 2
      vertex 11.3923 13.4293 2
    endloop
  endfacet
  facet normal 0 0 1
    outer loop
      vertex 11.0758 15.8334 2
      vertex 11.24 13.3276 2
      vertex 11.24 15.7524 2
    endloop
  endfacet
  facet normal 0 0 1
    outer loop
      vertex 11.0758 15.8334 2
      vertex 11.0758 13.2466 2
      vertex 11.24 13.3276 2
    endloop
  endfacet
  facet normal 0 0 1
    outer loop
      vertex 10.9023 15.8923 2
      vertex 11.0758 13.2466 2
      vertex 11.0758 15.8334 2
    endloop
  endfacet
  facet normal 0 0 1
    outer loop
      vertex 10.9023 15.8923 2
      vertex 10.9023 13.1877 2
      vertex 11.0758 13.2466 2
    endloop
  endfacet
  facet normal 0 0 1
    outer loop
      vertex 10.7227 15.928 2
      vertex 10.9023 13.1877 2
      vertex 10.9023 15.8923 2
    endloop
  endfacet
  facet normal 0 0 1
    outer loop
      vertex 10.7227 15.928 2
      vertex 10.7227 13.152 2
      vertex 10.9023 13.1877 2
    endloop
  endfacet
  facet normal 0 0 1
    outer loop
      vertex 10.54 15.94 2
      vertex 10.7227 13.152 2
      vertex 10.7227 15.928 2
    endloop
  endfacet
  facet normal 0 0 1
    outer loop
      vertex 10.54 15.94 2
      vertex 10.54 13.14 2
      vertex 10.7227 13.152 2
    endloop
  endfacet
  facet normal -0 0 1
    outer loop
      vertex 10.3573 15.928 2
      vertex 10.54 13.14 2
      vertex 10.54 15.94 2
    endloop
  endfacet
  facet normal 0 0 1
    outer loop
      vertex 10.3573 15.928 2
      vertex 10.3573 13.152 2
      vertex 10.54 13.14 2
    endloop
  endfacet
  facet normal -0 0 1
    outer loop
      vertex 10.1777 15.8923 2
      vertex 10.3573 13.152 2
      vertex 10.3573 15.928 2
    endloop
  endfacet
  facet normal 0 0 1
    outer loop
      vertex 10.1777 15.8923 2
      vertex 10.1777 13.1877 2
      vertex 10.3573 13.152 2
    endloop
  endfacet
  facet normal -0 0 1
    outer loop
      vertex 10.0042 15.8334 2
      vertex 10.1777 13.1877 2
      vertex 10.1777 15.8923 2
    endloop
  endfacet
  facet normal 0 0 1
    outer loop
      vertex 10.0042 15.8334 2
      vertex 10.0042 13.2466 2
      vertex 10.1777 13.1877 2
    endloop
  endfacet
  facet normal -0 0 1
    outer loop
      vertex 9.84 15.7524 2
      vertex 10.0042 13.2466 2
      vertex 10.0042 15.8334 2
    endloop
  endfacet
  facet normal 0 0 1
    outer loop
      vertex 9.84 15.7524 2
      vertex 9.84 13.3276 2
      vertex 10.0042 13.2466 2
    endloop
  endfacet
  facet normal -0 0 1
    outer loop
      vertex 9.68773 15.6507 2
      vertex 9.84 13.3276 2
      vertex 9.84 15.7524 2
    endloop
  endfacet
  facet normal 0 0 1
    outer loop
      vertex 9.68773 15.6507 2
      vertex 9.68773 13.4293 2
      vertex 9.84 13.3276 2
    endloop
  endfacet
  facet normal -0 0 1
    outer loop
      vertex 9.55005 15.5299 2
      vertex 9.68773 13.4293 2
      vertex 9.68773 15.6507 2
    endloop
  endfacet
  facet normal 0 0 1
    outer loop
      vertex 9.55005 15.5299 2
      vertex 9.55005 13.55 2
      vertex 9.68773 13.4293 2
    endloop
  endfacet
  facet normal -0 0 1
    outer loop
      vertex 9.42931 15.3923 2
      vertex 9.55005 13.55 2
      vertex 9.55005 15.5299 2
    endloop
  endfacet
  facet normal 0 0 1
    outer loop
      vertex 9.42931 15.3923 2
      vertex 9.42931 13.6877 2
      vertex 9.55005 13.55 2
    endloop
  endfacet
  facet normal -0 0 1
    outer loop
      vertex 9.32756 15.24 2
      vertex 9.42931 13.6877 2
      vertex 9.42931 15.3923 2
    endloop
  endfacet
  facet normal 0 0 1
    outer loop
      vertex 9.32756 15.24 2
      vertex 9.32756 13.84 2
      vertex 9.42931 13.6877 2
    endloop
  endfacet
  facet normal -0 0 1
    outer loop
      vertex 9.24657 15.0758 2
      vertex 9.32756 13.84 2
      vertex 9.32756 15.24 2
    endloop
  endfacet
  facet normal 0 0 1
    outer loop
      vertex 9.24657 15.0758 2
      vertex 9.24657 14.0042 2
      vertex 9.32756 13.84 2
    endloop
  endfacet
  facet normal -0 0 1
    outer loop
      vertex 9.1877 14.9023 2
      vertex 9.24657 14.0042 2
      vertex 9.24657 15.0758 2
    endloop
  endfacet
  facet normal 0 0 1
    outer loop
      vertex 9.1877 14.9023 2
      vertex 9.1877 14.1777 2
      vertex 9.24657 14.0042 2
    endloop
  endfacet
  facet normal -0 0 1
    outer loop
      vertex 9.15198 14.7227 2
      vertex 9.1877 14.1777 2
      vertex 9.1877 14.9023 2
    endloop
  endfacet
  facet normal 0 0 1
    outer loop
      vertex 9.15198 14.7227 2
      vertex 9.15198 14.3573 2
      vertex 9.1877 14.1777 2
    endloop
  endfacet
  facet normal 0 -0 1
    outer loop
      vertex 9.15198 14.3573 2
      vertex 9.15198 14.7227 2
      vertex 9.14 14.54 2
    endloop
  endfacet
  facet normal 0.946972 -0.321316 0
    outer loop
      vertex 9.1877 14.9023 7.5
      vertex 9.24657 15.0758 2
      vertex 9.24657 15.0758 7.5
    endloop
  endfacet
  facet normal 0.946972 -0.321316 0
    outer loop
      vertex 9.24657 15.0758 2
      vertex 9.1877 14.9023 7.5
      vertex 9.1877 14.9023 2
    endloop
  endfacet
  facet normal 0.0655402 0.99785 -0
    outer loop
      vertex 10.54 13.14 2
      vertex 10.3573 13.152 7.5
      vertex 10.54 13.14 7.5
    endloop
  endfacet
  facet normal 0.0655402 0.99785 0
    outer loop
      vertex 10.3573 13.152 7.5
      vertex 10.54 13.14 2
      vertex 10.3573 13.152 2
    endloop
  endfacet
  facet normal -0.980811 -0.194961 0
    outer loop
      vertex 11.928 62.2207 2
      vertex 11.8923 62.4003 7.5
      vertex 11.8923 62.4003 2
    endloop
  endfacet
  facet normal -0.980811 -0.194961 0
    outer loop
      vertex 11.8923 62.4003 7.5
      vertex 11.928 62.2207 2
      vertex 11.928 62.2207 7.5
    endloop
  endfacet
  facet normal -0.99785 -0.0655402 0
    outer loop
      vertex 11.94 62.038 2
      vertex 11.928 62.2207 7.5
      vertex 11.928 62.2207 2
    endloop
  endfacet
  facet normal -0.99785 -0.0655402 0
    outer loop
      vertex 11.928 62.2207 7.5
      vertex 11.94 62.038 2
      vertex 11.94 62.038 7.5
    endloop
  endfacet
  facet normal -0.946922 -0.321462 0
    outer loop
      vertex 11.8923 62.4003 2
      vertex 11.8334 62.5738 7.5
      vertex 11.8334 62.5738 2
    endloop
  endfacet
  facet normal -0.946922 -0.321462 0
    outer loop
      vertex 11.8334 62.5738 7.5
      vertex 11.8923 62.4003 2
      vertex 11.8923 62.4003 7.5
    endloop
  endfacet
  facet normal -0.321462 -0.946922 0
    outer loop
      vertex 10.9023 63.3903 2
      vertex 11.0758 63.3314 7.5
      vertex 10.9023 63.3903 7.5
    endloop
  endfacet
  facet normal -0.321462 -0.946922 -0
    outer loop
      vertex 11.0758 63.3314 7.5
      vertex 10.9023 63.3903 2
      vertex 11.0758 63.3314 2
    endloop
  endfacet
  facet normal -0.321462 0.946922 0
    outer loop
      vertex 11.0758 60.7446 2
      vertex 10.9023 60.6857 7.5
      vertex 11.0758 60.7446 7.5
    endloop
  endfacet
  facet normal -0.321462 0.946922 0
    outer loop
      vertex 10.9023 60.6857 7.5
      vertex 11.0758 60.7446 2
      vertex 10.9023 60.6857 2
    endloop
  endfacet
  facet normal -0.896817 -0.442401 0
    outer loop
      vertex 11.8334 62.5738 2
      vertex 11.7524 62.738 7.5
      vertex 11.7524 62.738 2
    endloop
  endfacet
  facet normal -0.896817 -0.442401 0
    outer loop
      vertex 11.7524 62.738 7.5
      vertex 11.8334 62.5738 2
      vertex 11.8334 62.5738 7.5
    endloop
  endfacet
  facet normal 0.194961 -0.980811 0
    outer loop
      vertex 10.1777 63.3903 2
      vertex 10.3573 63.426 7.5
      vertex 10.1777 63.3903 7.5
    endloop
  endfacet
  facet normal 0.194961 -0.980811 0
    outer loop
      vertex 10.3573 63.426 7.5
      vertex 10.1777 63.3903 2
      vertex 10.3573 63.426 2
    endloop
  endfacet
  facet normal 0.659216 0.751954 -0
    outer loop
      vertex 9.68773 60.9273 2
      vertex 9.55005 61.048 7.5
      vertex 9.68773 60.9273 7.5
    endloop
  endfacet
  facet normal 0.659216 0.751954 0
    outer loop
      vertex 9.55005 61.048 7.5
      vertex 9.68773 60.9273 2
      vertex 9.55005 61.048 2
    endloop
  endfacet
  facet normal 0.896839 0.442357 0
    outer loop
      vertex 9.32756 61.338 7.5
      vertex 9.24657 61.5022 2
      vertex 9.24657 61.5022 7.5
    endloop
  endfacet
  facet normal 0.896839 0.442357 0
    outer loop
      vertex 9.24657 61.5022 2
      vertex 9.32756 61.338 7.5
      vertex 9.32756 61.338 2
    endloop
  endfacet
  facet normal -0.83163 0.55533 0
    outer loop
      vertex 11.6507 61.1857 2
      vertex 11.7524 61.338 7.5
      vertex 11.7524 61.338 2
    endloop
  endfacet
  facet normal -0.83163 0.55533 0
    outer loop
      vertex 11.7524 61.338 7.5
      vertex 11.6507 61.1857 2
      vertex 11.6507 61.1857 7.5
    endloop
  endfacet
  facet normal -0.946922 0.321462 0
    outer loop
      vertex 11.8334 61.5022 2
      vertex 11.8923 61.6757 7.5
      vertex 11.8923 61.6757 2
    endloop
  endfacet
  facet normal -0.946922 0.321462 0
    outer loop
      vertex 11.8923 61.6757 7.5
      vertex 11.8334 61.5022 2
      vertex 11.8334 61.5022 7.5
    endloop
  endfacet
  facet normal 0.0655402 0.99785 -0
    outer loop
      vertex 10.54 60.638 2
      vertex 10.3573 60.65 7.5
      vertex 10.54 60.638 7.5
    endloop
  endfacet
  facet normal 0.0655402 0.99785 0
    outer loop
      vertex 10.3573 60.65 7.5
      vertex 10.54 60.638 2
      vertex 10.3573 60.65 2
    endloop
  endfacet
  facet normal 0.0655402 -0.99785 0
    outer loop
      vertex 10.3573 63.426 2
      vertex 10.54 63.438 7.5
      vertex 10.3573 63.426 7.5
    endloop
  endfacet
  facet normal 0.0655402 -0.99785 0
    outer loop
      vertex 10.54 63.438 7.5
      vertex 10.3573 63.426 2
      vertex 10.54 63.438 2
    endloop
  endfacet
  facet normal 0.831504 0.555519 0
    outer loop
      vertex 9.42931 61.1857 7.5
      vertex 9.32756 61.338 2
      vertex 9.32756 61.338 7.5
    endloop
  endfacet
  facet normal 0.831504 0.555519 0
    outer loop
      vertex 9.32756 61.338 2
      vertex 9.42931 61.1857 7.5
      vertex 9.42931 61.1857 2
    endloop
  endfacet
  facet normal -0.980811 0.194961 0
    outer loop
      vertex 11.8923 61.6757 2
      vertex 11.928 61.8553 7.5
      vertex 11.928 61.8553 2
    endloop
  endfacet
  facet normal -0.980811 0.194961 0
    outer loop
      vertex 11.928 61.8553 7.5
      vertex 11.8923 61.6757 2
      vertex 11.8923 61.6757 7.5
    endloop
  endfacet
  facet normal -0.194961 0.980811 0
    outer loop
      vertex 10.9023 60.6857 2
      vertex 10.7227 60.65 7.5
      vertex 10.9023 60.6857 7.5
    endloop
  endfacet
  facet normal -0.194961 0.980811 0
    outer loop
      vertex 10.7227 60.65 7.5
      vertex 10.9023 60.6857 2
      vertex 10.7227 60.65 2
    endloop
  endfacet
  facet normal 0.659216 -0.751954 0
    outer loop
      vertex 9.55005 63.028 2
      vertex 9.68773 63.1487 7.5
      vertex 9.55005 63.028 7.5
    endloop
  endfacet
  facet normal 0.659216 -0.751954 0
    outer loop
      vertex 9.68773 63.1487 7.5
      vertex 9.55005 63.028 2
      vertex 9.68773 63.1487 2
    endloop
  endfacet
  facet normal -0.55533 -0.83163 0
    outer loop
      vertex 11.24 63.2504 2
      vertex 11.3923 63.1487 7.5
      vertex 11.24 63.2504 7.5
    endloop
  endfacet
  facet normal -0.55533 -0.83163 -0
    outer loop
      vertex 11.3923 63.1487 7.5
      vertex 11.24 63.2504 2
      vertex 11.3923 63.1487 2
    endloop
  endfacet
  facet normal 0.555406 0.831579 -0
    outer loop
      vertex 9.84 60.8256 2
      vertex 9.68773 60.9273 7.5
      vertex 9.84 60.8256 7.5
    endloop
  endfacet
  facet normal 0.555406 0.831579 0
    outer loop
      vertex 9.68773 60.9273 7.5
      vertex 9.84 60.8256 2
      vertex 9.68773 60.9273 2
    endloop
  endfacet
  facet normal 0.997857 -0.0654315 0
    outer loop
      vertex 9.14 62.038 7.5
      vertex 9.15198 62.2207 2
      vertex 9.15198 62.2207 7.5
    endloop
  endfacet
  facet normal 0.997857 -0.0654315 0
    outer loop
      vertex 9.15198 62.2207 2
      vertex 9.14 62.038 7.5
      vertex 9.14 62.038 2
    endloop
  endfacet
  facet normal 0.321462 0.946922 -0
    outer loop
      vertex 10.1777 60.6857 2
      vertex 10.0042 60.7446 7.5
      vertex 10.1777 60.6857 7.5
    endloop
  endfacet
  facet normal 0.321462 0.946922 0
    outer loop
      vertex 10.0042 60.7446 7.5
      vertex 10.1777 60.6857 2
      vertex 10.0042 60.7446 2
    endloop
  endfacet
  facet normal -0.442401 0.896817 0
    outer loop
      vertex 11.24 60.8256 2
      vertex 11.0758 60.7446 7.5
      vertex 11.24 60.8256 7.5
    endloop
  endfacet
  facet normal -0.442401 0.896817 0
    outer loop
      vertex 11.0758 60.7446 7.5
      vertex 11.24 60.8256 2
      vertex 11.0758 60.7446 2
    endloop
  endfacet
  facet normal 0.442401 -0.896817 0
    outer loop
      vertex 9.84 63.2504 2
      vertex 10.0042 63.3314 7.5
      vertex 9.84 63.2504 7.5
    endloop
  endfacet
  facet normal 0.442401 -0.896817 0
    outer loop
      vertex 10.0042 63.3314 7.5
      vertex 9.84 63.2504 2
      vertex 10.0042 63.3314 2
    endloop
  endfacet
  facet normal -0.659432 -0.751764 0
    outer loop
      vertex 11.3923 63.1487 2
      vertex 11.5299 63.028 7.5
      vertex 11.3923 63.1487 7.5
    endloop
  endfacet
  facet normal -0.659432 -0.751764 -0
    outer loop
      vertex 11.5299 63.028 7.5
      vertex 11.3923 63.1487 2
      vertex 11.5299 63.028 2
    endloop
  endfacet
  facet normal 0.555406 -0.831579 0
    outer loop
      vertex 9.68773 63.1487 2
      vertex 9.84 63.2504 7.5
      vertex 9.68773 63.1487 7.5
    endloop
  endfacet
  facet normal 0.555406 -0.831579 0
    outer loop
      vertex 9.84 63.2504 7.5
      vertex 9.68773 63.1487 2
      vertex 9.84 63.2504 2
    endloop
  endfacet
  facet normal -0.442401 -0.896817 0
    outer loop
      vertex 11.0758 63.3314 2
      vertex 11.24 63.2504 7.5
      vertex 11.0758 63.3314 7.5
    endloop
  endfacet
  facet normal -0.442401 -0.896817 -0
    outer loop
      vertex 11.24 63.2504 7.5
      vertex 11.0758 63.3314 2
      vertex 11.24 63.2504 2
    endloop
  endfacet
  facet normal -0.83163 -0.55533 0
    outer loop
      vertex 11.7524 62.738 2
      vertex 11.6507 62.8903 7.5
      vertex 11.6507 62.8903 2
    endloop
  endfacet
  facet normal -0.83163 -0.55533 0
    outer loop
      vertex 11.6507 62.8903 7.5
      vertex 11.7524 62.738 2
      vertex 11.7524 62.738 7.5
    endloop
  endfacet
  facet normal 0.321462 -0.946922 0
    outer loop
      vertex 10.0042 63.3314 2
      vertex 10.1777 63.3903 7.5
      vertex 10.0042 63.3314 7.5
    endloop
  endfacet
  facet normal 0.321462 -0.946922 0
    outer loop
      vertex 10.1777 63.3903 7.5
      vertex 10.0042 63.3314 2
      vertex 10.1777 63.3903 2
    endloop
  endfacet
  facet normal -0.751731 -0.65947 0
    outer loop
      vertex 11.6507 62.8903 2
      vertex 11.5299 63.028 7.5
      vertex 11.5299 63.028 2
    endloop
  endfacet
  facet normal -0.751731 -0.65947 0
    outer loop
      vertex 11.5299 63.028 7.5
      vertex 11.6507 62.8903 2
      vertex 11.6507 62.8903 7.5
    endloop
  endfacet
  facet normal -0.99785 0.0655402 0
    outer loop
      vertex 11.928 61.8553 2
      vertex 11.94 62.038 7.5
      vertex 11.94 62.038 2
    endloop
  endfacet
  facet normal -0.99785 0.0655402 0
    outer loop
      vertex 11.94 62.038 7.5
      vertex 11.928 61.8553 2
      vertex 11.928 61.8553 7.5
    endloop
  endfacet
  facet normal 0.997857 0.0654315 0
    outer loop
      vertex 9.15198 61.8553 7.5
      vertex 9.14 62.038 2
      vertex 9.14 62.038 7.5
    endloop
  endfacet
  facet normal 0.997857 0.0654315 0
    outer loop
      vertex 9.14 62.038 2
      vertex 9.15198 61.8553 7.5
      vertex 9.15198 61.8553 2
    endloop
  endfacet
  facet normal -0.0655402 0.99785 0
    outer loop
      vertex 10.7227 60.65 2
      vertex 10.54 60.638 7.5
      vertex 10.7227 60.65 7.5
    endloop
  endfacet
  facet normal -0.0655402 0.99785 0
    outer loop
      vertex 10.54 60.638 7.5
      vertex 10.7227 60.65 2
      vertex 10.54 60.638 2
    endloop
  endfacet
  facet normal -0.55533 0.83163 0
    outer loop
      vertex 11.3923 60.9273 2
      vertex 11.24 60.8256 7.5
      vertex 11.3923 60.9273 7.5
    endloop
  endfacet
  facet normal -0.55533 0.83163 0
    outer loop
      vertex 11.24 60.8256 7.5
      vertex 11.3923 60.9273 2
      vertex 11.24 60.8256 2
    endloop
  endfacet
  facet normal 0.751893 0.659285 0
    outer loop
      vertex 9.55005 61.048 7.5
      vertex 9.42931 61.1857 2
      vertex 9.42931 61.1857 7.5
    endloop
  endfacet
  facet normal 0.751893 0.659285 0
    outer loop
      vertex 9.42931 61.1857 2
      vertex 9.55005 61.048 7.5
      vertex 9.55005 61.048 2
    endloop
  endfacet
  facet normal -0.659432 0.751764 0
    outer loop
      vertex 11.5299 61.048 2
      vertex 11.3923 60.9273 7.5
      vertex 11.5299 61.048 7.5
    endloop
  endfacet
  facet normal -0.659432 0.751764 0
    outer loop
      vertex 11.3923 60.9273 7.5
      vertex 11.5299 61.048 2
      vertex 11.3923 60.9273 2
    endloop
  endfacet
  facet normal 0.98079 0.195066 0
    outer loop
      vertex 9.1877 61.6757 7.5
      vertex 9.15198 61.8553 2
      vertex 9.15198 61.8553 7.5
    endloop
  endfacet
  facet normal 0.98079 0.195066 0
    outer loop
      vertex 9.15198 61.8553 2
      vertex 9.1877 61.6757 7.5
      vertex 9.1877 61.6757 2
    endloop
  endfacet
  facet normal 0.98079 -0.195066 0
    outer loop
      vertex 9.15198 62.2207 7.5
      vertex 9.1877 62.4003 2
      vertex 9.1877 62.4003 7.5
    endloop
  endfacet
  facet normal 0.98079 -0.195066 0
    outer loop
      vertex 9.1877 62.4003 2
      vertex 9.15198 62.2207 7.5
      vertex 9.15198 62.2207 2
    endloop
  endfacet
  facet normal 0.946972 0.321316 0
    outer loop
      vertex 9.24657 61.5022 7.5
      vertex 9.1877 61.6757 2
      vertex 9.1877 61.6757 7.5
    endloop
  endfacet
  facet normal 0.946972 0.321316 0
    outer loop
      vertex 9.1877 61.6757 2
      vertex 9.24657 61.5022 7.5
      vertex 9.24657 61.5022 2
    endloop
  endfacet
  facet normal 0.896839 -0.442357 0
    outer loop
      vertex 9.24657 62.5738 7.5
      vertex 9.32756 62.738 2
      vertex 9.32756 62.738 7.5
    endloop
  endfacet
  facet normal 0.896839 -0.442357 0
    outer loop
      vertex 9.32756 62.738 2
      vertex 9.24657 62.5738 7.5
      vertex 9.24657 62.5738 2
    endloop
  endfacet
  facet normal 0.751893 -0.659285 0
    outer loop
      vertex 9.42931 62.8903 7.5
      vertex 9.55005 63.028 2
      vertex 9.55005 63.028 7.5
    endloop
  endfacet
  facet normal 0.751893 -0.659285 0
    outer loop
      vertex 9.55005 63.028 2
      vertex 9.42931 62.8903 7.5
      vertex 9.42931 62.8903 2
    endloop
  endfacet
  facet normal -0.896817 0.442401 0
    outer loop
      vertex 11.7524 61.338 2
      vertex 11.8334 61.5022 7.5
      vertex 11.8334 61.5022 2
    endloop
  endfacet
  facet normal -0.896817 0.442401 0
    outer loop
      vertex 11.8334 61.5022 7.5
      vertex 11.7524 61.338 2
      vertex 11.7524 61.338 7.5
    endloop
  endfacet
  facet normal 0.194961 0.980811 -0
    outer loop
      vertex 10.3573 60.65 2
      vertex 10.1777 60.6857 7.5
      vertex 10.3573 60.65 7.5
    endloop
  endfacet
  facet normal 0.194961 0.980811 0
    outer loop
      vertex 10.1777 60.6857 7.5
      vertex 10.3573 60.65 2
      vertex 10.1777 60.6857 2
    endloop
  endfacet
  facet normal -0.751731 0.65947 0
    outer loop
      vertex 11.5299 61.048 2
      vertex 11.6507 61.1857 7.5
      vertex 11.6507 61.1857 2
    endloop
  endfacet
  facet normal -0.751731 0.65947 0
    outer loop
      vertex 11.6507 61.1857 7.5
      vertex 11.5299 61.048 2
      vertex 11.5299 61.048 7.5
    endloop
  endfacet
  facet normal -0.0655402 -0.99785 0
    outer loop
      vertex 10.54 63.438 2
      vertex 10.7227 63.426 7.5
      vertex 10.54 63.438 7.5
    endloop
  endfacet
  facet normal -0.0655402 -0.99785 -0
    outer loop
      vertex 10.7227 63.426 7.5
      vertex 10.54 63.438 2
      vertex 10.7227 63.426 2
    endloop
  endfacet
  facet normal -0.194961 -0.980811 0
    outer loop
      vertex 10.7227 63.426 2
      vertex 10.9023 63.3903 7.5
      vertex 10.7227 63.426 7.5
    endloop
  endfacet
  facet normal -0.194961 -0.980811 -0
    outer loop
      vertex 10.9023 63.3903 7.5
      vertex 10.7227 63.426 2
      vertex 10.9023 63.3903 2
    endloop
  endfacet
  facet normal 0.946972 -0.321316 0
    outer loop
      vertex 9.1877 62.4003 7.5
      vertex 9.24657 62.5738 2
      vertex 9.24657 62.5738 7.5
    endloop
  endfacet
  facet normal 0.946972 -0.321316 0
    outer loop
      vertex 9.24657 62.5738 2
      vertex 9.1877 62.4003 7.5
      vertex 9.1877 62.4003 2
    endloop
  endfacet
  facet normal 0 0 1
    outer loop
      vertex 11.928 62.2207 2
      vertex 11.928 61.8553 2
      vertex 11.94 62.038 2
    endloop
  endfacet
  facet normal 0 0 1
    outer loop
      vertex 11.8923 62.4003 2
      vertex 11.928 61.8553 2
      vertex 11.928 62.2207 2
    endloop
  endfacet
  facet normal 0 0 1
    outer loop
      vertex 11.8923 62.4003 2
      vertex 11.8923 61.6757 2
      vertex 11.928 61.8553 2
    endloop
  endfacet
  facet normal 0 0 1
    outer loop
      vertex 11.8334 62.5738 2
      vertex 11.8923 61.6757 2
      vertex 11.8923 62.4003 2
    endloop
  endfacet
  facet normal 0 0 1
    outer loop
      vertex 11.8334 62.5738 2
      vertex 11.8334 61.5022 2
      vertex 11.8923 61.6757 2
    endloop
  endfacet
  facet normal 0 0 1
    outer loop
      vertex 11.7524 62.738 2
      vertex 11.8334 61.5022 2
      vertex 11.8334 62.5738 2
    endloop
  endfacet
  facet normal 0 0 1
    outer loop
      vertex 11.7524 62.738 2
      vertex 11.7524 61.338 2
      vertex 11.8334 61.5022 2
    endloop
  endfacet
  facet normal 0 0 1
    outer loop
      vertex 11.6507 62.8903 2
      vertex 11.7524 61.338 2
      vertex 11.7524 62.738 2
    endloop
  endfacet
  facet normal 0 0 1
    outer loop
      vertex 11.6507 62.8903 2
      vertex 11.6507 61.1857 2
      vertex 11.7524 61.338 2
    endloop
  endfacet
  facet normal 0 0 1
    outer loop
      vertex 11.5299 63.028 2
      vertex 11.6507 61.1857 2
      vertex 11.6507 62.8903 2
    endloop
  endfacet
  facet normal 0 0 1
    outer loop
      vertex 11.5299 63.028 2
      vertex 11.5299 61.048 2
      vertex 11.6507 61.1857 2
    endloop
  endfacet
  facet normal 0 0 1
    outer loop
      vertex 11.3923 63.1487 2
      vertex 11.5299 61.048 2
      vertex 11.5299 63.028 2
    endloop
  endfacet
  facet normal 0 0 1
    outer loop
      vertex 11.3923 63.1487 2
      vertex 11.3923 60.9273 2
      vertex 11.5299 61.048 2
    endloop
  endfacet
  facet normal 0 0 1
    outer loop
      vertex 11.24 63.2504 2
      vertex 11.3923 60.9273 2
      vertex 11.3923 63.1487 2
    endloop
  endfacet
  facet normal 0 0 1
    outer loop
      vertex 11.24 63.2504 2
      vertex 11.24 60.8256 2
      vertex 11.3923 60.9273 2
    endloop
  endfacet
  facet normal 0 0 1
    outer loop
      vertex 11.0758 63.3314 2
      vertex 11.24 60.8256 2
      vertex 11.24 63.2504 2
    endloop
  endfacet
  facet normal 0 0 1
    outer loop
      vertex 11.0758 63.3314 2
      vertex 11.0758 60.7446 2
      vertex 11.24 60.8256 2
    endloop
  endfacet
  facet normal 0 0 1
    outer loop
      vertex 10.9023 63.3903 2
      vertex 11.0758 60.7446 2
      vertex 11.0758 63.3314 2
    endloop
  endfacet
  facet normal 0 0 1
    outer loop
      vertex 10.9023 63.3903 2
      vertex 10.9023 60.6857 2
      vertex 11.0758 60.7446 2
    endloop
  endfacet
  facet normal 0 0 1
    outer loop
      vertex 10.7227 63.426 2
      vertex 10.9023 60.6857 2
      vertex 10.9023 63.3903 2
    endloop
  endfacet
  facet normal 0 0 1
    outer loop
      vertex 10.7227 63.426 2
      vertex 10.7227 60.65 2
      vertex 10.9023 60.6857 2
    endloop
  endfacet
  facet normal 0 0 1
    outer loop
      vertex 10.54 63.438 2
      vertex 10.7227 60.65 2
      vertex 10.7227 63.426 2
    endloop
  endfacet
  facet normal 0 0 1
    outer loop
      vertex 10.54 63.438 2
      vertex 10.54 60.638 2
      vertex 10.7227 60.65 2
    endloop
  endfacet
  facet normal -0 0 1
    outer loop
      vertex 10.3573 63.426 2
      vertex 10.54 60.638 2
      vertex 10.54 63.438 2
    endloop
  endfacet
  facet normal 0 0 1
    outer loop
      vertex 10.3573 63.426 2
      vertex 10.3573 60.65 2
      vertex 10.54 60.638 2
    endloop
  endfacet
  facet normal -0 0 1
    outer loop
      vertex 10.1777 63.3903 2
      vertex 10.3573 60.65 2
      vertex 10.3573 63.426 2
    endloop
  endfacet
  facet normal 0 0 1
    outer loop
      vertex 10.1777 63.3903 2
      vertex 10.1777 60.6857 2
      vertex 10.3573 60.65 2
    endloop
  endfacet
  facet normal -0 0 1
    outer loop
      vertex 10.0042 63.3314 2
      vertex 10.1777 60.6857 2
      vertex 10.1777 63.3903 2
    endloop
  endfacet
  facet normal 0 0 1
    outer loop
      vertex 10.0042 63.3314 2
      vertex 10.0042 60.7446 2
      vertex 10.1777 60.6857 2
    endloop
  endfacet
  facet normal -0 0 1
    outer loop
      vertex 9.84 63.2504 2
      vertex 10.0042 60.7446 2
      vertex 10.0042 63.3314 2
    endloop
  endfacet
  facet normal 0 0 1
    outer loop
      vertex 9.84 63.2504 2
      vertex 9.84 60.8256 2
      vertex 10.0042 60.7446 2
    endloop
  endfacet
  facet normal -0 0 1
    outer loop
      vertex 9.68773 63.1487 2
      vertex 9.84 60.8256 2
      vertex 9.84 63.2504 2
    endloop
  endfacet
  facet normal 0 0 1
    outer loop
      vertex 9.68773 63.1487 2
      vertex 9.68773 60.9273 2
      vertex 9.84 60.8256 2
    endloop
  endfacet
  facet normal -0 0 1
    outer loop
      vertex 9.55005 63.028 2
      vertex 9.68773 60.9273 2
      vertex 9.68773 63.1487 2
    endloop
  endfacet
  facet normal 0 0 1
    outer loop
      vertex 9.55005 63.028 2
      vertex 9.55005 61.048 2
      vertex 9.68773 60.9273 2
    endloop
  endfacet
  facet normal -0 0 1
    outer loop
      vertex 9.42931 62.8903 2
      vertex 9.55005 61.048 2
      vertex 9.55005 63.028 2
    endloop
  endfacet
  facet normal 0 0 1
    outer loop
      vertex 9.42931 62.8903 2
      vertex 9.42931 61.1857 2
      vertex 9.55005 61.048 2
    endloop
  endfacet
  facet normal -0 0 1
    outer loop
      vertex 9.32756 62.738 2
      vertex 9.42931 61.1857 2
      vertex 9.42931 62.8903 2
    endloop
  endfacet
  facet normal 0 0 1
    outer loop
      vertex 9.32756 62.738 2
      vertex 9.32756 61.338 2
      vertex 9.42931 61.1857 2
    endloop
  endfacet
  facet normal -0 0 1
    outer loop
      vertex 9.24657 62.5738 2
      vertex 9.32756 61.338 2
      vertex 9.32756 62.738 2
    endloop
  endfacet
  facet normal 0 0 1
    outer loop
      vertex 9.24657 62.5738 2
      vertex 9.24657 61.5022 2
      vertex 9.32756 61.338 2
    endloop
  endfacet
  facet normal -0 0 1
    outer loop
      vertex 9.1877 62.4003 2
      vertex 9.24657 61.5022 2
      vertex 9.24657 62.5738 2
    endloop
  endfacet
  facet normal 0 0 1
    outer loop
      vertex 9.1877 62.4003 2
      vertex 9.1877 61.6757 2
      vertex 9.24657 61.5022 2
    endloop
  endfacet
  facet normal -0 0 1
    outer loop
      vertex 9.15198 62.2207 2
      vertex 9.1877 61.6757 2
      vertex 9.1877 62.4003 2
    endloop
  endfacet
  facet normal 0 0 1
    outer loop
      vertex 9.15198 62.2207 2
      vertex 9.15198 61.8553 2
      vertex 9.1877 61.6757 2
    endloop
  endfacet
  facet normal 0 -0 1
    outer loop
      vertex 9.15198 61.8553 2
      vertex 9.15198 62.2207 2
      vertex 9.14 62.038 2
    endloop
  endfacet
  facet normal 0.442401 0.896817 -0
    outer loop
      vertex 10.0042 60.7446 2
      vertex 9.84 60.8256 7.5
      vertex 10.0042 60.7446 7.5
    endloop
  endfacet
  facet normal 0.442401 0.896817 0
    outer loop
      vertex 9.84 60.8256 7.5
      vertex 10.0042 60.7446 2
      vertex 9.84 60.8256 2
    endloop
  endfacet
  facet normal 0.831504 -0.555519 0
    outer loop
      vertex 9.32756 62.738 7.5
      vertex 9.42931 62.8903 2
      vertex 9.42931 62.8903 7.5
    endloop
  endfacet
  facet normal 0.831504 -0.555519 0
    outer loop
      vertex 9.42931 62.8903 2
      vertex 9.32756 62.738 7.5
      vertex 9.32756 62.738 2
    endloop
  endfacet
  facet normal 0 0 1
    outer loop
      vertex 71.618 14.7227 2
      vertex 71.618 14.3573 2
      vertex 71.63 14.54 2
    endloop
  endfacet
  facet normal 0 0 1
    outer loop
      vertex 71.5823 14.9023 2
      vertex 71.618 14.3573 2
      vertex 71.618 14.7227 2
    endloop
  endfacet
  facet normal 0 0 1
    outer loop
      vertex 71.5823 14.9023 2
      vertex 71.5823 14.1777 2
      vertex 71.618 14.3573 2
    endloop
  endfacet
  facet normal 0 0 1
    outer loop
      vertex 71.5234 15.0758 2
      vertex 71.5823 14.1777 2
      vertex 71.5823 14.9023 2
    endloop
  endfacet
  facet normal 0 0 1
    outer loop
      vertex 71.5234 15.0758 2
      vertex 71.5234 14.0042 2
      vertex 71.5823 14.1777 2
    endloop
  endfacet
  facet normal 0 0 1
    outer loop
      vertex 71.4424 15.24 2
      vertex 71.5234 14.0042 2
      vertex 71.5234 15.0758 2
    endloop
  endfacet
  facet normal 0 0 1
    outer loop
      vertex 71.4424 15.24 2
      vertex 71.4424 13.84 2
      vertex 71.5234 14.0042 2
    endloop
  endfacet
  facet normal 0 0 1
    outer loop
      vertex 71.3407 15.3923 2
      vertex 71.4424 13.84 2
      vertex 71.4424 15.24 2
    endloop
  endfacet
  facet normal 0 0 1
    outer loop
      vertex 71.3407 15.3923 2
      vertex 71.3407 13.6877 2
      vertex 71.4424 13.84 2
    endloop
  endfacet
  facet normal 0 0 1
    outer loop
      vertex 71.2199 15.5299 2
      vertex 71.3407 13.6877 2
      vertex 71.3407 15.3923 2
    endloop
  endfacet
  facet normal 0 0 1
    outer loop
      vertex 71.2199 15.5299 2
      vertex 71.2199 13.55 2
      vertex 71.3407 13.6877 2
    endloop
  endfacet
  facet normal 0 0 1
    outer loop
      vertex 71.0823 15.6507 2
      vertex 71.2199 13.55 2
      vertex 71.2199 15.5299 2
    endloop
  endfacet
  facet normal 0 0 1
    outer loop
      vertex 71.0823 15.6507 2
      vertex 71.0823 13.4293 2
      vertex 71.2199 13.55 2
    endloop
  endfacet
  facet normal 0 0 1
    outer loop
      vertex 70.93 15.7524 2
      vertex 71.0823 13.4293 2
      vertex 71.0823 15.6507 2
    endloop
  endfacet
  facet normal 0 0 1
    outer loop
      vertex 70.93 15.7524 2
      vertex 70.93 13.3276 2
      vertex 71.0823 13.4293 2
    endloop
  endfacet
  facet normal 0 0 1
    outer loop
      vertex 70.7658 15.8334 2
      vertex 70.93 13.3276 2
      vertex 70.93 15.7524 2
    endloop
  endfacet
  facet normal 0 0 1
    outer loop
      vertex 70.7658 15.8334 2
      vertex 70.7658 13.2466 2
      vertex 70.93 13.3276 2
    endloop
  endfacet
  facet normal 0 0 1
    outer loop
      vertex 70.5923 15.8923 2
      vertex 70.7658 13.2466 2
      vertex 70.7658 15.8334 2
    endloop
  endfacet
  facet normal 0 0 1
    outer loop
      vertex 70.5923 15.8923 2
      vertex 70.5923 13.1877 2
      vertex 70.7658 13.2466 2
    endloop
  endfacet
  facet normal 0 0 1
    outer loop
      vertex 70.4127 15.928 2
      vertex 70.5923 13.1877 2
      vertex 70.5923 15.8923 2
    endloop
  endfacet
  facet normal 0 0 1
    outer loop
      vertex 70.4127 15.928 2
      vertex 70.4127 13.152 2
      vertex 70.5923 13.1877 2
    endloop
  endfacet
  facet normal 0 0 1
    outer loop
      vertex 70.23 15.94 2
      vertex 70.4127 13.152 2
      vertex 70.4127 15.928 2
    endloop
  endfacet
  facet normal 0 0 1
    outer loop
      vertex 70.23 15.94 2
      vertex 70.23 13.14 2
      vertex 70.4127 13.152 2
    endloop
  endfacet
  facet normal -0 0 1
    outer loop
      vertex 70.0473 15.928 2
      vertex 70.23 13.14 2
      vertex 70.23 15.94 2
    endloop
  endfacet
  facet normal 0 0 1
    outer loop
      vertex 70.0473 15.928 2
      vertex 70.0473 13.152 2
      vertex 70.23 13.14 2
    endloop
  endfacet
  facet normal -0 0 1
    outer loop
      vertex 69.8677 15.8923 2
      vertex 70.0473 13.152 2
      vertex 70.0473 15.928 2
    endloop
  endfacet
  facet normal 0 0 1
    outer loop
      vertex 69.8677 15.8923 2
      vertex 69.8677 13.1877 2
      vertex 70.0473 13.152 2
    endloop
  endfacet
  facet normal -0 0 1
    outer loop
      vertex 69.6942 15.8334 2
      vertex 69.8677 13.1877 2
      vertex 69.8677 15.8923 2
    endloop
  endfacet
  facet normal 0 0 1
    outer loop
      vertex 69.6942 15.8334 2
      vertex 69.6942 13.2466 2
      vertex 69.8677 13.1877 2
    endloop
  endfacet
  facet normal -0 0 1
    outer loop
      vertex 69.53 15.7524 2
      vertex 69.6942 13.2466 2
      vertex 69.6942 15.8334 2
    endloop
  endfacet
  facet normal 0 0 1
    outer loop
      vertex 69.53 15.7524 2
      vertex 69.53 13.3276 2
      vertex 69.6942 13.2466 2
    endloop
  endfacet
  facet normal -0 0 1
    outer loop
      vertex 69.3777 15.6507 2
      vertex 69.53 13.3276 2
      vertex 69.53 15.7524 2
    endloop
  endfacet
  facet normal 0 0 1
    outer loop
      vertex 69.3777 15.6507 2
      vertex 69.3777 13.4293 2
      vertex 69.53 13.3276 2
    endloop
  endfacet
  facet normal -0 0 1
    outer loop
      vertex 69.2401 15.5299 2
      vertex 69.3777 13.4293 2
      vertex 69.3777 15.6507 2
    endloop
  endfacet
  facet normal 0 0 1
    outer loop
      vertex 69.2401 15.5299 2
      vertex 69.2401 13.55 2
      vertex 69.3777 13.4293 2
    endloop
  endfacet
  facet normal -0 0 1
    outer loop
      vertex 69.1193 15.3923 2
      vertex 69.2401 13.55 2
      vertex 69.2401 15.5299 2
    endloop
  endfacet
  facet normal 0 0 1
    outer loop
      vertex 69.1193 15.3923 2
      vertex 69.1193 13.6877 2
      vertex 69.2401 13.55 2
    endloop
  endfacet
  facet normal -0 0 1
    outer loop
      vertex 69.0176 15.24 2
      vertex 69.1193 13.6877 2
      vertex 69.1193 15.3923 2
    endloop
  endfacet
  facet normal 0 0 1
    outer loop
      vertex 69.0176 15.24 2
      vertex 69.0176 13.84 2
      vertex 69.1193 13.6877 2
    endloop
  endfacet
  facet normal -0 0 1
    outer loop
      vertex 68.9366 15.0758 2
      vertex 69.0176 13.84 2
      vertex 69.0176 15.24 2
    endloop
  endfacet
  facet normal 0 0 1
    outer loop
      vertex 68.9366 15.0758 2
      vertex 68.9366 14.0042 2
      vertex 69.0176 13.84 2
    endloop
  endfacet
  facet normal -0 0 1
    outer loop
      vertex 68.8777 14.9023 2
      vertex 68.9366 14.0042 2
      vertex 68.9366 15.0758 2
    endloop
  endfacet
  facet normal 0 0 1
    outer loop
      vertex 68.8777 14.9023 2
      vertex 68.8777 14.1777 2
      vertex 68.9366 14.0042 2
    endloop
  endfacet
  facet normal -0 0 1
    outer loop
      vertex 68.842 14.7227 2
      vertex 68.8777 14.1777 2
      vertex 68.8777 14.9023 2
    endloop
  endfacet
  facet normal 0 0 1
    outer loop
      vertex 68.842 14.7227 2
      vertex 68.842 14.3573 2
      vertex 68.8777 14.1777 2
    endloop
  endfacet
  facet normal 0 -0 1
    outer loop
      vertex 68.842 14.3573 2
      vertex 68.842 14.7227 2
      vertex 68.83 14.54 2
    endloop
  endfacet
  facet normal 0.980811 -0.194961 0
    outer loop
      vertex 68.842 14.7227 7.5
      vertex 68.8777 14.9023 2
      vertex 68.8777 14.9023 7.5
    endloop
  endfacet
  facet normal 0.980811 -0.194961 0
    outer loop
      vertex 68.8777 14.9023 2
      vertex 68.842 14.7227 7.5
      vertex 68.842 14.7227 2
    endloop
  endfacet
  facet normal -0.980811 -0.194961 0
    outer loop
      vertex 71.618 14.7227 2
      vertex 71.5823 14.9023 7.5
      vertex 71.5823 14.9023 2
    endloop
  endfacet
  facet normal -0.980811 -0.194961 0
    outer loop
      vertex 71.5823 14.9023 7.5
      vertex 71.618 14.7227 2
      vertex 71.618 14.7227 7.5
    endloop
  endfacet
  facet normal -0.99785 -0.0655402 0
    outer loop
      vertex 71.63 14.54 2
      vertex 71.618 14.7227 7.5
      vertex 71.618 14.7227 2
    endloop
  endfacet
  facet normal -0.99785 -0.0655402 0
    outer loop
      vertex 71.618 14.7227 7.5
      vertex 71.63 14.54 2
      vertex 71.63 14.54 7.5
    endloop
  endfacet
  facet normal 0.751493 -0.659741 0
    outer loop
      vertex 69.1193 15.3923 7.5
      vertex 69.2401 15.5299 2
      vertex 69.2401 15.5299 7.5
    endloop
  endfacet
  facet normal 0.751493 -0.659741 0
    outer loop
      vertex 69.2401 15.5299 2
      vertex 69.1193 15.3923 7.5
      vertex 69.1193 15.3923 2
    endloop
  endfacet
  facet normal -0.980811 0.194961 0
    outer loop
      vertex 71.5823 14.1777 2
      vertex 71.618 14.3573 7.5
      vertex 71.618 14.3573 2
    endloop
  endfacet
  facet normal -0.980811 0.194961 0
    outer loop
      vertex 71.618 14.3573 7.5
      vertex 71.5823 14.1777 2
      vertex 71.5823 14.1777 7.5
    endloop
  endfacet
  facet normal 0.896817 -0.442401 0
    outer loop
      vertex 68.9366 15.0758 7.5
      vertex 69.0176 15.24 2
      vertex 69.0176 15.24 7.5
    endloop
  endfacet
  facet normal 0.896817 -0.442401 0
    outer loop
      vertex 69.0176 15.24 2
      vertex 68.9366 15.0758 7.5
      vertex 68.9366 15.0758 2
    endloop
  endfacet
  facet normal -0.194961 0.980811 0
    outer loop
      vertex 70.5923 13.1877 2
      vertex 70.4127 13.152 7.5
      vertex 70.5923 13.1877 7.5
    endloop
  endfacet
  facet normal -0.194961 0.980811 0
    outer loop
      vertex 70.4127 13.152 7.5
      vertex 70.5923 13.1877 2
      vertex 70.4127 13.152 2
    endloop
  endfacet
  facet normal -0.0655402 0.99785 0
    outer loop
      vertex 70.4127 13.152 2
      vertex 70.23 13.14 7.5
      vertex 70.4127 13.152 7.5
    endloop
  endfacet
  facet normal -0.0655402 0.99785 0
    outer loop
      vertex 70.23 13.14 7.5
      vertex 70.4127 13.152 2
      vertex 70.23 13.14 2
    endloop
  endfacet
  facet normal 0.946922 -0.321462 0
    outer loop
      vertex 68.8777 14.9023 7.5
      vertex 68.9366 15.0758 2
      vertex 68.9366 15.0758 7.5
    endloop
  endfacet
  facet normal 0.946922 -0.321462 0
    outer loop
      vertex 68.9366 15.0758 2
      vertex 68.8777 14.9023 7.5
      vertex 68.8777 14.9023 2
    endloop
  endfacet
  facet normal 0.896817 0.442401 0
    outer loop
      vertex 69.0176 13.84 7.5
      vertex 68.9366 14.0042 2
      vertex 68.9366 14.0042 7.5
    endloop
  endfacet
  facet normal 0.896817 0.442401 0
    outer loop
      vertex 68.9366 14.0042 2
      vertex 69.0176 13.84 7.5
      vertex 69.0176 13.84 2
    endloop
  endfacet
  facet normal -0.83163 0.55533 0
    outer loop
      vertex 71.3407 13.6877 2
      vertex 71.4424 13.84 7.5
      vertex 71.4424 13.84 2
    endloop
  endfacet
  facet normal -0.83163 0.55533 0
    outer loop
      vertex 71.4424 13.84 7.5
      vertex 71.3407 13.6877 2
      vertex 71.3407 13.6877 7.5
    endloop
  endfacet
  facet normal 0.321462 -0.946922 0
    outer loop
      vertex 69.6942 15.8334 2
      vertex 69.8677 15.8923 7.5
      vertex 69.6942 15.8334 7.5
    endloop
  endfacet
  facet normal 0.321462 -0.946922 0
    outer loop
      vertex 69.8677 15.8923 7.5
      vertex 69.6942 15.8334 2
      vertex 69.8677 15.8923 2
    endloop
  endfacet
  facet normal -0.442401 0.896817 0
    outer loop
      vertex 70.93 13.3276 2
      vertex 70.7658 13.2466 7.5
      vertex 70.93 13.3276 7.5
    endloop
  endfacet
  facet normal -0.442401 0.896817 0
    outer loop
      vertex 70.7658 13.2466 7.5
      vertex 70.93 13.3276 2
      vertex 70.7658 13.2466 2
    endloop
  endfacet
  facet normal -0.321462 -0.946922 0
    outer loop
      vertex 70.5923 15.8923 2
      vertex 70.7658 15.8334 7.5
      vertex 70.5923 15.8923 7.5
    endloop
  endfacet
  facet normal -0.321462 -0.946922 -0
    outer loop
      vertex 70.7658 15.8334 7.5
      vertex 70.5923 15.8923 2
      vertex 70.7658 15.8334 2
    endloop
  endfacet
  facet normal 0.659741 -0.751493 0
    outer loop
      vertex 69.2401 15.5299 2
      vertex 69.3777 15.6507 7.5
      vertex 69.2401 15.5299 7.5
    endloop
  endfacet
  facet normal 0.659741 -0.751493 0
    outer loop
      vertex 69.3777 15.6507 7.5
      vertex 69.2401 15.5299 2
      vertex 69.3777 15.6507 2
    endloop
  endfacet
  facet normal 0.442401 -0.896817 0
    outer loop
      vertex 69.53 15.7524 2
      vertex 69.6942 15.8334 7.5
      vertex 69.53 15.7524 7.5
    endloop
  endfacet
  facet normal 0.442401 -0.896817 0
    outer loop
      vertex 69.6942 15.8334 7.5
      vertex 69.53 15.7524 2
      vertex 69.6942 15.8334 2
    endloop
  endfacet
  facet normal -0.751493 -0.659741 0
    outer loop
      vertex 71.3407 15.3923 2
      vertex 71.2199 15.5299 7.5
      vertex 71.2199 15.5299 2
    endloop
  endfacet
  facet normal -0.751493 -0.659741 0
    outer loop
      vertex 71.2199 15.5299 7.5
      vertex 71.3407 15.3923 2
      vertex 71.3407 15.3923 7.5
    endloop
  endfacet
  facet normal -0.83163 -0.55533 0
    outer loop
      vertex 71.4424 15.24 2
      vertex 71.3407 15.3923 7.5
      vertex 71.3407 15.3923 2
    endloop
  endfacet
  facet normal -0.83163 -0.55533 0
    outer loop
      vertex 71.3407 15.3923 7.5
      vertex 71.4424 15.24 2
      vertex 71.4424 15.24 7.5
    endloop
  endfacet
  facet normal 0.55533 -0.83163 0
    outer loop
      vertex 69.3777 15.6507 2
      vertex 69.53 15.7524 7.5
      vertex 69.3777 15.6507 7.5
    endloop
  endfacet
  facet normal 0.55533 -0.83163 0
    outer loop
      vertex 69.53 15.7524 7.5
      vertex 69.3777 15.6507 2
      vertex 69.53 15.7524 2
    endloop
  endfacet
  facet normal -0.55533 0.83163 0
    outer loop
      vertex 71.0823 13.4293 2
      vertex 70.93 13.3276 7.5
      vertex 71.0823 13.4293 7.5
    endloop
  endfacet
  facet normal -0.55533 0.83163 0
    outer loop
      vertex 70.93 13.3276 7.5
      vertex 71.0823 13.4293 2
      vertex 70.93 13.3276 2
    endloop
  endfacet
  facet normal -0.99785 0.0655402 0
    outer loop
      vertex 71.618 14.3573 2
      vertex 71.63 14.54 7.5
      vertex 71.63 14.54 2
    endloop
  endfacet
  facet normal -0.99785 0.0655402 0
    outer loop
      vertex 71.63 14.54 7.5
      vertex 71.618 14.3573 2
      vertex 71.618 14.3573 7.5
    endloop
  endfacet
  facet normal -0.55533 -0.83163 0
    outer loop
      vertex 70.93 15.7524 2
      vertex 71.0823 15.6507 7.5
      vertex 70.93 15.7524 7.5
    endloop
  endfacet
  facet normal -0.55533 -0.83163 -0
    outer loop
      vertex 71.0823 15.6507 7.5
      vertex 70.93 15.7524 2
      vertex 71.0823 15.6507 2
    endloop
  endfacet
  facet normal 0.55533 0.83163 -0
    outer loop
      vertex 69.53 13.3276 2
      vertex 69.3777 13.4293 7.5
      vertex 69.53 13.3276 7.5
    endloop
  endfacet
  facet normal 0.55533 0.83163 0
    outer loop
      vertex 69.3777 13.4293 7.5
      vertex 69.53 13.3276 2
      vertex 69.3777 13.4293 2
    endloop
  endfacet
  facet normal 0.194961 0.980811 -0
    outer loop
      vertex 70.0473 13.152 2
      vertex 69.8677 13.1877 7.5
      vertex 70.0473 13.152 7.5
    endloop
  endfacet
  facet normal 0.194961 0.980811 0
    outer loop
      vertex 69.8677 13.1877 7.5
      vertex 70.0473 13.152 2
      vertex 69.8677 13.1877 2
    endloop
  endfacet
  facet normal 0.99785 0.0655402 0
    outer loop
      vertex 68.842 14.3573 7.5
      vertex 68.83 14.54 2
      vertex 68.83 14.54 7.5
    endloop
  endfacet
  facet normal 0.99785 0.0655402 0
    outer loop
      vertex 68.83 14.54 2
      vertex 68.842 14.3573 7.5
      vertex 68.842 14.3573 2
    endloop
  endfacet
  facet normal -0.321462 0.946922 0
    outer loop
      vertex 70.7658 13.2466 2
      vertex 70.5923 13.1877 7.5
      vertex 70.7658 13.2466 7.5
    endloop
  endfacet
  facet normal -0.321462 0.946922 0
    outer loop
      vertex 70.5923 13.1877 7.5
      vertex 70.7658 13.2466 2
      vertex 70.5923 13.1877 2
    endloop
  endfacet
  facet normal 0.321462 0.946922 -0
    outer loop
      vertex 69.8677 13.1877 2
      vertex 69.6942 13.2466 7.5
      vertex 69.8677 13.1877 7.5
    endloop
  endfacet
  facet normal 0.321462 0.946922 0
    outer loop
      vertex 69.6942 13.2466 7.5
      vertex 69.8677 13.1877 2
      vertex 69.6942 13.2466 2
    endloop
  endfacet
  facet normal 0.99785 -0.0655402 0
    outer loop
      vertex 68.83 14.54 7.5
      vertex 68.842 14.7227 2
      vertex 68.842 14.7227 7.5
    endloop
  endfacet
  facet normal 0.99785 -0.0655402 0
    outer loop
      vertex 68.842 14.7227 2
      vertex 68.83 14.54 7.5
      vertex 68.83 14.54 2
    endloop
  endfacet
  facet normal -0.896817 -0.442401 0
    outer loop
      vertex 71.5234 15.0758 2
      vertex 71.4424 15.24 7.5
      vertex 71.4424 15.24 2
    endloop
  endfacet
  facet normal -0.896817 -0.442401 0
    outer loop
      vertex 71.4424 15.24 7.5
      vertex 71.5234 15.0758 2
      vertex 71.5234 15.0758 7.5
    endloop
  endfacet
  facet normal 0.83163 0.55533 0
    outer loop
      vertex 69.1193 13.6877 7.5
      vertex 69.0176 13.84 2
      vertex 69.0176 13.84 7.5
    endloop
  endfacet
  facet normal 0.83163 0.55533 0
    outer loop
      vertex 69.0176 13.84 2
      vertex 69.1193 13.6877 7.5
      vertex 69.1193 13.6877 2
    endloop
  endfacet
  facet normal 0.0655402 -0.99785 0
    outer loop
      vertex 70.0473 15.928 2
      vertex 70.23 15.94 7.5
      vertex 70.0473 15.928 7.5
    endloop
  endfacet
  facet normal 0.0655402 -0.99785 0
    outer loop
      vertex 70.23 15.94 7.5
      vertex 70.0473 15.928 2
      vertex 70.23 15.94 2
    endloop
  endfacet
  facet normal -0.442401 -0.896817 0
    outer loop
      vertex 70.7658 15.8334 2
      vertex 70.93 15.7524 7.5
      vertex 70.7658 15.8334 7.5
    endloop
  endfacet
  facet normal -0.442401 -0.896817 -0
    outer loop
      vertex 70.93 15.7524 7.5
      vertex 70.7658 15.8334 2
      vertex 70.93 15.7524 2
    endloop
  endfacet
  facet normal 0.946922 0.321462 0
    outer loop
      vertex 68.9366 14.0042 7.5
      vertex 68.8777 14.1777 2
      vertex 68.8777 14.1777 7.5
    endloop
  endfacet
  facet normal 0.946922 0.321462 0
    outer loop
      vertex 68.8777 14.1777 2
      vertex 68.9366 14.0042 7.5
      vertex 68.9366 14.0042 2
    endloop
  endfacet
  facet normal 0.980811 0.194961 0
    outer loop
      vertex 68.8777 14.1777 7.5
      vertex 68.842 14.3573 2
      vertex 68.842 14.3573 7.5
    endloop
  endfacet
  facet normal 0.980811 0.194961 0
    outer loop
      vertex 68.842 14.3573 2
      vertex 68.8777 14.1777 7.5
      vertex 68.8777 14.1777 2
    endloop
  endfacet
  facet normal -0.896817 0.442401 0
    outer loop
      vertex 71.4424 13.84 2
      vertex 71.5234 14.0042 7.5
      vertex 71.5234 14.0042 2
    endloop
  endfacet
  facet normal -0.896817 0.442401 0
    outer loop
      vertex 71.5234 14.0042 7.5
      vertex 71.4424 13.84 2
      vertex 71.4424 13.84 7.5
    endloop
  endfacet
  facet normal -0.194961 -0.980811 0
    outer loop
      vertex 70.4127 15.928 2
      vertex 70.5923 15.8923 7.5
      vertex 70.4127 15.928 7.5
    endloop
  endfacet
  facet normal -0.194961 -0.980811 -0
    outer loop
      vertex 70.5923 15.8923 7.5
      vertex 70.4127 15.928 2
      vertex 70.5923 15.8923 2
    endloop
  endfacet
  facet normal -0.0655402 -0.99785 0
    outer loop
      vertex 70.23 15.94 2
      vertex 70.4127 15.928 7.5
      vertex 70.23 15.94 7.5
    endloop
  endfacet
  facet normal -0.0655402 -0.99785 -0
    outer loop
      vertex 70.4127 15.928 7.5
      vertex 70.23 15.94 2
      vertex 70.4127 15.928 2
    endloop
  endfacet
  facet normal -0.946922 -0.321462 0
    outer loop
      vertex 71.5823 14.9023 2
      vertex 71.5234 15.0758 7.5
      vertex 71.5234 15.0758 2
    endloop
  endfacet
  facet normal -0.946922 -0.321462 0
    outer loop
      vertex 71.5234 15.0758 7.5
      vertex 71.5823 14.9023 2
      vertex 71.5823 14.9023 7.5
    endloop
  endfacet
  facet normal -0.946922 0.321462 0
    outer loop
      vertex 71.5234 14.0042 2
      vertex 71.5823 14.1777 7.5
      vertex 71.5823 14.1777 2
    endloop
  endfacet
  facet normal -0.946922 0.321462 0
    outer loop
      vertex 71.5823 14.1777 7.5
      vertex 71.5234 14.0042 2
      vertex 71.5234 14.0042 7.5
    endloop
  endfacet
  facet normal -0.659741 -0.751493 0
    outer loop
      vertex 71.0823 15.6507 2
      vertex 71.2199 15.5299 7.5
      vertex 71.0823 15.6507 7.5
    endloop
  endfacet
  facet normal -0.659741 -0.751493 -0
    outer loop
      vertex 71.2199 15.5299 7.5
      vertex 71.0823 15.6507 2
      vertex 71.2199 15.5299 2
    endloop
  endfacet
  facet normal 0.194961 -0.980811 0
    outer loop
      vertex 69.8677 15.8923 2
      vertex 70.0473 15.928 7.5
      vertex 69.8677 15.8923 7.5
    endloop
  endfacet
  facet normal 0.194961 -0.980811 0
    outer loop
      vertex 70.0473 15.928 7.5
      vertex 69.8677 15.8923 2
      vertex 70.0473 15.928 2
    endloop
  endfacet
  facet normal 0.83163 -0.55533 0
    outer loop
      vertex 69.0176 15.24 7.5
      vertex 69.1193 15.3923 2
      vertex 69.1193 15.3923 7.5
    endloop
  endfacet
  facet normal 0.83163 -0.55533 0
    outer loop
      vertex 69.1193 15.3923 2
      vertex 69.0176 15.24 7.5
      vertex 69.0176 15.24 2
    endloop
  endfacet
  facet normal 0.751731 0.65947 0
    outer loop
      vertex 69.2401 13.55 7.5
      vertex 69.1193 13.6877 2
      vertex 69.1193 13.6877 7.5
    endloop
  endfacet
  facet normal 0.751731 0.65947 0
    outer loop
      vertex 69.1193 13.6877 2
      vertex 69.2401 13.55 7.5
      vertex 69.2401 13.55 2
    endloop
  endfacet
  facet normal 0.659432 0.751764 -0
    outer loop
      vertex 69.3777 13.4293 2
      vertex 69.2401 13.55 7.5
      vertex 69.3777 13.4293 7.5
    endloop
  endfacet
  facet normal 0.659432 0.751764 0
    outer loop
      vertex 69.2401 13.55 7.5
      vertex 69.3777 13.4293 2
      vertex 69.2401 13.55 2
    endloop
  endfacet
  facet normal 0.0655402 0.99785 -0
    outer loop
      vertex 70.23 13.14 2
      vertex 70.0473 13.152 7.5
      vertex 70.23 13.14 7.5
    endloop
  endfacet
  facet normal 0.0655402 0.99785 0
    outer loop
      vertex 70.0473 13.152 7.5
      vertex 70.23 13.14 2
      vertex 70.0473 13.152 2
    endloop
  endfacet
  facet normal 0.442401 0.896817 -0
    outer loop
      vertex 69.6942 13.2466 2
      vertex 69.53 13.3276 7.5
      vertex 69.6942 13.2466 7.5
    endloop
  endfacet
  facet normal 0.442401 0.896817 0
    outer loop
      vertex 69.53 13.3276 7.5
      vertex 69.6942 13.2466 2
      vertex 69.53 13.3276 2
    endloop
  endfacet
  facet normal -0.751731 0.65947 0
    outer loop
      vertex 71.2199 13.55 2
      vertex 71.3407 13.6877 7.5
      vertex 71.3407 13.6877 2
    endloop
  endfacet
  facet normal -0.751731 0.65947 0
    outer loop
      vertex 71.3407 13.6877 7.5
      vertex 71.2199 13.55 2
      vertex 71.2199 13.55 7.5
    endloop
  endfacet
  facet normal -0.659432 0.751764 0
    outer loop
      vertex 71.2199 13.55 2
      vertex 71.0823 13.4293 7.5
      vertex 71.2199 13.55 7.5
    endloop
  endfacet
  facet normal -0.659432 0.751764 0
    outer loop
      vertex 71.0823 13.4293 7.5
      vertex 71.2199 13.55 2
      vertex 71.0823 13.4293 2
    endloop
  endfacet
  facet normal -0.980811 -0.194961 0
    outer loop
      vertex 71.618 62.2207 2
      vertex 71.5823 62.4003 7.5
      vertex 71.5823 62.4003 2
    endloop
  endfacet
  facet normal -0.980811 -0.194961 0
    outer loop
      vertex 71.5823 62.4003 7.5
      vertex 71.618 62.2207 2
      vertex 71.618 62.2207 7.5
    endloop
  endfacet
  facet normal -0.99785 -0.0655402 0
    outer loop
      vertex 71.63 62.038 2
      vertex 71.618 62.2207 7.5
      vertex 71.618 62.2207 2
    endloop
  endfacet
  facet normal -0.99785 -0.0655402 0
    outer loop
      vertex 71.618 62.2207 7.5
      vertex 71.63 62.038 2
      vertex 71.63 62.038 7.5
    endloop
  endfacet
  facet normal -0.946922 -0.321462 0
    outer loop
      vertex 71.5823 62.4003 2
      vertex 71.5234 62.5738 7.5
      vertex 71.5234 62.5738 2
    endloop
  endfacet
  facet normal -0.946922 -0.321462 0
    outer loop
      vertex 71.5234 62.5738 7.5
      vertex 71.5823 62.4003 2
      vertex 71.5823 62.4003 7.5
    endloop
  endfacet
  facet normal 0.99785 0.0655402 0
    outer loop
      vertex 68.842 61.8553 7.5
      vertex 68.83 62.038 2
      vertex 68.83 62.038 7.5
    endloop
  endfacet
  facet normal 0.99785 0.0655402 0
    outer loop
      vertex 68.83 62.038 2
      vertex 68.842 61.8553 7.5
      vertex 68.842 61.8553 2
    endloop
  endfacet
  facet normal 0.896817 0.442401 0
    outer loop
      vertex 69.0176 61.338 7.5
      vertex 68.9366 61.5022 2
      vertex 68.9366 61.5022 7.5
    endloop
  endfacet
  facet normal 0.896817 0.442401 0
    outer loop
      vertex 68.9366 61.5022 2
      vertex 69.0176 61.338 7.5
      vertex 69.0176 61.338 2
    endloop
  endfacet
  facet normal -0.83163 -0.55533 0
    outer loop
      vertex 71.4424 62.738 2
      vertex 71.3407 62.8903 7.5
      vertex 71.3407 62.8903 2
    endloop
  endfacet
  facet normal -0.83163 -0.55533 0
    outer loop
      vertex 71.3407 62.8903 7.5
      vertex 71.4424 62.738 2
      vertex 71.4424 62.738 7.5
    endloop
  endfacet
  facet normal 0.321462 -0.946922 0
    outer loop
      vertex 69.6942 63.3314 2
      vertex 69.8677 63.3903 7.5
      vertex 69.6942 63.3314 7.5
    endloop
  endfacet
  facet normal 0.321462 -0.946922 0
    outer loop
      vertex 69.8677 63.3903 7.5
      vertex 69.6942 63.3314 2
      vertex 69.8677 63.3903 2
    endloop
  endfacet
  facet normal -0.321462 -0.946922 0
    outer loop
      vertex 70.5923 63.3903 2
      vertex 70.7658 63.3314 7.5
      vertex 70.5923 63.3903 7.5
    endloop
  endfacet
  facet normal -0.321462 -0.946922 -0
    outer loop
      vertex 70.7658 63.3314 7.5
      vertex 70.5923 63.3903 2
      vertex 70.7658 63.3314 2
    endloop
  endfacet
  facet normal -0.946922 0.321462 0
    outer loop
      vertex 71.5234 61.5022 2
      vertex 71.5823 61.6757 7.5
      vertex 71.5823 61.6757 2
    endloop
  endfacet
  facet normal -0.946922 0.321462 0
    outer loop
      vertex 71.5823 61.6757 7.5
      vertex 71.5234 61.5022 2
      vertex 71.5234 61.5022 7.5
    endloop
  endfacet
  facet normal -0.442401 0.896817 0
    outer loop
      vertex 70.93 60.8256 2
      vertex 70.7658 60.7446 7.5
      vertex 70.93 60.8256 7.5
    endloop
  endfacet
  facet normal -0.442401 0.896817 0
    outer loop
      vertex 70.7658 60.7446 7.5
      vertex 70.93 60.8256 2
      vertex 70.7658 60.7446 2
    endloop
  endfacet
  facet normal 0.946922 0.321462 0
    outer loop
      vertex 68.9366 61.5022 7.5
      vertex 68.8777 61.6757 2
      vertex 68.8777 61.6757 7.5
    endloop
  endfacet
  facet normal 0.946922 0.321462 0
    outer loop
      vertex 68.8777 61.6757 2
      vertex 68.9366 61.5022 7.5
      vertex 68.9366 61.5022 2
    endloop
  endfacet
  facet normal 0.980811 -0.194961 0
    outer loop
      vertex 68.842 62.2207 7.5
      vertex 68.8777 62.4003 2
      vertex 68.8777 62.4003 7.5
    endloop
  endfacet
  facet normal 0.980811 -0.194961 0
    outer loop
      vertex 68.8777 62.4003 2
      vertex 68.842 62.2207 7.5
      vertex 68.842 62.2207 2
    endloop
  endfacet
  facet normal -0.896817 -0.442401 0
    outer loop
      vertex 71.5234 62.5738 2
      vertex 71.4424 62.738 7.5
      vertex 71.4424 62.738 2
    endloop
  endfacet
  facet normal -0.896817 -0.442401 0
    outer loop
      vertex 71.4424 62.738 7.5
      vertex 71.5234 62.5738 2
      vertex 71.5234 62.5738 7.5
    endloop
  endfacet
  facet normal 0.194961 -0.980811 0
    outer loop
      vertex 69.8677 63.3903 2
      vertex 70.0473 63.426 7.5
      vertex 69.8677 63.3903 7.5
    endloop
  endfacet
  facet normal 0.194961 -0.980811 0
    outer loop
      vertex 70.0473 63.426 7.5
      vertex 69.8677 63.3903 2
      vertex 70.0473 63.426 2
    endloop
  endfacet
  facet normal -0.0655402 -0.99785 0
    outer loop
      vertex 70.23 63.438 2
      vertex 70.4127 63.426 7.5
      vertex 70.23 63.438 7.5
    endloop
  endfacet
  facet normal -0.0655402 -0.99785 -0
    outer loop
      vertex 70.4127 63.426 7.5
      vertex 70.23 63.438 2
      vertex 70.4127 63.426 2
    endloop
  endfacet
  facet normal 0.194961 0.980811 -0
    outer loop
      vertex 70.0473 60.65 2
      vertex 69.8677 60.6857 7.5
      vertex 70.0473 60.65 7.5
    endloop
  endfacet
  facet normal 0.194961 0.980811 0
    outer loop
      vertex 69.8677 60.6857 7.5
      vertex 70.0473 60.65 2
      vertex 69.8677 60.6857 2
    endloop
  endfacet
  facet normal -0.194961 -0.980811 0
    outer loop
      vertex 70.4127 63.426 2
      vertex 70.5923 63.3903 7.5
      vertex 70.4127 63.426 7.5
    endloop
  endfacet
  facet normal -0.194961 -0.980811 -0
    outer loop
      vertex 70.5923 63.3903 7.5
      vertex 70.4127 63.426 2
      vertex 70.5923 63.3903 2
    endloop
  endfacet
  facet normal 0.659432 0.751764 -0
    outer loop
      vertex 69.3777 60.9273 2
      vertex 69.2401 61.048 7.5
      vertex 69.3777 60.9273 7.5
    endloop
  endfacet
  facet normal 0.659432 0.751764 0
    outer loop
      vertex 69.2401 61.048 7.5
      vertex 69.3777 60.9273 2
      vertex 69.2401 61.048 2
    endloop
  endfacet
  facet normal -0.55533 -0.83163 0
    outer loop
      vertex 70.93 63.2504 2
      vertex 71.0823 63.1487 7.5
      vertex 70.93 63.2504 7.5
    endloop
  endfacet
  facet normal -0.55533 -0.83163 -0
    outer loop
      vertex 71.0823 63.1487 7.5
      vertex 70.93 63.2504 2
      vertex 71.0823 63.1487 2
    endloop
  endfacet
  facet normal 0.442401 0.896817 -0
    outer loop
      vertex 69.6942 60.7446 2
      vertex 69.53 60.8256 7.5
      vertex 69.6942 60.7446 7.5
    endloop
  endfacet
  facet normal 0.442401 0.896817 0
    outer loop
      vertex 69.53 60.8256 7.5
      vertex 69.6942 60.7446 2
      vertex 69.53 60.8256 2
    endloop
  endfacet
  facet normal 0.0655402 0.99785 -0
    outer loop
      vertex 70.23 60.638 2
      vertex 70.0473 60.65 7.5
      vertex 70.23 60.638 7.5
    endloop
  endfacet
  facet normal 0.0655402 0.99785 0
    outer loop
      vertex 70.0473 60.65 7.5
      vertex 70.23 60.638 2
      vertex 70.0473 60.65 2
    endloop
  endfacet
  facet normal -0.321462 0.946922 0
    outer loop
      vertex 70.7658 60.7446 2
      vertex 70.5923 60.6857 7.5
      vertex 70.7658 60.7446 7.5
    endloop
  endfacet
  facet normal -0.321462 0.946922 0
    outer loop
      vertex 70.5923 60.6857 7.5
      vertex 70.7658 60.7446 2
      vertex 70.5923 60.6857 2
    endloop
  endfacet
  facet normal 0.751731 -0.65947 0
    outer loop
      vertex 69.1193 62.8903 7.5
      vertex 69.2401 63.028 2
      vertex 69.2401 63.028 7.5
    endloop
  endfacet
  facet normal 0.751731 -0.65947 0
    outer loop
      vertex 69.2401 63.028 2
      vertex 69.1193 62.8903 7.5
      vertex 69.1193 62.8903 2
    endloop
  endfacet
  facet normal 0 0 1
    outer loop
      vertex 71.618 62.2207 2
      vertex 71.618 61.8553 2
      vertex 71.63 62.038 2
    endloop
  endfacet
  facet normal 0 0 1
    outer loop
      vertex 71.5823 62.4003 2
      vertex 71.618 61.8553 2
      vertex 71.618 62.2207 2
    endloop
  endfacet
  facet normal 0 0 1
    outer loop
      vertex 71.5823 62.4003 2
      vertex 71.5823 61.6757 2
      vertex 71.618 61.8553 2
    endloop
  endfacet
  facet normal 0 0 1
    outer loop
      vertex 71.5234 62.5738 2
      vertex 71.5823 61.6757 2
      vertex 71.5823 62.4003 2
    endloop
  endfacet
  facet normal 0 0 1
    outer loop
      vertex 71.5234 62.5738 2
      vertex 71.5234 61.5022 2
      vertex 71.5823 61.6757 2
    endloop
  endfacet
  facet normal 0 0 1
    outer loop
      vertex 71.4424 62.738 2
      vertex 71.5234 61.5022 2
      vertex 71.5234 62.5738 2
    endloop
  endfacet
  facet normal 0 0 1
    outer loop
      vertex 71.4424 62.738 2
      vertex 71.4424 61.338 2
      vertex 71.5234 61.5022 2
    endloop
  endfacet
  facet normal 0 0 1
    outer loop
      vertex 71.3407 62.8903 2
      vertex 71.4424 61.338 2
      vertex 71.4424 62.738 2
    endloop
  endfacet
  facet normal 0 0 1
    outer loop
      vertex 71.3407 62.8903 2
      vertex 71.3407 61.1857 2
      vertex 71.4424 61.338 2
    endloop
  endfacet
  facet normal 0 0 1
    outer loop
      vertex 71.2199 63.028 2
      vertex 71.3407 61.1857 2
      vertex 71.3407 62.8903 2
    endloop
  endfacet
  facet normal 0 0 1
    outer loop
      vertex 71.2199 63.028 2
      vertex 71.2199 61.048 2
      vertex 71.3407 61.1857 2
    endloop
  endfacet
  facet normal 0 0 1
    outer loop
      vertex 71.0823 63.1487 2
      vertex 71.2199 61.048 2
      vertex 71.2199 63.028 2
    endloop
  endfacet
  facet normal 0 0 1
    outer loop
      vertex 71.0823 63.1487 2
      vertex 71.0823 60.9273 2
      vertex 71.2199 61.048 2
    endloop
  endfacet
  facet normal 0 0 1
    outer loop
      vertex 70.93 63.2504 2
      vertex 71.0823 60.9273 2
      vertex 71.0823 63.1487 2
    endloop
  endfacet
  facet normal 0 0 1
    outer loop
      vertex 70.93 63.2504 2
      vertex 70.93 60.8256 2
      vertex 71.0823 60.9273 2
    endloop
  endfacet
  facet normal 0 0 1
    outer loop
      vertex 70.7658 63.3314 2
      vertex 70.93 60.8256 2
      vertex 70.93 63.2504 2
    endloop
  endfacet
  facet normal 0 0 1
    outer loop
      vertex 70.7658 63.3314 2
      vertex 70.7658 60.7446 2
      vertex 70.93 60.8256 2
    endloop
  endfacet
  facet normal 0 0 1
    outer loop
      vertex 70.5923 63.3903 2
      vertex 70.7658 60.7446 2
      vertex 70.7658 63.3314 2
    endloop
  endfacet
  facet normal 0 0 1
    outer loop
      vertex 70.5923 63.3903 2
      vertex 70.5923 60.6857 2
      vertex 70.7658 60.7446 2
    endloop
  endfacet
  facet normal 0 0 1
    outer loop
      vertex 70.4127 63.426 2
      vertex 70.5923 60.6857 2
      vertex 70.5923 63.3903 2
    endloop
  endfacet
  facet normal 0 0 1
    outer loop
      vertex 70.4127 63.426 2
      vertex 70.4127 60.65 2
      vertex 70.5923 60.6857 2
    endloop
  endfacet
  facet normal 0 0 1
    outer loop
      vertex 70.23 63.438 2
      vertex 70.4127 60.65 2
      vertex 70.4127 63.426 2
    endloop
  endfacet
  facet normal 0 0 1
    outer loop
      vertex 70.23 63.438 2
      vertex 70.23 60.638 2
      vertex 70.4127 60.65 2
    endloop
  endfacet
  facet normal -0 0 1
    outer loop
      vertex 70.0473 63.426 2
      vertex 70.23 60.638 2
      vertex 70.23 63.438 2
    endloop
  endfacet
  facet normal 0 0 1
    outer loop
      vertex 70.0473 63.426 2
      vertex 70.0473 60.65 2
      vertex 70.23 60.638 2
    endloop
  endfacet
  facet normal -0 0 1
    outer loop
      vertex 69.8677 63.3903 2
      vertex 70.0473 60.65 2
      vertex 70.0473 63.426 2
    endloop
  endfacet
  facet normal 0 0 1
    outer loop
      vertex 69.8677 63.3903 2
      vertex 69.8677 60.6857 2
      vertex 70.0473 60.65 2
    endloop
  endfacet
  facet normal -0 0 1
    outer loop
      vertex 69.6942 63.3314 2
      vertex 69.8677 60.6857 2
      vertex 69.8677 63.3903 2
    endloop
  endfacet
  facet normal 0 0 1
    outer loop
      vertex 69.6942 63.3314 2
      vertex 69.6942 60.7446 2
      vertex 69.8677 60.6857 2
    endloop
  endfacet
  facet normal -0 0 1
    outer loop
      vertex 69.53 63.2504 2
      vertex 69.6942 60.7446 2
      vertex 69.6942 63.3314 2
    endloop
  endfacet
  facet normal 0 0 1
    outer loop
      vertex 69.53 63.2504 2
      vertex 69.53 60.8256 2
      vertex 69.6942 60.7446 2
    endloop
  endfacet
  facet normal -0 0 1
    outer loop
      vertex 69.3777 63.1487 2
      vertex 69.53 60.8256 2
      vertex 69.53 63.2504 2
    endloop
  endfacet
  facet normal 0 0 1
    outer loop
      vertex 69.3777 63.1487 2
      vertex 69.3777 60.9273 2
      vertex 69.53 60.8256 2
    endloop
  endfacet
  facet normal -0 0 1
    outer loop
      vertex 69.2401 63.028 2
      vertex 69.3777 60.9273 2
      vertex 69.3777 63.1487 2
    endloop
  endfacet
  facet normal 0 0 1
    outer loop
      vertex 69.2401 63.028 2
      vertex 69.2401 61.048 2
      vertex 69.3777 60.9273 2
    endloop
  endfacet
  facet normal -0 0 1
    outer loop
      vertex 69.1193 62.8903 2
      vertex 69.2401 61.048 2
      vertex 69.2401 63.028 2
    endloop
  endfacet
  facet normal 0 0 1
    outer loop
      vertex 69.1193 62.8903 2
      vertex 69.1193 61.1857 2
      vertex 69.2401 61.048 2
    endloop
  endfacet
  facet normal -0 0 1
    outer loop
      vertex 69.0176 62.738 2
      vertex 69.1193 61.1857 2
      vertex 69.1193 62.8903 2
    endloop
  endfacet
  facet normal 0 0 1
    outer loop
      vertex 69.0176 62.738 2
      vertex 69.0176 61.338 2
      vertex 69.1193 61.1857 2
    endloop
  endfacet
  facet normal -0 0 1
    outer loop
      vertex 68.9366 62.5738 2
      vertex 69.0176 61.338 2
      vertex 69.0176 62.738 2
    endloop
  endfacet
  facet normal 0 0 1
    outer loop
      vertex 68.9366 62.5738 2
      vertex 68.9366 61.5022 2
      vertex 69.0176 61.338 2
    endloop
  endfacet
  facet normal -0 0 1
    outer loop
      vertex 68.8777 62.4003 2
      vertex 68.9366 61.5022 2
      vertex 68.9366 62.5738 2
    endloop
  endfacet
  facet normal 0 0 1
    outer loop
      vertex 68.8777 62.4003 2
      vertex 68.8777 61.6757 2
      vertex 68.9366 61.5022 2
    endloop
  endfacet
  facet normal -0 0 1
    outer loop
      vertex 68.842 62.2207 2
      vertex 68.8777 61.6757 2
      vertex 68.8777 62.4003 2
    endloop
  endfacet
  facet normal 0 0 1
    outer loop
      vertex 68.842 62.2207 2
      vertex 68.842 61.8553 2
      vertex 68.8777 61.6757 2
    endloop
  endfacet
  facet normal 0 -0 1
    outer loop
      vertex 68.842 61.8553 2
      vertex 68.842 62.2207 2
      vertex 68.83 62.038 2
    endloop
  endfacet
  facet normal 0.442401 -0.896817 0
    outer loop
      vertex 69.53 63.2504 2
      vertex 69.6942 63.3314 7.5
      vertex 69.53 63.2504 7.5
    endloop
  endfacet
  facet normal 0.442401 -0.896817 0
    outer loop
      vertex 69.6942 63.3314 7.5
      vertex 69.53 63.2504 2
      vertex 69.6942 63.3314 2
    endloop
  endfacet
  facet normal -0.896817 0.442401 0
    outer loop
      vertex 71.4424 61.338 2
      vertex 71.5234 61.5022 7.5
      vertex 71.5234 61.5022 2
    endloop
  endfacet
  facet normal -0.896817 0.442401 0
    outer loop
      vertex 71.5234 61.5022 7.5
      vertex 71.4424 61.338 2
      vertex 71.4424 61.338 7.5
    endloop
  endfacet
  facet normal 0.659432 -0.751764 0
    outer loop
      vertex 69.2401 63.028 2
      vertex 69.3777 63.1487 7.5
      vertex 69.2401 63.028 7.5
    endloop
  endfacet
  facet normal 0.659432 -0.751764 0
    outer loop
      vertex 69.3777 63.1487 7.5
      vertex 69.2401 63.028 2
      vertex 69.3777 63.1487 2
    endloop
  endfacet
  facet normal 0.321462 0.946922 -0
    outer loop
      vertex 69.8677 60.6857 2
      vertex 69.6942 60.7446 7.5
      vertex 69.8677 60.6857 7.5
    endloop
  endfacet
  facet normal 0.321462 0.946922 0
    outer loop
      vertex 69.6942 60.7446 7.5
      vertex 69.8677 60.6857 2
      vertex 69.6942 60.7446 2
    endloop
  endfacet
  facet normal 0.55533 -0.83163 0
    outer loop
      vertex 69.3777 63.1487 2
      vertex 69.53 63.2504 7.5
      vertex 69.3777 63.1487 7.5
    endloop
  endfacet
  facet normal 0.55533 -0.83163 0
    outer loop
      vertex 69.53 63.2504 7.5
      vertex 69.3777 63.1487 2
      vertex 69.53 63.2504 2
    endloop
  endfacet
  facet normal -0.83163 0.55533 0
    outer loop
      vertex 71.3407 61.1857 2
      vertex 71.4424 61.338 7.5
      vertex 71.4424 61.338 2
    endloop
  endfacet
  facet normal -0.83163 0.55533 0
    outer loop
      vertex 71.4424 61.338 7.5
      vertex 71.3407 61.1857 2
      vertex 71.3407 61.1857 7.5
    endloop
  endfacet
  facet normal -0.442401 -0.896817 0
    outer loop
      vertex 70.7658 63.3314 2
      vertex 70.93 63.2504 7.5
      vertex 70.7658 63.3314 7.5
    endloop
  endfacet
  facet normal -0.442401 -0.896817 -0
    outer loop
      vertex 70.93 63.2504 7.5
      vertex 70.7658 63.3314 2
      vertex 70.93 63.2504 2
    endloop
  endfacet
  facet normal 0.980811 0.194961 0
    outer loop
      vertex 68.8777 61.6757 7.5
      vertex 68.842 61.8553 2
      vertex 68.842 61.8553 7.5
    endloop
  endfacet
  facet normal 0.980811 0.194961 0
    outer loop
      vertex 68.842 61.8553 2
      vertex 68.8777 61.6757 7.5
      vertex 68.8777 61.6757 2
    endloop
  endfacet
  facet normal -0.194961 0.980811 0
    outer loop
      vertex 70.5923 60.6857 2
      vertex 70.4127 60.65 7.5
      vertex 70.5923 60.6857 7.5
    endloop
  endfacet
  facet normal -0.194961 0.980811 0
    outer loop
      vertex 70.4127 60.65 7.5
      vertex 70.5923 60.6857 2
      vertex 70.4127 60.65 2
    endloop
  endfacet
  facet normal -0.99785 0.0655402 0
    outer loop
      vertex 71.618 61.8553 2
      vertex 71.63 62.038 7.5
      vertex 71.63 62.038 2
    endloop
  endfacet
  facet normal -0.99785 0.0655402 0
    outer loop
      vertex 71.63 62.038 7.5
      vertex 71.618 61.8553 2
      vertex 71.618 61.8553 7.5
    endloop
  endfacet
  facet normal -0.980811 0.194961 0
    outer loop
      vertex 71.5823 61.6757 2
      vertex 71.618 61.8553 7.5
      vertex 71.618 61.8553 2
    endloop
  endfacet
  facet normal -0.980811 0.194961 0
    outer loop
      vertex 71.618 61.8553 7.5
      vertex 71.5823 61.6757 2
      vertex 71.5823 61.6757 7.5
    endloop
  endfacet
  facet normal 0.83163 -0.55533 0
    outer loop
      vertex 69.0176 62.738 7.5
      vertex 69.1193 62.8903 2
      vertex 69.1193 62.8903 7.5
    endloop
  endfacet
  facet normal 0.83163 -0.55533 0
    outer loop
      vertex 69.1193 62.8903 2
      vertex 69.0176 62.738 7.5
      vertex 69.0176 62.738 2
    endloop
  endfacet
  facet normal 0.946922 -0.321462 0
    outer loop
      vertex 68.8777 62.4003 7.5
      vertex 68.9366 62.5738 2
      vertex 68.9366 62.5738 7.5
    endloop
  endfacet
  facet normal 0.946922 -0.321462 0
    outer loop
      vertex 68.9366 62.5738 2
      vertex 68.8777 62.4003 7.5
      vertex 68.8777 62.4003 2
    endloop
  endfacet
  facet normal 0.0655402 -0.99785 0
    outer loop
      vertex 70.0473 63.426 2
      vertex 70.23 63.438 7.5
      vertex 70.0473 63.426 7.5
    endloop
  endfacet
  facet normal 0.0655402 -0.99785 0
    outer loop
      vertex 70.23 63.438 7.5
      vertex 70.0473 63.426 2
      vertex 70.23 63.438 2
    endloop
  endfacet
  facet normal -0.0655402 0.99785 0
    outer loop
      vertex 70.4127 60.65 2
      vertex 70.23 60.638 7.5
      vertex 70.4127 60.65 7.5
    endloop
  endfacet
  facet normal -0.0655402 0.99785 0
    outer loop
      vertex 70.23 60.638 7.5
      vertex 70.4127 60.65 2
      vertex 70.23 60.638 2
    endloop
  endfacet
  facet normal -0.751731 0.65947 0
    outer loop
      vertex 71.2199 61.048 2
      vertex 71.3407 61.1857 7.5
      vertex 71.3407 61.1857 2
    endloop
  endfacet
  facet normal -0.751731 0.65947 0
    outer loop
      vertex 71.3407 61.1857 7.5
      vertex 71.2199 61.048 2
      vertex 71.2199 61.048 7.5
    endloop
  endfacet
  facet normal 0.83163 0.55533 0
    outer loop
      vertex 69.1193 61.1857 7.5
      vertex 69.0176 61.338 2
      vertex 69.0176 61.338 7.5
    endloop
  endfacet
  facet normal 0.83163 0.55533 0
    outer loop
      vertex 69.0176 61.338 2
      vertex 69.1193 61.1857 7.5
      vertex 69.1193 61.1857 2
    endloop
  endfacet
  facet normal 0.99785 -0.0655402 0
    outer loop
      vertex 68.83 62.038 7.5
      vertex 68.842 62.2207 2
      vertex 68.842 62.2207 7.5
    endloop
  endfacet
  facet normal 0.99785 -0.0655402 0
    outer loop
      vertex 68.842 62.2207 2
      vertex 68.83 62.038 7.5
      vertex 68.83 62.038 2
    endloop
  endfacet
  facet normal -0.55533 0.83163 0
    outer loop
      vertex 71.0823 60.9273 2
      vertex 70.93 60.8256 7.5
      vertex 71.0823 60.9273 7.5
    endloop
  endfacet
  facet normal -0.55533 0.83163 0
    outer loop
      vertex 70.93 60.8256 7.5
      vertex 71.0823 60.9273 2
      vertex 70.93 60.8256 2
    endloop
  endfacet
  facet normal 0.896817 -0.442401 0
    outer loop
      vertex 68.9366 62.5738 7.5
      vertex 69.0176 62.738 2
      vertex 69.0176 62.738 7.5
    endloop
  endfacet
  facet normal 0.896817 -0.442401 0
    outer loop
      vertex 69.0176 62.738 2
      vertex 68.9366 62.5738 7.5
      vertex 68.9366 62.5738 2
    endloop
  endfacet
  facet normal 0.751731 0.65947 0
    outer loop
      vertex 69.2401 61.048 7.5
      vertex 69.1193 61.1857 2
      vertex 69.1193 61.1857 7.5
    endloop
  endfacet
  facet normal 0.751731 0.65947 0
    outer loop
      vertex 69.1193 61.1857 2
      vertex 69.2401 61.048 7.5
      vertex 69.2401 61.048 2
    endloop
  endfacet
  facet normal -0.659432 -0.751764 0
    outer loop
      vertex 71.0823 63.1487 2
      vertex 71.2199 63.028 7.5
      vertex 71.0823 63.1487 7.5
    endloop
  endfacet
  facet normal -0.659432 -0.751764 -0
    outer loop
      vertex 71.2199 63.028 7.5
      vertex 71.0823 63.1487 2
      vertex 71.2199 63.028 2
    endloop
  endfacet
  facet normal -0.751731 -0.65947 0
    outer loop
      vertex 71.3407 62.8903 2
      vertex 71.2199 63.028 7.5
      vertex 71.2199 63.028 2
    endloop
  endfacet
  facet normal -0.751731 -0.65947 0
    outer loop
      vertex 71.2199 63.028 7.5
      vertex 71.3407 62.8903 2
      vertex 71.3407 62.8903 7.5
    endloop
  endfacet
  facet normal -0.659432 0.751764 0
    outer loop
      vertex 71.2199 61.048 2
      vertex 71.0823 60.9273 7.5
      vertex 71.2199 61.048 7.5
    endloop
  endfacet
  facet normal -0.659432 0.751764 0
    outer loop
      vertex 71.0823 60.9273 7.5
      vertex 71.2199 61.048 2
      vertex 71.0823 60.9273 2
    endloop
  endfacet
  facet normal 0.55533 0.83163 -0
    outer loop
      vertex 69.53 60.8256 2
      vertex 69.3777 60.9273 7.5
      vertex 69.53 60.8256 7.5
    endloop
  endfacet
  facet normal 0.55533 0.83163 0
    outer loop
      vertex 69.3777 60.9273 7.5
      vertex 69.53 60.8256 2
      vertex 69.3777 60.9273 2
    endloop
  endfacet
  facet normal -0.980792 -0.195055 0
    outer loop
      vertex 7.38802 6.18274 2
      vertex 7.3523 6.36235 7.5
      vertex 7.3523 6.36235 2
    endloop
  endfacet
  facet normal -0.980792 -0.195055 0
    outer loop
      vertex 7.3523 6.36235 7.5
      vertex 7.38802 6.18274 2
      vertex 7.38802 6.18274 7.5
    endloop
  endfacet
  facet normal -0.997858 -0.0654172 0
    outer loop
      vertex 7.4 6 2
      vertex 7.38802 6.18274 7.5
      vertex 7.38802 6.18274 2
    endloop
  endfacet
  facet normal -0.997858 -0.0654172 0
    outer loop
      vertex 7.38802 6.18274 7.5
      vertex 7.4 6 2
      vertex 7.4 6 7.5
    endloop
  endfacet
  facet normal -0.946921 -0.321465 0
    outer loop
      vertex 7.3523 6.36235 2
      vertex 7.29343 6.53576 7.5
      vertex 7.29343 6.53576 2
    endloop
  endfacet
  facet normal -0.946921 -0.321465 0
    outer loop
      vertex 7.29343 6.53576 7.5
      vertex 7.3523 6.36235 2
      vertex 7.3523 6.36235 7.5
    endloop
  endfacet
  facet normal -0.321465 -0.946921 0
    outer loop
      vertex 6.36235 7.3523 2
      vertex 6.53576 7.29343 7.5
      vertex 6.36235 7.3523 7.5
    endloop
  endfacet
  facet normal -0.321465 -0.946921 -0
    outer loop
      vertex 6.53576 7.29343 7.5
      vertex 6.36235 7.3523 2
      vertex 6.53576 7.29343 2
    endloop
  endfacet
  facet normal 0.997858 -0.0654172 0
    outer loop
      vertex 4.6 6 7.5
      vertex 4.61198 6.18274 2
      vertex 4.61198 6.18274 7.5
    endloop
  endfacet
  facet normal 0.997858 -0.0654172 0
    outer loop
      vertex 4.61198 6.18274 2
      vertex 4.6 6 7.5
      vertex 4.6 6 2
    endloop
  endfacet
  facet normal 0.321465 0.946921 -0
    outer loop
      vertex 5.63765 4.6477 2
      vertex 5.46424 4.70657 7.5
      vertex 5.63765 4.6477 7.5
    endloop
  endfacet
  facet normal 0.321465 0.946921 0
    outer loop
      vertex 5.46424 4.70657 7.5
      vertex 5.63765 4.6477 2
      vertex 5.46424 4.70657 2
    endloop
  endfacet
  facet normal -0.555595 0.831453 0
    outer loop
      vertex 6.85227 4.88931 2
      vertex 6.7 4.78756 7.5
      vertex 6.85227 4.88931 7.5
    endloop
  endfacet
  facet normal -0.555595 0.831453 0
    outer loop
      vertex 6.7 4.78756 7.5
      vertex 6.85227 4.88931 2
      vertex 6.7 4.78756 2
    endloop
  endfacet
  facet normal -0.89686 -0.442314 0
    outer loop
      vertex 7.29343 6.53576 2
      vertex 7.21243 6.7 7.5
      vertex 7.21243 6.7 2
    endloop
  endfacet
  facet normal -0.89686 -0.442314 0
    outer loop
      vertex 7.21243 6.7 7.5
      vertex 7.29343 6.53576 2
      vertex 7.29343 6.53576 7.5
    endloop
  endfacet
  facet normal 0.0654172 0.997858 -0
    outer loop
      vertex 6 4.6 2
      vertex 5.81726 4.61198 7.5
      vertex 6 4.6 7.5
    endloop
  endfacet
  facet normal 0.0654172 0.997858 0
    outer loop
      vertex 5.81726 4.61198 7.5
      vertex 6 4.6 2
      vertex 5.81726 4.61198 2
    endloop
  endfacet
  facet normal -0.997858 0.0654172 0
    outer loop
      vertex 7.38802 5.81726 2
      vertex 7.4 6 7.5
      vertex 7.4 6 2
    endloop
  endfacet
  facet normal -0.997858 0.0654172 0
    outer loop
      vertex 7.4 6 7.5
      vertex 7.38802 5.81726 2
      vertex 7.38802 5.81726 7.5
    endloop
  endfacet
  facet normal 0.751846 -0.659339 0
    outer loop
      vertex 4.88931 6.85227 7.5
      vertex 5.01005 6.98995 2
      vertex 5.01005 6.98995 7.5
    endloop
  endfacet
  facet normal 0.751846 -0.659339 0
    outer loop
      vertex 5.01005 6.98995 2
      vertex 4.88931 6.85227 7.5
      vertex 4.88931 6.85227 2
    endloop
  endfacet
  facet normal -0.321465 0.946921 0
    outer loop
      vertex 6.53576 4.70657 2
      vertex 6.36235 4.6477 7.5
      vertex 6.53576 4.70657 7.5
    endloop
  endfacet
  facet normal -0.321465 0.946921 0
    outer loop
      vertex 6.36235 4.6477 7.5
      vertex 6.53576 4.70657 2
      vertex 6.36235 4.6477 2
    endloop
  endfacet
  facet normal 0.831453 0.555595 0
    outer loop
      vertex 4.88931 5.14773 7.5
      vertex 4.78756 5.3 2
      vertex 4.78756 5.3 7.5
    endloop
  endfacet
  facet normal 0.831453 0.555595 0
    outer loop
      vertex 4.78756 5.3 2
      vertex 4.88931 5.14773 7.5
      vertex 4.88931 5.14773 2
    endloop
  endfacet
  facet normal -0.980792 0.195055 0
    outer loop
      vertex 7.3523 5.63765 2
      vertex 7.38802 5.81726 7.5
      vertex 7.38802 5.81726 2
    endloop
  endfacet
  facet normal -0.980792 0.195055 0
    outer loop
      vertex 7.38802 5.81726 7.5
      vertex 7.3523 5.63765 2
      vertex 7.3523 5.63765 7.5
    endloop
  endfacet
  facet normal -0.89686 0.442314 0
    outer loop
      vertex 7.21243 5.3 2
      vertex 7.29343 5.46424 7.5
      vertex 7.29343 5.46424 2
    endloop
  endfacet
  facet normal -0.89686 0.442314 0
    outer loop
      vertex 7.29343 5.46424 7.5
      vertex 7.21243 5.3 2
      vertex 7.21243 5.3 7.5
    endloop
  endfacet
  facet normal 0.44227 0.896882 -0
    outer loop
      vertex 5.46424 4.70657 2
      vertex 5.3 4.78756 7.5
      vertex 5.46424 4.70657 7.5
    endloop
  endfacet
  facet normal 0.44227 0.896882 0
    outer loop
      vertex 5.3 4.78756 7.5
      vertex 5.46424 4.70657 2
      vertex 5.3 4.78756 2
    endloop
  endfacet
  facet normal 0.0654172 -0.997858 0
    outer loop
      vertex 5.81726 7.38802 2
      vertex 6 7.4 7.5
      vertex 5.81726 7.38802 7.5
    endloop
  endfacet
  facet normal 0.0654172 -0.997858 0
    outer loop
      vertex 6 7.4 7.5
      vertex 5.81726 7.38802 2
      vertex 6 7.4 2
    endloop
  endfacet
  facet normal 0.946921 0.321465 0
    outer loop
      vertex 4.70657 5.46424 7.5
      vertex 4.6477 5.63765 2
      vertex 4.6477 5.63765 7.5
    endloop
  endfacet
  facet normal 0.946921 0.321465 0
    outer loop
      vertex 4.6477 5.63765 2
      vertex 4.70657 5.46424 7.5
      vertex 4.70657 5.46424 2
    endloop
  endfacet
  facet normal 0.659339 0.751846 -0
    outer loop
      vertex 5.14773 4.88931 2
      vertex 5.01005 5.01005 7.5
      vertex 5.14773 4.88931 7.5
    endloop
  endfacet
  facet normal 0.659339 0.751846 0
    outer loop
      vertex 5.01005 5.01005 7.5
      vertex 5.14773 4.88931 2
      vertex 5.01005 5.01005 2
    endloop
  endfacet
  facet normal 0.321465 -0.946921 0
    outer loop
      vertex 5.46424 7.29343 2
      vertex 5.63765 7.3523 7.5
      vertex 5.46424 7.29343 7.5
    endloop
  endfacet
  facet normal 0.321465 -0.946921 0
    outer loop
      vertex 5.63765 7.3523 7.5
      vertex 5.46424 7.29343 2
      vertex 5.63765 7.3523 2
    endloop
  endfacet
  facet normal 0.555595 0.831453 -0
    outer loop
      vertex 5.3 4.78756 2
      vertex 5.14773 4.88931 7.5
      vertex 5.3 4.78756 7.5
    endloop
  endfacet
  facet normal 0.555595 0.831453 0
    outer loop
      vertex 5.14773 4.88931 7.5
      vertex 5.3 4.78756 2
      vertex 5.14773 4.88931 2
    endloop
  endfacet
  facet normal -0.44227 0.896882 0
    outer loop
      vertex 6.7 4.78756 2
      vertex 6.53576 4.70657 7.5
      vertex 6.7 4.78756 7.5
    endloop
  endfacet
  facet normal -0.44227 0.896882 0
    outer loop
      vertex 6.53576 4.70657 7.5
      vertex 6.7 4.78756 2
      vertex 6.53576 4.70657 2
    endloop
  endfacet
  facet normal -0.195055 0.980792 0
    outer loop
      vertex 6.36235 4.6477 2
      vertex 6.18274 4.61198 7.5
      vertex 6.36235 4.6477 7.5
    endloop
  endfacet
  facet normal -0.195055 0.980792 0
    outer loop
      vertex 6.18274 4.61198 7.5
      vertex 6.36235 4.6477 2
      vertex 6.18274 4.61198 2
    endloop
  endfacet
  facet normal 0.751846 0.659339 0
    outer loop
      vertex 5.01005 5.01005 7.5
      vertex 4.88931 5.14773 2
      vertex 4.88931 5.14773 7.5
    endloop
  endfacet
  facet normal 0.751846 0.659339 0
    outer loop
      vertex 4.88931 5.14773 2
      vertex 5.01005 5.01005 7.5
      vertex 5.01005 5.01005 2
    endloop
  endfacet
  facet normal -0.831479 -0.555557 0
    outer loop
      vertex 7.21243 6.7 2
      vertex 7.11069 6.85227 7.5
      vertex 7.11069 6.85227 2
    endloop
  endfacet
  facet normal -0.831479 -0.555557 0
    outer loop
      vertex 7.11069 6.85227 7.5
      vertex 7.21243 6.7 2
      vertex 7.21243 6.7 7.5
    endloop
  endfacet
  facet normal 0.195055 -0.980792 0
    outer loop
      vertex 5.63765 7.3523 2
      vertex 5.81726 7.38802 7.5
      vertex 5.63765 7.3523 7.5
    endloop
  endfacet
  facet normal 0.195055 -0.980792 0
    outer loop
      vertex 5.81726 7.38802 7.5
      vertex 5.63765 7.3523 2
      vertex 5.81726 7.38802 2
    endloop
  endfacet
  facet normal -0.751846 -0.659339 0
    outer loop
      vertex 7.11069 6.85227 2
      vertex 6.98995 6.98995 7.5
      vertex 6.98995 6.98995 2
    endloop
  endfacet
  facet normal -0.751846 -0.659339 0
    outer loop
      vertex 6.98995 6.98995 7.5
      vertex 7.11069 6.85227 2
      vertex 7.11069 6.85227 7.5
    endloop
  endfacet
  facet normal 0.555557 -0.831479 0
    outer loop
      vertex 5.14773 7.11069 2
      vertex 5.3 7.21243 7.5
      vertex 5.14773 7.11069 7.5
    endloop
  endfacet
  facet normal 0.555557 -0.831479 0
    outer loop
      vertex 5.3 7.21243 7.5
      vertex 5.14773 7.11069 2
      vertex 5.3 7.21243 2
    endloop
  endfacet
  facet normal -0.659339 -0.751846 0
    outer loop
      vertex 6.85227 7.11069 2
      vertex 6.98995 6.98995 7.5
      vertex 6.85227 7.11069 7.5
    endloop
  endfacet
  facet normal -0.659339 -0.751846 -0
    outer loop
      vertex 6.98995 6.98995 7.5
      vertex 6.85227 7.11069 2
      vertex 6.98995 6.98995 2
    endloop
  endfacet
  facet normal -0.0654172 -0.997858 0
    outer loop
      vertex 6 7.4 2
      vertex 6.18274 7.38802 7.5
      vertex 6 7.4 7.5
    endloop
  endfacet
  facet normal -0.0654172 -0.997858 -0
    outer loop
      vertex 6.18274 7.38802 7.5
      vertex 6 7.4 2
      vertex 6.18274 7.38802 2
    endloop
  endfacet
  facet normal 0.831453 -0.555595 0
    outer loop
      vertex 4.78756 6.7 7.5
      vertex 4.88931 6.85227 2
      vertex 4.88931 6.85227 7.5
    endloop
  endfacet
  facet normal 0.831453 -0.555595 0
    outer loop
      vertex 4.88931 6.85227 2
      vertex 4.78756 6.7 7.5
      vertex 4.78756 6.7 2
    endloop
  endfacet
  facet normal 0.442314 -0.89686 0
    outer loop
      vertex 5.3 7.21243 2
      vertex 5.46424 7.29343 7.5
      vertex 5.3 7.21243 7.5
    endloop
  endfacet
  facet normal 0.442314 -0.89686 0
    outer loop
      vertex 5.46424 7.29343 7.5
      vertex 5.3 7.21243 2
      vertex 5.46424 7.29343 2
    endloop
  endfacet
  facet normal -0.946921 0.321465 0
    outer loop
      vertex 7.29343 5.46424 2
      vertex 7.3523 5.63765 7.5
      vertex 7.3523 5.63765 2
    endloop
  endfacet
  facet normal -0.946921 0.321465 0
    outer loop
      vertex 7.3523 5.63765 7.5
      vertex 7.29343 5.46424 2
      vertex 7.29343 5.46424 7.5
    endloop
  endfacet
  facet normal -0.659339 0.751846 0
    outer loop
      vertex 6.98995 5.01005 2
      vertex 6.85227 4.88931 7.5
      vertex 6.98995 5.01005 7.5
    endloop
  endfacet
  facet normal -0.659339 0.751846 0
    outer loop
      vertex 6.85227 4.88931 7.5
      vertex 6.98995 5.01005 2
      vertex 6.85227 4.88931 2
    endloop
  endfacet
  facet normal 0.946921 -0.321465 0
    outer loop
      vertex 4.6477 6.36235 7.5
      vertex 4.70657 6.53576 2
      vertex 4.70657 6.53576 7.5
    endloop
  endfacet
  facet normal 0.946921 -0.321465 0
    outer loop
      vertex 4.70657 6.53576 2
      vertex 4.6477 6.36235 7.5
      vertex 4.6477 6.36235 2
    endloop
  endfacet
  facet normal 0.896882 0.44227 0
    outer loop
      vertex 4.78756 5.3 7.5
      vertex 4.70657 5.46424 2
      vertex 4.70657 5.46424 7.5
    endloop
  endfacet
  facet normal 0.896882 0.44227 0
    outer loop
      vertex 4.70657 5.46424 2
      vertex 4.78756 5.3 7.5
      vertex 4.78756 5.3 2
    endloop
  endfacet
  facet normal -0.751846 0.659339 0
    outer loop
      vertex 6.98995 5.01005 2
      vertex 7.11069 5.14773 7.5
      vertex 7.11069 5.14773 2
    endloop
  endfacet
  facet normal -0.751846 0.659339 0
    outer loop
      vertex 7.11069 5.14773 7.5
      vertex 6.98995 5.01005 2
      vertex 6.98995 5.01005 7.5
    endloop
  endfacet
  facet normal 0.980792 -0.195055 0
    outer loop
      vertex 4.61198 6.18274 7.5
      vertex 4.6477 6.36235 2
      vertex 4.6477 6.36235 7.5
    endloop
  endfacet
  facet normal 0.980792 -0.195055 0
    outer loop
      vertex 4.6477 6.36235 2
      vertex 4.61198 6.18274 7.5
      vertex 4.61198 6.18274 2
    endloop
  endfacet
  facet normal -0.442314 -0.89686 0
    outer loop
      vertex 6.53576 7.29343 2
      vertex 6.7 7.21243 7.5
      vertex 6.53576 7.29343 7.5
    endloop
  endfacet
  facet normal -0.442314 -0.89686 -0
    outer loop
      vertex 6.7 7.21243 7.5
      vertex 6.53576 7.29343 2
      vertex 6.7 7.21243 2
    endloop
  endfacet
  facet normal -0.555557 -0.831479 0
    outer loop
      vertex 6.7 7.21243 2
      vertex 6.85227 7.11069 7.5
      vertex 6.7 7.21243 7.5
    endloop
  endfacet
  facet normal -0.555557 -0.831479 -0
    outer loop
      vertex 6.85227 7.11069 7.5
      vertex 6.7 7.21243 2
      vertex 6.85227 7.11069 2
    endloop
  endfacet
  facet normal 0 0 1
    outer loop
      vertex 7.38802 6.18274 2
      vertex 7.38802 5.81726 2
      vertex 7.4 6 2
    endloop
  endfacet
  facet normal 0 0 1
    outer loop
      vertex 7.3523 6.36235 2
      vertex 7.38802 5.81726 2
      vertex 7.38802 6.18274 2
    endloop
  endfacet
  facet normal 0 0 1
    outer loop
      vertex 7.3523 6.36235 2
      vertex 7.3523 5.63765 2
      vertex 7.38802 5.81726 2
    endloop
  endfacet
  facet normal 0 0 1
    outer loop
      vertex 7.29343 6.53576 2
      vertex 7.3523 5.63765 2
      vertex 7.3523 6.36235 2
    endloop
  endfacet
  facet normal 0 0 1
    outer loop
      vertex 7.29343 6.53576 2
      vertex 7.29343 5.46424 2
      vertex 7.3523 5.63765 2
    endloop
  endfacet
  facet normal 0 0 1
    outer loop
      vertex 7.21243 6.7 2
      vertex 7.29343 5.46424 2
      vertex 7.29343 6.53576 2
    endloop
  endfacet
  facet normal 0 0 1
    outer loop
      vertex 7.21243 6.7 2
      vertex 7.21243 5.3 2
      vertex 7.29343 5.46424 2
    endloop
  endfacet
  facet normal 0 0 1
    outer loop
      vertex 7.11069 6.85227 2
      vertex 7.21243 5.3 2
      vertex 7.21243 6.7 2
    endloop
  endfacet
  facet normal 0 0 1
    outer loop
      vertex 7.11069 6.85227 2
      vertex 7.11069 5.14773 2
      vertex 7.21243 5.3 2
    endloop
  endfacet
  facet normal 0 0 1
    outer loop
      vertex 6.98995 6.98995 2
      vertex 7.11069 5.14773 2
      vertex 7.11069 6.85227 2
    endloop
  endfacet
  facet normal 0 0 1
    outer loop
      vertex 6.98995 6.98995 2
      vertex 6.98995 5.01005 2
      vertex 7.11069 5.14773 2
    endloop
  endfacet
  facet normal 0 0 1
    outer loop
      vertex 6.85227 7.11069 2
      vertex 6.98995 5.01005 2
      vertex 6.98995 6.98995 2
    endloop
  endfacet
  facet normal 0 0 1
    outer loop
      vertex 6.85227 7.11069 2
      vertex 6.85227 4.88931 2
      vertex 6.98995 5.01005 2
    endloop
  endfacet
  facet normal 0 0 1
    outer loop
      vertex 6.7 7.21243 2
      vertex 6.85227 4.88931 2
      vertex 6.85227 7.11069 2
    endloop
  endfacet
  facet normal 0 0 1
    outer loop
      vertex 6.7 7.21243 2
      vertex 6.7 4.78756 2
      vertex 6.85227 4.88931 2
    endloop
  endfacet
  facet normal 0 0 1
    outer loop
      vertex 6.53576 7.29343 2
      vertex 6.7 4.78756 2
      vertex 6.7 7.21243 2
    endloop
  endfacet
  facet normal 0 0 1
    outer loop
      vertex 6.53576 7.29343 2
      vertex 6.53576 4.70657 2
      vertex 6.7 4.78756 2
    endloop
  endfacet
  facet normal 0 0 1
    outer loop
      vertex 6.36235 7.3523 2
      vertex 6.53576 4.70657 2
      vertex 6.53576 7.29343 2
    endloop
  endfacet
  facet normal 0 0 1
    outer loop
      vertex 6.36235 7.3523 2
      vertex 6.36235 4.6477 2
      vertex 6.53576 4.70657 2
    endloop
  endfacet
  facet normal 0 0 1
    outer loop
      vertex 6.18274 7.38802 2
      vertex 6.36235 4.6477 2
      vertex 6.36235 7.3523 2
    endloop
  endfacet
  facet normal 0 0 1
    outer loop
      vertex 6.18274 7.38802 2
      vertex 6.18274 4.61198 2
      vertex 6.36235 4.6477 2
    endloop
  endfacet
  facet normal 0 0 1
    outer loop
      vertex 6 7.4 2
      vertex 6.18274 4.61198 2
      vertex 6.18274 7.38802 2
    endloop
  endfacet
  facet normal 0 0 1
    outer loop
      vertex 6 7.4 2
      vertex 6 4.6 2
      vertex 6.18274 4.61198 2
    endloop
  endfacet
  facet normal -0 0 1
    outer loop
      vertex 5.81726 7.38802 2
      vertex 6 4.6 2
      vertex 6 7.4 2
    endloop
  endfacet
  facet normal 0 0 1
    outer loop
      vertex 5.81726 7.38802 2
      vertex 5.81726 4.61198 2
      vertex 6 4.6 2
    endloop
  endfacet
  facet normal -0 0 1
    outer loop
      vertex 5.63765 7.3523 2
      vertex 5.81726 4.61198 2
      vertex 5.81726 7.38802 2
    endloop
  endfacet
  facet normal 0 0 1
    outer loop
      vertex 5.63765 7.3523 2
      vertex 5.63765 4.6477 2
      vertex 5.81726 4.61198 2
    endloop
  endfacet
  facet normal -0 0 1
    outer loop
      vertex 5.46424 7.29343 2
      vertex 5.63765 4.6477 2
      vertex 5.63765 7.3523 2
    endloop
  endfacet
  facet normal 0 0 1
    outer loop
      vertex 5.46424 7.29343 2
      vertex 5.46424 4.70657 2
      vertex 5.63765 4.6477 2
    endloop
  endfacet
  facet normal -0 0 1
    outer loop
      vertex 5.3 7.21243 2
      vertex 5.46424 4.70657 2
      vertex 5.46424 7.29343 2
    endloop
  endfacet
  facet normal 0 0 1
    outer loop
      vertex 5.3 7.21243 2
      vertex 5.3 4.78756 2
      vertex 5.46424 4.70657 2
    endloop
  endfacet
  facet normal -0 0 1
    outer loop
      vertex 5.14773 7.11069 2
      vertex 5.3 4.78756 2
      vertex 5.3 7.21243 2
    endloop
  endfacet
  facet normal 0 0 1
    outer loop
      vertex 5.14773 7.11069 2
      vertex 5.14773 4.88931 2
      vertex 5.3 4.78756 2
    endloop
  endfacet
  facet normal -0 0 1
    outer loop
      vertex 5.01005 6.98995 2
      vertex 5.14773 4.88931 2
      vertex 5.14773 7.11069 2
    endloop
  endfacet
  facet normal 0 0 1
    outer loop
      vertex 5.01005 6.98995 2
      vertex 5.01005 5.01005 2
      vertex 5.14773 4.88931 2
    endloop
  endfacet
  facet normal -0 0 1
    outer loop
      vertex 4.88931 6.85227 2
      vertex 5.01005 5.01005 2
      vertex 5.01005 6.98995 2
    endloop
  endfacet
  facet normal 0 0 1
    outer loop
      vertex 4.88931 6.85227 2
      vertex 4.88931 5.14773 2
      vertex 5.01005 5.01005 2
    endloop
  endfacet
  facet normal -0 0 1
    outer loop
      vertex 4.78756 6.7 2
      vertex 4.88931 5.14773 2
      vertex 4.88931 6.85227 2
    endloop
  endfacet
  facet normal 0 0 1
    outer loop
      vertex 4.78756 6.7 2
      vertex 4.78756 5.3 2
      vertex 4.88931 5.14773 2
    endloop
  endfacet
  facet normal -0 0 1
    outer loop
      vertex 4.70657 6.53576 2
      vertex 4.78756 5.3 2
      vertex 4.78756 6.7 2
    endloop
  endfacet
  facet normal 0 0 1
    outer loop
      vertex 4.70657 6.53576 2
      vertex 4.70657 5.46424 2
      vertex 4.78756 5.3 2
    endloop
  endfacet
  facet normal -0 0 1
    outer loop
      vertex 4.6477 6.36235 2
      vertex 4.70657 5.46424 2
      vertex 4.70657 6.53576 2
    endloop
  endfacet
  facet normal 0 0 1
    outer loop
      vertex 4.6477 6.36235 2
      vertex 4.6477 5.63765 2
      vertex 4.70657 5.46424 2
    endloop
  endfacet
  facet normal -0 0 1
    outer loop
      vertex 4.61198 6.18274 2
      vertex 4.6477 5.63765 2
      vertex 4.6477 6.36235 2
    endloop
  endfacet
  facet normal 0 0 1
    outer loop
      vertex 4.61198 6.18274 2
      vertex 4.61198 5.81726 2
      vertex 4.6477 5.63765 2
    endloop
  endfacet
  facet normal 0 -0 1
    outer loop
      vertex 4.61198 5.81726 2
      vertex 4.61198 6.18274 2
      vertex 4.6 6 2
    endloop
  endfacet
  facet normal -0.0654172 0.997858 0
    outer loop
      vertex 6.18274 4.61198 2
      vertex 6 4.6 7.5
      vertex 6.18274 4.61198 7.5
    endloop
  endfacet
  facet normal -0.0654172 0.997858 0
    outer loop
      vertex 6 4.6 7.5
      vertex 6.18274 4.61198 2
      vertex 6 4.6 2
    endloop
  endfacet
  facet normal 0.896882 -0.44227 0
    outer loop
      vertex 4.70657 6.53576 7.5
      vertex 4.78756 6.7 2
      vertex 4.78756 6.7 7.5
    endloop
  endfacet
  facet normal 0.896882 -0.44227 0
    outer loop
      vertex 4.78756 6.7 2
      vertex 4.70657 6.53576 7.5
      vertex 4.70657 6.53576 2
    endloop
  endfacet
  facet normal 0.997858 0.0654172 0
    outer loop
      vertex 4.61198 5.81726 7.5
      vertex 4.6 6 2
      vertex 4.6 6 7.5
    endloop
  endfacet
  facet normal 0.997858 0.0654172 0
    outer loop
      vertex 4.6 6 2
      vertex 4.61198 5.81726 7.5
      vertex 4.61198 5.81726 2
    endloop
  endfacet
  facet normal -0.831479 0.555557 0
    outer loop
      vertex 7.11069 5.14773 2
      vertex 7.21243 5.3 7.5
      vertex 7.21243 5.3 2
    endloop
  endfacet
  facet normal -0.831479 0.555557 0
    outer loop
      vertex 7.21243 5.3 7.5
      vertex 7.11069 5.14773 2
      vertex 7.11069 5.14773 7.5
    endloop
  endfacet
  facet normal 0.195055 0.980792 -0
    outer loop
      vertex 5.81726 4.61198 2
      vertex 5.63765 4.6477 7.5
      vertex 5.81726 4.61198 7.5
    endloop
  endfacet
  facet normal 0.195055 0.980792 0
    outer loop
      vertex 5.63765 4.6477 7.5
      vertex 5.81726 4.61198 2
      vertex 5.63765 4.6477 2
    endloop
  endfacet
  facet normal 0.980792 0.195055 0
    outer loop
      vertex 4.6477 5.63765 7.5
      vertex 4.61198 5.81726 2
      vertex 4.61198 5.81726 7.5
    endloop
  endfacet
  facet normal 0.980792 0.195055 0
    outer loop
      vertex 4.61198 5.81726 2
      vertex 4.6477 5.63765 7.5
      vertex 4.6477 5.63765 2
    endloop
  endfacet
  facet normal 0.659339 -0.751846 0
    outer loop
      vertex 5.01005 6.98995 2
      vertex 5.14773 7.11069 7.5
      vertex 5.01005 6.98995 7.5
    endloop
  endfacet
  facet normal 0.659339 -0.751846 0
    outer loop
      vertex 5.14773 7.11069 7.5
      vertex 5.01005 6.98995 2
      vertex 5.14773 7.11069 2
    endloop
  endfacet
  facet normal -0.195055 -0.980792 0
    outer loop
      vertex 6.18274 7.38802 2
      vertex 6.36235 7.3523 7.5
      vertex 6.18274 7.38802 7.5
    endloop
  endfacet
  facet normal -0.195055 -0.980792 -0
    outer loop
      vertex 6.36235 7.3523 7.5
      vertex 6.18274 7.38802 2
      vertex 6.36235 7.3523 2
    endloop
  endfacet
  facet normal -0.980811 -0.194961 0
    outer loop
      vertex 7.38802 70.1827 2
      vertex 7.3523 70.3624 7.5
      vertex 7.3523 70.3624 2
    endloop
  endfacet
  facet normal -0.980811 -0.194961 0
    outer loop
      vertex 7.3523 70.3624 7.5
      vertex 7.38802 70.1827 2
      vertex 7.38802 70.1827 7.5
    endloop
  endfacet
  facet normal -0.997857 -0.0654315 0
    outer loop
      vertex 7.4 70 2
      vertex 7.38802 70.1827 7.5
      vertex 7.38802 70.1827 2
    endloop
  endfacet
  facet normal -0.997857 -0.0654315 0
    outer loop
      vertex 7.38802 70.1827 7.5
      vertex 7.4 70 2
      vertex 7.4 70 7.5
    endloop
  endfacet
  facet normal -0.946916 -0.321482 0
    outer loop
      vertex 7.3523 70.3624 2
      vertex 7.29343 70.5358 7.5
      vertex 7.29343 70.5358 2
    endloop
  endfacet
  facet normal -0.946916 -0.321482 0
    outer loop
      vertex 7.29343 70.5358 7.5
      vertex 7.3523 70.3624 2
      vertex 7.3523 70.3624 7.5
    endloop
  endfacet
  facet normal -0.321612 -0.946872 0
    outer loop
      vertex 6.36235 71.3523 2
      vertex 6.53576 71.2934 7.5
      vertex 6.36235 71.3523 7.5
    endloop
  endfacet
  facet normal -0.321612 -0.946872 -0
    outer loop
      vertex 6.53576 71.2934 7.5
      vertex 6.36235 71.3523 2
      vertex 6.53576 71.2934 2
    endloop
  endfacet
  facet normal 0.997857 -0.0654315 0
    outer loop
      vertex 4.6 70 7.5
      vertex 4.61198 70.1827 2
      vertex 4.61198 70.1827 7.5
    endloop
  endfacet
  facet normal 0.997857 -0.0654315 0
    outer loop
      vertex 4.61198 70.1827 2
      vertex 4.6 70 7.5
      vertex 4.6 70 2
    endloop
  endfacet
  facet normal -0.555406 0.831579 0
    outer loop
      vertex 6.85227 68.8893 2
      vertex 6.7 68.7876 7.5
      vertex 6.85227 68.8893 7.5
    endloop
  endfacet
  facet normal -0.555406 0.831579 0
    outer loop
      vertex 6.7 68.7876 7.5
      vertex 6.85227 68.8893 2
      vertex 6.7 68.7876 2
    endloop
  endfacet
  facet normal -0.896817 -0.442401 0
    outer loop
      vertex 7.29343 70.5358 2
      vertex 7.21243 70.7 7.5
      vertex 7.21243 70.7 2
    endloop
  endfacet
  facet normal -0.896817 -0.442401 0
    outer loop
      vertex 7.21243 70.7 7.5
      vertex 7.29343 70.5358 2
      vertex 7.29343 70.5358 7.5
    endloop
  endfacet
  facet normal 0.0655259 0.997851 -0
    outer loop
      vertex 6 68.6 2
      vertex 5.81726 68.612 7.5
      vertex 6 68.6 7.5
    endloop
  endfacet
  facet normal 0.0655259 0.997851 0
    outer loop
      vertex 5.81726 68.612 7.5
      vertex 6 68.6 2
      vertex 5.81726 68.612 2
    endloop
  endfacet
  facet normal -0.997857 0.0654315 0
    outer loop
      vertex 7.38802 69.8173 2
      vertex 7.4 70 7.5
      vertex 7.4 70 2
    endloop
  endfacet
  facet normal -0.997857 0.0654315 0
    outer loop
      vertex 7.4 70 7.5
      vertex 7.38802 69.8173 2
      vertex 7.38802 69.8173 7.5
    endloop
  endfacet
  facet normal 0.751893 -0.659285 0
    outer loop
      vertex 4.88931 70.8523 7.5
      vertex 5.01005 70.99 2
      vertex 5.01005 70.99 7.5
    endloop
  endfacet
  facet normal 0.751893 -0.659285 0
    outer loop
      vertex 5.01005 70.99 2
      vertex 4.88931 70.8523 7.5
      vertex 4.88931 70.8523 2
    endloop
  endfacet
  facet normal -0.321612 0.946872 0
    outer loop
      vertex 6.53576 68.7066 2
      vertex 6.36235 68.6477 7.5
      vertex 6.53576 68.7066 7.5
    endloop
  endfacet
  facet normal -0.321612 0.946872 0
    outer loop
      vertex 6.36235 68.6477 7.5
      vertex 6.53576 68.7066 2
      vertex 6.36235 68.6477 2
    endloop
  endfacet
  facet normal 0.831504 0.555519 0
    outer loop
      vertex 4.88931 69.1477 7.5
      vertex 4.78756 69.3 2
      vertex 4.78756 69.3 7.5
    endloop
  endfacet
  facet normal 0.831504 0.555519 0
    outer loop
      vertex 4.78756 69.3 2
      vertex 4.88931 69.1477 7.5
      vertex 4.88931 69.1477 2
    endloop
  endfacet
  facet normal -0.980811 0.194961 0
    outer loop
      vertex 7.3523 69.6376 2
      vertex 7.38802 69.8173 7.5
      vertex 7.38802 69.8173 2
    endloop
  endfacet
  facet normal -0.980811 0.194961 0
    outer loop
      vertex 7.38802 69.8173 7.5
      vertex 7.3523 69.6376 2
      vertex 7.3523 69.6376 7.5
    endloop
  endfacet
  facet normal -0.896817 0.442401 0
    outer loop
      vertex 7.21243 69.3 2
      vertex 7.29343 69.4642 7.5
      vertex 7.29343 69.4642 2
    endloop
  endfacet
  facet normal -0.896817 0.442401 0
    outer loop
      vertex 7.29343 69.4642 7.5
      vertex 7.21243 69.3 2
      vertex 7.21243 69.3 7.5
    endloop
  endfacet
  facet normal 0.442314 0.89686 -0
    outer loop
      vertex 5.46424 68.7066 2
      vertex 5.3 68.7876 7.5
      vertex 5.46424 68.7066 7.5
    endloop
  endfacet
  facet normal 0.442314 0.89686 0
    outer loop
      vertex 5.3 68.7876 7.5
      vertex 5.46424 68.7066 2
      vertex 5.3 68.7876 2
    endloop
  endfacet
  facet normal 0.0655259 -0.997851 0
    outer loop
      vertex 5.81726 71.388 2
      vertex 6 71.4 7.5
      vertex 5.81726 71.388 7.5
    endloop
  endfacet
  facet normal 0.0655259 -0.997851 0
    outer loop
      vertex 6 71.4 7.5
      vertex 5.81726 71.388 2
      vertex 6 71.4 2
    endloop
  endfacet
  facet normal 0.946916 0.321482 0
    outer loop
      vertex 4.70657 69.4642 7.5
      vertex 4.6477 69.6376 2
      vertex 4.6477 69.6376 7.5
    endloop
  endfacet
  facet normal 0.946916 0.321482 0
    outer loop
      vertex 4.6477 69.6376 2
      vertex 4.70657 69.4642 7.5
      vertex 4.70657 69.4642 2
    endloop
  endfacet
  facet normal 0.659216 0.751954 -0
    outer loop
      vertex 5.14773 68.8893 2
      vertex 5.01005 69.01 7.5
      vertex 5.14773 68.8893 7.5
    endloop
  endfacet
  facet normal 0.659216 0.751954 0
    outer loop
      vertex 5.01005 69.01 7.5
      vertex 5.14773 68.8893 2
      vertex 5.01005 69.01 2
    endloop
  endfacet
  facet normal 0.321612 -0.946872 0
    outer loop
      vertex 5.46424 71.2934 2
      vertex 5.63765 71.3523 7.5
      vertex 5.46424 71.2934 7.5
    endloop
  endfacet
  facet normal 0.321612 -0.946872 0
    outer loop
      vertex 5.63765 71.3523 7.5
      vertex 5.46424 71.2934 2
      vertex 5.63765 71.3523 2
    endloop
  endfacet
  facet normal 0.555406 0.831579 -0
    outer loop
      vertex 5.3 68.7876 2
      vertex 5.14773 68.8893 7.5
      vertex 5.3 68.7876 7.5
    endloop
  endfacet
  facet normal 0.555406 0.831579 0
    outer loop
      vertex 5.14773 68.8893 7.5
      vertex 5.3 68.7876 2
      vertex 5.14773 68.8893 2
    endloop
  endfacet
  facet normal -0.442314 0.89686 0
    outer loop
      vertex 6.7 68.7876 2
      vertex 6.53576 68.7066 7.5
      vertex 6.7 68.7876 7.5
    endloop
  endfacet
  facet normal -0.442314 0.89686 0
    outer loop
      vertex 6.53576 68.7066 7.5
      vertex 6.7 68.7876 2
      vertex 6.53576 68.7066 2
    endloop
  endfacet
  facet normal -0.19495 0.980813 0
    outer loop
      vertex 6.36235 68.6477 2
      vertex 6.18274 68.612 7.5
      vertex 6.36235 68.6477 7.5
    endloop
  endfacet
  facet normal -0.19495 0.980813 0
    outer loop
      vertex 6.18274 68.612 7.5
      vertex 6.36235 68.6477 2
      vertex 6.18274 68.612 2
    endloop
  endfacet
  facet normal 0.751893 0.659285 0
    outer loop
      vertex 5.01005 69.01 7.5
      vertex 4.88931 69.1477 2
      vertex 4.88931 69.1477 7.5
    endloop
  endfacet
  facet normal 0.751893 0.659285 0
    outer loop
      vertex 4.88931 69.1477 2
      vertex 5.01005 69.01 7.5
      vertex 5.01005 69.01 2
    endloop
  endfacet
  facet normal -0.831529 -0.555481 0
    outer loop
      vertex 7.21243 70.7 2
      vertex 7.11069 70.8523 7.5
      vertex 7.11069 70.8523 2
    endloop
  endfacet
  facet normal -0.831529 -0.555481 0
    outer loop
      vertex 7.11069 70.8523 7.5
      vertex 7.21243 70.7 2
      vertex 7.21243 70.7 7.5
    endloop
  endfacet
  facet normal 0.19495 -0.980813 0
    outer loop
      vertex 5.63765 71.3523 2
      vertex 5.81726 71.388 7.5
      vertex 5.63765 71.3523 7.5
    endloop
  endfacet
  facet normal 0.19495 -0.980813 0
    outer loop
      vertex 5.81726 71.388 7.5
      vertex 5.63765 71.3523 2
      vertex 5.81726 71.388 2
    endloop
  endfacet
  facet normal -0.751893 -0.659285 0
    outer loop
      vertex 7.11069 70.8523 2
      vertex 6.98995 70.99 7.5
      vertex 6.98995 70.99 2
    endloop
  endfacet
  facet normal -0.751893 -0.659285 0
    outer loop
      vertex 6.98995 70.99 7.5
      vertex 7.11069 70.8523 2
      vertex 7.11069 70.8523 7.5
    endloop
  endfacet
  facet normal 0.555406 -0.831579 0
    outer loop
      vertex 5.14773 71.1107 2
      vertex 5.3 71.2124 7.5
      vertex 5.14773 71.1107 7.5
    endloop
  endfacet
  facet normal 0.555406 -0.831579 0
    outer loop
      vertex 5.3 71.2124 7.5
      vertex 5.14773 71.1107 2
      vertex 5.3 71.2124 2
    endloop
  endfacet
  facet normal -0.659216 -0.751954 0
    outer loop
      vertex 6.85227 71.1107 2
      vertex 6.98995 70.99 7.5
      vertex 6.85227 71.1107 7.5
    endloop
  endfacet
  facet normal -0.659216 -0.751954 -0
    outer loop
      vertex 6.98995 70.99 7.5
      vertex 6.85227 71.1107 2
      vertex 6.98995 70.99 2
    endloop
  endfacet
  facet normal -0.0655259 -0.997851 0
    outer loop
      vertex 6 71.4 2
      vertex 6.18274 71.388 7.5
      vertex 6 71.4 7.5
    endloop
  endfacet
  facet normal -0.0655259 -0.997851 -0
    outer loop
      vertex 6.18274 71.388 7.5
      vertex 6 71.4 2
      vertex 6.18274 71.388 2
    endloop
  endfacet
  facet normal 0.321612 0.946872 -0
    outer loop
      vertex 5.63765 68.6477 2
      vertex 5.46424 68.7066 7.5
      vertex 5.63765 68.6477 7.5
    endloop
  endfacet
  facet normal 0.321612 0.946872 0
    outer loop
      vertex 5.46424 68.7066 7.5
      vertex 5.63765 68.6477 2
      vertex 5.46424 68.7066 2
    endloop
  endfacet
  facet normal 0.831504 -0.555519 0
    outer loop
      vertex 4.78756 70.7 7.5
      vertex 4.88931 70.8523 2
      vertex 4.88931 70.8523 7.5
    endloop
  endfacet
  facet normal 0.831504 -0.555519 0
    outer loop
      vertex 4.88931 70.8523 2
      vertex 4.78756 70.7 7.5
      vertex 4.78756 70.7 2
    endloop
  endfacet
  facet normal 0.442314 -0.89686 0
    outer loop
      vertex 5.3 71.2124 2
      vertex 5.46424 71.2934 7.5
      vertex 5.3 71.2124 7.5
    endloop
  endfacet
  facet normal 0.442314 -0.89686 0
    outer loop
      vertex 5.46424 71.2934 7.5
      vertex 5.3 71.2124 2
      vertex 5.46424 71.2934 2
    endloop
  endfacet
  facet normal -0.946916 0.321482 0
    outer loop
      vertex 7.29343 69.4642 2
      vertex 7.3523 69.6376 7.5
      vertex 7.3523 69.6376 2
    endloop
  endfacet
  facet normal -0.946916 0.321482 0
    outer loop
      vertex 7.3523 69.6376 7.5
      vertex 7.29343 69.4642 2
      vertex 7.29343 69.4642 7.5
    endloop
  endfacet
  facet normal -0.659216 0.751954 0
    outer loop
      vertex 6.98995 69.01 2
      vertex 6.85227 68.8893 7.5
      vertex 6.98995 69.01 7.5
    endloop
  endfacet
  facet normal -0.659216 0.751954 0
    outer loop
      vertex 6.85227 68.8893 7.5
      vertex 6.98995 69.01 2
      vertex 6.85227 68.8893 2
    endloop
  endfacet
  facet normal 0.946916 -0.321482 0
    outer loop
      vertex 4.6477 70.3624 7.5
      vertex 4.70657 70.5358 2
      vertex 4.70657 70.5358 7.5
    endloop
  endfacet
  facet normal 0.946916 -0.321482 0
    outer loop
      vertex 4.70657 70.5358 2
      vertex 4.6477 70.3624 7.5
      vertex 4.6477 70.3624 2
    endloop
  endfacet
  facet normal 0.896839 0.442357 0
    outer loop
      vertex 4.78756 69.3 7.5
      vertex 4.70657 69.4642 2
      vertex 4.70657 69.4642 7.5
    endloop
  endfacet
  facet normal 0.896839 0.442357 0
    outer loop
      vertex 4.70657 69.4642 2
      vertex 4.78756 69.3 7.5
      vertex 4.78756 69.3 2
    endloop
  endfacet
  facet normal -0.751893 0.659285 0
    outer loop
      vertex 6.98995 69.01 2
      vertex 7.11069 69.1477 7.5
      vertex 7.11069 69.1477 2
    endloop
  endfacet
  facet normal -0.751893 0.659285 0
    outer loop
      vertex 7.11069 69.1477 7.5
      vertex 6.98995 69.01 2
      vertex 6.98995 69.01 7.5
    endloop
  endfacet
  facet normal 0.980811 -0.194961 0
    outer loop
      vertex 4.61198 70.1827 7.5
      vertex 4.6477 70.3624 2
      vertex 4.6477 70.3624 7.5
    endloop
  endfacet
  facet normal 0.980811 -0.194961 0
    outer loop
      vertex 4.6477 70.3624 2
      vertex 4.61198 70.1827 7.5
      vertex 4.61198 70.1827 2
    endloop
  endfacet
  facet normal -0.442314 -0.89686 0
    outer loop
      vertex 6.53576 71.2934 2
      vertex 6.7 71.2124 7.5
      vertex 6.53576 71.2934 7.5
    endloop
  endfacet
  facet normal -0.442314 -0.89686 -0
    outer loop
      vertex 6.7 71.2124 7.5
      vertex 6.53576 71.2934 2
      vertex 6.7 71.2124 2
    endloop
  endfacet
  facet normal -0.555406 -0.831579 0
    outer loop
      vertex 6.7 71.2124 2
      vertex 6.85227 71.1107 7.5
      vertex 6.7 71.2124 7.5
    endloop
  endfacet
  facet normal -0.555406 -0.831579 -0
    outer loop
      vertex 6.85227 71.1107 7.5
      vertex 6.7 71.2124 2
      vertex 6.85227 71.1107 2
    endloop
  endfacet
  facet normal 0 0 1
    outer loop
      vertex 7.38802 70.1827 2
      vertex 7.38802 69.8173 2
      vertex 7.4 70 2
    endloop
  endfacet
  facet normal 0 0 1
    outer loop
      vertex 7.3523 70.3624 2
      vertex 7.38802 69.8173 2
      vertex 7.38802 70.1827 2
    endloop
  endfacet
  facet normal 0 0 1
    outer loop
      vertex 7.3523 70.3624 2
      vertex 7.3523 69.6376 2
      vertex 7.38802 69.8173 2
    endloop
  endfacet
  facet normal 0 0 1
    outer loop
      vertex 7.29343 70.5358 2
      vertex 7.3523 69.6376 2
      vertex 7.3523 70.3624 2
    endloop
  endfacet
  facet normal 0 0 1
    outer loop
      vertex 7.29343 70.5358 2
      vertex 7.29343 69.4642 2
      vertex 7.3523 69.6376 2
    endloop
  endfacet
  facet normal 0 0 1
    outer loop
      vertex 7.21243 70.7 2
      vertex 7.29343 69.4642 2
      vertex 7.29343 70.5358 2
    endloop
  endfacet
  facet normal 0 0 1
    outer loop
      vertex 7.21243 70.7 2
      vertex 7.21243 69.3 2
      vertex 7.29343 69.4642 2
    endloop
  endfacet
  facet normal 0 0 1
    outer loop
      vertex 7.11069 70.8523 2
      vertex 7.21243 69.3 2
      vertex 7.21243 70.7 2
    endloop
  endfacet
  facet normal 0 0 1
    outer loop
      vertex 7.11069 70.8523 2
      vertex 7.11069 69.1477 2
      vertex 7.21243 69.3 2
    endloop
  endfacet
  facet normal 0 0 1
    outer loop
      vertex 6.98995 70.99 2
      vertex 7.11069 69.1477 2
      vertex 7.11069 70.8523 2
    endloop
  endfacet
  facet normal 0 0 1
    outer loop
      vertex 6.98995 70.99 2
      vertex 6.98995 69.01 2
      vertex 7.11069 69.1477 2
    endloop
  endfacet
  facet normal 0 0 1
    outer loop
      vertex 6.85227 71.1107 2
      vertex 6.98995 69.01 2
      vertex 6.98995 70.99 2
    endloop
  endfacet
  facet normal 0 0 1
    outer loop
      vertex 6.85227 71.1107 2
      vertex 6.85227 68.8893 2
      vertex 6.98995 69.01 2
    endloop
  endfacet
  facet normal 0 0 1
    outer loop
      vertex 6.7 71.2124 2
      vertex 6.85227 68.8893 2
      vertex 6.85227 71.1107 2
    endloop
  endfacet
  facet normal 0 0 1
    outer loop
      vertex 6.7 71.2124 2
      vertex 6.7 68.7876 2
      vertex 6.85227 68.8893 2
    endloop
  endfacet
  facet normal 0 0 1
    outer loop
      vertex 6.53576 71.2934 2
      vertex 6.7 68.7876 2
      vertex 6.7 71.2124 2
    endloop
  endfacet
  facet normal 0 0 1
    outer loop
      vertex 6.53576 71.2934 2
      vertex 6.53576 68.7066 2
      vertex 6.7 68.7876 2
    endloop
  endfacet
  facet normal 0 0 1
    outer loop
      vertex 6.36235 71.3523 2
      vertex 6.53576 68.7066 2
      vertex 6.53576 71.2934 2
    endloop
  endfacet
  facet normal 0 0 1
    outer loop
      vertex 6.36235 71.3523 2
      vertex 6.36235 68.6477 2
      vertex 6.53576 68.7066 2
    endloop
  endfacet
  facet normal 0 0 1
    outer loop
      vertex 6.18274 71.388 2
      vertex 6.36235 68.6477 2
      vertex 6.36235 71.3523 2
    endloop
  endfacet
  facet normal 0 0 1
    outer loop
      vertex 6.18274 71.388 2
      vertex 6.18274 68.612 2
      vertex 6.36235 68.6477 2
    endloop
  endfacet
  facet normal 0 0 1
    outer loop
      vertex 6 71.4 2
      vertex 6.18274 68.612 2
      vertex 6.18274 71.388 2
    endloop
  endfacet
  facet normal 0 0 1
    outer loop
      vertex 6 71.4 2
      vertex 6 68.6 2
      vertex 6.18274 68.612 2
    endloop
  endfacet
  facet normal -0 0 1
    outer loop
      vertex 5.81726 71.388 2
      vertex 6 68.6 2
      vertex 6 71.4 2
    endloop
  endfacet
  facet normal 0 0 1
    outer loop
      vertex 5.81726 71.388 2
      vertex 5.81726 68.612 2
      vertex 6 68.6 2
    endloop
  endfacet
  facet normal -0 0 1
    outer loop
      vertex 5.63765 71.3523 2
      vertex 5.81726 68.612 2
      vertex 5.81726 71.388 2
    endloop
  endfacet
  facet normal 0 0 1
    outer loop
      vertex 5.63765 71.3523 2
      vertex 5.63765 68.6477 2
      vertex 5.81726 68.612 2
    endloop
  endfacet
  facet normal -0 0 1
    outer loop
      vertex 5.46424 71.2934 2
      vertex 5.63765 68.6477 2
      vertex 5.63765 71.3523 2
    endloop
  endfacet
  facet normal 0 0 1
    outer loop
      vertex 5.46424 71.2934 2
      vertex 5.46424 68.7066 2
      vertex 5.63765 68.6477 2
    endloop
  endfacet
  facet normal -0 0 1
    outer loop
      vertex 5.3 71.2124 2
      vertex 5.46424 68.7066 2
      vertex 5.46424 71.2934 2
    endloop
  endfacet
  facet normal 0 0 1
    outer loop
      vertex 5.3 71.2124 2
      vertex 5.3 68.7876 2
      vertex 5.46424 68.7066 2
    endloop
  endfacet
  facet normal -0 0 1
    outer loop
      vertex 5.14773 71.1107 2
      vertex 5.3 68.7876 2
      vertex 5.3 71.2124 2
    endloop
  endfacet
  facet normal 0 0 1
    outer loop
      vertex 5.14773 71.1107 2
      vertex 5.14773 68.8893 2
      vertex 5.3 68.7876 2
    endloop
  endfacet
  facet normal -0 0 1
    outer loop
      vertex 5.01005 70.99 2
      vertex 5.14773 68.8893 2
      vertex 5.14773 71.1107 2
    endloop
  endfacet
  facet normal 0 0 1
    outer loop
      vertex 5.01005 70.99 2
      vertex 5.01005 69.01 2
      vertex 5.14773 68.8893 2
    endloop
  endfacet
  facet normal -0 0 1
    outer loop
      vertex 4.88931 70.8523 2
      vertex 5.01005 69.01 2
      vertex 5.01005 70.99 2
    endloop
  endfacet
  facet normal 0 0 1
    outer loop
      vertex 4.88931 70.8523 2
      vertex 4.88931 69.1477 2
      vertex 5.01005 69.01 2
    endloop
  endfacet
  facet normal -0 0 1
    outer loop
      vertex 4.78756 70.7 2
      vertex 4.88931 69.1477 2
      vertex 4.88931 70.8523 2
    endloop
  endfacet
  facet normal 0 0 1
    outer loop
      vertex 4.78756 70.7 2
      vertex 4.78756 69.3 2
      vertex 4.88931 69.1477 2
    endloop
  endfacet
  facet normal -0 0 1
    outer loop
      vertex 4.70657 70.5358 2
      vertex 4.78756 69.3 2
      vertex 4.78756 70.7 2
    endloop
  endfacet
  facet normal 0 0 1
    outer loop
      vertex 4.70657 70.5358 2
      vertex 4.70657 69.4642 2
      vertex 4.78756 69.3 2
    endloop
  endfacet
  facet normal -0 0 1
    outer loop
      vertex 4.6477 70.3624 2
      vertex 4.70657 69.4642 2
      vertex 4.70657 70.5358 2
    endloop
  endfacet
  facet normal 0 0 1
    outer loop
      vertex 4.6477 70.3624 2
      vertex 4.6477 69.6376 2
      vertex 4.70657 69.4642 2
    endloop
  endfacet
  facet normal -0 0 1
    outer loop
      vertex 4.61198 70.1827 2
      vertex 4.6477 69.6376 2
      vertex 4.6477 70.3624 2
    endloop
  endfacet
  facet normal 0 0 1
    outer loop
      vertex 4.61198 70.1827 2
      vertex 4.61198 69.8173 2
      vertex 4.6477 69.6376 2
    endloop
  endfacet
  facet normal 0 -0 1
    outer loop
      vertex 4.61198 69.8173 2
      vertex 4.61198 70.1827 2
      vertex 4.6 70 2
    endloop
  endfacet
  facet normal -0.0655259 0.997851 0
    outer loop
      vertex 6.18274 68.612 2
      vertex 6 68.6 7.5
      vertex 6.18274 68.612 7.5
    endloop
  endfacet
  facet normal -0.0655259 0.997851 0
    outer loop
      vertex 6 68.6 7.5
      vertex 6.18274 68.612 2
      vertex 6 68.6 2
    endloop
  endfacet
  facet normal 0.896839 -0.442357 0
    outer loop
      vertex 4.70657 70.5358 7.5
      vertex 4.78756 70.7 2
      vertex 4.78756 70.7 7.5
    endloop
  endfacet
  facet normal 0.896839 -0.442357 0
    outer loop
      vertex 4.78756 70.7 2
      vertex 4.70657 70.5358 7.5
      vertex 4.70657 70.5358 2
    endloop
  endfacet
  facet normal 0.997857 0.0654315 0
    outer loop
      vertex 4.61198 69.8173 7.5
      vertex 4.6 70 2
      vertex 4.6 70 7.5
    endloop
  endfacet
  facet normal 0.997857 0.0654315 0
    outer loop
      vertex 4.6 70 2
      vertex 4.61198 69.8173 7.5
      vertex 4.61198 69.8173 2
    endloop
  endfacet
  facet normal -0.831529 0.555481 0
    outer loop
      vertex 7.11069 69.1477 2
      vertex 7.21243 69.3 7.5
      vertex 7.21243 69.3 2
    endloop
  endfacet
  facet normal -0.831529 0.555481 0
    outer loop
      vertex 7.21243 69.3 7.5
      vertex 7.11069 69.1477 2
      vertex 7.11069 69.1477 7.5
    endloop
  endfacet
  facet normal 0.19495 0.980813 -0
    outer loop
      vertex 5.81726 68.612 2
      vertex 5.63765 68.6477 7.5
      vertex 5.81726 68.612 7.5
    endloop
  endfacet
  facet normal 0.19495 0.980813 0
    outer loop
      vertex 5.63765 68.6477 7.5
      vertex 5.81726 68.612 2
      vertex 5.63765 68.6477 2
    endloop
  endfacet
  facet normal 0.980811 0.194961 0
    outer loop
      vertex 4.6477 69.6376 7.5
      vertex 4.61198 69.8173 2
      vertex 4.61198 69.8173 7.5
    endloop
  endfacet
  facet normal 0.980811 0.194961 0
    outer loop
      vertex 4.61198 69.8173 2
      vertex 4.6477 69.6376 7.5
      vertex 4.6477 69.6376 2
    endloop
  endfacet
  facet normal 0.659216 -0.751954 0
    outer loop
      vertex 5.01005 70.99 2
      vertex 5.14773 71.1107 7.5
      vertex 5.01005 70.99 7.5
    endloop
  endfacet
  facet normal 0.659216 -0.751954 0
    outer loop
      vertex 5.14773 71.1107 7.5
      vertex 5.01005 70.99 2
      vertex 5.14773 71.1107 2
    endloop
  endfacet
  facet normal -0.19495 -0.980813 0
    outer loop
      vertex 6.18274 71.388 2
      vertex 6.36235 71.3523 7.5
      vertex 6.18274 71.388 7.5
    endloop
  endfacet
  facet normal -0.19495 -0.980813 -0
    outer loop
      vertex 6.36235 71.3523 7.5
      vertex 6.18274 71.388 2
      vertex 6.36235 71.3523 2
    endloop
  endfacet
  facet normal -0.980499 -0.196526 0
    outer loop
      vertex 110.388 6.18274 2
      vertex 110.352 6.36235 7.5
      vertex 110.352 6.36235 2
    endloop
  endfacet
  facet normal -0.980499 -0.196526 0
    outer loop
      vertex 110.352 6.36235 7.5
      vertex 110.388 6.18274 2
      vertex 110.388 6.18274 7.5
    endloop
  endfacet
  facet normal -0.997851 -0.0655259 0
    outer loop
      vertex 110.4 6 2
      vertex 110.388 6.18274 7.5
      vertex 110.388 6.18274 2
    endloop
  endfacet
  facet normal -0.997851 -0.0655259 0
    outer loop
      vertex 110.388 6.18274 7.5
      vertex 110.4 6 2
      vertex 110.4 6 7.5
    endloop
  endfacet
  facet normal -0.946705 -0.322101 0
    outer loop
      vertex 110.352 6.36235 2
      vertex 110.293 6.53576 7.5
      vertex 110.293 6.53576 2
    endloop
  endfacet
  facet normal -0.946705 -0.322101 0
    outer loop
      vertex 110.293 6.53576 7.5
      vertex 110.352 6.36235 2
      vertex 110.352 6.36235 7.5
    endloop
  endfacet
  facet normal -0.320487 -0.947253 0
    outer loop
      vertex 109.362 7.3523 2
      vertex 109.536 7.29343 7.5
      vertex 109.362 7.3523 7.5
    endloop
  endfacet
  facet normal -0.320487 -0.947253 -0
    outer loop
      vertex 109.536 7.29343 7.5
      vertex 109.362 7.3523 2
      vertex 109.536 7.29343 2
    endloop
  endfacet
  facet normal 0.997851 -0.0655259 0
    outer loop
      vertex 107.6 6 7.5
      vertex 107.612 6.18274 2
      vertex 107.612 6.18274 7.5
    endloop
  endfacet
  facet normal 0.997851 -0.0655259 0
    outer loop
      vertex 107.612 6.18274 2
      vertex 107.6 6 7.5
      vertex 107.6 6 2
    endloop
  endfacet
  facet normal -0.556276 0.830997 0
    outer loop
      vertex 109.852 4.88931 2
      vertex 109.7 4.78756 7.5
      vertex 109.852 4.88931 7.5
    endloop
  endfacet
  facet normal -0.556276 0.830997 0
    outer loop
      vertex 109.7 4.78756 7.5
      vertex 109.852 4.88931 2
      vertex 109.7 4.78756 2
    endloop
  endfacet
  facet normal -0.89686 -0.442314 0
    outer loop
      vertex 110.293 6.53576 2
      vertex 110.212 6.7 7.5
      vertex 110.212 6.7 2
    endloop
  endfacet
  facet normal -0.89686 -0.442314 0
    outer loop
      vertex 110.212 6.7 7.5
      vertex 110.293 6.53576 2
      vertex 110.293 6.53576 7.5
    endloop
  endfacet
  facet normal -0.556238 -0.831023 0
    outer loop
      vertex 109.7 7.21243 2
      vertex 109.852 7.11069 7.5
      vertex 109.7 7.21243 7.5
    endloop
  endfacet
  facet normal -0.556238 -0.831023 -0
    outer loop
      vertex 109.852 7.11069 7.5
      vertex 109.7 7.21243 2
      vertex 109.852 7.11069 2
    endloop
  endfacet
  facet normal 0.0653247 0.997864 -0
    outer loop
      vertex 109 4.6 2
      vertex 108.817 4.61198 7.5
      vertex 109 4.6 7.5
    endloop
  endfacet
  facet normal 0.0653247 0.997864 0
    outer loop
      vertex 108.817 4.61198 7.5
      vertex 109 4.6 2
      vertex 108.817 4.61198 2
    endloop
  endfacet
  facet normal -0.997851 0.0655259 0
    outer loop
      vertex 110.388 5.81726 2
      vertex 110.4 6 7.5
      vertex 110.4 6 2
    endloop
  endfacet
  facet normal -0.997851 0.0655259 0
    outer loop
      vertex 110.4 6 7.5
      vertex 110.388 5.81726 2
      vertex 110.388 5.81726 7.5
    endloop
  endfacet
  facet normal 0.751142 -0.660141 0
    outer loop
      vertex 107.889 6.85227 7.5
      vertex 108.01 6.98995 2
      vertex 108.01 6.98995 7.5
    endloop
  endfacet
  facet normal 0.751142 -0.660141 0
    outer loop
      vertex 108.01 6.98995 2
      vertex 107.889 6.85227 7.5
      vertex 107.889 6.85227 2
    endloop
  endfacet
  facet normal -0.320487 0.947253 0
    outer loop
      vertex 109.536 4.70657 2
      vertex 109.362 4.6477 7.5
      vertex 109.536 4.70657 7.5
    endloop
  endfacet
  facet normal -0.320487 0.947253 0
    outer loop
      vertex 109.362 4.6477 7.5
      vertex 109.536 4.70657 2
      vertex 109.362 4.6477 2
    endloop
  endfacet
  facet normal -0.980499 0.196526 0
    outer loop
      vertex 110.352 5.63765 2
      vertex 110.388 5.81726 7.5
      vertex 110.388 5.81726 2
    endloop
  endfacet
  facet normal -0.980499 0.196526 0
    outer loop
      vertex 110.388 5.81726 7.5
      vertex 110.352 5.63765 2
      vertex 110.352 5.63765 7.5
    endloop
  endfacet
  facet normal -0.89686 0.442314 0
    outer loop
      vertex 110.212 5.3 2
      vertex 110.293 5.46424 7.5
      vertex 110.293 5.46424 2
    endloop
  endfacet
  facet normal -0.89686 0.442314 0
    outer loop
      vertex 110.293 5.46424 7.5
      vertex 110.212 5.3 2
      vertex 110.212 5.3 7.5
    endloop
  endfacet
  facet normal 0.442791 0.896625 -0
    outer loop
      vertex 108.464 4.70657 2
      vertex 108.3 4.78756 7.5
      vertex 108.464 4.70657 7.5
    endloop
  endfacet
  facet normal 0.442791 0.896625 0
    outer loop
      vertex 108.3 4.78756 7.5
      vertex 108.464 4.70657 2
      vertex 108.3 4.78756 2
    endloop
  endfacet
  facet normal 0.0653247 -0.997864 0
    outer loop
      vertex 108.817 7.38802 2
      vertex 109 7.4 7.5
      vertex 108.817 7.38802 7.5
    endloop
  endfacet
  facet normal 0.0653247 -0.997864 0
    outer loop
      vertex 109 7.4 7.5
      vertex 108.817 7.38802 2
      vertex 109 7.4 2
    endloop
  endfacet
  facet normal 0.946705 0.322101 0
    outer loop
      vertex 107.707 5.46424 7.5
      vertex 107.648 5.63765 2
      vertex 107.648 5.63765 7.5
    endloop
  endfacet
  facet normal 0.946705 0.322101 0
    outer loop
      vertex 107.648 5.63765 2
      vertex 107.707 5.46424 7.5
      vertex 107.707 5.46424 2
    endloop
  endfacet
  facet normal 0.658474 0.752604 -0
    outer loop
      vertex 108.148 4.88931 2
      vertex 108.01 5.01005 7.5
      vertex 108.148 4.88931 7.5
    endloop
  endfacet
  facet normal 0.658474 0.752604 0
    outer loop
      vertex 108.01 5.01005 7.5
      vertex 108.148 4.88931 2
      vertex 108.01 5.01005 2
    endloop
  endfacet
  facet normal 0.320487 -0.947253 0
    outer loop
      vertex 108.464 7.29343 2
      vertex 108.638 7.3523 7.5
      vertex 108.464 7.29343 7.5
    endloop
  endfacet
  facet normal 0.320487 -0.947253 0
    outer loop
      vertex 108.638 7.3523 7.5
      vertex 108.464 7.29343 2
      vertex 108.638 7.3523 2
    endloop
  endfacet
  facet normal 0.556276 0.830997 -0
    outer loop
      vertex 108.3 4.78756 2
      vertex 108.148 4.88931 7.5
      vertex 108.3 4.78756 7.5
    endloop
  endfacet
  facet normal 0.556276 0.830997 0
    outer loop
      vertex 108.148 4.88931 7.5
      vertex 108.3 4.78756 2
      vertex 108.148 4.88931 2
    endloop
  endfacet
  facet normal -0.442791 0.896625 0
    outer loop
      vertex 109.7 4.78756 2
      vertex 109.536 4.70657 7.5
      vertex 109.7 4.78756 7.5
    endloop
  endfacet
  facet normal -0.442791 0.896625 0
    outer loop
      vertex 109.536 4.70657 7.5
      vertex 109.7 4.78756 2
      vertex 109.536 4.70657 2
    endloop
  endfacet
  facet normal -0.195695 0.980665 0
    outer loop
      vertex 109.362 4.6477 2
      vertex 109.183 4.61198 7.5
      vertex 109.362 4.6477 7.5
    endloop
  endfacet
  facet normal -0.195695 0.980665 0
    outer loop
      vertex 109.183 4.61198 7.5
      vertex 109.362 4.6477 2
      vertex 109.183 4.61198 2
    endloop
  endfacet
  facet normal 0.751142 0.660141 0
    outer loop
      vertex 108.01 5.01005 7.5
      vertex 107.889 5.14773 2
      vertex 107.889 5.14773 7.5
    endloop
  endfacet
  facet normal 0.751142 0.660141 0
    outer loop
      vertex 107.889 5.14773 2
      vertex 108.01 5.01005 7.5
      vertex 108.01 5.01005 2
    endloop
  endfacet
  facet normal -0.833345 -0.552754 0
    outer loop
      vertex 110.212 6.7 2
      vertex 110.111 6.85227 7.5
      vertex 110.111 6.85227 2
    endloop
  endfacet
  facet normal -0.833345 -0.552754 0
    outer loop
      vertex 110.111 6.85227 7.5
      vertex 110.212 6.7 2
      vertex 110.212 6.7 7.5
    endloop
  endfacet
  facet normal 0.195695 -0.980665 0
    outer loop
      vertex 108.638 7.3523 2
      vertex 108.817 7.38802 7.5
      vertex 108.638 7.3523 7.5
    endloop
  endfacet
  facet normal 0.195695 -0.980665 0
    outer loop
      vertex 108.817 7.38802 7.5
      vertex 108.638 7.3523 2
      vertex 108.817 7.38802 2
    endloop
  endfacet
  facet normal -0.751142 -0.660141 0
    outer loop
      vertex 110.111 6.85227 2
      vertex 109.99 6.98995 7.5
      vertex 109.99 6.98995 2
    endloop
  endfacet
  facet normal -0.751142 -0.660141 0
    outer loop
      vertex 109.99 6.98995 7.5
      vertex 110.111 6.85227 2
      vertex 110.111 6.85227 7.5
    endloop
  endfacet
  facet normal 0.556238 -0.831023 0
    outer loop
      vertex 108.148 7.11069 2
      vertex 108.3 7.21243 7.5
      vertex 108.148 7.11069 7.5
    endloop
  endfacet
  facet normal 0.556238 -0.831023 0
    outer loop
      vertex 108.3 7.21243 7.5
      vertex 108.148 7.11069 2
      vertex 108.3 7.21243 2
    endloop
  endfacet
  facet normal -0.658474 -0.752604 0
    outer loop
      vertex 109.852 7.11069 2
      vertex 109.99 6.98995 7.5
      vertex 109.852 7.11069 7.5
    endloop
  endfacet
  facet normal -0.658474 -0.752604 -0
    outer loop
      vertex 109.99 6.98995 7.5
      vertex 109.852 7.11069 2
      vertex 109.99 6.98995 2
    endloop
  endfacet
  facet normal -0.0653247 -0.997864 0
    outer loop
      vertex 109 7.4 2
      vertex 109.183 7.38802 7.5
      vertex 109 7.4 7.5
    endloop
  endfacet
  facet normal -0.0653247 -0.997864 -0
    outer loop
      vertex 109.183 7.38802 7.5
      vertex 109 7.4 2
      vertex 109.183 7.38802 2
    endloop
  endfacet
  facet normal 0.320487 0.947253 -0
    outer loop
      vertex 108.638 4.6477 2
      vertex 108.464 4.70657 7.5
      vertex 108.638 4.6477 7.5
    endloop
  endfacet
  facet normal 0.320487 0.947253 0
    outer loop
      vertex 108.464 4.70657 7.5
      vertex 108.638 4.6477 2
      vertex 108.464 4.70657 2
    endloop
  endfacet
  facet normal 0.833345 -0.552754 0
    outer loop
      vertex 107.788 6.7 7.5
      vertex 107.889 6.85227 2
      vertex 107.889 6.85227 7.5
    endloop
  endfacet
  facet normal 0.833345 -0.552754 0
    outer loop
      vertex 107.889 6.85227 2
      vertex 107.788 6.7 7.5
      vertex 107.788 6.7 2
    endloop
  endfacet
  facet normal 0.442835 -0.896603 0
    outer loop
      vertex 108.3 7.21243 2
      vertex 108.464 7.29343 7.5
      vertex 108.3 7.21243 7.5
    endloop
  endfacet
  facet normal 0.442835 -0.896603 0
    outer loop
      vertex 108.464 7.29343 7.5
      vertex 108.3 7.21243 2
      vertex 108.464 7.29343 2
    endloop
  endfacet
  facet normal -0.946705 0.322101 0
    outer loop
      vertex 110.293 5.46424 2
      vertex 110.352 5.63765 7.5
      vertex 110.352 5.63765 2
    endloop
  endfacet
  facet normal -0.946705 0.322101 0
    outer loop
      vertex 110.352 5.63765 7.5
      vertex 110.293 5.46424 2
      vertex 110.293 5.46424 7.5
    endloop
  endfacet
  facet normal -0.658474 0.752604 0
    outer loop
      vertex 109.99 5.01005 2
      vertex 109.852 4.88931 7.5
      vertex 109.99 5.01005 7.5
    endloop
  endfacet
  facet normal -0.658474 0.752604 0
    outer loop
      vertex 109.852 4.88931 7.5
      vertex 109.99 5.01005 2
      vertex 109.852 4.88931 2
    endloop
  endfacet
  facet normal 0.946705 -0.322101 0
    outer loop
      vertex 107.648 6.36235 7.5
      vertex 107.707 6.53576 2
      vertex 107.707 6.53576 7.5
    endloop
  endfacet
  facet normal 0.946705 -0.322101 0
    outer loop
      vertex 107.707 6.53576 2
      vertex 107.648 6.36235 7.5
      vertex 107.648 6.36235 2
    endloop
  endfacet
  facet normal 0.89686 0.442314 0
    outer loop
      vertex 107.788 5.3 7.5
      vertex 107.707 5.46424 2
      vertex 107.707 5.46424 7.5
    endloop
  endfacet
  facet normal 0.89686 0.442314 0
    outer loop
      vertex 107.707 5.46424 2
      vertex 107.788 5.3 7.5
      vertex 107.788 5.3 2
    endloop
  endfacet
  facet normal -0.751142 0.660141 0
    outer loop
      vertex 109.99 5.01005 2
      vertex 110.111 5.14773 7.5
      vertex 110.111 5.14773 2
    endloop
  endfacet
  facet normal -0.751142 0.660141 0
    outer loop
      vertex 110.111 5.14773 7.5
      vertex 109.99 5.01005 2
      vertex 109.99 5.01005 7.5
    endloop
  endfacet
  facet normal 0.980499 -0.196526 0
    outer loop
      vertex 107.612 6.18274 7.5
      vertex 107.648 6.36235 2
      vertex 107.648 6.36235 7.5
    endloop
  endfacet
  facet normal 0.980499 -0.196526 0
    outer loop
      vertex 107.648 6.36235 2
      vertex 107.612 6.18274 7.5
      vertex 107.612 6.18274 2
    endloop
  endfacet
  facet normal -0.442835 -0.896603 0
    outer loop
      vertex 109.536 7.29343 2
      vertex 109.7 7.21243 7.5
      vertex 109.536 7.29343 7.5
    endloop
  endfacet
  facet normal -0.442835 -0.896603 -0
    outer loop
      vertex 109.7 7.21243 7.5
      vertex 109.536 7.29343 2
      vertex 109.7 7.21243 2
    endloop
  endfacet
  facet normal 0 0 1
    outer loop
      vertex 110.388 6.18274 2
      vertex 110.388 5.81726 2
      vertex 110.4 6 2
    endloop
  endfacet
  facet normal 0 0 1
    outer loop
      vertex 110.352 6.36235 2
      vertex 110.388 5.81726 2
      vertex 110.388 6.18274 2
    endloop
  endfacet
  facet normal 0 0 1
    outer loop
      vertex 110.352 6.36235 2
      vertex 110.352 5.63765 2
      vertex 110.388 5.81726 2
    endloop
  endfacet
  facet normal 0 0 1
    outer loop
      vertex 110.293 6.53576 2
      vertex 110.352 5.63765 2
      vertex 110.352 6.36235 2
    endloop
  endfacet
  facet normal 0 0 1
    outer loop
      vertex 110.293 6.53576 2
      vertex 110.293 5.46424 2
      vertex 110.352 5.63765 2
    endloop
  endfacet
  facet normal 0 0 1
    outer loop
      vertex 110.212 6.7 2
      vertex 110.293 5.46424 2
      vertex 110.293 6.53576 2
    endloop
  endfacet
  facet normal 0 0 1
    outer loop
      vertex 110.212 6.7 2
      vertex 110.212 5.3 2
      vertex 110.293 5.46424 2
    endloop
  endfacet
  facet normal 0 0 1
    outer loop
      vertex 110.111 6.85227 2
      vertex 110.212 5.3 2
      vertex 110.212 6.7 2
    endloop
  endfacet
  facet normal 0 0 1
    outer loop
      vertex 110.111 6.85227 2
      vertex 110.111 5.14773 2
      vertex 110.212 5.3 2
    endloop
  endfacet
  facet normal 0 0 1
    outer loop
      vertex 109.99 6.98995 2
      vertex 110.111 5.14773 2
      vertex 110.111 6.85227 2
    endloop
  endfacet
  facet normal 0 0 1
    outer loop
      vertex 109.99 6.98995 2
      vertex 109.99 5.01005 2
      vertex 110.111 5.14773 2
    endloop
  endfacet
  facet normal 0 0 1
    outer loop
      vertex 109.852 7.11069 2
      vertex 109.99 5.01005 2
      vertex 109.99 6.98995 2
    endloop
  endfacet
  facet normal 0 0 1
    outer loop
      vertex 109.852 7.11069 2
      vertex 109.852 4.88931 2
      vertex 109.99 5.01005 2
    endloop
  endfacet
  facet normal 0 0 1
    outer loop
      vertex 109.7 7.21243 2
      vertex 109.852 4.88931 2
      vertex 109.852 7.11069 2
    endloop
  endfacet
  facet normal 0 0 1
    outer loop
      vertex 109.7 7.21243 2
      vertex 109.7 4.78756 2
      vertex 109.852 4.88931 2
    endloop
  endfacet
  facet normal 0 0 1
    outer loop
      vertex 109.536 7.29343 2
      vertex 109.7 4.78756 2
      vertex 109.7 7.21243 2
    endloop
  endfacet
  facet normal 0 0 1
    outer loop
      vertex 109.536 7.29343 2
      vertex 109.536 4.70657 2
      vertex 109.7 4.78756 2
    endloop
  endfacet
  facet normal 0 0 1
    outer loop
      vertex 109.362 7.3523 2
      vertex 109.536 4.70657 2
      vertex 109.536 7.29343 2
    endloop
  endfacet
  facet normal 0 0 1
    outer loop
      vertex 109.362 7.3523 2
      vertex 109.362 4.6477 2
      vertex 109.536 4.70657 2
    endloop
  endfacet
  facet normal 0 0 1
    outer loop
      vertex 109.183 7.38802 2
      vertex 109.362 4.6477 2
      vertex 109.362 7.3523 2
    endloop
  endfacet
  facet normal 0 0 1
    outer loop
      vertex 109.183 7.38802 2
      vertex 109.183 4.61198 2
      vertex 109.362 4.6477 2
    endloop
  endfacet
  facet normal 0 0 1
    outer loop
      vertex 109 7.4 2
      vertex 109.183 4.61198 2
      vertex 109.183 7.38802 2
    endloop
  endfacet
  facet normal 0 0 1
    outer loop
      vertex 109 7.4 2
      vertex 109 4.6 2
      vertex 109.183 4.61198 2
    endloop
  endfacet
  facet normal -0 0 1
    outer loop
      vertex 108.817 7.38802 2
      vertex 109 4.6 2
      vertex 109 7.4 2
    endloop
  endfacet
  facet normal 0 0 1
    outer loop
      vertex 108.817 7.38802 2
      vertex 108.817 4.61198 2
      vertex 109 4.6 2
    endloop
  endfacet
  facet normal -0 0 1
    outer loop
      vertex 108.638 7.3523 2
      vertex 108.817 4.61198 2
      vertex 108.817 7.38802 2
    endloop
  endfacet
  facet normal 0 0 1
    outer loop
      vertex 108.638 7.3523 2
      vertex 108.638 4.6477 2
      vertex 108.817 4.61198 2
    endloop
  endfacet
  facet normal -0 0 1
    outer loop
      vertex 108.464 7.29343 2
      vertex 108.638 4.6477 2
      vertex 108.638 7.3523 2
    endloop
  endfacet
  facet normal 0 0 1
    outer loop
      vertex 108.464 7.29343 2
      vertex 108.464 4.70657 2
      vertex 108.638 4.6477 2
    endloop
  endfacet
  facet normal -0 0 1
    outer loop
      vertex 108.3 7.21243 2
      vertex 108.464 4.70657 2
      vertex 108.464 7.29343 2
    endloop
  endfacet
  facet normal 0 0 1
    outer loop
      vertex 108.3 7.21243 2
      vertex 108.3 4.78756 2
      vertex 108.464 4.70657 2
    endloop
  endfacet
  facet normal -0 0 1
    outer loop
      vertex 108.148 7.11069 2
      vertex 108.3 4.78756 2
      vertex 108.3 7.21243 2
    endloop
  endfacet
  facet normal 0 0 1
    outer loop
      vertex 108.148 7.11069 2
      vertex 108.148 4.88931 2
      vertex 108.3 4.78756 2
    endloop
  endfacet
  facet normal -0 0 1
    outer loop
      vertex 108.01 6.98995 2
      vertex 108.148 4.88931 2
      vertex 108.148 7.11069 2
    endloop
  endfacet
  facet normal 0 0 1
    outer loop
      vertex 108.01 6.98995 2
      vertex 108.01 5.01005 2
      vertex 108.148 4.88931 2
    endloop
  endfacet
  facet normal -0 0 1
    outer loop
      vertex 107.889 6.85227 2
      vertex 108.01 5.01005 2
      vertex 108.01 6.98995 2
    endloop
  endfacet
  facet normal 0 0 1
    outer loop
      vertex 107.889 6.85227 2
      vertex 107.889 5.14773 2
      vertex 108.01 5.01005 2
    endloop
  endfacet
  facet normal -0 0 1
    outer loop
      vertex 107.788 6.7 2
      vertex 107.889 5.14773 2
      vertex 107.889 6.85227 2
    endloop
  endfacet
  facet normal 0 0 1
    outer loop
      vertex 107.788 6.7 2
      vertex 107.788 5.3 2
      vertex 107.889 5.14773 2
    endloop
  endfacet
  facet normal -0 0 1
    outer loop
      vertex 107.707 6.53576 2
      vertex 107.788 5.3 2
      vertex 107.788 6.7 2
    endloop
  endfacet
  facet normal 0 0 1
    outer loop
      vertex 107.707 6.53576 2
      vertex 107.707 5.46424 2
      vertex 107.788 5.3 2
    endloop
  endfacet
  facet normal -0 0 1
    outer loop
      vertex 107.648 6.36235 2
      vertex 107.707 5.46424 2
      vertex 107.707 6.53576 2
    endloop
  endfacet
  facet normal 0 0 1
    outer loop
      vertex 107.648 6.36235 2
      vertex 107.648 5.63765 2
      vertex 107.707 5.46424 2
    endloop
  endfacet
  facet normal -0 0 1
    outer loop
      vertex 107.612 6.18274 2
      vertex 107.648 5.63765 2
      vertex 107.648 6.36235 2
    endloop
  endfacet
  facet normal 0 0 1
    outer loop
      vertex 107.612 6.18274 2
      vertex 107.612 5.81726 2
      vertex 107.648 5.63765 2
    endloop
  endfacet
  facet normal 0 -0 1
    outer loop
      vertex 107.612 5.81726 2
      vertex 107.612 6.18274 2
      vertex 107.6 6 2
    endloop
  endfacet
  facet normal -0.0653247 0.997864 0
    outer loop
      vertex 109.183 4.61198 2
      vertex 109 4.6 7.5
      vertex 109.183 4.61198 7.5
    endloop
  endfacet
  facet normal -0.0653247 0.997864 0
    outer loop
      vertex 109 4.6 7.5
      vertex 109.183 4.61198 2
      vertex 109 4.6 2
    endloop
  endfacet
  facet normal 0.89686 -0.442314 0
    outer loop
      vertex 107.707 6.53576 7.5
      vertex 107.788 6.7 2
      vertex 107.788 6.7 7.5
    endloop
  endfacet
  facet normal 0.89686 -0.442314 0
    outer loop
      vertex 107.788 6.7 2
      vertex 107.707 6.53576 7.5
      vertex 107.707 6.53576 2
    endloop
  endfacet
  facet normal 0.997851 0.0655259 0
    outer loop
      vertex 107.612 5.81726 7.5
      vertex 107.6 6 2
      vertex 107.6 6 7.5
    endloop
  endfacet
  facet normal 0.997851 0.0655259 0
    outer loop
      vertex 107.6 6 2
      vertex 107.612 5.81726 7.5
      vertex 107.612 5.81726 2
    endloop
  endfacet
  facet normal -0.833345 0.552754 0
    outer loop
      vertex 110.111 5.14773 2
      vertex 110.212 5.3 7.5
      vertex 110.212 5.3 2
    endloop
  endfacet
  facet normal -0.833345 0.552754 0
    outer loop
      vertex 110.212 5.3 7.5
      vertex 110.111 5.14773 2
      vertex 110.111 5.14773 7.5
    endloop
  endfacet
  facet normal 0.980499 0.196526 0
    outer loop
      vertex 107.648 5.63765 7.5
      vertex 107.612 5.81726 2
      vertex 107.612 5.81726 7.5
    endloop
  endfacet
  facet normal 0.980499 0.196526 0
    outer loop
      vertex 107.612 5.81726 2
      vertex 107.648 5.63765 7.5
      vertex 107.648 5.63765 2
    endloop
  endfacet
  facet normal 0.658474 -0.752604 0
    outer loop
      vertex 108.01 6.98995 2
      vertex 108.148 7.11069 7.5
      vertex 108.01 6.98995 7.5
    endloop
  endfacet
  facet normal 0.658474 -0.752604 0
    outer loop
      vertex 108.148 7.11069 7.5
      vertex 108.01 6.98995 2
      vertex 108.148 7.11069 2
    endloop
  endfacet
  facet normal -0.195695 -0.980665 0
    outer loop
      vertex 109.183 7.38802 2
      vertex 109.362 7.3523 7.5
      vertex 109.183 7.38802 7.5
    endloop
  endfacet
  facet normal -0.195695 -0.980665 -0
    outer loop
      vertex 109.362 7.3523 7.5
      vertex 109.183 7.38802 2
      vertex 109.362 7.3523 2
    endloop
  endfacet
  facet normal 0.833345 0.552754 0
    outer loop
      vertex 107.889 5.14773 7.5
      vertex 107.788 5.3 2
      vertex 107.788 5.3 7.5
    endloop
  endfacet
  facet normal 0.833345 0.552754 0
    outer loop
      vertex 107.788 5.3 2
      vertex 107.889 5.14773 7.5
      vertex 107.889 5.14773 2
    endloop
  endfacet
  facet normal 0.195695 0.980665 -0
    outer loop
      vertex 108.817 4.61198 2
      vertex 108.638 4.6477 7.5
      vertex 108.817 4.61198 7.5
    endloop
  endfacet
  facet normal 0.195695 0.980665 0
    outer loop
      vertex 108.638 4.6477 7.5
      vertex 108.817 4.61198 2
      vertex 108.638 4.6477 2
    endloop
  endfacet
  facet normal -0.980518 -0.196431 0
    outer loop
      vertex 110.388 70.1827 2
      vertex 110.352 70.3624 7.5
      vertex 110.352 70.3624 2
    endloop
  endfacet
  facet normal -0.980518 -0.196431 0
    outer loop
      vertex 110.352 70.3624 7.5
      vertex 110.388 70.1827 2
      vertex 110.388 70.1827 7.5
    endloop
  endfacet
  facet normal -0.99785 -0.0655402 0
    outer loop
      vertex 110.4 70 2
      vertex 110.388 70.1827 7.5
      vertex 110.388 70.1827 2
    endloop
  endfacet
  facet normal -0.99785 -0.0655402 0
    outer loop
      vertex 110.388 70.1827 7.5
      vertex 110.4 70 2
      vertex 110.4 70 7.5
    endloop
  endfacet
  facet normal -0.9467 -0.322118 0
    outer loop
      vertex 110.352 70.3624 2
      vertex 110.293 70.5358 7.5
      vertex 110.293 70.5358 2
    endloop
  endfacet
  facet normal -0.9467 -0.322118 0
    outer loop
      vertex 110.293 70.5358 7.5
      vertex 110.352 70.3624 2
      vertex 110.352 70.3624 7.5
    endloop
  endfacet
  facet normal -0.320634 -0.947203 0
    outer loop
      vertex 109.362 71.3523 2
      vertex 109.536 71.2934 7.5
      vertex 109.362 71.3523 7.5
    endloop
  endfacet
  facet normal -0.320634 -0.947203 -0
    outer loop
      vertex 109.536 71.2934 7.5
      vertex 109.362 71.3523 2
      vertex 109.536 71.2934 2
    endloop
  endfacet
  facet normal 0.99785 -0.0655402 0
    outer loop
      vertex 107.6 70 7.5
      vertex 107.612 70.1827 2
      vertex 107.612 70.1827 7.5
    endloop
  endfacet
  facet normal 0.99785 -0.0655402 0
    outer loop
      vertex 107.612 70.1827 2
      vertex 107.6 70 7.5
      vertex 107.6 70 2
    endloop
  endfacet
  facet normal 0.320634 0.947203 -0
    outer loop
      vertex 108.638 68.6477 2
      vertex 108.464 68.7066 7.5
      vertex 108.638 68.6477 7.5
    endloop
  endfacet
  facet normal 0.320634 0.947203 0
    outer loop
      vertex 108.464 68.7066 7.5
      vertex 108.638 68.6477 2
      vertex 108.464 68.7066 2
    endloop
  endfacet
  facet normal -0.556087 0.831124 0
    outer loop
      vertex 109.852 68.8893 2
      vertex 109.7 68.7876 7.5
      vertex 109.852 68.8893 7.5
    endloop
  endfacet
  facet normal -0.556087 0.831124 0
    outer loop
      vertex 109.7 68.7876 7.5
      vertex 109.852 68.8893 2
      vertex 109.7 68.7876 2
    endloop
  endfacet
  facet normal -0.896817 -0.442401 0
    outer loop
      vertex 110.293 70.5358 2
      vertex 110.212 70.7 7.5
      vertex 110.212 70.7 2
    endloop
  endfacet
  facet normal -0.896817 -0.442401 0
    outer loop
      vertex 110.212 70.7 7.5
      vertex 110.293 70.5358 2
      vertex 110.293 70.5358 7.5
    endloop
  endfacet
  facet normal -0.556087 -0.831124 0
    outer loop
      vertex 109.7 71.2124 2
      vertex 109.852 71.1107 7.5
      vertex 109.7 71.2124 7.5
    endloop
  endfacet
  facet normal -0.556087 -0.831124 -0
    outer loop
      vertex 109.852 71.1107 7.5
      vertex 109.7 71.2124 2
      vertex 109.852 71.1107 2
    endloop
  endfacet
  facet normal 0.0654332 0.997857 -0
    outer loop
      vertex 109 68.6 2
      vertex 108.817 68.612 7.5
      vertex 109 68.6 7.5
    endloop
  endfacet
  facet normal 0.0654332 0.997857 0
    outer loop
      vertex 108.817 68.612 7.5
      vertex 109 68.6 2
      vertex 108.817 68.612 2
    endloop
  endfacet
  facet normal -0.99785 0.0655402 0
    outer loop
      vertex 110.388 69.8173 2
      vertex 110.4 70 7.5
      vertex 110.4 70 2
    endloop
  endfacet
  facet normal -0.99785 0.0655402 0
    outer loop
      vertex 110.4 70 7.5
      vertex 110.388 69.8173 2
      vertex 110.388 69.8173 7.5
    endloop
  endfacet
  facet normal 0.751189 -0.660087 0
    outer loop
      vertex 107.889 70.8523 7.5
      vertex 108.01 70.99 2
      vertex 108.01 70.99 7.5
    endloop
  endfacet
  facet normal 0.751189 -0.660087 0
    outer loop
      vertex 108.01 70.99 2
      vertex 107.889 70.8523 7.5
      vertex 107.889 70.8523 2
    endloop
  endfacet
  facet normal -0.320634 0.947203 0
    outer loop
      vertex 109.536 68.7066 2
      vertex 109.362 68.6477 7.5
      vertex 109.536 68.7066 7.5
    endloop
  endfacet
  facet normal -0.320634 0.947203 0
    outer loop
      vertex 109.362 68.6477 7.5
      vertex 109.536 68.7066 2
      vertex 109.362 68.6477 2
    endloop
  endfacet
  facet normal -0.980518 0.196431 0
    outer loop
      vertex 110.352 69.6376 2
      vertex 110.388 69.8173 7.5
      vertex 110.388 69.8173 2
    endloop
  endfacet
  facet normal -0.980518 0.196431 0
    outer loop
      vertex 110.388 69.8173 7.5
      vertex 110.352 69.6376 2
      vertex 110.352 69.6376 7.5
    endloop
  endfacet
  facet normal -0.896817 0.442401 0
    outer loop
      vertex 110.212 69.3 2
      vertex 110.293 69.4642 7.5
      vertex 110.293 69.4642 2
    endloop
  endfacet
  facet normal -0.896817 0.442401 0
    outer loop
      vertex 110.293 69.4642 7.5
      vertex 110.212 69.3 2
      vertex 110.212 69.3 7.5
    endloop
  endfacet
  facet normal 0.442835 0.896603 -0
    outer loop
      vertex 108.464 68.7066 2
      vertex 108.3 68.7876 7.5
      vertex 108.464 68.7066 7.5
    endloop
  endfacet
  facet normal 0.442835 0.896603 0
    outer loop
      vertex 108.3 68.7876 7.5
      vertex 108.464 68.7066 2
      vertex 108.3 68.7876 2
    endloop
  endfacet
  facet normal 0.0654332 -0.997857 0
    outer loop
      vertex 108.817 71.388 2
      vertex 109 71.4 7.5
      vertex 108.817 71.388 7.5
    endloop
  endfacet
  facet normal 0.0654332 -0.997857 0
    outer loop
      vertex 109 71.4 7.5
      vertex 108.817 71.388 2
      vertex 109 71.4 2
    endloop
  endfacet
  facet normal 0.9467 0.322118 0
    outer loop
      vertex 107.707 69.4642 7.5
      vertex 107.648 69.6376 2
      vertex 107.648 69.6376 7.5
    endloop
  endfacet
  facet normal 0.9467 0.322118 0
    outer loop
      vertex 107.648 69.6376 2
      vertex 107.707 69.4642 7.5
      vertex 107.707 69.4642 2
    endloop
  endfacet
  facet normal 0.65835 0.752712 -0
    outer loop
      vertex 108.148 68.8893 2
      vertex 108.01 69.01 7.5
      vertex 108.148 68.8893 7.5
    endloop
  endfacet
  facet normal 0.65835 0.752712 0
    outer loop
      vertex 108.01 69.01 7.5
      vertex 108.148 68.8893 2
      vertex 108.01 69.01 2
    endloop
  endfacet
  facet normal 0.320634 -0.947203 0
    outer loop
      vertex 108.464 71.2934 2
      vertex 108.638 71.3523 7.5
      vertex 108.464 71.2934 7.5
    endloop
  endfacet
  facet normal 0.320634 -0.947203 0
    outer loop
      vertex 108.638 71.3523 7.5
      vertex 108.464 71.2934 2
      vertex 108.638 71.3523 2
    endloop
  endfacet
  facet normal 0.556087 0.831124 -0
    outer loop
      vertex 108.3 68.7876 2
      vertex 108.148 68.8893 7.5
      vertex 108.3 68.7876 7.5
    endloop
  endfacet
  facet normal 0.556087 0.831124 0
    outer loop
      vertex 108.148 68.8893 7.5
      vertex 108.3 68.7876 2
      vertex 108.148 68.8893 2
    endloop
  endfacet
  facet normal -0.442835 0.896603 0
    outer loop
      vertex 109.7 68.7876 2
      vertex 109.536 68.7066 7.5
      vertex 109.7 68.7876 7.5
    endloop
  endfacet
  facet normal -0.442835 0.896603 0
    outer loop
      vertex 109.536 68.7066 7.5
      vertex 109.7 68.7876 2
      vertex 109.536 68.7066 2
    endloop
  endfacet
  facet normal -0.195589 0.980686 0
    outer loop
      vertex 109.362 68.6477 2
      vertex 109.183 68.612 7.5
      vertex 109.362 68.6477 7.5
    endloop
  endfacet
  facet normal -0.195589 0.980686 0
    outer loop
      vertex 109.183 68.612 7.5
      vertex 109.362 68.6477 2
      vertex 109.183 68.612 2
    endloop
  endfacet
  facet normal 0.751189 0.660087 0
    outer loop
      vertex 108.01 69.01 7.5
      vertex 107.889 69.1477 2
      vertex 107.889 69.1477 7.5
    endloop
  endfacet
  facet normal 0.751189 0.660087 0
    outer loop
      vertex 107.889 69.1477 2
      vertex 108.01 69.01 7.5
      vertex 108.01 69.01 2
    endloop
  endfacet
  facet normal -0.833395 -0.552678 0
    outer loop
      vertex 110.212 70.7 2
      vertex 110.111 70.8523 7.5
      vertex 110.111 70.8523 2
    endloop
  endfacet
  facet normal -0.833395 -0.552678 0
    outer loop
      vertex 110.111 70.8523 7.5
      vertex 110.212 70.7 2
      vertex 110.212 70.7 7.5
    endloop
  endfacet
  facet normal 0.195589 -0.980686 0
    outer loop
      vertex 108.638 71.3523 2
      vertex 108.817 71.388 7.5
      vertex 108.638 71.3523 7.5
    endloop
  endfacet
  facet normal 0.195589 -0.980686 0
    outer loop
      vertex 108.817 71.388 7.5
      vertex 108.638 71.3523 2
      vertex 108.817 71.388 2
    endloop
  endfacet
  facet normal -0.751189 -0.660087 0
    outer loop
      vertex 110.111 70.8523 2
      vertex 109.99 70.99 7.5
      vertex 109.99 70.99 2
    endloop
  endfacet
  facet normal -0.751189 -0.660087 0
    outer loop
      vertex 109.99 70.99 7.5
      vertex 110.111 70.8523 2
      vertex 110.111 70.8523 7.5
    endloop
  endfacet
  facet normal 0.65835 -0.752712 0
    outer loop
      vertex 108.01 70.99 2
      vertex 108.148 71.1107 7.5
      vertex 108.01 70.99 7.5
    endloop
  endfacet
  facet normal 0.65835 -0.752712 0
    outer loop
      vertex 108.148 71.1107 7.5
      vertex 108.01 70.99 2
      vertex 108.148 71.1107 2
    endloop
  endfacet
  facet normal 0.556087 -0.831124 0
    outer loop
      vertex 108.148 71.1107 2
      vertex 108.3 71.2124 7.5
      vertex 108.148 71.1107 7.5
    endloop
  endfacet
  facet normal 0.556087 -0.831124 0
    outer loop
      vertex 108.3 71.2124 7.5
      vertex 108.148 71.1107 2
      vertex 108.3 71.2124 2
    endloop
  endfacet
  facet normal -0.65835 -0.752712 0
    outer loop
      vertex 109.852 71.1107 2
      vertex 109.99 70.99 7.5
      vertex 109.852 71.1107 7.5
    endloop
  endfacet
  facet normal -0.65835 -0.752712 -0
    outer loop
      vertex 109.99 70.99 7.5
      vertex 109.852 71.1107 2
      vertex 109.99 70.99 2
    endloop
  endfacet
  facet normal -0.0654332 -0.997857 0
    outer loop
      vertex 109 71.4 2
      vertex 109.183 71.388 7.5
      vertex 109 71.4 7.5
    endloop
  endfacet
  facet normal -0.0654332 -0.997857 -0
    outer loop
      vertex 109.183 71.388 7.5
      vertex 109 71.4 2
      vertex 109.183 71.388 2
    endloop
  endfacet
  facet normal 0.833395 -0.552678 0
    outer loop
      vertex 107.788 70.7 7.5
      vertex 107.889 70.8523 2
      vertex 107.889 70.8523 7.5
    endloop
  endfacet
  facet normal 0.833395 -0.552678 0
    outer loop
      vertex 107.889 70.8523 2
      vertex 107.788 70.7 7.5
      vertex 107.788 70.7 2
    endloop
  endfacet
  facet normal 0.442835 -0.896603 0
    outer loop
      vertex 108.3 71.2124 2
      vertex 108.464 71.2934 7.5
      vertex 108.3 71.2124 7.5
    endloop
  endfacet
  facet normal 0.442835 -0.896603 0
    outer loop
      vertex 108.464 71.2934 7.5
      vertex 108.3 71.2124 2
      vertex 108.464 71.2934 2
    endloop
  endfacet
  facet normal -0.9467 0.322118 0
    outer loop
      vertex 110.293 69.4642 2
      vertex 110.352 69.6376 7.5
      vertex 110.352 69.6376 2
    endloop
  endfacet
  facet normal -0.9467 0.322118 0
    outer loop
      vertex 110.352 69.6376 7.5
      vertex 110.293 69.4642 2
      vertex 110.293 69.4642 7.5
    endloop
  endfacet
  facet normal -0.65835 0.752712 0
    outer loop
      vertex 109.99 69.01 2
      vertex 109.852 68.8893 7.5
      vertex 109.99 69.01 7.5
    endloop
  endfacet
  facet normal -0.65835 0.752712 0
    outer loop
      vertex 109.852 68.8893 7.5
      vertex 109.99 69.01 2
      vertex 109.852 68.8893 2
    endloop
  endfacet
  facet normal 0.9467 -0.322118 0
    outer loop
      vertex 107.648 70.3624 7.5
      vertex 107.707 70.5358 2
      vertex 107.707 70.5358 7.5
    endloop
  endfacet
  facet normal 0.9467 -0.322118 0
    outer loop
      vertex 107.707 70.5358 2
      vertex 107.648 70.3624 7.5
      vertex 107.648 70.3624 2
    endloop
  endfacet
  facet normal 0.896817 0.442401 0
    outer loop
      vertex 107.788 69.3 7.5
      vertex 107.707 69.4642 2
      vertex 107.707 69.4642 7.5
    endloop
  endfacet
  facet normal 0.896817 0.442401 0
    outer loop
      vertex 107.707 69.4642 2
      vertex 107.788 69.3 7.5
      vertex 107.788 69.3 2
    endloop
  endfacet
  facet normal -0.751189 0.660087 0
    outer loop
      vertex 109.99 69.01 2
      vertex 110.111 69.1477 7.5
      vertex 110.111 69.1477 2
    endloop
  endfacet
  facet normal -0.751189 0.660087 0
    outer loop
      vertex 110.111 69.1477 7.5
      vertex 109.99 69.01 2
      vertex 109.99 69.01 7.5
    endloop
  endfacet
  facet normal 0.980518 -0.196431 0
    outer loop
      vertex 107.612 70.1827 7.5
      vertex 107.648 70.3624 2
      vertex 107.648 70.3624 7.5
    endloop
  endfacet
  facet normal 0.980518 -0.196431 0
    outer loop
      vertex 107.648 70.3624 2
      vertex 107.612 70.1827 7.5
      vertex 107.612 70.1827 2
    endloop
  endfacet
  facet normal -0.442835 -0.896603 0
    outer loop
      vertex 109.536 71.2934 2
      vertex 109.7 71.2124 7.5
      vertex 109.536 71.2934 7.5
    endloop
  endfacet
  facet normal -0.442835 -0.896603 -0
    outer loop
      vertex 109.7 71.2124 7.5
      vertex 109.536 71.2934 2
      vertex 109.7 71.2124 2
    endloop
  endfacet
  facet normal 0 0 1
    outer loop
      vertex 110.388 70.1827 2
      vertex 110.388 69.8173 2
      vertex 110.4 70 2
    endloop
  endfacet
  facet normal 0 0 1
    outer loop
      vertex 110.352 70.3624 2
      vertex 110.388 69.8173 2
      vertex 110.388 70.1827 2
    endloop
  endfacet
  facet normal 0 0 1
    outer loop
      vertex 110.352 70.3624 2
      vertex 110.352 69.6376 2
      vertex 110.388 69.8173 2
    endloop
  endfacet
  facet normal 0 0 1
    outer loop
      vertex 110.293 70.5358 2
      vertex 110.352 69.6376 2
      vertex 110.352 70.3624 2
    endloop
  endfacet
  facet normal 0 0 1
    outer loop
      vertex 110.293 70.5358 2
      vertex 110.293 69.4642 2
      vertex 110.352 69.6376 2
    endloop
  endfacet
  facet normal 0 0 1
    outer loop
      vertex 110.212 70.7 2
      vertex 110.293 69.4642 2
      vertex 110.293 70.5358 2
    endloop
  endfacet
  facet normal 0 0 1
    outer loop
      vertex 110.212 70.7 2
      vertex 110.212 69.3 2
      vertex 110.293 69.4642 2
    endloop
  endfacet
  facet normal 0 0 1
    outer loop
      vertex 110.111 70.8523 2
      vertex 110.212 69.3 2
      vertex 110.212 70.7 2
    endloop
  endfacet
  facet normal 0 0 1
    outer loop
      vertex 110.111 70.8523 2
      vertex 110.111 69.1477 2
      vertex 110.212 69.3 2
    endloop
  endfacet
  facet normal 0 0 1
    outer loop
      vertex 109.99 70.99 2
      vertex 110.111 69.1477 2
      vertex 110.111 70.8523 2
    endloop
  endfacet
  facet normal 0 0 1
    outer loop
      vertex 109.99 70.99 2
      vertex 109.99 69.01 2
      vertex 110.111 69.1477 2
    endloop
  endfacet
  facet normal 0 0 1
    outer loop
      vertex 109.852 71.1107 2
      vertex 109.99 69.01 2
      vertex 109.99 70.99 2
    endloop
  endfacet
  facet normal 0 0 1
    outer loop
      vertex 109.852 71.1107 2
      vertex 109.852 68.8893 2
      vertex 109.99 69.01 2
    endloop
  endfacet
  facet normal 0 0 1
    outer loop
      vertex 109.7 71.2124 2
      vertex 109.852 68.8893 2
      vertex 109.852 71.1107 2
    endloop
  endfacet
  facet normal 0 0 1
    outer loop
      vertex 109.7 71.2124 2
      vertex 109.7 68.7876 2
      vertex 109.852 68.8893 2
    endloop
  endfacet
  facet normal 0 0 1
    outer loop
      vertex 109.536 71.2934 2
      vertex 109.7 68.7876 2
      vertex 109.7 71.2124 2
    endloop
  endfacet
  facet normal 0 0 1
    outer loop
      vertex 109.536 71.2934 2
      vertex 109.536 68.7066 2
      vertex 109.7 68.7876 2
    endloop
  endfacet
  facet normal 0 0 1
    outer loop
      vertex 109.362 71.3523 2
      vertex 109.536 68.7066 2
      vertex 109.536 71.2934 2
    endloop
  endfacet
  facet normal 0 0 1
    outer loop
      vertex 109.362 71.3523 2
      vertex 109.362 68.6477 2
      vertex 109.536 68.7066 2
    endloop
  endfacet
  facet normal 0 0 1
    outer loop
      vertex 109.183 71.388 2
      vertex 109.362 68.6477 2
      vertex 109.362 71.3523 2
    endloop
  endfacet
  facet normal 0 0 1
    outer loop
      vertex 109.183 71.388 2
      vertex 109.183 68.612 2
      vertex 109.362 68.6477 2
    endloop
  endfacet
  facet normal 0 0 1
    outer loop
      vertex 109 71.4 2
      vertex 109.183 68.612 2
      vertex 109.183 71.388 2
    endloop
  endfacet
  facet normal 0 0 1
    outer loop
      vertex 109 71.4 2
      vertex 109 68.6 2
      vertex 109.183 68.612 2
    endloop
  endfacet
  facet normal -0 0 1
    outer loop
      vertex 108.817 71.388 2
      vertex 109 68.6 2
      vertex 109 71.4 2
    endloop
  endfacet
  facet normal 0 0 1
    outer loop
      vertex 108.817 71.388 2
      vertex 108.817 68.612 2
      vertex 109 68.6 2
    endloop
  endfacet
  facet normal -0 0 1
    outer loop
      vertex 108.638 71.3523 2
      vertex 108.817 68.612 2
      vertex 108.817 71.388 2
    endloop
  endfacet
  facet normal 0 0 1
    outer loop
      vertex 108.638 71.3523 2
      vertex 108.638 68.6477 2
      vertex 108.817 68.612 2
    endloop
  endfacet
  facet normal -0 0 1
    outer loop
      vertex 108.464 71.2934 2
      vertex 108.638 68.6477 2
      vertex 108.638 71.3523 2
    endloop
  endfacet
  facet normal 0 0 1
    outer loop
      vertex 108.464 71.2934 2
      vertex 108.464 68.7066 2
      vertex 108.638 68.6477 2
    endloop
  endfacet
  facet normal -0 0 1
    outer loop
      vertex 108.3 71.2124 2
      vertex 108.464 68.7066 2
      vertex 108.464 71.2934 2
    endloop
  endfacet
  facet normal 0 0 1
    outer loop
      vertex 108.3 71.2124 2
      vertex 108.3 68.7876 2
      vertex 108.464 68.7066 2
    endloop
  endfacet
  facet normal -0 0 1
    outer loop
      vertex 108.148 71.1107 2
      vertex 108.3 68.7876 2
      vertex 108.3 71.2124 2
    endloop
  endfacet
  facet normal 0 0 1
    outer loop
      vertex 108.148 71.1107 2
      vertex 108.148 68.8893 2
      vertex 108.3 68.7876 2
    endloop
  endfacet
  facet normal -0 0 1
    outer loop
      vertex 108.01 70.99 2
      vertex 108.148 68.8893 2
      vertex 108.148 71.1107 2
    endloop
  endfacet
  facet normal 0 0 1
    outer loop
      vertex 108.01 70.99 2
      vertex 108.01 69.01 2
      vertex 108.148 68.8893 2
    endloop
  endfacet
  facet normal -0 0 1
    outer loop
      vertex 107.889 70.8523 2
      vertex 108.01 69.01 2
      vertex 108.01 70.99 2
    endloop
  endfacet
  facet normal 0 0 1
    outer loop
      vertex 107.889 70.8523 2
      vertex 107.889 69.1477 2
      vertex 108.01 69.01 2
    endloop
  endfacet
  facet normal -0 0 1
    outer loop
      vertex 107.788 70.7 2
      vertex 107.889 69.1477 2
      vertex 107.889 70.8523 2
    endloop
  endfacet
  facet normal 0 0 1
    outer loop
      vertex 107.788 70.7 2
      vertex 107.788 69.3 2
      vertex 107.889 69.1477 2
    endloop
  endfacet
  facet normal -0 0 1
    outer loop
      vertex 107.707 70.5358 2
      vertex 107.788 69.3 2
      vertex 107.788 70.7 2
    endloop
  endfacet
  facet normal 0 0 1
    outer loop
      vertex 107.707 70.5358 2
      vertex 107.707 69.4642 2
      vertex 107.788 69.3 2
    endloop
  endfacet
  facet normal -0 0 1
    outer loop
      vertex 107.648 70.3624 2
      vertex 107.707 69.4642 2
      vertex 107.707 70.5358 2
    endloop
  endfacet
  facet normal 0 0 1
    outer loop
      vertex 107.648 70.3624 2
      vertex 107.648 69.6376 2
      vertex 107.707 69.4642 2
    endloop
  endfacet
  facet normal -0 0 1
    outer loop
      vertex 107.612 70.1827 2
      vertex 107.648 69.6376 2
      vertex 107.648 70.3624 2
    endloop
  endfacet
  facet normal 0 0 1
    outer loop
      vertex 107.612 70.1827 2
      vertex 107.612 69.8173 2
      vertex 107.648 69.6376 2
    endloop
  endfacet
  facet normal 0 -0 1
    outer loop
      vertex 107.612 69.8173 2
      vertex 107.612 70.1827 2
      vertex 107.6 70 2
    endloop
  endfacet
  facet normal -0.0654332 0.997857 0
    outer loop
      vertex 109.183 68.612 2
      vertex 109 68.6 7.5
      vertex 109.183 68.612 7.5
    endloop
  endfacet
  facet normal -0.0654332 0.997857 0
    outer loop
      vertex 109 68.6 7.5
      vertex 109.183 68.612 2
      vertex 109 68.6 2
    endloop
  endfacet
  facet normal 0.896817 -0.442401 0
    outer loop
      vertex 107.707 70.5358 7.5
      vertex 107.788 70.7 2
      vertex 107.788 70.7 7.5
    endloop
  endfacet
  facet normal 0.896817 -0.442401 0
    outer loop
      vertex 107.788 70.7 2
      vertex 107.707 70.5358 7.5
      vertex 107.707 70.5358 2
    endloop
  endfacet
  facet normal 0.99785 0.0655402 0
    outer loop
      vertex 107.612 69.8173 7.5
      vertex 107.6 70 2
      vertex 107.6 70 7.5
    endloop
  endfacet
  facet normal 0.99785 0.0655402 0
    outer loop
      vertex 107.6 70 2
      vertex 107.612 69.8173 7.5
      vertex 107.612 69.8173 2
    endloop
  endfacet
  facet normal -0.833395 0.552678 0
    outer loop
      vertex 110.111 69.1477 2
      vertex 110.212 69.3 7.5
      vertex 110.212 69.3 2
    endloop
  endfacet
  facet normal -0.833395 0.552678 0
    outer loop
      vertex 110.212 69.3 7.5
      vertex 110.111 69.1477 2
      vertex 110.111 69.1477 7.5
    endloop
  endfacet
  facet normal 0.195589 0.980686 -0
    outer loop
      vertex 108.817 68.612 2
      vertex 108.638 68.6477 7.5
      vertex 108.817 68.612 7.5
    endloop
  endfacet
  facet normal 0.195589 0.980686 0
    outer loop
      vertex 108.638 68.6477 7.5
      vertex 108.817 68.612 2
      vertex 108.638 68.6477 2
    endloop
  endfacet
  facet normal 0.980518 0.196431 0
    outer loop
      vertex 107.648 69.6376 7.5
      vertex 107.612 69.8173 2
      vertex 107.612 69.8173 7.5
    endloop
  endfacet
  facet normal 0.980518 0.196431 0
    outer loop
      vertex 107.612 69.8173 2
      vertex 107.648 69.6376 7.5
      vertex 107.648 69.6376 2
    endloop
  endfacet
  facet normal -0.195589 -0.980686 0
    outer loop
      vertex 109.183 71.388 2
      vertex 109.362 71.3523 7.5
      vertex 109.183 71.388 7.5
    endloop
  endfacet
  facet normal -0.195589 -0.980686 -0
    outer loop
      vertex 109.362 71.3523 7.5
      vertex 109.183 71.388 2
      vertex 109.362 71.3523 2
    endloop
  endfacet
  facet normal 0.833395 0.552678 0
    outer loop
      vertex 107.889 69.1477 7.5
      vertex 107.788 69.3 2
      vertex 107.788 69.3 7.5
    endloop
  endfacet
  facet normal 0.833395 0.552678 0
    outer loop
      vertex 107.788 69.3 2
      vertex 107.889 69.1477 7.5
      vertex 107.889 69.1477 2
    endloop
  endfacet
  facet normal -1 0 0
    outer loop
      vertex 67.45 18.89 0
      vertex 67.45 57.79 2
      vertex 67.45 57.79 0
    endloop
  endfacet
  facet normal -1 -0 0
    outer loop
      vertex 67.45 57.79 2
      vertex 67.45 18.89 0
      vertex 67.45 18.89 2
    endloop
  endfacet
  facet normal 1 -0 0
    outer loop
      vertex 16.95 18.89 2
      vertex 16.95 57.79 0
      vertex 16.95 57.79 2
    endloop
  endfacet
  facet normal 1 0 0
    outer loop
      vertex 16.95 57.79 0
      vertex 16.95 18.89 2
      vertex 16.95 18.89 0
    endloop
  endfacet
  facet normal 0 -1 0
    outer loop
      vertex 16.95 57.79 0
      vertex 67.45 57.79 2
      vertex 16.95 57.79 2
    endloop
  endfacet
  facet normal 0 -1 -0
    outer loop
      vertex 67.45 57.79 2
      vertex 16.95 57.79 0
      vertex 67.45 57.79 0
    endloop
  endfacet
  facet normal 0 1 -0
    outer loop
      vertex 67.45 18.89 0
      vertex 16.95 18.89 2
      vertex 67.45 18.89 2
    endloop
  endfacet
  facet normal 0 1 0
    outer loop
      vertex 16.95 18.89 2
      vertex 67.45 18.89 0
      vertex 16.95 18.89 0
    endloop
  endfacet
  facet normal -0.659309 -0.751872 0
    outer loop
      vertex 96.2524 40.9354 0
      vertex 96.6163 40.6163 2
      vertex 96.2524 40.9354 2
    endloop
  endfacet
  facet normal -0.659309 -0.751872 -0
    outer loop
      vertex 96.6163 40.6163 2
      vertex 96.2524 40.9354 0
      vertex 96.6163 40.6163 0
    endloop
  endfacet
  facet normal -0.321306 0.946975 0
    outer loop
      vertex 95.4159 34.5816 0
      vertex 94.9576 34.4261 2
      vertex 95.4159 34.5816 2
    endloop
  endfacet
  facet normal -0.321306 0.946975 0
    outer loop
      vertex 94.9576 34.4261 2
      vertex 95.4159 34.5816 0
      vertex 94.9576 34.4261 0
    endloop
  endfacet
  facet normal -0.980795 -0.195043 0
    outer loop
      vertex 97.6683 38.4829 0
      vertex 97.5739 38.9576 2
      vertex 97.5739 38.9576 0
    endloop
  endfacet
  facet normal -0.980795 -0.195043 0
    outer loop
      vertex 97.5739 38.9576 2
      vertex 97.6683 38.4829 0
      vertex 97.6683 38.4829 2
    endloop
  endfacet
  facet normal -0.997852 -0.0655041 0
    outer loop
      vertex 97.7 38 0
      vertex 97.6683 38.4829 2
      vertex 97.6683 38.4829 0
    endloop
  endfacet
  facet normal -0.997852 -0.0655041 0
    outer loop
      vertex 97.6683 38.4829 2
      vertex 97.7 38 0
      vertex 97.7 38 2
    endloop
  endfacet
  facet normal -0.946975 -0.321306 0
    outer loop
      vertex 97.5739 38.9576 0
      vertex 97.4184 39.4159 2
      vertex 97.4184 39.4159 0
    endloop
  endfacet
  facet normal -0.946975 -0.321306 0
    outer loop
      vertex 97.4184 39.4159 2
      vertex 97.5739 38.9576 0
      vertex 97.5739 38.9576 2
    endloop
  endfacet
  facet normal -0.442331 0.896852 0
    outer loop
      vertex 95.85 34.7957 0
      vertex 95.4159 34.5816 2
      vertex 95.85 34.7957 2
    endloop
  endfacet
  facet normal -0.442331 0.896852 0
    outer loop
      vertex 95.4159 34.5816 2
      vertex 95.85 34.7957 0
      vertex 95.4159 34.5816 0
    endloop
  endfacet
  facet normal -0.321306 -0.946975 0
    outer loop
      vertex 94.9576 41.5739 0
      vertex 95.4159 41.4184 2
      vertex 94.9576 41.5739 2
    endloop
  endfacet
  facet normal -0.321306 -0.946975 -0
    outer loop
      vertex 95.4159 41.4184 2
      vertex 94.9576 41.5739 0
      vertex 95.4159 41.4184 0
    endloop
  endfacet
  facet normal -0.555606 0.831446 0
    outer loop
      vertex 96.2524 35.0646 0
      vertex 95.85 34.7957 2
      vertex 96.2524 35.0646 2
    endloop
  endfacet
  facet normal -0.555606 0.831446 0
    outer loop
      vertex 95.85 34.7957 2
      vertex 96.2524 35.0646 0
      vertex 95.85 34.7957 0
    endloop
  endfacet
  facet normal 0.831446 -0.555606 0
    outer loop
      vertex 90.7957 39.85 2
      vertex 91.0646 40.2524 0
      vertex 91.0646 40.2524 2
    endloop
  endfacet
  facet normal 0.831446 -0.555606 0
    outer loop
      vertex 91.0646 40.2524 0
      vertex 90.7957 39.85 2
      vertex 90.7957 39.85 0
    endloop
  endfacet
  facet normal -0.896852 -0.442331 0
    outer loop
      vertex 97.4184 39.4159 0
      vertex 97.2043 39.85 2
      vertex 97.2043 39.85 0
    endloop
  endfacet
  facet normal -0.896852 -0.442331 0
    outer loop
      vertex 97.2043 39.85 2
      vertex 97.4184 39.4159 0
      vertex 97.4184 39.4159 2
    endloop
  endfacet
  facet normal -0.195043 -0.980795 0
    outer loop
      vertex 94.4829 41.6683 0
      vertex 94.9576 41.5739 2
      vertex 94.4829 41.6683 2
    endloop
  endfacet
  facet normal -0.195043 -0.980795 -0
    outer loop
      vertex 94.9576 41.5739 2
      vertex 94.4829 41.6683 0
      vertex 94.9576 41.5739 0
    endloop
  endfacet
  facet normal 0.946975 -0.321306 0
    outer loop
      vertex 90.4261 38.9576 2
      vertex 90.5816 39.4159 0
      vertex 90.5816 39.4159 2
    endloop
  endfacet
  facet normal 0.946975 -0.321306 0
    outer loop
      vertex 90.5816 39.4159 0
      vertex 90.4261 38.9576 2
      vertex 90.4261 38.9576 0
    endloop
  endfacet
  facet normal 0.751872 0.659309 0
    outer loop
      vertex 91.3837 35.3837 2
      vertex 91.0646 35.7476 0
      vertex 91.0646 35.7476 2
    endloop
  endfacet
  facet normal 0.751872 0.659309 0
    outer loop
      vertex 91.0646 35.7476 0
      vertex 91.3837 35.3837 2
      vertex 91.3837 35.3837 0
    endloop
  endfacet
  facet normal -0.946975 0.321306 0
    outer loop
      vertex 97.4184 36.5841 0
      vertex 97.5739 37.0424 2
      vertex 97.5739 37.0424 0
    endloop
  endfacet
  facet normal -0.946975 0.321306 0
    outer loop
      vertex 97.5739 37.0424 2
      vertex 97.4184 36.5841 0
      vertex 97.4184 36.5841 2
    endloop
  endfacet
  facet normal 0.997866 -0.0652983 0
    outer loop
      vertex 90.3 38 2
      vertex 90.3316 38.4829 0
      vertex 90.3316 38.4829 2
    endloop
  endfacet
  facet normal 0.997866 -0.0652983 0
    outer loop
      vertex 90.3316 38.4829 0
      vertex 90.3 38 2
      vertex 90.3 38 0
    endloop
  endfacet
  facet normal -0.555606 -0.831446 0
    outer loop
      vertex 95.85 41.2043 0
      vertex 96.2524 40.9354 2
      vertex 95.85 41.2043 2
    endloop
  endfacet
  facet normal -0.555606 -0.831446 -0
    outer loop
      vertex 96.2524 40.9354 2
      vertex 95.85 41.2043 0
      vertex 96.2524 40.9354 0
    endloop
  endfacet
  facet normal 0.751872 -0.659309 0
    outer loop
      vertex 91.0646 40.2524 2
      vertex 91.3837 40.6163 0
      vertex 91.3837 40.6163 2
    endloop
  endfacet
  facet normal 0.751872 -0.659309 0
    outer loop
      vertex 91.3837 40.6163 0
      vertex 91.0646 40.2524 2
      vertex 91.0646 40.2524 0
    endloop
  endfacet
  facet normal -0.751872 0.659309 0
    outer loop
      vertex 96.6163 35.3837 0
      vertex 96.9354 35.7476 2
      vertex 96.9354 35.7476 0
    endloop
  endfacet
  facet normal -0.751872 0.659309 0
    outer loop
      vertex 96.9354 35.7476 2
      vertex 96.6163 35.3837 0
      vertex 96.6163 35.3837 2
    endloop
  endfacet
  facet normal -0.896852 0.442331 0
    outer loop
      vertex 97.2043 36.15 0
      vertex 97.4184 36.5841 2
      vertex 97.4184 36.5841 0
    endloop
  endfacet
  facet normal -0.896852 0.442331 0
    outer loop
      vertex 97.4184 36.5841 2
      vertex 97.2043 36.15 0
      vertex 97.2043 36.15 2
    endloop
  endfacet
  facet normal 0.321306 -0.946975 0
    outer loop
      vertex 92.5841 41.4184 0
      vertex 93.0424 41.5739 2
      vertex 92.5841 41.4184 2
    endloop
  endfacet
  facet normal 0.321306 -0.946975 0
    outer loop
      vertex 93.0424 41.5739 2
      vertex 92.5841 41.4184 0
      vertex 93.0424 41.5739 0
    endloop
  endfacet
  facet normal 0.659309 -0.751872 0
    outer loop
      vertex 91.3837 40.6163 0
      vertex 91.7476 40.9354 2
      vertex 91.3837 40.6163 2
    endloop
  endfacet
  facet normal 0.659309 -0.751872 0
    outer loop
      vertex 91.7476 40.9354 2
      vertex 91.3837 40.6163 0
      vertex 91.7476 40.9354 0
    endloop
  endfacet
  facet normal 0.442331 -0.896852 0
    outer loop
      vertex 92.15 41.2043 0
      vertex 92.5841 41.4184 2
      vertex 92.15 41.2043 2
    endloop
  endfacet
  facet normal 0.442331 -0.896852 0
    outer loop
      vertex 92.5841 41.4184 2
      vertex 92.15 41.2043 0
      vertex 92.5841 41.4184 0
    endloop
  endfacet
  facet normal -0.831446 -0.555606 0
    outer loop
      vertex 97.2043 39.85 0
      vertex 96.9354 40.2524 2
      vertex 96.9354 40.2524 0
    endloop
  endfacet
  facet normal -0.831446 -0.555606 0
    outer loop
      vertex 96.9354 40.2524 2
      vertex 97.2043 39.85 0
      vertex 97.2043 39.85 2
    endloop
  endfacet
  facet normal -0.195043 0.980795 0
    outer loop
      vertex 94.9576 34.4261 0
      vertex 94.4829 34.3317 2
      vertex 94.9576 34.4261 2
    endloop
  endfacet
  facet normal -0.195043 0.980795 0
    outer loop
      vertex 94.4829 34.3317 2
      vertex 94.9576 34.4261 0
      vertex 94.4829 34.3317 0
    endloop
  endfacet
  facet normal -0.980795 0.195043 0
    outer loop
      vertex 97.5739 37.0424 0
      vertex 97.6683 37.5171 2
      vertex 97.6683 37.5171 0
    endloop
  endfacet
  facet normal -0.980795 0.195043 0
    outer loop
      vertex 97.6683 37.5171 2
      vertex 97.5739 37.0424 0
      vertex 97.5739 37.0424 2
    endloop
  endfacet
  facet normal 0.896852 0.442331 0
    outer loop
      vertex 90.7957 36.15 2
      vertex 90.5816 36.5841 0
      vertex 90.5816 36.5841 2
    endloop
  endfacet
  facet normal 0.896852 0.442331 0
    outer loop
      vertex 90.5816 36.5841 0
      vertex 90.7957 36.15 2
      vertex 90.7957 36.15 0
    endloop
  endfacet
  facet normal 0.321306 0.946975 -0
    outer loop
      vertex 93.0424 34.4261 0
      vertex 92.5841 34.5816 2
      vertex 93.0424 34.4261 2
    endloop
  endfacet
  facet normal 0.321306 0.946975 0
    outer loop
      vertex 92.5841 34.5816 2
      vertex 93.0424 34.4261 0
      vertex 92.5841 34.5816 0
    endloop
  endfacet
  facet normal -0.659309 0.751872 0
    outer loop
      vertex 96.6163 35.3837 0
      vertex 96.2524 35.0646 2
      vertex 96.6163 35.3837 2
    endloop
  endfacet
  facet normal -0.659309 0.751872 0
    outer loop
      vertex 96.2524 35.0646 2
      vertex 96.6163 35.3837 0
      vertex 96.2524 35.0646 0
    endloop
  endfacet
  facet normal 0.946975 0.321306 0
    outer loop
      vertex 90.5816 36.5841 2
      vertex 90.4261 37.0424 0
      vertex 90.4261 37.0424 2
    endloop
  endfacet
  facet normal 0.946975 0.321306 0
    outer loop
      vertex 90.4261 37.0424 0
      vertex 90.5816 36.5841 2
      vertex 90.5816 36.5841 0
    endloop
  endfacet
  facet normal 0.555606 0.831446 -0
    outer loop
      vertex 92.15 34.7957 0
      vertex 91.7476 35.0646 2
      vertex 92.15 34.7957 2
    endloop
  endfacet
  facet normal 0.555606 0.831446 0
    outer loop
      vertex 91.7476 35.0646 2
      vertex 92.15 34.7957 0
      vertex 91.7476 35.0646 0
    endloop
  endfacet
  facet normal -0.442331 -0.896852 0
    outer loop
      vertex 95.4159 41.4184 0
      vertex 95.85 41.2043 2
      vertex 95.4159 41.4184 2
    endloop
  endfacet
  facet normal -0.442331 -0.896852 -0
    outer loop
      vertex 95.85 41.2043 2
      vertex 95.4159 41.4184 0
      vertex 95.85 41.2043 0
    endloop
  endfacet
  facet normal -0.997852 0.0655041 0
    outer loop
      vertex 97.6683 37.5171 0
      vertex 97.7 38 2
      vertex 97.7 38 0
    endloop
  endfacet
  facet normal -0.997852 0.0655041 0
    outer loop
      vertex 97.7 38 2
      vertex 97.6683 37.5171 0
      vertex 97.6683 37.5171 2
    endloop
  endfacet
  facet normal 0.896852 -0.442331 0
    outer loop
      vertex 90.5816 39.4159 2
      vertex 90.7957 39.85 0
      vertex 90.7957 39.85 2
    endloop
  endfacet
  facet normal 0.896852 -0.442331 0
    outer loop
      vertex 90.7957 39.85 0
      vertex 90.5816 39.4159 2
      vertex 90.5816 39.4159 0
    endloop
  endfacet
  facet normal 0.555606 -0.831446 0
    outer loop
      vertex 91.7476 40.9354 0
      vertex 92.15 41.2043 2
      vertex 91.7476 40.9354 2
    endloop
  endfacet
  facet normal 0.555606 -0.831446 0
    outer loop
      vertex 92.15 41.2043 2
      vertex 91.7476 40.9354 0
      vertex 92.15 41.2043 0
    endloop
  endfacet
  facet normal 0.980755 0.195242 0
    outer loop
      vertex 90.4261 37.0424 2
      vertex 90.3316 37.5171 0
      vertex 90.3316 37.5171 2
    endloop
  endfacet
  facet normal 0.980755 0.195242 0
    outer loop
      vertex 90.3316 37.5171 0
      vertex 90.4261 37.0424 2
      vertex 90.4261 37.0424 0
    endloop
  endfacet
  facet normal 0.980755 -0.195242 0
    outer loop
      vertex 90.3316 38.4829 2
      vertex 90.4261 38.9576 0
      vertex 90.4261 38.9576 2
    endloop
  endfacet
  facet normal 0.980755 -0.195242 0
    outer loop
      vertex 90.4261 38.9576 0
      vertex 90.3316 38.4829 2
      vertex 90.3316 38.4829 0
    endloop
  endfacet
  facet normal -0.0655041 0.997852 0
    outer loop
      vertex 94.4829 34.3317 0
      vertex 94 34.3 2
      vertex 94.4829 34.3317 2
    endloop
  endfacet
  facet normal -0.0655041 0.997852 0
    outer loop
      vertex 94 34.3 2
      vertex 94.4829 34.3317 0
      vertex 94 34.3 0
    endloop
  endfacet
  facet normal -0.0655041 -0.997852 0
    outer loop
      vertex 94 41.7 0
      vertex 94.4829 41.6683 2
      vertex 94 41.7 2
    endloop
  endfacet
  facet normal -0.0655041 -0.997852 -0
    outer loop
      vertex 94.4829 41.6683 2
      vertex 94 41.7 0
      vertex 94.4829 41.6683 0
    endloop
  endfacet
  facet normal 0.195043 -0.980795 0
    outer loop
      vertex 93.0424 41.5739 0
      vertex 93.5171 41.6683 2
      vertex 93.0424 41.5739 2
    endloop
  endfacet
  facet normal 0.195043 -0.980795 0
    outer loop
      vertex 93.5171 41.6683 2
      vertex 93.0424 41.5739 0
      vertex 93.5171 41.6683 0
    endloop
  endfacet
  facet normal -0.751872 -0.659309 0
    outer loop
      vertex 96.9354 40.2524 0
      vertex 96.6163 40.6163 2
      vertex 96.6163 40.6163 0
    endloop
  endfacet
  facet normal -0.751872 -0.659309 0
    outer loop
      vertex 96.6163 40.6163 2
      vertex 96.9354 40.2524 0
      vertex 96.9354 40.2524 2
    endloop
  endfacet
  facet normal 0.0655041 -0.997852 0
    outer loop
      vertex 93.5171 41.6683 0
      vertex 94 41.7 2
      vertex 93.5171 41.6683 2
    endloop
  endfacet
  facet normal 0.0655041 -0.997852 0
    outer loop
      vertex 94 41.7 2
      vertex 93.5171 41.6683 0
      vertex 94 41.7 0
    endloop
  endfacet
  facet normal 0.195043 0.980795 -0
    outer loop
      vertex 93.5171 34.3317 0
      vertex 93.0424 34.4261 2
      vertex 93.5171 34.3317 2
    endloop
  endfacet
  facet normal 0.195043 0.980795 0
    outer loop
      vertex 93.0424 34.4261 2
      vertex 93.5171 34.3317 0
      vertex 93.0424 34.4261 0
    endloop
  endfacet
  facet normal -0.831446 0.555606 0
    outer loop
      vertex 96.9354 35.7476 0
      vertex 97.2043 36.15 2
      vertex 97.2043 36.15 0
    endloop
  endfacet
  facet normal -0.831446 0.555606 0
    outer loop
      vertex 97.2043 36.15 2
      vertex 96.9354 35.7476 0
      vertex 96.9354 35.7476 2
    endloop
  endfacet
  facet normal 0.997866 0.0652983 0
    outer loop
      vertex 90.3316 37.5171 2
      vertex 90.3 38 0
      vertex 90.3 38 2
    endloop
  endfacet
  facet normal 0.997866 0.0652983 0
    outer loop
      vertex 90.3 38 0
      vertex 90.3316 37.5171 2
      vertex 90.3316 37.5171 0
    endloop
  endfacet
  facet normal 0.442331 0.896852 -0
    outer loop
      vertex 92.5841 34.5816 0
      vertex 92.15 34.7957 2
      vertex 92.5841 34.5816 2
    endloop
  endfacet
  facet normal 0.442331 0.896852 0
    outer loop
      vertex 92.15 34.7957 2
      vertex 92.5841 34.5816 0
      vertex 92.15 34.7957 0
    endloop
  endfacet
  facet normal 0.831446 0.555606 0
    outer loop
      vertex 91.0646 35.7476 2
      vertex 90.7957 36.15 0
      vertex 90.7957 36.15 2
    endloop
  endfacet
  facet normal 0.831446 0.555606 0
    outer loop
      vertex 90.7957 36.15 0
      vertex 91.0646 35.7476 2
      vertex 91.0646 35.7476 0
    endloop
  endfacet
  facet normal 0.0655041 0.997852 -0
    outer loop
      vertex 94 34.3 0
      vertex 93.5171 34.3317 2
      vertex 94 34.3 2
    endloop
  endfacet
  facet normal 0.0655041 0.997852 0
    outer loop
      vertex 93.5171 34.3317 2
      vertex 94 34.3 0
      vertex 93.5171 34.3317 0
    endloop
  endfacet
  facet normal 0.659309 0.751872 -0
    outer loop
      vertex 91.7476 35.0646 0
      vertex 91.3837 35.3837 2
      vertex 91.7476 35.0646 2
    endloop
  endfacet
  facet normal 0.659309 0.751872 0
    outer loop
      vertex 91.3837 35.3837 2
      vertex 91.7476 35.0646 0
      vertex 91.3837 35.3837 0
    endloop
  endfacet
endsolid OpenSCAD_Model
