solid OpenSCAD_Model
  facet normal -0.980786 -0.195086 0
    outer loop
      vertex 0.170364 3.7059 0
      vertex 0.0427704 4.34737 7.5
      vertex 0.0427704 4.34737 0
    endloop
  endfacet
  facet normal -0.980786 -0.195086 0
    outer loop
      vertex 0.0427704 4.34737 7.5
      vertex 0.170364 3.7059 0
      vertex 0.170364 3.7059 7.5
    endloop
  endfacet
  facet normal -0.997859 -0.0653952 0
    outer loop
      vertex 0.0427704 4.34737 0
      vertex 0 5 7.5
      vertex 0 5 0
    endloop
  endfacet
  facet normal -0.997859 -0.0653952 0
    outer loop
      vertex 0 5 7.5
      vertex 0.0427704 4.34737 0
      vertex 0.0427704 4.34737 7.5
    endloop
  endfacet
  facet normal 0.442024 -0.897003 0
    outer loop
      vertex 111.913 0.3806 0
      vertex 112.5 0.669861 7.5
      vertex 111.913 0.3806 7.5
    endloop
  endfacet
  facet normal 0.442024 -0.897003 0
    outer loop
      vertex 112.5 0.669861 7.5
      vertex 111.913 0.3806 0
      vertex 112.5 0.669861 0
    endloop
  endfacet
  facet normal 0.831725 -0.555187 0
    outer loop
      vertex 113.967 1.95619 7.5
      vertex 114.33 2.5 0
      vertex 114.33 2.5 7.5
    endloop
  endfacet
  facet normal 0.831725 -0.555187 0
    outer loop
      vertex 114.33 2.5 0
      vertex 113.967 1.95619 7.5
      vertex 113.967 1.95619 0
    endloop
  endfacet
  facet normal 0.980961 0.194204 0
    outer loop
      vertex 114.957 71.6526 7.5
      vertex 114.83 72.2941 0
      vertex 114.83 72.2941 7.5
    endloop
  endfacet
  facet normal 0.980961 0.194204 0
    outer loop
      vertex 114.83 72.2941 0
      vertex 114.957 71.6526 7.5
      vertex 114.957 71.6526 0
    endloop
  endfacet
  facet normal 0.997836 0.0657477 0
    outer loop
      vertex 115 71 7.5
      vertex 114.957 71.6526 0
      vertex 114.957 71.6526 7.5
    endloop
  endfacet
  facet normal 0.997836 0.0657477 0
    outer loop
      vertex 114.957 71.6526 0
      vertex 115 71 7.5
      vertex 115 71 0
    endloop
  endfacet
  facet normal 0.751998 0.659165 0
    outer loop
      vertex 113.967 74.0438 7.5
      vertex 113.536 74.5355 0
      vertex 113.536 74.5355 7.5
    endloop
  endfacet
  facet normal 0.751998 0.659165 0
    outer loop
      vertex 113.536 74.5355 0
      vertex 113.967 74.0438 7.5
      vertex 113.967 74.0438 0
    endloop
  endfacet
  facet normal -0.321447 -0.946928 0
    outer loop
      vertex 3.08658 0.3806 0
      vertex 3.7059 0.170364 7.5
      vertex 3.08658 0.3806 7.5
    endloop
  endfacet
  facet normal -0.321447 -0.946928 -0
    outer loop
      vertex 3.7059 0.170364 7.5
      vertex 3.08658 0.3806 0
      vertex 3.7059 0.170364 0
    endloop
  endfacet
  facet normal -0.65935 -0.751836 0
    outer loop
      vertex 1.46446 1.46446 0
      vertex 1.95619 1.03322 7.5
      vertex 1.46446 1.46446 7.5
    endloop
  endfacet
  facet normal -0.65935 -0.751836 -0
    outer loop
      vertex 1.95619 1.03322 7.5
      vertex 1.46446 1.46446 0
      vertex 1.95619 1.03322 0
    endloop
  endfacet
  facet normal 0 1 -0
    outer loop
      vertex 110 76 0
      vertex 5 76 7.5
      vertex 110 76 7.5
    endloop
  endfacet
  facet normal 0 1 0
    outer loop
      vertex 5 76 7.5
      vertex 110 76 0
      vertex 5 76 0
    endloop
  endfacet
  facet normal -1 0 0
    outer loop
      vertex 0 5 0
      vertex 0 71 7.5
      vertex 0 71 0
    endloop
  endfacet
  facet normal -1 -0 0
    outer loop
      vertex 0 71 7.5
      vertex 0 5 0
      vertex 0 5 7.5
    endloop
  endfacet
  facet normal -0.321397 0.946944 0
    outer loop
      vertex 3.7059 75.8296 0
      vertex 3.08658 75.6194 7.5
      vertex 3.7059 75.8296 7.5
    endloop
  endfacet
  facet normal -0.321397 0.946944 0
    outer loop
      vertex 3.08658 75.6194 7.5
      vertex 3.7059 75.8296 0
      vertex 3.08658 75.6194 0
    endloop
  endfacet
  facet normal -0.946925 0.321456 0
    outer loop
      vertex 0.170364 72.2941 0
      vertex 0.3806 72.9134 7.5
      vertex 0.3806 72.9134 0
    endloop
  endfacet
  facet normal -0.946925 0.321456 0
    outer loop
      vertex 0.3806 72.9134 7.5
      vertex 0.170364 72.2941 0
      vertex 0.170364 72.2941 7.5
    endloop
  endfacet
  facet normal -0.659401 0.751791 0
    outer loop
      vertex 1.95619 74.9668 0
      vertex 1.46446 74.5355 7.5
      vertex 1.95619 74.9668 7.5
    endloop
  endfacet
  facet normal -0.659401 0.751791 0
    outer loop
      vertex 1.46446 74.5355 7.5
      vertex 1.95619 74.9668 0
      vertex 1.46446 74.5355 0
    endloop
  endfacet
  facet normal 0 -1 0
    outer loop
      vertex 5 0 0
      vertex 110 0 7.5
      vertex 5 0 7.5
    endloop
  endfacet
  facet normal 0 -1 -0
    outer loop
      vertex 110 0 7.5
      vertex 5 0 0
      vertex 110 0 0
    endloop
  endfacet
  facet normal 1 -0 0
    outer loop
      vertex 115 5 7.5
      vertex 115 71 0
      vertex 115 71 7.5
    endloop
  endfacet
  facet normal 1 0 0
    outer loop
      vertex 115 71 0
      vertex 115 5 7.5
      vertex 115 5 0
    endloop
  endfacet
  facet normal -0.831467 0.555574 0
    outer loop
      vertex 0.669861 73.5 0
      vertex 1.03322 74.0438 7.5
      vertex 1.03322 74.0438 0
    endloop
  endfacet
  facet normal -0.831467 0.555574 0
    outer loop
      vertex 1.03322 74.0438 7.5
      vertex 0.669861 73.5 0
      vertex 0.669861 73.5 7.5
    endloop
  endfacet
  facet normal 0.946572 -0.322493 0
    outer loop
      vertex 114.619 3.08658 7.5
      vertex 114.83 3.7059 0
      vertex 114.83 3.7059 7.5
    endloop
  endfacet
  facet normal 0.946572 -0.322493 0
    outer loop
      vertex 114.83 3.7059 0
      vertex 114.619 3.08658 7.5
      vertex 114.619 3.08658 0
    endloop
  endfacet
  facet normal 0.555433 -0.831562 0
    outer loop
      vertex 112.5 0.669861 0
      vertex 113.044 1.03322 7.5
      vertex 112.5 0.669861 7.5
    endloop
  endfacet
  facet normal 0.555433 -0.831562 0
    outer loop
      vertex 113.044 1.03322 7.5
      vertex 112.5 0.669861 0
      vertex 113.044 1.03322 0
    endloop
  endfacet
  facet normal 0.831721 0.555194 0
    outer loop
      vertex 114.33 73.5 7.5
      vertex 113.967 74.0438 0
      vertex 113.967 74.0438 7.5
    endloop
  endfacet
  facet normal 0.831721 0.555194 0
    outer loop
      vertex 113.967 74.0438 0
      vertex 114.33 73.5 7.5
      vertex 114.33 73.5 0
    endloop
  endfacet
  facet normal 0.0654033 0.997859 -0
    outer loop
      vertex 110.653 75.9572 0
      vertex 110 76 7.5
      vertex 110.653 75.9572 7.5
    endloop
  endfacet
  facet normal 0.0654033 0.997859 0
    outer loop
      vertex 110 76 7.5
      vertex 110.653 75.9572 0
      vertex 110 76 0
    endloop
  endfacet
  facet normal -0.442327 0.896854 0
    outer loop
      vertex 3.08658 75.6194 0
      vertex 2.5 75.3301 7.5
      vertex 3.08658 75.6194 7.5
    endloop
  endfacet
  facet normal -0.442327 0.896854 0
    outer loop
      vertex 2.5 75.3301 7.5
      vertex 3.08658 75.6194 0
      vertex 2.5 75.3301 0
    endloop
  endfacet
  facet normal -0.896884 0.442266 0
    outer loop
      vertex 0.3806 72.9134 0
      vertex 0.669861 73.5 7.5
      vertex 0.669861 73.5 0
    endloop
  endfacet
  facet normal -0.896884 0.442266 0
    outer loop
      vertex 0.669861 73.5 7.5
      vertex 0.3806 72.9134 0
      vertex 0.3806 72.9134 7.5
    endloop
  endfacet
  facet normal 0.195233 0.980757 -0
    outer loop
      vertex 111.294 75.8296 0
      vertex 110.653 75.9572 7.5
      vertex 111.294 75.8296 7.5
    endloop
  endfacet
  facet normal 0.195233 0.980757 0
    outer loop
      vertex 110.653 75.9572 7.5
      vertex 111.294 75.8296 0
      vertex 110.653 75.9572 0
    endloop
  endfacet
  facet normal 0.980959 -0.194213 0
    outer loop
      vertex 114.83 3.7059 7.5
      vertex 114.957 4.34737 0
      vertex 114.957 4.34737 7.5
    endloop
  endfacet
  facet normal 0.980959 -0.194213 0
    outer loop
      vertex 114.957 4.34737 0
      vertex 114.83 3.7059 7.5
      vertex 114.83 3.7059 0
    endloop
  endfacet
  facet normal -0.0654402 0.997856 0
    outer loop
      vertex 5 76 0
      vertex 4.34737 75.9572 7.5
      vertex 5 76 7.5
    endloop
  endfacet
  facet normal -0.0654402 0.997856 0
    outer loop
      vertex 4.34737 75.9572 7.5
      vertex 5 76 0
      vertex 4.34737 75.9572 0
    endloop
  endfacet
  facet normal -0.751836 -0.65935 0
    outer loop
      vertex 1.46446 1.46446 0
      vertex 1.03322 1.95619 7.5
      vertex 1.03322 1.95619 0
    endloop
  endfacet
  facet normal -0.751836 -0.65935 0
    outer loop
      vertex 1.03322 1.95619 7.5
      vertex 1.46446 1.46446 0
      vertex 1.46446 1.46446 7.5
    endloop
  endfacet
  facet normal -0.946928 -0.321447 0
    outer loop
      vertex 0.3806 3.08658 0
      vertex 0.170364 3.7059 7.5
      vertex 0.170364 3.7059 0
    endloop
  endfacet
  facet normal -0.946928 -0.321447 0
    outer loop
      vertex 0.170364 3.7059 7.5
      vertex 0.3806 3.08658 0
      vertex 0.3806 3.08658 7.5
    endloop
  endfacet
  facet normal 0.321596 -0.946877 0
    outer loop
      vertex 111.294 0.170364 0
      vertex 111.913 0.3806 7.5
      vertex 111.294 0.170364 7.5
    endloop
  endfacet
  facet normal 0.321596 -0.946877 0
    outer loop
      vertex 111.913 0.3806 7.5
      vertex 111.294 0.170364 0
      vertex 111.913 0.3806 0
    endloop
  endfacet
  facet normal -0.980788 0.195078 0
    outer loop
      vertex 0.0427704 71.6526 0
      vertex 0.170364 72.2941 7.5
      vertex 0.170364 72.2941 0
    endloop
  endfacet
  facet normal -0.980788 0.195078 0
    outer loop
      vertex 0.170364 72.2941 7.5
      vertex 0.0427704 71.6526 0
      vertex 0.0427704 71.6526 7.5
    endloop
  endfacet
  facet normal 0.321546 0.946894 -0
    outer loop
      vertex 111.913 75.6194 0
      vertex 111.294 75.8296 7.5
      vertex 111.913 75.6194 7.5
    endloop
  endfacet
  facet normal 0.321546 0.946894 0
    outer loop
      vertex 111.294 75.8296 7.5
      vertex 111.913 75.6194 0
      vertex 111.294 75.8296 0
    endloop
  endfacet
  facet normal -0.195086 -0.980786 0
    outer loop
      vertex 3.7059 0.170364 0
      vertex 4.34737 0.0427704 7.5
      vertex 3.7059 0.170364 7.5
    endloop
  endfacet
  facet normal -0.195086 -0.980786 -0
    outer loop
      vertex 4.34737 0.0427704 7.5
      vertex 3.7059 0.170364 0
      vertex 4.34737 0.0427704 0
    endloop
  endfacet
  facet normal -0.997859 0.0653982 0
    outer loop
      vertex 0 71 0
      vertex 0.0427704 71.6526 7.5
      vertex 0.0427704 71.6526 0
    endloop
  endfacet
  facet normal -0.997859 0.0653982 0
    outer loop
      vertex 0.0427704 71.6526 7.5
      vertex 0 71 0
      vertex 0 71 7.5
    endloop
  endfacet
  facet normal -0.0653952 -0.997859 0
    outer loop
      vertex 4.34737 0.0427704 0
      vertex 5 0 7.5
      vertex 4.34737 0.0427704 7.5
    endloop
  endfacet
  facet normal -0.0653952 -0.997859 -0
    outer loop
      vertex 5 0 7.5
      vertex 4.34737 0.0427704 0
      vertex 5 0 0
    endloop
  endfacet
  facet normal 0.997836 -0.0657447 0
    outer loop
      vertex 114.957 4.34737 7.5
      vertex 115 5 0
      vertex 115 5 7.5
    endloop
  endfacet
  facet normal 0.997836 -0.0657447 0
    outer loop
      vertex 115 5 0
      vertex 114.957 4.34737 7.5
      vertex 114.957 4.34737 0
    endloop
  endfacet
  facet normal 0.195224 -0.980759 0
    outer loop
      vertex 110.653 0.0427704 0
      vertex 111.294 0.170364 7.5
      vertex 110.653 0.0427704 7.5
    endloop
  endfacet
  facet normal 0.195224 -0.980759 0
    outer loop
      vertex 111.294 0.170364 7.5
      vertex 110.653 0.0427704 0
      vertex 111.294 0.170364 0
    endloop
  endfacet
  facet normal 0 0 -1
    outer loop
      vertex 110 0 0
      vertex 115 5 0
      vertex 114.957 4.34737 0
    endloop
  endfacet
  facet normal 0 0 -1
    outer loop
      vertex 115 5 0
      vertex 97.7 38 0
      vertex 115 71 0
    endloop
  endfacet
  facet normal 0 0 -1
    outer loop
      vertex 110 0 0
      vertex 114.957 4.34737 0
      vertex 114.83 3.7059 0
    endloop
  endfacet
  facet normal 0 0 -1
    outer loop
      vertex 97.6683 38.4829 0
      vertex 115 71 0
      vertex 97.7 38 0
    endloop
  endfacet
  facet normal 0 0 -1
    outer loop
      vertex 110 0 0
      vertex 114.83 3.7059 0
      vertex 114.619 3.08658 0
    endloop
  endfacet
  facet normal 0 0 -1
    outer loop
      vertex 97.5739 38.9576 0
      vertex 115 71 0
      vertex 97.6683 38.4829 0
    endloop
  endfacet
  facet normal 0 0 -1
    outer loop
      vertex 110 0 0
      vertex 114.619 3.08658 0
      vertex 114.33 2.5 0
    endloop
  endfacet
  facet normal 0 0 -1
    outer loop
      vertex 97.4184 39.4159 0
      vertex 115 71 0
      vertex 97.5739 38.9576 0
    endloop
  endfacet
  facet normal 0 0 -1
    outer loop
      vertex 110 0 0
      vertex 114.33 2.5 0
      vertex 113.967 1.95619 0
    endloop
  endfacet
  facet normal 0 0 -1
    outer loop
      vertex 97.2043 39.85 0
      vertex 115 71 0
      vertex 97.4184 39.4159 0
    endloop
  endfacet
  facet normal 0 0 -1
    outer loop
      vertex 110 0 0
      vertex 113.967 1.95619 0
      vertex 113.536 1.46446 0
    endloop
  endfacet
  facet normal 0 0 -1
    outer loop
      vertex 96.9354 40.2524 0
      vertex 115 71 0
      vertex 97.2043 39.85 0
    endloop
  endfacet
  facet normal 0 0 -1
    outer loop
      vertex 110 0 0
      vertex 113.536 1.46446 0
      vertex 113.044 1.03322 0
    endloop
  endfacet
  facet normal 0 0 -1
    outer loop
      vertex 96.6163 40.6163 0
      vertex 115 71 0
      vertex 96.9354 40.2524 0
    endloop
  endfacet
  facet normal 0 0 -1
    outer loop
      vertex 110 0 0
      vertex 113.044 1.03322 0
      vertex 112.5 0.669861 0
    endloop
  endfacet
  facet normal 0 0 -1
    outer loop
      vertex 96.2524 40.9354 0
      vertex 115 71 0
      vertex 96.6163 40.6163 0
    endloop
  endfacet
  facet normal 0 0 -1
    outer loop
      vertex 110 0 0
      vertex 112.5 0.669861 0
      vertex 111.913 0.3806 0
    endloop
  endfacet
  facet normal 0 0 -1
    outer loop
      vertex 95.85 41.2043 0
      vertex 115 71 0
      vertex 96.2524 40.9354 0
    endloop
  endfacet
  facet normal 0 0 -1
    outer loop
      vertex 110 0 0
      vertex 111.913 0.3806 0
      vertex 111.294 0.170364 0
    endloop
  endfacet
  facet normal 0 0 -1
    outer loop
      vertex 95.4159 41.4184 0
      vertex 115 71 0
      vertex 95.85 41.2043 0
    endloop
  endfacet
  facet normal 0 0 -1
    outer loop
      vertex 110 0 0
      vertex 111.294 0.170364 0
      vertex 110.653 0.0427704 0
    endloop
  endfacet
  facet normal 0 0 -1
    outer loop
      vertex 94.9576 41.5739 0
      vertex 115 71 0
      vertex 95.4159 41.4184 0
    endloop
  endfacet
  facet normal -0 0 -1
    outer loop
      vertex 115 5 0
      vertex 110 0 0
      vertex 94.9576 34.4261 0
    endloop
  endfacet
  facet normal 0 -0 -1
    outer loop
      vertex 110 76 0
      vertex 115 71 0
      vertex 94.9576 41.5739 0
    endloop
  endfacet
  facet normal 0 0 -1
    outer loop
      vertex 114.957 71.6526 0
      vertex 110 76 0
      vertex 114.83 72.2941 0
    endloop
  endfacet
  facet normal 0 0 -1
    outer loop
      vertex 115 5 0
      vertex 97.6683 37.5171 0
      vertex 97.7 38 0
    endloop
  endfacet
  facet normal 0 0 -1
    outer loop
      vertex 115 5 0
      vertex 97.5739 37.0424 0
      vertex 97.6683 37.5171 0
    endloop
  endfacet
  facet normal 0 0 -1
    outer loop
      vertex 115 5 0
      vertex 97.4184 36.5841 0
      vertex 97.5739 37.0424 0
    endloop
  endfacet
  facet normal 0 0 -1
    outer loop
      vertex 115 5 0
      vertex 97.2043 36.15 0
      vertex 97.4184 36.5841 0
    endloop
  endfacet
  facet normal 0 0 -1
    outer loop
      vertex 115 5 0
      vertex 96.9354 35.7476 0
      vertex 97.2043 36.15 0
    endloop
  endfacet
  facet normal 0 0 -1
    outer loop
      vertex 115 5 0
      vertex 96.6163 35.3837 0
      vertex 96.9354 35.7476 0
    endloop
  endfacet
  facet normal 0 0 -1
    outer loop
      vertex 115 5 0
      vertex 96.2524 35.0646 0
      vertex 96.6163 35.3837 0
    endloop
  endfacet
  facet normal 0 0 -1
    outer loop
      vertex 115 5 0
      vertex 95.85 34.7957 0
      vertex 96.2524 35.0646 0
    endloop
  endfacet
  facet normal 0 0 -1
    outer loop
      vertex 115 5 0
      vertex 95.4159 34.5816 0
      vertex 95.85 34.7957 0
    endloop
  endfacet
  facet normal 0 0 -1
    outer loop
      vertex 115 5 0
      vertex 94.9576 34.4261 0
      vertex 95.4159 34.5816 0
    endloop
  endfacet
  facet normal 0 0 -1
    outer loop
      vertex 110 0 0
      vertex 94.4829 34.3317 0
      vertex 94.9576 34.4261 0
    endloop
  endfacet
  facet normal 0 0 -1
    outer loop
      vertex 110 0 0
      vertex 94 34.3 0
      vertex 94.4829 34.3317 0
    endloop
  endfacet
  facet normal 0 0 -1
    outer loop
      vertex 110 0 0
      vertex 93.5171 34.3317 0
      vertex 94 34.3 0
    endloop
  endfacet
  facet normal 0 0 -1
    outer loop
      vertex 67.45 18.89 0
      vertex 93.5171 34.3317 0
      vertex 110 0 0
    endloop
  endfacet
  facet normal -0 0 -1
    outer loop
      vertex 93.5171 34.3317 0
      vertex 67.45 18.89 0
      vertex 93.0424 34.4261 0
    endloop
  endfacet
  facet normal -0 0 -1
    outer loop
      vertex 93.0424 34.4261 0
      vertex 67.45 18.89 0
      vertex 92.5841 34.5816 0
    endloop
  endfacet
  facet normal -0 0 -1
    outer loop
      vertex 92.5841 34.5816 0
      vertex 67.45 18.89 0
      vertex 92.15 34.7957 0
    endloop
  endfacet
  facet normal -0 0 -1
    outer loop
      vertex 92.15 34.7957 0
      vertex 67.45 18.89 0
      vertex 91.7476 35.0646 0
    endloop
  endfacet
  facet normal -0 0 -1
    outer loop
      vertex 91.7476 35.0646 0
      vertex 67.45 18.89 0
      vertex 91.3837 35.3837 0
    endloop
  endfacet
  facet normal -0 0 -1
    outer loop
      vertex 91.3837 35.3837 0
      vertex 67.45 18.89 0
      vertex 91.0646 35.7476 0
    endloop
  endfacet
  facet normal -0 0 -1
    outer loop
      vertex 90.3316 37.5171 0
      vertex 67.45 18.89 0
      vertex 90.3 38 0
    endloop
  endfacet
  facet normal -0 0 -1
    outer loop
      vertex 90.4261 37.0424 0
      vertex 67.45 18.89 0
      vertex 90.3316 37.5171 0
    endloop
  endfacet
  facet normal -0 0 -1
    outer loop
      vertex 90.5816 36.5841 0
      vertex 67.45 18.89 0
      vertex 90.4261 37.0424 0
    endloop
  endfacet
  facet normal -0 0 -1
    outer loop
      vertex 90.7957 36.15 0
      vertex 67.45 18.89 0
      vertex 90.5816 36.5841 0
    endloop
  endfacet
  facet normal -0 0 -1
    outer loop
      vertex 91.0646 35.7476 0
      vertex 67.45 18.89 0
      vertex 90.7957 36.15 0
    endloop
  endfacet
  facet normal 0 0 -1
    outer loop
      vertex 5 0 0
      vertex 67.45 18.89 0
      vertex 110 0 0
    endloop
  endfacet
  facet normal 0 0 -1
    outer loop
      vertex 0 5 0
      vertex 16.95 18.89 0
      vertex 5 0 0
    endloop
  endfacet
  facet normal -0 0 -1
    outer loop
      vertex 67.45 18.89 0
      vertex 5 0 0
      vertex 16.95 18.89 0
    endloop
  endfacet
  facet normal 0 0 -1
    outer loop
      vertex 114.83 72.2941 0
      vertex 110 76 0
      vertex 114.619 72.9134 0
    endloop
  endfacet
  facet normal 0 0 -1
    outer loop
      vertex 114.619 72.9134 0
      vertex 110 76 0
      vertex 114.33 73.5 0
    endloop
  endfacet
  facet normal 0 0 -1
    outer loop
      vertex 113.967 74.0438 0
      vertex 110 76 0
      vertex 113.536 74.5355 0
    endloop
  endfacet
  facet normal 0 0 -1
    outer loop
      vertex 113.536 74.5355 0
      vertex 110 76 0
      vertex 113.044 74.9668 0
    endloop
  endfacet
  facet normal 0 0 -1
    outer loop
      vertex 112.5 75.3301 0
      vertex 110 76 0
      vertex 111.913 75.6194 0
    endloop
  endfacet
  facet normal 0 0 -1
    outer loop
      vertex 111.913 75.6194 0
      vertex 110 76 0
      vertex 111.294 75.8296 0
    endloop
  endfacet
  facet normal 0 0 -1
    outer loop
      vertex 111.294 75.8296 0
      vertex 110 76 0
      vertex 110.653 75.9572 0
    endloop
  endfacet
  facet normal 0 0 -1
    outer loop
      vertex 113.044 74.9668 0
      vertex 110 76 0
      vertex 112.5 75.3301 0
    endloop
  endfacet
  facet normal 0 0 -1
    outer loop
      vertex 114.33 73.5 0
      vertex 110 76 0
      vertex 113.967 74.0438 0
    endloop
  endfacet
  facet normal 0 0 -1
    outer loop
      vertex 115 71 0
      vertex 110 76 0
      vertex 114.957 71.6526 0
    endloop
  endfacet
  facet normal 0 0 -1
    outer loop
      vertex 94.4829 41.6683 0
      vertex 110 76 0
      vertex 94.9576 41.5739 0
    endloop
  endfacet
  facet normal 0 0 -1
    outer loop
      vertex 94 41.7 0
      vertex 110 76 0
      vertex 94.4829 41.6683 0
    endloop
  endfacet
  facet normal 0 0 -1
    outer loop
      vertex 93.5171 41.6683 0
      vertex 110 76 0
      vertex 94 41.7 0
    endloop
  endfacet
  facet normal 0 0 -1
    outer loop
      vertex 67.45 57.79 0
      vertex 93.5171 41.6683 0
      vertex 93.0424 41.5739 0
    endloop
  endfacet
  facet normal 0 0 -1
    outer loop
      vertex 67.45 57.79 0
      vertex 93.0424 41.5739 0
      vertex 92.5841 41.4184 0
    endloop
  endfacet
  facet normal 0 0 -1
    outer loop
      vertex 67.45 57.79 0
      vertex 92.5841 41.4184 0
      vertex 92.15 41.2043 0
    endloop
  endfacet
  facet normal 0 0 -1
    outer loop
      vertex 67.45 57.79 0
      vertex 92.15 41.2043 0
      vertex 91.7476 40.9354 0
    endloop
  endfacet
  facet normal 0 0 -1
    outer loop
      vertex 67.45 57.79 0
      vertex 91.7476 40.9354 0
      vertex 91.3837 40.6163 0
    endloop
  endfacet
  facet normal 0 0 -1
    outer loop
      vertex 67.45 57.79 0
      vertex 91.3837 40.6163 0
      vertex 91.0646 40.2524 0
    endloop
  endfacet
  facet normal 0 0 -1
    outer loop
      vertex 67.45 57.79 0
      vertex 91.0646 40.2524 0
      vertex 90.7957 39.85 0
    endloop
  endfacet
  facet normal 0 0 -1
    outer loop
      vertex 67.45 57.79 0
      vertex 90.3 38 0
      vertex 67.45 18.89 0
    endloop
  endfacet
  facet normal 0 0 -1
    outer loop
      vertex 90.3 38 0
      vertex 67.45 57.79 0
      vertex 90.3316 38.4829 0
    endloop
  endfacet
  facet normal 0 0 -1
    outer loop
      vertex 90.3316 38.4829 0
      vertex 67.45 57.79 0
      vertex 90.4261 38.9576 0
    endloop
  endfacet
  facet normal 0 0 -1
    outer loop
      vertex 90.4261 38.9576 0
      vertex 67.45 57.79 0
      vertex 90.5816 39.4159 0
    endloop
  endfacet
  facet normal 0 0 -1
    outer loop
      vertex 90.5816 39.4159 0
      vertex 67.45 57.79 0
      vertex 90.7957 39.85 0
    endloop
  endfacet
  facet normal 0 0 -1
    outer loop
      vertex 93.5171 41.6683 0
      vertex 67.45 57.79 0
      vertex 110 76 0
    endloop
  endfacet
  facet normal 0 0 -1
    outer loop
      vertex 5 76 0
      vertex 67.45 57.79 0
      vertex 16.95 57.79 0
    endloop
  endfacet
  facet normal 0 0 -1
    outer loop
      vertex 67.45 57.79 0
      vertex 5 76 0
      vertex 110 76 0
    endloop
  endfacet
  facet normal 0 0 -1
    outer loop
      vertex 0 71 0
      vertex 16.95 18.89 0
      vertex 0 5 0
    endloop
  endfacet
  facet normal 0 0 -1
    outer loop
      vertex 0 5 0
      vertex 5 0 0
      vertex 4.34737 0.0427704 0
    endloop
  endfacet
  facet normal 0 0 -1
    outer loop
      vertex 16.95 18.89 0
      vertex 0 71 0
      vertex 16.95 57.79 0
    endloop
  endfacet
  facet normal 0 0 -1
    outer loop
      vertex 0 5 0
      vertex 4.34737 0.0427704 0
      vertex 3.7059 0.170364 0
    endloop
  endfacet
  facet normal 0 0 -1
    outer loop
      vertex 16.95 57.79 0
      vertex 0 71 0
      vertex 5 76 0
    endloop
  endfacet
  facet normal 0 0 -1
    outer loop
      vertex 0 5 0
      vertex 3.7059 0.170364 0
      vertex 3.08658 0.3806 0
    endloop
  endfacet
  facet normal 0 0 -1
    outer loop
      vertex 5 76 0
      vertex 0 71 0
      vertex 4.34737 75.9572 0
    endloop
  endfacet
  facet normal 0 0 -1
    outer loop
      vertex 0 5 0
      vertex 3.08658 0.3806 0
      vertex 2.5 0.669861 0
    endloop
  endfacet
  facet normal 0 0 -1
    outer loop
      vertex 4.34737 75.9572 0
      vertex 0 71 0
      vertex 3.7059 75.8296 0
    endloop
  endfacet
  facet normal 0 0 -1
    outer loop
      vertex 0 5 0
      vertex 2.5 0.669861 0
      vertex 1.95619 1.03322 0
    endloop
  endfacet
  facet normal 0 0 -1
    outer loop
      vertex 3.7059 75.8296 0
      vertex 0 71 0
      vertex 3.08658 75.6194 0
    endloop
  endfacet
  facet normal 0 0 -1
    outer loop
      vertex 0 5 0
      vertex 1.95619 1.03322 0
      vertex 1.46446 1.46446 0
    endloop
  endfacet
  facet normal 0 0 -1
    outer loop
      vertex 3.08658 75.6194 0
      vertex 0 71 0
      vertex 2.5 75.3301 0
    endloop
  endfacet
  facet normal 0 0 -1
    outer loop
      vertex 0 5 0
      vertex 1.46446 1.46446 0
      vertex 1.03322 1.95619 0
    endloop
  endfacet
  facet normal 0 0 -1
    outer loop
      vertex 2.5 75.3301 0
      vertex 0 71 0
      vertex 1.95619 74.9668 0
    endloop
  endfacet
  facet normal 0 0 -1
    outer loop
      vertex 0 5 0
      vertex 1.03322 1.95619 0
      vertex 0.669861 2.5 0
    endloop
  endfacet
  facet normal 0 0 -1
    outer loop
      vertex 1.95619 74.9668 0
      vertex 0 71 0
      vertex 1.46446 74.5355 0
    endloop
  endfacet
  facet normal 0 0 -1
    outer loop
      vertex 0 5 0
      vertex 0.669861 2.5 0
      vertex 0.3806 3.08658 0
    endloop
  endfacet
  facet normal 0 0 -1
    outer loop
      vertex 1.46446 74.5355 0
      vertex 0 71 0
      vertex 1.03322 74.0438 0
    endloop
  endfacet
  facet normal 0 0 -1
    outer loop
      vertex 0 5 0
      vertex 0.3806 3.08658 0
      vertex 0.170364 3.7059 0
    endloop
  endfacet
  facet normal 0 0 -1
    outer loop
      vertex 1.03322 74.0438 0
      vertex 0 71 0
      vertex 0.669861 73.5 0
    endloop
  endfacet
  facet normal 0 0 -1
    outer loop
      vertex 0 5 0
      vertex 0.170364 3.7059 0
      vertex 0.0427704 4.34737 0
    endloop
  endfacet
  facet normal 0 0 -1
    outer loop
      vertex 0.669861 73.5 0
      vertex 0 71 0
      vertex 0.3806 72.9134 0
    endloop
  endfacet
  facet normal 0 0 -1
    outer loop
      vertex 0.3806 72.9134 0
      vertex 0 71 0
      vertex 0.170364 72.2941 0
    endloop
  endfacet
  facet normal 0 0 -1
    outer loop
      vertex 0.170364 72.2941 0
      vertex 0 71 0
      vertex 0.0427704 71.6526 0
    endloop
  endfacet
  facet normal 0.0653583 -0.997862 0
    outer loop
      vertex 110 0 0
      vertex 110.653 0.0427704 7.5
      vertex 110 0 7.5
    endloop
  endfacet
  facet normal 0.0653583 -0.997862 0
    outer loop
      vertex 110.653 0.0427704 7.5
      vertex 110 0 0
      vertex 110.653 0.0427704 0
    endloop
  endfacet
  facet normal -0.896878 -0.442279 0
    outer loop
      vertex 0.669861 2.5 0
      vertex 0.3806 3.08658 7.5
      vertex 0.3806 3.08658 0
    endloop
  endfacet
  facet normal -0.896878 -0.442279 0
    outer loop
      vertex 0.3806 3.08658 7.5
      vertex 0.669861 2.5 0
      vertex 0.669861 2.5 7.5
    endloop
  endfacet
  facet normal -0.831472 -0.555567 0
    outer loop
      vertex 1.03322 1.95619 0
      vertex 0.669861 2.5 7.5
      vertex 0.669861 2.5 0
    endloop
  endfacet
  facet normal -0.831472 -0.555567 0
    outer loop
      vertex 0.669861 2.5 7.5
      vertex 1.03322 1.95619 0
      vertex 1.03322 1.95619 7.5
    endloop
  endfacet
  facet normal -0.442279 -0.896878 0
    outer loop
      vertex 2.5 0.669861 0
      vertex 3.08658 0.3806 7.5
      vertex 2.5 0.669861 7.5
    endloop
  endfacet
  facet normal -0.442279 -0.896878 -0
    outer loop
      vertex 3.08658 0.3806 7.5
      vertex 2.5 0.669861 0
      vertex 3.08658 0.3806 0
    endloop
  endfacet
  facet normal 0.752018 -0.659142 0
    outer loop
      vertex 113.536 1.46446 7.5
      vertex 113.967 1.95619 0
      vertex 113.967 1.95619 7.5
    endloop
  endfacet
  facet normal 0.752018 -0.659142 0
    outer loop
      vertex 113.967 1.95619 0
      vertex 113.536 1.46446 7.5
      vertex 113.536 1.46446 0
    endloop
  endfacet
  facet normal 0.55537 0.831603 -0
    outer loop
      vertex 113.044 74.9668 0
      vertex 112.5 75.3301 7.5
      vertex 113.044 74.9668 7.5
    endloop
  endfacet
  facet normal 0.55537 0.831603 0
    outer loop
      vertex 112.5 75.3301 7.5
      vertex 113.044 74.9668 0
      vertex 112.5 75.3301 0
    endloop
  endfacet
  facet normal -0.195096 0.980784 0
    outer loop
      vertex 4.34737 75.9572 0
      vertex 3.7059 75.8296 7.5
      vertex 4.34737 75.9572 7.5
    endloop
  endfacet
  facet normal -0.195096 0.980784 0
    outer loop
      vertex 3.7059 75.8296 7.5
      vertex 4.34737 75.9572 0
      vertex 3.7059 75.8296 0
    endloop
  endfacet
  facet normal 0.897036 -0.441957 0
    outer loop
      vertex 114.33 2.5 7.5
      vertex 114.619 3.08658 0
      vertex 114.619 3.08658 7.5
    endloop
  endfacet
  facet normal 0.897036 -0.441957 0
    outer loop
      vertex 114.619 3.08658 0
      vertex 114.33 2.5 7.5
      vertex 114.33 2.5 0
    endloop
  endfacet
  facet normal 0.897042 0.441945 0
    outer loop
      vertex 114.619 72.9134 7.5
      vertex 114.33 73.5 0
      vertex 114.33 73.5 7.5
    endloop
  endfacet
  facet normal 0.897042 0.441945 0
    outer loop
      vertex 114.33 73.5 0
      vertex 114.619 72.9134 7.5
      vertex 114.619 72.9134 0
    endloop
  endfacet
  facet normal -0.555567 -0.831472 0
    outer loop
      vertex 1.95619 1.03322 0
      vertex 2.5 0.669861 7.5
      vertex 1.95619 1.03322 7.5
    endloop
  endfacet
  facet normal -0.555567 -0.831472 -0
    outer loop
      vertex 2.5 0.669861 7.5
      vertex 1.95619 1.03322 0
      vertex 2.5 0.669861 0
    endloop
  endfacet
  facet normal 0.659145 -0.752016 0
    outer loop
      vertex 113.044 1.03322 0
      vertex 113.536 1.46446 7.5
      vertex 113.044 1.03322 7.5
    endloop
  endfacet
  facet normal 0.659145 -0.752016 0
    outer loop
      vertex 113.536 1.46446 7.5
      vertex 113.044 1.03322 0
      vertex 113.536 1.46446 0
    endloop
  endfacet
  facet normal 0.442072 0.89698 -0
    outer loop
      vertex 112.5 75.3301 0
      vertex 111.913 75.6194 7.5
      vertex 112.5 75.3301 7.5
    endloop
  endfacet
  facet normal 0.442072 0.89698 0
    outer loop
      vertex 111.913 75.6194 7.5
      vertex 112.5 75.3301 0
      vertex 111.913 75.6194 0
    endloop
  endfacet
  facet normal 0.946569 0.322503 0
    outer loop
      vertex 114.83 72.2941 7.5
      vertex 114.619 72.9134 0
      vertex 114.619 72.9134 7.5
    endloop
  endfacet
  facet normal 0.946569 0.322503 0
    outer loop
      vertex 114.619 72.9134 0
      vertex 114.83 72.2941 7.5
      vertex 114.83 72.2941 0
    endloop
  endfacet
  facet normal -0.555504 0.831514 0
    outer loop
      vertex 2.5 75.3301 0
      vertex 1.95619 74.9668 7.5
      vertex 2.5 75.3301 7.5
    endloop
  endfacet
  facet normal -0.555504 0.831514 0
    outer loop
      vertex 1.95619 74.9668 7.5
      vertex 2.5 75.3301 0
      vertex 1.95619 74.9668 0
    endloop
  endfacet
  facet normal 0.659197 0.75197 -0
    outer loop
      vertex 113.536 74.5355 0
      vertex 113.044 74.9668 7.5
      vertex 113.536 74.5355 7.5
    endloop
  endfacet
  facet normal 0.659197 0.75197 0
    outer loop
      vertex 113.044 74.9668 7.5
      vertex 113.536 74.5355 0
      vertex 113.044 74.9668 0
    endloop
  endfacet
  facet normal -0.751817 0.659372 0
    outer loop
      vertex 1.03322 74.0438 0
      vertex 1.46446 74.5355 7.5
      vertex 1.46446 74.5355 0
    endloop
  endfacet
  facet normal -0.751817 0.659372 0
    outer loop
      vertex 1.46446 74.5355 7.5
      vertex 1.03322 74.0438 0
      vertex 1.03322 74.0438 7.5
    endloop
  endfacet
  facet normal -0.660362 0.750947 0
    outer loop
      vertex 111.838 3.16152 2
      vertex 111.583 2.93728 7.5
      vertex 111.838 3.16152 7.5
    endloop
  endfacet
  facet normal -0.660362 0.750947 0
    outer loop
      vertex 111.583 2.93728 7.5
      vertex 111.838 3.16152 2
      vertex 111.583 2.93728 2
    endloop
  endfacet
  facet normal -0.556616 -0.83077 0
    outer loop
      vertex 111.493 73.123 2
      vertex 111.583 73.0627 7.5
      vertex 111.493 73.123 7.5
    endloop
  endfacet
  facet normal -0.556616 -0.83077 -0
    outer loop
      vertex 111.583 73.0627 7.5
      vertex 111.493 73.123 2
      vertex 111.583 73.0627 2
    endloop
  endfacet
  facet normal 0.555889 -0.831257 0
    outer loop
      vertex 3.41721 73.0627 2
      vertex 3.50753 73.1231 7.5
      vertex 3.41721 73.0627 7.5
    endloop
  endfacet
  facet normal 0.555889 -0.831257 0
    outer loop
      vertex 3.50753 73.1231 7.5
      vertex 3.41721 73.0627 2
      vertex 3.50753 73.1231 2
    endloop
  endfacet
  facet normal -1 0 0
    outer loop
      vertex 112.6 7.72443 2
      vertex 112.6 68.2756 7.5
      vertex 112.6 68.2756 2
    endloop
  endfacet
  facet normal -1 -0 0
    outer loop
      vertex 112.6 68.2756 7.5
      vertex 112.6 7.72443 2
      vertex 112.6 7.72443 7.5
    endloop
  endfacet
  facet normal 0 -1 0
    outer loop
      vertex 7.72443 73.6 2
      vertex 107.276 73.6 7.5
      vertex 7.72443 73.6 7.5
    endloop
  endfacet
  facet normal 0 -1 -0
    outer loop
      vertex 107.276 73.6 7.5
      vertex 7.72443 73.6 2
      vertex 107.276 73.6 2
    endloop
  endfacet
  facet normal 1 -0 0
    outer loop
      vertex 2.4 7.72442 7.5
      vertex 2.4 68.2756 2
      vertex 2.4 68.2756 7.5
    endloop
  endfacet
  facet normal 1 0 0
    outer loop
      vertex 2.4 68.2756 2
      vertex 2.4 7.72442 7.5
      vertex 2.4 7.72442 2
    endloop
  endfacet
  facet normal 0 1 -0
    outer loop
      vertex 107.276 2.4 2
      vertex 7.72442 2.4 7.5
      vertex 107.276 2.4 7.5
    endloop
  endfacet
  facet normal 0 1 0
    outer loop
      vertex 7.72442 2.4 7.5
      vertex 107.276 2.4 2
      vertex 7.72442 2.4 2
    endloop
  endfacet
  facet normal -0.750737 -0.660601 0
    outer loop
      vertex 112.063 72.5828 2
      vertex 111.838 72.8385 7.5
      vertex 111.838 72.8385 2
    endloop
  endfacet
  facet normal -0.750737 -0.660601 0
    outer loop
      vertex 111.838 72.8385 7.5
      vertex 112.063 72.5828 2
      vertex 112.063 72.5828 7.5
    endloop
  endfacet
  facet normal 0.751844 -0.659341 0
    outer loop
      vertex 2.93728 72.5828 7.5
      vertex 3.16152 72.8385 2
      vertex 3.16152 72.8385 7.5
    endloop
  endfacet
  facet normal 0.751844 -0.659341 0
    outer loop
      vertex 3.16152 72.8385 2
      vertex 2.93728 72.5828 7.5
      vertex 2.93728 72.5828 2
    endloop
  endfacet
  facet normal 0.659289 -0.75189 0
    outer loop
      vertex 3.16152 72.8385 2
      vertex 3.41721 73.0627 7.5
      vertex 3.16152 72.8385 7.5
    endloop
  endfacet
  facet normal 0.659289 -0.75189 0
    outer loop
      vertex 3.41721 73.0627 7.5
      vertex 3.16152 72.8385 2
      vertex 3.41721 73.0627 2
    endloop
  endfacet
  facet normal -0.832901 -0.553422 0
    outer loop
      vertex 112.123 72.4925 2
      vertex 112.063 72.5828 7.5
      vertex 112.063 72.5828 2
    endloop
  endfacet
  facet normal -0.832901 -0.553422 0
    outer loop
      vertex 112.063 72.5828 7.5
      vertex 112.123 72.4925 2
      vertex 112.123 72.4925 7.5
    endloop
  endfacet
  facet normal -0.552754 0.833344 0
    outer loop
      vertex 111.583 2.93728 2
      vertex 111.492 2.87692 7.5
      vertex 111.583 2.93728 7.5
    endloop
  endfacet
  facet normal -0.552754 0.833344 0
    outer loop
      vertex 111.492 2.87692 7.5
      vertex 111.583 2.93728 2
      vertex 111.492 2.87692 2
    endloop
  endfacet
  facet normal 0.831654 -0.555294 0
    outer loop
      vertex 2.87692 72.4924 7.5
      vertex 2.93728 72.5828 2
      vertex 2.93728 72.5828 7.5
    endloop
  endfacet
  facet normal 0.831654 -0.555294 0
    outer loop
      vertex 2.93728 72.5828 2
      vertex 2.87692 72.4924 7.5
      vertex 2.87692 72.4924 2
    endloop
  endfacet
  facet normal -0.750724 0.660616 0
    outer loop
      vertex 111.838 3.16152 2
      vertex 112.063 3.41721 7.5
      vertex 112.063 3.41721 2
    endloop
  endfacet
  facet normal -0.750724 0.660616 0
    outer loop
      vertex 112.063 3.41721 7.5
      vertex 111.838 3.16152 2
      vertex 111.838 3.16152 7.5
    endloop
  endfacet
  facet normal -0.832957 0.553337 0
    outer loop
      vertex 112.063 3.41721 2
      vertex 112.123 3.50753 7.5
      vertex 112.123 3.50753 2
    endloop
  endfacet
  facet normal -0.832957 0.553337 0
    outer loop
      vertex 112.123 3.50753 7.5
      vertex 112.063 3.41721 2
      vertex 112.063 3.41721 7.5
    endloop
  endfacet
  facet normal 0.55557 0.83147 -0
    outer loop
      vertex 3.50762 2.87687 2
      vertex 3.41721 2.93728 7.5
      vertex 3.50762 2.87687 7.5
    endloop
  endfacet
  facet normal 0.55557 0.83147 0
    outer loop
      vertex 3.41721 2.93728 7.5
      vertex 3.50762 2.87687 2
      vertex 3.41721 2.93728 2
    endloop
  endfacet
  facet normal -0.660296 -0.751006 0
    outer loop
      vertex 111.583 73.0627 2
      vertex 111.838 72.8385 7.5
      vertex 111.583 73.0627 7.5
    endloop
  endfacet
  facet normal -0.660296 -0.751006 -0
    outer loop
      vertex 111.838 72.8385 7.5
      vertex 111.583 73.0627 2
      vertex 111.838 72.8385 2
    endloop
  endfacet
  facet normal 0.83147 0.55557 0
    outer loop
      vertex 2.93728 3.41721 7.5
      vertex 2.87687 3.50762 2
      vertex 2.87687 3.50762 7.5
    endloop
  endfacet
  facet normal 0.83147 0.55557 0
    outer loop
      vertex 2.87687 3.50762 2
      vertex 2.93728 3.41721 7.5
      vertex 2.93728 3.41721 2
    endloop
  endfacet
  facet normal 0.659356 0.751831 -0
    outer loop
      vertex 3.41721 2.93728 2
      vertex 3.16152 3.16152 7.5
      vertex 3.41721 2.93728 7.5
    endloop
  endfacet
  facet normal 0.659356 0.751831 0
    outer loop
      vertex 3.16152 3.16152 7.5
      vertex 3.41721 2.93728 2
      vertex 3.16152 3.16152 2
    endloop
  endfacet
  facet normal 0.751831 0.659356 0
    outer loop
      vertex 3.16152 3.16152 7.5
      vertex 2.93728 3.41721 2
      vertex 2.93728 3.41721 7.5
    endloop
  endfacet
  facet normal 0.751831 0.659356 0
    outer loop
      vertex 2.93728 3.41721 2
      vertex 3.16152 3.16152 7.5
      vertex 3.16152 3.16152 2
    endloop
  endfacet
  facet normal 0 0 1
    outer loop
      vertex 3.17157 3.17157 2
      vertex 3.41721 2.93728 2
      vertex 3.50762 2.87687 2
    endloop
  endfacet
  facet normal 0 0 1
    outer loop
      vertex 3.17157 3.17157 2
      vertex 3.16152 3.16152 2
      vertex 3.41721 2.93728 2
    endloop
  endfacet
  facet normal 0 0 1
    outer loop
      vertex 3.17157 3.17157 2
      vertex 2.93728 3.41721 2
      vertex 3.16152 3.16152 2
    endloop
  endfacet
  facet normal -0 -0 1
    outer loop
      vertex 2.93728 3.41721 2
      vertex 3.17157 3.17157 2
      vertex 2.87687 3.50762 2
    endloop
  endfacet
  facet normal -0 0 1
    outer loop
      vertex 111.828 72.8284 2
      vertex 112.063 72.5828 2
      vertex 111.838 72.8385 2
    endloop
  endfacet
  facet normal 0 0 1
    outer loop
      vertex 112.063 72.5828 2
      vertex 111.828 72.8284 2
      vertex 112.123 72.4925 2
    endloop
  endfacet
  facet normal 0 0 1
    outer loop
      vertex 111.583 73.0627 2
      vertex 111.828 72.8284 2
      vertex 111.838 72.8385 2
    endloop
  endfacet
  facet normal 0 0 1
    outer loop
      vertex 111.828 72.8284 2
      vertex 111.583 73.0627 2
      vertex 111.493 73.123 2
    endloop
  endfacet
  facet normal -0 0 1
    outer loop
      vertex 3.41721 73.0627 2
      vertex 3.17157 72.8284 2
      vertex 3.50753 73.1231 2
    endloop
  endfacet
  facet normal -0 0 1
    outer loop
      vertex 3.16152 72.8385 2
      vertex 3.17157 72.8284 2
      vertex 3.41721 73.0627 2
    endloop
  endfacet
  facet normal 0 0 1
    outer loop
      vertex 2.93728 72.5828 2
      vertex 3.17157 72.8284 2
      vertex 3.16152 72.8385 2
    endloop
  endfacet
  facet normal 0 0 1
    outer loop
      vertex 3.17157 72.8284 2
      vertex 2.93728 72.5828 2
      vertex 2.87692 72.4924 2
    endloop
  endfacet
  facet normal 0 0 1
    outer loop
      vertex 111.828 3.17157 2
      vertex 112.063 3.41721 2
      vertex 112.123 3.50753 2
    endloop
  endfacet
  facet normal 0 0 1
    outer loop
      vertex 112.063 3.41721 2
      vertex 111.828 3.17157 2
      vertex 111.838 3.16152 2
    endloop
  endfacet
  facet normal 0 0 1
    outer loop
      vertex 111.828 3.17157 2
      vertex 111.583 2.93728 2
      vertex 111.838 3.16152 2
    endloop
  endfacet
  facet normal 0 -0 1
    outer loop
      vertex 111.583 2.93728 2
      vertex 111.828 3.17157 2
      vertex 111.492 2.87692 2
    endloop
  endfacet
  facet normal 0 0 1
    outer loop
      vertex 12.488 12.0013 2
      vertex 9.96578 6.5221 2
      vertex 10 6 2
    endloop
  endfacet
  facet normal 0 0 1
    outer loop
      vertex 10.54 11.34 2
      vertex 9.8637 7.03528 2
      vertex 9.96578 6.5221 2
    endloop
  endfacet
  facet normal 0 0 1
    outer loop
      vertex 8.82843 8.82843 2
      vertex 10.1223 11.3674 2
      vertex 9.71178 11.449 2
    endloop
  endfacet
  facet normal 0 0 1
    outer loop
      vertex 10.54 11.34 2
      vertex 9.69552 7.53073 2
      vertex 9.8637 7.03528 2
    endloop
  endfacet
  facet normal 0 0 1
    outer loop
      vertex 10.54 11.34 2
      vertex 9.4641 8 2
      vertex 9.69552 7.53073 2
    endloop
  endfacet
  facet normal 0 0 1
    outer loop
      vertex 8.43505 9.17341 2
      vertex 9.71178 11.449 2
      vertex 9.31541 11.5836 2
    endloop
  endfacet
  facet normal 0 0 1
    outer loop
      vertex 10.54 11.34 2
      vertex 9.17341 8.43505 2
      vertex 9.4641 8 2
    endloop
  endfacet
  facet normal 0 0 1
    outer loop
      vertex 8 9.4641 2
      vertex 9.31541 11.5836 2
      vertex 8.94 11.7687 2
    endloop
  endfacet
  facet normal 0 0 1
    outer loop
      vertex 10.1223 11.3674 2
      vertex 8.82843 8.82843 2
      vertex 9.17341 8.43505 2
    endloop
  endfacet
  facet normal 0 0 1
    outer loop
      vertex 7.53073 9.69552 2
      vertex 8.94 11.7687 2
      vertex 8.59196 12.0013 2
    endloop
  endfacet
  facet normal 0 0 1
    outer loop
      vertex 9.71178 11.449 2
      vertex 8.43505 9.17341 2
      vertex 8.82843 8.82843 2
    endloop
  endfacet
  facet normal 0 0 1
    outer loop
      vertex 7.03528 9.8637 2
      vertex 8.59196 12.0013 2
      vertex 8.27726 12.2773 2
    endloop
  endfacet
  facet normal 0 0 1
    outer loop
      vertex 6.5221 9.96578 2
      vertex 8.27726 12.2773 2
      vertex 8.00127 12.592 2
    endloop
  endfacet
  facet normal 0 0 1
    outer loop
      vertex 9.31541 11.5836 2
      vertex 8 9.4641 2
      vertex 8.43505 9.17341 2
    endloop
  endfacet
  facet normal 0 0 1
    outer loop
      vertex 6.5221 9.96578 2
      vertex 8.00127 12.592 2
      vertex 7.76872 12.94 2
    endloop
  endfacet
  facet normal 0 0 1
    outer loop
      vertex 6 10 2
      vertex 7.76872 12.94 2
      vertex 7.58358 13.3154 2
    endloop
  endfacet
  facet normal 0 0 1
    outer loop
      vertex 8.94 11.7687 2
      vertex 7.53073 9.69552 2
      vertex 8 9.4641 2
    endloop
  endfacet
  facet normal 0 0 1
    outer loop
      vertex 5.47789 9.96578 2
      vertex 7.58358 13.3154 2
      vertex 7.44904 13.7118 2
    endloop
  endfacet
  facet normal 0 0 1
    outer loop
      vertex 4.96472 9.8637 2
      vertex 7.44904 13.7118 2
      vertex 7.36738 14.1223 2
    endloop
  endfacet
  facet normal 0 0 1
    outer loop
      vertex 4.46927 9.69552 2
      vertex 7.36738 14.1223 2
      vertex 7.34 14.54 2
    endloop
  endfacet
  facet normal 0 0 1
    outer loop
      vertex 8.59196 12.0013 2
      vertex 7.03528 9.8637 2
      vertex 7.53073 9.69552 2
    endloop
  endfacet
  facet normal 0 0 1
    outer loop
      vertex 7.36738 61.6203 2
      vertex 4 66.5359 2
      vertex 7.44904 61.2098 2
    endloop
  endfacet
  facet normal 0 0 1
    outer loop
      vertex 3.56495 66.8266 2
      vertex 7.44904 61.2098 2
      vertex 4 66.5359 2
    endloop
  endfacet
  facet normal 0 0 1
    outer loop
      vertex 8.27726 12.2773 2
      vertex 6.5221 9.96578 2
      vertex 7.03528 9.8637 2
    endloop
  endfacet
  facet normal 0 0 1
    outer loop
      vertex 7.44904 61.2098 2
      vertex 3.56495 66.8266 2
      vertex 7.58358 60.8134 2
    endloop
  endfacet
  facet normal 0 0 1
    outer loop
      vertex 7.76872 12.94 2
      vertex 6 10 2
      vertex 6.5221 9.96578 2
    endloop
  endfacet
  facet normal 0 0 1
    outer loop
      vertex 3.17157 67.1716 2
      vertex 7.58358 60.8134 2
      vertex 3.56495 66.8266 2
    endloop
  endfacet
  facet normal 0 0 1
    outer loop
      vertex 7.58358 13.3154 2
      vertex 5.47789 9.96578 2
      vertex 6 10 2
    endloop
  endfacet
  facet normal 0 0 1
    outer loop
      vertex 2.82659 67.565 2
      vertex 7.58358 60.8134 2
      vertex 3.17157 67.1716 2
    endloop
  endfacet
  facet normal 0 0 1
    outer loop
      vertex 7.44904 13.7118 2
      vertex 4.96472 9.8637 2
      vertex 5.47789 9.96578 2
    endloop
  endfacet
  facet normal 0 0 1
    outer loop
      vertex 7.58358 60.8134 2
      vertex 2.82659 67.565 2
      vertex 7.58358 15.7646 2
    endloop
  endfacet
  facet normal 0 0 1
    outer loop
      vertex 7.36738 14.1223 2
      vertex 4.46927 9.69552 2
      vertex 4.96472 9.8637 2
    endloop
  endfacet
  facet normal 0 0 1
    outer loop
      vertex 2.82659 8.43505 2
      vertex 7.58358 15.7646 2
      vertex 2.82659 67.565 2
    endloop
  endfacet
  facet normal 0 0 1
    outer loop
      vertex 7.34 14.54 2
      vertex 4 9.4641 2
      vertex 4.46927 9.69552 2
    endloop
  endfacet
  facet normal 0 -0 1
    outer loop
      vertex 3.17157 8.82843 2
      vertex 7.58358 15.7646 2
      vertex 2.82659 8.43505 2
    endloop
  endfacet
  facet normal 0 0 1
    outer loop
      vertex 7.36738 14.9577 2
      vertex 4 9.4641 2
      vertex 7.34 14.54 2
    endloop
  endfacet
  facet normal 0 0 1
    outer loop
      vertex 7.44904 15.3682 2
      vertex 3.56495 9.17341 2
      vertex 7.36738 14.9577 2
    endloop
  endfacet
  facet normal 0 -0 1
    outer loop
      vertex 4 9.4641 2
      vertex 7.36738 14.9577 2
      vertex 3.56495 9.17341 2
    endloop
  endfacet
  facet normal 0 0 1
    outer loop
      vertex 7.58358 15.7646 2
      vertex 3.17157 8.82843 2
      vertex 7.44904 15.3682 2
    endloop
  endfacet
  facet normal 0 -0 1
    outer loop
      vertex 3.56495 9.17341 2
      vertex 7.44904 15.3682 2
      vertex 3.17157 8.82843 2
    endloop
  endfacet
  facet normal 0 0 1
    outer loop
      vertex 2.5359 68 2
      vertex 2.82659 8.43505 2
      vertex 2.82659 67.565 2
    endloop
  endfacet
  facet normal 0 0 1
    outer loop
      vertex 2.5359 68 2
      vertex 2.5359 8 2
      vertex 2.82659 8.43505 2
    endloop
  endfacet
  facet normal 0 0 1
    outer loop
      vertex 2.4 68.2756 2
      vertex 2.5359 8 2
      vertex 2.5359 68 2
    endloop
  endfacet
  facet normal 0 0 1
    outer loop
      vertex 2.5359 8 2
      vertex 2.4 68.2756 2
      vertex 2.4 7.72442 2
    endloop
  endfacet
  facet normal -0 0 1
    outer loop
      vertex 13.4964 60.8134 2
      vertex 16.95 57.79 2
      vertex 13.631 61.2098 2
    endloop
  endfacet
  facet normal 0 0 1
    outer loop
      vertex 16.95 18.89 2
      vertex 13.7126 14.9577 2
      vertex 13.74 14.54 2
    endloop
  endfacet
  facet normal -0 0 1
    outer loop
      vertex 13.3113 60.438 2
      vertex 16.95 57.79 2
      vertex 13.4964 60.8134 2
    endloop
  endfacet
  facet normal 0 0 1
    outer loop
      vertex 16.95 18.89 2
      vertex 13.631 15.3682 2
      vertex 13.7126 14.9577 2
    endloop
  endfacet
  facet normal -0 0 1
    outer loop
      vertex 13.0787 60.09 2
      vertex 16.95 57.79 2
      vertex 13.3113 60.438 2
    endloop
  endfacet
  facet normal 0 0 1
    outer loop
      vertex 16.95 18.89 2
      vertex 13.4964 15.7646 2
      vertex 13.631 15.3682 2
    endloop
  endfacet
  facet normal -0 0 1
    outer loop
      vertex 12.8027 59.7753 2
      vertex 16.95 57.79 2
      vertex 13.0787 60.09 2
    endloop
  endfacet
  facet normal 0 0 1
    outer loop
      vertex 16.95 18.89 2
      vertex 13.3113 16.14 2
      vertex 13.4964 15.7646 2
    endloop
  endfacet
  facet normal -0 0 1
    outer loop
      vertex 12.488 59.4993 2
      vertex 16.95 57.79 2
      vertex 12.8027 59.7753 2
    endloop
  endfacet
  facet normal 0 0 1
    outer loop
      vertex 16.95 18.89 2
      vertex 13.0787 16.488 2
      vertex 13.3113 16.14 2
    endloop
  endfacet
  facet normal -0 0 1
    outer loop
      vertex 12.14 59.2667 2
      vertex 16.95 57.79 2
      vertex 12.488 59.4993 2
    endloop
  endfacet
  facet normal 0 0 1
    outer loop
      vertex 16.95 18.89 2
      vertex 12.8027 16.8027 2
      vertex 13.0787 16.488 2
    endloop
  endfacet
  facet normal -0 0 1
    outer loop
      vertex 11.7646 59.0816 2
      vertex 16.95 57.79 2
      vertex 12.14 59.2667 2
    endloop
  endfacet
  facet normal 0 0 1
    outer loop
      vertex 16.95 18.89 2
      vertex 12.488 17.0787 2
      vertex 12.8027 16.8027 2
    endloop
  endfacet
  facet normal -0 0 1
    outer loop
      vertex 11.3682 58.947 2
      vertex 16.95 57.79 2
      vertex 11.7646 59.0816 2
    endloop
  endfacet
  facet normal 0 0 1
    outer loop
      vertex 16.95 18.89 2
      vertex 12.14 17.3113 2
      vertex 12.488 17.0787 2
    endloop
  endfacet
  facet normal -0 0 1
    outer loop
      vertex 10.9577 58.8654 2
      vertex 16.95 57.79 2
      vertex 11.3682 58.947 2
    endloop
  endfacet
  facet normal 0 0 1
    outer loop
      vertex 16.95 18.89 2
      vertex 11.7646 17.4964 2
      vertex 12.14 17.3113 2
    endloop
  endfacet
  facet normal -0 0 1
    outer loop
      vertex 10.54 58.838 2
      vertex 16.95 57.79 2
      vertex 10.9577 58.8654 2
    endloop
  endfacet
  facet normal 0 0 1
    outer loop
      vertex 16.95 18.89 2
      vertex 11.3682 17.631 2
      vertex 11.7646 17.4964 2
    endloop
  endfacet
  facet normal 0 0 1
    outer loop
      vertex 16.95 57.79 2
      vertex 10.54 58.838 2
      vertex 16.95 18.89 2
    endloop
  endfacet
  facet normal 0 0 1
    outer loop
      vertex 16.95 18.89 2
      vertex 10.9577 17.7126 2
      vertex 11.3682 17.631 2
    endloop
  endfacet
  facet normal 0 0 1
    outer loop
      vertex 10.54 17.74 2
      vertex 16.95 18.89 2
      vertex 10.54 58.838 2
    endloop
  endfacet
  facet normal 0 0 1
    outer loop
      vertex 16.95 18.89 2
      vertex 10.54 17.74 2
      vertex 10.9577 17.7126 2
    endloop
  endfacet
  facet normal 0 0 1
    outer loop
      vertex 10.1223 58.8654 2
      vertex 10.54 17.74 2
      vertex 10.54 58.838 2
    endloop
  endfacet
  facet normal 0 0 1
    outer loop
      vertex 10.1223 58.8654 2
      vertex 10.1223 17.7126 2
      vertex 10.54 17.74 2
    endloop
  endfacet
  facet normal 0 0 1
    outer loop
      vertex 9.71178 58.947 2
      vertex 10.1223 17.7126 2
      vertex 10.1223 58.8654 2
    endloop
  endfacet
  facet normal 0 0 1
    outer loop
      vertex 9.71178 58.947 2
      vertex 9.71178 17.631 2
      vertex 10.1223 17.7126 2
    endloop
  endfacet
  facet normal 0 0 1
    outer loop
      vertex 9.31541 59.0816 2
      vertex 9.71178 17.631 2
      vertex 9.71178 58.947 2
    endloop
  endfacet
  facet normal 0 0 1
    outer loop
      vertex 9.31541 59.0816 2
      vertex 9.31541 17.4964 2
      vertex 9.71178 17.631 2
    endloop
  endfacet
  facet normal 0 0 1
    outer loop
      vertex 8.94 59.2667 2
      vertex 9.31541 17.4964 2
      vertex 9.31541 59.0816 2
    endloop
  endfacet
  facet normal 0 0 1
    outer loop
      vertex 8.94 59.2667 2
      vertex 8.94 17.3113 2
      vertex 9.31541 17.4964 2
    endloop
  endfacet
  facet normal 0 0 1
    outer loop
      vertex 8.59196 59.4993 2
      vertex 8.94 17.3113 2
      vertex 8.94 59.2667 2
    endloop
  endfacet
  facet normal 0 0 1
    outer loop
      vertex 8.59196 59.4993 2
      vertex 8.59196 17.0787 2
      vertex 8.94 17.3113 2
    endloop
  endfacet
  facet normal 0 0 1
    outer loop
      vertex 8.27726 59.7753 2
      vertex 8.59196 17.0787 2
      vertex 8.59196 59.4993 2
    endloop
  endfacet
  facet normal 0 0 1
    outer loop
      vertex 8.27726 59.7753 2
      vertex 8.27726 16.8027 2
      vertex 8.59196 17.0787 2
    endloop
  endfacet
  facet normal 0 0 1
    outer loop
      vertex 8.00127 60.09 2
      vertex 8.27726 16.8027 2
      vertex 8.27726 59.7753 2
    endloop
  endfacet
  facet normal 0 0 1
    outer loop
      vertex 8.00127 60.09 2
      vertex 8.00127 16.488 2
      vertex 8.27726 16.8027 2
    endloop
  endfacet
  facet normal 0 0 1
    outer loop
      vertex 7.76872 60.438 2
      vertex 8.00127 16.488 2
      vertex 8.00127 60.09 2
    endloop
  endfacet
  facet normal 0 0 1
    outer loop
      vertex 7.76872 60.438 2
      vertex 7.76872 16.14 2
      vertex 8.00127 16.488 2
    endloop
  endfacet
  facet normal 0 0 1
    outer loop
      vertex 7.58358 60.8134 2
      vertex 7.76872 16.14 2
      vertex 7.76872 60.438 2
    endloop
  endfacet
  facet normal 0 0 1
    outer loop
      vertex 7.58358 60.8134 2
      vertex 7.58358 15.7646 2
      vertex 7.76872 16.14 2
    endloop
  endfacet
  facet normal 0 0 1
    outer loop
      vertex 7.34 62.038 2
      vertex 4.46927 66.3045 2
      vertex 7.36738 61.6203 2
    endloop
  endfacet
  facet normal 0 0 1
    outer loop
      vertex 4 66.5359 2
      vertex 7.36738 61.6203 2
      vertex 4.46927 66.3045 2
    endloop
  endfacet
  facet normal 0 0 1
    outer loop
      vertex 7.36738 62.4557 2
      vertex 4.96472 66.1363 2
      vertex 7.34 62.038 2
    endloop
  endfacet
  facet normal 0 0 1
    outer loop
      vertex 4.46927 66.3045 2
      vertex 7.34 62.038 2
      vertex 4.96472 66.1363 2
    endloop
  endfacet
  facet normal 0 0 1
    outer loop
      vertex 4.96472 66.1363 2
      vertex 7.44904 62.8662 2
      vertex 5.47789 66.0342 2
    endloop
  endfacet
  facet normal 0 0 1
    outer loop
      vertex 7.44904 62.8662 2
      vertex 4.96472 66.1363 2
      vertex 7.36738 62.4557 2
    endloop
  endfacet
  facet normal 0 0 1
    outer loop
      vertex 11.3682 65.129 2
      vertex 9.69552 68.4693 2
      vertex 10.9577 65.2106 2
    endloop
  endfacet
  facet normal -0 0 1
    outer loop
      vertex 9.4641 68 2
      vertex 10.9577 65.2106 2
      vertex 9.69552 68.4693 2
    endloop
  endfacet
  facet normal 0 0 1
    outer loop
      vertex 10.9577 65.2106 2
      vertex 9.4641 68 2
      vertex 10.54 65.238 2
    endloop
  endfacet
  facet normal -0 0 1
    outer loop
      vertex 9.17341 67.565 2
      vertex 10.54 65.238 2
      vertex 9.4641 68 2
    endloop
  endfacet
  facet normal 0 0 1
    outer loop
      vertex 10.54 65.238 2
      vertex 9.17341 67.565 2
      vertex 10.1223 65.2106 2
    endloop
  endfacet
  facet normal -0 0 1
    outer loop
      vertex 8.82843 67.1716 2
      vertex 10.1223 65.2106 2
      vertex 9.17341 67.565 2
    endloop
  endfacet
  facet normal 0 0 1
    outer loop
      vertex 10.1223 65.2106 2
      vertex 8.82843 67.1716 2
      vertex 9.71178 65.129 2
    endloop
  endfacet
  facet normal -0 0 1
    outer loop
      vertex 8.43505 66.8266 2
      vertex 9.71178 65.129 2
      vertex 8.82843 67.1716 2
    endloop
  endfacet
  facet normal 0 0 1
    outer loop
      vertex 9.71178 65.129 2
      vertex 8.43505 66.8266 2
      vertex 9.31541 64.9944 2
    endloop
  endfacet
  facet normal -0 0 1
    outer loop
      vertex 8 66.5359 2
      vertex 9.31541 64.9944 2
      vertex 8.43505 66.8266 2
    endloop
  endfacet
  facet normal 0 0 1
    outer loop
      vertex 9.31541 64.9944 2
      vertex 8 66.5359 2
      vertex 8.94 64.8093 2
    endloop
  endfacet
  facet normal 0 0 1
    outer loop
      vertex 8.94 64.8093 2
      vertex 8 66.5359 2
      vertex 8.59196 64.5767 2
    endloop
  endfacet
  facet normal -0 0 1
    outer loop
      vertex 7.53073 66.3045 2
      vertex 8.59196 64.5767 2
      vertex 8 66.5359 2
    endloop
  endfacet
  facet normal 0 0 1
    outer loop
      vertex 8.59196 64.5767 2
      vertex 7.53073 66.3045 2
      vertex 8.27726 64.3007 2
    endloop
  endfacet
  facet normal -0 0 1
    outer loop
      vertex 7.03528 66.1363 2
      vertex 8.27726 64.3007 2
      vertex 7.53073 66.3045 2
    endloop
  endfacet
  facet normal 0 0 1
    outer loop
      vertex 8.27726 64.3007 2
      vertex 7.03528 66.1363 2
      vertex 8.00127 63.986 2
    endloop
  endfacet
  facet normal -0 0 1
    outer loop
      vertex 6.5221 66.0342 2
      vertex 8.00127 63.986 2
      vertex 7.03528 66.1363 2
    endloop
  endfacet
  facet normal 0 0 1
    outer loop
      vertex 8.00127 63.986 2
      vertex 6.5221 66.0342 2
      vertex 7.76872 63.638 2
    endloop
  endfacet
  facet normal -0 0 1
    outer loop
      vertex 6 66 2
      vertex 7.76872 63.638 2
      vertex 6.5221 66.0342 2
    endloop
  endfacet
  facet normal 0 0 1
    outer loop
      vertex 7.76872 63.638 2
      vertex 6 66 2
      vertex 7.58358 63.2626 2
    endloop
  endfacet
  facet normal 0 0 1
    outer loop
      vertex 7.58358 63.2626 2
      vertex 5.47789 66.0342 2
      vertex 7.44904 62.8662 2
    endloop
  endfacet
  facet normal 0 0 1
    outer loop
      vertex 5.47789 66.0342 2
      vertex 7.58358 63.2626 2
      vertex 6 66 2
    endloop
  endfacet
  facet normal 0 0 1
    outer loop
      vertex 91.3837 40.6163 2
      vertex 72.178 59.4993 2
      vertex 91.0646 40.2524 2
    endloop
  endfacet
  facet normal 0 0 1
    outer loop
      vertex 90.3 38 2
      vertex 73.4026 14.9577 2
      vertex 73.43 14.54 2
    endloop
  endfacet
  facet normal -0 0 1
    outer loop
      vertex 71.83 59.2667 2
      vertex 91.0646 40.2524 2
      vertex 72.178 59.4993 2
    endloop
  endfacet
  facet normal 0 0 1
    outer loop
      vertex 90.3 38 2
      vertex 73.321 15.3682 2
      vertex 73.4026 14.9577 2
    endloop
  endfacet
  facet normal 0 0 1
    outer loop
      vertex 91.0646 40.2524 2
      vertex 71.83 59.2667 2
      vertex 90.7957 39.85 2
    endloop
  endfacet
  facet normal 0 0 1
    outer loop
      vertex 90.3 38 2
      vertex 73.1864 15.7646 2
      vertex 73.321 15.3682 2
    endloop
  endfacet
  facet normal -0 0 1
    outer loop
      vertex 71.4546 59.0816 2
      vertex 90.7957 39.85 2
      vertex 71.83 59.2667 2
    endloop
  endfacet
  facet normal 0 0 1
    outer loop
      vertex 90.3 38 2
      vertex 73.0013 16.14 2
      vertex 73.1864 15.7646 2
    endloop
  endfacet
  facet normal 0 0 1
    outer loop
      vertex 90.7957 39.85 2
      vertex 71.4546 59.0816 2
      vertex 90.5816 39.4159 2
    endloop
  endfacet
  facet normal 0 0 1
    outer loop
      vertex 90.3 38 2
      vertex 72.7687 16.488 2
      vertex 73.0013 16.14 2
    endloop
  endfacet
  facet normal -0 0 1
    outer loop
      vertex 71.0582 58.947 2
      vertex 90.5816 39.4159 2
      vertex 71.4546 59.0816 2
    endloop
  endfacet
  facet normal 0 0 1
    outer loop
      vertex 90.3 38 2
      vertex 72.4927 16.8027 2
      vertex 72.7687 16.488 2
    endloop
  endfacet
  facet normal 0 0 1
    outer loop
      vertex 90.5816 39.4159 2
      vertex 71.0582 58.947 2
      vertex 90.4261 38.9576 2
    endloop
  endfacet
  facet normal 0 0 1
    outer loop
      vertex 90.3 38 2
      vertex 72.178 17.0787 2
      vertex 72.4927 16.8027 2
    endloop
  endfacet
  facet normal -0 0 1
    outer loop
      vertex 67.45 57.79 2
      vertex 90.4261 38.9576 2
      vertex 71.0582 58.947 2
    endloop
  endfacet
  facet normal 0 0 1
    outer loop
      vertex 90.3 38 2
      vertex 71.83 17.3113 2
      vertex 72.178 17.0787 2
    endloop
  endfacet
  facet normal 0 0 1
    outer loop
      vertex 90.4261 38.9576 2
      vertex 67.45 57.79 2
      vertex 90.3316 38.4829 2
    endloop
  endfacet
  facet normal 0 0 1
    outer loop
      vertex 90.3 38 2
      vertex 71.4546 17.4964 2
      vertex 71.83 17.3113 2
    endloop
  endfacet
  facet normal 0 0 1
    outer loop
      vertex 90.3316 38.4829 2
      vertex 67.45 57.79 2
      vertex 90.3 38 2
    endloop
  endfacet
  facet normal 0 0 1
    outer loop
      vertex 90.3 38 2
      vertex 71.0582 17.631 2
      vertex 71.4546 17.4964 2
    endloop
  endfacet
  facet normal 0 0 1
    outer loop
      vertex 67.45 57.79 2
      vertex 71.0582 58.947 2
      vertex 70.6477 58.8654 2
    endloop
  endfacet
  facet normal 0 0 1
    outer loop
      vertex 90.3 38 2
      vertex 67.45 18.89 2
      vertex 71.0582 17.631 2
    endloop
  endfacet
  facet normal 0 0 1
    outer loop
      vertex 67.45 57.79 2
      vertex 70.6477 58.8654 2
      vertex 70.23 58.838 2
    endloop
  endfacet
  facet normal 0 0 1
    outer loop
      vertex 71.0582 17.631 2
      vertex 67.45 18.89 2
      vertex 70.6477 17.7126 2
    endloop
  endfacet
  facet normal 0 0 1
    outer loop
      vertex 67.45 57.79 2
      vertex 70.23 58.838 2
      vertex 69.8123 58.8654 2
    endloop
  endfacet
  facet normal 0 0 1
    outer loop
      vertex 90.3 38 2
      vertex 67.45 57.79 2
      vertex 67.45 18.89 2
    endloop
  endfacet
  facet normal 0 0 1
    outer loop
      vertex 67.45 57.79 2
      vertex 69.8123 58.8654 2
      vertex 69.4018 58.947 2
    endloop
  endfacet
  facet normal 0 0 1
    outer loop
      vertex 70.6477 17.7126 2
      vertex 67.45 18.89 2
      vertex 70.23 17.74 2
    endloop
  endfacet
  facet normal 0 0 1
    outer loop
      vertex 67.45 57.79 2
      vertex 69.4018 58.947 2
      vertex 69.0054 59.0816 2
    endloop
  endfacet
  facet normal 0 0 1
    outer loop
      vertex 70.23 17.74 2
      vertex 67.45 18.89 2
      vertex 69.8123 17.7126 2
    endloop
  endfacet
  facet normal 0 0 1
    outer loop
      vertex 67.45 57.79 2
      vertex 69.0054 59.0816 2
      vertex 68.63 59.2667 2
    endloop
  endfacet
  facet normal 0 0 1
    outer loop
      vertex 69.8123 17.7126 2
      vertex 67.45 18.89 2
      vertex 69.4018 17.631 2
    endloop
  endfacet
  facet normal 0 0 1
    outer loop
      vertex 67.45 57.79 2
      vertex 68.63 59.2667 2
      vertex 68.282 59.4993 2
    endloop
  endfacet
  facet normal 0 0 1
    outer loop
      vertex 69.4018 17.631 2
      vertex 67.45 18.89 2
      vertex 69.0054 17.4964 2
    endloop
  endfacet
  facet normal 0 0 1
    outer loop
      vertex 67.45 57.79 2
      vertex 68.282 59.4993 2
      vertex 67.9673 59.7753 2
    endloop
  endfacet
  facet normal 0 0 1
    outer loop
      vertex 69.0054 17.4964 2
      vertex 67.45 18.89 2
      vertex 68.63 17.3113 2
    endloop
  endfacet
  facet normal 0 0 1
    outer loop
      vertex 67.45 57.79 2
      vertex 67.9673 59.7753 2
      vertex 67.6913 60.09 2
    endloop
  endfacet
  facet normal 0 0 1
    outer loop
      vertex 68.63 17.3113 2
      vertex 67.45 18.89 2
      vertex 68.282 17.0787 2
    endloop
  endfacet
  facet normal 0 0 1
    outer loop
      vertex 67.45 57.79 2
      vertex 67.6913 60.09 2
      vertex 67.4587 60.438 2
    endloop
  endfacet
  facet normal 0 0 1
    outer loop
      vertex 68.282 17.0787 2
      vertex 67.45 18.89 2
      vertex 67.9673 16.8027 2
    endloop
  endfacet
  facet normal 0 0 1
    outer loop
      vertex 67.9673 16.8027 2
      vertex 67.45 18.89 2
      vertex 67.6913 16.488 2
    endloop
  endfacet
  facet normal 0 0 1
    outer loop
      vertex 67.2736 60.8134 2
      vertex 67.45 57.79 2
      vertex 67.4587 60.438 2
    endloop
  endfacet
  facet normal 0 0 1
    outer loop
      vertex 67.139 61.2098 2
      vertex 67.45 57.79 2
      vertex 67.2736 60.8134 2
    endloop
  endfacet
  facet normal 0 0 1
    outer loop
      vertex 67.0574 61.6203 2
      vertex 67.45 57.79 2
      vertex 67.139 61.2098 2
    endloop
  endfacet
  facet normal 0 0 1
    outer loop
      vertex 67.0574 61.6203 2
      vertex 16.95 57.79 2
      vertex 67.45 57.79 2
    endloop
  endfacet
  facet normal 0 0 1
    outer loop
      vertex 16.95 57.79 2
      vertex 67.0574 61.6203 2
      vertex 67.03 62.038 2
    endloop
  endfacet
  facet normal -0 0 1
    outer loop
      vertex 95.4159 34.5816 2
      vertex 107.469 9.69552 2
      vertex 95.85 34.7957 2
    endloop
  endfacet
  facet normal 0 0 1
    outer loop
      vertex 73.0013 63.638 2
      vertex 105 70 2
      vertex 105.034 70.5221 2
    endloop
  endfacet
  facet normal 0 0 1
    outer loop
      vertex 72.7687 63.986 2
      vertex 105.034 70.5221 2
      vertex 105.136 71.0353 2
    endloop
  endfacet
  facet normal 0 0 1
    outer loop
      vertex 105.034 69.4779 2
      vertex 97.6683 38.4829 2
      vertex 97.7 38 2
    endloop
  endfacet
  facet normal 0 0 1
    outer loop
      vertex 105.034 69.4779 2
      vertex 97.5739 38.9576 2
      vertex 97.6683 38.4829 2
    endloop
  endfacet
  facet normal 0 0 1
    outer loop
      vertex 105.034 69.4779 2
      vertex 97.4184 39.4159 2
      vertex 97.5739 38.9576 2
    endloop
  endfacet
  facet normal 0 0 1
    outer loop
      vertex 105.034 69.4779 2
      vertex 97.2043 39.85 2
      vertex 97.4184 39.4159 2
    endloop
  endfacet
  facet normal 0 0 1
    outer loop
      vertex 105.034 69.4779 2
      vertex 96.9354 40.2524 2
      vertex 97.2043 39.85 2
    endloop
  endfacet
  facet normal 0 0 1
    outer loop
      vertex 105.034 69.4779 2
      vertex 96.6163 40.6163 2
      vertex 96.9354 40.2524 2
    endloop
  endfacet
  facet normal 0 0 1
    outer loop
      vertex 105.034 69.4779 2
      vertex 96.2524 40.9354 2
      vertex 96.6163 40.6163 2
    endloop
  endfacet
  facet normal 0 0 1
    outer loop
      vertex 105.034 69.4779 2
      vertex 95.85 41.2043 2
      vertex 96.2524 40.9354 2
    endloop
  endfacet
  facet normal 0 0 1
    outer loop
      vertex 105.034 69.4779 2
      vertex 95.4159 41.4184 2
      vertex 95.85 41.2043 2
    endloop
  endfacet
  facet normal 0 0 1
    outer loop
      vertex 105.034 69.4779 2
      vertex 94.9576 41.5739 2
      vertex 95.4159 41.4184 2
    endloop
  endfacet
  facet normal 0 0 1
    outer loop
      vertex 72.4927 64.3007 2
      vertex 105.136 71.0353 2
      vertex 105.304 71.5307 2
    endloop
  endfacet
  facet normal 0 0 1
    outer loop
      vertex 105.034 69.4779 2
      vertex 94.4829 41.6683 2
      vertex 94.9576 41.5739 2
    endloop
  endfacet
  facet normal 0 0 1
    outer loop
      vertex 105.034 69.4779 2
      vertex 94 41.7 2
      vertex 94.4829 41.6683 2
    endloop
  endfacet
  facet normal 0 0 1
    outer loop
      vertex 105.034 69.4779 2
      vertex 93.5171 41.6683 2
      vertex 94 41.7 2
    endloop
  endfacet
  facet normal 0 0 1
    outer loop
      vertex 73.4026 61.6203 2
      vertex 105.034 69.4779 2
      vertex 73.43 62.038 2
    endloop
  endfacet
  facet normal 0 0 1
    outer loop
      vertex 105.034 69.4779 2
      vertex 73.4026 61.6203 2
      vertex 93.5171 41.6683 2
    endloop
  endfacet
  facet normal 0 0 1
    outer loop
      vertex 93.5171 41.6683 2
      vertex 73.4026 61.6203 2
      vertex 93.0424 41.5739 2
    endloop
  endfacet
  facet normal -0 0 1
    outer loop
      vertex 73.321 61.2098 2
      vertex 93.0424 41.5739 2
      vertex 73.4026 61.6203 2
    endloop
  endfacet
  facet normal 0 0 1
    outer loop
      vertex 93.0424 41.5739 2
      vertex 73.321 61.2098 2
      vertex 92.5841 41.4184 2
    endloop
  endfacet
  facet normal -0 0 1
    outer loop
      vertex 73.1864 60.8134 2
      vertex 92.5841 41.4184 2
      vertex 73.321 61.2098 2
    endloop
  endfacet
  facet normal 0 0 1
    outer loop
      vertex 92.5841 41.4184 2
      vertex 73.1864 60.8134 2
      vertex 92.15 41.2043 2
    endloop
  endfacet
  facet normal -0 0 1
    outer loop
      vertex 73.0013 60.438 2
      vertex 92.15 41.2043 2
      vertex 73.1864 60.8134 2
    endloop
  endfacet
  facet normal 0 0 1
    outer loop
      vertex 91.7476 40.9354 2
      vertex 72.4927 59.7753 2
      vertex 91.3837 40.6163 2
    endloop
  endfacet
  facet normal -0 0 1
    outer loop
      vertex 72.4927 59.7753 2
      vertex 91.7476 40.9354 2
      vertex 72.7687 60.09 2
    endloop
  endfacet
  facet normal -0 0 1
    outer loop
      vertex 72.7687 60.09 2
      vertex 91.7476 40.9354 2
      vertex 73.0013 60.438 2
    endloop
  endfacet
  facet normal 0 0 1
    outer loop
      vertex 92.15 41.2043 2
      vertex 73.0013 60.438 2
      vertex 91.7476 40.9354 2
    endloop
  endfacet
  facet normal 0 0 1
    outer loop
      vertex 72.178 64.5767 2
      vertex 105.304 71.5307 2
      vertex 105.536 72 2
    endloop
  endfacet
  facet normal 0 0 1
    outer loop
      vertex 71.83 64.8093 2
      vertex 105.536 72 2
      vertex 105.827 72.435 2
    endloop
  endfacet
  facet normal 0 0 1
    outer loop
      vertex 71.4546 64.9944 2
      vertex 105.827 72.435 2
      vertex 106.172 72.8284 2
    endloop
  endfacet
  facet normal 0 0 1
    outer loop
      vertex 71.0582 65.129 2
      vertex 106.172 72.8284 2
      vertex 106.565 73.1734 2
    endloop
  endfacet
  facet normal 0 0 1
    outer loop
      vertex 70.6477 65.2106 2
      vertex 106.565 73.1734 2
      vertex 107 73.4641 2
    endloop
  endfacet
  facet normal 0 0 1
    outer loop
      vertex 70.23 65.238 2
      vertex 107 73.4641 2
      vertex 107.276 73.6 2
    endloop
  endfacet
  facet normal 0 0 1
    outer loop
      vertex 105.034 69.4779 2
      vertex 73.4026 62.4557 2
      vertex 73.43 62.038 2
    endloop
  endfacet
  facet normal 0 0 1
    outer loop
      vertex 105.034 69.4779 2
      vertex 73.321 62.8662 2
      vertex 73.4026 62.4557 2
    endloop
  endfacet
  facet normal 0 0 1
    outer loop
      vertex 105.034 69.4779 2
      vertex 73.1864 63.2626 2
      vertex 73.321 62.8662 2
    endloop
  endfacet
  facet normal 0 0 1
    outer loop
      vertex 105 70 2
      vertex 73.0013 63.638 2
      vertex 73.1864 63.2626 2
    endloop
  endfacet
  facet normal 0 0 1
    outer loop
      vertex 105.034 70.5221 2
      vertex 72.7687 63.986 2
      vertex 73.0013 63.638 2
    endloop
  endfacet
  facet normal 0 0 1
    outer loop
      vertex 105.136 71.0353 2
      vertex 72.4927 64.3007 2
      vertex 72.7687 63.986 2
    endloop
  endfacet
  facet normal 0 0 1
    outer loop
      vertex 105.304 71.5307 2
      vertex 72.178 64.5767 2
      vertex 72.4927 64.3007 2
    endloop
  endfacet
  facet normal 0 0 1
    outer loop
      vertex 105.536 72 2
      vertex 71.83 64.8093 2
      vertex 72.178 64.5767 2
    endloop
  endfacet
  facet normal 0 0 1
    outer loop
      vertex 105.827 72.435 2
      vertex 71.4546 64.9944 2
      vertex 71.83 64.8093 2
    endloop
  endfacet
  facet normal 0 0 1
    outer loop
      vertex 106.172 72.8284 2
      vertex 71.0582 65.129 2
      vertex 71.4546 64.9944 2
    endloop
  endfacet
  facet normal 0 0 1
    outer loop
      vertex 106.565 73.1734 2
      vertex 70.6477 65.2106 2
      vertex 71.0582 65.129 2
    endloop
  endfacet
  facet normal 0 0 1
    outer loop
      vertex 107 73.4641 2
      vertex 70.23 65.238 2
      vertex 70.6477 65.2106 2
    endloop
  endfacet
  facet normal 0 0 1
    outer loop
      vertex 107.276 73.6 2
      vertex 69.8123 65.2106 2
      vertex 70.23 65.238 2
    endloop
  endfacet
  facet normal -0 0 1
    outer loop
      vertex 7.72443 73.6 2
      vertex 69.8123 65.2106 2
      vertex 107.276 73.6 2
    endloop
  endfacet
  facet normal 0 0 1
    outer loop
      vertex 67.0574 62.4557 2
      vertex 16.95 57.79 2
      vertex 67.03 62.038 2
    endloop
  endfacet
  facet normal 0 0 1
    outer loop
      vertex 67.139 62.8662 2
      vertex 16.95 57.79 2
      vertex 67.0574 62.4557 2
    endloop
  endfacet
  facet normal 0 0 1
    outer loop
      vertex 67.2736 63.2626 2
      vertex 16.95 57.79 2
      vertex 67.139 62.8662 2
    endloop
  endfacet
  facet normal 0 0 1
    outer loop
      vertex 13.4964 63.2626 2
      vertex 67.2736 63.2626 2
      vertex 67.4587 63.638 2
    endloop
  endfacet
  facet normal 0 0 1
    outer loop
      vertex 9.8637 71.0353 2
      vertex 67.4587 63.638 2
      vertex 67.6913 63.986 2
    endloop
  endfacet
  facet normal 0 0 1
    outer loop
      vertex 9.69552 71.5307 2
      vertex 67.6913 63.986 2
      vertex 67.9673 64.3007 2
    endloop
  endfacet
  facet normal 0 0 1
    outer loop
      vertex 9.4641 72 2
      vertex 67.9673 64.3007 2
      vertex 68.282 64.5767 2
    endloop
  endfacet
  facet normal 0 0 1
    outer loop
      vertex 9.17341 72.435 2
      vertex 68.282 64.5767 2
      vertex 68.63 64.8093 2
    endloop
  endfacet
  facet normal 0 0 1
    outer loop
      vertex 8.82843 72.8284 2
      vertex 68.63 64.8093 2
      vertex 69.0054 64.9944 2
    endloop
  endfacet
  facet normal 0 0 1
    outer loop
      vertex 8.43505 73.1734 2
      vertex 69.0054 64.9944 2
      vertex 69.4018 65.129 2
    endloop
  endfacet
  facet normal 0 0 1
    outer loop
      vertex 69.8123 65.2106 2
      vertex 7.72443 73.6 2
      vertex 69.4018 65.129 2
    endloop
  endfacet
  facet normal -0 0 1
    outer loop
      vertex 13.7126 61.6203 2
      vertex 16.95 57.79 2
      vertex 13.74 62.038 2
    endloop
  endfacet
  facet normal 0 0 1
    outer loop
      vertex 67.4587 63.638 2
      vertex 13.3113 63.638 2
      vertex 13.4964 63.2626 2
    endloop
  endfacet
  facet normal 0 0 1
    outer loop
      vertex 16.95 57.79 2
      vertex 13.7126 62.4557 2
      vertex 13.74 62.038 2
    endloop
  endfacet
  facet normal 0 0 1
    outer loop
      vertex 16.95 57.79 2
      vertex 13.631 62.8662 2
      vertex 13.7126 62.4557 2
    endloop
  endfacet
  facet normal 0 0 1
    outer loop
      vertex 16.95 57.79 2
      vertex 13.4964 63.2626 2
      vertex 13.631 62.8662 2
    endloop
  endfacet
  facet normal 0 0 1
    outer loop
      vertex 67.2736 63.2626 2
      vertex 13.4964 63.2626 2
      vertex 16.95 57.79 2
    endloop
  endfacet
  facet normal 0 0 1
    outer loop
      vertex 67.6913 63.986 2
      vertex 9.69552 71.5307 2
      vertex 9.8637 71.0353 2
    endloop
  endfacet
  facet normal 0 0 1
    outer loop
      vertex 67.4587 63.638 2
      vertex 9.8637 71.0353 2
      vertex 13.3113 63.638 2
    endloop
  endfacet
  facet normal -0 -0 1
    outer loop
      vertex 9.96578 70.5221 2
      vertex 13.0787 63.986 2
      vertex 9.8637 71.0353 2
    endloop
  endfacet
  facet normal 0 0 1
    outer loop
      vertex 13.0787 63.986 2
      vertex 9.96578 70.5221 2
      vertex 12.8027 64.3007 2
    endloop
  endfacet
  facet normal -0 -0 1
    outer loop
      vertex 10 70 2
      vertex 12.8027 64.3007 2
      vertex 9.96578 70.5221 2
    endloop
  endfacet
  facet normal 0 0 1
    outer loop
      vertex 12.8027 64.3007 2
      vertex 10 70 2
      vertex 12.488 64.5767 2
    endloop
  endfacet
  facet normal 0 0 1
    outer loop
      vertex 12.488 64.5767 2
      vertex 9.96578 69.4779 2
      vertex 12.14 64.8093 2
    endloop
  endfacet
  facet normal -0 0 1
    outer loop
      vertex 9.8637 68.9647 2
      vertex 12.14 64.8093 2
      vertex 9.96578 69.4779 2
    endloop
  endfacet
  facet normal 0 0 1
    outer loop
      vertex 11.7646 64.9944 2
      vertex 9.8637 68.9647 2
      vertex 11.3682 65.129 2
    endloop
  endfacet
  facet normal -0 0 1
    outer loop
      vertex 9.69552 68.4693 2
      vertex 11.3682 65.129 2
      vertex 9.8637 68.9647 2
    endloop
  endfacet
  facet normal 0 0 1
    outer loop
      vertex 12.14 64.8093 2
      vertex 9.8637 68.9647 2
      vertex 11.7646 64.9944 2
    endloop
  endfacet
  facet normal -0 0 1
    outer loop
      vertex 9.96578 69.4779 2
      vertex 12.488 64.5767 2
      vertex 10 70 2
    endloop
  endfacet
  facet normal 0 0 1
    outer loop
      vertex 13.3113 63.638 2
      vertex 9.8637 71.0353 2
      vertex 13.0787 63.986 2
    endloop
  endfacet
  facet normal 0 0 1
    outer loop
      vertex 67.9673 64.3007 2
      vertex 9.4641 72 2
      vertex 9.69552 71.5307 2
    endloop
  endfacet
  facet normal 0 0 1
    outer loop
      vertex 68.282 64.5767 2
      vertex 9.17341 72.435 2
      vertex 9.4641 72 2
    endloop
  endfacet
  facet normal 0 0 1
    outer loop
      vertex 68.63 64.8093 2
      vertex 8.82843 72.8284 2
      vertex 9.17341 72.435 2
    endloop
  endfacet
  facet normal 0 0 1
    outer loop
      vertex 69.0054 64.9944 2
      vertex 8.43505 73.1734 2
      vertex 8.82843 72.8284 2
    endloop
  endfacet
  facet normal 0 0 1
    outer loop
      vertex 69.4018 65.129 2
      vertex 8 73.4641 2
      vertex 8.43505 73.1734 2
    endloop
  endfacet
  facet normal 0 0 1
    outer loop
      vertex 69.4018 65.129 2
      vertex 7.72443 73.6 2
      vertex 8 73.4641 2
    endloop
  endfacet
  facet normal -0 0 1
    outer loop
      vertex 112.464 68 2
      vertex 112.6 7.72443 2
      vertex 112.6 68.2756 2
    endloop
  endfacet
  facet normal 0 0 1
    outer loop
      vertex 112.464 68 2
      vertex 112.464 8 2
      vertex 112.6 7.72443 2
    endloop
  endfacet
  facet normal -0 0 1
    outer loop
      vertex 112.173 67.565 2
      vertex 112.464 8 2
      vertex 112.464 68 2
    endloop
  endfacet
  facet normal 0 0 1
    outer loop
      vertex 112.173 67.565 2
      vertex 112.173 8.43505 2
      vertex 112.464 8 2
    endloop
  endfacet
  facet normal -0 0 1
    outer loop
      vertex 111.828 67.1716 2
      vertex 112.173 8.43505 2
      vertex 112.173 67.565 2
    endloop
  endfacet
  facet normal 0 0 1
    outer loop
      vertex 111.828 67.1716 2
      vertex 111.828 8.82843 2
      vertex 112.173 8.43505 2
    endloop
  endfacet
  facet normal -0 0 1
    outer loop
      vertex 111.435 66.8266 2
      vertex 111.828 8.82843 2
      vertex 111.828 67.1716 2
    endloop
  endfacet
  facet normal 0 0 1
    outer loop
      vertex 111.435 66.8266 2
      vertex 111.435 9.17341 2
      vertex 111.828 8.82843 2
    endloop
  endfacet
  facet normal 0 0 1
    outer loop
      vertex 97.7 38 2
      vertex 111.435 66.8266 2
      vertex 111 66.5359 2
    endloop
  endfacet
  facet normal 0 0 1
    outer loop
      vertex 111.435 66.8266 2
      vertex 97.7 38 2
      vertex 111.435 9.17341 2
    endloop
  endfacet
  facet normal 0 0 1
    outer loop
      vertex 97.7 38 2
      vertex 111 66.5359 2
      vertex 110.531 66.3045 2
    endloop
  endfacet
  facet normal -0 0 1
    outer loop
      vertex 97.6683 37.5171 2
      vertex 111.435 9.17341 2
      vertex 97.7 38 2
    endloop
  endfacet
  facet normal 0 0 1
    outer loop
      vertex 97.7 38 2
      vertex 110.531 66.3045 2
      vertex 110.035 66.1363 2
    endloop
  endfacet
  facet normal 0 0 1
    outer loop
      vertex 111.435 9.17341 2
      vertex 97.6683 37.5171 2
      vertex 111 9.4641 2
    endloop
  endfacet
  facet normal 0 0 1
    outer loop
      vertex 97.7 38 2
      vertex 110.035 66.1363 2
      vertex 109.522 66.0342 2
    endloop
  endfacet
  facet normal -0 0 1
    outer loop
      vertex 97.5739 37.0424 2
      vertex 111 9.4641 2
      vertex 97.6683 37.5171 2
    endloop
  endfacet
  facet normal 0 0 1
    outer loop
      vertex 97.7 38 2
      vertex 109.522 66.0342 2
      vertex 109 66 2
    endloop
  endfacet
  facet normal 0 0 1
    outer loop
      vertex 111 9.4641 2
      vertex 97.5739 37.0424 2
      vertex 110.531 9.69552 2
    endloop
  endfacet
  facet normal 0 0 1
    outer loop
      vertex 97.7 38 2
      vertex 109 66 2
      vertex 108.478 66.0342 2
    endloop
  endfacet
  facet normal -0 0 1
    outer loop
      vertex 97.4184 36.5841 2
      vertex 110.531 9.69552 2
      vertex 97.5739 37.0424 2
    endloop
  endfacet
  facet normal 0 0 1
    outer loop
      vertex 97.7 38 2
      vertex 108.478 66.0342 2
      vertex 107.965 66.1363 2
    endloop
  endfacet
  facet normal 0 0 1
    outer loop
      vertex 110.531 9.69552 2
      vertex 97.4184 36.5841 2
      vertex 110.035 9.8637 2
    endloop
  endfacet
  facet normal 0 0 1
    outer loop
      vertex 97.7 38 2
      vertex 107.965 66.1363 2
      vertex 107.469 66.3045 2
    endloop
  endfacet
  facet normal -0 0 1
    outer loop
      vertex 97.2043 36.15 2
      vertex 110.035 9.8637 2
      vertex 97.4184 36.5841 2
    endloop
  endfacet
  facet normal 0 0 1
    outer loop
      vertex 97.7 38 2
      vertex 107.469 66.3045 2
      vertex 107 66.5359 2
    endloop
  endfacet
  facet normal 0 0 1
    outer loop
      vertex 110.035 9.8637 2
      vertex 97.2043 36.15 2
      vertex 109.522 9.96578 2
    endloop
  endfacet
  facet normal 0 0 1
    outer loop
      vertex 97.7 38 2
      vertex 107 66.5359 2
      vertex 106.565 66.8266 2
    endloop
  endfacet
  facet normal -0 0 1
    outer loop
      vertex 96.9354 35.7476 2
      vertex 109.522 9.96578 2
      vertex 97.2043 36.15 2
    endloop
  endfacet
  facet normal 0 0 1
    outer loop
      vertex 97.7 38 2
      vertex 106.565 66.8266 2
      vertex 106.172 67.1716 2
    endloop
  endfacet
  facet normal 0 0 1
    outer loop
      vertex 109.522 9.96578 2
      vertex 96.9354 35.7476 2
      vertex 109 10 2
    endloop
  endfacet
  facet normal 0 0 1
    outer loop
      vertex 97.7 38 2
      vertex 106.172 67.1716 2
      vertex 105.827 67.565 2
    endloop
  endfacet
  facet normal -0 0 1
    outer loop
      vertex 96.6163 35.3837 2
      vertex 109 10 2
      vertex 96.9354 35.7476 2
    endloop
  endfacet
  facet normal 0 0 1
    outer loop
      vertex 97.7 38 2
      vertex 105.827 67.565 2
      vertex 105.536 68 2
    endloop
  endfacet
  facet normal 0 0 1
    outer loop
      vertex 109 10 2
      vertex 96.6163 35.3837 2
      vertex 108.478 9.96578 2
    endloop
  endfacet
  facet normal 0 0 1
    outer loop
      vertex 97.7 38 2
      vertex 105.536 68 2
      vertex 105.304 68.4693 2
    endloop
  endfacet
  facet normal -0 0 1
    outer loop
      vertex 96.2524 35.0646 2
      vertex 108.478 9.96578 2
      vertex 96.6163 35.3837 2
    endloop
  endfacet
  facet normal 0 0 1
    outer loop
      vertex 97.7 38 2
      vertex 105.304 68.4693 2
      vertex 105.136 68.9647 2
    endloop
  endfacet
  facet normal 0 0 1
    outer loop
      vertex 108.478 9.96578 2
      vertex 96.2524 35.0646 2
      vertex 107.965 9.8637 2
    endloop
  endfacet
  facet normal 0 0 1
    outer loop
      vertex 97.7 38 2
      vertex 105.136 68.9647 2
      vertex 105.034 69.4779 2
    endloop
  endfacet
  facet normal -0 0 1
    outer loop
      vertex 95.85 34.7957 2
      vertex 107.965 9.8637 2
      vertex 96.2524 35.0646 2
    endloop
  endfacet
  facet normal 0 0 1
    outer loop
      vertex 73.1864 63.2626 2
      vertex 105.034 69.4779 2
      vertex 105 70 2
    endloop
  endfacet
  facet normal 0 0 1
    outer loop
      vertex 107.965 9.8637 2
      vertex 95.85 34.7957 2
      vertex 107.469 9.69552 2
    endloop
  endfacet
  facet normal 0 0 1
    outer loop
      vertex 107.469 9.69552 2
      vertex 95.4159 34.5816 2
      vertex 107 9.4641 2
    endloop
  endfacet
  facet normal -0 0 1
    outer loop
      vertex 94.9576 34.4261 2
      vertex 107 9.4641 2
      vertex 95.4159 34.5816 2
    endloop
  endfacet
  facet normal 0 0 1
    outer loop
      vertex 107 9.4641 2
      vertex 94.9576 34.4261 2
      vertex 106.565 9.17341 2
    endloop
  endfacet
  facet normal -0 0 1
    outer loop
      vertex 94.4829 34.3317 2
      vertex 106.565 9.17341 2
      vertex 94.9576 34.4261 2
    endloop
  endfacet
  facet normal 0 0 1
    outer loop
      vertex 106.565 9.17341 2
      vertex 94.4829 34.3317 2
      vertex 106.172 8.82843 2
    endloop
  endfacet
  facet normal -0 0 1
    outer loop
      vertex 94 34.3 2
      vertex 106.172 8.82843 2
      vertex 94.4829 34.3317 2
    endloop
  endfacet
  facet normal 0 0 1
    outer loop
      vertex 106.172 8.82843 2
      vertex 94 34.3 2
      vertex 105.827 8.43505 2
    endloop
  endfacet
  facet normal 0 0 1
    outer loop
      vertex 93.5171 34.3317 2
      vertex 105.827 8.43505 2
      vertex 94 34.3 2
    endloop
  endfacet
  facet normal 0 0 1
    outer loop
      vertex 105.827 8.43505 2
      vertex 93.5171 34.3317 2
      vertex 105.536 8 2
    endloop
  endfacet
  facet normal -0 0 1
    outer loop
      vertex 73.43 14.54 2
      vertex 105.536 8 2
      vertex 93.5171 34.3317 2
    endloop
  endfacet
  facet normal 0 0 1
    outer loop
      vertex 105.536 8 2
      vertex 73.43 14.54 2
      vertex 105.304 7.53073 2
    endloop
  endfacet
  facet normal -0 0 1
    outer loop
      vertex 73.4026 14.1223 2
      vertex 105.304 7.53073 2
      vertex 73.43 14.54 2
    endloop
  endfacet
  facet normal 0 0 1
    outer loop
      vertex 105.304 7.53073 2
      vertex 73.4026 14.1223 2
      vertex 105.136 7.03528 2
    endloop
  endfacet
  facet normal -0 0 1
    outer loop
      vertex 73.321 13.7118 2
      vertex 105.136 7.03528 2
      vertex 73.4026 14.1223 2
    endloop
  endfacet
  facet normal 0 0 1
    outer loop
      vertex 105.136 7.03528 2
      vertex 73.321 13.7118 2
      vertex 105.034 6.5221 2
    endloop
  endfacet
  facet normal -0 0 1
    outer loop
      vertex 73.1864 13.3154 2
      vertex 105.034 6.5221 2
      vertex 73.321 13.7118 2
    endloop
  endfacet
  facet normal 0 0 1
    outer loop
      vertex 73.43 14.54 2
      vertex 93.5171 34.3317 2
      vertex 93.0424 34.4261 2
    endloop
  endfacet
  facet normal 0 0 1
    outer loop
      vertex 73.43 14.54 2
      vertex 93.0424 34.4261 2
      vertex 92.5841 34.5816 2
    endloop
  endfacet
  facet normal 0 0 1
    outer loop
      vertex 73.43 14.54 2
      vertex 92.5841 34.5816 2
      vertex 92.15 34.7957 2
    endloop
  endfacet
  facet normal 0 0 1
    outer loop
      vertex 73.43 14.54 2
      vertex 92.15 34.7957 2
      vertex 91.7476 35.0646 2
    endloop
  endfacet
  facet normal 0 0 1
    outer loop
      vertex 73.43 14.54 2
      vertex 91.7476 35.0646 2
      vertex 91.3837 35.3837 2
    endloop
  endfacet
  facet normal 0 0 1
    outer loop
      vertex 73.43 14.54 2
      vertex 91.3837 35.3837 2
      vertex 91.0646 35.7476 2
    endloop
  endfacet
  facet normal 0 0 1
    outer loop
      vertex 73.43 14.54 2
      vertex 91.0646 35.7476 2
      vertex 90.7957 36.15 2
    endloop
  endfacet
  facet normal 0 0 1
    outer loop
      vertex 73.43 14.54 2
      vertex 90.7957 36.15 2
      vertex 90.5816 36.5841 2
    endloop
  endfacet
  facet normal -0 0 1
    outer loop
      vertex 72.178 59.4993 2
      vertex 91.3837 40.6163 2
      vertex 72.4927 59.7753 2
    endloop
  endfacet
  facet normal 0 0 1
    outer loop
      vertex 90.3 38 2
      vertex 73.43 14.54 2
      vertex 90.3316 37.5171 2
    endloop
  endfacet
  facet normal 0 0 1
    outer loop
      vertex 90.3316 37.5171 2
      vertex 73.43 14.54 2
      vertex 90.4261 37.0424 2
    endloop
  endfacet
  facet normal 0 0 1
    outer loop
      vertex 90.4261 37.0424 2
      vertex 73.43 14.54 2
      vertex 90.5816 36.5841 2
    endloop
  endfacet
  facet normal 0 0 1
    outer loop
      vertex 105.034 6.5221 2
      vertex 73.1864 13.3154 2
      vertex 105 6 2
    endloop
  endfacet
  facet normal -0 0 1
    outer loop
      vertex 73.0013 12.94 2
      vertex 105 6 2
      vertex 73.1864 13.3154 2
    endloop
  endfacet
  facet normal 0 0 1
    outer loop
      vertex 105 6 2
      vertex 73.0013 12.94 2
      vertex 105.034 5.47789 2
    endloop
  endfacet
  facet normal -0 0 1
    outer loop
      vertex 72.7687 12.592 2
      vertex 105.034 5.47789 2
      vertex 73.0013 12.94 2
    endloop
  endfacet
  facet normal 0 0 1
    outer loop
      vertex 105.034 5.47789 2
      vertex 72.7687 12.592 2
      vertex 105.136 4.96472 2
    endloop
  endfacet
  facet normal -0 0 1
    outer loop
      vertex 72.4927 12.2773 2
      vertex 105.136 4.96472 2
      vertex 72.7687 12.592 2
    endloop
  endfacet
  facet normal 0 0 1
    outer loop
      vertex 105.136 4.96472 2
      vertex 72.4927 12.2773 2
      vertex 105.304 4.46927 2
    endloop
  endfacet
  facet normal -0 0 1
    outer loop
      vertex 72.178 12.0013 2
      vertex 105.304 4.46927 2
      vertex 72.4927 12.2773 2
    endloop
  endfacet
  facet normal 0 0 1
    outer loop
      vertex 105.304 4.46927 2
      vertex 72.178 12.0013 2
      vertex 105.536 4 2
    endloop
  endfacet
  facet normal -0 0 1
    outer loop
      vertex 71.83 11.7687 2
      vertex 105.536 4 2
      vertex 72.178 12.0013 2
    endloop
  endfacet
  facet normal 0 0 1
    outer loop
      vertex 105.536 4 2
      vertex 71.83 11.7687 2
      vertex 105.827 3.56495 2
    endloop
  endfacet
  facet normal -0 0 1
    outer loop
      vertex 71.4546 11.5836 2
      vertex 105.827 3.56495 2
      vertex 71.83 11.7687 2
    endloop
  endfacet
  facet normal 0 0 1
    outer loop
      vertex 105.827 3.56495 2
      vertex 71.4546 11.5836 2
      vertex 106.172 3.17157 2
    endloop
  endfacet
  facet normal -0 0 1
    outer loop
      vertex 71.0582 11.449 2
      vertex 106.172 3.17157 2
      vertex 71.4546 11.5836 2
    endloop
  endfacet
  facet normal 0 0 1
    outer loop
      vertex 106.172 3.17157 2
      vertex 71.0582 11.449 2
      vertex 106.565 2.82659 2
    endloop
  endfacet
  facet normal -0 0 1
    outer loop
      vertex 70.6477 11.3674 2
      vertex 106.565 2.82659 2
      vertex 71.0582 11.449 2
    endloop
  endfacet
  facet normal 0 0 1
    outer loop
      vertex 106.565 2.82659 2
      vertex 70.6477 11.3674 2
      vertex 107 2.5359 2
    endloop
  endfacet
  facet normal -0 0 1
    outer loop
      vertex 70.23 11.34 2
      vertex 107 2.5359 2
      vertex 70.6477 11.3674 2
    endloop
  endfacet
  facet normal 0 0 1
    outer loop
      vertex 107 2.5359 2
      vertex 70.23 11.34 2
      vertex 107.276 2.4 2
    endloop
  endfacet
  facet normal 0 0 1
    outer loop
      vertex 69.8123 11.3674 2
      vertex 107.276 2.4 2
      vertex 70.23 11.34 2
    endloop
  endfacet
  facet normal 0 0 1
    outer loop
      vertex 8 2.5359 2
      vertex 69.8123 11.3674 2
      vertex 69.4018 11.449 2
    endloop
  endfacet
  facet normal 0 0 1
    outer loop
      vertex 16.95 18.89 2
      vertex 67.0574 14.1223 2
      vertex 67.03 14.54 2
    endloop
  endfacet
  facet normal 0 0 1
    outer loop
      vertex 16.95 18.89 2
      vertex 67.139 13.7118 2
      vertex 67.0574 14.1223 2
    endloop
  endfacet
  facet normal 0 0 1
    outer loop
      vertex 16.95 18.89 2
      vertex 67.2736 13.3154 2
      vertex 67.139 13.7118 2
    endloop
  endfacet
  facet normal 0 0 1
    outer loop
      vertex 13.4964 13.3154 2
      vertex 67.2736 13.3154 2
      vertex 16.95 18.89 2
    endloop
  endfacet
  facet normal 0 0 1
    outer loop
      vertex 67.2736 13.3154 2
      vertex 13.4964 13.3154 2
      vertex 67.4587 12.94 2
    endloop
  endfacet
  facet normal 0 0 1
    outer loop
      vertex 13.3113 12.94 2
      vertex 67.4587 12.94 2
      vertex 13.4964 13.3154 2
    endloop
  endfacet
  facet normal 0 0 1
    outer loop
      vertex 9.8637 4.96472 2
      vertex 67.4587 12.94 2
      vertex 13.3113 12.94 2
    endloop
  endfacet
  facet normal 0 0 1
    outer loop
      vertex 67.4587 12.94 2
      vertex 9.8637 4.96472 2
      vertex 67.6913 12.592 2
    endloop
  endfacet
  facet normal 0 0 1
    outer loop
      vertex 9.69552 4.46927 2
      vertex 67.6913 12.592 2
      vertex 9.8637 4.96472 2
    endloop
  endfacet
  facet normal 0 0 1
    outer loop
      vertex 67.6913 12.592 2
      vertex 9.69552 4.46927 2
      vertex 67.9673 12.2773 2
    endloop
  endfacet
  facet normal 0 0 1
    outer loop
      vertex 9.4641 4 2
      vertex 67.9673 12.2773 2
      vertex 9.69552 4.46927 2
    endloop
  endfacet
  facet normal -0 0 1
    outer loop
      vertex 13.631 61.2098 2
      vertex 16.95 57.79 2
      vertex 13.7126 61.6203 2
    endloop
  endfacet
  facet normal 0 0 1
    outer loop
      vertex 13.7126 14.1223 2
      vertex 16.95 18.89 2
      vertex 13.74 14.54 2
    endloop
  endfacet
  facet normal 0 0 1
    outer loop
      vertex 13.631 13.7118 2
      vertex 16.95 18.89 2
      vertex 13.7126 14.1223 2
    endloop
  endfacet
  facet normal 0 0 1
    outer loop
      vertex 13.4964 13.3154 2
      vertex 16.95 18.89 2
      vertex 13.631 13.7118 2
    endloop
  endfacet
  facet normal 0 0 1
    outer loop
      vertex 67.9673 12.2773 2
      vertex 9.4641 4 2
      vertex 68.282 12.0013 2
    endloop
  endfacet
  facet normal 0 0 1
    outer loop
      vertex 9.17341 3.56495 2
      vertex 68.282 12.0013 2
      vertex 9.4641 4 2
    endloop
  endfacet
  facet normal 0 0 1
    outer loop
      vertex 9.8637 4.96472 2
      vertex 13.3113 12.94 2
      vertex 13.0787 12.592 2
    endloop
  endfacet
  facet normal 0 0 1
    outer loop
      vertex 9.96578 5.47789 2
      vertex 13.0787 12.592 2
      vertex 12.8027 12.2773 2
    endloop
  endfacet
  facet normal 0 0 1
    outer loop
      vertex 10 6 2
      vertex 12.8027 12.2773 2
      vertex 12.488 12.0013 2
    endloop
  endfacet
  facet normal 0 0 1
    outer loop
      vertex 9.96578 6.5221 2
      vertex 12.488 12.0013 2
      vertex 12.14 11.7687 2
    endloop
  endfacet
  facet normal 0 0 1
    outer loop
      vertex 9.96578 6.5221 2
      vertex 12.14 11.7687 2
      vertex 11.7646 11.5836 2
    endloop
  endfacet
  facet normal 0 0 1
    outer loop
      vertex 9.96578 6.5221 2
      vertex 11.7646 11.5836 2
      vertex 11.3682 11.449 2
    endloop
  endfacet
  facet normal 0 0 1
    outer loop
      vertex 9.96578 6.5221 2
      vertex 11.3682 11.449 2
      vertex 10.9577 11.3674 2
    endloop
  endfacet
  facet normal 0 0 1
    outer loop
      vertex 9.96578 6.5221 2
      vertex 10.9577 11.3674 2
      vertex 10.54 11.34 2
    endloop
  endfacet
  facet normal 0 0 1
    outer loop
      vertex 9.17341 8.43505 2
      vertex 10.54 11.34 2
      vertex 10.1223 11.3674 2
    endloop
  endfacet
  facet normal 0 0 1
    outer loop
      vertex 12.8027 12.2773 2
      vertex 10 6 2
      vertex 9.96578 5.47789 2
    endloop
  endfacet
  facet normal 0 0 1
    outer loop
      vertex 13.0787 12.592 2
      vertex 9.96578 5.47789 2
      vertex 9.8637 4.96472 2
    endloop
  endfacet
  facet normal 0 0 1
    outer loop
      vertex 68.282 12.0013 2
      vertex 9.17341 3.56495 2
      vertex 68.63 11.7687 2
    endloop
  endfacet
  facet normal 0 0 1
    outer loop
      vertex 8.82843 3.17157 2
      vertex 68.63 11.7687 2
      vertex 9.17341 3.56495 2
    endloop
  endfacet
  facet normal 0 0 1
    outer loop
      vertex 68.63 11.7687 2
      vertex 8.82843 3.17157 2
      vertex 69.0054 11.5836 2
    endloop
  endfacet
  facet normal 0 0 1
    outer loop
      vertex 8.43505 2.82659 2
      vertex 69.0054 11.5836 2
      vertex 8.82843 3.17157 2
    endloop
  endfacet
  facet normal 0 0 1
    outer loop
      vertex 69.0054 11.5836 2
      vertex 8.43505 2.82659 2
      vertex 69.4018 11.449 2
    endloop
  endfacet
  facet normal 0 0 1
    outer loop
      vertex 8 2.5359 2
      vertex 69.4018 11.449 2
      vertex 8.43505 2.82659 2
    endloop
  endfacet
  facet normal 0 0 1
    outer loop
      vertex 69.8123 11.3674 2
      vertex 8 2.5359 2
      vertex 7.72442 2.4 2
    endloop
  endfacet
  facet normal 0 0 1
    outer loop
      vertex 69.8123 11.3674 2
      vertex 7.72442 2.4 2
      vertex 107.276 2.4 2
    endloop
  endfacet
  facet normal 0 0 1
    outer loop
      vertex 67.6913 16.488 2
      vertex 67.45 18.89 2
      vertex 67.4587 16.14 2
    endloop
  endfacet
  facet normal 0 0 1
    outer loop
      vertex 67.45 18.89 2
      vertex 67.2736 15.7646 2
      vertex 67.4587 16.14 2
    endloop
  endfacet
  facet normal 0 0 1
    outer loop
      vertex 67.45 18.89 2
      vertex 67.139 15.3682 2
      vertex 67.2736 15.7646 2
    endloop
  endfacet
  facet normal 0 0 1
    outer loop
      vertex 67.45 18.89 2
      vertex 67.0574 14.9577 2
      vertex 67.139 15.3682 2
    endloop
  endfacet
  facet normal 0 0 1
    outer loop
      vertex 67.0574 14.9577 2
      vertex 16.95 18.89 2
      vertex 67.03 14.54 2
    endloop
  endfacet
  facet normal -0 0 1
    outer loop
      vertex 16.95 18.89 2
      vertex 67.0574 14.9577 2
      vertex 67.45 18.89 2
    endloop
  endfacet
  facet normal 0.0654566 -0.997855 0
    outer loop
      vertex 10.54 11.34 2
      vertex 10.9577 11.3674 7.5
      vertex 10.54 11.34 7.5
    endloop
  endfacet
  facet normal 0.0654566 -0.997855 0
    outer loop
      vertex 10.9577 11.3674 7.5
      vertex 10.54 11.34 2
      vertex 10.9577 11.3674 2
    endloop
  endfacet
  facet normal 0.98081 0.194967 0
    outer loop
      vertex 13.7126 14.9577 7.5
      vertex 13.631 15.3682 2
      vertex 13.631 15.3682 7.5
    endloop
  endfacet
  facet normal 0.98081 0.194967 0
    outer loop
      vertex 13.631 15.3682 2
      vertex 13.7126 14.9577 7.5
      vertex 13.7126 14.9577 2
    endloop
  endfacet
  facet normal 0.997855 0.0654566 0
    outer loop
      vertex 13.74 14.54 7.5
      vertex 13.7126 14.9577 2
      vertex 13.7126 14.9577 7.5
    endloop
  endfacet
  facet normal 0.997855 0.0654566 0
    outer loop
      vertex 13.7126 14.9577 2
      vertex 13.74 14.54 7.5
      vertex 13.74 14.54 2
    endloop
  endfacet
  facet normal 0.98081 -0.194967 0
    outer loop
      vertex 13.631 13.7118 7.5
      vertex 13.7126 14.1223 2
      vertex 13.7126 14.1223 7.5
    endloop
  endfacet
  facet normal 0.98081 -0.194967 0
    outer loop
      vertex 13.7126 14.1223 2
      vertex 13.631 13.7118 7.5
      vertex 13.631 13.7118 2
    endloop
  endfacet
  facet normal 0.194967 0.98081 -0
    outer loop
      vertex 11.3682 17.631 2
      vertex 10.9577 17.7126 7.5
      vertex 11.3682 17.631 7.5
    endloop
  endfacet
  facet normal 0.194967 0.98081 0
    outer loop
      vertex 10.9577 17.7126 7.5
      vertex 11.3682 17.631 2
      vertex 10.9577 17.7126 2
    endloop
  endfacet
  facet normal 0.946901 -0.321526 0
    outer loop
      vertex 13.4964 13.3154 7.5
      vertex 13.631 13.7118 2
      vertex 13.631 13.7118 7.5
    endloop
  endfacet
  facet normal 0.946901 -0.321526 0
    outer loop
      vertex 13.631 13.7118 2
      vertex 13.4964 13.3154 7.5
      vertex 13.4964 13.3154 2
    endloop
  endfacet
  facet normal 0.0654566 0.997855 -0
    outer loop
      vertex 10.9577 17.7126 2
      vertex 10.54 17.74 7.5
      vertex 10.9577 17.7126 7.5
    endloop
  endfacet
  facet normal 0.0654566 0.997855 0
    outer loop
      vertex 10.54 17.74 7.5
      vertex 10.9577 17.7126 2
      vertex 10.54 17.74 2
    endloop
  endfacet
  facet normal 0 0 1
    outer loop
      vertex 11.64 14.54 7.5
      vertex 13.74 14.54 7.5
      vertex 13.7126 14.9577 7.5
    endloop
  endfacet
  facet normal 0 0 1
    outer loop
      vertex 11.6306 14.6836 7.5
      vertex 13.7126 14.9577 7.5
      vertex 13.631 15.3682 7.5
    endloop
  endfacet
  facet normal 0 0 1
    outer loop
      vertex 13.74 14.54 7.5
      vertex 11.64 14.54 7.5
      vertex 13.7126 14.1223 7.5
    endloop
  endfacet
  facet normal 0 0 1
    outer loop
      vertex 11.6025 14.8247 7.5
      vertex 13.631 15.3682 7.5
      vertex 13.4964 15.7646 7.5
    endloop
  endfacet
  facet normal -0 0 1
    outer loop
      vertex 11.6306 14.3964 7.5
      vertex 13.7126 14.1223 7.5
      vertex 11.64 14.54 7.5
    endloop
  endfacet
  facet normal 0 0 1
    outer loop
      vertex 11.5563 14.961 7.5
      vertex 13.4964 15.7646 7.5
      vertex 13.3113 16.14 7.5
    endloop
  endfacet
  facet normal 0 0 1
    outer loop
      vertex 13.7126 14.1223 7.5
      vertex 11.6306 14.3964 7.5
      vertex 13.631 13.7118 7.5
    endloop
  endfacet
  facet normal 0 0 1
    outer loop
      vertex 11.4926 15.09 7.5
      vertex 13.3113 16.14 7.5
      vertex 13.0787 16.488 7.5
    endloop
  endfacet
  facet normal -0 0 1
    outer loop
      vertex 11.6025 14.2553 7.5
      vertex 13.631 13.7118 7.5
      vertex 11.6306 14.3964 7.5
    endloop
  endfacet
  facet normal 0 0 1
    outer loop
      vertex 11.4127 15.2096 7.5
      vertex 13.0787 16.488 7.5
      vertex 12.8027 16.8027 7.5
    endloop
  endfacet
  facet normal 0 0 1
    outer loop
      vertex 13.631 13.7118 7.5
      vertex 11.6025 14.2553 7.5
      vertex 13.4964 13.3154 7.5
    endloop
  endfacet
  facet normal 0 0 1
    outer loop
      vertex 11.3178 15.3178 7.5
      vertex 12.8027 16.8027 7.5
      vertex 12.488 17.0787 7.5
    endloop
  endfacet
  facet normal -0 0 1
    outer loop
      vertex 11.5563 14.119 7.5
      vertex 13.4964 13.3154 7.5
      vertex 11.6025 14.2553 7.5
    endloop
  endfacet
  facet normal 0 0 1
    outer loop
      vertex 11.2096 15.4127 7.5
      vertex 12.488 17.0787 7.5
      vertex 12.14 17.3113 7.5
    endloop
  endfacet
  facet normal 0 0 1
    outer loop
      vertex 13.4964 13.3154 7.5
      vertex 11.5563 14.119 7.5
      vertex 13.3113 12.94 7.5
    endloop
  endfacet
  facet normal 0 0 1
    outer loop
      vertex 11.09 15.4926 7.5
      vertex 12.14 17.3113 7.5
      vertex 11.7646 17.4964 7.5
    endloop
  endfacet
  facet normal -0 0 1
    outer loop
      vertex 11.4926 13.99 7.5
      vertex 13.3113 12.94 7.5
      vertex 11.5563 14.119 7.5
    endloop
  endfacet
  facet normal 0 0 1
    outer loop
      vertex 13.3113 12.94 7.5
      vertex 11.4926 13.99 7.5
      vertex 13.0787 12.592 7.5
    endloop
  endfacet
  facet normal 0 0 1
    outer loop
      vertex 13.7126 14.9577 7.5
      vertex 11.6306 14.6836 7.5
      vertex 11.64 14.54 7.5
    endloop
  endfacet
  facet normal 0 0 1
    outer loop
      vertex 13.631 15.3682 7.5
      vertex 11.6025 14.8247 7.5
      vertex 11.6306 14.6836 7.5
    endloop
  endfacet
  facet normal 0 0 1
    outer loop
      vertex 13.4964 15.7646 7.5
      vertex 11.5563 14.961 7.5
      vertex 11.6025 14.8247 7.5
    endloop
  endfacet
  facet normal 0 0 1
    outer loop
      vertex 13.3113 16.14 7.5
      vertex 11.4926 15.09 7.5
      vertex 11.5563 14.961 7.5
    endloop
  endfacet
  facet normal 0 0 1
    outer loop
      vertex 13.0787 16.488 7.5
      vertex 11.4127 15.2096 7.5
      vertex 11.4926 15.09 7.5
    endloop
  endfacet
  facet normal 0 0 1
    outer loop
      vertex 10.961 15.5563 7.5
      vertex 11.7646 17.4964 7.5
      vertex 11.3682 17.631 7.5
    endloop
  endfacet
  facet normal 0 0 1
    outer loop
      vertex 12.8027 16.8027 7.5
      vertex 11.3178 15.3178 7.5
      vertex 11.4127 15.2096 7.5
    endloop
  endfacet
  facet normal 0 0 1
    outer loop
      vertex 12.488 17.0787 7.5
      vertex 11.2096 15.4127 7.5
      vertex 11.3178 15.3178 7.5
    endloop
  endfacet
  facet normal 0 0 1
    outer loop
      vertex 12.14 17.3113 7.5
      vertex 11.09 15.4926 7.5
      vertex 11.2096 15.4127 7.5
    endloop
  endfacet
  facet normal 0 0 1
    outer loop
      vertex 11.7646 17.4964 7.5
      vertex 10.961 15.5563 7.5
      vertex 11.09 15.4926 7.5
    endloop
  endfacet
  facet normal 0 0 1
    outer loop
      vertex 10.8247 15.6025 7.5
      vertex 11.3682 17.631 7.5
      vertex 10.9577 17.7126 7.5
    endloop
  endfacet
  facet normal 0 0 1
    outer loop
      vertex 11.3682 17.631 7.5
      vertex 10.8247 15.6025 7.5
      vertex 10.961 15.5563 7.5
    endloop
  endfacet
  facet normal 0 0 1
    outer loop
      vertex 10.9577 17.7126 7.5
      vertex 10.6836 15.6306 7.5
      vertex 10.8247 15.6025 7.5
    endloop
  endfacet
  facet normal 0 0 1
    outer loop
      vertex 10.54 17.74 7.5
      vertex 10.6836 15.6306 7.5
      vertex 10.9577 17.7126 7.5
    endloop
  endfacet
  facet normal 0 0 1
    outer loop
      vertex 10.54 17.74 7.5
      vertex 10.54 15.64 7.5
      vertex 10.6836 15.6306 7.5
    endloop
  endfacet
  facet normal 0 0 1
    outer loop
      vertex 10.54 17.74 7.5
      vertex 10.3964 15.6306 7.5
      vertex 10.54 15.64 7.5
    endloop
  endfacet
  facet normal -0 0 1
    outer loop
      vertex 10.1223 17.7126 7.5
      vertex 10.3964 15.6306 7.5
      vertex 10.54 17.74 7.5
    endloop
  endfacet
  facet normal 0 0 1
    outer loop
      vertex 10.3964 15.6306 7.5
      vertex 10.1223 17.7126 7.5
      vertex 10.2553 15.6025 7.5
    endloop
  endfacet
  facet normal -0 0 1
    outer loop
      vertex 9.71178 17.631 7.5
      vertex 10.2553 15.6025 7.5
      vertex 10.1223 17.7126 7.5
    endloop
  endfacet
  facet normal 0 0 1
    outer loop
      vertex 10.2553 15.6025 7.5
      vertex 9.71178 17.631 7.5
      vertex 10.119 15.5563 7.5
    endloop
  endfacet
  facet normal -0 0 1
    outer loop
      vertex 9.31541 17.4964 7.5
      vertex 10.119 15.5563 7.5
      vertex 9.71178 17.631 7.5
    endloop
  endfacet
  facet normal 0 0 1
    outer loop
      vertex 10.119 15.5563 7.5
      vertex 9.31541 17.4964 7.5
      vertex 9.99 15.4926 7.5
    endloop
  endfacet
  facet normal -0 0 1
    outer loop
      vertex 8.94 17.3113 7.5
      vertex 9.99 15.4926 7.5
      vertex 9.31541 17.4964 7.5
    endloop
  endfacet
  facet normal 0 0 1
    outer loop
      vertex 9.99 15.4926 7.5
      vertex 8.94 17.3113 7.5
      vertex 9.87036 15.4127 7.5
    endloop
  endfacet
  facet normal -0 0 1
    outer loop
      vertex 8.59196 17.0787 7.5
      vertex 9.87036 15.4127 7.5
      vertex 8.94 17.3113 7.5
    endloop
  endfacet
  facet normal 0 0 1
    outer loop
      vertex 9.87036 15.4127 7.5
      vertex 8.59196 17.0787 7.5
      vertex 9.76218 15.3178 7.5
    endloop
  endfacet
  facet normal -0 0 1
    outer loop
      vertex 8.27726 16.8027 7.5
      vertex 9.76218 15.3178 7.5
      vertex 8.59196 17.0787 7.5
    endloop
  endfacet
  facet normal 0 0 1
    outer loop
      vertex 9.76218 15.3178 7.5
      vertex 8.27726 16.8027 7.5
      vertex 9.66731 15.2096 7.5
    endloop
  endfacet
  facet normal 0 0 1
    outer loop
      vertex 9.66731 15.2096 7.5
      vertex 8.00127 16.488 7.5
      vertex 9.58737 15.09 7.5
    endloop
  endfacet
  facet normal -0 0 1
    outer loop
      vertex 8.00127 16.488 7.5
      vertex 9.66731 15.2096 7.5
      vertex 8.27726 16.8027 7.5
    endloop
  endfacet
  facet normal -0 0 1
    outer loop
      vertex 11.4127 13.8704 7.5
      vertex 13.0787 12.592 7.5
      vertex 11.4926 13.99 7.5
    endloop
  endfacet
  facet normal 0 0 1
    outer loop
      vertex 13.0787 12.592 7.5
      vertex 11.4127 13.8704 7.5
      vertex 12.8027 12.2773 7.5
    endloop
  endfacet
  facet normal -0 0 1
    outer loop
      vertex 11.3178 13.7622 7.5
      vertex 12.8027 12.2773 7.5
      vertex 11.4127 13.8704 7.5
    endloop
  endfacet
  facet normal 0 0 1
    outer loop
      vertex 12.8027 12.2773 7.5
      vertex 11.3178 13.7622 7.5
      vertex 12.488 12.0013 7.5
    endloop
  endfacet
  facet normal -0 0 1
    outer loop
      vertex 11.2096 13.6673 7.5
      vertex 12.488 12.0013 7.5
      vertex 11.3178 13.7622 7.5
    endloop
  endfacet
  facet normal 0 0 1
    outer loop
      vertex 12.488 12.0013 7.5
      vertex 11.2096 13.6673 7.5
      vertex 12.14 11.7687 7.5
    endloop
  endfacet
  facet normal -0 0 1
    outer loop
      vertex 11.09 13.5874 7.5
      vertex 12.14 11.7687 7.5
      vertex 11.2096 13.6673 7.5
    endloop
  endfacet
  facet normal 0 0 1
    outer loop
      vertex 12.14 11.7687 7.5
      vertex 11.09 13.5874 7.5
      vertex 11.7646 11.5836 7.5
    endloop
  endfacet
  facet normal -0 0 1
    outer loop
      vertex 10.961 13.5237 7.5
      vertex 11.7646 11.5836 7.5
      vertex 11.09 13.5874 7.5
    endloop
  endfacet
  facet normal 0 0 1
    outer loop
      vertex 11.7646 11.5836 7.5
      vertex 10.961 13.5237 7.5
      vertex 11.3682 11.449 7.5
    endloop
  endfacet
  facet normal -0 0 1
    outer loop
      vertex 10.8247 13.4775 7.5
      vertex 11.3682 11.449 7.5
      vertex 10.961 13.5237 7.5
    endloop
  endfacet
  facet normal 0 0 1
    outer loop
      vertex 11.3682 11.449 7.5
      vertex 10.8247 13.4775 7.5
      vertex 10.9577 11.3674 7.5
    endloop
  endfacet
  facet normal -0 0 1
    outer loop
      vertex 10.6836 13.4494 7.5
      vertex 10.9577 11.3674 7.5
      vertex 10.8247 13.4775 7.5
    endloop
  endfacet
  facet normal -0 0 1
    outer loop
      vertex 10.54 13.44 7.5
      vertex 10.9577 11.3674 7.5
      vertex 10.6836 13.4494 7.5
    endloop
  endfacet
  facet normal 0 0 1
    outer loop
      vertex 10.54 13.44 7.5
      vertex 10.54 11.34 7.5
      vertex 10.9577 11.3674 7.5
    endloop
  endfacet
  facet normal 0 0 1
    outer loop
      vertex 10.3964 13.4494 7.5
      vertex 10.54 11.34 7.5
      vertex 10.54 13.44 7.5
    endloop
  endfacet
  facet normal 0 0 1
    outer loop
      vertex 10.1223 11.3674 7.5
      vertex 10.3964 13.4494 7.5
      vertex 10.2553 13.4775 7.5
    endloop
  endfacet
  facet normal 0 0 1
    outer loop
      vertex 10.3964 13.4494 7.5
      vertex 10.1223 11.3674 7.5
      vertex 10.54 11.34 7.5
    endloop
  endfacet
  facet normal 0 0 1
    outer loop
      vertex 9.71178 11.449 7.5
      vertex 10.2553 13.4775 7.5
      vertex 10.119 13.5237 7.5
    endloop
  endfacet
  facet normal 0 0 1
    outer loop
      vertex 9.31541 11.5836 7.5
      vertex 10.119 13.5237 7.5
      vertex 9.99 13.5874 7.5
    endloop
  endfacet
  facet normal 0 0 1
    outer loop
      vertex 8.94 11.7687 7.5
      vertex 9.99 13.5874 7.5
      vertex 9.87036 13.6673 7.5
    endloop
  endfacet
  facet normal 0 0 1
    outer loop
      vertex 8.59196 12.0013 7.5
      vertex 9.87036 13.6673 7.5
      vertex 9.76218 13.7622 7.5
    endloop
  endfacet
  facet normal 0 0 1
    outer loop
      vertex 10.2553 13.4775 7.5
      vertex 9.71178 11.449 7.5
      vertex 10.1223 11.3674 7.5
    endloop
  endfacet
  facet normal 0 0 1
    outer loop
      vertex 8.27726 12.2773 7.5
      vertex 9.76218 13.7622 7.5
      vertex 9.66731 13.8704 7.5
    endloop
  endfacet
  facet normal 0 0 1
    outer loop
      vertex 8.00127 12.592 7.5
      vertex 9.66731 13.8704 7.5
      vertex 9.58737 13.99 7.5
    endloop
  endfacet
  facet normal 0 0 1
    outer loop
      vertex 7.76872 12.94 7.5
      vertex 9.58737 13.99 7.5
      vertex 9.52373 14.119 7.5
    endloop
  endfacet
  facet normal 0 0 1
    outer loop
      vertex 7.58358 13.3154 7.5
      vertex 9.52373 14.119 7.5
      vertex 9.47748 14.2553 7.5
    endloop
  endfacet
  facet normal 0 0 1
    outer loop
      vertex 7.44904 13.7118 7.5
      vertex 9.47748 14.2553 7.5
      vertex 9.44941 14.3964 7.5
    endloop
  endfacet
  facet normal 0 0 1
    outer loop
      vertex 10.119 13.5237 7.5
      vertex 9.31541 11.5836 7.5
      vertex 9.71178 11.449 7.5
    endloop
  endfacet
  facet normal 0 0 1
    outer loop
      vertex 7.36738 14.1223 7.5
      vertex 9.44941 14.3964 7.5
      vertex 9.44 14.54 7.5
    endloop
  endfacet
  facet normal -0 0 1
    outer loop
      vertex 7.76872 16.14 7.5
      vertex 9.58737 15.09 7.5
      vertex 8.00127 16.488 7.5
    endloop
  endfacet
  facet normal 0 0 1
    outer loop
      vertex 9.58737 15.09 7.5
      vertex 7.76872 16.14 7.5
      vertex 9.52373 14.961 7.5
    endloop
  endfacet
  facet normal 0 0 1
    outer loop
      vertex 9.99 13.5874 7.5
      vertex 8.94 11.7687 7.5
      vertex 9.31541 11.5836 7.5
    endloop
  endfacet
  facet normal -0 0 1
    outer loop
      vertex 7.58358 15.7646 7.5
      vertex 9.52373 14.961 7.5
      vertex 7.76872 16.14 7.5
    endloop
  endfacet
  facet normal 0 0 1
    outer loop
      vertex 9.87036 13.6673 7.5
      vertex 8.59196 12.0013 7.5
      vertex 8.94 11.7687 7.5
    endloop
  endfacet
  facet normal 0 0 1
    outer loop
      vertex 9.52373 14.961 7.5
      vertex 7.58358 15.7646 7.5
      vertex 9.47748 14.8247 7.5
    endloop
  endfacet
  facet normal 0 0 1
    outer loop
      vertex 9.76218 13.7622 7.5
      vertex 8.27726 12.2773 7.5
      vertex 8.59196 12.0013 7.5
    endloop
  endfacet
  facet normal -0 0 1
    outer loop
      vertex 7.44904 15.3682 7.5
      vertex 9.47748 14.8247 7.5
      vertex 7.58358 15.7646 7.5
    endloop
  endfacet
  facet normal 0 0 1
    outer loop
      vertex 9.66731 13.8704 7.5
      vertex 8.00127 12.592 7.5
      vertex 8.27726 12.2773 7.5
    endloop
  endfacet
  facet normal 0 0 1
    outer loop
      vertex 9.47748 14.8247 7.5
      vertex 7.44904 15.3682 7.5
      vertex 9.44941 14.6836 7.5
    endloop
  endfacet
  facet normal 0 0 1
    outer loop
      vertex 9.58737 13.99 7.5
      vertex 7.76872 12.94 7.5
      vertex 8.00127 12.592 7.5
    endloop
  endfacet
  facet normal -0 0 1
    outer loop
      vertex 7.36738 14.9577 7.5
      vertex 9.44941 14.6836 7.5
      vertex 7.44904 15.3682 7.5
    endloop
  endfacet
  facet normal 0 0 1
    outer loop
      vertex 9.52373 14.119 7.5
      vertex 7.58358 13.3154 7.5
      vertex 7.76872 12.94 7.5
    endloop
  endfacet
  facet normal 0 0 1
    outer loop
      vertex 9.44941 14.6836 7.5
      vertex 7.36738 14.9577 7.5
      vertex 9.44 14.54 7.5
    endloop
  endfacet
  facet normal 0 0 1
    outer loop
      vertex 9.47748 14.2553 7.5
      vertex 7.44904 13.7118 7.5
      vertex 7.58358 13.3154 7.5
    endloop
  endfacet
  facet normal 0 0 1
    outer loop
      vertex 7.34 14.54 7.5
      vertex 9.44 14.54 7.5
      vertex 7.36738 14.9577 7.5
    endloop
  endfacet
  facet normal 0 0 1
    outer loop
      vertex 9.44941 14.3964 7.5
      vertex 7.36738 14.1223 7.5
      vertex 7.44904 13.7118 7.5
    endloop
  endfacet
  facet normal 0 0 1
    outer loop
      vertex 9.44 14.54 7.5
      vertex 7.34 14.54 7.5
      vertex 7.36738 14.1223 7.5
    endloop
  endfacet
  facet normal 0 0 1
    outer loop
      vertex 11.64 62.038 7.5
      vertex 13.74 62.038 7.5
      vertex 13.7126 62.4557 7.5
    endloop
  endfacet
  facet normal 0 0 1
    outer loop
      vertex 11.6306 62.1816 7.5
      vertex 13.7126 62.4557 7.5
      vertex 13.631 62.8662 7.5
    endloop
  endfacet
  facet normal 0 0 1
    outer loop
      vertex 13.74 62.038 7.5
      vertex 11.64 62.038 7.5
      vertex 13.7126 61.6203 7.5
    endloop
  endfacet
  facet normal 0 0 1
    outer loop
      vertex 11.6025 62.3227 7.5
      vertex 13.631 62.8662 7.5
      vertex 13.4964 63.2626 7.5
    endloop
  endfacet
  facet normal -0 0 1
    outer loop
      vertex 11.6306 61.8944 7.5
      vertex 13.7126 61.6203 7.5
      vertex 11.64 62.038 7.5
    endloop
  endfacet
  facet normal 0 0 1
    outer loop
      vertex 11.5563 62.459 7.5
      vertex 13.4964 63.2626 7.5
      vertex 13.3113 63.638 7.5
    endloop
  endfacet
  facet normal 0 0 1
    outer loop
      vertex 13.7126 61.6203 7.5
      vertex 11.6306 61.8944 7.5
      vertex 13.631 61.2098 7.5
    endloop
  endfacet
  facet normal 0 0 1
    outer loop
      vertex 11.4926 62.588 7.5
      vertex 13.3113 63.638 7.5
      vertex 13.0787 63.986 7.5
    endloop
  endfacet
  facet normal -0 0 1
    outer loop
      vertex 11.6025 61.7533 7.5
      vertex 13.631 61.2098 7.5
      vertex 11.6306 61.8944 7.5
    endloop
  endfacet
  facet normal 0 0 1
    outer loop
      vertex 11.4127 62.7076 7.5
      vertex 13.0787 63.986 7.5
      vertex 12.8027 64.3007 7.5
    endloop
  endfacet
  facet normal 0 0 1
    outer loop
      vertex 13.631 61.2098 7.5
      vertex 11.6025 61.7533 7.5
      vertex 13.4964 60.8134 7.5
    endloop
  endfacet
  facet normal 0 0 1
    outer loop
      vertex 11.3178 62.8158 7.5
      vertex 12.8027 64.3007 7.5
      vertex 12.488 64.5767 7.5
    endloop
  endfacet
  facet normal -0 0 1
    outer loop
      vertex 11.5563 61.617 7.5
      vertex 13.4964 60.8134 7.5
      vertex 11.6025 61.7533 7.5
    endloop
  endfacet
  facet normal 0 0 1
    outer loop
      vertex 11.2096 62.9107 7.5
      vertex 12.488 64.5767 7.5
      vertex 12.14 64.8093 7.5
    endloop
  endfacet
  facet normal 0 0 1
    outer loop
      vertex 13.4964 60.8134 7.5
      vertex 11.5563 61.617 7.5
      vertex 13.3113 60.438 7.5
    endloop
  endfacet
  facet normal 0 0 1
    outer loop
      vertex 11.09 62.9906 7.5
      vertex 12.14 64.8093 7.5
      vertex 11.7646 64.9944 7.5
    endloop
  endfacet
  facet normal -0 0 1
    outer loop
      vertex 11.4926 61.488 7.5
      vertex 13.3113 60.438 7.5
      vertex 11.5563 61.617 7.5
    endloop
  endfacet
  facet normal 0 0 1
    outer loop
      vertex 13.3113 60.438 7.5
      vertex 11.4926 61.488 7.5
      vertex 13.0787 60.09 7.5
    endloop
  endfacet
  facet normal 0 0 1
    outer loop
      vertex 13.7126 62.4557 7.5
      vertex 11.6306 62.1816 7.5
      vertex 11.64 62.038 7.5
    endloop
  endfacet
  facet normal 0 0 1
    outer loop
      vertex 13.631 62.8662 7.5
      vertex 11.6025 62.3227 7.5
      vertex 11.6306 62.1816 7.5
    endloop
  endfacet
  facet normal 0 0 1
    outer loop
      vertex 13.4964 63.2626 7.5
      vertex 11.5563 62.459 7.5
      vertex 11.6025 62.3227 7.5
    endloop
  endfacet
  facet normal 0 0 1
    outer loop
      vertex 13.3113 63.638 7.5
      vertex 11.4926 62.588 7.5
      vertex 11.5563 62.459 7.5
    endloop
  endfacet
  facet normal 0 0 1
    outer loop
      vertex 13.0787 63.986 7.5
      vertex 11.4127 62.7076 7.5
      vertex 11.4926 62.588 7.5
    endloop
  endfacet
  facet normal 0 0 1
    outer loop
      vertex 10.961 63.0543 7.5
      vertex 11.7646 64.9944 7.5
      vertex 11.3682 65.129 7.5
    endloop
  endfacet
  facet normal 0 0 1
    outer loop
      vertex 12.8027 64.3007 7.5
      vertex 11.3178 62.8158 7.5
      vertex 11.4127 62.7076 7.5
    endloop
  endfacet
  facet normal 0 0 1
    outer loop
      vertex 12.488 64.5767 7.5
      vertex 11.2096 62.9107 7.5
      vertex 11.3178 62.8158 7.5
    endloop
  endfacet
  facet normal 0 0 1
    outer loop
      vertex 12.14 64.8093 7.5
      vertex 11.09 62.9906 7.5
      vertex 11.2096 62.9107 7.5
    endloop
  endfacet
  facet normal 0 0 1
    outer loop
      vertex 11.7646 64.9944 7.5
      vertex 10.961 63.0543 7.5
      vertex 11.09 62.9906 7.5
    endloop
  endfacet
  facet normal 0 0 1
    outer loop
      vertex 10.8247 63.1005 7.5
      vertex 11.3682 65.129 7.5
      vertex 10.9577 65.2106 7.5
    endloop
  endfacet
  facet normal 0 0 1
    outer loop
      vertex 11.3682 65.129 7.5
      vertex 10.8247 63.1005 7.5
      vertex 10.961 63.0543 7.5
    endloop
  endfacet
  facet normal 0 0 1
    outer loop
      vertex 10.9577 65.2106 7.5
      vertex 10.6836 63.1286 7.5
      vertex 10.8247 63.1005 7.5
    endloop
  endfacet
  facet normal 0 0 1
    outer loop
      vertex 10.54 65.238 7.5
      vertex 10.6836 63.1286 7.5
      vertex 10.9577 65.2106 7.5
    endloop
  endfacet
  facet normal 0 0 1
    outer loop
      vertex 10.54 65.238 7.5
      vertex 10.54 63.138 7.5
      vertex 10.6836 63.1286 7.5
    endloop
  endfacet
  facet normal 0 0 1
    outer loop
      vertex 10.54 65.238 7.5
      vertex 10.3964 63.1286 7.5
      vertex 10.54 63.138 7.5
    endloop
  endfacet
  facet normal -0 0 1
    outer loop
      vertex 10.1223 65.2106 7.5
      vertex 10.3964 63.1286 7.5
      vertex 10.54 65.238 7.5
    endloop
  endfacet
  facet normal 0 0 1
    outer loop
      vertex 10.3964 63.1286 7.5
      vertex 10.1223 65.2106 7.5
      vertex 10.2553 63.1005 7.5
    endloop
  endfacet
  facet normal -0 0 1
    outer loop
      vertex 9.71178 65.129 7.5
      vertex 10.2553 63.1005 7.5
      vertex 10.1223 65.2106 7.5
    endloop
  endfacet
  facet normal 0 0 1
    outer loop
      vertex 10.2553 63.1005 7.5
      vertex 9.71178 65.129 7.5
      vertex 10.119 63.0543 7.5
    endloop
  endfacet
  facet normal -0 0 1
    outer loop
      vertex 9.31541 64.9944 7.5
      vertex 10.119 63.0543 7.5
      vertex 9.71178 65.129 7.5
    endloop
  endfacet
  facet normal 0 0 1
    outer loop
      vertex 10.119 63.0543 7.5
      vertex 9.31541 64.9944 7.5
      vertex 9.99 62.9906 7.5
    endloop
  endfacet
  facet normal -0 0 1
    outer loop
      vertex 8.94 64.8093 7.5
      vertex 9.99 62.9906 7.5
      vertex 9.31541 64.9944 7.5
    endloop
  endfacet
  facet normal 0 0 1
    outer loop
      vertex 9.99 62.9906 7.5
      vertex 8.94 64.8093 7.5
      vertex 9.87036 62.9107 7.5
    endloop
  endfacet
  facet normal -0 0 1
    outer loop
      vertex 8.59196 64.5767 7.5
      vertex 9.87036 62.9107 7.5
      vertex 8.94 64.8093 7.5
    endloop
  endfacet
  facet normal 0 0 1
    outer loop
      vertex 9.87036 62.9107 7.5
      vertex 8.59196 64.5767 7.5
      vertex 9.76218 62.8158 7.5
    endloop
  endfacet
  facet normal -0 0 1
    outer loop
      vertex 8.27726 64.3007 7.5
      vertex 9.76218 62.8158 7.5
      vertex 8.59196 64.5767 7.5
    endloop
  endfacet
  facet normal 0 0 1
    outer loop
      vertex 9.76218 62.8158 7.5
      vertex 8.27726 64.3007 7.5
      vertex 9.66731 62.7076 7.5
    endloop
  endfacet
  facet normal 0 0 1
    outer loop
      vertex 9.66731 62.7076 7.5
      vertex 8.00127 63.986 7.5
      vertex 9.58737 62.588 7.5
    endloop
  endfacet
  facet normal -0 0 1
    outer loop
      vertex 8.00127 63.986 7.5
      vertex 9.66731 62.7076 7.5
      vertex 8.27726 64.3007 7.5
    endloop
  endfacet
  facet normal -0 0 1
    outer loop
      vertex 11.4127 61.3684 7.5
      vertex 13.0787 60.09 7.5
      vertex 11.4926 61.488 7.5
    endloop
  endfacet
  facet normal 0 0 1
    outer loop
      vertex 13.0787 60.09 7.5
      vertex 11.4127 61.3684 7.5
      vertex 12.8027 59.7753 7.5
    endloop
  endfacet
  facet normal -0 0 1
    outer loop
      vertex 11.3178 61.2602 7.5
      vertex 12.8027 59.7753 7.5
      vertex 11.4127 61.3684 7.5
    endloop
  endfacet
  facet normal 0 0 1
    outer loop
      vertex 12.8027 59.7753 7.5
      vertex 11.3178 61.2602 7.5
      vertex 12.488 59.4993 7.5
    endloop
  endfacet
  facet normal -0 0 1
    outer loop
      vertex 11.2096 61.1653 7.5
      vertex 12.488 59.4993 7.5
      vertex 11.3178 61.2602 7.5
    endloop
  endfacet
  facet normal 0 0 1
    outer loop
      vertex 12.488 59.4993 7.5
      vertex 11.2096 61.1653 7.5
      vertex 12.14 59.2667 7.5
    endloop
  endfacet
  facet normal -0 0 1
    outer loop
      vertex 11.09 61.0854 7.5
      vertex 12.14 59.2667 7.5
      vertex 11.2096 61.1653 7.5
    endloop
  endfacet
  facet normal 0 0 1
    outer loop
      vertex 12.14 59.2667 7.5
      vertex 11.09 61.0854 7.5
      vertex 11.7646 59.0816 7.5
    endloop
  endfacet
  facet normal -0 0 1
    outer loop
      vertex 10.961 61.0217 7.5
      vertex 11.7646 59.0816 7.5
      vertex 11.09 61.0854 7.5
    endloop
  endfacet
  facet normal 0 0 1
    outer loop
      vertex 11.7646 59.0816 7.5
      vertex 10.961 61.0217 7.5
      vertex 11.3682 58.947 7.5
    endloop
  endfacet
  facet normal -0 0 1
    outer loop
      vertex 10.8247 60.9755 7.5
      vertex 11.3682 58.947 7.5
      vertex 10.961 61.0217 7.5
    endloop
  endfacet
  facet normal 0 0 1
    outer loop
      vertex 11.3682 58.947 7.5
      vertex 10.8247 60.9755 7.5
      vertex 10.9577 58.8654 7.5
    endloop
  endfacet
  facet normal -0 0 1
    outer loop
      vertex 10.6836 60.9474 7.5
      vertex 10.9577 58.8654 7.5
      vertex 10.8247 60.9755 7.5
    endloop
  endfacet
  facet normal -0 0 1
    outer loop
      vertex 10.54 60.938 7.5
      vertex 10.9577 58.8654 7.5
      vertex 10.6836 60.9474 7.5
    endloop
  endfacet
  facet normal 0 0 1
    outer loop
      vertex 10.54 60.938 7.5
      vertex 10.54 58.838 7.5
      vertex 10.9577 58.8654 7.5
    endloop
  endfacet
  facet normal 0 0 1
    outer loop
      vertex 10.3964 60.9474 7.5
      vertex 10.54 58.838 7.5
      vertex 10.54 60.938 7.5
    endloop
  endfacet
  facet normal 0 0 1
    outer loop
      vertex 10.1223 58.8654 7.5
      vertex 10.3964 60.9474 7.5
      vertex 10.2553 60.9755 7.5
    endloop
  endfacet
  facet normal 0 0 1
    outer loop
      vertex 10.3964 60.9474 7.5
      vertex 10.1223 58.8654 7.5
      vertex 10.54 58.838 7.5
    endloop
  endfacet
  facet normal 0 0 1
    outer loop
      vertex 9.71178 58.947 7.5
      vertex 10.2553 60.9755 7.5
      vertex 10.119 61.0217 7.5
    endloop
  endfacet
  facet normal 0 0 1
    outer loop
      vertex 9.31541 59.0816 7.5
      vertex 10.119 61.0217 7.5
      vertex 9.99 61.0854 7.5
    endloop
  endfacet
  facet normal 0 0 1
    outer loop
      vertex 8.94 59.2667 7.5
      vertex 9.99 61.0854 7.5
      vertex 9.87036 61.1653 7.5
    endloop
  endfacet
  facet normal 0 0 1
    outer loop
      vertex 8.59196 59.4993 7.5
      vertex 9.87036 61.1653 7.5
      vertex 9.76218 61.2602 7.5
    endloop
  endfacet
  facet normal 0 0 1
    outer loop
      vertex 10.2553 60.9755 7.5
      vertex 9.71178 58.947 7.5
      vertex 10.1223 58.8654 7.5
    endloop
  endfacet
  facet normal 0 0 1
    outer loop
      vertex 8.27726 59.7753 7.5
      vertex 9.76218 61.2602 7.5
      vertex 9.66731 61.3684 7.5
    endloop
  endfacet
  facet normal 0 0 1
    outer loop
      vertex 8.00127 60.09 7.5
      vertex 9.66731 61.3684 7.5
      vertex 9.58737 61.488 7.5
    endloop
  endfacet
  facet normal 0 0 1
    outer loop
      vertex 7.76872 60.438 7.5
      vertex 9.58737 61.488 7.5
      vertex 9.52373 61.617 7.5
    endloop
  endfacet
  facet normal 0 0 1
    outer loop
      vertex 7.58358 60.8134 7.5
      vertex 9.52373 61.617 7.5
      vertex 9.47748 61.7533 7.5
    endloop
  endfacet
  facet normal 0 0 1
    outer loop
      vertex 7.44904 61.2098 7.5
      vertex 9.47748 61.7533 7.5
      vertex 9.44941 61.8944 7.5
    endloop
  endfacet
  facet normal 0 0 1
    outer loop
      vertex 10.119 61.0217 7.5
      vertex 9.31541 59.0816 7.5
      vertex 9.71178 58.947 7.5
    endloop
  endfacet
  facet normal 0 0 1
    outer loop
      vertex 7.36738 61.6203 7.5
      vertex 9.44941 61.8944 7.5
      vertex 9.44 62.038 7.5
    endloop
  endfacet
  facet normal -0 0 1
    outer loop
      vertex 7.76872 63.638 7.5
      vertex 9.58737 62.588 7.5
      vertex 8.00127 63.986 7.5
    endloop
  endfacet
  facet normal 0 0 1
    outer loop
      vertex 9.58737 62.588 7.5
      vertex 7.76872 63.638 7.5
      vertex 9.52373 62.459 7.5
    endloop
  endfacet
  facet normal 0 0 1
    outer loop
      vertex 9.99 61.0854 7.5
      vertex 8.94 59.2667 7.5
      vertex 9.31541 59.0816 7.5
    endloop
  endfacet
  facet normal -0 0 1
    outer loop
      vertex 7.58358 63.2626 7.5
      vertex 9.52373 62.459 7.5
      vertex 7.76872 63.638 7.5
    endloop
  endfacet
  facet normal 0 0 1
    outer loop
      vertex 9.87036 61.1653 7.5
      vertex 8.59196 59.4993 7.5
      vertex 8.94 59.2667 7.5
    endloop
  endfacet
  facet normal 0 0 1
    outer loop
      vertex 9.52373 62.459 7.5
      vertex 7.58358 63.2626 7.5
      vertex 9.47748 62.3227 7.5
    endloop
  endfacet
  facet normal 0 0 1
    outer loop
      vertex 9.76218 61.2602 7.5
      vertex 8.27726 59.7753 7.5
      vertex 8.59196 59.4993 7.5
    endloop
  endfacet
  facet normal -0 0 1
    outer loop
      vertex 7.44904 62.8662 7.5
      vertex 9.47748 62.3227 7.5
      vertex 7.58358 63.2626 7.5
    endloop
  endfacet
  facet normal 0 0 1
    outer loop
      vertex 9.66731 61.3684 7.5
      vertex 8.00127 60.09 7.5
      vertex 8.27726 59.7753 7.5
    endloop
  endfacet
  facet normal 0 0 1
    outer loop
      vertex 9.47748 62.3227 7.5
      vertex 7.44904 62.8662 7.5
      vertex 9.44941 62.1816 7.5
    endloop
  endfacet
  facet normal 0 0 1
    outer loop
      vertex 9.58737 61.488 7.5
      vertex 7.76872 60.438 7.5
      vertex 8.00127 60.09 7.5
    endloop
  endfacet
  facet normal -0 0 1
    outer loop
      vertex 7.36738 62.4557 7.5
      vertex 9.44941 62.1816 7.5
      vertex 7.44904 62.8662 7.5
    endloop
  endfacet
  facet normal 0 0 1
    outer loop
      vertex 9.52373 61.617 7.5
      vertex 7.58358 60.8134 7.5
      vertex 7.76872 60.438 7.5
    endloop
  endfacet
  facet normal 0 0 1
    outer loop
      vertex 9.44941 62.1816 7.5
      vertex 7.36738 62.4557 7.5
      vertex 9.44 62.038 7.5
    endloop
  endfacet
  facet normal 0 0 1
    outer loop
      vertex 9.47748 61.7533 7.5
      vertex 7.44904 61.2098 7.5
      vertex 7.58358 60.8134 7.5
    endloop
  endfacet
  facet normal 0 0 1
    outer loop
      vertex 7.34 62.038 7.5
      vertex 9.44 62.038 7.5
      vertex 7.36738 62.4557 7.5
    endloop
  endfacet
  facet normal 0 0 1
    outer loop
      vertex 9.44941 61.8944 7.5
      vertex 7.36738 61.6203 7.5
      vertex 7.44904 61.2098 7.5
    endloop
  endfacet
  facet normal 0 0 1
    outer loop
      vertex 9.44 62.038 7.5
      vertex 7.34 62.038 7.5
      vertex 7.36738 61.6203 7.5
    endloop
  endfacet
  facet normal 0 0 1
    outer loop
      vertex 71.33 62.038 7.5
      vertex 73.43 62.038 7.5
      vertex 73.4026 62.4557 7.5
    endloop
  endfacet
  facet normal 0 0 1
    outer loop
      vertex 71.3206 62.1816 7.5
      vertex 73.4026 62.4557 7.5
      vertex 73.321 62.8662 7.5
    endloop
  endfacet
  facet normal 0 0 1
    outer loop
      vertex 73.43 62.038 7.5
      vertex 71.33 62.038 7.5
      vertex 73.4026 61.6203 7.5
    endloop
  endfacet
  facet normal 0 0 1
    outer loop
      vertex 71.2925 62.3227 7.5
      vertex 73.321 62.8662 7.5
      vertex 73.1864 63.2626 7.5
    endloop
  endfacet
  facet normal -0 0 1
    outer loop
      vertex 71.3206 61.8944 7.5
      vertex 73.4026 61.6203 7.5
      vertex 71.33 62.038 7.5
    endloop
  endfacet
  facet normal 0 0 1
    outer loop
      vertex 71.2463 62.459 7.5
      vertex 73.1864 63.2626 7.5
      vertex 73.0013 63.638 7.5
    endloop
  endfacet
  facet normal 0 0 1
    outer loop
      vertex 73.4026 61.6203 7.5
      vertex 71.3206 61.8944 7.5
      vertex 73.321 61.2098 7.5
    endloop
  endfacet
  facet normal 0 0 1
    outer loop
      vertex 71.1826 62.588 7.5
      vertex 73.0013 63.638 7.5
      vertex 72.7687 63.986 7.5
    endloop
  endfacet
  facet normal -0 0 1
    outer loop
      vertex 71.2925 61.7533 7.5
      vertex 73.321 61.2098 7.5
      vertex 71.3206 61.8944 7.5
    endloop
  endfacet
  facet normal 0 0 1
    outer loop
      vertex 71.1027 62.7076 7.5
      vertex 72.7687 63.986 7.5
      vertex 72.4927 64.3007 7.5
    endloop
  endfacet
  facet normal 0 0 1
    outer loop
      vertex 73.321 61.2098 7.5
      vertex 71.2925 61.7533 7.5
      vertex 73.1864 60.8134 7.5
    endloop
  endfacet
  facet normal 0 0 1
    outer loop
      vertex 71.0078 62.8158 7.5
      vertex 72.4927 64.3007 7.5
      vertex 72.178 64.5767 7.5
    endloop
  endfacet
  facet normal -0 0 1
    outer loop
      vertex 71.2463 61.617 7.5
      vertex 73.1864 60.8134 7.5
      vertex 71.2925 61.7533 7.5
    endloop
  endfacet
  facet normal 0 0 1
    outer loop
      vertex 70.8996 62.9107 7.5
      vertex 72.178 64.5767 7.5
      vertex 71.83 64.8093 7.5
    endloop
  endfacet
  facet normal 0 0 1
    outer loop
      vertex 73.1864 60.8134 7.5
      vertex 71.2463 61.617 7.5
      vertex 73.0013 60.438 7.5
    endloop
  endfacet
  facet normal 0 0 1
    outer loop
      vertex 70.78 62.9906 7.5
      vertex 71.83 64.8093 7.5
      vertex 71.4546 64.9944 7.5
    endloop
  endfacet
  facet normal -0 0 1
    outer loop
      vertex 71.1826 61.488 7.5
      vertex 73.0013 60.438 7.5
      vertex 71.2463 61.617 7.5
    endloop
  endfacet
  facet normal 0 0 1
    outer loop
      vertex 73.0013 60.438 7.5
      vertex 71.1826 61.488 7.5
      vertex 72.7687 60.09 7.5
    endloop
  endfacet
  facet normal 0 0 1
    outer loop
      vertex 73.4026 62.4557 7.5
      vertex 71.3206 62.1816 7.5
      vertex 71.33 62.038 7.5
    endloop
  endfacet
  facet normal 0 0 1
    outer loop
      vertex 73.321 62.8662 7.5
      vertex 71.2925 62.3227 7.5
      vertex 71.3206 62.1816 7.5
    endloop
  endfacet
  facet normal 0 0 1
    outer loop
      vertex 73.1864 63.2626 7.5
      vertex 71.2463 62.459 7.5
      vertex 71.2925 62.3227 7.5
    endloop
  endfacet
  facet normal 0 0 1
    outer loop
      vertex 73.0013 63.638 7.5
      vertex 71.1826 62.588 7.5
      vertex 71.2463 62.459 7.5
    endloop
  endfacet
  facet normal 0 0 1
    outer loop
      vertex 72.7687 63.986 7.5
      vertex 71.1027 62.7076 7.5
      vertex 71.1826 62.588 7.5
    endloop
  endfacet
  facet normal 0 0 1
    outer loop
      vertex 70.651 63.0543 7.5
      vertex 71.4546 64.9944 7.5
      vertex 71.0582 65.129 7.5
    endloop
  endfacet
  facet normal 0 0 1
    outer loop
      vertex 72.4927 64.3007 7.5
      vertex 71.0078 62.8158 7.5
      vertex 71.1027 62.7076 7.5
    endloop
  endfacet
  facet normal 0 0 1
    outer loop
      vertex 72.178 64.5767 7.5
      vertex 70.8996 62.9107 7.5
      vertex 71.0078 62.8158 7.5
    endloop
  endfacet
  facet normal 0 0 1
    outer loop
      vertex 71.83 64.8093 7.5
      vertex 70.78 62.9906 7.5
      vertex 70.8996 62.9107 7.5
    endloop
  endfacet
  facet normal 0 0 1
    outer loop
      vertex 71.4546 64.9944 7.5
      vertex 70.651 63.0543 7.5
      vertex 70.78 62.9906 7.5
    endloop
  endfacet
  facet normal 0 0 1
    outer loop
      vertex 70.5147 63.1005 7.5
      vertex 71.0582 65.129 7.5
      vertex 70.6477 65.2106 7.5
    endloop
  endfacet
  facet normal 0 0 1
    outer loop
      vertex 71.0582 65.129 7.5
      vertex 70.5147 63.1005 7.5
      vertex 70.651 63.0543 7.5
    endloop
  endfacet
  facet normal 0 0 1
    outer loop
      vertex 70.6477 65.2106 7.5
      vertex 70.3736 63.1286 7.5
      vertex 70.5147 63.1005 7.5
    endloop
  endfacet
  facet normal 0 0 1
    outer loop
      vertex 70.23 65.238 7.5
      vertex 70.3736 63.1286 7.5
      vertex 70.6477 65.2106 7.5
    endloop
  endfacet
  facet normal 0 0 1
    outer loop
      vertex 70.23 65.238 7.5
      vertex 70.23 63.138 7.5
      vertex 70.3736 63.1286 7.5
    endloop
  endfacet
  facet normal 0 0 1
    outer loop
      vertex 70.23 65.238 7.5
      vertex 70.0864 63.1286 7.5
      vertex 70.23 63.138 7.5
    endloop
  endfacet
  facet normal -0 0 1
    outer loop
      vertex 69.8123 65.2106 7.5
      vertex 70.0864 63.1286 7.5
      vertex 70.23 65.238 7.5
    endloop
  endfacet
  facet normal 0 0 1
    outer loop
      vertex 70.0864 63.1286 7.5
      vertex 69.8123 65.2106 7.5
      vertex 69.9453 63.1005 7.5
    endloop
  endfacet
  facet normal -0 0 1
    outer loop
      vertex 69.4018 65.129 7.5
      vertex 69.9453 63.1005 7.5
      vertex 69.8123 65.2106 7.5
    endloop
  endfacet
  facet normal 0 0 1
    outer loop
      vertex 69.9453 63.1005 7.5
      vertex 69.4018 65.129 7.5
      vertex 69.8091 63.0543 7.5
    endloop
  endfacet
  facet normal -0 0 1
    outer loop
      vertex 69.0054 64.9944 7.5
      vertex 69.8091 63.0543 7.5
      vertex 69.4018 65.129 7.5
    endloop
  endfacet
  facet normal 0 0 1
    outer loop
      vertex 69.8091 63.0543 7.5
      vertex 69.0054 64.9944 7.5
      vertex 69.68 62.9906 7.5
    endloop
  endfacet
  facet normal -0 0 1
    outer loop
      vertex 68.63 64.8093 7.5
      vertex 69.68 62.9906 7.5
      vertex 69.0054 64.9944 7.5
    endloop
  endfacet
  facet normal 0 0 1
    outer loop
      vertex 69.68 62.9906 7.5
      vertex 68.63 64.8093 7.5
      vertex 69.5604 62.9107 7.5
    endloop
  endfacet
  facet normal -0 0 1
    outer loop
      vertex 68.282 64.5767 7.5
      vertex 69.5604 62.9107 7.5
      vertex 68.63 64.8093 7.5
    endloop
  endfacet
  facet normal 0 0 1
    outer loop
      vertex 69.5604 62.9107 7.5
      vertex 68.282 64.5767 7.5
      vertex 69.4522 62.8158 7.5
    endloop
  endfacet
  facet normal -0 0 1
    outer loop
      vertex 67.9673 64.3007 7.5
      vertex 69.4522 62.8158 7.5
      vertex 68.282 64.5767 7.5
    endloop
  endfacet
  facet normal 0 0 1
    outer loop
      vertex 69.4522 62.8158 7.5
      vertex 67.9673 64.3007 7.5
      vertex 69.3573 62.7076 7.5
    endloop
  endfacet
  facet normal 0 0 1
    outer loop
      vertex 69.3573 62.7076 7.5
      vertex 67.6913 63.986 7.5
      vertex 69.2774 62.588 7.5
    endloop
  endfacet
  facet normal -0 0 1
    outer loop
      vertex 67.6913 63.986 7.5
      vertex 69.3573 62.7076 7.5
      vertex 67.9673 64.3007 7.5
    endloop
  endfacet
  facet normal -0 0 1
    outer loop
      vertex 71.1027 61.3684 7.5
      vertex 72.7687 60.09 7.5
      vertex 71.1826 61.488 7.5
    endloop
  endfacet
  facet normal 0 0 1
    outer loop
      vertex 72.7687 60.09 7.5
      vertex 71.1027 61.3684 7.5
      vertex 72.4927 59.7753 7.5
    endloop
  endfacet
  facet normal -0 0 1
    outer loop
      vertex 71.0078 61.2602 7.5
      vertex 72.4927 59.7753 7.5
      vertex 71.1027 61.3684 7.5
    endloop
  endfacet
  facet normal 0 0 1
    outer loop
      vertex 72.4927 59.7753 7.5
      vertex 71.0078 61.2602 7.5
      vertex 72.178 59.4993 7.5
    endloop
  endfacet
  facet normal -0 0 1
    outer loop
      vertex 70.8996 61.1653 7.5
      vertex 72.178 59.4993 7.5
      vertex 71.0078 61.2602 7.5
    endloop
  endfacet
  facet normal 0 0 1
    outer loop
      vertex 72.178 59.4993 7.5
      vertex 70.8996 61.1653 7.5
      vertex 71.83 59.2667 7.5
    endloop
  endfacet
  facet normal -0 0 1
    outer loop
      vertex 70.78 61.0854 7.5
      vertex 71.83 59.2667 7.5
      vertex 70.8996 61.1653 7.5
    endloop
  endfacet
  facet normal 0 0 1
    outer loop
      vertex 71.83 59.2667 7.5
      vertex 70.78 61.0854 7.5
      vertex 71.4546 59.0816 7.5
    endloop
  endfacet
  facet normal -0 0 1
    outer loop
      vertex 70.651 61.0217 7.5
      vertex 71.4546 59.0816 7.5
      vertex 70.78 61.0854 7.5
    endloop
  endfacet
  facet normal 0 0 1
    outer loop
      vertex 71.4546 59.0816 7.5
      vertex 70.651 61.0217 7.5
      vertex 71.0582 58.947 7.5
    endloop
  endfacet
  facet normal -0 0 1
    outer loop
      vertex 70.5147 60.9755 7.5
      vertex 71.0582 58.947 7.5
      vertex 70.651 61.0217 7.5
    endloop
  endfacet
  facet normal 0 0 1
    outer loop
      vertex 71.0582 58.947 7.5
      vertex 70.5147 60.9755 7.5
      vertex 70.6477 58.8654 7.5
    endloop
  endfacet
  facet normal -0 0 1
    outer loop
      vertex 70.3736 60.9474 7.5
      vertex 70.6477 58.8654 7.5
      vertex 70.5147 60.9755 7.5
    endloop
  endfacet
  facet normal -0 0 1
    outer loop
      vertex 70.23 60.938 7.5
      vertex 70.6477 58.8654 7.5
      vertex 70.3736 60.9474 7.5
    endloop
  endfacet
  facet normal 0 0 1
    outer loop
      vertex 70.23 60.938 7.5
      vertex 70.23 58.838 7.5
      vertex 70.6477 58.8654 7.5
    endloop
  endfacet
  facet normal 0 0 1
    outer loop
      vertex 70.0864 60.9474 7.5
      vertex 70.23 58.838 7.5
      vertex 70.23 60.938 7.5
    endloop
  endfacet
  facet normal 0 0 1
    outer loop
      vertex 69.8123 58.8654 7.5
      vertex 70.0864 60.9474 7.5
      vertex 69.9453 60.9755 7.5
    endloop
  endfacet
  facet normal 0 0 1
    outer loop
      vertex 70.0864 60.9474 7.5
      vertex 69.8123 58.8654 7.5
      vertex 70.23 58.838 7.5
    endloop
  endfacet
  facet normal 0 0 1
    outer loop
      vertex 69.4018 58.947 7.5
      vertex 69.9453 60.9755 7.5
      vertex 69.8091 61.0217 7.5
    endloop
  endfacet
  facet normal 0 0 1
    outer loop
      vertex 69.0054 59.0816 7.5
      vertex 69.8091 61.0217 7.5
      vertex 69.68 61.0854 7.5
    endloop
  endfacet
  facet normal 0 0 1
    outer loop
      vertex 68.63 59.2667 7.5
      vertex 69.68 61.0854 7.5
      vertex 69.5604 61.1653 7.5
    endloop
  endfacet
  facet normal 0 0 1
    outer loop
      vertex 68.282 59.4993 7.5
      vertex 69.5604 61.1653 7.5
      vertex 69.4522 61.2602 7.5
    endloop
  endfacet
  facet normal 0 0 1
    outer loop
      vertex 69.9453 60.9755 7.5
      vertex 69.4018 58.947 7.5
      vertex 69.8123 58.8654 7.5
    endloop
  endfacet
  facet normal 0 0 1
    outer loop
      vertex 67.9673 59.7753 7.5
      vertex 69.4522 61.2602 7.5
      vertex 69.3573 61.3684 7.5
    endloop
  endfacet
  facet normal 0 0 1
    outer loop
      vertex 67.6913 60.09 7.5
      vertex 69.3573 61.3684 7.5
      vertex 69.2774 61.488 7.5
    endloop
  endfacet
  facet normal 0 0 1
    outer loop
      vertex 67.4587 60.438 7.5
      vertex 69.2774 61.488 7.5
      vertex 69.2137 61.617 7.5
    endloop
  endfacet
  facet normal 0 0 1
    outer loop
      vertex 67.2736 60.8134 7.5
      vertex 69.2137 61.617 7.5
      vertex 69.1675 61.7533 7.5
    endloop
  endfacet
  facet normal 0 0 1
    outer loop
      vertex 67.139 61.2098 7.5
      vertex 69.1675 61.7533 7.5
      vertex 69.1394 61.8944 7.5
    endloop
  endfacet
  facet normal 0 0 1
    outer loop
      vertex 69.8091 61.0217 7.5
      vertex 69.0054 59.0816 7.5
      vertex 69.4018 58.947 7.5
    endloop
  endfacet
  facet normal 0 0 1
    outer loop
      vertex 67.0574 61.6203 7.5
      vertex 69.1394 61.8944 7.5
      vertex 69.13 62.038 7.5
    endloop
  endfacet
  facet normal -0 0 1
    outer loop
      vertex 67.4587 63.638 7.5
      vertex 69.2774 62.588 7.5
      vertex 67.6913 63.986 7.5
    endloop
  endfacet
  facet normal 0 0 1
    outer loop
      vertex 69.2774 62.588 7.5
      vertex 67.4587 63.638 7.5
      vertex 69.2137 62.459 7.5
    endloop
  endfacet
  facet normal 0 0 1
    outer loop
      vertex 69.68 61.0854 7.5
      vertex 68.63 59.2667 7.5
      vertex 69.0054 59.0816 7.5
    endloop
  endfacet
  facet normal -0 0 1
    outer loop
      vertex 67.2736 63.2626 7.5
      vertex 69.2137 62.459 7.5
      vertex 67.4587 63.638 7.5
    endloop
  endfacet
  facet normal 0 0 1
    outer loop
      vertex 69.5604 61.1653 7.5
      vertex 68.282 59.4993 7.5
      vertex 68.63 59.2667 7.5
    endloop
  endfacet
  facet normal 0 0 1
    outer loop
      vertex 69.2137 62.459 7.5
      vertex 67.2736 63.2626 7.5
      vertex 69.1675 62.3227 7.5
    endloop
  endfacet
  facet normal 0 0 1
    outer loop
      vertex 69.4522 61.2602 7.5
      vertex 67.9673 59.7753 7.5
      vertex 68.282 59.4993 7.5
    endloop
  endfacet
  facet normal -0 0 1
    outer loop
      vertex 67.139 62.8662 7.5
      vertex 69.1675 62.3227 7.5
      vertex 67.2736 63.2626 7.5
    endloop
  endfacet
  facet normal 0 0 1
    outer loop
      vertex 69.3573 61.3684 7.5
      vertex 67.6913 60.09 7.5
      vertex 67.9673 59.7753 7.5
    endloop
  endfacet
  facet normal 0 0 1
    outer loop
      vertex 69.1675 62.3227 7.5
      vertex 67.139 62.8662 7.5
      vertex 69.1394 62.1816 7.5
    endloop
  endfacet
  facet normal 0 0 1
    outer loop
      vertex 69.2774 61.488 7.5
      vertex 67.4587 60.438 7.5
      vertex 67.6913 60.09 7.5
    endloop
  endfacet
  facet normal -0 0 1
    outer loop
      vertex 67.0574 62.4557 7.5
      vertex 69.1394 62.1816 7.5
      vertex 67.139 62.8662 7.5
    endloop
  endfacet
  facet normal 0 0 1
    outer loop
      vertex 69.2137 61.617 7.5
      vertex 67.2736 60.8134 7.5
      vertex 67.4587 60.438 7.5
    endloop
  endfacet
  facet normal 0 0 1
    outer loop
      vertex 69.1394 62.1816 7.5
      vertex 67.0574 62.4557 7.5
      vertex 69.13 62.038 7.5
    endloop
  endfacet
  facet normal 0 0 1
    outer loop
      vertex 69.1675 61.7533 7.5
      vertex 67.139 61.2098 7.5
      vertex 67.2736 60.8134 7.5
    endloop
  endfacet
  facet normal 0 0 1
    outer loop
      vertex 67.03 62.038 7.5
      vertex 69.13 62.038 7.5
      vertex 67.0574 62.4557 7.5
    endloop
  endfacet
  facet normal 0 0 1
    outer loop
      vertex 69.1394 61.8944 7.5
      vertex 67.0574 61.6203 7.5
      vertex 67.139 61.2098 7.5
    endloop
  endfacet
  facet normal 0 0 1
    outer loop
      vertex 69.13 62.038 7.5
      vertex 67.03 62.038 7.5
      vertex 67.0574 61.6203 7.5
    endloop
  endfacet
  facet normal 0 0 1
    outer loop
      vertex 71.33 14.54 7.5
      vertex 73.43 14.54 7.5
      vertex 73.4026 14.9577 7.5
    endloop
  endfacet
  facet normal 0 0 1
    outer loop
      vertex 71.3206 14.6836 7.5
      vertex 73.4026 14.9577 7.5
      vertex 73.321 15.3682 7.5
    endloop
  endfacet
  facet normal 0 0 1
    outer loop
      vertex 73.43 14.54 7.5
      vertex 71.33 14.54 7.5
      vertex 73.4026 14.1223 7.5
    endloop
  endfacet
  facet normal 0 0 1
    outer loop
      vertex 71.2925 14.8247 7.5
      vertex 73.321 15.3682 7.5
      vertex 73.1864 15.7646 7.5
    endloop
  endfacet
  facet normal -0 0 1
    outer loop
      vertex 71.3206 14.3964 7.5
      vertex 73.4026 14.1223 7.5
      vertex 71.33 14.54 7.5
    endloop
  endfacet
  facet normal 0 0 1
    outer loop
      vertex 71.2463 14.961 7.5
      vertex 73.1864 15.7646 7.5
      vertex 73.0013 16.14 7.5
    endloop
  endfacet
  facet normal 0 0 1
    outer loop
      vertex 73.4026 14.1223 7.5
      vertex 71.3206 14.3964 7.5
      vertex 73.321 13.7118 7.5
    endloop
  endfacet
  facet normal 0 0 1
    outer loop
      vertex 71.1826 15.09 7.5
      vertex 73.0013 16.14 7.5
      vertex 72.7687 16.488 7.5
    endloop
  endfacet
  facet normal -0 0 1
    outer loop
      vertex 71.2925 14.2553 7.5
      vertex 73.321 13.7118 7.5
      vertex 71.3206 14.3964 7.5
    endloop
  endfacet
  facet normal 0 0 1
    outer loop
      vertex 71.1027 15.2096 7.5
      vertex 72.7687 16.488 7.5
      vertex 72.4927 16.8027 7.5
    endloop
  endfacet
  facet normal 0 0 1
    outer loop
      vertex 73.321 13.7118 7.5
      vertex 71.2925 14.2553 7.5
      vertex 73.1864 13.3154 7.5
    endloop
  endfacet
  facet normal 0 0 1
    outer loop
      vertex 71.0078 15.3178 7.5
      vertex 72.4927 16.8027 7.5
      vertex 72.178 17.0787 7.5
    endloop
  endfacet
  facet normal -0 0 1
    outer loop
      vertex 71.2463 14.119 7.5
      vertex 73.1864 13.3154 7.5
      vertex 71.2925 14.2553 7.5
    endloop
  endfacet
  facet normal 0 0 1
    outer loop
      vertex 70.8996 15.4127 7.5
      vertex 72.178 17.0787 7.5
      vertex 71.83 17.3113 7.5
    endloop
  endfacet
  facet normal 0 0 1
    outer loop
      vertex 73.1864 13.3154 7.5
      vertex 71.2463 14.119 7.5
      vertex 73.0013 12.94 7.5
    endloop
  endfacet
  facet normal 0 0 1
    outer loop
      vertex 70.78 15.4926 7.5
      vertex 71.83 17.3113 7.5
      vertex 71.4546 17.4964 7.5
    endloop
  endfacet
  facet normal -0 0 1
    outer loop
      vertex 71.1826 13.99 7.5
      vertex 73.0013 12.94 7.5
      vertex 71.2463 14.119 7.5
    endloop
  endfacet
  facet normal 0 0 1
    outer loop
      vertex 73.0013 12.94 7.5
      vertex 71.1826 13.99 7.5
      vertex 72.7687 12.592 7.5
    endloop
  endfacet
  facet normal 0 0 1
    outer loop
      vertex 73.4026 14.9577 7.5
      vertex 71.3206 14.6836 7.5
      vertex 71.33 14.54 7.5
    endloop
  endfacet
  facet normal 0 0 1
    outer loop
      vertex 73.321 15.3682 7.5
      vertex 71.2925 14.8247 7.5
      vertex 71.3206 14.6836 7.5
    endloop
  endfacet
  facet normal 0 0 1
    outer loop
      vertex 73.1864 15.7646 7.5
      vertex 71.2463 14.961 7.5
      vertex 71.2925 14.8247 7.5
    endloop
  endfacet
  facet normal 0 0 1
    outer loop
      vertex 73.0013 16.14 7.5
      vertex 71.1826 15.09 7.5
      vertex 71.2463 14.961 7.5
    endloop
  endfacet
  facet normal 0 0 1
    outer loop
      vertex 72.7687 16.488 7.5
      vertex 71.1027 15.2096 7.5
      vertex 71.1826 15.09 7.5
    endloop
  endfacet
  facet normal 0 0 1
    outer loop
      vertex 70.651 15.5563 7.5
      vertex 71.4546 17.4964 7.5
      vertex 71.0582 17.631 7.5
    endloop
  endfacet
  facet normal 0 0 1
    outer loop
      vertex 72.4927 16.8027 7.5
      vertex 71.0078 15.3178 7.5
      vertex 71.1027 15.2096 7.5
    endloop
  endfacet
  facet normal 0 0 1
    outer loop
      vertex 72.178 17.0787 7.5
      vertex 70.8996 15.4127 7.5
      vertex 71.0078 15.3178 7.5
    endloop
  endfacet
  facet normal 0 0 1
    outer loop
      vertex 71.83 17.3113 7.5
      vertex 70.78 15.4926 7.5
      vertex 70.8996 15.4127 7.5
    endloop
  endfacet
  facet normal 0 0 1
    outer loop
      vertex 71.4546 17.4964 7.5
      vertex 70.651 15.5563 7.5
      vertex 70.78 15.4926 7.5
    endloop
  endfacet
  facet normal 0 0 1
    outer loop
      vertex 70.5147 15.6025 7.5
      vertex 71.0582 17.631 7.5
      vertex 70.6477 17.7126 7.5
    endloop
  endfacet
  facet normal 0 0 1
    outer loop
      vertex 71.0582 17.631 7.5
      vertex 70.5147 15.6025 7.5
      vertex 70.651 15.5563 7.5
    endloop
  endfacet
  facet normal 0 0 1
    outer loop
      vertex 70.6477 17.7126 7.5
      vertex 70.3736 15.6306 7.5
      vertex 70.5147 15.6025 7.5
    endloop
  endfacet
  facet normal 0 0 1
    outer loop
      vertex 70.23 17.74 7.5
      vertex 70.3736 15.6306 7.5
      vertex 70.6477 17.7126 7.5
    endloop
  endfacet
  facet normal 0 0 1
    outer loop
      vertex 70.23 17.74 7.5
      vertex 70.23 15.64 7.5
      vertex 70.3736 15.6306 7.5
    endloop
  endfacet
  facet normal 0 0 1
    outer loop
      vertex 70.23 17.74 7.5
      vertex 70.0864 15.6306 7.5
      vertex 70.23 15.64 7.5
    endloop
  endfacet
  facet normal -0 0 1
    outer loop
      vertex 69.8123 17.7126 7.5
      vertex 70.0864 15.6306 7.5
      vertex 70.23 17.74 7.5
    endloop
  endfacet
  facet normal 0 0 1
    outer loop
      vertex 70.0864 15.6306 7.5
      vertex 69.8123 17.7126 7.5
      vertex 69.9453 15.6025 7.5
    endloop
  endfacet
  facet normal -0 0 1
    outer loop
      vertex 69.4018 17.631 7.5
      vertex 69.9453 15.6025 7.5
      vertex 69.8123 17.7126 7.5
    endloop
  endfacet
  facet normal 0 0 1
    outer loop
      vertex 69.9453 15.6025 7.5
      vertex 69.4018 17.631 7.5
      vertex 69.8091 15.5563 7.5
    endloop
  endfacet
  facet normal -0 0 1
    outer loop
      vertex 69.0054 17.4964 7.5
      vertex 69.8091 15.5563 7.5
      vertex 69.4018 17.631 7.5
    endloop
  endfacet
  facet normal 0 0 1
    outer loop
      vertex 69.8091 15.5563 7.5
      vertex 69.0054 17.4964 7.5
      vertex 69.68 15.4926 7.5
    endloop
  endfacet
  facet normal -0 0 1
    outer loop
      vertex 68.63 17.3113 7.5
      vertex 69.68 15.4926 7.5
      vertex 69.0054 17.4964 7.5
    endloop
  endfacet
  facet normal 0 0 1
    outer loop
      vertex 69.68 15.4926 7.5
      vertex 68.63 17.3113 7.5
      vertex 69.5604 15.4127 7.5
    endloop
  endfacet
  facet normal -0 0 1
    outer loop
      vertex 68.282 17.0787 7.5
      vertex 69.5604 15.4127 7.5
      vertex 68.63 17.3113 7.5
    endloop
  endfacet
  facet normal 0 0 1
    outer loop
      vertex 69.5604 15.4127 7.5
      vertex 68.282 17.0787 7.5
      vertex 69.4522 15.3178 7.5
    endloop
  endfacet
  facet normal -0 0 1
    outer loop
      vertex 67.9673 16.8027 7.5
      vertex 69.4522 15.3178 7.5
      vertex 68.282 17.0787 7.5
    endloop
  endfacet
  facet normal 0 0 1
    outer loop
      vertex 69.4522 15.3178 7.5
      vertex 67.9673 16.8027 7.5
      vertex 69.3573 15.2096 7.5
    endloop
  endfacet
  facet normal 0 0 1
    outer loop
      vertex 69.3573 15.2096 7.5
      vertex 67.6913 16.488 7.5
      vertex 69.2774 15.09 7.5
    endloop
  endfacet
  facet normal -0 0 1
    outer loop
      vertex 67.6913 16.488 7.5
      vertex 69.3573 15.2096 7.5
      vertex 67.9673 16.8027 7.5
    endloop
  endfacet
  facet normal -0 0 1
    outer loop
      vertex 71.1027 13.8704 7.5
      vertex 72.7687 12.592 7.5
      vertex 71.1826 13.99 7.5
    endloop
  endfacet
  facet normal 0 0 1
    outer loop
      vertex 72.7687 12.592 7.5
      vertex 71.1027 13.8704 7.5
      vertex 72.4927 12.2773 7.5
    endloop
  endfacet
  facet normal -0 0 1
    outer loop
      vertex 71.0078 13.7622 7.5
      vertex 72.4927 12.2773 7.5
      vertex 71.1027 13.8704 7.5
    endloop
  endfacet
  facet normal 0 0 1
    outer loop
      vertex 72.4927 12.2773 7.5
      vertex 71.0078 13.7622 7.5
      vertex 72.178 12.0013 7.5
    endloop
  endfacet
  facet normal -0 0 1
    outer loop
      vertex 70.8996 13.6673 7.5
      vertex 72.178 12.0013 7.5
      vertex 71.0078 13.7622 7.5
    endloop
  endfacet
  facet normal 0 0 1
    outer loop
      vertex 72.178 12.0013 7.5
      vertex 70.8996 13.6673 7.5
      vertex 71.83 11.7687 7.5
    endloop
  endfacet
  facet normal -0 0 1
    outer loop
      vertex 70.78 13.5874 7.5
      vertex 71.83 11.7687 7.5
      vertex 70.8996 13.6673 7.5
    endloop
  endfacet
  facet normal 0 0 1
    outer loop
      vertex 71.83 11.7687 7.5
      vertex 70.78 13.5874 7.5
      vertex 71.4546 11.5836 7.5
    endloop
  endfacet
  facet normal -0 0 1
    outer loop
      vertex 70.651 13.5237 7.5
      vertex 71.4546 11.5836 7.5
      vertex 70.78 13.5874 7.5
    endloop
  endfacet
  facet normal 0 0 1
    outer loop
      vertex 71.4546 11.5836 7.5
      vertex 70.651 13.5237 7.5
      vertex 71.0582 11.449 7.5
    endloop
  endfacet
  facet normal -0 0 1
    outer loop
      vertex 70.5147 13.4775 7.5
      vertex 71.0582 11.449 7.5
      vertex 70.651 13.5237 7.5
    endloop
  endfacet
  facet normal 0 0 1
    outer loop
      vertex 71.0582 11.449 7.5
      vertex 70.5147 13.4775 7.5
      vertex 70.6477 11.3674 7.5
    endloop
  endfacet
  facet normal -0 0 1
    outer loop
      vertex 70.3736 13.4494 7.5
      vertex 70.6477 11.3674 7.5
      vertex 70.5147 13.4775 7.5
    endloop
  endfacet
  facet normal -0 0 1
    outer loop
      vertex 70.23 13.44 7.5
      vertex 70.6477 11.3674 7.5
      vertex 70.3736 13.4494 7.5
    endloop
  endfacet
  facet normal 0 0 1
    outer loop
      vertex 70.23 13.44 7.5
      vertex 70.23 11.34 7.5
      vertex 70.6477 11.3674 7.5
    endloop
  endfacet
  facet normal 0 0 1
    outer loop
      vertex 70.0864 13.4494 7.5
      vertex 70.23 11.34 7.5
      vertex 70.23 13.44 7.5
    endloop
  endfacet
  facet normal 0 0 1
    outer loop
      vertex 69.8123 11.3674 7.5
      vertex 70.0864 13.4494 7.5
      vertex 69.9453 13.4775 7.5
    endloop
  endfacet
  facet normal 0 0 1
    outer loop
      vertex 70.0864 13.4494 7.5
      vertex 69.8123 11.3674 7.5
      vertex 70.23 11.34 7.5
    endloop
  endfacet
  facet normal 0 0 1
    outer loop
      vertex 69.4018 11.449 7.5
      vertex 69.9453 13.4775 7.5
      vertex 69.8091 13.5237 7.5
    endloop
  endfacet
  facet normal 0 0 1
    outer loop
      vertex 69.0054 11.5836 7.5
      vertex 69.8091 13.5237 7.5
      vertex 69.68 13.5874 7.5
    endloop
  endfacet
  facet normal 0 0 1
    outer loop
      vertex 68.63 11.7687 7.5
      vertex 69.68 13.5874 7.5
      vertex 69.5604 13.6673 7.5
    endloop
  endfacet
  facet normal 0 0 1
    outer loop
      vertex 68.282 12.0013 7.5
      vertex 69.5604 13.6673 7.5
      vertex 69.4522 13.7622 7.5
    endloop
  endfacet
  facet normal 0 0 1
    outer loop
      vertex 69.9453 13.4775 7.5
      vertex 69.4018 11.449 7.5
      vertex 69.8123 11.3674 7.5
    endloop
  endfacet
  facet normal 0 0 1
    outer loop
      vertex 67.9673 12.2773 7.5
      vertex 69.4522 13.7622 7.5
      vertex 69.3573 13.8704 7.5
    endloop
  endfacet
  facet normal 0 0 1
    outer loop
      vertex 67.6913 12.592 7.5
      vertex 69.3573 13.8704 7.5
      vertex 69.2774 13.99 7.5
    endloop
  endfacet
  facet normal 0 0 1
    outer loop
      vertex 67.4587 12.94 7.5
      vertex 69.2774 13.99 7.5
      vertex 69.2137 14.119 7.5
    endloop
  endfacet
  facet normal 0 0 1
    outer loop
      vertex 67.2736 13.3154 7.5
      vertex 69.2137 14.119 7.5
      vertex 69.1675 14.2553 7.5
    endloop
  endfacet
  facet normal 0 0 1
    outer loop
      vertex 67.139 13.7118 7.5
      vertex 69.1675 14.2553 7.5
      vertex 69.1394 14.3964 7.5
    endloop
  endfacet
  facet normal 0 0 1
    outer loop
      vertex 69.8091 13.5237 7.5
      vertex 69.0054 11.5836 7.5
      vertex 69.4018 11.449 7.5
    endloop
  endfacet
  facet normal 0 0 1
    outer loop
      vertex 67.0574 14.1223 7.5
      vertex 69.1394 14.3964 7.5
      vertex 69.13 14.54 7.5
    endloop
  endfacet
  facet normal -0 0 1
    outer loop
      vertex 67.4587 16.14 7.5
      vertex 69.2774 15.09 7.5
      vertex 67.6913 16.488 7.5
    endloop
  endfacet
  facet normal 0 0 1
    outer loop
      vertex 69.2774 15.09 7.5
      vertex 67.4587 16.14 7.5
      vertex 69.2137 14.961 7.5
    endloop
  endfacet
  facet normal 0 0 1
    outer loop
      vertex 69.68 13.5874 7.5
      vertex 68.63 11.7687 7.5
      vertex 69.0054 11.5836 7.5
    endloop
  endfacet
  facet normal -0 0 1
    outer loop
      vertex 67.2736 15.7646 7.5
      vertex 69.2137 14.961 7.5
      vertex 67.4587 16.14 7.5
    endloop
  endfacet
  facet normal 0 0 1
    outer loop
      vertex 69.5604 13.6673 7.5
      vertex 68.282 12.0013 7.5
      vertex 68.63 11.7687 7.5
    endloop
  endfacet
  facet normal 0 0 1
    outer loop
      vertex 69.2137 14.961 7.5
      vertex 67.2736 15.7646 7.5
      vertex 69.1675 14.8247 7.5
    endloop
  endfacet
  facet normal 0 0 1
    outer loop
      vertex 69.4522 13.7622 7.5
      vertex 67.9673 12.2773 7.5
      vertex 68.282 12.0013 7.5
    endloop
  endfacet
  facet normal -0 0 1
    outer loop
      vertex 67.139 15.3682 7.5
      vertex 69.1675 14.8247 7.5
      vertex 67.2736 15.7646 7.5
    endloop
  endfacet
  facet normal 0 0 1
    outer loop
      vertex 69.3573 13.8704 7.5
      vertex 67.6913 12.592 7.5
      vertex 67.9673 12.2773 7.5
    endloop
  endfacet
  facet normal 0 0 1
    outer loop
      vertex 69.1675 14.8247 7.5
      vertex 67.139 15.3682 7.5
      vertex 69.1394 14.6836 7.5
    endloop
  endfacet
  facet normal 0 0 1
    outer loop
      vertex 69.2774 13.99 7.5
      vertex 67.4587 12.94 7.5
      vertex 67.6913 12.592 7.5
    endloop
  endfacet
  facet normal -0 0 1
    outer loop
      vertex 67.0574 14.9577 7.5
      vertex 69.1394 14.6836 7.5
      vertex 67.139 15.3682 7.5
    endloop
  endfacet
  facet normal 0 0 1
    outer loop
      vertex 69.2137 14.119 7.5
      vertex 67.2736 13.3154 7.5
      vertex 67.4587 12.94 7.5
    endloop
  endfacet
  facet normal 0 0 1
    outer loop
      vertex 69.1394 14.6836 7.5
      vertex 67.0574 14.9577 7.5
      vertex 69.13 14.54 7.5
    endloop
  endfacet
  facet normal 0 0 1
    outer loop
      vertex 69.1675 14.2553 7.5
      vertex 67.139 13.7118 7.5
      vertex 67.2736 13.3154 7.5
    endloop
  endfacet
  facet normal 0 0 1
    outer loop
      vertex 67.03 14.54 7.5
      vertex 69.13 14.54 7.5
      vertex 67.0574 14.9577 7.5
    endloop
  endfacet
  facet normal 0 0 1
    outer loop
      vertex 69.1394 14.3964 7.5
      vertex 67.0574 14.1223 7.5
      vertex 67.139 13.7118 7.5
    endloop
  endfacet
  facet normal 0 0 1
    outer loop
      vertex 69.13 14.54 7.5
      vertex 67.03 14.54 7.5
      vertex 67.0574 14.1223 7.5
    endloop
  endfacet
  facet normal 0 0 1
    outer loop
      vertex 7.1 6 7.5
      vertex 10 6 7.5
      vertex 9.96578 6.5221 7.5
    endloop
  endfacet
  facet normal 0 0 1
    outer loop
      vertex 7.09059 6.14358 7.5
      vertex 9.96578 6.5221 7.5
      vertex 9.8637 7.03528 7.5
    endloop
  endfacet
  facet normal 0 0 1
    outer loop
      vertex 10 6 7.5
      vertex 7.1 6 7.5
      vertex 9.96578 5.47789 7.5
    endloop
  endfacet
  facet normal 0 0 1
    outer loop
      vertex 7.06252 6.2847 7.5
      vertex 9.8637 7.03528 7.5
      vertex 9.69552 7.53073 7.5
    endloop
  endfacet
  facet normal -0 0 1
    outer loop
      vertex 7.09059 5.85642 7.5
      vertex 9.96578 5.47789 7.5
      vertex 7.1 6 7.5
    endloop
  endfacet
  facet normal 0 0 1
    outer loop
      vertex 7.01627 6.42095 7.5
      vertex 9.69552 7.53073 7.5
      vertex 9.4641 8 7.5
    endloop
  endfacet
  facet normal 0 0 1
    outer loop
      vertex 9.96578 5.47789 7.5
      vertex 7.09059 5.85642 7.5
      vertex 9.8637 4.96472 7.5
    endloop
  endfacet
  facet normal 0 0 1
    outer loop
      vertex 6.95263 6.55 7.5
      vertex 9.4641 8 7.5
      vertex 9.17341 8.43505 7.5
    endloop
  endfacet
  facet normal -0 0 1
    outer loop
      vertex 7.06252 5.7153 7.5
      vertex 9.8637 4.96472 7.5
      vertex 7.09059 5.85642 7.5
    endloop
  endfacet
  facet normal 0 0 1
    outer loop
      vertex 6.87269 6.66964 7.5
      vertex 9.17341 8.43505 7.5
      vertex 8.82843 8.82843 7.5
    endloop
  endfacet
  facet normal 0 0 1
    outer loop
      vertex 9.8637 4.96472 7.5
      vertex 7.06252 5.7153 7.5
      vertex 9.69552 4.46927 7.5
    endloop
  endfacet
  facet normal 0 0 1
    outer loop
      vertex 6.77782 6.77782 7.5
      vertex 8.82843 8.82843 7.5
      vertex 8.43505 9.17341 7.5
    endloop
  endfacet
  facet normal -0 0 1
    outer loop
      vertex 7.01627 5.57905 7.5
      vertex 9.69552 4.46927 7.5
      vertex 7.06252 5.7153 7.5
    endloop
  endfacet
  facet normal 0 0 1
    outer loop
      vertex 6.66964 6.87269 7.5
      vertex 8.43505 9.17341 7.5
      vertex 8 9.4641 7.5
    endloop
  endfacet
  facet normal 0 0 1
    outer loop
      vertex 9.69552 4.46927 7.5
      vertex 7.01627 5.57905 7.5
      vertex 9.4641 4 7.5
    endloop
  endfacet
  facet normal -0 0 1
    outer loop
      vertex 6.95263 5.45 7.5
      vertex 9.4641 4 7.5
      vertex 7.01627 5.57905 7.5
    endloop
  endfacet
  facet normal 0 0 1
    outer loop
      vertex 6.55 6.95263 7.5
      vertex 8 9.4641 7.5
      vertex 7.53073 9.69552 7.5
    endloop
  endfacet
  facet normal 0 0 1
    outer loop
      vertex 108.047 6.55 7.5
      vertex 105.536 8 7.5
      vertex 107.984 6.42095 7.5
    endloop
  endfacet
  facet normal -0 0 1
    outer loop
      vertex 105.304 7.53073 7.5
      vertex 107.984 6.42095 7.5
      vertex 105.536 8 7.5
    endloop
  endfacet
  facet normal 0 -0 1
    outer loop
      vertex 107 2.5359 7.5
      vertex 107.9 6 7.5
      vertex 106.565 2.82659 7.5
    endloop
  endfacet
  facet normal 0 0 1
    outer loop
      vertex 107.9 6 7.5
      vertex 107 2.5359 7.5
      vertex 107.276 2.4 7.5
    endloop
  endfacet
  facet normal 0 0 1
    outer loop
      vertex 107.984 6.42095 7.5
      vertex 105.304 7.53073 7.5
      vertex 107.937 6.2847 7.5
    endloop
  endfacet
  facet normal 0 0 1
    outer loop
      vertex 107.9 6 7.5
      vertex 106.172 3.17157 7.5
      vertex 106.565 2.82659 7.5
    endloop
  endfacet
  facet normal -0 0 1
    outer loop
      vertex 105.136 7.03528 7.5
      vertex 107.937 6.2847 7.5
      vertex 105.304 7.53073 7.5
    endloop
  endfacet
  facet normal 0 0 1
    outer loop
      vertex 107.9 6 7.5
      vertex 105.827 3.56495 7.5
      vertex 106.172 3.17157 7.5
    endloop
  endfacet
  facet normal 0 0 1
    outer loop
      vertex 107.937 6.2847 7.5
      vertex 105.136 7.03528 7.5
      vertex 107.909 6.14358 7.5
    endloop
  endfacet
  facet normal 0 0 1
    outer loop
      vertex 107.9 6 7.5
      vertex 105.536 4 7.5
      vertex 105.827 3.56495 7.5
    endloop
  endfacet
  facet normal -0 0 1
    outer loop
      vertex 105.034 6.5221 7.5
      vertex 107.909 6.14358 7.5
      vertex 105.136 7.03528 7.5
    endloop
  endfacet
  facet normal 0 0 1
    outer loop
      vertex 107.9 6 7.5
      vertex 105.304 4.46927 7.5
      vertex 105.536 4 7.5
    endloop
  endfacet
  facet normal 0 0 1
    outer loop
      vertex 107.909 6.14358 7.5
      vertex 105.034 6.5221 7.5
      vertex 107.9 6 7.5
    endloop
  endfacet
  facet normal 0 0 1
    outer loop
      vertex 107.9 6 7.5
      vertex 105.136 4.96472 7.5
      vertex 105.304 4.46927 7.5
    endloop
  endfacet
  facet normal 0 0 1
    outer loop
      vertex 105 6 7.5
      vertex 107.9 6 7.5
      vertex 105.034 6.5221 7.5
    endloop
  endfacet
  facet normal 0 0 1
    outer loop
      vertex 107.9 6 7.5
      vertex 105.034 5.47789 7.5
      vertex 105.136 4.96472 7.5
    endloop
  endfacet
  facet normal 0 0 1
    outer loop
      vertex 107.9 6 7.5
      vertex 105 6 7.5
      vertex 105.034 5.47789 7.5
    endloop
  endfacet
  facet normal 0 0 1
    outer loop
      vertex 108.047 70.55 7.5
      vertex 105.536 72 7.5
      vertex 107.984 70.421 7.5
    endloop
  endfacet
  facet normal 0 0 1
    outer loop
      vertex 107.9 70 7.5
      vertex 107 66.5359 7.5
      vertex 107.469 66.3045 7.5
    endloop
  endfacet
  facet normal -0 0 1
    outer loop
      vertex 105.304 71.5307 7.5
      vertex 107.984 70.421 7.5
      vertex 105.536 72 7.5
    endloop
  endfacet
  facet normal 0 0 1
    outer loop
      vertex 107.9 70 7.5
      vertex 106.565 66.8266 7.5
      vertex 107 66.5359 7.5
    endloop
  endfacet
  facet normal 0 0 1
    outer loop
      vertex 107.984 70.421 7.5
      vertex 105.304 71.5307 7.5
      vertex 107.937 70.2847 7.5
    endloop
  endfacet
  facet normal 0 0 1
    outer loop
      vertex 107.9 70 7.5
      vertex 106.172 67.1716 7.5
      vertex 106.565 66.8266 7.5
    endloop
  endfacet
  facet normal -0 0 1
    outer loop
      vertex 105.136 71.0353 7.5
      vertex 107.937 70.2847 7.5
      vertex 105.304 71.5307 7.5
    endloop
  endfacet
  facet normal 0 0 1
    outer loop
      vertex 107.9 70 7.5
      vertex 105.827 67.565 7.5
      vertex 106.172 67.1716 7.5
    endloop
  endfacet
  facet normal 0 0 1
    outer loop
      vertex 107.937 70.2847 7.5
      vertex 105.136 71.0353 7.5
      vertex 107.909 70.1436 7.5
    endloop
  endfacet
  facet normal 0 0 1
    outer loop
      vertex 107.9 70 7.5
      vertex 105.536 68 7.5
      vertex 105.827 67.565 7.5
    endloop
  endfacet
  facet normal -0 0 1
    outer loop
      vertex 105.034 70.5221 7.5
      vertex 107.909 70.1436 7.5
      vertex 105.136 71.0353 7.5
    endloop
  endfacet
  facet normal 0 0 1
    outer loop
      vertex 107.9 70 7.5
      vertex 105.304 68.4693 7.5
      vertex 105.536 68 7.5
    endloop
  endfacet
  facet normal 0 0 1
    outer loop
      vertex 107.909 70.1436 7.5
      vertex 105.034 70.5221 7.5
      vertex 107.9 70 7.5
    endloop
  endfacet
  facet normal 0 0 1
    outer loop
      vertex 107.9 70 7.5
      vertex 105.136 68.9647 7.5
      vertex 105.304 68.4693 7.5
    endloop
  endfacet
  facet normal 0 0 1
    outer loop
      vertex 105 70 7.5
      vertex 107.9 70 7.5
      vertex 105.034 70.5221 7.5
    endloop
  endfacet
  facet normal 0 0 1
    outer loop
      vertex 107.9 70 7.5
      vertex 105.034 69.4779 7.5
      vertex 105.136 68.9647 7.5
    endloop
  endfacet
  facet normal 0 0 1
    outer loop
      vertex 107.9 70 7.5
      vertex 105 70 7.5
      vertex 105.034 69.4779 7.5
    endloop
  endfacet
  facet normal 0 0 1
    outer loop
      vertex 7.1 70 7.5
      vertex 10 70 7.5
      vertex 9.96578 70.5221 7.5
    endloop
  endfacet
  facet normal 0 0 1
    outer loop
      vertex 7.09059 70.1436 7.5
      vertex 9.96578 70.5221 7.5
      vertex 9.8637 71.0353 7.5
    endloop
  endfacet
  facet normal 0 0 1
    outer loop
      vertex 10 70 7.5
      vertex 7.1 70 7.5
      vertex 9.96578 69.4779 7.5
    endloop
  endfacet
  facet normal 0 0 1
    outer loop
      vertex 7.06252 70.2847 7.5
      vertex 9.8637 71.0353 7.5
      vertex 9.69552 71.5307 7.5
    endloop
  endfacet
  facet normal -0 0 1
    outer loop
      vertex 7.09059 69.8564 7.5
      vertex 9.96578 69.4779 7.5
      vertex 7.1 70 7.5
    endloop
  endfacet
  facet normal 0 0 1
    outer loop
      vertex 7.01627 70.421 7.5
      vertex 9.69552 71.5307 7.5
      vertex 9.4641 72 7.5
    endloop
  endfacet
  facet normal 0 0 1
    outer loop
      vertex 9.96578 69.4779 7.5
      vertex 7.09059 69.8564 7.5
      vertex 9.8637 68.9647 7.5
    endloop
  endfacet
  facet normal 0 0 1
    outer loop
      vertex 6.95263 70.55 7.5
      vertex 9.4641 72 7.5
      vertex 9.17341 72.435 7.5
    endloop
  endfacet
  facet normal -0 0 1
    outer loop
      vertex 7.06252 69.7153 7.5
      vertex 9.8637 68.9647 7.5
      vertex 7.09059 69.8564 7.5
    endloop
  endfacet
  facet normal 0 0 1
    outer loop
      vertex 6.87269 70.6696 7.5
      vertex 9.17341 72.435 7.5
      vertex 8.82843 72.8284 7.5
    endloop
  endfacet
  facet normal 0 0 1
    outer loop
      vertex 9.8637 68.9647 7.5
      vertex 7.06252 69.7153 7.5
      vertex 9.69552 68.4693 7.5
    endloop
  endfacet
  facet normal 0 0 1
    outer loop
      vertex 6.77782 70.7778 7.5
      vertex 8.82843 72.8284 7.5
      vertex 8.43505 73.1734 7.5
    endloop
  endfacet
  facet normal -0 0 1
    outer loop
      vertex 7.01627 69.579 7.5
      vertex 9.69552 68.4693 7.5
      vertex 7.06252 69.7153 7.5
    endloop
  endfacet
  facet normal 0 0 1
    outer loop
      vertex 6.66964 70.8727 7.5
      vertex 8.43505 73.1734 7.5
      vertex 8 73.4641 7.5
    endloop
  endfacet
  facet normal 0 0 1
    outer loop
      vertex 9.69552 68.4693 7.5
      vertex 7.01627 69.579 7.5
      vertex 9.4641 68 7.5
    endloop
  endfacet
  facet normal 0 0 1
    outer loop
      vertex 6.55 70.9526 7.5
      vertex 8 73.4641 7.5
      vertex 7.72443 73.6 7.5
    endloop
  endfacet
  facet normal -0 0 1
    outer loop
      vertex 6.95263 69.45 7.5
      vertex 9.4641 68 7.5
      vertex 7.01627 69.579 7.5
    endloop
  endfacet
  facet normal 0 0 1
    outer loop
      vertex 4.98373 6.42095 7.5
      vertex 2.4 7.72442 7.5
      vertex 4.93748 6.2847 7.5
    endloop
  endfacet
  facet normal 0 -0 1
    outer loop
      vertex 3.17157 3.17157 7.5
      vertex 4.9 6 7.5
      vertex 2.87687 3.50762 7.5
    endloop
  endfacet
  facet normal 0 0 1
    outer loop
      vertex 4.9 6 7.5
      vertex 3.17157 3.17157 7.5
      vertex 3.50762 2.87687 7.5
    endloop
  endfacet
  facet normal 0 0 1
    outer loop
      vertex 4.93748 6.2847 7.5
      vertex 2.4 7.72442 7.5
      vertex 4.90941 6.14358 7.5
    endloop
  endfacet
  facet normal 0 0 1
    outer loop
      vertex 2.4 68.2756 7.5
      vertex 4.90941 70.1436 7.5
      vertex 2.87692 72.4924 7.5
    endloop
  endfacet
  facet normal 0 0 1
    outer loop
      vertex 4.90941 70.1436 7.5
      vertex 2.4 68.2756 7.5
      vertex 4.9 70 7.5
    endloop
  endfacet
  facet normal 0 0 1
    outer loop
      vertex 4.9 70 7.5
      vertex 3.17157 67.1716 7.5
      vertex 3.56495 66.8266 7.5
    endloop
  endfacet
  facet normal 0 -0 1
    outer loop
      vertex 2.5359 68 7.5
      vertex 4.9 70 7.5
      vertex 2.4 68.2756 7.5
    endloop
  endfacet
  facet normal 0 0 1
    outer loop
      vertex 9.96578 6.5221 7.5
      vertex 7.09059 6.14358 7.5
      vertex 7.1 6 7.5
    endloop
  endfacet
  facet normal 0 0 1
    outer loop
      vertex 9.8637 7.03528 7.5
      vertex 7.06252 6.2847 7.5
      vertex 7.09059 6.14358 7.5
    endloop
  endfacet
  facet normal 0 0 1
    outer loop
      vertex 6.42095 7.01627 7.5
      vertex 7.53073 9.69552 7.5
      vertex 7.03528 9.8637 7.5
    endloop
  endfacet
  facet normal 0 0 1
    outer loop
      vertex 9.69552 7.53073 7.5
      vertex 7.01627 6.42095 7.5
      vertex 7.06252 6.2847 7.5
    endloop
  endfacet
  facet normal 0 0 1
    outer loop
      vertex 9.4641 8 7.5
      vertex 6.95263 6.55 7.5
      vertex 7.01627 6.42095 7.5
    endloop
  endfacet
  facet normal 0 0 1
    outer loop
      vertex 9.17341 8.43505 7.5
      vertex 6.87269 6.66964 7.5
      vertex 6.95263 6.55 7.5
    endloop
  endfacet
  facet normal 0 0 1
    outer loop
      vertex 8.82843 8.82843 7.5
      vertex 6.77782 6.77782 7.5
      vertex 6.87269 6.66964 7.5
    endloop
  endfacet
  facet normal 0 0 1
    outer loop
      vertex 8.43505 9.17341 7.5
      vertex 6.66964 6.87269 7.5
      vertex 6.77782 6.77782 7.5
    endloop
  endfacet
  facet normal 0 0 1
    outer loop
      vertex 8 9.4641 7.5
      vertex 6.55 6.95263 7.5
      vertex 6.66964 6.87269 7.5
    endloop
  endfacet
  facet normal 0 0 1
    outer loop
      vertex 6.2847 7.06252 7.5
      vertex 7.03528 9.8637 7.5
      vertex 6.5221 9.96578 7.5
    endloop
  endfacet
  facet normal 0 0 1
    outer loop
      vertex 7.53073 9.69552 7.5
      vertex 6.42095 7.01627 7.5
      vertex 6.55 6.95263 7.5
    endloop
  endfacet
  facet normal 0 0 1
    outer loop
      vertex 7.03528 9.8637 7.5
      vertex 6.2847 7.06252 7.5
      vertex 6.42095 7.01627 7.5
    endloop
  endfacet
  facet normal 0 0 1
    outer loop
      vertex 6.5221 9.96578 7.5
      vertex 6.14358 7.09059 7.5
      vertex 6.2847 7.06252 7.5
    endloop
  endfacet
  facet normal 0 0 1
    outer loop
      vertex 6 10 7.5
      vertex 6.14358 7.09059 7.5
      vertex 6.5221 9.96578 7.5
    endloop
  endfacet
  facet normal 0 0 1
    outer loop
      vertex 6 10 7.5
      vertex 6 7.1 7.5
      vertex 6.14358 7.09059 7.5
    endloop
  endfacet
  facet normal 0 0 1
    outer loop
      vertex 6 10 7.5
      vertex 5.85642 7.09059 7.5
      vertex 6 7.1 7.5
    endloop
  endfacet
  facet normal -0 0 1
    outer loop
      vertex 5.47789 9.96578 7.5
      vertex 5.85642 7.09059 7.5
      vertex 6 10 7.5
    endloop
  endfacet
  facet normal 0 0 1
    outer loop
      vertex 5.85642 7.09059 7.5
      vertex 5.47789 9.96578 7.5
      vertex 5.7153 7.06252 7.5
    endloop
  endfacet
  facet normal -0 0 1
    outer loop
      vertex 4.96472 9.8637 7.5
      vertex 5.7153 7.06252 7.5
      vertex 5.47789 9.96578 7.5
    endloop
  endfacet
  facet normal 0 0 1
    outer loop
      vertex 5.7153 7.06252 7.5
      vertex 4.96472 9.8637 7.5
      vertex 5.57905 7.01627 7.5
    endloop
  endfacet
  facet normal -0 0 1
    outer loop
      vertex 4.46927 9.69552 7.5
      vertex 5.57905 7.01627 7.5
      vertex 4.96472 9.8637 7.5
    endloop
  endfacet
  facet normal 0 0 1
    outer loop
      vertex 5.57905 7.01627 7.5
      vertex 4.46927 9.69552 7.5
      vertex 5.45 6.95263 7.5
    endloop
  endfacet
  facet normal -0 0 1
    outer loop
      vertex 4 9.4641 7.5
      vertex 5.45 6.95263 7.5
      vertex 4.46927 9.69552 7.5
    endloop
  endfacet
  facet normal 0 0 1
    outer loop
      vertex 5.45 6.95263 7.5
      vertex 4 9.4641 7.5
      vertex 5.33036 6.87269 7.5
    endloop
  endfacet
  facet normal -0 0 1
    outer loop
      vertex 3.56495 9.17341 7.5
      vertex 5.33036 6.87269 7.5
      vertex 4 9.4641 7.5
    endloop
  endfacet
  facet normal 0 0 1
    outer loop
      vertex 5.33036 6.87269 7.5
      vertex 3.56495 9.17341 7.5
      vertex 5.22218 6.77782 7.5
    endloop
  endfacet
  facet normal -0 0 1
    outer loop
      vertex 3.17157 8.82843 7.5
      vertex 5.22218 6.77782 7.5
      vertex 3.56495 9.17341 7.5
    endloop
  endfacet
  facet normal 0 0 1
    outer loop
      vertex 5.22218 6.77782 7.5
      vertex 3.17157 8.82843 7.5
      vertex 5.12731 6.66964 7.5
    endloop
  endfacet
  facet normal -0 0 1
    outer loop
      vertex 2.82659 8.43505 7.5
      vertex 5.12731 6.66964 7.5
      vertex 3.17157 8.82843 7.5
    endloop
  endfacet
  facet normal 0 0 1
    outer loop
      vertex 5.12731 6.66964 7.5
      vertex 2.82659 8.43505 7.5
      vertex 5.04737 6.55 7.5
    endloop
  endfacet
  facet normal -0 0 1
    outer loop
      vertex 6.87269 69.3304 7.5
      vertex 9.17341 67.565 7.5
      vertex 6.95263 69.45 7.5
    endloop
  endfacet
  facet normal 0 0 1
    outer loop
      vertex 9.17341 67.565 7.5
      vertex 6.87269 69.3304 7.5
      vertex 8.82843 67.1716 7.5
    endloop
  endfacet
  facet normal -0 0 1
    outer loop
      vertex 6.77782 69.2222 7.5
      vertex 8.82843 67.1716 7.5
      vertex 6.87269 69.3304 7.5
    endloop
  endfacet
  facet normal 0 0 1
    outer loop
      vertex 8.82843 67.1716 7.5
      vertex 6.77782 69.2222 7.5
      vertex 8.43505 66.8266 7.5
    endloop
  endfacet
  facet normal -0 0 1
    outer loop
      vertex 6.66964 69.1273 7.5
      vertex 8.43505 66.8266 7.5
      vertex 6.77782 69.2222 7.5
    endloop
  endfacet
  facet normal 0 0 1
    outer loop
      vertex 8.43505 66.8266 7.5
      vertex 6.66964 69.1273 7.5
      vertex 8 66.5359 7.5
    endloop
  endfacet
  facet normal -0 0 1
    outer loop
      vertex 6.55 69.0474 7.5
      vertex 8 66.5359 7.5
      vertex 6.66964 69.1273 7.5
    endloop
  endfacet
  facet normal 0 0 1
    outer loop
      vertex 8 66.5359 7.5
      vertex 6.55 69.0474 7.5
      vertex 7.53073 66.3045 7.5
    endloop
  endfacet
  facet normal -0 0 1
    outer loop
      vertex 6.42095 68.9837 7.5
      vertex 7.53073 66.3045 7.5
      vertex 6.55 69.0474 7.5
    endloop
  endfacet
  facet normal 0 0 1
    outer loop
      vertex 7.53073 66.3045 7.5
      vertex 6.42095 68.9837 7.5
      vertex 7.03528 66.1363 7.5
    endloop
  endfacet
  facet normal -0 0 1
    outer loop
      vertex 6.2847 68.9375 7.5
      vertex 7.03528 66.1363 7.5
      vertex 6.42095 68.9837 7.5
    endloop
  endfacet
  facet normal 0 0 1
    outer loop
      vertex 7.03528 66.1363 7.5
      vertex 6.2847 68.9375 7.5
      vertex 6.5221 66.0342 7.5
    endloop
  endfacet
  facet normal -0 0 1
    outer loop
      vertex 6.14358 68.9094 7.5
      vertex 6.5221 66.0342 7.5
      vertex 6.2847 68.9375 7.5
    endloop
  endfacet
  facet normal -0 0 1
    outer loop
      vertex 6 68.9 7.5
      vertex 6.5221 66.0342 7.5
      vertex 6.14358 68.9094 7.5
    endloop
  endfacet
  facet normal 0 0 1
    outer loop
      vertex 6 68.9 7.5
      vertex 6 66 7.5
      vertex 6.5221 66.0342 7.5
    endloop
  endfacet
  facet normal 0 0 1
    outer loop
      vertex 5.85642 68.9094 7.5
      vertex 6 66 7.5
      vertex 6 68.9 7.5
    endloop
  endfacet
  facet normal 0 0 1
    outer loop
      vertex 5.47789 66.0342 7.5
      vertex 5.85642 68.9094 7.5
      vertex 5.7153 68.9375 7.5
    endloop
  endfacet
  facet normal 0 0 1
    outer loop
      vertex 4.96472 66.1363 7.5
      vertex 5.7153 68.9375 7.5
      vertex 5.57905 68.9837 7.5
    endloop
  endfacet
  facet normal 0 0 1
    outer loop
      vertex 5.85642 68.9094 7.5
      vertex 5.47789 66.0342 7.5
      vertex 6 66 7.5
    endloop
  endfacet
  facet normal 0 0 1
    outer loop
      vertex 4.46927 66.3045 7.5
      vertex 5.57905 68.9837 7.5
      vertex 5.45 69.0474 7.5
    endloop
  endfacet
  facet normal 0 0 1
    outer loop
      vertex 4 66.5359 7.5
      vertex 5.45 69.0474 7.5
      vertex 5.33036 69.1273 7.5
    endloop
  endfacet
  facet normal 0 0 1
    outer loop
      vertex 3.56495 66.8266 7.5
      vertex 5.33036 69.1273 7.5
      vertex 5.22218 69.2222 7.5
    endloop
  endfacet
  facet normal 0 0 1
    outer loop
      vertex 3.56495 66.8266 7.5
      vertex 5.22218 69.2222 7.5
      vertex 5.12731 69.3304 7.5
    endloop
  endfacet
  facet normal 0 0 1
    outer loop
      vertex 3.56495 66.8266 7.5
      vertex 5.12731 69.3304 7.5
      vertex 5.04737 69.45 7.5
    endloop
  endfacet
  facet normal 0 0 1
    outer loop
      vertex 3.56495 66.8266 7.5
      vertex 5.04737 69.45 7.5
      vertex 4.98373 69.579 7.5
    endloop
  endfacet
  facet normal 0 0 1
    outer loop
      vertex 5.7153 68.9375 7.5
      vertex 4.96472 66.1363 7.5
      vertex 5.47789 66.0342 7.5
    endloop
  endfacet
  facet normal 0 0 1
    outer loop
      vertex 3.56495 66.8266 7.5
      vertex 4.98373 69.579 7.5
      vertex 4.93748 69.7153 7.5
    endloop
  endfacet
  facet normal 0 0 1
    outer loop
      vertex 3.56495 66.8266 7.5
      vertex 4.93748 69.7153 7.5
      vertex 4.90941 69.8564 7.5
    endloop
  endfacet
  facet normal 0 0 1
    outer loop
      vertex 3.56495 66.8266 7.5
      vertex 4.90941 69.8564 7.5
      vertex 4.9 70 7.5
    endloop
  endfacet
  facet normal 0 0 1
    outer loop
      vertex 5.57905 68.9837 7.5
      vertex 4.46927 66.3045 7.5
      vertex 4.96472 66.1363 7.5
    endloop
  endfacet
  facet normal 0 0 1
    outer loop
      vertex 112.6 7.72443 7.5
      vertex 110.091 6.14358 7.5
      vertex 110.1 6 7.5
    endloop
  endfacet
  facet normal 0 0 1
    outer loop
      vertex 111 9.4641 7.5
      vertex 110.063 6.2847 7.5
      vertex 110.091 6.14358 7.5
    endloop
  endfacet
  facet normal 0 0 1
    outer loop
      vertex 109.421 7.01627 7.5
      vertex 110.531 9.69552 7.5
      vertex 110.035 9.8637 7.5
    endloop
  endfacet
  facet normal 0 0 1
    outer loop
      vertex 111 9.4641 7.5
      vertex 110.016 6.42095 7.5
      vertex 110.063 6.2847 7.5
    endloop
  endfacet
  facet normal 0 0 1
    outer loop
      vertex 111 9.4641 7.5
      vertex 109.953 6.55 7.5
      vertex 110.016 6.42095 7.5
    endloop
  endfacet
  facet normal 0 0 1
    outer loop
      vertex 111 9.4641 7.5
      vertex 109.873 6.66964 7.5
      vertex 109.953 6.55 7.5
    endloop
  endfacet
  facet normal 0 0 1
    outer loop
      vertex 111 9.4641 7.5
      vertex 109.778 6.77782 7.5
      vertex 109.873 6.66964 7.5
    endloop
  endfacet
  facet normal 0 0 1
    outer loop
      vertex 111 9.4641 7.5
      vertex 109.67 6.87269 7.5
      vertex 109.778 6.77782 7.5
    endloop
  endfacet
  facet normal 0 0 1
    outer loop
      vertex 111 9.4641 7.5
      vertex 109.55 6.95263 7.5
      vertex 109.67 6.87269 7.5
    endloop
  endfacet
  facet normal 0 0 1
    outer loop
      vertex 109.285 7.06252 7.5
      vertex 110.035 9.8637 7.5
      vertex 109.522 9.96578 7.5
    endloop
  endfacet
  facet normal 0 0 1
    outer loop
      vertex 110.531 9.69552 7.5
      vertex 109.421 7.01627 7.5
      vertex 109.55 6.95263 7.5
    endloop
  endfacet
  facet normal 0 0 1
    outer loop
      vertex 110.035 9.8637 7.5
      vertex 109.285 7.06252 7.5
      vertex 109.421 7.01627 7.5
    endloop
  endfacet
  facet normal 0 0 1
    outer loop
      vertex 109.522 9.96578 7.5
      vertex 109.144 7.09059 7.5
      vertex 109.285 7.06252 7.5
    endloop
  endfacet
  facet normal 0 0 1
    outer loop
      vertex 109 10 7.5
      vertex 109.144 7.09059 7.5
      vertex 109.522 9.96578 7.5
    endloop
  endfacet
  facet normal 0 0 1
    outer loop
      vertex 109 10 7.5
      vertex 109 7.1 7.5
      vertex 109.144 7.09059 7.5
    endloop
  endfacet
  facet normal 0 0 1
    outer loop
      vertex 109 10 7.5
      vertex 108.856 7.09059 7.5
      vertex 109 7.1 7.5
    endloop
  endfacet
  facet normal -0 0 1
    outer loop
      vertex 108.478 9.96578 7.5
      vertex 108.856 7.09059 7.5
      vertex 109 10 7.5
    endloop
  endfacet
  facet normal 0 0 1
    outer loop
      vertex 108.856 7.09059 7.5
      vertex 108.478 9.96578 7.5
      vertex 108.715 7.06252 7.5
    endloop
  endfacet
  facet normal -0 0 1
    outer loop
      vertex 107.965 9.8637 7.5
      vertex 108.715 7.06252 7.5
      vertex 108.478 9.96578 7.5
    endloop
  endfacet
  facet normal 0 0 1
    outer loop
      vertex 108.715 7.06252 7.5
      vertex 107.965 9.8637 7.5
      vertex 108.579 7.01627 7.5
    endloop
  endfacet
  facet normal -0 0 1
    outer loop
      vertex 107.469 9.69552 7.5
      vertex 108.579 7.01627 7.5
      vertex 107.965 9.8637 7.5
    endloop
  endfacet
  facet normal 0 0 1
    outer loop
      vertex 108.579 7.01627 7.5
      vertex 107.469 9.69552 7.5
      vertex 108.45 6.95263 7.5
    endloop
  endfacet
  facet normal -0 0 1
    outer loop
      vertex 107 9.4641 7.5
      vertex 108.45 6.95263 7.5
      vertex 107.469 9.69552 7.5
    endloop
  endfacet
  facet normal 0 0 1
    outer loop
      vertex 108.45 6.95263 7.5
      vertex 107 9.4641 7.5
      vertex 108.33 6.87269 7.5
    endloop
  endfacet
  facet normal -0 0 1
    outer loop
      vertex 106.565 9.17341 7.5
      vertex 108.33 6.87269 7.5
      vertex 107 9.4641 7.5
    endloop
  endfacet
  facet normal 0 0 1
    outer loop
      vertex 108.33 6.87269 7.5
      vertex 106.565 9.17341 7.5
      vertex 108.222 6.77782 7.5
    endloop
  endfacet
  facet normal -0 0 1
    outer loop
      vertex 106.172 8.82843 7.5
      vertex 108.222 6.77782 7.5
      vertex 106.565 9.17341 7.5
    endloop
  endfacet
  facet normal 0 0 1
    outer loop
      vertex 108.222 6.77782 7.5
      vertex 106.172 8.82843 7.5
      vertex 108.127 6.66964 7.5
    endloop
  endfacet
  facet normal -0 0 1
    outer loop
      vertex 105.827 8.43505 7.5
      vertex 108.127 6.66964 7.5
      vertex 106.172 8.82843 7.5
    endloop
  endfacet
  facet normal 0 0 1
    outer loop
      vertex 108.127 6.66964 7.5
      vertex 105.827 8.43505 7.5
      vertex 108.047 6.55 7.5
    endloop
  endfacet
  facet normal -0 0 1
    outer loop
      vertex 110.016 69.579 7.5
      vertex 111.435 66.8266 7.5
      vertex 110.063 69.7153 7.5
    endloop
  endfacet
  facet normal -0 0 1
    outer loop
      vertex 109.953 69.45 7.5
      vertex 111.435 66.8266 7.5
      vertex 110.016 69.579 7.5
    endloop
  endfacet
  facet normal -0 0 1
    outer loop
      vertex 109.873 69.3304 7.5
      vertex 111.435 66.8266 7.5
      vertex 109.953 69.45 7.5
    endloop
  endfacet
  facet normal -0 0 1
    outer loop
      vertex 109.778 69.2222 7.5
      vertex 111.435 66.8266 7.5
      vertex 109.873 69.3304 7.5
    endloop
  endfacet
  facet normal -0 0 1
    outer loop
      vertex 109.67 69.1273 7.5
      vertex 111.435 66.8266 7.5
      vertex 109.778 69.2222 7.5
    endloop
  endfacet
  facet normal 0 0 1
    outer loop
      vertex 111.435 66.8266 7.5
      vertex 109.67 69.1273 7.5
      vertex 111 66.5359 7.5
    endloop
  endfacet
  facet normal -0 0 1
    outer loop
      vertex 109.55 69.0474 7.5
      vertex 111 66.5359 7.5
      vertex 109.67 69.1273 7.5
    endloop
  endfacet
  facet normal 0 0 1
    outer loop
      vertex 111 66.5359 7.5
      vertex 109.55 69.0474 7.5
      vertex 110.531 66.3045 7.5
    endloop
  endfacet
  facet normal -0 0 1
    outer loop
      vertex 109.421 68.9837 7.5
      vertex 110.531 66.3045 7.5
      vertex 109.55 69.0474 7.5
    endloop
  endfacet
  facet normal 0 0 1
    outer loop
      vertex 110.531 66.3045 7.5
      vertex 109.421 68.9837 7.5
      vertex 110.035 66.1363 7.5
    endloop
  endfacet
  facet normal -0 0 1
    outer loop
      vertex 109.285 68.9375 7.5
      vertex 110.035 66.1363 7.5
      vertex 109.421 68.9837 7.5
    endloop
  endfacet
  facet normal 0 0 1
    outer loop
      vertex 110.035 66.1363 7.5
      vertex 109.285 68.9375 7.5
      vertex 109.522 66.0342 7.5
    endloop
  endfacet
  facet normal -0 0 1
    outer loop
      vertex 109.144 68.9094 7.5
      vertex 109.522 66.0342 7.5
      vertex 109.285 68.9375 7.5
    endloop
  endfacet
  facet normal -0 0 1
    outer loop
      vertex 109 68.9 7.5
      vertex 109.522 66.0342 7.5
      vertex 109.144 68.9094 7.5
    endloop
  endfacet
  facet normal 0 0 1
    outer loop
      vertex 109 68.9 7.5
      vertex 109 66 7.5
      vertex 109.522 66.0342 7.5
    endloop
  endfacet
  facet normal 0 0 1
    outer loop
      vertex 108.856 68.9094 7.5
      vertex 109 66 7.5
      vertex 109 68.9 7.5
    endloop
  endfacet
  facet normal 0 0 1
    outer loop
      vertex 108.478 66.0342 7.5
      vertex 108.856 68.9094 7.5
      vertex 108.715 68.9375 7.5
    endloop
  endfacet
  facet normal 0 0 1
    outer loop
      vertex 107.965 66.1363 7.5
      vertex 108.715 68.9375 7.5
      vertex 108.579 68.9837 7.5
    endloop
  endfacet
  facet normal 0 0 1
    outer loop
      vertex 108.856 68.9094 7.5
      vertex 108.478 66.0342 7.5
      vertex 109 66 7.5
    endloop
  endfacet
  facet normal 0 0 1
    outer loop
      vertex 107.469 66.3045 7.5
      vertex 108.579 68.9837 7.5
      vertex 108.45 69.0474 7.5
    endloop
  endfacet
  facet normal 0 0 1
    outer loop
      vertex 107.469 66.3045 7.5
      vertex 108.45 69.0474 7.5
      vertex 108.33 69.1273 7.5
    endloop
  endfacet
  facet normal 0 0 1
    outer loop
      vertex 107.469 66.3045 7.5
      vertex 108.33 69.1273 7.5
      vertex 108.222 69.2222 7.5
    endloop
  endfacet
  facet normal 0 0 1
    outer loop
      vertex 107.469 66.3045 7.5
      vertex 108.222 69.2222 7.5
      vertex 108.127 69.3304 7.5
    endloop
  endfacet
  facet normal 0 0 1
    outer loop
      vertex 107.469 66.3045 7.5
      vertex 108.127 69.3304 7.5
      vertex 108.047 69.45 7.5
    endloop
  endfacet
  facet normal 0 0 1
    outer loop
      vertex 107.469 66.3045 7.5
      vertex 108.047 69.45 7.5
      vertex 107.984 69.579 7.5
    endloop
  endfacet
  facet normal 0 0 1
    outer loop
      vertex 108.715 68.9375 7.5
      vertex 107.965 66.1363 7.5
      vertex 108.478 66.0342 7.5
    endloop
  endfacet
  facet normal 0 0 1
    outer loop
      vertex 107.469 66.3045 7.5
      vertex 107.984 69.579 7.5
      vertex 107.937 69.7153 7.5
    endloop
  endfacet
  facet normal 0 0 1
    outer loop
      vertex 107.469 66.3045 7.5
      vertex 107.937 69.7153 7.5
      vertex 107.909 69.8564 7.5
    endloop
  endfacet
  facet normal 0 0 1
    outer loop
      vertex 107.469 66.3045 7.5
      vertex 107.909 69.8564 7.5
      vertex 107.9 70 7.5
    endloop
  endfacet
  facet normal 0 0 1
    outer loop
      vertex 108.579 68.9837 7.5
      vertex 107.469 66.3045 7.5
      vertex 107.965 66.1363 7.5
    endloop
  endfacet
  facet normal 0 0 1
    outer loop
      vertex 110.091 6.14358 7.5
      vertex 112.6 7.72443 7.5
      vertex 112.464 8 7.5
    endloop
  endfacet
  facet normal 0 0 1
    outer loop
      vertex 110.091 5.85642 7.5
      vertex 112.6 7.72443 7.5
      vertex 110.1 6 7.5
    endloop
  endfacet
  facet normal 0 0 1
    outer loop
      vertex 112.6 7.72443 7.5
      vertex 110.091 5.85642 7.5
      vertex 112.123 3.50753 7.5
    endloop
  endfacet
  facet normal 0 0 1
    outer loop
      vertex 110.091 6.14358 7.5
      vertex 111.828 8.82843 7.5
      vertex 111.435 9.17341 7.5
    endloop
  endfacet
  facet normal 0 0 1
    outer loop
      vertex 112.123 72.4925 7.5
      vertex 115 71 7.5
      vertex 114.957 71.6526 7.5
    endloop
  endfacet
  facet normal 0 0 1
    outer loop
      vertex 115 71 7.5
      vertex 112.6 68.2756 7.5
      vertex 115 5 7.5
    endloop
  endfacet
  facet normal 0 0 1
    outer loop
      vertex 112.123 72.4925 7.5
      vertex 114.957 71.6526 7.5
      vertex 114.83 72.2941 7.5
    endloop
  endfacet
  facet normal -0 0 1
    outer loop
      vertex 112.6 7.72443 7.5
      vertex 115 5 7.5
      vertex 112.6 68.2756 7.5
    endloop
  endfacet
  facet normal -0 0 1
    outer loop
      vertex 112.123 72.4925 7.5
      vertex 114.83 72.2941 7.5
      vertex 114.619 72.9134 7.5
    endloop
  endfacet
  facet normal 0 0 1
    outer loop
      vertex 112.123 3.50753 7.5
      vertex 115 5 7.5
      vertex 112.6 7.72443 7.5
    endloop
  endfacet
  facet normal 0 0 1
    outer loop
      vertex 112.123 72.4925 7.5
      vertex 114.619 72.9134 7.5
      vertex 114.33 73.5 7.5
    endloop
  endfacet
  facet normal 0 0 1
    outer loop
      vertex 115 5 7.5
      vertex 112.123 3.50753 7.5
      vertex 114.957 4.34737 7.5
    endloop
  endfacet
  facet normal 0 0 1
    outer loop
      vertex 112.123 72.4925 7.5
      vertex 114.33 73.5 7.5
      vertex 113.967 74.0438 7.5
    endloop
  endfacet
  facet normal 0 0 1
    outer loop
      vertex 114.957 4.34737 7.5
      vertex 112.123 3.50753 7.5
      vertex 114.83 3.7059 7.5
    endloop
  endfacet
  facet normal 0 0 1
    outer loop
      vertex 112.063 72.5828 7.5
      vertex 113.967 74.0438 7.5
      vertex 113.536 74.5355 7.5
    endloop
  endfacet
  facet normal 0 0 1
    outer loop
      vertex 114.83 3.7059 7.5
      vertex 112.123 3.50753 7.5
      vertex 114.619 3.08658 7.5
    endloop
  endfacet
  facet normal 0 0 1
    outer loop
      vertex 111.838 72.8385 7.5
      vertex 113.536 74.5355 7.5
      vertex 113.044 74.9668 7.5
    endloop
  endfacet
  facet normal 0 0 1
    outer loop
      vertex 114.619 3.08658 7.5
      vertex 112.123 3.50753 7.5
      vertex 114.33 2.5 7.5
    endloop
  endfacet
  facet normal 0 0 1
    outer loop
      vertex 114.33 2.5 7.5
      vertex 112.123 3.50753 7.5
      vertex 113.967 1.95619 7.5
    endloop
  endfacet
  facet normal 0 0 1
    outer loop
      vertex 111.493 73.123 7.5
      vertex 113.044 74.9668 7.5
      vertex 112.5 75.3301 7.5
    endloop
  endfacet
  facet normal 0 0 1
    outer loop
      vertex 115 71 7.5
      vertex 112.123 72.4925 7.5
      vertex 112.6 68.2756 7.5
    endloop
  endfacet
  facet normal 0 0 1
    outer loop
      vertex 111.828 67.1716 7.5
      vertex 112.6 68.2756 7.5
      vertex 112.123 72.4925 7.5
    endloop
  endfacet
  facet normal 0 0 1
    outer loop
      vertex 112.6 68.2756 7.5
      vertex 112.173 67.565 7.5
      vertex 112.464 68 7.5
    endloop
  endfacet
  facet normal 0 0 1
    outer loop
      vertex 113.967 74.0438 7.5
      vertex 112.063 72.5828 7.5
      vertex 112.123 72.4925 7.5
    endloop
  endfacet
  facet normal 0 0 1
    outer loop
      vertex 111.493 73.123 7.5
      vertex 112.5 75.3301 7.5
      vertex 111.913 75.6194 7.5
    endloop
  endfacet
  facet normal 0 0 1
    outer loop
      vertex 113.536 74.5355 7.5
      vertex 111.838 72.8385 7.5
      vertex 112.063 72.5828 7.5
    endloop
  endfacet
  facet normal 0 0 1
    outer loop
      vertex 113.044 74.9668 7.5
      vertex 111.583 73.0627 7.5
      vertex 111.838 72.8385 7.5
    endloop
  endfacet
  facet normal 0 0 1
    outer loop
      vertex 113.044 74.9668 7.5
      vertex 111.493 73.123 7.5
      vertex 111.583 73.0627 7.5
    endloop
  endfacet
  facet normal 0 0 1
    outer loop
      vertex 111.294 75.8296 7.5
      vertex 111.493 73.123 7.5
      vertex 111.913 75.6194 7.5
    endloop
  endfacet
  facet normal 0 0 1
    outer loop
      vertex 110.653 75.9572 7.5
      vertex 111.493 73.123 7.5
      vertex 111.294 75.8296 7.5
    endloop
  endfacet
  facet normal 0 -0 1
    outer loop
      vertex 110.1 70 7.5
      vertex 111.493 73.123 7.5
      vertex 110.091 70.1436 7.5
    endloop
  endfacet
  facet normal 0 0 1
    outer loop
      vertex 110 76 7.5
      vertex 111.493 73.123 7.5
      vertex 110.653 75.9572 7.5
    endloop
  endfacet
  facet normal 0 0 1
    outer loop
      vertex 111.493 73.123 7.5
      vertex 110.1 70 7.5
      vertex 111.435 66.8266 7.5
    endloop
  endfacet
  facet normal -0 0 1
    outer loop
      vertex 110.063 69.7153 7.5
      vertex 111.435 66.8266 7.5
      vertex 110.091 69.8564 7.5
    endloop
  endfacet
  facet normal -0 0 1
    outer loop
      vertex 110.091 69.8564 7.5
      vertex 111.435 66.8266 7.5
      vertex 110.1 70 7.5
    endloop
  endfacet
  facet normal 0 0 1
    outer loop
      vertex 111.493 73.123 7.5
      vertex 110.063 70.2847 7.5
      vertex 110.091 70.1436 7.5
    endloop
  endfacet
  facet normal 0 0 1
    outer loop
      vertex 111.493 73.123 7.5
      vertex 110.016 70.421 7.5
      vertex 110.063 70.2847 7.5
    endloop
  endfacet
  facet normal -0 0 1
    outer loop
      vertex 107.276 73.6 7.5
      vertex 111.493 73.123 7.5
      vertex 110 76 7.5
    endloop
  endfacet
  facet normal 0 0 1
    outer loop
      vertex 111.493 73.123 7.5
      vertex 109.953 70.55 7.5
      vertex 110.016 70.421 7.5
    endloop
  endfacet
  facet normal 0 0 1
    outer loop
      vertex 111.493 73.123 7.5
      vertex 109.873 70.6696 7.5
      vertex 109.953 70.55 7.5
    endloop
  endfacet
  facet normal 0 0 1
    outer loop
      vertex 111.493 73.123 7.5
      vertex 109.778 70.7778 7.5
      vertex 109.873 70.6696 7.5
    endloop
  endfacet
  facet normal 0 0 1
    outer loop
      vertex 111.493 73.123 7.5
      vertex 109.67 70.8727 7.5
      vertex 109.778 70.7778 7.5
    endloop
  endfacet
  facet normal 0 0 1
    outer loop
      vertex 111.493 73.123 7.5
      vertex 109.55 70.9526 7.5
      vertex 109.67 70.8727 7.5
    endloop
  endfacet
  facet normal 0 0 1
    outer loop
      vertex 111.493 73.123 7.5
      vertex 109.421 71.0163 7.5
      vertex 109.55 70.9526 7.5
    endloop
  endfacet
  facet normal 0 0 1
    outer loop
      vertex 111.493 73.123 7.5
      vertex 109.285 71.0625 7.5
      vertex 109.421 71.0163 7.5
    endloop
  endfacet
  facet normal 0 -0 1
    outer loop
      vertex 109.144 71.0906 7.5
      vertex 111.493 73.123 7.5
      vertex 107.276 73.6 7.5
    endloop
  endfacet
  facet normal 0 0 1
    outer loop
      vertex 111.493 73.123 7.5
      vertex 109.144 71.0906 7.5
      vertex 109.285 71.0625 7.5
    endloop
  endfacet
  facet normal 0 0 1
    outer loop
      vertex 109.144 71.0906 7.5
      vertex 107.276 73.6 7.5
      vertex 109 71.1 7.5
    endloop
  endfacet
  facet normal 0 0 1
    outer loop
      vertex 109 71.1 7.5
      vertex 107.276 73.6 7.5
      vertex 108.856 71.0906 7.5
    endloop
  endfacet
  facet normal 0 0 1
    outer loop
      vertex 108.856 71.0906 7.5
      vertex 107.276 73.6 7.5
      vertex 108.715 71.0625 7.5
    endloop
  endfacet
  facet normal 0 0 1
    outer loop
      vertex 108.715 71.0625 7.5
      vertex 107.276 73.6 7.5
      vertex 108.579 71.0163 7.5
    endloop
  endfacet
  facet normal 0 0 1
    outer loop
      vertex 108.579 71.0163 7.5
      vertex 107.276 73.6 7.5
      vertex 108.45 70.9526 7.5
    endloop
  endfacet
  facet normal -0 0 1
    outer loop
      vertex 107 73.4641 7.5
      vertex 108.45 70.9526 7.5
      vertex 107.276 73.6 7.5
    endloop
  endfacet
  facet normal 0 0 1
    outer loop
      vertex 108.45 70.9526 7.5
      vertex 107 73.4641 7.5
      vertex 108.33 70.8727 7.5
    endloop
  endfacet
  facet normal -0 0 1
    outer loop
      vertex 106.565 73.1734 7.5
      vertex 108.33 70.8727 7.5
      vertex 107 73.4641 7.5
    endloop
  endfacet
  facet normal 0 0 1
    outer loop
      vertex 108.33 70.8727 7.5
      vertex 106.565 73.1734 7.5
      vertex 108.222 70.7778 7.5
    endloop
  endfacet
  facet normal 0 0 1
    outer loop
      vertex 108.127 70.6696 7.5
      vertex 105.827 72.435 7.5
      vertex 108.047 70.55 7.5
    endloop
  endfacet
  facet normal -0 0 1
    outer loop
      vertex 105.536 72 7.5
      vertex 108.047 70.55 7.5
      vertex 105.827 72.435 7.5
    endloop
  endfacet
  facet normal -0 0 1
    outer loop
      vertex 105.827 72.435 7.5
      vertex 108.127 70.6696 7.5
      vertex 106.172 72.8284 7.5
    endloop
  endfacet
  facet normal 0 0 1
    outer loop
      vertex 108.222 70.7778 7.5
      vertex 106.172 72.8284 7.5
      vertex 108.127 70.6696 7.5
    endloop
  endfacet
  facet normal -0 0 1
    outer loop
      vertex 106.172 72.8284 7.5
      vertex 108.222 70.7778 7.5
      vertex 106.565 73.1734 7.5
    endloop
  endfacet
  facet normal 0 0 1
    outer loop
      vertex 110 76 7.5
      vertex 7.72443 73.6 7.5
      vertex 107.276 73.6 7.5
    endloop
  endfacet
  facet normal 0 0 1
    outer loop
      vertex 9.4641 68 7.5
      vertex 6.95263 69.45 7.5
      vertex 9.17341 67.565 7.5
    endloop
  endfacet
  facet normal 0 0 1
    outer loop
      vertex 9.96578 70.5221 7.5
      vertex 7.09059 70.1436 7.5
      vertex 7.1 70 7.5
    endloop
  endfacet
  facet normal 0 0 1
    outer loop
      vertex 9.8637 71.0353 7.5
      vertex 7.06252 70.2847 7.5
      vertex 7.09059 70.1436 7.5
    endloop
  endfacet
  facet normal 0 0 1
    outer loop
      vertex 9.69552 71.5307 7.5
      vertex 7.01627 70.421 7.5
      vertex 7.06252 70.2847 7.5
    endloop
  endfacet
  facet normal 0 0 1
    outer loop
      vertex 9.4641 72 7.5
      vertex 6.95263 70.55 7.5
      vertex 7.01627 70.421 7.5
    endloop
  endfacet
  facet normal 0 0 1
    outer loop
      vertex 9.17341 72.435 7.5
      vertex 6.87269 70.6696 7.5
      vertex 6.95263 70.55 7.5
    endloop
  endfacet
  facet normal 0 0 1
    outer loop
      vertex 8.82843 72.8284 7.5
      vertex 6.77782 70.7778 7.5
      vertex 6.87269 70.6696 7.5
    endloop
  endfacet
  facet normal 0 0 1
    outer loop
      vertex 8.43505 73.1734 7.5
      vertex 6.66964 70.8727 7.5
      vertex 6.77782 70.7778 7.5
    endloop
  endfacet
  facet normal 0 0 1
    outer loop
      vertex 8 73.4641 7.5
      vertex 6.55 70.9526 7.5
      vertex 6.66964 70.8727 7.5
    endloop
  endfacet
  facet normal 0 0 1
    outer loop
      vertex 7.72443 73.6 7.5
      vertex 6.42095 71.0163 7.5
      vertex 6.55 70.9526 7.5
    endloop
  endfacet
  facet normal 0 0 1
    outer loop
      vertex 7.72443 73.6 7.5
      vertex 6.2847 71.0625 7.5
      vertex 6.42095 71.0163 7.5
    endloop
  endfacet
  facet normal 0 0 1
    outer loop
      vertex 7.72443 73.6 7.5
      vertex 6.14358 71.0906 7.5
      vertex 6.2847 71.0625 7.5
    endloop
  endfacet
  facet normal 0 0 1
    outer loop
      vertex 7.72443 73.6 7.5
      vertex 6 71.1 7.5
      vertex 6.14358 71.0906 7.5
    endloop
  endfacet
  facet normal 0 0 1
    outer loop
      vertex 7.72443 73.6 7.5
      vertex 5.85642 71.0906 7.5
      vertex 6 71.1 7.5
    endloop
  endfacet
  facet normal -0 0 1
    outer loop
      vertex 3.50753 73.1231 7.5
      vertex 5.85642 71.0906 7.5
      vertex 7.72443 73.6 7.5
    endloop
  endfacet
  facet normal 0 0 1
    outer loop
      vertex 5.85642 71.0906 7.5
      vertex 3.50753 73.1231 7.5
      vertex 5.7153 71.0625 7.5
    endloop
  endfacet
  facet normal 0 0 1
    outer loop
      vertex 5.7153 71.0625 7.5
      vertex 3.50753 73.1231 7.5
      vertex 5.57905 71.0163 7.5
    endloop
  endfacet
  facet normal 0 0 1
    outer loop
      vertex 5.57905 71.0163 7.5
      vertex 3.50753 73.1231 7.5
      vertex 5.45 70.9526 7.5
    endloop
  endfacet
  facet normal 0 0 1
    outer loop
      vertex 5.45 70.9526 7.5
      vertex 3.50753 73.1231 7.5
      vertex 5.33036 70.8727 7.5
    endloop
  endfacet
  facet normal -0 0 1
    outer loop
      vertex 5 76 7.5
      vertex 7.72443 73.6 7.5
      vertex 110 76 7.5
    endloop
  endfacet
  facet normal 0 0 1
    outer loop
      vertex 3.50753 73.1231 7.5
      vertex 7.72443 73.6 7.5
      vertex 5 76 7.5
    endloop
  endfacet
  facet normal 0 0 1
    outer loop
      vertex 5.33036 70.8727 7.5
      vertex 3.50753 73.1231 7.5
      vertex 5.22218 70.7778 7.5
    endloop
  endfacet
  facet normal -0 0 1
    outer loop
      vertex 3.17157 72.8284 7.5
      vertex 5.22218 70.7778 7.5
      vertex 3.50753 73.1231 7.5
    endloop
  endfacet
  facet normal -0 0 1
    outer loop
      vertex 2.87692 72.4924 7.5
      vertex 5.22218 70.7778 7.5
      vertex 3.17157 72.8284 7.5
    endloop
  endfacet
  facet normal 0 0 1
    outer loop
      vertex 5.22218 70.7778 7.5
      vertex 2.87692 72.4924 7.5
      vertex 5.12731 70.6696 7.5
    endloop
  endfacet
  facet normal 0 0 1
    outer loop
      vertex 5.12731 70.6696 7.5
      vertex 2.87692 72.4924 7.5
      vertex 5.04737 70.55 7.5
    endloop
  endfacet
  facet normal 0 0 1
    outer loop
      vertex 5.04737 70.55 7.5
      vertex 2.87692 72.4924 7.5
      vertex 4.98373 70.421 7.5
    endloop
  endfacet
  facet normal 0 0 1
    outer loop
      vertex 4.98373 70.421 7.5
      vertex 2.87692 72.4924 7.5
      vertex 4.93748 70.2847 7.5
    endloop
  endfacet
  facet normal 0 0 1
    outer loop
      vertex 3.50753 73.1231 7.5
      vertex 5 76 7.5
      vertex 4.34737 75.9572 7.5
    endloop
  endfacet
  facet normal 0 0 1
    outer loop
      vertex 4.93748 70.2847 7.5
      vertex 2.87692 72.4924 7.5
      vertex 4.90941 70.1436 7.5
    endloop
  endfacet
  facet normal 0 0 1
    outer loop
      vertex 3.50753 73.1231 7.5
      vertex 4.34737 75.9572 7.5
      vertex 3.7059 75.8296 7.5
    endloop
  endfacet
  facet normal 0 0 1
    outer loop
      vertex 5.45 69.0474 7.5
      vertex 4 66.5359 7.5
      vertex 4.46927 66.3045 7.5
    endloop
  endfacet
  facet normal 0 0 1
    outer loop
      vertex 5.33036 69.1273 7.5
      vertex 3.56495 66.8266 7.5
      vertex 4 66.5359 7.5
    endloop
  endfacet
  facet normal -0 0 1
    outer loop
      vertex 3.08658 75.6194 7.5
      vertex 3.50753 73.1231 7.5
      vertex 3.7059 75.8296 7.5
    endloop
  endfacet
  facet normal -0 0 1
    outer loop
      vertex 2.5 75.3301 7.5
      vertex 3.50753 73.1231 7.5
      vertex 3.08658 75.6194 7.5
    endloop
  endfacet
  facet normal -0 0 1
    outer loop
      vertex 1.95619 74.9668 7.5
      vertex 3.50753 73.1231 7.5
      vertex 2.5 75.3301 7.5
    endloop
  endfacet
  facet normal 0 0 1
    outer loop
      vertex 3.50753 73.1231 7.5
      vertex 1.95619 74.9668 7.5
      vertex 3.41721 73.0627 7.5
    endloop
  endfacet
  facet normal 0 0 1
    outer loop
      vertex 3.41721 73.0627 7.5
      vertex 1.95619 74.9668 7.5
      vertex 3.16152 72.8385 7.5
    endloop
  endfacet
  facet normal 0 0 1
    outer loop
      vertex 4.9 70 7.5
      vertex 2.82659 67.565 7.5
      vertex 3.17157 67.1716 7.5
    endloop
  endfacet
  facet normal -0 0 1
    outer loop
      vertex 1.46446 74.5355 7.5
      vertex 3.16152 72.8385 7.5
      vertex 1.95619 74.9668 7.5
    endloop
  endfacet
  facet normal 0 0 1
    outer loop
      vertex 3.16152 72.8385 7.5
      vertex 1.46446 74.5355 7.5
      vertex 2.93728 72.5828 7.5
    endloop
  endfacet
  facet normal 0 0 1
    outer loop
      vertex 4.9 70 7.5
      vertex 2.5359 68 7.5
      vertex 2.82659 67.565 7.5
    endloop
  endfacet
  facet normal 0 0 1
    outer loop
      vertex 2.93728 72.5828 7.5
      vertex 1.03322 74.0438 7.5
      vertex 2.87692 72.4924 7.5
    endloop
  endfacet
  facet normal -0 0 1
    outer loop
      vertex 1.03322 74.0438 7.5
      vertex 2.93728 72.5828 7.5
      vertex 1.46446 74.5355 7.5
    endloop
  endfacet
  facet normal -0 0 1
    outer loop
      vertex 112.063 3.41721 7.5
      vertex 113.967 1.95619 7.5
      vertex 112.123 3.50753 7.5
    endloop
  endfacet
  facet normal 0 0 1
    outer loop
      vertex 113.967 1.95619 7.5
      vertex 112.063 3.41721 7.5
      vertex 113.536 1.46446 7.5
    endloop
  endfacet
  facet normal 0 0 1
    outer loop
      vertex 110.091 6.14358 7.5
      vertex 112.464 8 7.5
      vertex 112.173 8.43505 7.5
    endloop
  endfacet
  facet normal 0 0 1
    outer loop
      vertex 110.091 6.14358 7.5
      vertex 112.173 8.43505 7.5
      vertex 111.828 8.82843 7.5
    endloop
  endfacet
  facet normal -0 0 1
    outer loop
      vertex 111.838 3.16152 7.5
      vertex 113.536 1.46446 7.5
      vertex 112.063 3.41721 7.5
    endloop
  endfacet
  facet normal 0 0 1
    outer loop
      vertex 113.536 1.46446 7.5
      vertex 111.838 3.16152 7.5
      vertex 113.044 1.03322 7.5
    endloop
  endfacet
  facet normal -0 0 1
    outer loop
      vertex 111.583 2.93728 7.5
      vertex 113.044 1.03322 7.5
      vertex 111.838 3.16152 7.5
    endloop
  endfacet
  facet normal -0 0 1
    outer loop
      vertex 111.492 2.87692 7.5
      vertex 113.044 1.03322 7.5
      vertex 111.583 2.93728 7.5
    endloop
  endfacet
  facet normal 0 0 1
    outer loop
      vertex 113.044 1.03322 7.5
      vertex 111.492 2.87692 7.5
      vertex 112.5 0.669861 7.5
    endloop
  endfacet
  facet normal 0 0 1
    outer loop
      vertex 112.5 0.669861 7.5
      vertex 111.492 2.87692 7.5
      vertex 111.913 0.3806 7.5
    endloop
  endfacet
  facet normal 0 0 1
    outer loop
      vertex 111.492 2.87692 7.5
      vertex 111.294 0.170364 7.5
      vertex 111.913 0.3806 7.5
    endloop
  endfacet
  facet normal -0 0 1
    outer loop
      vertex 110.063 5.7153 7.5
      vertex 112.123 3.50753 7.5
      vertex 110.091 5.85642 7.5
    endloop
  endfacet
  facet normal 0 0 1
    outer loop
      vertex 110.091 6.14358 7.5
      vertex 111.435 9.17341 7.5
      vertex 111 9.4641 7.5
    endloop
  endfacet
  facet normal -0 0 1
    outer loop
      vertex 109.953 5.45 7.5
      vertex 112.123 3.50753 7.5
      vertex 110.016 5.57905 7.5
    endloop
  endfacet
  facet normal 0 0 1
    outer loop
      vertex 109.55 6.95263 7.5
      vertex 111 9.4641 7.5
      vertex 110.531 9.69552 7.5
    endloop
  endfacet
  facet normal -0 0 1
    outer loop
      vertex 110.016 5.57905 7.5
      vertex 112.123 3.50753 7.5
      vertex 110.063 5.7153 7.5
    endloop
  endfacet
  facet normal -0 0 1
    outer loop
      vertex 109.873 5.33036 7.5
      vertex 112.123 3.50753 7.5
      vertex 109.953 5.45 7.5
    endloop
  endfacet
  facet normal -0 0 1
    outer loop
      vertex 109.778 5.22218 7.5
      vertex 112.123 3.50753 7.5
      vertex 109.873 5.33036 7.5
    endloop
  endfacet
  facet normal 0 0 1
    outer loop
      vertex 112.123 3.50753 7.5
      vertex 109.778 5.22218 7.5
      vertex 111.828 3.17157 7.5
    endloop
  endfacet
  facet normal 0 0 1
    outer loop
      vertex 111.828 3.17157 7.5
      vertex 109.778 5.22218 7.5
      vertex 111.492 2.87692 7.5
    endloop
  endfacet
  facet normal -0 0 1
    outer loop
      vertex 109.67 5.12731 7.5
      vertex 111.492 2.87692 7.5
      vertex 109.778 5.22218 7.5
    endloop
  endfacet
  facet normal -0 0 1
    outer loop
      vertex 109.55 5.04737 7.5
      vertex 111.492 2.87692 7.5
      vertex 109.67 5.12731 7.5
    endloop
  endfacet
  facet normal -0 0 1
    outer loop
      vertex 109.421 4.98373 7.5
      vertex 111.492 2.87692 7.5
      vertex 109.55 5.04737 7.5
    endloop
  endfacet
  facet normal -0 0 1
    outer loop
      vertex 109.285 4.93748 7.5
      vertex 111.492 2.87692 7.5
      vertex 109.421 4.98373 7.5
    endloop
  endfacet
  facet normal 0 0 1
    outer loop
      vertex 111.492 2.87692 7.5
      vertex 110.653 0.0427704 7.5
      vertex 111.294 0.170364 7.5
    endloop
  endfacet
  facet normal 0 0 1
    outer loop
      vertex 111.492 2.87692 7.5
      vertex 110 0 7.5
      vertex 110.653 0.0427704 7.5
    endloop
  endfacet
  facet normal -0 0 1
    outer loop
      vertex 109.144 4.90941 7.5
      vertex 111.492 2.87692 7.5
      vertex 109.285 4.93748 7.5
    endloop
  endfacet
  facet normal 0 0 1
    outer loop
      vertex 111.492 2.87692 7.5
      vertex 109.144 4.90941 7.5
      vertex 107.276 2.4 7.5
    endloop
  endfacet
  facet normal 0 0 1
    outer loop
      vertex 107.276 2.4 7.5
      vertex 109.144 4.90941 7.5
      vertex 109 4.9 7.5
    endloop
  endfacet
  facet normal 0 0 1
    outer loop
      vertex 107.276 2.4 7.5
      vertex 109 4.9 7.5
      vertex 108.856 4.90941 7.5
    endloop
  endfacet
  facet normal 0 0 1
    outer loop
      vertex 107.276 2.4 7.5
      vertex 108.856 4.90941 7.5
      vertex 108.715 4.93748 7.5
    endloop
  endfacet
  facet normal 0 0 1
    outer loop
      vertex 107.276 2.4 7.5
      vertex 108.715 4.93748 7.5
      vertex 108.579 4.98373 7.5
    endloop
  endfacet
  facet normal 0 0 1
    outer loop
      vertex 107.276 2.4 7.5
      vertex 108.579 4.98373 7.5
      vertex 108.45 5.04737 7.5
    endloop
  endfacet
  facet normal 0 0 1
    outer loop
      vertex 107.276 2.4 7.5
      vertex 108.45 5.04737 7.5
      vertex 108.33 5.12731 7.5
    endloop
  endfacet
  facet normal 0 0 1
    outer loop
      vertex 107.276 2.4 7.5
      vertex 108.33 5.12731 7.5
      vertex 108.222 5.22218 7.5
    endloop
  endfacet
  facet normal 0 0 1
    outer loop
      vertex 107.276 2.4 7.5
      vertex 108.222 5.22218 7.5
      vertex 108.127 5.33036 7.5
    endloop
  endfacet
  facet normal 0 0 1
    outer loop
      vertex 107.276 2.4 7.5
      vertex 108.127 5.33036 7.5
      vertex 108.047 5.45 7.5
    endloop
  endfacet
  facet normal 0 0 1
    outer loop
      vertex 107.276 2.4 7.5
      vertex 108.047 5.45 7.5
      vertex 107.984 5.57905 7.5
    endloop
  endfacet
  facet normal -0 0 1
    outer loop
      vertex 105.536 8 7.5
      vertex 108.047 6.55 7.5
      vertex 105.827 8.43505 7.5
    endloop
  endfacet
  facet normal 0 0 1
    outer loop
      vertex 107.9 6 7.5
      vertex 107.276 2.4 7.5
      vertex 107.909 5.85642 7.5
    endloop
  endfacet
  facet normal 0 0 1
    outer loop
      vertex 107.276 2.4 7.5
      vertex 107.937 5.7153 7.5
      vertex 107.909 5.85642 7.5
    endloop
  endfacet
  facet normal 0 0 1
    outer loop
      vertex 107.276 2.4 7.5
      vertex 107.984 5.57905 7.5
      vertex 107.937 5.7153 7.5
    endloop
  endfacet
  facet normal 0 0 1
    outer loop
      vertex 111.492 2.87692 7.5
      vertex 107.276 2.4 7.5
      vertex 110 0 7.5
    endloop
  endfacet
  facet normal -0 0 1
    outer loop
      vertex 7.72442 2.4 7.5
      vertex 110 0 7.5
      vertex 107.276 2.4 7.5
    endloop
  endfacet
  facet normal 0 0 1
    outer loop
      vertex 9.4641 4 7.5
      vertex 6.95263 5.45 7.5
      vertex 9.17341 3.56495 7.5
    endloop
  endfacet
  facet normal -0 0 1
    outer loop
      vertex 6.87269 5.33036 7.5
      vertex 9.17341 3.56495 7.5
      vertex 6.95263 5.45 7.5
    endloop
  endfacet
  facet normal 0 0 1
    outer loop
      vertex 9.17341 3.56495 7.5
      vertex 6.87269 5.33036 7.5
      vertex 8.82843 3.17157 7.5
    endloop
  endfacet
  facet normal -0 0 1
    outer loop
      vertex 6.77782 5.22218 7.5
      vertex 8.82843 3.17157 7.5
      vertex 6.87269 5.33036 7.5
    endloop
  endfacet
  facet normal 0 0 1
    outer loop
      vertex 8.82843 3.17157 7.5
      vertex 6.77782 5.22218 7.5
      vertex 8.43505 2.82659 7.5
    endloop
  endfacet
  facet normal -0 0 1
    outer loop
      vertex 6.66964 5.12731 7.5
      vertex 8.43505 2.82659 7.5
      vertex 6.77782 5.22218 7.5
    endloop
  endfacet
  facet normal 0 0 1
    outer loop
      vertex 8.43505 2.82659 7.5
      vertex 6.66964 5.12731 7.5
      vertex 8 2.5359 7.5
    endloop
  endfacet
  facet normal -0 0 1
    outer loop
      vertex 6.55 5.04737 7.5
      vertex 8 2.5359 7.5
      vertex 6.66964 5.12731 7.5
    endloop
  endfacet
  facet normal 0 0 1
    outer loop
      vertex 8 2.5359 7.5
      vertex 6.55 5.04737 7.5
      vertex 7.72442 2.4 7.5
    endloop
  endfacet
  facet normal -0 0 1
    outer loop
      vertex 6.42095 4.98373 7.5
      vertex 7.72442 2.4 7.5
      vertex 6.55 5.04737 7.5
    endloop
  endfacet
  facet normal -0 0 1
    outer loop
      vertex 6.2847 4.93748 7.5
      vertex 7.72442 2.4 7.5
      vertex 6.42095 4.98373 7.5
    endloop
  endfacet
  facet normal -0 0 1
    outer loop
      vertex 6.14358 4.90941 7.5
      vertex 7.72442 2.4 7.5
      vertex 6.2847 4.93748 7.5
    endloop
  endfacet
  facet normal -0 0 1
    outer loop
      vertex 6 4.9 7.5
      vertex 7.72442 2.4 7.5
      vertex 6.14358 4.90941 7.5
    endloop
  endfacet
  facet normal 0 0 1
    outer loop
      vertex 5.85642 4.90941 7.5
      vertex 7.72442 2.4 7.5
      vertex 6 4.9 7.5
    endloop
  endfacet
  facet normal 0 0 1
    outer loop
      vertex 3.50762 2.87687 7.5
      vertex 5.85642 4.90941 7.5
      vertex 5.7153 4.93748 7.5
    endloop
  endfacet
  facet normal 0 0 1
    outer loop
      vertex 3.50762 2.87687 7.5
      vertex 5.7153 4.93748 7.5
      vertex 5.57905 4.98373 7.5
    endloop
  endfacet
  facet normal 0 0 1
    outer loop
      vertex 3.50762 2.87687 7.5
      vertex 5.57905 4.98373 7.5
      vertex 5.45 5.04737 7.5
    endloop
  endfacet
  facet normal 0 0 1
    outer loop
      vertex 3.50762 2.87687 7.5
      vertex 5.45 5.04737 7.5
      vertex 5.33036 5.12731 7.5
    endloop
  endfacet
  facet normal 0 0 1
    outer loop
      vertex 3.50762 2.87687 7.5
      vertex 5.33036 5.12731 7.5
      vertex 5.22218 5.22218 7.5
    endloop
  endfacet
  facet normal 0 0 1
    outer loop
      vertex 7.72442 2.4 7.5
      vertex 5 0 7.5
      vertex 110 0 7.5
    endloop
  endfacet
  facet normal 0 0 1
    outer loop
      vertex 5.85642 4.90941 7.5
      vertex 3.50762 2.87687 7.5
      vertex 7.72442 2.4 7.5
    endloop
  endfacet
  facet normal 0 0 1
    outer loop
      vertex 3.50762 2.87687 7.5
      vertex 5.22218 5.22218 7.5
      vertex 5.12731 5.33036 7.5
    endloop
  endfacet
  facet normal 0 0 1
    outer loop
      vertex 3.50762 2.87687 7.5
      vertex 5.12731 5.33036 7.5
      vertex 5.04737 5.45 7.5
    endloop
  endfacet
  facet normal 0 0 1
    outer loop
      vertex 3.50762 2.87687 7.5
      vertex 5.04737 5.45 7.5
      vertex 4.98373 5.57905 7.5
    endloop
  endfacet
  facet normal 0 0 1
    outer loop
      vertex 3.50762 2.87687 7.5
      vertex 4.98373 5.57905 7.5
      vertex 4.93748 5.7153 7.5
    endloop
  endfacet
  facet normal 0 0 1
    outer loop
      vertex 3.50762 2.87687 7.5
      vertex 4.93748 5.7153 7.5
      vertex 4.90941 5.85642 7.5
    endloop
  endfacet
  facet normal 0 0 1
    outer loop
      vertex 3.50762 2.87687 7.5
      vertex 4.90941 5.85642 7.5
      vertex 4.9 6 7.5
    endloop
  endfacet
  facet normal -0 0 1
    outer loop
      vertex 2.5359 8 7.5
      vertex 5.04737 6.55 7.5
      vertex 2.82659 8.43505 7.5
    endloop
  endfacet
  facet normal 0 0 1
    outer loop
      vertex 7.72442 2.4 7.5
      vertex 3.50762 2.87687 7.5
      vertex 5 0 7.5
    endloop
  endfacet
  facet normal -0 0 1
    outer loop
      vertex 2.4 7.72442 7.5
      vertex 5.04737 6.55 7.5
      vertex 2.5359 8 7.5
    endloop
  endfacet
  facet normal 0 0 1
    outer loop
      vertex 5 0 7.5
      vertex 3.50762 2.87687 7.5
      vertex 4.34737 0.0427704 7.5
    endloop
  endfacet
  facet normal 0 0 1
    outer loop
      vertex 5.04737 6.55 7.5
      vertex 2.4 7.72442 7.5
      vertex 4.98373 6.42095 7.5
    endloop
  endfacet
  facet normal 0 0 1
    outer loop
      vertex 4.34737 0.0427704 7.5
      vertex 3.50762 2.87687 7.5
      vertex 3.7059 0.170364 7.5
    endloop
  endfacet
  facet normal 0 0 1
    outer loop
      vertex 1.95619 1.03322 7.5
      vertex 3.50762 2.87687 7.5
      vertex 3.41721 2.93728 7.5
    endloop
  endfacet
  facet normal 0 0 1
    outer loop
      vertex 1.95619 1.03322 7.5
      vertex 3.41721 2.93728 7.5
      vertex 3.16152 3.16152 7.5
    endloop
  endfacet
  facet normal 0 0 1
    outer loop
      vertex 3.50762 2.87687 7.5
      vertex 3.08658 0.3806 7.5
      vertex 3.7059 0.170364 7.5
    endloop
  endfacet
  facet normal 0 0 1
    outer loop
      vertex 1.46446 1.46446 7.5
      vertex 3.16152 3.16152 7.5
      vertex 2.93728 3.41721 7.5
    endloop
  endfacet
  facet normal 0 0 1
    outer loop
      vertex 1.03322 1.95619 7.5
      vertex 2.93728 3.41721 7.5
      vertex 2.87687 3.50762 7.5
    endloop
  endfacet
  facet normal 0 0 1
    outer loop
      vertex 4.90941 6.14358 7.5
      vertex 2.4 7.72442 7.5
      vertex 4.9 6 7.5
    endloop
  endfacet
  facet normal 0 0 1
    outer loop
      vertex 4.9 6 7.5
      vertex 2.4 7.72442 7.5
      vertex 2.87687 3.50762 7.5
    endloop
  endfacet
  facet normal -0 0 1
    outer loop
      vertex 0 5 7.5
      vertex 2.87687 3.50762 7.5
      vertex 2.4 7.72442 7.5
    endloop
  endfacet
  facet normal 0 0 1
    outer loop
      vertex 3.50762 2.87687 7.5
      vertex 2.5 0.669861 7.5
      vertex 3.08658 0.3806 7.5
    endloop
  endfacet
  facet normal 0 0 1
    outer loop
      vertex 3.50762 2.87687 7.5
      vertex 1.95619 1.03322 7.5
      vertex 2.5 0.669861 7.5
    endloop
  endfacet
  facet normal 0 0 1
    outer loop
      vertex 2.4 68.2756 7.5
      vertex 0 71 7.5
      vertex 2.4 7.72442 7.5
    endloop
  endfacet
  facet normal -0 0 1
    outer loop
      vertex 0.669861 73.5 7.5
      vertex 2.87692 72.4924 7.5
      vertex 1.03322 74.0438 7.5
    endloop
  endfacet
  facet normal 0 0 1
    outer loop
      vertex 0 5 7.5
      vertex 2.4 7.72442 7.5
      vertex 0 71 7.5
    endloop
  endfacet
  facet normal -0 0 1
    outer loop
      vertex 0.3806 72.9134 7.5
      vertex 2.87692 72.4924 7.5
      vertex 0.669861 73.5 7.5
    endloop
  endfacet
  facet normal 0 0 1
    outer loop
      vertex 2.87687 3.50762 7.5
      vertex 0 5 7.5
      vertex 0.0427704 4.34737 7.5
    endloop
  endfacet
  facet normal 0 0 1
    outer loop
      vertex 0.170364 72.2941 7.5
      vertex 2.87692 72.4924 7.5
      vertex 0.3806 72.9134 7.5
    endloop
  endfacet
  facet normal 0 0 1
    outer loop
      vertex 3.16152 3.16152 7.5
      vertex 1.46446 1.46446 7.5
      vertex 1.95619 1.03322 7.5
    endloop
  endfacet
  facet normal 0 0 1
    outer loop
      vertex 0.0427704 71.6526 7.5
      vertex 2.87692 72.4924 7.5
      vertex 0.170364 72.2941 7.5
    endloop
  endfacet
  facet normal 0 0 1
    outer loop
      vertex 2.93728 3.41721 7.5
      vertex 1.03322 1.95619 7.5
      vertex 1.46446 1.46446 7.5
    endloop
  endfacet
  facet normal 0 0 1
    outer loop
      vertex 0 71 7.5
      vertex 2.87692 72.4924 7.5
      vertex 0.0427704 71.6526 7.5
    endloop
  endfacet
  facet normal 0 0 1
    outer loop
      vertex 2.87687 3.50762 7.5
      vertex 0.669861 2.5 7.5
      vertex 1.03322 1.95619 7.5
    endloop
  endfacet
  facet normal 0 0 1
    outer loop
      vertex 2.87692 72.4924 7.5
      vertex 0 71 7.5
      vertex 2.4 68.2756 7.5
    endloop
  endfacet
  facet normal 0 0 1
    outer loop
      vertex 2.87687 3.50762 7.5
      vertex 0.3806 3.08658 7.5
      vertex 0.669861 2.5 7.5
    endloop
  endfacet
  facet normal 0 0 1
    outer loop
      vertex 2.87687 3.50762 7.5
      vertex 0.170364 3.7059 7.5
      vertex 0.3806 3.08658 7.5
    endloop
  endfacet
  facet normal 0 0 1
    outer loop
      vertex 2.87687 3.50762 7.5
      vertex 0.0427704 4.34737 7.5
      vertex 0.170364 3.7059 7.5
    endloop
  endfacet
  facet normal 0 0 1
    outer loop
      vertex 111.493 73.123 7.5
      vertex 112.123 72.4925 7.5
      vertex 111.828 72.8284 7.5
    endloop
  endfacet
  facet normal 0 0 1
    outer loop
      vertex 112.6 68.2756 7.5
      vertex 111.828 67.1716 7.5
      vertex 112.173 67.565 7.5
    endloop
  endfacet
  facet normal 0 0 1
    outer loop
      vertex 112.123 72.4925 7.5
      vertex 111.493 73.123 7.5
      vertex 111.828 67.1716 7.5
    endloop
  endfacet
  facet normal 0 0 1
    outer loop
      vertex 111.828 67.1716 7.5
      vertex 111.493 73.123 7.5
      vertex 111.435 66.8266 7.5
    endloop
  endfacet
  facet normal -0.194958 -0.980812 0
    outer loop
      vertex 9.71178 11.449 2
      vertex 10.1223 11.3674 7.5
      vertex 9.71178 11.449 7.5
    endloop
  endfacet
  facet normal -0.194958 -0.980812 -0
    outer loop
      vertex 10.1223 11.3674 7.5
      vertex 9.71178 11.449 2
      vertex 10.1223 11.3674 2
    endloop
  endfacet
  facet normal -0.321548 0.946893 0
    outer loop
      vertex 9.71178 17.631 2
      vertex 9.31541 17.4964 7.5
      vertex 9.71178 17.631 7.5
    endloop
  endfacet
  facet normal -0.321548 0.946893 0
    outer loop
      vertex 9.31541 17.4964 7.5
      vertex 9.71178 17.631 2
      vertex 9.31541 17.4964 2
    endloop
  endfacet
  facet normal 0.659367 -0.751821 0
    outer loop
      vertex 12.488 12.0013 2
      vertex 12.8027 12.2773 7.5
      vertex 12.488 12.0013 7.5
    endloop
  endfacet
  facet normal 0.659367 -0.751821 0
    outer loop
      vertex 12.8027 12.2773 7.5
      vertex 12.488 12.0013 2
      vertex 12.8027 12.2773 2
    endloop
  endfacet
  facet normal -0.659367 0.751821 0
    outer loop
      vertex 8.59196 17.0787 2
      vertex 8.27726 16.8027 7.5
      vertex 8.59196 17.0787 7.5
    endloop
  endfacet
  facet normal -0.659367 0.751821 0
    outer loop
      vertex 8.27726 16.8027 7.5
      vertex 8.59196 17.0787 2
      vertex 8.27726 16.8027 2
    endloop
  endfacet
  facet normal -0.555648 0.831418 0
    outer loop
      vertex 8.94 17.3113 2
      vertex 8.59196 17.0787 7.5
      vertex 8.94 17.3113 7.5
    endloop
  endfacet
  facet normal -0.555648 0.831418 0
    outer loop
      vertex 8.59196 17.0787 7.5
      vertex 8.94 17.3113 2
      vertex 8.59196 17.0787 2
    endloop
  endfacet
  facet normal 0.896898 0.442237 0
    outer loop
      vertex 13.4964 15.7646 7.5
      vertex 13.3113 16.14 2
      vertex 13.3113 16.14 7.5
    endloop
  endfacet
  facet normal 0.896898 0.442237 0
    outer loop
      vertex 13.3113 16.14 2
      vertex 13.4964 15.7646 7.5
      vertex 13.4964 15.7646 2
    endloop
  endfacet
  facet normal 0.194967 -0.98081 0
    outer loop
      vertex 10.9577 11.3674 2
      vertex 11.3682 11.449 7.5
      vertex 10.9577 11.3674 7.5
    endloop
  endfacet
  facet normal 0.194967 -0.98081 0
    outer loop
      vertex 11.3682 11.449 7.5
      vertex 10.9577 11.3674 2
      vertex 11.3682 11.449 2
    endloop
  endfacet
  facet normal 0.442237 -0.896898 0
    outer loop
      vertex 11.7646 11.5836 2
      vertex 12.14 11.7687 7.5
      vertex 11.7646 11.5836 7.5
    endloop
  endfacet
  facet normal 0.442237 -0.896898 0
    outer loop
      vertex 12.14 11.7687 7.5
      vertex 11.7646 11.5836 2
      vertex 12.14 11.7687 2
    endloop
  endfacet
  facet normal 0.321526 -0.946901 0
    outer loop
      vertex 11.3682 11.449 2
      vertex 11.7646 11.5836 7.5
      vertex 11.3682 11.449 7.5
    endloop
  endfacet
  facet normal 0.321526 -0.946901 0
    outer loop
      vertex 11.7646 11.5836 7.5
      vertex 11.3682 11.449 2
      vertex 11.7646 11.5836 2
    endloop
  endfacet
  facet normal -0.997859 -0.0654091 0
    outer loop
      vertex 7.36738 14.1223 2
      vertex 7.34 14.54 7.5
      vertex 7.34 14.54 2
    endloop
  endfacet
  facet normal -0.997859 -0.0654091 0
    outer loop
      vertex 7.34 14.54 7.5
      vertex 7.36738 14.1223 2
      vertex 7.36738 14.1223 7.5
    endloop
  endfacet
  facet normal 0.555692 -0.831388 0
    outer loop
      vertex 12.14 11.7687 2
      vertex 12.488 12.0013 7.5
      vertex 12.14 11.7687 7.5
    endloop
  endfacet
  facet normal 0.555692 -0.831388 0
    outer loop
      vertex 12.488 12.0013 7.5
      vertex 12.14 11.7687 2
      vertex 12.488 12.0013 2
    endloop
  endfacet
  facet normal -0.659367 -0.751821 0
    outer loop
      vertex 8.27726 12.2773 2
      vertex 8.59196 12.0013 7.5
      vertex 8.27726 12.2773 7.5
    endloop
  endfacet
  facet normal -0.659367 -0.751821 -0
    outer loop
      vertex 8.59196 12.0013 7.5
      vertex 8.27726 12.2773 2
      vertex 8.59196 12.0013 2
    endloop
  endfacet
  facet normal -0.751833 -0.659353 0
    outer loop
      vertex 8.27726 12.2773 2
      vertex 8.00127 12.592 7.5
      vertex 8.00127 12.592 2
    endloop
  endfacet
  facet normal -0.751833 -0.659353 0
    outer loop
      vertex 8.00127 12.592 7.5
      vertex 8.27726 12.2773 2
      vertex 8.27726 12.2773 7.5
    endloop
  endfacet
  facet normal -0.980782 0.195105 0
    outer loop
      vertex 7.36738 14.9577 2
      vertex 7.44904 15.3682 7.5
      vertex 7.44904 15.3682 2
    endloop
  endfacet
  facet normal -0.980782 0.195105 0
    outer loop
      vertex 7.44904 15.3682 7.5
      vertex 7.36738 14.9577 2
      vertex 7.36738 14.9577 7.5
    endloop
  endfacet
  facet normal 0.831388 0.555692 0
    outer loop
      vertex 13.3113 16.14 7.5
      vertex 13.0787 16.488 2
      vertex 13.0787 16.488 7.5
    endloop
  endfacet
  facet normal 0.831388 0.555692 0
    outer loop
      vertex 13.0787 16.488 2
      vertex 13.3113 16.14 7.5
      vertex 13.3113 16.14 2
    endloop
  endfacet
  facet normal -0.946944 -0.321397 0
    outer loop
      vertex 7.58358 13.3154 2
      vertex 7.44904 13.7118 7.5
      vertex 7.44904 13.7118 2
    endloop
  endfacet
  facet normal -0.946944 -0.321397 0
    outer loop
      vertex 7.44904 13.7118 7.5
      vertex 7.58358 13.3154 2
      vertex 7.58358 13.3154 7.5
    endloop
  endfacet
  facet normal 0.997855 -0.0654566 0
    outer loop
      vertex 13.7126 14.1223 7.5
      vertex 13.74 14.54 2
      vertex 13.74 14.54 7.5
    endloop
  endfacet
  facet normal 0.997855 -0.0654566 0
    outer loop
      vertex 13.74 14.54 2
      vertex 13.7126 14.1223 7.5
      vertex 13.7126 14.1223 2
    endloop
  endfacet
  facet normal 0.442237 0.896898 -0
    outer loop
      vertex 12.14 17.3113 2
      vertex 11.7646 17.4964 7.5
      vertex 12.14 17.3113 7.5
    endloop
  endfacet
  facet normal 0.442237 0.896898 0
    outer loop
      vertex 11.7646 17.4964 7.5
      vertex 12.14 17.3113 2
      vertex 11.7646 17.4964 2
    endloop
  endfacet
  facet normal 0.751821 -0.659367 0
    outer loop
      vertex 12.8027 12.2773 7.5
      vertex 13.0787 12.592 2
      vertex 13.0787 12.592 7.5
    endloop
  endfacet
  facet normal 0.751821 -0.659367 0
    outer loop
      vertex 13.0787 12.592 2
      vertex 12.8027 12.2773 7.5
      vertex 12.8027 12.2773 2
    endloop
  endfacet
  facet normal 0.751821 0.659367 0
    outer loop
      vertex 13.0787 16.488 7.5
      vertex 12.8027 16.8027 2
      vertex 12.8027 16.8027 7.5
    endloop
  endfacet
  facet normal 0.751821 0.659367 0
    outer loop
      vertex 12.8027 16.8027 2
      vertex 13.0787 16.488 7.5
      vertex 13.0787 16.488 2
    endloop
  endfacet
  facet normal 0.555692 0.831388 -0
    outer loop
      vertex 12.488 17.0787 2
      vertex 12.14 17.3113 7.5
      vertex 12.488 17.0787 7.5
    endloop
  endfacet
  facet normal 0.555692 0.831388 0
    outer loop
      vertex 12.14 17.3113 7.5
      vertex 12.488 17.0787 2
      vertex 12.14 17.3113 2
    endloop
  endfacet
  facet normal 0.896898 -0.442237 0
    outer loop
      vertex 13.3113 12.94 7.5
      vertex 13.4964 13.3154 2
      vertex 13.4964 13.3154 7.5
    endloop
  endfacet
  facet normal 0.896898 -0.442237 0
    outer loop
      vertex 13.4964 13.3154 2
      vertex 13.3113 12.94 7.5
      vertex 13.3113 12.94 2
    endloop
  endfacet
  facet normal 0.831388 -0.555692 0
    outer loop
      vertex 13.0787 12.592 7.5
      vertex 13.3113 12.94 2
      vertex 13.3113 12.94 7.5
    endloop
  endfacet
  facet normal 0.831388 -0.555692 0
    outer loop
      vertex 13.3113 12.94 2
      vertex 13.0787 12.592 7.5
      vertex 13.0787 12.592 2
    endloop
  endfacet
  facet normal -0.831443 0.55561 0
    outer loop
      vertex 7.76872 16.14 2
      vertex 8.00127 16.488 7.5
      vertex 8.00127 16.488 2
    endloop
  endfacet
  facet normal -0.831443 0.55561 0
    outer loop
      vertex 8.00127 16.488 7.5
      vertex 7.76872 16.14 2
      vertex 7.76872 16.14 7.5
    endloop
  endfacet
  facet normal -0.89686 0.442314 0
    outer loop
      vertex 7.58358 15.7646 2
      vertex 7.76872 16.14 7.5
      vertex 7.76872 16.14 2
    endloop
  endfacet
  facet normal -0.89686 0.442314 0
    outer loop
      vertex 7.76872 16.14 7.5
      vertex 7.58358 15.7646 2
      vertex 7.58358 15.7646 7.5
    endloop
  endfacet
  facet normal -0.194958 0.980812 0
    outer loop
      vertex 10.1223 17.7126 2
      vertex 9.71178 17.631 7.5
      vertex 10.1223 17.7126 7.5
    endloop
  endfacet
  facet normal -0.194958 0.980812 0
    outer loop
      vertex 9.71178 17.631 7.5
      vertex 10.1223 17.7126 2
      vertex 9.71178 17.631 2
    endloop
  endfacet
  facet normal 0.659367 0.751821 -0
    outer loop
      vertex 12.8027 16.8027 2
      vertex 12.488 17.0787 7.5
      vertex 12.8027 16.8027 7.5
    endloop
  endfacet
  facet normal 0.659367 0.751821 0
    outer loop
      vertex 12.488 17.0787 7.5
      vertex 12.8027 16.8027 2
      vertex 12.488 17.0787 2
    endloop
  endfacet
  facet normal -0.0654566 -0.997855 0
    outer loop
      vertex 10.1223 11.3674 2
      vertex 10.54 11.34 7.5
      vertex 10.1223 11.3674 7.5
    endloop
  endfacet
  facet normal -0.0654566 -0.997855 -0
    outer loop
      vertex 10.54 11.34 7.5
      vertex 10.1223 11.3674 2
      vertex 10.54 11.34 2
    endloop
  endfacet
  facet normal 0.946901 0.321526 0
    outer loop
      vertex 13.631 15.3682 7.5
      vertex 13.4964 15.7646 2
      vertex 13.4964 15.7646 7.5
    endloop
  endfacet
  facet normal 0.946901 0.321526 0
    outer loop
      vertex 13.4964 15.7646 2
      vertex 13.631 15.3682 7.5
      vertex 13.631 15.3682 2
    endloop
  endfacet
  facet normal -0.831443 -0.55561 0
    outer loop
      vertex 8.00127 12.592 2
      vertex 7.76872 12.94 7.5
      vertex 7.76872 12.94 2
    endloop
  endfacet
  facet normal -0.831443 -0.55561 0
    outer loop
      vertex 7.76872 12.94 7.5
      vertex 8.00127 12.592 2
      vertex 8.00127 12.592 7.5
    endloop
  endfacet
  facet normal -0.751833 0.659353 0
    outer loop
      vertex 8.00127 16.488 2
      vertex 8.27726 16.8027 7.5
      vertex 8.27726 16.8027 2
    endloop
  endfacet
  facet normal -0.751833 0.659353 0
    outer loop
      vertex 8.27726 16.8027 7.5
      vertex 8.00127 16.488 2
      vertex 8.00127 16.488 7.5
    endloop
  endfacet
  facet normal -0.0654566 0.997855 0
    outer loop
      vertex 10.54 17.74 2
      vertex 10.1223 17.7126 7.5
      vertex 10.54 17.74 7.5
    endloop
  endfacet
  facet normal -0.0654566 0.997855 0
    outer loop
      vertex 10.1223 17.7126 7.5
      vertex 10.54 17.74 2
      vertex 10.1223 17.7126 2
    endloop
  endfacet
  facet normal -0.980782 -0.195105 0
    outer loop
      vertex 7.44904 13.7118 2
      vertex 7.36738 14.1223 7.5
      vertex 7.36738 14.1223 2
    endloop
  endfacet
  facet normal -0.980782 -0.195105 0
    outer loop
      vertex 7.36738 14.1223 7.5
      vertex 7.44904 13.7118 2
      vertex 7.44904 13.7118 7.5
    endloop
  endfacet
  facet normal -0.442228 0.896903 0
    outer loop
      vertex 9.31541 17.4964 2
      vertex 8.94 17.3113 7.5
      vertex 9.31541 17.4964 7.5
    endloop
  endfacet
  facet normal -0.442228 0.896903 0
    outer loop
      vertex 8.94 17.3113 7.5
      vertex 9.31541 17.4964 2
      vertex 8.94 17.3113 2
    endloop
  endfacet
  facet normal 0.321526 0.946901 -0
    outer loop
      vertex 11.7646 17.4964 2
      vertex 11.3682 17.631 7.5
      vertex 11.7646 17.4964 7.5
    endloop
  endfacet
  facet normal 0.321526 0.946901 0
    outer loop
      vertex 11.3682 17.631 7.5
      vertex 11.7646 17.4964 2
      vertex 11.3682 17.631 2
    endloop
  endfacet
  facet normal -0.997859 0.0654091 0
    outer loop
      vertex 7.34 14.54 2
      vertex 7.36738 14.9577 7.5
      vertex 7.36738 14.9577 2
    endloop
  endfacet
  facet normal -0.997859 0.0654091 0
    outer loop
      vertex 7.36738 14.9577 7.5
      vertex 7.34 14.54 2
      vertex 7.34 14.54 7.5
    endloop
  endfacet
  facet normal -0.946944 0.321397 0
    outer loop
      vertex 7.44904 15.3682 2
      vertex 7.58358 15.7646 7.5
      vertex 7.58358 15.7646 2
    endloop
  endfacet
  facet normal -0.946944 0.321397 0
    outer loop
      vertex 7.58358 15.7646 7.5
      vertex 7.44904 15.3682 2
      vertex 7.44904 15.3682 7.5
    endloop
  endfacet
  facet normal -0.321548 -0.946893 0
    outer loop
      vertex 9.31541 11.5836 2
      vertex 9.71178 11.449 7.5
      vertex 9.31541 11.5836 7.5
    endloop
  endfacet
  facet normal -0.321548 -0.946893 -0
    outer loop
      vertex 9.71178 11.449 7.5
      vertex 9.31541 11.5836 2
      vertex 9.71178 11.449 2
    endloop
  endfacet
  facet normal -0.442228 -0.896903 0
    outer loop
      vertex 8.94 11.7687 2
      vertex 9.31541 11.5836 7.5
      vertex 8.94 11.7687 7.5
    endloop
  endfacet
  facet normal -0.442228 -0.896903 -0
    outer loop
      vertex 9.31541 11.5836 7.5
      vertex 8.94 11.7687 2
      vertex 9.31541 11.5836 2
    endloop
  endfacet
  facet normal -0.555648 -0.831418 0
    outer loop
      vertex 8.59196 12.0013 2
      vertex 8.94 11.7687 7.5
      vertex 8.59196 12.0013 7.5
    endloop
  endfacet
  facet normal -0.555648 -0.831418 -0
    outer loop
      vertex 8.94 11.7687 7.5
      vertex 8.59196 12.0013 2
      vertex 8.94 11.7687 2
    endloop
  endfacet
  facet normal -0.89686 -0.442314 0
    outer loop
      vertex 7.76872 12.94 2
      vertex 7.58358 13.3154 7.5
      vertex 7.58358 13.3154 2
    endloop
  endfacet
  facet normal -0.89686 -0.442314 0
    outer loop
      vertex 7.58358 13.3154 7.5
      vertex 7.76872 12.94 2
      vertex 7.76872 12.94 7.5
    endloop
  endfacet
  facet normal -0.321548 -0.946893 0
    outer loop
      vertex 9.31541 59.0816 2
      vertex 9.71178 58.947 7.5
      vertex 9.31541 59.0816 7.5
    endloop
  endfacet
  facet normal -0.321548 -0.946893 -0
    outer loop
      vertex 9.71178 58.947 7.5
      vertex 9.31541 59.0816 2
      vertex 9.71178 58.947 2
    endloop
  endfacet
  facet normal 0.98081 0.194967 0
    outer loop
      vertex 13.7126 62.4557 7.5
      vertex 13.631 62.8662 2
      vertex 13.631 62.8662 7.5
    endloop
  endfacet
  facet normal 0.98081 0.194967 0
    outer loop
      vertex 13.631 62.8662 2
      vertex 13.7126 62.4557 7.5
      vertex 13.7126 62.4557 2
    endloop
  endfacet
  facet normal 0.997855 0.0654566 0
    outer loop
      vertex 13.74 62.038 7.5
      vertex 13.7126 62.4557 2
      vertex 13.7126 62.4557 7.5
    endloop
  endfacet
  facet normal 0.997855 0.0654566 0
    outer loop
      vertex 13.7126 62.4557 2
      vertex 13.74 62.038 7.5
      vertex 13.74 62.038 2
    endloop
  endfacet
  facet normal 0.896898 -0.442237 0
    outer loop
      vertex 13.3113 60.438 7.5
      vertex 13.4964 60.8134 2
      vertex 13.4964 60.8134 7.5
    endloop
  endfacet
  facet normal 0.896898 -0.442237 0
    outer loop
      vertex 13.4964 60.8134 2
      vertex 13.3113 60.438 7.5
      vertex 13.3113 60.438 2
    endloop
  endfacet
  facet normal -0.194958 0.980812 0
    outer loop
      vertex 10.1223 65.2106 2
      vertex 9.71178 65.129 7.5
      vertex 10.1223 65.2106 7.5
    endloop
  endfacet
  facet normal -0.194958 0.980812 0
    outer loop
      vertex 9.71178 65.129 7.5
      vertex 10.1223 65.2106 2
      vertex 9.71178 65.129 2
    endloop
  endfacet
  facet normal 0.751821 0.659367 0
    outer loop
      vertex 13.0787 63.986 7.5
      vertex 12.8027 64.3007 2
      vertex 12.8027 64.3007 7.5
    endloop
  endfacet
  facet normal 0.751821 0.659367 0
    outer loop
      vertex 12.8027 64.3007 2
      vertex 13.0787 63.986 7.5
      vertex 13.0787 63.986 2
    endloop
  endfacet
  facet normal 0.194967 -0.98081 0
    outer loop
      vertex 10.9577 58.8654 2
      vertex 11.3682 58.947 7.5
      vertex 10.9577 58.8654 7.5
    endloop
  endfacet
  facet normal 0.194967 -0.98081 0
    outer loop
      vertex 11.3682 58.947 7.5
      vertex 10.9577 58.8654 2
      vertex 11.3682 58.947 2
    endloop
  endfacet
  facet normal -0.659367 -0.751821 0
    outer loop
      vertex 8.27726 59.7753 2
      vertex 8.59196 59.4993 7.5
      vertex 8.27726 59.7753 7.5
    endloop
  endfacet
  facet normal -0.659367 -0.751821 -0
    outer loop
      vertex 8.59196 59.4993 7.5
      vertex 8.27726 59.7753 2
      vertex 8.59196 59.4993 2
    endloop
  endfacet
  facet normal -0.980782 -0.195105 0
    outer loop
      vertex 7.44904 61.2098 2
      vertex 7.36738 61.6203 7.5
      vertex 7.36738 61.6203 2
    endloop
  endfacet
  facet normal -0.980782 -0.195105 0
    outer loop
      vertex 7.36738 61.6203 7.5
      vertex 7.44904 61.2098 2
      vertex 7.44904 61.2098 7.5
    endloop
  endfacet
  facet normal 0.831388 0.555692 0
    outer loop
      vertex 13.3113 63.638 7.5
      vertex 13.0787 63.986 2
      vertex 13.0787 63.986 7.5
    endloop
  endfacet
  facet normal 0.831388 0.555692 0
    outer loop
      vertex 13.0787 63.986 2
      vertex 13.3113 63.638 7.5
      vertex 13.3113 63.638 2
    endloop
  endfacet
  facet normal -0.997859 -0.0654091 0
    outer loop
      vertex 7.36738 61.6203 2
      vertex 7.34 62.038 7.5
      vertex 7.34 62.038 2
    endloop
  endfacet
  facet normal -0.997859 -0.0654091 0
    outer loop
      vertex 7.34 62.038 7.5
      vertex 7.36738 61.6203 2
      vertex 7.36738 61.6203 7.5
    endloop
  endfacet
  facet normal -0.555648 0.831418 0
    outer loop
      vertex 8.94 64.8093 2
      vertex 8.59196 64.5767 7.5
      vertex 8.94 64.8093 7.5
    endloop
  endfacet
  facet normal -0.555648 0.831418 0
    outer loop
      vertex 8.59196 64.5767 7.5
      vertex 8.94 64.8093 2
      vertex 8.59196 64.5767 2
    endloop
  endfacet
  facet normal 0.442237 -0.896898 0
    outer loop
      vertex 11.7646 59.0816 2
      vertex 12.14 59.2667 7.5
      vertex 11.7646 59.0816 7.5
    endloop
  endfacet
  facet normal 0.442237 -0.896898 0
    outer loop
      vertex 12.14 59.2667 7.5
      vertex 11.7646 59.0816 2
      vertex 12.14 59.2667 2
    endloop
  endfacet
  facet normal 0.831388 -0.555692 0
    outer loop
      vertex 13.0787 60.09 7.5
      vertex 13.3113 60.438 2
      vertex 13.3113 60.438 7.5
    endloop
  endfacet
  facet normal 0.831388 -0.555692 0
    outer loop
      vertex 13.3113 60.438 2
      vertex 13.0787 60.09 7.5
      vertex 13.0787 60.09 2
    endloop
  endfacet
  facet normal 0.751821 -0.659367 0
    outer loop
      vertex 12.8027 59.7753 7.5
      vertex 13.0787 60.09 2
      vertex 13.0787 60.09 7.5
    endloop
  endfacet
  facet normal 0.751821 -0.659367 0
    outer loop
      vertex 13.0787 60.09 2
      vertex 12.8027 59.7753 7.5
      vertex 12.8027 59.7753 2
    endloop
  endfacet
  facet normal -0.946944 0.321397 0
    outer loop
      vertex 7.44904 62.8662 2
      vertex 7.58358 63.2626 7.5
      vertex 7.58358 63.2626 2
    endloop
  endfacet
  facet normal -0.946944 0.321397 0
    outer loop
      vertex 7.58358 63.2626 7.5
      vertex 7.44904 62.8662 2
      vertex 7.44904 62.8662 7.5
    endloop
  endfacet
  facet normal 0.555692 -0.831388 0
    outer loop
      vertex 12.14 59.2667 2
      vertex 12.488 59.4993 7.5
      vertex 12.14 59.2667 7.5
    endloop
  endfacet
  facet normal 0.555692 -0.831388 0
    outer loop
      vertex 12.488 59.4993 7.5
      vertex 12.14 59.2667 2
      vertex 12.488 59.4993 2
    endloop
  endfacet
  facet normal -0.89686 -0.442314 0
    outer loop
      vertex 7.76872 60.438 2
      vertex 7.58358 60.8134 7.5
      vertex 7.58358 60.8134 2
    endloop
  endfacet
  facet normal -0.89686 -0.442314 0
    outer loop
      vertex 7.58358 60.8134 7.5
      vertex 7.76872 60.438 2
      vertex 7.76872 60.438 7.5
    endloop
  endfacet
  facet normal 0.321526 -0.946901 0
    outer loop
      vertex 11.3682 58.947 2
      vertex 11.7646 59.0816 7.5
      vertex 11.3682 58.947 7.5
    endloop
  endfacet
  facet normal 0.321526 -0.946901 0
    outer loop
      vertex 11.7646 59.0816 7.5
      vertex 11.3682 58.947 2
      vertex 11.7646 59.0816 2
    endloop
  endfacet
  facet normal -0.751833 -0.659353 0
    outer loop
      vertex 8.27726 59.7753 2
      vertex 8.00127 60.09 7.5
      vertex 8.00127 60.09 2
    endloop
  endfacet
  facet normal -0.751833 -0.659353 0
    outer loop
      vertex 8.00127 60.09 7.5
      vertex 8.27726 59.7753 2
      vertex 8.27726 59.7753 7.5
    endloop
  endfacet
  facet normal -0.659367 0.751821 0
    outer loop
      vertex 8.59196 64.5767 2
      vertex 8.27726 64.3007 7.5
      vertex 8.59196 64.5767 7.5
    endloop
  endfacet
  facet normal -0.659367 0.751821 0
    outer loop
      vertex 8.27726 64.3007 7.5
      vertex 8.59196 64.5767 2
      vertex 8.27726 64.3007 2
    endloop
  endfacet
  facet normal 0.946901 -0.321526 0
    outer loop
      vertex 13.4964 60.8134 7.5
      vertex 13.631 61.2098 2
      vertex 13.631 61.2098 7.5
    endloop
  endfacet
  facet normal 0.946901 -0.321526 0
    outer loop
      vertex 13.631 61.2098 2
      vertex 13.4964 60.8134 7.5
      vertex 13.4964 60.8134 2
    endloop
  endfacet
  facet normal -0.89686 0.442314 0
    outer loop
      vertex 7.58358 63.2626 2
      vertex 7.76872 63.638 7.5
      vertex 7.76872 63.638 2
    endloop
  endfacet
  facet normal -0.89686 0.442314 0
    outer loop
      vertex 7.76872 63.638 7.5
      vertex 7.58358 63.2626 2
      vertex 7.58358 63.2626 7.5
    endloop
  endfacet
  facet normal -0.194958 -0.980812 0
    outer loop
      vertex 9.71178 58.947 2
      vertex 10.1223 58.8654 7.5
      vertex 9.71178 58.947 7.5
    endloop
  endfacet
  facet normal -0.194958 -0.980812 -0
    outer loop
      vertex 10.1223 58.8654 7.5
      vertex 9.71178 58.947 2
      vertex 10.1223 58.8654 2
    endloop
  endfacet
  facet normal -0.442228 -0.896903 0
    outer loop
      vertex 8.94 59.2667 2
      vertex 9.31541 59.0816 7.5
      vertex 8.94 59.2667 7.5
    endloop
  endfacet
  facet normal -0.442228 -0.896903 -0
    outer loop
      vertex 9.31541 59.0816 7.5
      vertex 8.94 59.2667 2
      vertex 9.31541 59.0816 2
    endloop
  endfacet
  facet normal -0.980782 0.195105 0
    outer loop
      vertex 7.36738 62.4557 2
      vertex 7.44904 62.8662 7.5
      vertex 7.44904 62.8662 2
    endloop
  endfacet
  facet normal -0.980782 0.195105 0
    outer loop
      vertex 7.44904 62.8662 7.5
      vertex 7.36738 62.4557 2
      vertex 7.36738 62.4557 7.5
    endloop
  endfacet
  facet normal 0.0654566 -0.997855 0
    outer loop
      vertex 10.54 58.838 2
      vertex 10.9577 58.8654 7.5
      vertex 10.54 58.838 7.5
    endloop
  endfacet
  facet normal 0.0654566 -0.997855 0
    outer loop
      vertex 10.9577 58.8654 7.5
      vertex 10.54 58.838 2
      vertex 10.9577 58.8654 2
    endloop
  endfacet
  facet normal 0.659367 0.751821 -0
    outer loop
      vertex 12.8027 64.3007 2
      vertex 12.488 64.5767 7.5
      vertex 12.8027 64.3007 7.5
    endloop
  endfacet
  facet normal 0.659367 0.751821 0
    outer loop
      vertex 12.488 64.5767 7.5
      vertex 12.8027 64.3007 2
      vertex 12.488 64.5767 2
    endloop
  endfacet
  facet normal 0.997855 -0.0654566 0
    outer loop
      vertex 13.7126 61.6203 7.5
      vertex 13.74 62.038 2
      vertex 13.74 62.038 7.5
    endloop
  endfacet
  facet normal 0.997855 -0.0654566 0
    outer loop
      vertex 13.74 62.038 2
      vertex 13.7126 61.6203 7.5
      vertex 13.7126 61.6203 2
    endloop
  endfacet
  facet normal -0.321548 0.946893 0
    outer loop
      vertex 9.71178 65.129 2
      vertex 9.31541 64.9944 7.5
      vertex 9.71178 65.129 7.5
    endloop
  endfacet
  facet normal -0.321548 0.946893 0
    outer loop
      vertex 9.31541 64.9944 7.5
      vertex 9.71178 65.129 2
      vertex 9.31541 64.9944 2
    endloop
  endfacet
  facet normal -0.997859 0.0654091 0
    outer loop
      vertex 7.34 62.038 2
      vertex 7.36738 62.4557 7.5
      vertex 7.36738 62.4557 2
    endloop
  endfacet
  facet normal -0.997859 0.0654091 0
    outer loop
      vertex 7.36738 62.4557 7.5
      vertex 7.34 62.038 2
      vertex 7.34 62.038 7.5
    endloop
  endfacet
  facet normal 0.98081 -0.194967 0
    outer loop
      vertex 13.631 61.2098 7.5
      vertex 13.7126 61.6203 2
      vertex 13.7126 61.6203 7.5
    endloop
  endfacet
  facet normal 0.98081 -0.194967 0
    outer loop
      vertex 13.7126 61.6203 2
      vertex 13.631 61.2098 7.5
      vertex 13.631 61.2098 2
    endloop
  endfacet
  facet normal 0.555692 0.831388 -0
    outer loop
      vertex 12.488 64.5767 2
      vertex 12.14 64.8093 7.5
      vertex 12.488 64.5767 7.5
    endloop
  endfacet
  facet normal 0.555692 0.831388 0
    outer loop
      vertex 12.14 64.8093 7.5
      vertex 12.488 64.5767 2
      vertex 12.14 64.8093 2
    endloop
  endfacet
  facet normal 0.896898 0.442237 0
    outer loop
      vertex 13.4964 63.2626 7.5
      vertex 13.3113 63.638 2
      vertex 13.3113 63.638 7.5
    endloop
  endfacet
  facet normal 0.896898 0.442237 0
    outer loop
      vertex 13.3113 63.638 2
      vertex 13.4964 63.2626 7.5
      vertex 13.4964 63.2626 2
    endloop
  endfacet
  facet normal 0.442237 0.896898 -0
    outer loop
      vertex 12.14 64.8093 2
      vertex 11.7646 64.9944 7.5
      vertex 12.14 64.8093 7.5
    endloop
  endfacet
  facet normal 0.442237 0.896898 0
    outer loop
      vertex 11.7646 64.9944 7.5
      vertex 12.14 64.8093 2
      vertex 11.7646 64.9944 2
    endloop
  endfacet
  facet normal 0.321526 0.946901 -0
    outer loop
      vertex 11.7646 64.9944 2
      vertex 11.3682 65.129 7.5
      vertex 11.7646 64.9944 7.5
    endloop
  endfacet
  facet normal 0.321526 0.946901 0
    outer loop
      vertex 11.3682 65.129 7.5
      vertex 11.7646 64.9944 2
      vertex 11.3682 65.129 2
    endloop
  endfacet
  facet normal -0.831443 -0.55561 0
    outer loop
      vertex 8.00127 60.09 2
      vertex 7.76872 60.438 7.5
      vertex 7.76872 60.438 2
    endloop
  endfacet
  facet normal -0.831443 -0.55561 0
    outer loop
      vertex 7.76872 60.438 7.5
      vertex 8.00127 60.09 2
      vertex 8.00127 60.09 7.5
    endloop
  endfacet
  facet normal -0.0654566 -0.997855 0
    outer loop
      vertex 10.1223 58.8654 2
      vertex 10.54 58.838 7.5
      vertex 10.1223 58.8654 7.5
    endloop
  endfacet
  facet normal -0.0654566 -0.997855 -0
    outer loop
      vertex 10.54 58.838 7.5
      vertex 10.1223 58.8654 2
      vertex 10.54 58.838 2
    endloop
  endfacet
  facet normal -0.831443 0.55561 0
    outer loop
      vertex 7.76872 63.638 2
      vertex 8.00127 63.986 7.5
      vertex 8.00127 63.986 2
    endloop
  endfacet
  facet normal -0.831443 0.55561 0
    outer loop
      vertex 8.00127 63.986 7.5
      vertex 7.76872 63.638 2
      vertex 7.76872 63.638 7.5
    endloop
  endfacet
  facet normal -0.751833 0.659353 0
    outer loop
      vertex 8.00127 63.986 2
      vertex 8.27726 64.3007 7.5
      vertex 8.27726 64.3007 2
    endloop
  endfacet
  facet normal -0.751833 0.659353 0
    outer loop
      vertex 8.27726 64.3007 7.5
      vertex 8.00127 63.986 2
      vertex 8.00127 63.986 7.5
    endloop
  endfacet
  facet normal 0.946901 0.321526 0
    outer loop
      vertex 13.631 62.8662 7.5
      vertex 13.4964 63.2626 2
      vertex 13.4964 63.2626 7.5
    endloop
  endfacet
  facet normal 0.946901 0.321526 0
    outer loop
      vertex 13.4964 63.2626 2
      vertex 13.631 62.8662 7.5
      vertex 13.631 62.8662 2
    endloop
  endfacet
  facet normal -0.0654566 0.997855 0
    outer loop
      vertex 10.54 65.238 2
      vertex 10.1223 65.2106 7.5
      vertex 10.54 65.238 7.5
    endloop
  endfacet
  facet normal -0.0654566 0.997855 0
    outer loop
      vertex 10.1223 65.2106 7.5
      vertex 10.54 65.238 2
      vertex 10.1223 65.2106 2
    endloop
  endfacet
  facet normal -0.946944 -0.321397 0
    outer loop
      vertex 7.58358 60.8134 2
      vertex 7.44904 61.2098 7.5
      vertex 7.44904 61.2098 2
    endloop
  endfacet
  facet normal -0.946944 -0.321397 0
    outer loop
      vertex 7.44904 61.2098 7.5
      vertex 7.58358 60.8134 2
      vertex 7.58358 60.8134 7.5
    endloop
  endfacet
  facet normal 0.194967 0.98081 -0
    outer loop
      vertex 11.3682 65.129 2
      vertex 10.9577 65.2106 7.5
      vertex 11.3682 65.129 7.5
    endloop
  endfacet
  facet normal 0.194967 0.98081 0
    outer loop
      vertex 10.9577 65.2106 7.5
      vertex 11.3682 65.129 2
      vertex 10.9577 65.2106 2
    endloop
  endfacet
  facet normal 0.0654566 0.997855 -0
    outer loop
      vertex 10.9577 65.2106 2
      vertex 10.54 65.238 7.5
      vertex 10.9577 65.2106 7.5
    endloop
  endfacet
  facet normal 0.0654566 0.997855 0
    outer loop
      vertex 10.54 65.238 7.5
      vertex 10.9577 65.2106 2
      vertex 10.54 65.238 2
    endloop
  endfacet
  facet normal -0.442228 0.896903 0
    outer loop
      vertex 9.31541 64.9944 2
      vertex 8.94 64.8093 7.5
      vertex 9.31541 64.9944 7.5
    endloop
  endfacet
  facet normal -0.442228 0.896903 0
    outer loop
      vertex 8.94 64.8093 7.5
      vertex 9.31541 64.9944 2
      vertex 8.94 64.8093 2
    endloop
  endfacet
  facet normal -0.555648 -0.831418 0
    outer loop
      vertex 8.59196 59.4993 2
      vertex 8.94 59.2667 7.5
      vertex 8.59196 59.4993 7.5
    endloop
  endfacet
  facet normal -0.555648 -0.831418 -0
    outer loop
      vertex 8.94 59.2667 7.5
      vertex 8.59196 59.4993 2
      vertex 8.94 59.2667 2
    endloop
  endfacet
  facet normal 0.659367 -0.751821 0
    outer loop
      vertex 12.488 59.4993 2
      vertex 12.8027 59.7753 7.5
      vertex 12.488 59.4993 7.5
    endloop
  endfacet
  facet normal 0.659367 -0.751821 0
    outer loop
      vertex 12.8027 59.7753 7.5
      vertex 12.488 59.4993 2
      vertex 12.8027 59.7753 2
    endloop
  endfacet
  facet normal -0.442237 0.896898 0
    outer loop
      vertex 69.0054 17.4964 2
      vertex 68.63 17.3113 7.5
      vertex 69.0054 17.4964 7.5
    endloop
  endfacet
  facet normal -0.442237 0.896898 0
    outer loop
      vertex 68.63 17.3113 7.5
      vertex 69.0054 17.4964 2
      vertex 68.63 17.3113 2
    endloop
  endfacet
  facet normal 0.98081 0.194967 0
    outer loop
      vertex 73.4026 14.9577 7.5
      vertex 73.321 15.3682 2
      vertex 73.321 15.3682 7.5
    endloop
  endfacet
  facet normal 0.98081 0.194967 0
    outer loop
      vertex 73.321 15.3682 2
      vertex 73.4026 14.9577 7.5
      vertex 73.4026 14.9577 2
    endloop
  endfacet
  facet normal 0.997855 0.0654566 0
    outer loop
      vertex 73.43 14.54 7.5
      vertex 73.4026 14.9577 2
      vertex 73.4026 14.9577 7.5
    endloop
  endfacet
  facet normal 0.997855 0.0654566 0
    outer loop
      vertex 73.4026 14.9577 2
      vertex 73.43 14.54 7.5
      vertex 73.43 14.54 2
    endloop
  endfacet
  facet normal 0.946901 0.321526 0
    outer loop
      vertex 73.321 15.3682 7.5
      vertex 73.1864 15.7646 2
      vertex 73.1864 15.7646 7.5
    endloop
  endfacet
  facet normal 0.946901 0.321526 0
    outer loop
      vertex 73.1864 15.7646 2
      vertex 73.321 15.3682 7.5
      vertex 73.321 15.3682 2
    endloop
  endfacet
  facet normal -0.555692 0.831388 0
    outer loop
      vertex 68.63 17.3113 2
      vertex 68.282 17.0787 7.5
      vertex 68.63 17.3113 7.5
    endloop
  endfacet
  facet normal -0.555692 0.831388 0
    outer loop
      vertex 68.282 17.0787 7.5
      vertex 68.63 17.3113 2
      vertex 68.282 17.0787 2
    endloop
  endfacet
  facet normal 0.321526 0.946901 -0
    outer loop
      vertex 71.4546 17.4964 2
      vertex 71.0582 17.631 7.5
      vertex 71.4546 17.4964 7.5
    endloop
  endfacet
  facet normal 0.321526 0.946901 0
    outer loop
      vertex 71.0582 17.631 7.5
      vertex 71.4546 17.4964 2
      vertex 71.0582 17.631 2
    endloop
  endfacet
  facet normal 0.997855 -0.0654566 0
    outer loop
      vertex 73.4026 14.1223 7.5
      vertex 73.43 14.54 2
      vertex 73.43 14.54 7.5
    endloop
  endfacet
  facet normal 0.997855 -0.0654566 0
    outer loop
      vertex 73.43 14.54 2
      vertex 73.4026 14.1223 7.5
      vertex 73.4026 14.1223 2
    endloop
  endfacet
  facet normal 0.321526 -0.946901 0
    outer loop
      vertex 71.0582 11.449 2
      vertex 71.4546 11.5836 7.5
      vertex 71.0582 11.449 7.5
    endloop
  endfacet
  facet normal 0.321526 -0.946901 0
    outer loop
      vertex 71.4546 11.5836 7.5
      vertex 71.0582 11.449 2
      vertex 71.4546 11.5836 2
    endloop
  endfacet
  facet normal 0.896898 0.442237 0
    outer loop
      vertex 73.1864 15.7646 7.5
      vertex 73.0013 16.14 2
      vertex 73.0013 16.14 7.5
    endloop
  endfacet
  facet normal 0.896898 0.442237 0
    outer loop
      vertex 73.0013 16.14 2
      vertex 73.1864 15.7646 7.5
      vertex 73.1864 15.7646 2
    endloop
  endfacet
  facet normal -0.194967 0.98081 0
    outer loop
      vertex 69.8123 17.7126 2
      vertex 69.4018 17.631 7.5
      vertex 69.8123 17.7126 7.5
    endloop
  endfacet
  facet normal -0.194967 0.98081 0
    outer loop
      vertex 69.4018 17.631 7.5
      vertex 69.8123 17.7126 2
      vertex 69.4018 17.631 2
    endloop
  endfacet
  facet normal -0.896898 -0.442237 0
    outer loop
      vertex 67.4587 12.94 2
      vertex 67.2736 13.3154 7.5
      vertex 67.2736 13.3154 2
    endloop
  endfacet
  facet normal -0.896898 -0.442237 0
    outer loop
      vertex 67.2736 13.3154 7.5
      vertex 67.4587 12.94 2
      vertex 67.4587 12.94 7.5
    endloop
  endfacet
  facet normal -0.751821 -0.659367 0
    outer loop
      vertex 67.9673 12.2773 2
      vertex 67.6913 12.592 7.5
      vertex 67.6913 12.592 2
    endloop
  endfacet
  facet normal -0.751821 -0.659367 0
    outer loop
      vertex 67.6913 12.592 7.5
      vertex 67.9673 12.2773 2
      vertex 67.9673 12.2773 7.5
    endloop
  endfacet
  facet normal -0.0654566 -0.997855 0
    outer loop
      vertex 69.8123 11.3674 2
      vertex 70.23 11.34 7.5
      vertex 69.8123 11.3674 7.5
    endloop
  endfacet
  facet normal -0.0654566 -0.997855 -0
    outer loop
      vertex 70.23 11.34 7.5
      vertex 69.8123 11.3674 2
      vertex 70.23 11.34 2
    endloop
  endfacet
  facet normal 0.946901 -0.321526 0
    outer loop
      vertex 73.1864 13.3154 7.5
      vertex 73.321 13.7118 2
      vertex 73.321 13.7118 7.5
    endloop
  endfacet
  facet normal 0.946901 -0.321526 0
    outer loop
      vertex 73.321 13.7118 2
      vertex 73.1864 13.3154 7.5
      vertex 73.1864 13.3154 2
    endloop
  endfacet
  facet normal 0.659367 -0.751821 0
    outer loop
      vertex 72.178 12.0013 2
      vertex 72.4927 12.2773 7.5
      vertex 72.178 12.0013 7.5
    endloop
  endfacet
  facet normal 0.659367 -0.751821 0
    outer loop
      vertex 72.4927 12.2773 7.5
      vertex 72.178 12.0013 2
      vertex 72.4927 12.2773 2
    endloop
  endfacet
  facet normal -0.751821 0.659367 0
    outer loop
      vertex 67.6913 16.488 2
      vertex 67.9673 16.8027 7.5
      vertex 67.9673 16.8027 2
    endloop
  endfacet
  facet normal -0.751821 0.659367 0
    outer loop
      vertex 67.9673 16.8027 7.5
      vertex 67.6913 16.488 2
      vertex 67.6913 16.488 7.5
    endloop
  endfacet
  facet normal -0.98081 -0.194967 0
    outer loop
      vertex 67.139 13.7118 2
      vertex 67.0574 14.1223 7.5
      vertex 67.0574 14.1223 2
    endloop
  endfacet
  facet normal -0.98081 -0.194967 0
    outer loop
      vertex 67.0574 14.1223 7.5
      vertex 67.139 13.7118 2
      vertex 67.139 13.7118 7.5
    endloop
  endfacet
  facet normal 0.751821 -0.659367 0
    outer loop
      vertex 72.4927 12.2773 7.5
      vertex 72.7687 12.592 2
      vertex 72.7687 12.592 7.5
    endloop
  endfacet
  facet normal 0.751821 -0.659367 0
    outer loop
      vertex 72.7687 12.592 2
      vertex 72.4927 12.2773 7.5
      vertex 72.4927 12.2773 2
    endloop
  endfacet
  facet normal 0.896898 -0.442237 0
    outer loop
      vertex 73.0013 12.94 7.5
      vertex 73.1864 13.3154 2
      vertex 73.1864 13.3154 7.5
    endloop
  endfacet
  facet normal 0.896898 -0.442237 0
    outer loop
      vertex 73.1864 13.3154 2
      vertex 73.0013 12.94 7.5
      vertex 73.0013 12.94 2
    endloop
  endfacet
  facet normal -0.831388 -0.555692 0
    outer loop
      vertex 67.6913 12.592 2
      vertex 67.4587 12.94 7.5
      vertex 67.4587 12.94 2
    endloop
  endfacet
  facet normal -0.831388 -0.555692 0
    outer loop
      vertex 67.4587 12.94 7.5
      vertex 67.6913 12.592 2
      vertex 67.6913 12.592 7.5
    endloop
  endfacet
  facet normal -0.946901 -0.321526 0
    outer loop
      vertex 67.2736 13.3154 2
      vertex 67.139 13.7118 7.5
      vertex 67.139 13.7118 2
    endloop
  endfacet
  facet normal -0.946901 -0.321526 0
    outer loop
      vertex 67.139 13.7118 7.5
      vertex 67.2736 13.3154 2
      vertex 67.2736 13.3154 7.5
    endloop
  endfacet
  facet normal 0.194967 -0.98081 0
    outer loop
      vertex 70.6477 11.3674 2
      vertex 71.0582 11.449 7.5
      vertex 70.6477 11.3674 7.5
    endloop
  endfacet
  facet normal 0.194967 -0.98081 0
    outer loop
      vertex 71.0582 11.449 7.5
      vertex 70.6477 11.3674 2
      vertex 71.0582 11.449 2
    endloop
  endfacet
  facet normal 0.555692 0.831388 -0
    outer loop
      vertex 72.178 17.0787 2
      vertex 71.83 17.3113 7.5
      vertex 72.178 17.0787 7.5
    endloop
  endfacet
  facet normal 0.555692 0.831388 0
    outer loop
      vertex 71.83 17.3113 7.5
      vertex 72.178 17.0787 2
      vertex 71.83 17.3113 2
    endloop
  endfacet
  facet normal 0.751821 0.659367 0
    outer loop
      vertex 72.7687 16.488 7.5
      vertex 72.4927 16.8027 2
      vertex 72.4927 16.8027 7.5
    endloop
  endfacet
  facet normal 0.751821 0.659367 0
    outer loop
      vertex 72.4927 16.8027 2
      vertex 72.7687 16.488 7.5
      vertex 72.7687 16.488 2
    endloop
  endfacet
  facet normal 0.659367 0.751821 -0
    outer loop
      vertex 72.4927 16.8027 2
      vertex 72.178 17.0787 7.5
      vertex 72.4927 16.8027 7.5
    endloop
  endfacet
  facet normal 0.659367 0.751821 0
    outer loop
      vertex 72.178 17.0787 7.5
      vertex 72.4927 16.8027 2
      vertex 72.178 17.0787 2
    endloop
  endfacet
  facet normal -0.831388 0.555692 0
    outer loop
      vertex 67.4587 16.14 2
      vertex 67.6913 16.488 7.5
      vertex 67.6913 16.488 2
    endloop
  endfacet
  facet normal -0.831388 0.555692 0
    outer loop
      vertex 67.6913 16.488 7.5
      vertex 67.4587 16.14 2
      vertex 67.4587 16.14 7.5
    endloop
  endfacet
  facet normal 0.442237 0.896898 -0
    outer loop
      vertex 71.83 17.3113 2
      vertex 71.4546 17.4964 7.5
      vertex 71.83 17.3113 7.5
    endloop
  endfacet
  facet normal 0.442237 0.896898 0
    outer loop
      vertex 71.4546 17.4964 7.5
      vertex 71.83 17.3113 2
      vertex 71.4546 17.4964 2
    endloop
  endfacet
  facet normal -0.997855 0.0654566 0
    outer loop
      vertex 67.03 14.54 2
      vertex 67.0574 14.9577 7.5
      vertex 67.0574 14.9577 2
    endloop
  endfacet
  facet normal -0.997855 0.0654566 0
    outer loop
      vertex 67.0574 14.9577 7.5
      vertex 67.03 14.54 2
      vertex 67.03 14.54 7.5
    endloop
  endfacet
  facet normal 0.831388 0.555692 0
    outer loop
      vertex 73.0013 16.14 7.5
      vertex 72.7687 16.488 2
      vertex 72.7687 16.488 7.5
    endloop
  endfacet
  facet normal 0.831388 0.555692 0
    outer loop
      vertex 72.7687 16.488 2
      vertex 73.0013 16.14 7.5
      vertex 73.0013 16.14 2
    endloop
  endfacet
  facet normal -0.0654566 0.997855 0
    outer loop
      vertex 70.23 17.74 2
      vertex 69.8123 17.7126 7.5
      vertex 70.23 17.74 7.5
    endloop
  endfacet
  facet normal -0.0654566 0.997855 0
    outer loop
      vertex 69.8123 17.7126 7.5
      vertex 70.23 17.74 2
      vertex 69.8123 17.7126 2
    endloop
  endfacet
  facet normal 0.194967 0.98081 -0
    outer loop
      vertex 71.0582 17.631 2
      vertex 70.6477 17.7126 7.5
      vertex 71.0582 17.631 7.5
    endloop
  endfacet
  facet normal 0.194967 0.98081 0
    outer loop
      vertex 70.6477 17.7126 7.5
      vertex 71.0582 17.631 2
      vertex 70.6477 17.7126 2
    endloop
  endfacet
  facet normal 0.831388 -0.555692 0
    outer loop
      vertex 72.7687 12.592 7.5
      vertex 73.0013 12.94 2
      vertex 73.0013 12.94 7.5
    endloop
  endfacet
  facet normal 0.831388 -0.555692 0
    outer loop
      vertex 73.0013 12.94 2
      vertex 72.7687 12.592 7.5
      vertex 72.7687 12.592 2
    endloop
  endfacet
  facet normal -0.98081 0.194967 0
    outer loop
      vertex 67.0574 14.9577 2
      vertex 67.139 15.3682 7.5
      vertex 67.139 15.3682 2
    endloop
  endfacet
  facet normal -0.98081 0.194967 0
    outer loop
      vertex 67.139 15.3682 7.5
      vertex 67.0574 14.9577 2
      vertex 67.0574 14.9577 7.5
    endloop
  endfacet
  facet normal -0.555692 -0.831388 0
    outer loop
      vertex 68.282 12.0013 2
      vertex 68.63 11.7687 7.5
      vertex 68.282 12.0013 7.5
    endloop
  endfacet
  facet normal -0.555692 -0.831388 -0
    outer loop
      vertex 68.63 11.7687 7.5
      vertex 68.282 12.0013 2
      vertex 68.63 11.7687 2
    endloop
  endfacet
  facet normal 0.0654566 -0.997855 0
    outer loop
      vertex 70.23 11.34 2
      vertex 70.6477 11.3674 7.5
      vertex 70.23 11.34 7.5
    endloop
  endfacet
  facet normal 0.0654566 -0.997855 0
    outer loop
      vertex 70.6477 11.3674 7.5
      vertex 70.23 11.34 2
      vertex 70.6477 11.3674 2
    endloop
  endfacet
  facet normal -0.997855 -0.0654566 0
    outer loop
      vertex 67.0574 14.1223 2
      vertex 67.03 14.54 7.5
      vertex 67.03 14.54 2
    endloop
  endfacet
  facet normal -0.997855 -0.0654566 0
    outer loop
      vertex 67.03 14.54 7.5
      vertex 67.0574 14.1223 2
      vertex 67.0574 14.1223 7.5
    endloop
  endfacet
  facet normal -0.321526 -0.946901 0
    outer loop
      vertex 69.0054 11.5836 2
      vertex 69.4018 11.449 7.5
      vertex 69.0054 11.5836 7.5
    endloop
  endfacet
  facet normal -0.321526 -0.946901 -0
    outer loop
      vertex 69.4018 11.449 7.5
      vertex 69.0054 11.5836 2
      vertex 69.4018 11.449 2
    endloop
  endfacet
  facet normal 0.442237 -0.896898 0
    outer loop
      vertex 71.4546 11.5836 2
      vertex 71.83 11.7687 7.5
      vertex 71.4546 11.5836 7.5
    endloop
  endfacet
  facet normal 0.442237 -0.896898 0
    outer loop
      vertex 71.83 11.7687 7.5
      vertex 71.4546 11.5836 2
      vertex 71.83 11.7687 2
    endloop
  endfacet
  facet normal 0.98081 -0.194967 0
    outer loop
      vertex 73.321 13.7118 7.5
      vertex 73.4026 14.1223 2
      vertex 73.4026 14.1223 7.5
    endloop
  endfacet
  facet normal 0.98081 -0.194967 0
    outer loop
      vertex 73.4026 14.1223 2
      vertex 73.321 13.7118 7.5
      vertex 73.321 13.7118 2
    endloop
  endfacet
  facet normal 0.0654566 0.997855 -0
    outer loop
      vertex 70.6477 17.7126 2
      vertex 70.23 17.74 7.5
      vertex 70.6477 17.7126 7.5
    endloop
  endfacet
  facet normal 0.0654566 0.997855 0
    outer loop
      vertex 70.23 17.74 7.5
      vertex 70.6477 17.7126 2
      vertex 70.23 17.74 2
    endloop
  endfacet
  facet normal 0.555692 -0.831388 0
    outer loop
      vertex 71.83 11.7687 2
      vertex 72.178 12.0013 7.5
      vertex 71.83 11.7687 7.5
    endloop
  endfacet
  facet normal 0.555692 -0.831388 0
    outer loop
      vertex 72.178 12.0013 7.5
      vertex 71.83 11.7687 2
      vertex 72.178 12.0013 2
    endloop
  endfacet
  facet normal -0.442237 -0.896898 0
    outer loop
      vertex 68.63 11.7687 2
      vertex 69.0054 11.5836 7.5
      vertex 68.63 11.7687 7.5
    endloop
  endfacet
  facet normal -0.442237 -0.896898 -0
    outer loop
      vertex 69.0054 11.5836 7.5
      vertex 68.63 11.7687 2
      vertex 69.0054 11.5836 2
    endloop
  endfacet
  facet normal -0.946901 0.321526 0
    outer loop
      vertex 67.139 15.3682 2
      vertex 67.2736 15.7646 7.5
      vertex 67.2736 15.7646 2
    endloop
  endfacet
  facet normal -0.946901 0.321526 0
    outer loop
      vertex 67.2736 15.7646 7.5
      vertex 67.139 15.3682 2
      vertex 67.139 15.3682 7.5
    endloop
  endfacet
  facet normal -0.321526 0.946901 0
    outer loop
      vertex 69.4018 17.631 2
      vertex 69.0054 17.4964 7.5
      vertex 69.4018 17.631 7.5
    endloop
  endfacet
  facet normal -0.321526 0.946901 0
    outer loop
      vertex 69.0054 17.4964 7.5
      vertex 69.4018 17.631 2
      vertex 69.0054 17.4964 2
    endloop
  endfacet
  facet normal -0.659367 0.751821 0
    outer loop
      vertex 68.282 17.0787 2
      vertex 67.9673 16.8027 7.5
      vertex 68.282 17.0787 7.5
    endloop
  endfacet
  facet normal -0.659367 0.751821 0
    outer loop
      vertex 67.9673 16.8027 7.5
      vertex 68.282 17.0787 2
      vertex 67.9673 16.8027 2
    endloop
  endfacet
  facet normal -0.896898 0.442237 0
    outer loop
      vertex 67.2736 15.7646 2
      vertex 67.4587 16.14 7.5
      vertex 67.4587 16.14 2
    endloop
  endfacet
  facet normal -0.896898 0.442237 0
    outer loop
      vertex 67.4587 16.14 7.5
      vertex 67.2736 15.7646 2
      vertex 67.2736 15.7646 7.5
    endloop
  endfacet
  facet normal -0.194967 -0.98081 0
    outer loop
      vertex 69.4018 11.449 2
      vertex 69.8123 11.3674 7.5
      vertex 69.4018 11.449 7.5
    endloop
  endfacet
  facet normal -0.194967 -0.98081 -0
    outer loop
      vertex 69.8123 11.3674 7.5
      vertex 69.4018 11.449 2
      vertex 69.8123 11.3674 2
    endloop
  endfacet
  facet normal -0.659367 -0.751821 0
    outer loop
      vertex 67.9673 12.2773 2
      vertex 68.282 12.0013 7.5
      vertex 67.9673 12.2773 7.5
    endloop
  endfacet
  facet normal -0.659367 -0.751821 -0
    outer loop
      vertex 68.282 12.0013 7.5
      vertex 67.9673 12.2773 2
      vertex 68.282 12.0013 2
    endloop
  endfacet
  facet normal 0.831388 0.555692 0
    outer loop
      vertex 73.0013 63.638 7.5
      vertex 72.7687 63.986 2
      vertex 72.7687 63.986 7.5
    endloop
  endfacet
  facet normal 0.831388 0.555692 0
    outer loop
      vertex 72.7687 63.986 2
      vertex 73.0013 63.638 7.5
      vertex 73.0013 63.638 2
    endloop
  endfacet
  facet normal 0.831388 -0.555692 0
    outer loop
      vertex 72.7687 60.09 7.5
      vertex 73.0013 60.438 2
      vertex 73.0013 60.438 7.5
    endloop
  endfacet
  facet normal 0.831388 -0.555692 0
    outer loop
      vertex 73.0013 60.438 2
      vertex 72.7687 60.09 7.5
      vertex 72.7687 60.09 2
    endloop
  endfacet
  facet normal 0.751821 0.659367 0
    outer loop
      vertex 72.7687 63.986 7.5
      vertex 72.4927 64.3007 2
      vertex 72.4927 64.3007 7.5
    endloop
  endfacet
  facet normal 0.751821 0.659367 0
    outer loop
      vertex 72.4927 64.3007 2
      vertex 72.7687 63.986 7.5
      vertex 72.7687 63.986 2
    endloop
  endfacet
  facet normal 0.0654566 -0.997855 0
    outer loop
      vertex 70.23 58.838 2
      vertex 70.6477 58.8654 7.5
      vertex 70.23 58.838 7.5
    endloop
  endfacet
  facet normal 0.0654566 -0.997855 0
    outer loop
      vertex 70.6477 58.8654 7.5
      vertex 70.23 58.838 2
      vertex 70.6477 58.8654 2
    endloop
  endfacet
  facet normal 0.659367 0.751821 -0
    outer loop
      vertex 72.4927 64.3007 2
      vertex 72.178 64.5767 7.5
      vertex 72.4927 64.3007 7.5
    endloop
  endfacet
  facet normal 0.659367 0.751821 0
    outer loop
      vertex 72.178 64.5767 7.5
      vertex 72.4927 64.3007 2
      vertex 72.178 64.5767 2
    endloop
  endfacet
  facet normal -0.98081 -0.194967 0
    outer loop
      vertex 67.139 61.2098 2
      vertex 67.0574 61.6203 7.5
      vertex 67.0574 61.6203 2
    endloop
  endfacet
  facet normal -0.98081 -0.194967 0
    outer loop
      vertex 67.0574 61.6203 7.5
      vertex 67.139 61.2098 2
      vertex 67.139 61.2098 7.5
    endloop
  endfacet
  facet normal -0.997855 -0.0654566 0
    outer loop
      vertex 67.0574 61.6203 2
      vertex 67.03 62.038 7.5
      vertex 67.03 62.038 2
    endloop
  endfacet
  facet normal -0.997855 -0.0654566 0
    outer loop
      vertex 67.03 62.038 7.5
      vertex 67.0574 61.6203 2
      vertex 67.0574 61.6203 7.5
    endloop
  endfacet
  facet normal 0.896898 0.442237 0
    outer loop
      vertex 73.1864 63.2626 7.5
      vertex 73.0013 63.638 2
      vertex 73.0013 63.638 7.5
    endloop
  endfacet
  facet normal 0.896898 0.442237 0
    outer loop
      vertex 73.0013 63.638 2
      vertex 73.1864 63.2626 7.5
      vertex 73.1864 63.2626 2
    endloop
  endfacet
  facet normal -0.896898 0.442237 0
    outer loop
      vertex 67.2736 63.2626 2
      vertex 67.4587 63.638 7.5
      vertex 67.4587 63.638 2
    endloop
  endfacet
  facet normal -0.896898 0.442237 0
    outer loop
      vertex 67.4587 63.638 7.5
      vertex 67.2736 63.2626 2
      vertex 67.2736 63.2626 7.5
    endloop
  endfacet
  facet normal -0.946901 -0.321526 0
    outer loop
      vertex 67.2736 60.8134 2
      vertex 67.139 61.2098 7.5
      vertex 67.139 61.2098 2
    endloop
  endfacet
  facet normal -0.946901 -0.321526 0
    outer loop
      vertex 67.139 61.2098 7.5
      vertex 67.2736 60.8134 2
      vertex 67.2736 60.8134 7.5
    endloop
  endfacet
  facet normal -0.831388 0.555692 0
    outer loop
      vertex 67.4587 63.638 2
      vertex 67.6913 63.986 7.5
      vertex 67.6913 63.986 2
    endloop
  endfacet
  facet normal -0.831388 0.555692 0
    outer loop
      vertex 67.6913 63.986 7.5
      vertex 67.4587 63.638 2
      vertex 67.4587 63.638 7.5
    endloop
  endfacet
  facet normal 0.896898 -0.442237 0
    outer loop
      vertex 73.0013 60.438 7.5
      vertex 73.1864 60.8134 2
      vertex 73.1864 60.8134 7.5
    endloop
  endfacet
  facet normal 0.896898 -0.442237 0
    outer loop
      vertex 73.1864 60.8134 2
      vertex 73.0013 60.438 7.5
      vertex 73.0013 60.438 2
    endloop
  endfacet
  facet normal -0.194967 -0.98081 0
    outer loop
      vertex 69.4018 58.947 2
      vertex 69.8123 58.8654 7.5
      vertex 69.4018 58.947 7.5
    endloop
  endfacet
  facet normal -0.194967 -0.98081 -0
    outer loop
      vertex 69.8123 58.8654 7.5
      vertex 69.4018 58.947 2
      vertex 69.8123 58.8654 2
    endloop
  endfacet
  facet normal 0.555692 -0.831388 0
    outer loop
      vertex 71.83 59.2667 2
      vertex 72.178 59.4993 7.5
      vertex 71.83 59.2667 7.5
    endloop
  endfacet
  facet normal 0.555692 -0.831388 0
    outer loop
      vertex 72.178 59.4993 7.5
      vertex 71.83 59.2667 2
      vertex 72.178 59.4993 2
    endloop
  endfacet
  facet normal -0.442237 -0.896898 0
    outer loop
      vertex 68.63 59.2667 2
      vertex 69.0054 59.0816 7.5
      vertex 68.63 59.2667 7.5
    endloop
  endfacet
  facet normal -0.442237 -0.896898 -0
    outer loop
      vertex 69.0054 59.0816 7.5
      vertex 68.63 59.2667 2
      vertex 69.0054 59.0816 2
    endloop
  endfacet
  facet normal 0.98081 0.194967 0
    outer loop
      vertex 73.4026 62.4557 7.5
      vertex 73.321 62.8662 2
      vertex 73.321 62.8662 7.5
    endloop
  endfacet
  facet normal 0.98081 0.194967 0
    outer loop
      vertex 73.321 62.8662 2
      vertex 73.4026 62.4557 7.5
      vertex 73.4026 62.4557 2
    endloop
  endfacet
  facet normal 0.997855 0.0654566 0
    outer loop
      vertex 73.43 62.038 7.5
      vertex 73.4026 62.4557 2
      vertex 73.4026 62.4557 7.5
    endloop
  endfacet
  facet normal 0.997855 0.0654566 0
    outer loop
      vertex 73.4026 62.4557 2
      vertex 73.43 62.038 7.5
      vertex 73.43 62.038 2
    endloop
  endfacet
  facet normal 0.946901 0.321526 0
    outer loop
      vertex 73.321 62.8662 7.5
      vertex 73.1864 63.2626 2
      vertex 73.1864 63.2626 7.5
    endloop
  endfacet
  facet normal 0.946901 0.321526 0
    outer loop
      vertex 73.1864 63.2626 2
      vertex 73.321 62.8662 7.5
      vertex 73.321 62.8662 2
    endloop
  endfacet
  facet normal 0.321526 0.946901 -0
    outer loop
      vertex 71.4546 64.9944 2
      vertex 71.0582 65.129 7.5
      vertex 71.4546 64.9944 7.5
    endloop
  endfacet
  facet normal 0.321526 0.946901 0
    outer loop
      vertex 71.0582 65.129 7.5
      vertex 71.4546 64.9944 2
      vertex 71.0582 65.129 2
    endloop
  endfacet
  facet normal 0.997855 -0.0654566 0
    outer loop
      vertex 73.4026 61.6203 7.5
      vertex 73.43 62.038 2
      vertex 73.43 62.038 7.5
    endloop
  endfacet
  facet normal 0.997855 -0.0654566 0
    outer loop
      vertex 73.43 62.038 2
      vertex 73.4026 61.6203 7.5
      vertex 73.4026 61.6203 2
    endloop
  endfacet
  facet normal 0.194967 -0.98081 0
    outer loop
      vertex 70.6477 58.8654 2
      vertex 71.0582 58.947 7.5
      vertex 70.6477 58.8654 7.5
    endloop
  endfacet
  facet normal 0.194967 -0.98081 0
    outer loop
      vertex 71.0582 58.947 7.5
      vertex 70.6477 58.8654 2
      vertex 71.0582 58.947 2
    endloop
  endfacet
  facet normal 0.0654566 0.997855 -0
    outer loop
      vertex 70.6477 65.2106 2
      vertex 70.23 65.238 7.5
      vertex 70.6477 65.2106 7.5
    endloop
  endfacet
  facet normal 0.0654566 0.997855 0
    outer loop
      vertex 70.23 65.238 7.5
      vertex 70.6477 65.2106 2
      vertex 70.23 65.238 2
    endloop
  endfacet
  facet normal 0.659367 -0.751821 0
    outer loop
      vertex 72.178 59.4993 2
      vertex 72.4927 59.7753 7.5
      vertex 72.178 59.4993 7.5
    endloop
  endfacet
  facet normal 0.659367 -0.751821 0
    outer loop
      vertex 72.4927 59.7753 7.5
      vertex 72.178 59.4993 2
      vertex 72.4927 59.7753 2
    endloop
  endfacet
  facet normal -0.321526 0.946901 0
    outer loop
      vertex 69.4018 65.129 2
      vertex 69.0054 64.9944 7.5
      vertex 69.4018 65.129 7.5
    endloop
  endfacet
  facet normal -0.321526 0.946901 0
    outer loop
      vertex 69.0054 64.9944 7.5
      vertex 69.4018 65.129 2
      vertex 69.0054 64.9944 2
    endloop
  endfacet
  facet normal -0.555692 0.831388 0
    outer loop
      vertex 68.63 64.8093 2
      vertex 68.282 64.5767 7.5
      vertex 68.63 64.8093 7.5
    endloop
  endfacet
  facet normal -0.555692 0.831388 0
    outer loop
      vertex 68.282 64.5767 7.5
      vertex 68.63 64.8093 2
      vertex 68.282 64.5767 2
    endloop
  endfacet
  facet normal -0.751821 0.659367 0
    outer loop
      vertex 67.6913 63.986 2
      vertex 67.9673 64.3007 7.5
      vertex 67.9673 64.3007 2
    endloop
  endfacet
  facet normal -0.751821 0.659367 0
    outer loop
      vertex 67.9673 64.3007 7.5
      vertex 67.6913 63.986 2
      vertex 67.6913 63.986 7.5
    endloop
  endfacet
  facet normal 0.442237 0.896898 -0
    outer loop
      vertex 71.83 64.8093 2
      vertex 71.4546 64.9944 7.5
      vertex 71.83 64.8093 7.5
    endloop
  endfacet
  facet normal 0.442237 0.896898 0
    outer loop
      vertex 71.4546 64.9944 7.5
      vertex 71.83 64.8093 2
      vertex 71.4546 64.9944 2
    endloop
  endfacet
  facet normal -0.0654566 -0.997855 0
    outer loop
      vertex 69.8123 58.8654 2
      vertex 70.23 58.838 7.5
      vertex 69.8123 58.8654 7.5
    endloop
  endfacet
  facet normal -0.0654566 -0.997855 -0
    outer loop
      vertex 70.23 58.838 7.5
      vertex 69.8123 58.8654 2
      vertex 70.23 58.838 2
    endloop
  endfacet
  facet normal -0.555692 -0.831388 0
    outer loop
      vertex 68.282 59.4993 2
      vertex 68.63 59.2667 7.5
      vertex 68.282 59.4993 7.5
    endloop
  endfacet
  facet normal -0.555692 -0.831388 -0
    outer loop
      vertex 68.63 59.2667 7.5
      vertex 68.282 59.4993 2
      vertex 68.63 59.2667 2
    endloop
  endfacet
  facet normal -0.659367 0.751821 0
    outer loop
      vertex 68.282 64.5767 2
      vertex 67.9673 64.3007 7.5
      vertex 68.282 64.5767 7.5
    endloop
  endfacet
  facet normal -0.659367 0.751821 0
    outer loop
      vertex 67.9673 64.3007 7.5
      vertex 68.282 64.5767 2
      vertex 67.9673 64.3007 2
    endloop
  endfacet
  facet normal -0.442237 0.896898 0
    outer loop
      vertex 69.0054 64.9944 2
      vertex 68.63 64.8093 7.5
      vertex 69.0054 64.9944 7.5
    endloop
  endfacet
  facet normal -0.442237 0.896898 0
    outer loop
      vertex 68.63 64.8093 7.5
      vertex 69.0054 64.9944 2
      vertex 68.63 64.8093 2
    endloop
  endfacet
  facet normal -0.659367 -0.751821 0
    outer loop
      vertex 67.9673 59.7753 2
      vertex 68.282 59.4993 7.5
      vertex 67.9673 59.7753 7.5
    endloop
  endfacet
  facet normal -0.659367 -0.751821 -0
    outer loop
      vertex 68.282 59.4993 7.5
      vertex 67.9673 59.7753 2
      vertex 68.282 59.4993 2
    endloop
  endfacet
  facet normal 0.321526 -0.946901 0
    outer loop
      vertex 71.0582 58.947 2
      vertex 71.4546 59.0816 7.5
      vertex 71.0582 58.947 7.5
    endloop
  endfacet
  facet normal 0.321526 -0.946901 0
    outer loop
      vertex 71.4546 59.0816 7.5
      vertex 71.0582 58.947 2
      vertex 71.4546 59.0816 2
    endloop
  endfacet
  facet normal -0.194967 0.98081 0
    outer loop
      vertex 69.8123 65.2106 2
      vertex 69.4018 65.129 7.5
      vertex 69.8123 65.2106 7.5
    endloop
  endfacet
  facet normal -0.194967 0.98081 0
    outer loop
      vertex 69.4018 65.129 7.5
      vertex 69.8123 65.2106 2
      vertex 69.4018 65.129 2
    endloop
  endfacet
  facet normal 0.751821 -0.659367 0
    outer loop
      vertex 72.4927 59.7753 7.5
      vertex 72.7687 60.09 2
      vertex 72.7687 60.09 7.5
    endloop
  endfacet
  facet normal 0.751821 -0.659367 0
    outer loop
      vertex 72.7687 60.09 2
      vertex 72.4927 59.7753 7.5
      vertex 72.4927 59.7753 2
    endloop
  endfacet
  facet normal 0.442237 -0.896898 0
    outer loop
      vertex 71.4546 59.0816 2
      vertex 71.83 59.2667 7.5
      vertex 71.4546 59.0816 7.5
    endloop
  endfacet
  facet normal 0.442237 -0.896898 0
    outer loop
      vertex 71.83 59.2667 7.5
      vertex 71.4546 59.0816 2
      vertex 71.83 59.2667 2
    endloop
  endfacet
  facet normal -0.98081 0.194967 0
    outer loop
      vertex 67.0574 62.4557 2
      vertex 67.139 62.8662 7.5
      vertex 67.139 62.8662 2
    endloop
  endfacet
  facet normal -0.98081 0.194967 0
    outer loop
      vertex 67.139 62.8662 7.5
      vertex 67.0574 62.4557 2
      vertex 67.0574 62.4557 7.5
    endloop
  endfacet
  facet normal -0.896898 -0.442237 0
    outer loop
      vertex 67.4587 60.438 2
      vertex 67.2736 60.8134 7.5
      vertex 67.2736 60.8134 2
    endloop
  endfacet
  facet normal -0.896898 -0.442237 0
    outer loop
      vertex 67.2736 60.8134 7.5
      vertex 67.4587 60.438 2
      vertex 67.4587 60.438 7.5
    endloop
  endfacet
  facet normal 0.194967 0.98081 -0
    outer loop
      vertex 71.0582 65.129 2
      vertex 70.6477 65.2106 7.5
      vertex 71.0582 65.129 7.5
    endloop
  endfacet
  facet normal 0.194967 0.98081 0
    outer loop
      vertex 70.6477 65.2106 7.5
      vertex 71.0582 65.129 2
      vertex 70.6477 65.2106 2
    endloop
  endfacet
  facet normal -0.0654566 0.997855 0
    outer loop
      vertex 70.23 65.238 2
      vertex 69.8123 65.2106 7.5
      vertex 70.23 65.238 7.5
    endloop
  endfacet
  facet normal -0.0654566 0.997855 0
    outer loop
      vertex 69.8123 65.2106 7.5
      vertex 70.23 65.238 2
      vertex 69.8123 65.2106 2
    endloop
  endfacet
  facet normal 0.555692 0.831388 -0
    outer loop
      vertex 72.178 64.5767 2
      vertex 71.83 64.8093 7.5
      vertex 72.178 64.5767 7.5
    endloop
  endfacet
  facet normal 0.555692 0.831388 0
    outer loop
      vertex 71.83 64.8093 7.5
      vertex 72.178 64.5767 2
      vertex 71.83 64.8093 2
    endloop
  endfacet
  facet normal -0.997855 0.0654566 0
    outer loop
      vertex 67.03 62.038 2
      vertex 67.0574 62.4557 7.5
      vertex 67.0574 62.4557 2
    endloop
  endfacet
  facet normal -0.997855 0.0654566 0
    outer loop
      vertex 67.0574 62.4557 7.5
      vertex 67.03 62.038 2
      vertex 67.03 62.038 7.5
    endloop
  endfacet
  facet normal 0.946901 -0.321526 0
    outer loop
      vertex 73.1864 60.8134 7.5
      vertex 73.321 61.2098 2
      vertex 73.321 61.2098 7.5
    endloop
  endfacet
  facet normal 0.946901 -0.321526 0
    outer loop
      vertex 73.321 61.2098 2
      vertex 73.1864 60.8134 7.5
      vertex 73.1864 60.8134 2
    endloop
  endfacet
  facet normal 0.98081 -0.194967 0
    outer loop
      vertex 73.321 61.2098 7.5
      vertex 73.4026 61.6203 2
      vertex 73.4026 61.6203 7.5
    endloop
  endfacet
  facet normal 0.98081 -0.194967 0
    outer loop
      vertex 73.4026 61.6203 2
      vertex 73.321 61.2098 7.5
      vertex 73.321 61.2098 2
    endloop
  endfacet
  facet normal -0.946901 0.321526 0
    outer loop
      vertex 67.139 62.8662 2
      vertex 67.2736 63.2626 7.5
      vertex 67.2736 63.2626 2
    endloop
  endfacet
  facet normal -0.946901 0.321526 0
    outer loop
      vertex 67.2736 63.2626 7.5
      vertex 67.139 62.8662 2
      vertex 67.139 62.8662 7.5
    endloop
  endfacet
  facet normal -0.751821 -0.659367 0
    outer loop
      vertex 67.9673 59.7753 2
      vertex 67.6913 60.09 7.5
      vertex 67.6913 60.09 2
    endloop
  endfacet
  facet normal -0.751821 -0.659367 0
    outer loop
      vertex 67.6913 60.09 7.5
      vertex 67.9673 59.7753 2
      vertex 67.9673 59.7753 7.5
    endloop
  endfacet
  facet normal -0.321526 -0.946901 0
    outer loop
      vertex 69.0054 59.0816 2
      vertex 69.4018 58.947 7.5
      vertex 69.0054 59.0816 7.5
    endloop
  endfacet
  facet normal -0.321526 -0.946901 -0
    outer loop
      vertex 69.4018 58.947 7.5
      vertex 69.0054 59.0816 2
      vertex 69.4018 58.947 2
    endloop
  endfacet
  facet normal -0.831388 -0.555692 0
    outer loop
      vertex 67.6913 60.09 2
      vertex 67.4587 60.438 7.5
      vertex 67.4587 60.438 2
    endloop
  endfacet
  facet normal -0.831388 -0.555692 0
    outer loop
      vertex 67.4587 60.438 7.5
      vertex 67.6913 60.09 2
      vertex 67.6913 60.09 7.5
    endloop
  endfacet
  facet normal -0.831471 0.555569 0
    outer loop
      vertex 2.5359 8 2
      vertex 2.82659 8.43505 7.5
      vertex 2.82659 8.43505 2
    endloop
  endfacet
  facet normal -0.831471 0.555569 0
    outer loop
      vertex 2.82659 8.43505 7.5
      vertex 2.5359 8 2
      vertex 2.5359 8 7.5
    endloop
  endfacet
  facet normal 0.751845 -0.65934 0
    outer loop
      vertex 8.82843 3.17157 7.5
      vertex 9.17341 3.56495 2
      vertex 9.17341 3.56495 7.5
    endloop
  endfacet
  facet normal 0.751845 -0.65934 0
    outer loop
      vertex 9.17341 3.56495 2
      vertex 8.82843 3.17157 7.5
      vertex 8.82843 3.17157 2
    endloop
  endfacet
  facet normal 0.442291 0.896871 -0
    outer loop
      vertex 8 9.4641 2
      vertex 7.53073 9.69552 7.5
      vertex 8 9.4641 7.5
    endloop
  endfacet
  facet normal 0.442291 0.896871 0
    outer loop
      vertex 7.53073 9.69552 7.5
      vertex 8 9.4641 2
      vertex 7.53073 9.69552 2
    endloop
  endfacet
  facet normal 0.555569 0.831471 -0
    outer loop
      vertex 8.43505 9.17341 2
      vertex 8 9.4641 7.5
      vertex 8.43505 9.17341 7.5
    endloop
  endfacet
  facet normal 0.555569 0.831471 0
    outer loop
      vertex 8 9.4641 7.5
      vertex 8.43505 9.17341 2
      vertex 8 9.4641 2
    endloop
  endfacet
  facet normal 0.65934 0.751845 -0
    outer loop
      vertex 8.82843 8.82843 2
      vertex 8.43505 9.17341 7.5
      vertex 8.82843 8.82843 7.5
    endloop
  endfacet
  facet normal 0.65934 0.751845 0
    outer loop
      vertex 8.43505 9.17341 7.5
      vertex 8.82843 8.82843 2
      vertex 8.43505 9.17341 2
    endloop
  endfacet
  facet normal 0.896871 0.442291 0
    outer loop
      vertex 9.69552 7.53073 7.5
      vertex 9.4641 8 2
      vertex 9.4641 8 7.5
    endloop
  endfacet
  facet normal 0.896871 0.442291 0
    outer loop
      vertex 9.4641 8 2
      vertex 9.69552 7.53073 7.5
      vertex 9.69552 7.53073 2
    endloop
  endfacet
  facet normal 0.980784 0.195094 0
    outer loop
      vertex 9.96578 6.5221 7.5
      vertex 9.8637 7.03528 2
      vertex 9.8637 7.03528 7.5
    endloop
  endfacet
  facet normal 0.980784 0.195094 0
    outer loop
      vertex 9.8637 7.03528 2
      vertex 9.96578 6.5221 7.5
      vertex 9.96578 6.5221 2
    endloop
  endfacet
  facet normal -0.321435 0.946932 0
    outer loop
      vertex 4.96472 9.8637 2
      vertex 4.46927 9.69552 7.5
      vertex 4.96472 9.8637 7.5
    endloop
  endfacet
  facet normal -0.321435 0.946932 0
    outer loop
      vertex 4.46927 9.69552 7.5
      vertex 4.96472 9.8637 2
      vertex 4.46927 9.69552 2
    endloop
  endfacet
  facet normal 0.997859 0.0654027 0
    outer loop
      vertex 10 6 7.5
      vertex 9.96578 6.5221 2
      vertex 9.96578 6.5221 7.5
    endloop
  endfacet
  facet normal 0.997859 0.0654027 0
    outer loop
      vertex 9.96578 6.5221 2
      vertex 10 6 7.5
      vertex 10 6 2
    endloop
  endfacet
  facet normal -0.555569 0.831471 0
    outer loop
      vertex 4 9.4641 2
      vertex 3.56495 9.17341 7.5
      vertex 4 9.4641 7.5
    endloop
  endfacet
  facet normal -0.555569 0.831471 0
    outer loop
      vertex 3.56495 9.17341 7.5
      vertex 4 9.4641 2
      vertex 3.56495 9.17341 2
    endloop
  endfacet
  facet normal 0.555569 -0.831471 0
    outer loop
      vertex 8 2.5359 2
      vertex 8.43505 2.82659 7.5
      vertex 8 2.5359 7.5
    endloop
  endfacet
  facet normal 0.555569 -0.831471 0
    outer loop
      vertex 8.43505 2.82659 7.5
      vertex 8 2.5359 2
      vertex 8.43505 2.82659 2
    endloop
  endfacet
  facet normal -0.0654014 0.997859 0
    outer loop
      vertex 6 10 2
      vertex 5.47789 9.96578 7.5
      vertex 6 10 7.5
    endloop
  endfacet
  facet normal -0.0654014 0.997859 0
    outer loop
      vertex 5.47789 9.96578 7.5
      vertex 6 10 2
      vertex 5.47789 9.96578 2
    endloop
  endfacet
  facet normal 0.997859 -0.0654014 0
    outer loop
      vertex 9.96578 5.47789 7.5
      vertex 10 6 2
      vertex 10 6 7.5
    endloop
  endfacet
  facet normal 0.997859 -0.0654014 0
    outer loop
      vertex 10 6 2
      vertex 9.96578 5.47789 7.5
      vertex 9.96578 5.47789 2
    endloop
  endfacet
  facet normal 0.831471 -0.555569 0
    outer loop
      vertex 9.17341 3.56495 7.5
      vertex 9.4641 4 2
      vertex 9.4641 4 7.5
    endloop
  endfacet
  facet normal 0.831471 -0.555569 0
    outer loop
      vertex 9.4641 4 2
      vertex 9.17341 3.56495 7.5
      vertex 9.17341 3.56495 2
    endloop
  endfacet
  facet normal 0.831471 0.555569 0
    outer loop
      vertex 9.4641 8 7.5
      vertex 9.17341 8.43505 2
      vertex 9.17341 8.43505 7.5
    endloop
  endfacet
  facet normal 0.831471 0.555569 0
    outer loop
      vertex 9.17341 8.43505 2
      vertex 9.4641 8 7.5
      vertex 9.4641 8 2
    endloop
  endfacet
  facet normal -0.442291 0.896871 0
    outer loop
      vertex 4.46927 9.69552 2
      vertex 4 9.4641 7.5
      vertex 4.46927 9.69552 7.5
    endloop
  endfacet
  facet normal -0.442291 0.896871 0
    outer loop
      vertex 4 9.4641 7.5
      vertex 4.46927 9.69552 2
      vertex 4 9.4641 2
    endloop
  endfacet
  facet normal -0.751845 0.65934 0
    outer loop
      vertex 2.82659 8.43505 2
      vertex 3.17157 8.82843 7.5
      vertex 3.17157 8.82843 2
    endloop
  endfacet
  facet normal -0.751845 0.65934 0
    outer loop
      vertex 3.17157 8.82843 7.5
      vertex 2.82659 8.43505 2
      vertex 2.82659 8.43505 7.5
    endloop
  endfacet
  facet normal 0.442286 -0.896874 0
    outer loop
      vertex 7.72442 2.4 2
      vertex 8 2.5359 7.5
      vertex 7.72442 2.4 7.5
    endloop
  endfacet
  facet normal 0.442286 -0.896874 0
    outer loop
      vertex 8 2.5359 7.5
      vertex 7.72442 2.4 2
      vertex 8 2.5359 2
    endloop
  endfacet
  facet normal 0.980784 -0.195098 0
    outer loop
      vertex 9.8637 4.96472 7.5
      vertex 9.96578 5.47789 2
      vertex 9.96578 5.47789 7.5
    endloop
  endfacet
  facet normal 0.980784 -0.195098 0
    outer loop
      vertex 9.96578 5.47789 2
      vertex 9.8637 4.96472 7.5
      vertex 9.8637 4.96472 2
    endloop
  endfacet
  facet normal 0.896871 -0.442291 0
    outer loop
      vertex 9.4641 4 7.5
      vertex 9.69552 4.46927 2
      vertex 9.69552 4.46927 7.5
    endloop
  endfacet
  facet normal 0.896871 -0.442291 0
    outer loop
      vertex 9.69552 4.46927 2
      vertex 9.4641 4 7.5
      vertex 9.4641 4 2
    endloop
  endfacet
  facet normal 0.946932 0.321435 0
    outer loop
      vertex 9.8637 7.03528 7.5
      vertex 9.69552 7.53073 2
      vertex 9.69552 7.53073 7.5
    endloop
  endfacet
  facet normal 0.946932 0.321435 0
    outer loop
      vertex 9.69552 7.53073 2
      vertex 9.8637 7.03528 7.5
      vertex 9.8637 7.03528 2
    endloop
  endfacet
  facet normal 0.0654027 0.997859 -0
    outer loop
      vertex 6.5221 9.96578 2
      vertex 6 10 7.5
      vertex 6.5221 9.96578 7.5
    endloop
  endfacet
  facet normal 0.0654027 0.997859 0
    outer loop
      vertex 6 10 7.5
      vertex 6.5221 9.96578 2
      vertex 6 10 2
    endloop
  endfacet
  facet normal 0.321435 0.946932 -0
    outer loop
      vertex 7.53073 9.69552 2
      vertex 7.03528 9.8637 7.5
      vertex 7.53073 9.69552 7.5
    endloop
  endfacet
  facet normal 0.321435 0.946932 0
    outer loop
      vertex 7.03528 9.8637 7.5
      vertex 7.53073 9.69552 2
      vertex 7.03528 9.8637 2
    endloop
  endfacet
  facet normal -0.65934 0.751845 0
    outer loop
      vertex 3.56495 9.17341 2
      vertex 3.17157 8.82843 7.5
      vertex 3.56495 9.17341 7.5
    endloop
  endfacet
  facet normal -0.65934 0.751845 0
    outer loop
      vertex 3.17157 8.82843 7.5
      vertex 3.56495 9.17341 2
      vertex 3.17157 8.82843 2
    endloop
  endfacet
  facet normal 0.751845 0.65934 0
    outer loop
      vertex 9.17341 8.43505 7.5
      vertex 8.82843 8.82843 2
      vertex 8.82843 8.82843 7.5
    endloop
  endfacet
  facet normal 0.751845 0.65934 0
    outer loop
      vertex 8.82843 8.82843 2
      vertex 9.17341 8.43505 7.5
      vertex 9.17341 8.43505 2
    endloop
  endfacet
  facet normal -0.195098 0.980784 0
    outer loop
      vertex 5.47789 9.96578 2
      vertex 4.96472 9.8637 7.5
      vertex 5.47789 9.96578 7.5
    endloop
  endfacet
  facet normal -0.195098 0.980784 0
    outer loop
      vertex 4.96472 9.8637 7.5
      vertex 5.47789 9.96578 2
      vertex 4.96472 9.8637 2
    endloop
  endfacet
  facet normal -0.751849 -0.659336 0
    outer loop
      vertex 3.17157 3.17157 2
      vertex 2.87687 3.50762 7.5
      vertex 2.87687 3.50762 2
    endloop
  endfacet
  facet normal -0.751849 -0.659336 0
    outer loop
      vertex 2.87687 3.50762 7.5
      vertex 3.17157 3.17157 2
      vertex 3.17157 3.17157 7.5
    endloop
  endfacet
  facet normal 0.946932 -0.321435 0
    outer loop
      vertex 9.69552 4.46927 7.5
      vertex 9.8637 4.96472 2
      vertex 9.8637 4.96472 7.5
    endloop
  endfacet
  facet normal 0.946932 -0.321435 0
    outer loop
      vertex 9.8637 4.96472 2
      vertex 9.69552 4.46927 7.5
      vertex 9.69552 4.46927 2
    endloop
  endfacet
  facet normal 0.65934 -0.751845 0
    outer loop
      vertex 8.43505 2.82659 2
      vertex 8.82843 3.17157 7.5
      vertex 8.43505 2.82659 7.5
    endloop
  endfacet
  facet normal 0.65934 -0.751845 0
    outer loop
      vertex 8.82843 3.17157 7.5
      vertex 8.43505 2.82659 2
      vertex 8.82843 3.17157 2
    endloop
  endfacet
  facet normal 0.195094 0.980784 -0
    outer loop
      vertex 7.03528 9.8637 2
      vertex 6.5221 9.96578 7.5
      vertex 7.03528 9.8637 7.5
    endloop
  endfacet
  facet normal 0.195094 0.980784 0
    outer loop
      vertex 6.5221 9.96578 7.5
      vertex 7.03528 9.8637 2
      vertex 6.5221 9.96578 2
    endloop
  endfacet
  facet normal -0.659336 -0.751849 0
    outer loop
      vertex 3.17157 3.17157 2
      vertex 3.50762 2.87687 7.5
      vertex 3.17157 3.17157 7.5
    endloop
  endfacet
  facet normal -0.659336 -0.751849 -0
    outer loop
      vertex 3.50762 2.87687 7.5
      vertex 3.17157 3.17157 2
      vertex 3.50762 2.87687 2
    endloop
  endfacet
  facet normal -0.896874 0.442286 0
    outer loop
      vertex 2.4 7.72442 2
      vertex 2.5359 8 7.5
      vertex 2.5359 8 2
    endloop
  endfacet
  facet normal -0.896874 0.442286 0
    outer loop
      vertex 2.5359 8 7.5
      vertex 2.4 7.72442 2
      vertex 2.4 7.72442 7.5
    endloop
  endfacet
  facet normal 0.980786 0.195087 0
    outer loop
      vertex 9.96578 70.5221 7.5
      vertex 9.8637 71.0353 2
      vertex 9.8637 71.0353 7.5
    endloop
  endfacet
  facet normal 0.980786 0.195087 0
    outer loop
      vertex 9.8637 71.0353 2
      vertex 9.96578 70.5221 7.5
      vertex 9.96578 70.5221 2
    endloop
  endfacet
  facet normal 0.896883 -0.442268 0
    outer loop
      vertex 9.4641 68 7.5
      vertex 9.69552 68.4693 2
      vertex 9.69552 68.4693 7.5
    endloop
  endfacet
  facet normal 0.896883 -0.442268 0
    outer loop
      vertex 9.69552 68.4693 2
      vertex 9.4641 68 7.5
      vertex 9.4641 68 2
    endloop
  endfacet
  facet normal 0.831441 -0.555613 0
    outer loop
      vertex 9.17341 67.565 7.5
      vertex 9.4641 68 2
      vertex 9.4641 68 7.5
    endloop
  endfacet
  facet normal 0.831441 -0.555613 0
    outer loop
      vertex 9.4641 68 2
      vertex 9.17341 67.565 7.5
      vertex 9.17341 67.565 2
    endloop
  endfacet
  facet normal -0.751861 -0.659321 0
    outer loop
      vertex 3.17157 67.1716 2
      vertex 2.82659 67.565 7.5
      vertex 2.82659 67.565 2
    endloop
  endfacet
  facet normal -0.751861 -0.659321 0
    outer loop
      vertex 2.82659 67.565 7.5
      vertex 3.17157 67.1716 2
      vertex 3.17157 67.1716 7.5
    endloop
  endfacet
  facet normal 0.555582 0.831462 -0
    outer loop
      vertex 8.43505 73.1734 2
      vertex 8 73.4641 7.5
      vertex 8.43505 73.1734 7.5
    endloop
  endfacet
  facet normal 0.555582 0.831462 0
    outer loop
      vertex 8 73.4641 7.5
      vertex 8.43505 73.1734 2
      vertex 8 73.4641 2
    endloop
  endfacet
  facet normal -0.896887 -0.44226 0
    outer loop
      vertex 2.5359 68 2
      vertex 2.4 68.2756 7.5
      vertex 2.4 68.2756 2
    endloop
  endfacet
  facet normal -0.896887 -0.44226 0
    outer loop
      vertex 2.4 68.2756 7.5
      vertex 2.5359 68 2
      vertex 2.5359 68 7.5
    endloop
  endfacet
  facet normal 0.896883 0.442268 0
    outer loop
      vertex 9.69552 71.5307 7.5
      vertex 9.4641 72 2
      vertex 9.4641 72 7.5
    endloop
  endfacet
  facet normal 0.896883 0.442268 0
    outer loop
      vertex 9.4641 72 2
      vertex 9.69552 71.5307 7.5
      vertex 9.69552 71.5307 2
    endloop
  endfacet
  facet normal 0.751861 0.659321 0
    outer loop
      vertex 9.17341 72.435 7.5
      vertex 8.82843 72.8284 2
      vertex 8.82843 72.8284 7.5
    endloop
  endfacet
  facet normal 0.751861 0.659321 0
    outer loop
      vertex 8.82843 72.8284 2
      vertex 9.17341 72.435 7.5
      vertex 9.17341 72.435 2
    endloop
  endfacet
  facet normal -0.44226 -0.896887 0
    outer loop
      vertex 4 66.5359 2
      vertex 4.46927 66.3045 7.5
      vertex 4 66.5359 7.5
    endloop
  endfacet
  facet normal -0.44226 -0.896887 -0
    outer loop
      vertex 4.46927 66.3045 7.5
      vertex 4 66.5359 2
      vertex 4.46927 66.3045 2
    endloop
  endfacet
  facet normal 0.946922 -0.321464 0
    outer loop
      vertex 9.69552 68.4693 7.5
      vertex 9.8637 68.9647 2
      vertex 9.8637 68.9647 7.5
    endloop
  endfacet
  facet normal 0.946922 -0.321464 0
    outer loop
      vertex 9.8637 68.9647 2
      vertex 9.69552 68.4693 7.5
      vertex 9.69552 68.4693 2
    endloop
  endfacet
  facet normal 0.659362 0.751826 -0
    outer loop
      vertex 8.82843 72.8284 2
      vertex 8.43505 73.1734 7.5
      vertex 8.82843 72.8284 7.5
    endloop
  endfacet
  facet normal 0.659362 0.751826 0
    outer loop
      vertex 8.43505 73.1734 7.5
      vertex 8.82843 72.8284 2
      vertex 8.43505 73.1734 2
    endloop
  endfacet
  facet normal 0.997859 0.0654027 0
    outer loop
      vertex 10 70 7.5
      vertex 9.96578 70.5221 2
      vertex 9.96578 70.5221 7.5
    endloop
  endfacet
  facet normal 0.997859 0.0654027 0
    outer loop
      vertex 9.96578 70.5221 2
      vertex 10 70 7.5
      vertex 10 70 2
    endloop
  endfacet
  facet normal 0.946922 0.321464 0
    outer loop
      vertex 9.8637 71.0353 7.5
      vertex 9.69552 71.5307 2
      vertex 9.69552 71.5307 7.5
    endloop
  endfacet
  facet normal 0.946922 0.321464 0
    outer loop
      vertex 9.69552 71.5307 2
      vertex 9.8637 71.0353 7.5
      vertex 9.8637 71.0353 2
    endloop
  endfacet
  facet normal 0.751861 -0.659321 0
    outer loop
      vertex 8.82843 67.1716 7.5
      vertex 9.17341 67.565 2
      vertex 9.17341 67.565 7.5
    endloop
  endfacet
  facet normal 0.751861 -0.659321 0
    outer loop
      vertex 9.17341 67.565 2
      vertex 8.82843 67.1716 7.5
      vertex 8.82843 67.1716 2
    endloop
  endfacet
  facet normal 0.997859 -0.0654027 0
    outer loop
      vertex 9.96578 69.4779 7.5
      vertex 10 70 2
      vertex 10 70 7.5
    endloop
  endfacet
  facet normal 0.997859 -0.0654027 0
    outer loop
      vertex 10 70 2
      vertex 9.96578 69.4779 7.5
      vertex 9.96578 69.4779 2
    endloop
  endfacet
  facet normal -0.195135 -0.980776 0
    outer loop
      vertex 4.96472 66.1363 2
      vertex 5.47789 66.0342 7.5
      vertex 4.96472 66.1363 7.5
    endloop
  endfacet
  facet normal -0.195135 -0.980776 -0
    outer loop
      vertex 5.47789 66.0342 7.5
      vertex 4.96472 66.1363 2
      vertex 5.47789 66.0342 2
    endloop
  endfacet
  facet normal 0.442299 0.896868 -0
    outer loop
      vertex 8 73.4641 2
      vertex 7.72443 73.6 7.5
      vertex 8 73.4641 7.5
    endloop
  endfacet
  facet normal 0.442299 0.896868 0
    outer loop
      vertex 7.72443 73.6 7.5
      vertex 8 73.4641 2
      vertex 7.72443 73.6 2
    endloop
  endfacet
  facet normal 0.555582 -0.831462 0
    outer loop
      vertex 8 66.5359 2
      vertex 8.43505 66.8266 7.5
      vertex 8 66.5359 7.5
    endloop
  endfacet
  facet normal 0.555582 -0.831462 0
    outer loop
      vertex 8.43505 66.8266 7.5
      vertex 8 66.5359 2
      vertex 8.43505 66.8266 2
    endloop
  endfacet
  facet normal 0.831441 0.555613 0
    outer loop
      vertex 9.4641 72 7.5
      vertex 9.17341 72.435 2
      vertex 9.17341 72.435 7.5
    endloop
  endfacet
  facet normal 0.831441 0.555613 0
    outer loop
      vertex 9.17341 72.435 2
      vertex 9.4641 72 7.5
      vertex 9.4641 72 2
    endloop
  endfacet
  facet normal 0.44226 -0.896887 0
    outer loop
      vertex 7.53073 66.3045 2
      vertex 8 66.5359 7.5
      vertex 7.53073 66.3045 7.5
    endloop
  endfacet
  facet normal 0.44226 -0.896887 0
    outer loop
      vertex 8 66.5359 7.5
      vertex 7.53073 66.3045 2
      vertex 8 66.5359 2
    endloop
  endfacet
  facet normal 0.980786 -0.195087 0
    outer loop
      vertex 9.8637 68.9647 7.5
      vertex 9.96578 69.4779 2
      vertex 9.96578 69.4779 7.5
    endloop
  endfacet
  facet normal 0.980786 -0.195087 0
    outer loop
      vertex 9.96578 69.4779 2
      vertex 9.8637 68.9647 7.5
      vertex 9.8637 68.9647 2
    endloop
  endfacet
  facet normal 0.195131 -0.980777 0
    outer loop
      vertex 6.5221 66.0342 2
      vertex 7.03528 66.1363 7.5
      vertex 6.5221 66.0342 7.5
    endloop
  endfacet
  facet normal 0.195131 -0.980777 0
    outer loop
      vertex 7.03528 66.1363 7.5
      vertex 6.5221 66.0342 2
      vertex 7.03528 66.1363 2
    endloop
  endfacet
  facet normal 0.321469 -0.94692 0
    outer loop
      vertex 7.03528 66.1363 2
      vertex 7.53073 66.3045 7.5
      vertex 7.03528 66.1363 7.5
    endloop
  endfacet
  facet normal 0.321469 -0.94692 0
    outer loop
      vertex 7.53073 66.3045 7.5
      vertex 7.03528 66.1363 2
      vertex 7.53073 66.3045 2
    endloop
  endfacet
  facet normal 0.0653646 -0.997861 0
    outer loop
      vertex 6 66 2
      vertex 6.5221 66.0342 7.5
      vertex 6 66 7.5
    endloop
  endfacet
  facet normal 0.0653646 -0.997861 0
    outer loop
      vertex 6.5221 66.0342 7.5
      vertex 6 66 2
      vertex 6.5221 66.0342 2
    endloop
  endfacet
  facet normal -0.831441 -0.555613 0
    outer loop
      vertex 2.82659 67.565 2
      vertex 2.5359 68 7.5
      vertex 2.5359 68 2
    endloop
  endfacet
  facet normal -0.831441 -0.555613 0
    outer loop
      vertex 2.5359 68 7.5
      vertex 2.82659 67.565 2
      vertex 2.82659 67.565 7.5
    endloop
  endfacet
  facet normal -0.659362 -0.751826 0
    outer loop
      vertex 3.17157 67.1716 2
      vertex 3.56495 66.8266 7.5
      vertex 3.17157 67.1716 7.5
    endloop
  endfacet
  facet normal -0.659362 -0.751826 -0
    outer loop
      vertex 3.56495 66.8266 7.5
      vertex 3.17157 67.1716 2
      vertex 3.56495 66.8266 2
    endloop
  endfacet
  facet normal -0.751855 0.659328 0
    outer loop
      vertex 2.87692 72.4924 2
      vertex 3.17157 72.8284 7.5
      vertex 3.17157 72.8284 2
    endloop
  endfacet
  facet normal -0.751855 0.659328 0
    outer loop
      vertex 3.17157 72.8284 7.5
      vertex 2.87692 72.4924 2
      vertex 2.87692 72.4924 7.5
    endloop
  endfacet
  facet normal -0.321469 -0.94692 0
    outer loop
      vertex 4.46927 66.3045 2
      vertex 4.96472 66.1363 7.5
      vertex 4.46927 66.3045 7.5
    endloop
  endfacet
  facet normal -0.321469 -0.94692 -0
    outer loop
      vertex 4.96472 66.1363 7.5
      vertex 4.46927 66.3045 2
      vertex 4.96472 66.1363 2
    endloop
  endfacet
  facet normal -0.659436 0.751761 0
    outer loop
      vertex 3.50753 73.1231 2
      vertex 3.17157 72.8284 7.5
      vertex 3.50753 73.1231 7.5
    endloop
  endfacet
  facet normal -0.659436 0.751761 0
    outer loop
      vertex 3.17157 72.8284 7.5
      vertex 3.50753 73.1231 2
      vertex 3.17157 72.8284 2
    endloop
  endfacet
  facet normal -0.555582 -0.831462 0
    outer loop
      vertex 3.56495 66.8266 2
      vertex 4 66.5359 7.5
      vertex 3.56495 66.8266 7.5
    endloop
  endfacet
  facet normal -0.555582 -0.831462 -0
    outer loop
      vertex 4 66.5359 7.5
      vertex 3.56495 66.8266 2
      vertex 4 66.5359 2
    endloop
  endfacet
  facet normal 0.659362 -0.751826 0
    outer loop
      vertex 8.43505 66.8266 2
      vertex 8.82843 67.1716 7.5
      vertex 8.43505 66.8266 7.5
    endloop
  endfacet
  facet normal 0.659362 -0.751826 0
    outer loop
      vertex 8.82843 67.1716 7.5
      vertex 8.43505 66.8266 2
      vertex 8.82843 67.1716 2
    endloop
  endfacet
  facet normal -0.0653634 -0.997862 0
    outer loop
      vertex 5.47789 66.0342 2
      vertex 6 66 7.5
      vertex 5.47789 66.0342 7.5
    endloop
  endfacet
  facet normal -0.0653634 -0.997862 -0
    outer loop
      vertex 6 66 7.5
      vertex 5.47789 66.0342 2
      vertex 6 66 2
    endloop
  endfacet
  facet normal -0.555613 -0.831441 0
    outer loop
      vertex 106.565 2.82659 2
      vertex 107 2.5359 7.5
      vertex 106.565 2.82659 7.5
    endloop
  endfacet
  facet normal -0.555613 -0.831441 -0
    outer loop
      vertex 107 2.5359 7.5
      vertex 106.565 2.82659 2
      vertex 107 2.5359 2
    endloop
  endfacet
  facet normal -0.896432 0.443182 0
    outer loop
      vertex 105.304 7.53073 2
      vertex 105.536 8 7.5
      vertex 105.536 8 2
    endloop
  endfacet
  facet normal -0.896432 0.443182 0
    outer loop
      vertex 105.536 8 7.5
      vertex 105.304 7.53073 2
      vertex 105.304 7.53073 7.5
    endloop
  endfacet
  facet normal -0.555613 0.831441 0
    outer loop
      vertex 107 9.4641 2
      vertex 106.565 9.17341 7.5
      vertex 107 9.4641 7.5
    endloop
  endfacet
  facet normal -0.555613 0.831441 0
    outer loop
      vertex 106.565 9.17341 7.5
      vertex 107 9.4641 2
      vertex 106.565 9.17341 2
    endloop
  endfacet
  facet normal -0.997886 0.064984 0
    outer loop
      vertex 105 6 2
      vertex 105.034 6.5221 7.5
      vertex 105.034 6.5221 2
    endloop
  endfacet
  facet normal -0.997886 0.064984 0
    outer loop
      vertex 105.034 6.5221 7.5
      vertex 105 6 2
      vertex 105 6 7.5
    endloop
  endfacet
  facet normal 0.321115 0.94704 -0
    outer loop
      vertex 110.531 9.69552 2
      vertex 110.035 9.8637 7.5
      vertex 110.531 9.69552 7.5
    endloop
  endfacet
  facet normal 0.321115 0.94704 0
    outer loop
      vertex 110.035 9.8637 7.5
      vertex 110.531 9.69552 2
      vertex 110.035 9.8637 2
    endloop
  endfacet
  facet normal -0.947036 -0.321126 0
    outer loop
      vertex 105.304 4.46927 2
      vertex 105.136 4.96472 7.5
      vertex 105.136 4.96472 2
    endloop
  endfacet
  facet normal -0.947036 -0.321126 0
    outer loop
      vertex 105.136 4.96472 7.5
      vertex 105.304 4.46927 2
      vertex 105.304 4.46927 7.5
    endloop
  endfacet
  facet normal 0.896739 0.442561 0
    outer loop
      vertex 112.6 7.72443 7.5
      vertex 112.464 8 2
      vertex 112.464 8 7.5
    endloop
  endfacet
  facet normal 0.896739 0.442561 0
    outer loop
      vertex 112.464 8 2
      vertex 112.6 7.72443 7.5
      vertex 112.6 7.72443 2
    endloop
  endfacet
  facet normal 0.19516 0.980771 -0
    outer loop
      vertex 110.035 9.8637 2
      vertex 109.522 9.96578 7.5
      vertex 110.035 9.8637 7.5
    endloop
  endfacet
  facet normal 0.19516 0.980771 0
    outer loop
      vertex 109.522 9.96578 7.5
      vertex 110.035 9.8637 2
      vertex 109.522 9.96578 2
    endloop
  endfacet
  facet normal 0.555613 0.831441 -0
    outer loop
      vertex 111.435 9.17341 2
      vertex 111 9.4641 7.5
      vertex 111.435 9.17341 7.5
    endloop
  endfacet
  facet normal 0.555613 0.831441 0
    outer loop
      vertex 111 9.4641 7.5
      vertex 111.435 9.17341 2
      vertex 111 9.4641 2
    endloop
  endfacet
  facet normal -0.896432 -0.443182 0
    outer loop
      vertex 105.536 4 2
      vertex 105.304 4.46927 7.5
      vertex 105.304 4.46927 2
    endloop
  endfacet
  facet normal -0.896432 -0.443182 0
    outer loop
      vertex 105.304 4.46927 7.5
      vertex 105.536 4 2
      vertex 105.536 4 7.5
    endloop
  endfacet
  facet normal -0.0654151 0.997858 0
    outer loop
      vertex 109 10 2
      vertex 108.478 9.96578 7.5
      vertex 109 10 7.5
    endloop
  endfacet
  facet normal -0.0654151 0.997858 0
    outer loop
      vertex 108.478 9.96578 7.5
      vertex 109 10 2
      vertex 108.478 9.96578 2
    endloop
  endfacet
  facet normal -0.751826 0.659362 0
    outer loop
      vertex 105.827 8.43505 2
      vertex 106.172 8.82843 7.5
      vertex 106.172 8.82843 2
    endloop
  endfacet
  facet normal -0.751826 0.659362 0
    outer loop
      vertex 106.172 8.82843 7.5
      vertex 105.827 8.43505 2
      vertex 105.827 8.43505 7.5
    endloop
  endfacet
  facet normal 0.751826 0.659362 0
    outer loop
      vertex 112.173 8.43505 7.5
      vertex 111.828 8.82843 2
      vertex 111.828 8.82843 7.5
    endloop
  endfacet
  facet normal 0.751826 0.659362 0
    outer loop
      vertex 111.828 8.82843 2
      vertex 112.173 8.43505 7.5
      vertex 112.173 8.43505 2
    endloop
  endfacet
  facet normal -0.659701 0.751529 0
    outer loop
      vertex 106.565 9.17341 2
      vertex 106.172 8.82843 7.5
      vertex 106.565 9.17341 7.5
    endloop
  endfacet
  facet normal -0.659701 0.751529 0
    outer loop
      vertex 106.172 8.82843 7.5
      vertex 106.565 9.17341 2
      vertex 106.172 8.82843 2
    endloop
  endfacet
  facet normal -0.442496 0.89677 0
    outer loop
      vertex 107.469 9.69552 2
      vertex 107 9.4641 7.5
      vertex 107.469 9.69552 7.5
    endloop
  endfacet
  facet normal -0.442496 0.89677 0
    outer loop
      vertex 107 9.4641 7.5
      vertex 107.469 9.69552 2
      vertex 107 9.4641 2
    endloop
  endfacet
  facet normal -0.831197 0.555978 0
    outer loop
      vertex 105.536 8 2
      vertex 105.827 8.43505 7.5
      vertex 105.827 8.43505 2
    endloop
  endfacet
  facet normal -0.831197 0.555978 0
    outer loop
      vertex 105.827 8.43505 7.5
      vertex 105.536 8 2
      vertex 105.536 8 7.5
    endloop
  endfacet
  facet normal 0.442496 0.89677 -0
    outer loop
      vertex 111 9.4641 2
      vertex 110.531 9.69552 7.5
      vertex 111 9.4641 7.5
    endloop
  endfacet
  facet normal 0.442496 0.89677 0
    outer loop
      vertex 110.531 9.69552 7.5
      vertex 111 9.4641 2
      vertex 110.531 9.69552 2
    endloop
  endfacet
  facet normal 0.831197 0.555978 0
    outer loop
      vertex 112.464 8 7.5
      vertex 112.173 8.43505 2
      vertex 112.173 8.43505 7.5
    endloop
  endfacet
  facet normal 0.831197 0.555978 0
    outer loop
      vertex 112.173 8.43505 2
      vertex 112.464 8 7.5
      vertex 112.464 8 2
    endloop
  endfacet
  facet normal -0.321115 0.94704 0
    outer loop
      vertex 107.965 9.8637 2
      vertex 107.469 9.69552 7.5
      vertex 107.965 9.8637 7.5
    endloop
  endfacet
  facet normal -0.321115 0.94704 0
    outer loop
      vertex 107.469 9.69552 7.5
      vertex 107.965 9.8637 2
      vertex 107.469 9.69552 2
    endloop
  endfacet
  facet normal -0.751826 -0.659362 0
    outer loop
      vertex 106.172 3.17157 2
      vertex 105.827 3.56495 7.5
      vertex 105.827 3.56495 2
    endloop
  endfacet
  facet normal -0.751826 -0.659362 0
    outer loop
      vertex 105.827 3.56495 7.5
      vertex 106.172 3.17157 2
      vertex 106.172 3.17157 7.5
    endloop
  endfacet
  facet normal 0.659328 -0.751855 0
    outer loop
      vertex 111.492 2.87692 2
      vertex 111.828 3.17157 7.5
      vertex 111.492 2.87692 7.5
    endloop
  endfacet
  facet normal 0.659328 -0.751855 0
    outer loop
      vertex 111.828 3.17157 7.5
      vertex 111.492 2.87692 2
      vertex 111.828 3.17157 2
    endloop
  endfacet
  facet normal 0.0654151 0.997858 -0
    outer loop
      vertex 109.522 9.96578 2
      vertex 109 10 7.5
      vertex 109.522 9.96578 7.5
    endloop
  endfacet
  facet normal 0.0654151 0.997858 0
    outer loop
      vertex 109 10 7.5
      vertex 109.522 9.96578 2
      vertex 109 10 2
    endloop
  endfacet
  facet normal 0.751428 -0.659815 0
    outer loop
      vertex 111.828 3.17157 7.5
      vertex 112.123 3.50753 2
      vertex 112.123 3.50753 7.5
    endloop
  endfacet
  facet normal 0.751428 -0.659815 0
    outer loop
      vertex 112.123 3.50753 2
      vertex 111.828 3.17157 7.5
      vertex 111.828 3.17157 2
    endloop
  endfacet
  facet normal -0.831197 -0.555978 0
    outer loop
      vertex 105.827 3.56495 2
      vertex 105.536 4 7.5
      vertex 105.536 4 2
    endloop
  endfacet
  facet normal -0.831197 -0.555978 0
    outer loop
      vertex 105.536 4 7.5
      vertex 105.827 3.56495 2
      vertex 105.827 3.56495 7.5
    endloop
  endfacet
  facet normal -0.441744 -0.897141 0
    outer loop
      vertex 107 2.5359 2
      vertex 107.276 2.4 7.5
      vertex 107 2.5359 7.5
    endloop
  endfacet
  facet normal -0.441744 -0.897141 -0
    outer loop
      vertex 107.276 2.4 7.5
      vertex 107 2.5359 2
      vertex 107.276 2.4 2
    endloop
  endfacet
  facet normal -0.659701 -0.751529 0
    outer loop
      vertex 106.172 3.17157 2
      vertex 106.565 2.82659 7.5
      vertex 106.172 3.17157 7.5
    endloop
  endfacet
  facet normal -0.659701 -0.751529 -0
    outer loop
      vertex 106.565 2.82659 7.5
      vertex 106.172 3.17157 2
      vertex 106.565 2.82659 2
    endloop
  endfacet
  facet normal -0.980814 0.194947 0
    outer loop
      vertex 105.034 6.5221 2
      vertex 105.136 7.03528 7.5
      vertex 105.136 7.03528 2
    endloop
  endfacet
  facet normal -0.980814 0.194947 0
    outer loop
      vertex 105.136 7.03528 7.5
      vertex 105.034 6.5221 2
      vertex 105.034 6.5221 7.5
    endloop
  endfacet
  facet normal 0.659701 0.751529 -0
    outer loop
      vertex 111.828 8.82843 2
      vertex 111.435 9.17341 7.5
      vertex 111.828 8.82843 7.5
    endloop
  endfacet
  facet normal 0.659701 0.751529 0
    outer loop
      vertex 111.435 9.17341 7.5
      vertex 111.828 8.82843 2
      vertex 111.435 9.17341 2
    endloop
  endfacet
  facet normal -0.997886 -0.0649827 0
    outer loop
      vertex 105.034 5.47789 2
      vertex 105 6 7.5
      vertex 105 6 2
    endloop
  endfacet
  facet normal -0.997886 -0.0649827 0
    outer loop
      vertex 105 6 7.5
      vertex 105.034 5.47789 2
      vertex 105.034 5.47789 7.5
    endloop
  endfacet
  facet normal -0.19516 0.980771 0
    outer loop
      vertex 108.478 9.96578 2
      vertex 107.965 9.8637 7.5
      vertex 108.478 9.96578 7.5
    endloop
  endfacet
  facet normal -0.19516 0.980771 0
    outer loop
      vertex 107.965 9.8637 7.5
      vertex 108.478 9.96578 2
      vertex 107.965 9.8637 2
    endloop
  endfacet
  facet normal -0.980813 -0.194951 0
    outer loop
      vertex 105.136 4.96472 2
      vertex 105.034 5.47789 7.5
      vertex 105.034 5.47789 2
    endloop
  endfacet
  facet normal -0.980813 -0.194951 0
    outer loop
      vertex 105.034 5.47789 7.5
      vertex 105.136 4.96472 2
      vertex 105.136 4.96472 7.5
    endloop
  endfacet
  facet normal -0.947036 0.321126 0
    outer loop
      vertex 105.136 7.03528 2
      vertex 105.304 7.53073 7.5
      vertex 105.304 7.53073 2
    endloop
  endfacet
  facet normal -0.947036 0.321126 0
    outer loop
      vertex 105.304 7.53073 7.5
      vertex 105.136 7.03528 2
      vertex 105.136 7.03528 7.5
    endloop
  endfacet
  facet normal 0.896758 -0.442522 0
    outer loop
      vertex 112.464 68 7.5
      vertex 112.6 68.2756 2
      vertex 112.6 68.2756 7.5
    endloop
  endfacet
  facet normal 0.896758 -0.442522 0
    outer loop
      vertex 112.6 68.2756 2
      vertex 112.464 68 7.5
      vertex 112.464 68 2
    endloop
  endfacet
  facet normal -0.997886 -0.064984 0
    outer loop
      vertex 105.034 69.4779 2
      vertex 105 70 7.5
      vertex 105 70 2
    endloop
  endfacet
  facet normal -0.997886 -0.064984 0
    outer loop
      vertex 105 70 7.5
      vertex 105.034 69.4779 2
      vertex 105.034 69.4779 7.5
    endloop
  endfacet
  facet normal 0.831167 -0.556022 0
    outer loop
      vertex 112.173 67.565 7.5
      vertex 112.464 68 2
      vertex 112.464 68 7.5
    endloop
  endfacet
  facet normal 0.831167 -0.556022 0
    outer loop
      vertex 112.464 68 2
      vertex 112.173 67.565 7.5
      vertex 112.173 67.565 2
    endloop
  endfacet
  facet normal -0.751842 -0.659343 0
    outer loop
      vertex 106.172 67.1716 2
      vertex 105.827 67.565 7.5
      vertex 105.827 67.565 2
    endloop
  endfacet
  facet normal -0.751842 -0.659343 0
    outer loop
      vertex 105.827 67.565 7.5
      vertex 106.172 67.1716 2
      vertex 106.172 67.1716 7.5
    endloop
  endfacet
  facet normal -0.831167 0.556022 0
    outer loop
      vertex 105.536 72 2
      vertex 105.827 72.435 7.5
      vertex 105.827 72.435 2
    endloop
  endfacet
  facet normal -0.831167 0.556022 0
    outer loop
      vertex 105.827 72.435 7.5
      vertex 105.536 72 2
      vertex 105.536 72 7.5
    endloop
  endfacet
  facet normal -0.980815 0.19494 0
    outer loop
      vertex 105.034 70.5221 2
      vertex 105.136 71.0353 7.5
      vertex 105.136 71.0353 2
    endloop
  endfacet
  facet normal -0.980815 0.19494 0
    outer loop
      vertex 105.136 71.0353 7.5
      vertex 105.034 70.5221 2
      vertex 105.034 70.5221 7.5
    endloop
  endfacet
  facet normal -0.997886 0.064984 0
    outer loop
      vertex 105 70 2
      vertex 105.034 70.5221 7.5
      vertex 105.034 70.5221 2
    endloop
  endfacet
  facet normal -0.997886 0.064984 0
    outer loop
      vertex 105.034 70.5221 7.5
      vertex 105 70 2
      vertex 105 70 7.5
    endloop
  endfacet
  facet normal -0.896443 -0.443159 0
    outer loop
      vertex 105.536 68 2
      vertex 105.304 68.4693 7.5
      vertex 105.304 68.4693 2
    endloop
  endfacet
  facet normal -0.896443 -0.443159 0
    outer loop
      vertex 105.304 68.4693 7.5
      vertex 105.536 68 2
      vertex 105.536 68 7.5
    endloop
  endfacet
  facet normal -0.555626 0.831432 0
    outer loop
      vertex 107 73.4641 2
      vertex 106.565 73.1734 7.5
      vertex 107 73.4641 7.5
    endloop
  endfacet
  facet normal -0.555626 0.831432 0
    outer loop
      vertex 106.565 73.1734 7.5
      vertex 107 73.4641 2
      vertex 106.565 73.1734 2
    endloop
  endfacet
  facet normal -0.947026 0.321156 0
    outer loop
      vertex 105.136 71.0353 2
      vertex 105.304 71.5307 7.5
      vertex 105.304 71.5307 2
    endloop
  endfacet
  facet normal -0.947026 0.321156 0
    outer loop
      vertex 105.304 71.5307 7.5
      vertex 105.136 71.0353 2
      vertex 105.136 71.0353 7.5
    endloop
  endfacet
  facet normal 0.75137 0.659881 0
    outer loop
      vertex 112.123 72.4925 7.5
      vertex 111.828 72.8284 2
      vertex 111.828 72.8284 7.5
    endloop
  endfacet
  facet normal 0.75137 0.659881 0
    outer loop
      vertex 111.828 72.8284 2
      vertex 112.123 72.4925 7.5
      vertex 112.123 72.4925 2
    endloop
  endfacet
  facet normal -0.442465 -0.896786 0
    outer loop
      vertex 107 66.5359 2
      vertex 107.469 66.3045 7.5
      vertex 107 66.5359 7.5
    endloop
  endfacet
  facet normal -0.442465 -0.896786 -0
    outer loop
      vertex 107.469 66.3045 7.5
      vertex 107 66.5359 2
      vertex 107.469 66.3045 2
    endloop
  endfacet
  facet normal 0.660375 0.750936 -0
    outer loop
      vertex 111.828 72.8284 2
      vertex 111.493 73.123 7.5
      vertex 111.828 72.8284 7.5
    endloop
  endfacet
  facet normal 0.660375 0.750936 0
    outer loop
      vertex 111.493 73.123 7.5
      vertex 111.828 72.8284 2
      vertex 111.493 73.123 2
    endloop
  endfacet
  facet normal 0.751842 -0.659343 0
    outer loop
      vertex 111.828 67.1716 7.5
      vertex 112.173 67.565 2
      vertex 112.173 67.565 7.5
    endloop
  endfacet
  facet normal 0.751842 -0.659343 0
    outer loop
      vertex 112.173 67.565 2
      vertex 111.828 67.1716 7.5
      vertex 111.828 67.1716 2
    endloop
  endfacet
  facet normal -0.195197 -0.980764 0
    outer loop
      vertex 107.965 66.1363 2
      vertex 108.478 66.0342 7.5
      vertex 107.965 66.1363 7.5
    endloop
  endfacet
  facet normal -0.195197 -0.980764 -0
    outer loop
      vertex 108.478 66.0342 7.5
      vertex 107.965 66.1363 2
      vertex 108.478 66.0342 2
    endloop
  endfacet
  facet normal 0.555626 -0.831432 0
    outer loop
      vertex 111 66.5359 2
      vertex 111.435 66.8266 7.5
      vertex 111 66.5359 7.5
    endloop
  endfacet
  facet normal 0.555626 -0.831432 0
    outer loop
      vertex 111.435 66.8266 7.5
      vertex 111 66.5359 2
      vertex 111.435 66.8266 2
    endloop
  endfacet
  facet normal 0.442465 -0.896786 0
    outer loop
      vertex 110.531 66.3045 2
      vertex 111 66.5359 7.5
      vertex 110.531 66.3045 7.5
    endloop
  endfacet
  facet normal 0.442465 -0.896786 0
    outer loop
      vertex 111 66.5359 7.5
      vertex 110.531 66.3045 2
      vertex 111 66.5359 2
    endloop
  endfacet
  facet normal 0.195197 -0.980764 0
    outer loop
      vertex 109.522 66.0342 2
      vertex 110.035 66.1363 7.5
      vertex 109.522 66.0342 7.5
    endloop
  endfacet
  facet normal 0.195197 -0.980764 0
    outer loop
      vertex 110.035 66.1363 7.5
      vertex 109.522 66.0342 2
      vertex 110.035 66.1363 2
    endloop
  endfacet
  facet normal 0.32115 -0.947028 0
    outer loop
      vertex 110.035 66.1363 2
      vertex 110.531 66.3045 7.5
      vertex 110.035 66.1363 7.5
    endloop
  endfacet
  facet normal 0.32115 -0.947028 0
    outer loop
      vertex 110.531 66.3045 7.5
      vertex 110.035 66.1363 2
      vertex 110.531 66.3045 2
    endloop
  endfacet
  facet normal -0.947026 -0.321156 0
    outer loop
      vertex 105.304 68.4693 2
      vertex 105.136 68.9647 7.5
      vertex 105.136 68.9647 2
    endloop
  endfacet
  facet normal -0.947026 -0.321156 0
    outer loop
      vertex 105.136 68.9647 7.5
      vertex 105.304 68.4693 2
      vertex 105.304 68.4693 7.5
    endloop
  endfacet
  facet normal -0.980815 -0.19494 0
    outer loop
      vertex 105.136 68.9647 2
      vertex 105.034 69.4779 7.5
      vertex 105.034 69.4779 2
    endloop
  endfacet
  facet normal -0.980815 -0.19494 0
    outer loop
      vertex 105.034 69.4779 7.5
      vertex 105.136 68.9647 2
      vertex 105.136 68.9647 7.5
    endloop
  endfacet
  facet normal 0.0653771 -0.997861 0
    outer loop
      vertex 109 66 2
      vertex 109.522 66.0342 7.5
      vertex 109 66 7.5
    endloop
  endfacet
  facet normal 0.0653771 -0.997861 0
    outer loop
      vertex 109.522 66.0342 7.5
      vertex 109 66 2
      vertex 109.522 66.0342 2
    endloop
  endfacet
  facet normal -0.441744 0.897141 0
    outer loop
      vertex 107.276 73.6 2
      vertex 107 73.4641 7.5
      vertex 107.276 73.6 7.5
    endloop
  endfacet
  facet normal -0.441744 0.897141 0
    outer loop
      vertex 107 73.4641 7.5
      vertex 107.276 73.6 2
      vertex 107 73.4641 2
    endloop
  endfacet
  facet normal -0.831167 -0.556022 0
    outer loop
      vertex 105.827 67.565 2
      vertex 105.536 68 7.5
      vertex 105.536 68 2
    endloop
  endfacet
  facet normal -0.831167 -0.556022 0
    outer loop
      vertex 105.536 68 7.5
      vertex 105.827 67.565 2
      vertex 105.827 67.565 7.5
    endloop
  endfacet
  facet normal -0.659722 -0.75151 0
    outer loop
      vertex 106.172 67.1716 2
      vertex 106.565 66.8266 7.5
      vertex 106.172 67.1716 7.5
    endloop
  endfacet
  facet normal -0.659722 -0.75151 -0
    outer loop
      vertex 106.565 66.8266 7.5
      vertex 106.172 67.1716 2
      vertex 106.565 66.8266 2
    endloop
  endfacet
  facet normal -0.751842 0.659343 0
    outer loop
      vertex 105.827 72.435 2
      vertex 106.172 72.8284 7.5
      vertex 106.172 72.8284 2
    endloop
  endfacet
  facet normal -0.751842 0.659343 0
    outer loop
      vertex 106.172 72.8284 7.5
      vertex 105.827 72.435 2
      vertex 105.827 72.435 7.5
    endloop
  endfacet
  facet normal -0.32115 -0.947028 0
    outer loop
      vertex 107.469 66.3045 2
      vertex 107.965 66.1363 7.5
      vertex 107.469 66.3045 7.5
    endloop
  endfacet
  facet normal -0.32115 -0.947028 -0
    outer loop
      vertex 107.965 66.1363 7.5
      vertex 107.469 66.3045 2
      vertex 107.965 66.1363 2
    endloop
  endfacet
  facet normal -0.659722 0.75151 0
    outer loop
      vertex 106.565 73.1734 2
      vertex 106.172 72.8284 7.5
      vertex 106.565 73.1734 7.5
    endloop
  endfacet
  facet normal -0.659722 0.75151 0
    outer loop
      vertex 106.172 72.8284 7.5
      vertex 106.565 73.1734 2
      vertex 106.172 72.8284 2
    endloop
  endfacet
  facet normal -0.896443 0.443159 0
    outer loop
      vertex 105.304 71.5307 2
      vertex 105.536 72 7.5
      vertex 105.536 72 2
    endloop
  endfacet
  facet normal -0.896443 0.443159 0
    outer loop
      vertex 105.536 72 7.5
      vertex 105.304 71.5307 2
      vertex 105.304 71.5307 7.5
    endloop
  endfacet
  facet normal -0.555626 -0.831432 0
    outer loop
      vertex 106.565 66.8266 2
      vertex 107 66.5359 7.5
      vertex 106.565 66.8266 7.5
    endloop
  endfacet
  facet normal -0.555626 -0.831432 -0
    outer loop
      vertex 107 66.5359 7.5
      vertex 106.565 66.8266 2
      vertex 107 66.5359 2
    endloop
  endfacet
  facet normal 0.659722 -0.75151 0
    outer loop
      vertex 111.435 66.8266 2
      vertex 111.828 67.1716 7.5
      vertex 111.435 66.8266 7.5
    endloop
  endfacet
  facet normal 0.659722 -0.75151 0
    outer loop
      vertex 111.828 67.1716 7.5
      vertex 111.435 66.8266 2
      vertex 111.828 67.1716 2
    endloop
  endfacet
  facet normal -0.0653771 -0.997861 0
    outer loop
      vertex 108.478 66.0342 2
      vertex 109 66 7.5
      vertex 108.478 66.0342 7.5
    endloop
  endfacet
  facet normal -0.0653771 -0.997861 -0
    outer loop
      vertex 109 66 7.5
      vertex 108.478 66.0342 2
      vertex 109 66 2
    endloop
  endfacet
  facet normal 0.946967 0.32133 0
    outer loop
      vertex 9.52373 14.119 7.5
      vertex 9.47748 14.2553 2
      vertex 9.47748 14.2553 7.5
    endloop
  endfacet
  facet normal 0.946967 0.32133 0
    outer loop
      vertex 9.47748 14.2553 2
      vertex 9.52373 14.119 7.5
      vertex 9.52373 14.119 2
    endloop
  endfacet
  facet normal -0.44276 0.89664 0
    outer loop
      vertex 11.09 13.5874 2
      vertex 10.961 13.5237 7.5
      vertex 11.09 13.5874 7.5
    endloop
  endfacet
  facet normal -0.44276 0.89664 0
    outer loop
      vertex 10.961 13.5237 7.5
      vertex 11.09 13.5874 2
      vertex 10.961 13.5237 2
    endloop
  endfacet
  facet normal -0.44276 -0.89664 0
    outer loop
      vertex 10.961 15.5563 2
      vertex 11.09 15.4926 7.5
      vertex 10.961 15.5563 7.5
    endloop
  endfacet
  facet normal -0.44276 -0.89664 -0
    outer loop
      vertex 11.09 15.4926 7.5
      vertex 10.961 15.5563 2
      vertex 11.09 15.4926 2
    endloop
  endfacet
  facet normal 0.555374 -0.831601 0
    outer loop
      vertex 9.87036 15.4127 2
      vertex 9.99 15.4926 7.5
      vertex 9.87036 15.4127 7.5
    endloop
  endfacet
  facet normal 0.555374 -0.831601 0
    outer loop
      vertex 9.99 15.4926 7.5
      vertex 9.87036 15.4127 2
      vertex 9.99 15.4926 2
    endloop
  endfacet
  facet normal -0.321018 0.947073 0
    outer loop
      vertex 10.961 13.5237 2
      vertex 10.8247 13.4775 7.5
      vertex 10.961 13.5237 7.5
    endloop
  endfacet
  facet normal -0.321018 0.947073 0
    outer loop
      vertex 10.8247 13.4775 7.5
      vertex 10.961 13.5237 2
      vertex 10.8247 13.4775 2
    endloop
  endfacet
  facet normal 0.980781 0.195113 0
    outer loop
      vertex 9.47748 14.2553 7.5
      vertex 9.44941 14.3964 2
      vertex 9.44941 14.3964 7.5
    endloop
  endfacet
  facet normal 0.980781 0.195113 0
    outer loop
      vertex 9.44941 14.3964 2
      vertex 9.47748 14.2553 7.5
      vertex 9.47748 14.2553 2
    endloop
  endfacet
  facet normal -0.751801 -0.65939 0
    outer loop
      vertex 11.4127 15.2096 2
      vertex 11.3178 15.3178 7.5
      vertex 11.3178 15.3178 2
    endloop
  endfacet
  facet normal -0.751801 -0.65939 0
    outer loop
      vertex 11.3178 15.3178 7.5
      vertex 11.4127 15.2096 2
      vertex 11.4127 15.2096 7.5
    endloop
  endfacet
  facet normal 0.0653198 0.997864 -0
    outer loop
      vertex 10.54 13.44 2
      vertex 10.3964 13.4494 7.5
      vertex 10.54 13.44 7.5
    endloop
  endfacet
  facet normal 0.0653198 0.997864 0
    outer loop
      vertex 10.3964 13.4494 7.5
      vertex 10.54 13.44 2
      vertex 10.3964 13.4494 2
    endloop
  endfacet
  facet normal 0.0653198 -0.997864 0
    outer loop
      vertex 10.3964 15.6306 2
      vertex 10.54 15.64 7.5
      vertex 10.3964 15.6306 7.5
    endloop
  endfacet
  facet normal 0.0653198 -0.997864 0
    outer loop
      vertex 10.54 15.64 7.5
      vertex 10.3964 15.6306 2
      vertex 10.54 15.64 2
    endloop
  endfacet
  facet normal -0.997864 -0.0653198 0
    outer loop
      vertex 11.64 14.54 2
      vertex 11.6306 14.6836 7.5
      vertex 11.6306 14.6836 2
    endloop
  endfacet
  facet normal -0.997864 -0.0653198 0
    outer loop
      vertex 11.6306 14.6836 7.5
      vertex 11.64 14.54 2
      vertex 11.64 14.54 7.5
    endloop
  endfacet
  facet normal 0.659458 0.751741 -0
    outer loop
      vertex 9.87036 13.6673 2
      vertex 9.76218 13.7622 7.5
      vertex 9.87036 13.6673 7.5
    endloop
  endfacet
  facet normal 0.659458 0.751741 0
    outer loop
      vertex 9.76218 13.7622 7.5
      vertex 9.87036 13.6673 2
      vertex 9.76218 13.7622 2
    endloop
  endfacet
  facet normal 0.896806 -0.442424 0
    outer loop
      vertex 9.52373 14.961 7.5
      vertex 9.58737 15.09 2
      vertex 9.58737 15.09 7.5
    endloop
  endfacet
  facet normal 0.896806 -0.442424 0
    outer loop
      vertex 9.58737 15.09 2
      vertex 9.52373 14.961 7.5
      vertex 9.52373 14.961 2
    endloop
  endfacet
  facet normal 0.831387 -0.555694 0
    outer loop
      vertex 9.58737 15.09 7.5
      vertex 9.66731 15.2096 2
      vertex 9.66731 15.2096 7.5
    endloop
  endfacet
  facet normal 0.831387 -0.555694 0
    outer loop
      vertex 9.66731 15.2096 2
      vertex 9.58737 15.09 7.5
      vertex 9.58737 15.09 2
    endloop
  endfacet
  facet normal 0.195314 -0.980741 0
    outer loop
      vertex 10.2553 15.6025 2
      vertex 10.3964 15.6306 7.5
      vertex 10.2553 15.6025 7.5
    endloop
  endfacet
  facet normal 0.195314 -0.980741 0
    outer loop
      vertex 10.3964 15.6306 7.5
      vertex 10.2553 15.6025 2
      vertex 10.3964 15.6306 2
    endloop
  endfacet
  facet normal -0.980741 -0.195314 0
    outer loop
      vertex 11.6306 14.6836 2
      vertex 11.6025 14.8247 7.5
      vertex 11.6025 14.8247 2
    endloop
  endfacet
  facet normal -0.980741 -0.195314 0
    outer loop
      vertex 11.6025 14.8247 7.5
      vertex 11.6306 14.6836 2
      vertex 11.6306 14.6836 7.5
    endloop
  endfacet
  facet normal 0.831387 0.555694 0
    outer loop
      vertex 9.66731 13.8704 7.5
      vertex 9.58737 13.99 2
      vertex 9.58737 13.99 7.5
    endloop
  endfacet
  facet normal 0.831387 0.555694 0
    outer loop
      vertex 9.58737 13.99 2
      vertex 9.66731 13.8704 7.5
      vertex 9.66731 13.8704 2
    endloop
  endfacet
  facet normal 0.946967 -0.32133 0
    outer loop
      vertex 9.47748 14.8247 7.5
      vertex 9.52373 14.961 2
      vertex 9.52373 14.961 7.5
    endloop
  endfacet
  facet normal 0.946967 -0.32133 0
    outer loop
      vertex 9.52373 14.961 2
      vertex 9.47748 14.8247 7.5
      vertex 9.47748 14.8247 2
    endloop
  endfacet
  facet normal -0.555502 -0.831515 0
    outer loop
      vertex 11.09 15.4926 2
      vertex 11.2096 15.4127 7.5
      vertex 11.09 15.4926 7.5
    endloop
  endfacet
  facet normal -0.555502 -0.831515 -0
    outer loop
      vertex 11.2096 15.4127 7.5
      vertex 11.09 15.4926 2
      vertex 11.2096 15.4127 2
    endloop
  endfacet
  facet normal 0.99786 0.065389 0
    outer loop
      vertex 9.44941 14.3964 7.5
      vertex 9.44 14.54 2
      vertex 9.44 14.54 7.5
    endloop
  endfacet
  facet normal 0.99786 0.065389 0
    outer loop
      vertex 9.44 14.54 2
      vertex 9.44941 14.3964 7.5
      vertex 9.44941 14.3964 2
    endloop
  endfacet
  facet normal 0.321018 0.947073 -0
    outer loop
      vertex 10.2553 13.4775 2
      vertex 10.119 13.5237 7.5
      vertex 10.2553 13.4775 7.5
    endloop
  endfacet
  facet normal 0.321018 0.947073 0
    outer loop
      vertex 10.119 13.5237 7.5
      vertex 10.2553 13.4775 2
      vertex 10.119 13.5237 2
    endloop
  endfacet
  facet normal -0.947073 0.321018 0
    outer loop
      vertex 11.5563 14.119 2
      vertex 11.6025 14.2553 7.5
      vertex 11.6025 14.2553 2
    endloop
  endfacet
  facet normal -0.947073 0.321018 0
    outer loop
      vertex 11.6025 14.2553 7.5
      vertex 11.5563 14.119 2
      vertex 11.5563 14.119 7.5
    endloop
  endfacet
  facet normal -0.195314 -0.980741 0
    outer loop
      vertex 10.6836 15.6306 2
      vertex 10.8247 15.6025 7.5
      vertex 10.6836 15.6306 7.5
    endloop
  endfacet
  facet normal -0.195314 -0.980741 -0
    outer loop
      vertex 10.8247 15.6025 7.5
      vertex 10.6836 15.6306 2
      vertex 10.8247 15.6025 2
    endloop
  endfacet
  facet normal -0.195314 0.980741 0
    outer loop
      vertex 10.8247 13.4775 2
      vertex 10.6836 13.4494 7.5
      vertex 10.8247 13.4775 7.5
    endloop
  endfacet
  facet normal -0.195314 0.980741 0
    outer loop
      vertex 10.6836 13.4494 7.5
      vertex 10.8247 13.4775 2
      vertex 10.6836 13.4494 2
    endloop
  endfacet
  facet normal 0.195314 0.980741 -0
    outer loop
      vertex 10.3964 13.4494 2
      vertex 10.2553 13.4775 7.5
      vertex 10.3964 13.4494 7.5
    endloop
  endfacet
  facet normal 0.195314 0.980741 0
    outer loop
      vertex 10.2553 13.4775 7.5
      vertex 10.3964 13.4494 2
      vertex 10.2553 13.4775 2
    endloop
  endfacet
  facet normal -0.0653198 0.997864 0
    outer loop
      vertex 10.6836 13.4494 2
      vertex 10.54 13.44 7.5
      vertex 10.6836 13.4494 7.5
    endloop
  endfacet
  facet normal -0.0653198 0.997864 0
    outer loop
      vertex 10.54 13.44 7.5
      vertex 10.6836 13.4494 2
      vertex 10.54 13.44 2
    endloop
  endfacet
  facet normal -0.831515 -0.555502 0
    outer loop
      vertex 11.4926 15.09 2
      vertex 11.4127 15.2096 7.5
      vertex 11.4127 15.2096 2
    endloop
  endfacet
  facet normal -0.831515 -0.555502 0
    outer loop
      vertex 11.4127 15.2096 7.5
      vertex 11.4926 15.09 2
      vertex 11.4926 15.09 7.5
    endloop
  endfacet
  facet normal 0.321018 -0.947073 0
    outer loop
      vertex 10.119 15.5563 2
      vertex 10.2553 15.6025 7.5
      vertex 10.119 15.5563 7.5
    endloop
  endfacet
  facet normal 0.321018 -0.947073 0
    outer loop
      vertex 10.2553 15.6025 7.5
      vertex 10.119 15.5563 2
      vertex 10.2553 15.6025 2
    endloop
  endfacet
  facet normal 0.44276 -0.89664 0
    outer loop
      vertex 9.99 15.4926 2
      vertex 10.119 15.5563 7.5
      vertex 9.99 15.4926 7.5
    endloop
  endfacet
  facet normal 0.44276 -0.89664 0
    outer loop
      vertex 10.119 15.5563 7.5
      vertex 9.99 15.4926 2
      vertex 10.119 15.5563 2
    endloop
  endfacet
  facet normal -0.0653198 -0.997864 0
    outer loop
      vertex 10.54 15.64 2
      vertex 10.6836 15.6306 7.5
      vertex 10.54 15.64 7.5
    endloop
  endfacet
  facet normal -0.0653198 -0.997864 -0
    outer loop
      vertex 10.6836 15.6306 7.5
      vertex 10.54 15.64 2
      vertex 10.6836 15.6306 2
    endloop
  endfacet
  facet normal -0.555502 0.831515 0
    outer loop
      vertex 11.2096 13.6673 2
      vertex 11.09 13.5874 7.5
      vertex 11.2096 13.6673 7.5
    endloop
  endfacet
  facet normal -0.555502 0.831515 0
    outer loop
      vertex 11.09 13.5874 7.5
      vertex 11.2096 13.6673 2
      vertex 11.09 13.5874 2
    endloop
  endfacet
  facet normal 0.896806 0.442424 0
    outer loop
      vertex 9.58737 13.99 7.5
      vertex 9.52373 14.119 2
      vertex 9.52373 14.119 7.5
    endloop
  endfacet
  facet normal 0.896806 0.442424 0
    outer loop
      vertex 9.52373 14.119 2
      vertex 9.58737 13.99 7.5
      vertex 9.58737 13.99 2
    endloop
  endfacet
  facet normal -0.65939 0.751801 0
    outer loop
      vertex 11.3178 13.7622 2
      vertex 11.2096 13.6673 7.5
      vertex 11.3178 13.7622 7.5
    endloop
  endfacet
  facet normal -0.65939 0.751801 0
    outer loop
      vertex 11.2096 13.6673 7.5
      vertex 11.3178 13.7622 2
      vertex 11.2096 13.6673 2
    endloop
  endfacet
  facet normal -0.947073 -0.321018 0
    outer loop
      vertex 11.6025 14.8247 2
      vertex 11.5563 14.961 7.5
      vertex 11.5563 14.961 2
    endloop
  endfacet
  facet normal -0.947073 -0.321018 0
    outer loop
      vertex 11.5563 14.961 7.5
      vertex 11.6025 14.8247 2
      vertex 11.6025 14.8247 7.5
    endloop
  endfacet
  facet normal -0.997864 0.0653198 0
    outer loop
      vertex 11.6306 14.3964 2
      vertex 11.64 14.54 7.5
      vertex 11.64 14.54 2
    endloop
  endfacet
  facet normal -0.997864 0.0653198 0
    outer loop
      vertex 11.64 14.54 7.5
      vertex 11.6306 14.3964 2
      vertex 11.6306 14.3964 7.5
    endloop
  endfacet
  facet normal -0.321018 -0.947073 0
    outer loop
      vertex 10.8247 15.6025 2
      vertex 10.961 15.5563 7.5
      vertex 10.8247 15.6025 7.5
    endloop
  endfacet
  facet normal -0.321018 -0.947073 -0
    outer loop
      vertex 10.961 15.5563 7.5
      vertex 10.8247 15.6025 2
      vertex 10.961 15.5563 2
    endloop
  endfacet
  facet normal -0.831515 0.555502 0
    outer loop
      vertex 11.4127 13.8704 2
      vertex 11.4926 13.99 7.5
      vertex 11.4926 13.99 2
    endloop
  endfacet
  facet normal -0.831515 0.555502 0
    outer loop
      vertex 11.4926 13.99 7.5
      vertex 11.4127 13.8704 2
      vertex 11.4127 13.8704 7.5
    endloop
  endfacet
  facet normal -0.89664 0.44276 0
    outer loop
      vertex 11.4926 13.99 2
      vertex 11.5563 14.119 7.5
      vertex 11.5563 14.119 2
    endloop
  endfacet
  facet normal -0.89664 0.44276 0
    outer loop
      vertex 11.5563 14.119 7.5
      vertex 11.4926 13.99 2
      vertex 11.4926 13.99 7.5
    endloop
  endfacet
  facet normal -0.65939 -0.751801 0
    outer loop
      vertex 11.2096 15.4127 2
      vertex 11.3178 15.3178 7.5
      vertex 11.2096 15.4127 7.5
    endloop
  endfacet
  facet normal -0.65939 -0.751801 -0
    outer loop
      vertex 11.3178 15.3178 7.5
      vertex 11.2096 15.4127 2
      vertex 11.3178 15.3178 2
    endloop
  endfacet
  facet normal -0.980741 0.195314 0
    outer loop
      vertex 11.6025 14.2553 2
      vertex 11.6306 14.3964 7.5
      vertex 11.6306 14.3964 2
    endloop
  endfacet
  facet normal -0.980741 0.195314 0
    outer loop
      vertex 11.6306 14.3964 7.5
      vertex 11.6025 14.2553 2
      vertex 11.6025 14.2553 7.5
    endloop
  endfacet
  facet normal 0.44276 0.89664 -0
    outer loop
      vertex 10.119 13.5237 2
      vertex 9.99 13.5874 7.5
      vertex 10.119 13.5237 7.5
    endloop
  endfacet
  facet normal 0.44276 0.89664 0
    outer loop
      vertex 9.99 13.5874 7.5
      vertex 10.119 13.5237 2
      vertex 9.99 13.5874 2
    endloop
  endfacet
  facet normal 0.751905 0.659272 0
    outer loop
      vertex 9.76218 13.7622 7.5
      vertex 9.66731 13.8704 2
      vertex 9.66731 13.8704 7.5
    endloop
  endfacet
  facet normal 0.751905 0.659272 0
    outer loop
      vertex 9.66731 13.8704 2
      vertex 9.76218 13.7622 7.5
      vertex 9.76218 13.7622 2
    endloop
  endfacet
  facet normal -0.89664 -0.44276 0
    outer loop
      vertex 11.5563 14.961 2
      vertex 11.4926 15.09 7.5
      vertex 11.4926 15.09 2
    endloop
  endfacet
  facet normal -0.89664 -0.44276 0
    outer loop
      vertex 11.4926 15.09 7.5
      vertex 11.5563 14.961 2
      vertex 11.5563 14.961 7.5
    endloop
  endfacet
  facet normal 0.751905 -0.659272 0
    outer loop
      vertex 9.66731 15.2096 7.5
      vertex 9.76218 15.3178 2
      vertex 9.76218 15.3178 7.5
    endloop
  endfacet
  facet normal 0.751905 -0.659272 0
    outer loop
      vertex 9.76218 15.3178 2
      vertex 9.66731 15.2096 7.5
      vertex 9.66731 15.2096 2
    endloop
  endfacet
  facet normal 0.555374 0.831601 -0
    outer loop
      vertex 9.99 13.5874 2
      vertex 9.87036 13.6673 7.5
      vertex 9.99 13.5874 7.5
    endloop
  endfacet
  facet normal 0.555374 0.831601 0
    outer loop
      vertex 9.87036 13.6673 7.5
      vertex 9.99 13.5874 2
      vertex 9.87036 13.6673 2
    endloop
  endfacet
  facet normal -0.751801 0.65939 0
    outer loop
      vertex 11.3178 13.7622 2
      vertex 11.4127 13.8704 7.5
      vertex 11.4127 13.8704 2
    endloop
  endfacet
  facet normal -0.751801 0.65939 0
    outer loop
      vertex 11.4127 13.8704 7.5
      vertex 11.3178 13.7622 2
      vertex 11.3178 13.7622 7.5
    endloop
  endfacet
  facet normal 0.659458 -0.751741 0
    outer loop
      vertex 9.76218 15.3178 2
      vertex 9.87036 15.4127 7.5
      vertex 9.76218 15.3178 7.5
    endloop
  endfacet
  facet normal 0.659458 -0.751741 0
    outer loop
      vertex 9.87036 15.4127 7.5
      vertex 9.76218 15.3178 2
      vertex 9.87036 15.4127 2
    endloop
  endfacet
  facet normal 0.980781 -0.195113 0
    outer loop
      vertex 9.44941 14.6836 7.5
      vertex 9.47748 14.8247 2
      vertex 9.47748 14.8247 7.5
    endloop
  endfacet
  facet normal 0.980781 -0.195113 0
    outer loop
      vertex 9.47748 14.8247 2
      vertex 9.44941 14.6836 7.5
      vertex 9.44941 14.6836 2
    endloop
  endfacet
  facet normal 0.99786 -0.065389 0
    outer loop
      vertex 9.44 14.54 7.5
      vertex 9.44941 14.6836 2
      vertex 9.44941 14.6836 7.5
    endloop
  endfacet
  facet normal 0.99786 -0.065389 0
    outer loop
      vertex 9.44941 14.6836 2
      vertex 9.44 14.54 7.5
      vertex 9.44 14.54 2
    endloop
  endfacet
  facet normal 0 0 1
    outer loop
      vertex 11.6306 14.6836 2
      vertex 11.6306 14.3964 2
      vertex 11.64 14.54 2
    endloop
  endfacet
  facet normal 0 0 1
    outer loop
      vertex 11.6025 14.8247 2
      vertex 11.6306 14.3964 2
      vertex 11.6306 14.6836 2
    endloop
  endfacet
  facet normal 0 0 1
    outer loop
      vertex 11.6025 14.8247 2
      vertex 11.6025 14.2553 2
      vertex 11.6306 14.3964 2
    endloop
  endfacet
  facet normal 0 0 1
    outer loop
      vertex 11.5563 14.961 2
      vertex 11.6025 14.2553 2
      vertex 11.6025 14.8247 2
    endloop
  endfacet
  facet normal 0 0 1
    outer loop
      vertex 11.5563 14.961 2
      vertex 11.5563 14.119 2
      vertex 11.6025 14.2553 2
    endloop
  endfacet
  facet normal 0 0 1
    outer loop
      vertex 11.4926 15.09 2
      vertex 11.5563 14.119 2
      vertex 11.5563 14.961 2
    endloop
  endfacet
  facet normal 0 0 1
    outer loop
      vertex 11.4926 15.09 2
      vertex 11.4926 13.99 2
      vertex 11.5563 14.119 2
    endloop
  endfacet
  facet normal 0 0 1
    outer loop
      vertex 11.4127 15.2096 2
      vertex 11.4926 13.99 2
      vertex 11.4926 15.09 2
    endloop
  endfacet
  facet normal 0 0 1
    outer loop
      vertex 11.4127 15.2096 2
      vertex 11.4127 13.8704 2
      vertex 11.4926 13.99 2
    endloop
  endfacet
  facet normal 0 0 1
    outer loop
      vertex 11.3178 15.3178 2
      vertex 11.4127 13.8704 2
      vertex 11.4127 15.2096 2
    endloop
  endfacet
  facet normal 0 0 1
    outer loop
      vertex 11.3178 15.3178 2
      vertex 11.3178 13.7622 2
      vertex 11.4127 13.8704 2
    endloop
  endfacet
  facet normal 0 0 1
    outer loop
      vertex 11.2096 15.4127 2
      vertex 11.3178 13.7622 2
      vertex 11.3178 15.3178 2
    endloop
  endfacet
  facet normal 0 0 1
    outer loop
      vertex 11.2096 15.4127 2
      vertex 11.2096 13.6673 2
      vertex 11.3178 13.7622 2
    endloop
  endfacet
  facet normal 0 0 1
    outer loop
      vertex 11.09 15.4926 2
      vertex 11.2096 13.6673 2
      vertex 11.2096 15.4127 2
    endloop
  endfacet
  facet normal 0 0 1
    outer loop
      vertex 11.09 15.4926 2
      vertex 11.09 13.5874 2
      vertex 11.2096 13.6673 2
    endloop
  endfacet
  facet normal 0 0 1
    outer loop
      vertex 10.961 15.5563 2
      vertex 11.09 13.5874 2
      vertex 11.09 15.4926 2
    endloop
  endfacet
  facet normal 0 0 1
    outer loop
      vertex 10.961 15.5563 2
      vertex 10.961 13.5237 2
      vertex 11.09 13.5874 2
    endloop
  endfacet
  facet normal 0 0 1
    outer loop
      vertex 10.8247 15.6025 2
      vertex 10.961 13.5237 2
      vertex 10.961 15.5563 2
    endloop
  endfacet
  facet normal 0 0 1
    outer loop
      vertex 10.8247 15.6025 2
      vertex 10.8247 13.4775 2
      vertex 10.961 13.5237 2
    endloop
  endfacet
  facet normal 0 0 1
    outer loop
      vertex 10.6836 15.6306 2
      vertex 10.8247 13.4775 2
      vertex 10.8247 15.6025 2
    endloop
  endfacet
  facet normal 0 0 1
    outer loop
      vertex 10.6836 15.6306 2
      vertex 10.6836 13.4494 2
      vertex 10.8247 13.4775 2
    endloop
  endfacet
  facet normal 0 0 1
    outer loop
      vertex 10.54 15.64 2
      vertex 10.6836 13.4494 2
      vertex 10.6836 15.6306 2
    endloop
  endfacet
  facet normal 0 0 1
    outer loop
      vertex 10.54 15.64 2
      vertex 10.54 13.44 2
      vertex 10.6836 13.4494 2
    endloop
  endfacet
  facet normal -0 0 1
    outer loop
      vertex 10.3964 15.6306 2
      vertex 10.54 13.44 2
      vertex 10.54 15.64 2
    endloop
  endfacet
  facet normal 0 0 1
    outer loop
      vertex 10.3964 15.6306 2
      vertex 10.3964 13.4494 2
      vertex 10.54 13.44 2
    endloop
  endfacet
  facet normal -0 0 1
    outer loop
      vertex 10.2553 15.6025 2
      vertex 10.3964 13.4494 2
      vertex 10.3964 15.6306 2
    endloop
  endfacet
  facet normal 0 0 1
    outer loop
      vertex 10.2553 15.6025 2
      vertex 10.2553 13.4775 2
      vertex 10.3964 13.4494 2
    endloop
  endfacet
  facet normal -0 0 1
    outer loop
      vertex 10.119 15.5563 2
      vertex 10.2553 13.4775 2
      vertex 10.2553 15.6025 2
    endloop
  endfacet
  facet normal 0 0 1
    outer loop
      vertex 10.119 15.5563 2
      vertex 10.119 13.5237 2
      vertex 10.2553 13.4775 2
    endloop
  endfacet
  facet normal -0 0 1
    outer loop
      vertex 9.99 15.4926 2
      vertex 10.119 13.5237 2
      vertex 10.119 15.5563 2
    endloop
  endfacet
  facet normal 0 0 1
    outer loop
      vertex 9.99 15.4926 2
      vertex 9.99 13.5874 2
      vertex 10.119 13.5237 2
    endloop
  endfacet
  facet normal -0 0 1
    outer loop
      vertex 9.87036 15.4127 2
      vertex 9.99 13.5874 2
      vertex 9.99 15.4926 2
    endloop
  endfacet
  facet normal 0 0 1
    outer loop
      vertex 9.87036 15.4127 2
      vertex 9.87036 13.6673 2
      vertex 9.99 13.5874 2
    endloop
  endfacet
  facet normal -0 0 1
    outer loop
      vertex 9.76218 15.3178 2
      vertex 9.87036 13.6673 2
      vertex 9.87036 15.4127 2
    endloop
  endfacet
  facet normal 0 0 1
    outer loop
      vertex 9.76218 15.3178 2
      vertex 9.76218 13.7622 2
      vertex 9.87036 13.6673 2
    endloop
  endfacet
  facet normal -0 0 1
    outer loop
      vertex 9.66731 15.2096 2
      vertex 9.76218 13.7622 2
      vertex 9.76218 15.3178 2
    endloop
  endfacet
  facet normal 0 0 1
    outer loop
      vertex 9.66731 15.2096 2
      vertex 9.66731 13.8704 2
      vertex 9.76218 13.7622 2
    endloop
  endfacet
  facet normal -0 0 1
    outer loop
      vertex 9.58737 15.09 2
      vertex 9.66731 13.8704 2
      vertex 9.66731 15.2096 2
    endloop
  endfacet
  facet normal 0 0 1
    outer loop
      vertex 9.58737 15.09 2
      vertex 9.58737 13.99 2
      vertex 9.66731 13.8704 2
    endloop
  endfacet
  facet normal -0 0 1
    outer loop
      vertex 9.52373 14.961 2
      vertex 9.58737 13.99 2
      vertex 9.58737 15.09 2
    endloop
  endfacet
  facet normal 0 0 1
    outer loop
      vertex 9.52373 14.961 2
      vertex 9.52373 14.119 2
      vertex 9.58737 13.99 2
    endloop
  endfacet
  facet normal -0 0 1
    outer loop
      vertex 9.47748 14.8247 2
      vertex 9.52373 14.119 2
      vertex 9.52373 14.961 2
    endloop
  endfacet
  facet normal 0 0 1
    outer loop
      vertex 9.47748 14.8247 2
      vertex 9.47748 14.2553 2
      vertex 9.52373 14.119 2
    endloop
  endfacet
  facet normal -0 0 1
    outer loop
      vertex 9.44941 14.6836 2
      vertex 9.47748 14.2553 2
      vertex 9.47748 14.8247 2
    endloop
  endfacet
  facet normal 0 0 1
    outer loop
      vertex 9.44941 14.6836 2
      vertex 9.44941 14.3964 2
      vertex 9.47748 14.2553 2
    endloop
  endfacet
  facet normal 0 -0 1
    outer loop
      vertex 9.44941 14.3964 2
      vertex 9.44941 14.6836 2
      vertex 9.44 14.54 2
    endloop
  endfacet
  facet normal -0.980741 0.195314 0
    outer loop
      vertex 11.6025 61.7533 2
      vertex 11.6306 61.8944 7.5
      vertex 11.6306 61.8944 2
    endloop
  endfacet
  facet normal -0.980741 0.195314 0
    outer loop
      vertex 11.6306 61.8944 7.5
      vertex 11.6025 61.7533 2
      vertex 11.6025 61.7533 7.5
    endloop
  endfacet
  facet normal -0.980741 -0.195314 0
    outer loop
      vertex 11.6306 62.1816 2
      vertex 11.6025 62.3227 7.5
      vertex 11.6025 62.3227 2
    endloop
  endfacet
  facet normal -0.980741 -0.195314 0
    outer loop
      vertex 11.6025 62.3227 7.5
      vertex 11.6306 62.1816 2
      vertex 11.6306 62.1816 7.5
    endloop
  endfacet
  facet normal -0.997864 -0.0653198 0
    outer loop
      vertex 11.64 62.038 2
      vertex 11.6306 62.1816 7.5
      vertex 11.6306 62.1816 2
    endloop
  endfacet
  facet normal -0.997864 -0.0653198 0
    outer loop
      vertex 11.6306 62.1816 7.5
      vertex 11.64 62.038 2
      vertex 11.64 62.038 7.5
    endloop
  endfacet
  facet normal 0.659458 -0.751741 0
    outer loop
      vertex 9.76218 62.8158 2
      vertex 9.87036 62.9107 7.5
      vertex 9.76218 62.8158 7.5
    endloop
  endfacet
  facet normal 0.659458 -0.751741 0
    outer loop
      vertex 9.87036 62.9107 7.5
      vertex 9.76218 62.8158 2
      vertex 9.87036 62.9107 2
    endloop
  endfacet
  facet normal -0.555502 0.831515 0
    outer loop
      vertex 11.2096 61.1653 2
      vertex 11.09 61.0854 7.5
      vertex 11.2096 61.1653 7.5
    endloop
  endfacet
  facet normal -0.555502 0.831515 0
    outer loop
      vertex 11.09 61.0854 7.5
      vertex 11.2096 61.1653 2
      vertex 11.09 61.0854 2
    endloop
  endfacet
  facet normal 0.44276 0.89664 -0
    outer loop
      vertex 10.119 61.0217 2
      vertex 9.99 61.0854 7.5
      vertex 10.119 61.0217 7.5
    endloop
  endfacet
  facet normal 0.44276 0.89664 0
    outer loop
      vertex 9.99 61.0854 7.5
      vertex 10.119 61.0217 2
      vertex 9.99 61.0854 2
    endloop
  endfacet
  facet normal -0.195314 -0.980741 0
    outer loop
      vertex 10.6836 63.1286 2
      vertex 10.8247 63.1005 7.5
      vertex 10.6836 63.1286 7.5
    endloop
  endfacet
  facet normal -0.195314 -0.980741 -0
    outer loop
      vertex 10.8247 63.1005 7.5
      vertex 10.6836 63.1286 2
      vertex 10.8247 63.1005 2
    endloop
  endfacet
  facet normal 0.195314 0.980741 -0
    outer loop
      vertex 10.3964 60.9474 2
      vertex 10.2553 60.9755 7.5
      vertex 10.3964 60.9474 7.5
    endloop
  endfacet
  facet normal 0.195314 0.980741 0
    outer loop
      vertex 10.2553 60.9755 7.5
      vertex 10.3964 60.9474 2
      vertex 10.2553 60.9755 2
    endloop
  endfacet
  facet normal 0.831387 0.555694 0
    outer loop
      vertex 9.66731 61.3684 7.5
      vertex 9.58737 61.488 2
      vertex 9.58737 61.488 7.5
    endloop
  endfacet
  facet normal 0.831387 0.555694 0
    outer loop
      vertex 9.58737 61.488 2
      vertex 9.66731 61.3684 7.5
      vertex 9.66731 61.3684 2
    endloop
  endfacet
  facet normal -0.947073 0.321018 0
    outer loop
      vertex 11.5563 61.617 2
      vertex 11.6025 61.7533 7.5
      vertex 11.6025 61.7533 2
    endloop
  endfacet
  facet normal -0.947073 0.321018 0
    outer loop
      vertex 11.6025 61.7533 7.5
      vertex 11.5563 61.617 2
      vertex 11.5563 61.617 7.5
    endloop
  endfacet
  facet normal -0.751801 0.65939 0
    outer loop
      vertex 11.3178 61.2602 2
      vertex 11.4127 61.3684 7.5
      vertex 11.4127 61.3684 2
    endloop
  endfacet
  facet normal -0.751801 0.65939 0
    outer loop
      vertex 11.4127 61.3684 7.5
      vertex 11.3178 61.2602 2
      vertex 11.3178 61.2602 7.5
    endloop
  endfacet
  facet normal -0.751801 -0.65939 0
    outer loop
      vertex 11.4127 62.7076 2
      vertex 11.3178 62.8158 7.5
      vertex 11.3178 62.8158 2
    endloop
  endfacet
  facet normal -0.751801 -0.65939 0
    outer loop
      vertex 11.3178 62.8158 7.5
      vertex 11.4127 62.7076 2
      vertex 11.4127 62.7076 7.5
    endloop
  endfacet
  facet normal 0.946967 0.32133 0
    outer loop
      vertex 9.52373 61.617 7.5
      vertex 9.47748 61.7533 2
      vertex 9.47748 61.7533 7.5
    endloop
  endfacet
  facet normal 0.946967 0.32133 0
    outer loop
      vertex 9.47748 61.7533 2
      vertex 9.52373 61.617 7.5
      vertex 9.52373 61.617 2
    endloop
  endfacet
  facet normal -0.195314 0.980741 0
    outer loop
      vertex 10.8247 60.9755 2
      vertex 10.6836 60.9474 7.5
      vertex 10.8247 60.9755 7.5
    endloop
  endfacet
  facet normal -0.195314 0.980741 0
    outer loop
      vertex 10.6836 60.9474 7.5
      vertex 10.8247 60.9755 2
      vertex 10.6836 60.9474 2
    endloop
  endfacet
  facet normal 0.321018 -0.947073 0
    outer loop
      vertex 10.119 63.0543 2
      vertex 10.2553 63.1005 7.5
      vertex 10.119 63.0543 7.5
    endloop
  endfacet
  facet normal 0.321018 -0.947073 0
    outer loop
      vertex 10.2553 63.1005 7.5
      vertex 10.119 63.0543 2
      vertex 10.2553 63.1005 2
    endloop
  endfacet
  facet normal -0.44276 0.89664 0
    outer loop
      vertex 11.09 61.0854 2
      vertex 10.961 61.0217 7.5
      vertex 11.09 61.0854 7.5
    endloop
  endfacet
  facet normal -0.44276 0.89664 0
    outer loop
      vertex 10.961 61.0217 7.5
      vertex 11.09 61.0854 2
      vertex 10.961 61.0217 2
    endloop
  endfacet
  facet normal 0.896806 0.442424 0
    outer loop
      vertex 9.58737 61.488 7.5
      vertex 9.52373 61.617 2
      vertex 9.52373 61.617 7.5
    endloop
  endfacet
  facet normal 0.896806 0.442424 0
    outer loop
      vertex 9.52373 61.617 2
      vertex 9.58737 61.488 7.5
      vertex 9.58737 61.488 2
    endloop
  endfacet
  facet normal 0.980781 0.195113 0
    outer loop
      vertex 9.47748 61.7533 7.5
      vertex 9.44941 61.8944 2
      vertex 9.44941 61.8944 7.5
    endloop
  endfacet
  facet normal 0.980781 0.195113 0
    outer loop
      vertex 9.44941 61.8944 2
      vertex 9.47748 61.7533 7.5
      vertex 9.47748 61.7533 2
    endloop
  endfacet
  facet normal 0.751905 0.659272 0
    outer loop
      vertex 9.76218 61.2602 7.5
      vertex 9.66731 61.3684 2
      vertex 9.66731 61.3684 7.5
    endloop
  endfacet
  facet normal 0.751905 0.659272 0
    outer loop
      vertex 9.66731 61.3684 2
      vertex 9.76218 61.2602 7.5
      vertex 9.76218 61.2602 2
    endloop
  endfacet
  facet normal 0.0653198 0.997864 -0
    outer loop
      vertex 10.54 60.938 2
      vertex 10.3964 60.9474 7.5
      vertex 10.54 60.938 7.5
    endloop
  endfacet
  facet normal 0.0653198 0.997864 0
    outer loop
      vertex 10.3964 60.9474 7.5
      vertex 10.54 60.938 2
      vertex 10.3964 60.9474 2
    endloop
  endfacet
  facet normal -0.831515 -0.555502 0
    outer loop
      vertex 11.4926 62.588 2
      vertex 11.4127 62.7076 7.5
      vertex 11.4127 62.7076 2
    endloop
  endfacet
  facet normal -0.831515 -0.555502 0
    outer loop
      vertex 11.4127 62.7076 7.5
      vertex 11.4926 62.588 2
      vertex 11.4926 62.588 7.5
    endloop
  endfacet
  facet normal 0.896806 -0.442424 0
    outer loop
      vertex 9.52373 62.459 7.5
      vertex 9.58737 62.588 2
      vertex 9.58737 62.588 7.5
    endloop
  endfacet
  facet normal 0.896806 -0.442424 0
    outer loop
      vertex 9.58737 62.588 2
      vertex 9.52373 62.459 7.5
      vertex 9.52373 62.459 2
    endloop
  endfacet
  facet normal -0.997864 0.0653198 0
    outer loop
      vertex 11.6306 61.8944 2
      vertex 11.64 62.038 7.5
      vertex 11.64 62.038 2
    endloop
  endfacet
  facet normal -0.997864 0.0653198 0
    outer loop
      vertex 11.64 62.038 7.5
      vertex 11.6306 61.8944 2
      vertex 11.6306 61.8944 7.5
    endloop
  endfacet
  facet normal -0.44276 -0.89664 0
    outer loop
      vertex 10.961 63.0543 2
      vertex 11.09 62.9906 7.5
      vertex 10.961 63.0543 7.5
    endloop
  endfacet
  facet normal -0.44276 -0.89664 -0
    outer loop
      vertex 11.09 62.9906 7.5
      vertex 10.961 63.0543 2
      vertex 11.09 62.9906 2
    endloop
  endfacet
  facet normal -0.65939 -0.751801 0
    outer loop
      vertex 11.2096 62.9107 2
      vertex 11.3178 62.8158 7.5
      vertex 11.2096 62.9107 7.5
    endloop
  endfacet
  facet normal -0.65939 -0.751801 -0
    outer loop
      vertex 11.3178 62.8158 7.5
      vertex 11.2096 62.9107 2
      vertex 11.3178 62.8158 2
    endloop
  endfacet
  facet normal -0.555502 -0.831515 0
    outer loop
      vertex 11.09 62.9906 2
      vertex 11.2096 62.9107 7.5
      vertex 11.09 62.9906 7.5
    endloop
  endfacet
  facet normal -0.555502 -0.831515 -0
    outer loop
      vertex 11.2096 62.9107 7.5
      vertex 11.09 62.9906 2
      vertex 11.2096 62.9107 2
    endloop
  endfacet
  facet normal -0.65939 0.751801 0
    outer loop
      vertex 11.3178 61.2602 2
      vertex 11.2096 61.1653 7.5
      vertex 11.3178 61.2602 7.5
    endloop
  endfacet
  facet normal -0.65939 0.751801 0
    outer loop
      vertex 11.2096 61.1653 7.5
      vertex 11.3178 61.2602 2
      vertex 11.2096 61.1653 2
    endloop
  endfacet
  facet normal 0.946967 -0.32133 0
    outer loop
      vertex 9.47748 62.3227 7.5
      vertex 9.52373 62.459 2
      vertex 9.52373 62.459 7.5
    endloop
  endfacet
  facet normal 0.946967 -0.32133 0
    outer loop
      vertex 9.52373 62.459 2
      vertex 9.47748 62.3227 7.5
      vertex 9.47748 62.3227 2
    endloop
  endfacet
  facet normal -0.321018 0.947073 0
    outer loop
      vertex 10.961 61.0217 2
      vertex 10.8247 60.9755 7.5
      vertex 10.961 61.0217 7.5
    endloop
  endfacet
  facet normal -0.321018 0.947073 0
    outer loop
      vertex 10.8247 60.9755 7.5
      vertex 10.961 61.0217 2
      vertex 10.8247 60.9755 2
    endloop
  endfacet
  facet normal -0.0653198 0.997864 0
    outer loop
      vertex 10.6836 60.9474 2
      vertex 10.54 60.938 7.5
      vertex 10.6836 60.9474 7.5
    endloop
  endfacet
  facet normal -0.0653198 0.997864 0
    outer loop
      vertex 10.54 60.938 7.5
      vertex 10.6836 60.9474 2
      vertex 10.54 60.938 2
    endloop
  endfacet
  facet normal 0.980781 -0.195113 0
    outer loop
      vertex 9.44941 62.1816 7.5
      vertex 9.47748 62.3227 2
      vertex 9.47748 62.3227 7.5
    endloop
  endfacet
  facet normal 0.980781 -0.195113 0
    outer loop
      vertex 9.47748 62.3227 2
      vertex 9.44941 62.1816 7.5
      vertex 9.44941 62.1816 2
    endloop
  endfacet
  facet normal 0.659458 0.751741 -0
    outer loop
      vertex 9.87036 61.1653 2
      vertex 9.76218 61.2602 7.5
      vertex 9.87036 61.1653 7.5
    endloop
  endfacet
  facet normal 0.659458 0.751741 0
    outer loop
      vertex 9.76218 61.2602 7.5
      vertex 9.87036 61.1653 2
      vertex 9.76218 61.2602 2
    endloop
  endfacet
  facet normal -0.0653198 -0.997864 0
    outer loop
      vertex 10.54 63.138 2
      vertex 10.6836 63.1286 7.5
      vertex 10.54 63.138 7.5
    endloop
  endfacet
  facet normal -0.0653198 -0.997864 -0
    outer loop
      vertex 10.6836 63.1286 7.5
      vertex 10.54 63.138 2
      vertex 10.6836 63.1286 2
    endloop
  endfacet
  facet normal -0.831515 0.555502 0
    outer loop
      vertex 11.4127 61.3684 2
      vertex 11.4926 61.488 7.5
      vertex 11.4926 61.488 2
    endloop
  endfacet
  facet normal -0.831515 0.555502 0
    outer loop
      vertex 11.4926 61.488 7.5
      vertex 11.4127 61.3684 2
      vertex 11.4127 61.3684 7.5
    endloop
  endfacet
  facet normal -0.89664 0.44276 0
    outer loop
      vertex 11.4926 61.488 2
      vertex 11.5563 61.617 7.5
      vertex 11.5563 61.617 2
    endloop
  endfacet
  facet normal -0.89664 0.44276 0
    outer loop
      vertex 11.5563 61.617 7.5
      vertex 11.4926 61.488 2
      vertex 11.4926 61.488 7.5
    endloop
  endfacet
  facet normal -0.321018 -0.947073 0
    outer loop
      vertex 10.8247 63.1005 2
      vertex 10.961 63.0543 7.5
      vertex 10.8247 63.1005 7.5
    endloop
  endfacet
  facet normal -0.321018 -0.947073 -0
    outer loop
      vertex 10.961 63.0543 7.5
      vertex 10.8247 63.1005 2
      vertex 10.961 63.0543 2
    endloop
  endfacet
  facet normal 0.99786 0.065389 0
    outer loop
      vertex 9.44941 61.8944 7.5
      vertex 9.44 62.038 2
      vertex 9.44 62.038 7.5
    endloop
  endfacet
  facet normal 0.99786 0.065389 0
    outer loop
      vertex 9.44 62.038 2
      vertex 9.44941 61.8944 7.5
      vertex 9.44941 61.8944 2
    endloop
  endfacet
  facet normal 0.555374 -0.831601 0
    outer loop
      vertex 9.87036 62.9107 2
      vertex 9.99 62.9906 7.5
      vertex 9.87036 62.9107 7.5
    endloop
  endfacet
  facet normal 0.555374 -0.831601 0
    outer loop
      vertex 9.99 62.9906 7.5
      vertex 9.87036 62.9107 2
      vertex 9.99 62.9906 2
    endloop
  endfacet
  facet normal -0.89664 -0.44276 0
    outer loop
      vertex 11.5563 62.459 2
      vertex 11.4926 62.588 7.5
      vertex 11.4926 62.588 2
    endloop
  endfacet
  facet normal -0.89664 -0.44276 0
    outer loop
      vertex 11.4926 62.588 7.5
      vertex 11.5563 62.459 2
      vertex 11.5563 62.459 7.5
    endloop
  endfacet
  facet normal -0.947073 -0.321018 0
    outer loop
      vertex 11.6025 62.3227 2
      vertex 11.5563 62.459 7.5
      vertex 11.5563 62.459 2
    endloop
  endfacet
  facet normal -0.947073 -0.321018 0
    outer loop
      vertex 11.5563 62.459 7.5
      vertex 11.6025 62.3227 2
      vertex 11.6025 62.3227 7.5
    endloop
  endfacet
  facet normal 0.0653198 -0.997864 0
    outer loop
      vertex 10.3964 63.1286 2
      vertex 10.54 63.138 7.5
      vertex 10.3964 63.1286 7.5
    endloop
  endfacet
  facet normal 0.0653198 -0.997864 0
    outer loop
      vertex 10.54 63.138 7.5
      vertex 10.3964 63.1286 2
      vertex 10.54 63.138 2
    endloop
  endfacet
  facet normal 0.99786 -0.065389 0
    outer loop
      vertex 9.44 62.038 7.5
      vertex 9.44941 62.1816 2
      vertex 9.44941 62.1816 7.5
    endloop
  endfacet
  facet normal 0.99786 -0.065389 0
    outer loop
      vertex 9.44941 62.1816 2
      vertex 9.44 62.038 7.5
      vertex 9.44 62.038 2
    endloop
  endfacet
  facet normal 0.195314 -0.980741 0
    outer loop
      vertex 10.2553 63.1005 2
      vertex 10.3964 63.1286 7.5
      vertex 10.2553 63.1005 7.5
    endloop
  endfacet
  facet normal 0.195314 -0.980741 0
    outer loop
      vertex 10.3964 63.1286 7.5
      vertex 10.2553 63.1005 2
      vertex 10.3964 63.1286 2
    endloop
  endfacet
  facet normal 0.321018 0.947073 -0
    outer loop
      vertex 10.2553 60.9755 2
      vertex 10.119 61.0217 7.5
      vertex 10.2553 60.9755 7.5
    endloop
  endfacet
  facet normal 0.321018 0.947073 0
    outer loop
      vertex 10.119 61.0217 7.5
      vertex 10.2553 60.9755 2
      vertex 10.119 61.0217 2
    endloop
  endfacet
  facet normal 0.44276 -0.89664 0
    outer loop
      vertex 9.99 62.9906 2
      vertex 10.119 63.0543 7.5
      vertex 9.99 62.9906 7.5
    endloop
  endfacet
  facet normal 0.44276 -0.89664 0
    outer loop
      vertex 10.119 63.0543 7.5
      vertex 9.99 62.9906 2
      vertex 10.119 63.0543 2
    endloop
  endfacet
  facet normal 0.831387 -0.555694 0
    outer loop
      vertex 9.58737 62.588 7.5
      vertex 9.66731 62.7076 2
      vertex 9.66731 62.7076 7.5
    endloop
  endfacet
  facet normal 0.831387 -0.555694 0
    outer loop
      vertex 9.66731 62.7076 2
      vertex 9.58737 62.588 7.5
      vertex 9.58737 62.588 2
    endloop
  endfacet
  facet normal 0.751905 -0.659272 0
    outer loop
      vertex 9.66731 62.7076 7.5
      vertex 9.76218 62.8158 2
      vertex 9.76218 62.8158 7.5
    endloop
  endfacet
  facet normal 0.751905 -0.659272 0
    outer loop
      vertex 9.76218 62.8158 2
      vertex 9.66731 62.7076 7.5
      vertex 9.66731 62.7076 2
    endloop
  endfacet
  facet normal 0 0 1
    outer loop
      vertex 11.6306 62.1816 2
      vertex 11.6306 61.8944 2
      vertex 11.64 62.038 2
    endloop
  endfacet
  facet normal 0 0 1
    outer loop
      vertex 11.6025 62.3227 2
      vertex 11.6306 61.8944 2
      vertex 11.6306 62.1816 2
    endloop
  endfacet
  facet normal 0 0 1
    outer loop
      vertex 11.6025 62.3227 2
      vertex 11.6025 61.7533 2
      vertex 11.6306 61.8944 2
    endloop
  endfacet
  facet normal 0 0 1
    outer loop
      vertex 11.5563 62.459 2
      vertex 11.6025 61.7533 2
      vertex 11.6025 62.3227 2
    endloop
  endfacet
  facet normal 0 0 1
    outer loop
      vertex 11.5563 62.459 2
      vertex 11.5563 61.617 2
      vertex 11.6025 61.7533 2
    endloop
  endfacet
  facet normal 0 0 1
    outer loop
      vertex 11.4926 62.588 2
      vertex 11.5563 61.617 2
      vertex 11.5563 62.459 2
    endloop
  endfacet
  facet normal 0 0 1
    outer loop
      vertex 11.4926 62.588 2
      vertex 11.4926 61.488 2
      vertex 11.5563 61.617 2
    endloop
  endfacet
  facet normal 0 0 1
    outer loop
      vertex 11.4127 62.7076 2
      vertex 11.4926 61.488 2
      vertex 11.4926 62.588 2
    endloop
  endfacet
  facet normal 0 0 1
    outer loop
      vertex 11.4127 62.7076 2
      vertex 11.4127 61.3684 2
      vertex 11.4926 61.488 2
    endloop
  endfacet
  facet normal 0 0 1
    outer loop
      vertex 11.3178 62.8158 2
      vertex 11.4127 61.3684 2
      vertex 11.4127 62.7076 2
    endloop
  endfacet
  facet normal 0 0 1
    outer loop
      vertex 11.3178 62.8158 2
      vertex 11.3178 61.2602 2
      vertex 11.4127 61.3684 2
    endloop
  endfacet
  facet normal 0 0 1
    outer loop
      vertex 11.2096 62.9107 2
      vertex 11.3178 61.2602 2
      vertex 11.3178 62.8158 2
    endloop
  endfacet
  facet normal 0 0 1
    outer loop
      vertex 11.2096 62.9107 2
      vertex 11.2096 61.1653 2
      vertex 11.3178 61.2602 2
    endloop
  endfacet
  facet normal 0 0 1
    outer loop
      vertex 11.09 62.9906 2
      vertex 11.2096 61.1653 2
      vertex 11.2096 62.9107 2
    endloop
  endfacet
  facet normal 0 0 1
    outer loop
      vertex 11.09 62.9906 2
      vertex 11.09 61.0854 2
      vertex 11.2096 61.1653 2
    endloop
  endfacet
  facet normal 0 0 1
    outer loop
      vertex 10.961 63.0543 2
      vertex 11.09 61.0854 2
      vertex 11.09 62.9906 2
    endloop
  endfacet
  facet normal 0 0 1
    outer loop
      vertex 10.961 63.0543 2
      vertex 10.961 61.0217 2
      vertex 11.09 61.0854 2
    endloop
  endfacet
  facet normal 0 0 1
    outer loop
      vertex 10.8247 63.1005 2
      vertex 10.961 61.0217 2
      vertex 10.961 63.0543 2
    endloop
  endfacet
  facet normal 0 0 1
    outer loop
      vertex 10.8247 63.1005 2
      vertex 10.8247 60.9755 2
      vertex 10.961 61.0217 2
    endloop
  endfacet
  facet normal 0 0 1
    outer loop
      vertex 10.6836 63.1286 2
      vertex 10.8247 60.9755 2
      vertex 10.8247 63.1005 2
    endloop
  endfacet
  facet normal 0 0 1
    outer loop
      vertex 10.6836 63.1286 2
      vertex 10.6836 60.9474 2
      vertex 10.8247 60.9755 2
    endloop
  endfacet
  facet normal 0 0 1
    outer loop
      vertex 10.54 63.138 2
      vertex 10.6836 60.9474 2
      vertex 10.6836 63.1286 2
    endloop
  endfacet
  facet normal 0 0 1
    outer loop
      vertex 10.54 63.138 2
      vertex 10.54 60.938 2
      vertex 10.6836 60.9474 2
    endloop
  endfacet
  facet normal -0 0 1
    outer loop
      vertex 10.3964 63.1286 2
      vertex 10.54 60.938 2
      vertex 10.54 63.138 2
    endloop
  endfacet
  facet normal 0 0 1
    outer loop
      vertex 10.3964 63.1286 2
      vertex 10.3964 60.9474 2
      vertex 10.54 60.938 2
    endloop
  endfacet
  facet normal -0 0 1
    outer loop
      vertex 10.2553 63.1005 2
      vertex 10.3964 60.9474 2
      vertex 10.3964 63.1286 2
    endloop
  endfacet
  facet normal 0 0 1
    outer loop
      vertex 10.2553 63.1005 2
      vertex 10.2553 60.9755 2
      vertex 10.3964 60.9474 2
    endloop
  endfacet
  facet normal -0 0 1
    outer loop
      vertex 10.119 63.0543 2
      vertex 10.2553 60.9755 2
      vertex 10.2553 63.1005 2
    endloop
  endfacet
  facet normal 0 0 1
    outer loop
      vertex 10.119 63.0543 2
      vertex 10.119 61.0217 2
      vertex 10.2553 60.9755 2
    endloop
  endfacet
  facet normal -0 0 1
    outer loop
      vertex 9.99 62.9906 2
      vertex 10.119 61.0217 2
      vertex 10.119 63.0543 2
    endloop
  endfacet
  facet normal 0 0 1
    outer loop
      vertex 9.99 62.9906 2
      vertex 9.99 61.0854 2
      vertex 10.119 61.0217 2
    endloop
  endfacet
  facet normal -0 0 1
    outer loop
      vertex 9.87036 62.9107 2
      vertex 9.99 61.0854 2
      vertex 9.99 62.9906 2
    endloop
  endfacet
  facet normal 0 0 1
    outer loop
      vertex 9.87036 62.9107 2
      vertex 9.87036 61.1653 2
      vertex 9.99 61.0854 2
    endloop
  endfacet
  facet normal -0 0 1
    outer loop
      vertex 9.76218 62.8158 2
      vertex 9.87036 61.1653 2
      vertex 9.87036 62.9107 2
    endloop
  endfacet
  facet normal 0 0 1
    outer loop
      vertex 9.76218 62.8158 2
      vertex 9.76218 61.2602 2
      vertex 9.87036 61.1653 2
    endloop
  endfacet
  facet normal -0 0 1
    outer loop
      vertex 9.66731 62.7076 2
      vertex 9.76218 61.2602 2
      vertex 9.76218 62.8158 2
    endloop
  endfacet
  facet normal 0 0 1
    outer loop
      vertex 9.66731 62.7076 2
      vertex 9.66731 61.3684 2
      vertex 9.76218 61.2602 2
    endloop
  endfacet
  facet normal -0 0 1
    outer loop
      vertex 9.58737 62.588 2
      vertex 9.66731 61.3684 2
      vertex 9.66731 62.7076 2
    endloop
  endfacet
  facet normal 0 0 1
    outer loop
      vertex 9.58737 62.588 2
      vertex 9.58737 61.488 2
      vertex 9.66731 61.3684 2
    endloop
  endfacet
  facet normal -0 0 1
    outer loop
      vertex 9.52373 62.459 2
      vertex 9.58737 61.488 2
      vertex 9.58737 62.588 2
    endloop
  endfacet
  facet normal 0 0 1
    outer loop
      vertex 9.52373 62.459 2
      vertex 9.52373 61.617 2
      vertex 9.58737 61.488 2
    endloop
  endfacet
  facet normal -0 0 1
    outer loop
      vertex 9.47748 62.3227 2
      vertex 9.52373 61.617 2
      vertex 9.52373 62.459 2
    endloop
  endfacet
  facet normal 0 0 1
    outer loop
      vertex 9.47748 62.3227 2
      vertex 9.47748 61.7533 2
      vertex 9.52373 61.617 2
    endloop
  endfacet
  facet normal -0 0 1
    outer loop
      vertex 9.44941 62.1816 2
      vertex 9.47748 61.7533 2
      vertex 9.47748 62.3227 2
    endloop
  endfacet
  facet normal 0 0 1
    outer loop
      vertex 9.44941 62.1816 2
      vertex 9.44941 61.8944 2
      vertex 9.47748 61.7533 2
    endloop
  endfacet
  facet normal 0 -0 1
    outer loop
      vertex 9.44941 61.8944 2
      vertex 9.44941 62.1816 2
      vertex 9.44 62.038 2
    endloop
  endfacet
  facet normal 0.555374 0.831601 -0
    outer loop
      vertex 9.99 61.0854 2
      vertex 9.87036 61.1653 7.5
      vertex 9.99 61.0854 7.5
    endloop
  endfacet
  facet normal 0.555374 0.831601 0
    outer loop
      vertex 9.87036 61.1653 7.5
      vertex 9.99 61.0854 2
      vertex 9.87036 61.1653 2
    endloop
  endfacet
  facet normal 0.831515 0.555502 0
    outer loop
      vertex 69.3573 13.8704 7.5
      vertex 69.2774 13.99 2
      vertex 69.2774 13.99 7.5
    endloop
  endfacet
  facet normal 0.831515 0.555502 0
    outer loop
      vertex 69.2774 13.99 2
      vertex 69.3573 13.8704 7.5
      vertex 69.3573 13.8704 2
    endloop
  endfacet
  facet normal -0.65939 -0.751801 0
    outer loop
      vertex 70.8996 15.4127 2
      vertex 71.0078 15.3178 7.5
      vertex 70.8996 15.4127 7.5
    endloop
  endfacet
  facet normal -0.65939 -0.751801 -0
    outer loop
      vertex 71.0078 15.3178 7.5
      vertex 70.8996 15.4127 2
      vertex 71.0078 15.3178 2
    endloop
  endfacet
  facet normal 0.947073 -0.321018 0
    outer loop
      vertex 69.1675 14.8247 7.5
      vertex 69.2137 14.961 2
      vertex 69.2137 14.961 7.5
    endloop
  endfacet
  facet normal 0.947073 -0.321018 0
    outer loop
      vertex 69.2137 14.961 2
      vertex 69.1675 14.8247 7.5
      vertex 69.1675 14.8247 2
    endloop
  endfacet
  facet normal -0.555502 -0.831515 0
    outer loop
      vertex 70.78 15.4926 2
      vertex 70.8996 15.4127 7.5
      vertex 70.78 15.4926 7.5
    endloop
  endfacet
  facet normal -0.555502 -0.831515 -0
    outer loop
      vertex 70.8996 15.4127 7.5
      vertex 70.78 15.4926 2
      vertex 70.8996 15.4127 2
    endloop
  endfacet
  facet normal 0.751801 0.65939 0
    outer loop
      vertex 69.4522 13.7622 7.5
      vertex 69.3573 13.8704 2
      vertex 69.3573 13.8704 7.5
    endloop
  endfacet
  facet normal 0.751801 0.65939 0
    outer loop
      vertex 69.3573 13.8704 2
      vertex 69.4522 13.7622 7.5
      vertex 69.4522 13.7622 2
    endloop
  endfacet
  facet normal -0.89664 -0.44276 0
    outer loop
      vertex 71.2463 14.961 2
      vertex 71.1826 15.09 7.5
      vertex 71.1826 15.09 2
    endloop
  endfacet
  facet normal -0.89664 -0.44276 0
    outer loop
      vertex 71.1826 15.09 7.5
      vertex 71.2463 14.961 2
      vertex 71.2463 14.961 7.5
    endloop
  endfacet
  facet normal 0.32123 0.947001 -0
    outer loop
      vertex 69.9453 13.4775 2
      vertex 69.8091 13.5237 7.5
      vertex 69.9453 13.4775 7.5
    endloop
  endfacet
  facet normal 0.32123 0.947001 0
    outer loop
      vertex 69.8091 13.5237 7.5
      vertex 69.9453 13.4775 2
      vertex 69.8091 13.5237 2
    endloop
  endfacet
  facet normal -0.195314 -0.980741 0
    outer loop
      vertex 70.3736 15.6306 2
      vertex 70.5147 15.6025 7.5
      vertex 70.3736 15.6306 7.5
    endloop
  endfacet
  facet normal -0.195314 -0.980741 -0
    outer loop
      vertex 70.5147 15.6025 7.5
      vertex 70.3736 15.6306 2
      vertex 70.5147 15.6025 2
    endloop
  endfacet
  facet normal -0.0653198 -0.997864 0
    outer loop
      vertex 70.23 15.64 2
      vertex 70.3736 15.6306 7.5
      vertex 70.23 15.64 7.5
    endloop
  endfacet
  facet normal -0.0653198 -0.997864 -0
    outer loop
      vertex 70.3736 15.6306 7.5
      vertex 70.23 15.64 2
      vertex 70.3736 15.6306 2
    endloop
  endfacet
  facet normal 0.997864 0.0653198 0
    outer loop
      vertex 69.1394 14.3964 7.5
      vertex 69.13 14.54 2
      vertex 69.13 14.54 7.5
    endloop
  endfacet
  facet normal 0.997864 0.0653198 0
    outer loop
      vertex 69.13 14.54 2
      vertex 69.1394 14.3964 7.5
      vertex 69.1394 14.3964 2
    endloop
  endfacet
  facet normal -0.997864 -0.0653198 0
    outer loop
      vertex 71.33 14.54 2
      vertex 71.3206 14.6836 7.5
      vertex 71.3206 14.6836 2
    endloop
  endfacet
  facet normal -0.997864 -0.0653198 0
    outer loop
      vertex 71.3206 14.6836 7.5
      vertex 71.33 14.54 2
      vertex 71.33 14.54 7.5
    endloop
  endfacet
  facet normal 0.555502 -0.831515 0
    outer loop
      vertex 69.5604 15.4127 2
      vertex 69.68 15.4926 7.5
      vertex 69.5604 15.4127 7.5
    endloop
  endfacet
  facet normal 0.555502 -0.831515 0
    outer loop
      vertex 69.68 15.4926 7.5
      vertex 69.5604 15.4127 2
      vertex 69.68 15.4926 2
    endloop
  endfacet
  facet normal -0.980741 -0.195314 0
    outer loop
      vertex 71.3206 14.6836 2
      vertex 71.2925 14.8247 7.5
      vertex 71.2925 14.8247 2
    endloop
  endfacet
  facet normal -0.980741 -0.195314 0
    outer loop
      vertex 71.2925 14.8247 7.5
      vertex 71.3206 14.6836 2
      vertex 71.3206 14.6836 7.5
    endloop
  endfacet
  facet normal 0.195314 -0.980741 0
    outer loop
      vertex 69.9453 15.6025 2
      vertex 70.0864 15.6306 7.5
      vertex 69.9453 15.6025 7.5
    endloop
  endfacet
  facet normal 0.195314 -0.980741 0
    outer loop
      vertex 70.0864 15.6306 7.5
      vertex 69.9453 15.6025 2
      vertex 70.0864 15.6306 2
    endloop
  endfacet
  facet normal -0.44276 0.89664 0
    outer loop
      vertex 70.78 13.5874 2
      vertex 70.651 13.5237 7.5
      vertex 70.78 13.5874 7.5
    endloop
  endfacet
  facet normal -0.44276 0.89664 0
    outer loop
      vertex 70.651 13.5237 7.5
      vertex 70.78 13.5874 2
      vertex 70.651 13.5237 2
    endloop
  endfacet
  facet normal 0.947073 0.321018 0
    outer loop
      vertex 69.2137 14.119 7.5
      vertex 69.1675 14.2553 2
      vertex 69.1675 14.2553 7.5
    endloop
  endfacet
  facet normal 0.947073 0.321018 0
    outer loop
      vertex 69.1675 14.2553 2
      vertex 69.2137 14.119 7.5
      vertex 69.2137 14.119 2
    endloop
  endfacet
  facet normal -0.89664 0.44276 0
    outer loop
      vertex 71.1826 13.99 2
      vertex 71.2463 14.119 7.5
      vertex 71.2463 14.119 2
    endloop
  endfacet
  facet normal -0.89664 0.44276 0
    outer loop
      vertex 71.2463 14.119 7.5
      vertex 71.1826 13.99 2
      vertex 71.1826 13.99 7.5
    endloop
  endfacet
  facet normal 0.980741 -0.195314 0
    outer loop
      vertex 69.1394 14.6836 7.5
      vertex 69.1675 14.8247 2
      vertex 69.1675 14.8247 7.5
    endloop
  endfacet
  facet normal 0.980741 -0.195314 0
    outer loop
      vertex 69.1675 14.8247 2
      vertex 69.1394 14.6836 7.5
      vertex 69.1394 14.6836 2
    endloop
  endfacet
  facet normal 0.89664 -0.44276 0
    outer loop
      vertex 69.2137 14.961 7.5
      vertex 69.2774 15.09 2
      vertex 69.2774 15.09 7.5
    endloop
  endfacet
  facet normal 0.89664 -0.44276 0
    outer loop
      vertex 69.2774 15.09 2
      vertex 69.2137 14.961 7.5
      vertex 69.2137 14.961 2
    endloop
  endfacet
  facet normal 0.831515 -0.555502 0
    outer loop
      vertex 69.2774 15.09 7.5
      vertex 69.3573 15.2096 2
      vertex 69.3573 15.2096 7.5
    endloop
  endfacet
  facet normal 0.831515 -0.555502 0
    outer loop
      vertex 69.3573 15.2096 2
      vertex 69.2774 15.09 7.5
      vertex 69.2774 15.09 2
    endloop
  endfacet
  facet normal 0.997864 -0.0653198 0
    outer loop
      vertex 69.13 14.54 7.5
      vertex 69.1394 14.6836 2
      vertex 69.1394 14.6836 7.5
    endloop
  endfacet
  facet normal 0.997864 -0.0653198 0
    outer loop
      vertex 69.1394 14.6836 2
      vertex 69.13 14.54 7.5
      vertex 69.13 14.54 2
    endloop
  endfacet
  facet normal -0.831515 -0.555502 0
    outer loop
      vertex 71.1826 15.09 2
      vertex 71.1027 15.2096 7.5
      vertex 71.1027 15.2096 2
    endloop
  endfacet
  facet normal -0.831515 -0.555502 0
    outer loop
      vertex 71.1027 15.2096 7.5
      vertex 71.1826 15.09 2
      vertex 71.1826 15.09 7.5
    endloop
  endfacet
  facet normal 0.751801 -0.65939 0
    outer loop
      vertex 69.3573 15.2096 7.5
      vertex 69.4522 15.3178 2
      vertex 69.4522 15.3178 7.5
    endloop
  endfacet
  facet normal 0.751801 -0.65939 0
    outer loop
      vertex 69.4522 15.3178 2
      vertex 69.3573 15.2096 7.5
      vertex 69.3573 15.2096 2
    endloop
  endfacet
  facet normal -0.65939 0.751801 0
    outer loop
      vertex 71.0078 13.7622 2
      vertex 70.8996 13.6673 7.5
      vertex 71.0078 13.7622 7.5
    endloop
  endfacet
  facet normal -0.65939 0.751801 0
    outer loop
      vertex 70.8996 13.6673 7.5
      vertex 71.0078 13.7622 2
      vertex 70.8996 13.6673 2
    endloop
  endfacet
  facet normal 0.195314 0.980741 -0
    outer loop
      vertex 70.0864 13.4494 2
      vertex 69.9453 13.4775 7.5
      vertex 70.0864 13.4494 7.5
    endloop
  endfacet
  facet normal 0.195314 0.980741 0
    outer loop
      vertex 69.9453 13.4775 7.5
      vertex 70.0864 13.4494 2
      vertex 69.9453 13.4775 2
    endloop
  endfacet
  facet normal 0.65939 -0.751801 0
    outer loop
      vertex 69.4522 15.3178 2
      vertex 69.5604 15.4127 7.5
      vertex 69.4522 15.3178 7.5
    endloop
  endfacet
  facet normal 0.65939 -0.751801 0
    outer loop
      vertex 69.5604 15.4127 7.5
      vertex 69.4522 15.3178 2
      vertex 69.5604 15.4127 2
    endloop
  endfacet
  facet normal 0.442484 -0.896776 0
    outer loop
      vertex 69.68 15.4926 2
      vertex 69.8091 15.5563 7.5
      vertex 69.68 15.4926 7.5
    endloop
  endfacet
  facet normal 0.442484 -0.896776 0
    outer loop
      vertex 69.8091 15.5563 7.5
      vertex 69.68 15.4926 2
      vertex 69.8091 15.5563 2
    endloop
  endfacet
  facet normal -0.947073 -0.321018 0
    outer loop
      vertex 71.2925 14.8247 2
      vertex 71.2463 14.961 7.5
      vertex 71.2463 14.961 2
    endloop
  endfacet
  facet normal -0.947073 -0.321018 0
    outer loop
      vertex 71.2463 14.961 7.5
      vertex 71.2925 14.8247 2
      vertex 71.2925 14.8247 7.5
    endloop
  endfacet
  facet normal 0.65939 0.751801 -0
    outer loop
      vertex 69.5604 13.6673 2
      vertex 69.4522 13.7622 7.5
      vertex 69.5604 13.6673 7.5
    endloop
  endfacet
  facet normal 0.65939 0.751801 0
    outer loop
      vertex 69.4522 13.7622 7.5
      vertex 69.5604 13.6673 2
      vertex 69.4522 13.7622 2
    endloop
  endfacet
  facet normal -0.44276 -0.89664 0
    outer loop
      vertex 70.651 15.5563 2
      vertex 70.78 15.4926 7.5
      vertex 70.651 15.5563 7.5
    endloop
  endfacet
  facet normal -0.44276 -0.89664 -0
    outer loop
      vertex 70.78 15.4926 7.5
      vertex 70.651 15.5563 2
      vertex 70.78 15.4926 2
    endloop
  endfacet
  facet normal 0.32123 -0.947001 0
    outer loop
      vertex 69.8091 15.5563 2
      vertex 69.9453 15.6025 7.5
      vertex 69.8091 15.5563 7.5
    endloop
  endfacet
  facet normal 0.32123 -0.947001 0
    outer loop
      vertex 69.9453 15.6025 7.5
      vertex 69.8091 15.5563 2
      vertex 69.9453 15.6025 2
    endloop
  endfacet
  facet normal -0.751801 0.65939 0
    outer loop
      vertex 71.0078 13.7622 2
      vertex 71.1027 13.8704 7.5
      vertex 71.1027 13.8704 2
    endloop
  endfacet
  facet normal -0.751801 0.65939 0
    outer loop
      vertex 71.1027 13.8704 7.5
      vertex 71.0078 13.7622 2
      vertex 71.0078 13.7622 7.5
    endloop
  endfacet
  facet normal 0.980741 0.195314 0
    outer loop
      vertex 69.1675 14.2553 7.5
      vertex 69.1394 14.3964 2
      vertex 69.1394 14.3964 7.5
    endloop
  endfacet
  facet normal 0.980741 0.195314 0
    outer loop
      vertex 69.1394 14.3964 2
      vertex 69.1675 14.2553 7.5
      vertex 69.1675 14.2553 2
    endloop
  endfacet
  facet normal -0.997864 0.0653198 0
    outer loop
      vertex 71.3206 14.3964 2
      vertex 71.33 14.54 7.5
      vertex 71.33 14.54 2
    endloop
  endfacet
  facet normal -0.997864 0.0653198 0
    outer loop
      vertex 71.33 14.54 7.5
      vertex 71.3206 14.3964 2
      vertex 71.3206 14.3964 7.5
    endloop
  endfacet
  facet normal -0.195314 0.980741 0
    outer loop
      vertex 70.5147 13.4775 2
      vertex 70.3736 13.4494 7.5
      vertex 70.5147 13.4775 7.5
    endloop
  endfacet
  facet normal -0.195314 0.980741 0
    outer loop
      vertex 70.3736 13.4494 7.5
      vertex 70.5147 13.4775 2
      vertex 70.3736 13.4494 2
    endloop
  endfacet
  facet normal -0.751801 -0.65939 0
    outer loop
      vertex 71.1027 15.2096 2
      vertex 71.0078 15.3178 7.5
      vertex 71.0078 15.3178 2
    endloop
  endfacet
  facet normal -0.751801 -0.65939 0
    outer loop
      vertex 71.0078 15.3178 7.5
      vertex 71.1027 15.2096 2
      vertex 71.1027 15.2096 7.5
    endloop
  endfacet
  facet normal -0.831515 0.555502 0
    outer loop
      vertex 71.1027 13.8704 2
      vertex 71.1826 13.99 7.5
      vertex 71.1826 13.99 2
    endloop
  endfacet
  facet normal -0.831515 0.555502 0
    outer loop
      vertex 71.1826 13.99 7.5
      vertex 71.1027 13.8704 2
      vertex 71.1027 13.8704 7.5
    endloop
  endfacet
  facet normal -0.321018 0.947073 0
    outer loop
      vertex 70.651 13.5237 2
      vertex 70.5147 13.4775 7.5
      vertex 70.651 13.5237 7.5
    endloop
  endfacet
  facet normal -0.321018 0.947073 0
    outer loop
      vertex 70.5147 13.4775 7.5
      vertex 70.651 13.5237 2
      vertex 70.5147 13.4775 2
    endloop
  endfacet
  facet normal -0.980741 0.195314 0
    outer loop
      vertex 71.2925 14.2553 2
      vertex 71.3206 14.3964 7.5
      vertex 71.3206 14.3964 2
    endloop
  endfacet
  facet normal -0.980741 0.195314 0
    outer loop
      vertex 71.3206 14.3964 7.5
      vertex 71.2925 14.2553 2
      vertex 71.2925 14.2553 7.5
    endloop
  endfacet
  facet normal 0.0653198 -0.997864 0
    outer loop
      vertex 70.0864 15.6306 2
      vertex 70.23 15.64 7.5
      vertex 70.0864 15.6306 7.5
    endloop
  endfacet
  facet normal 0.0653198 -0.997864 0
    outer loop
      vertex 70.23 15.64 7.5
      vertex 70.0864 15.6306 2
      vertex 70.23 15.64 2
    endloop
  endfacet
  facet normal -0.0653198 0.997864 0
    outer loop
      vertex 70.3736 13.4494 2
      vertex 70.23 13.44 7.5
      vertex 70.3736 13.4494 7.5
    endloop
  endfacet
  facet normal -0.0653198 0.997864 0
    outer loop
      vertex 70.23 13.44 7.5
      vertex 70.3736 13.4494 2
      vertex 70.23 13.44 2
    endloop
  endfacet
  facet normal 0.89664 0.44276 0
    outer loop
      vertex 69.2774 13.99 7.5
      vertex 69.2137 14.119 2
      vertex 69.2137 14.119 7.5
    endloop
  endfacet
  facet normal 0.89664 0.44276 0
    outer loop
      vertex 69.2137 14.119 2
      vertex 69.2774 13.99 7.5
      vertex 69.2774 13.99 2
    endloop
  endfacet
  facet normal -0.321018 -0.947073 0
    outer loop
      vertex 70.5147 15.6025 2
      vertex 70.651 15.5563 7.5
      vertex 70.5147 15.6025 7.5
    endloop
  endfacet
  facet normal -0.321018 -0.947073 -0
    outer loop
      vertex 70.651 15.5563 7.5
      vertex 70.5147 15.6025 2
      vertex 70.651 15.5563 2
    endloop
  endfacet
  facet normal -0.555502 0.831515 0
    outer loop
      vertex 70.8996 13.6673 2
      vertex 70.78 13.5874 7.5
      vertex 70.8996 13.6673 7.5
    endloop
  endfacet
  facet normal -0.555502 0.831515 0
    outer loop
      vertex 70.78 13.5874 7.5
      vertex 70.8996 13.6673 2
      vertex 70.78 13.5874 2
    endloop
  endfacet
  facet normal 0 0 1
    outer loop
      vertex 71.3206 14.6836 2
      vertex 71.3206 14.3964 2
      vertex 71.33 14.54 2
    endloop
  endfacet
  facet normal 0 0 1
    outer loop
      vertex 71.2925 14.8247 2
      vertex 71.3206 14.3964 2
      vertex 71.3206 14.6836 2
    endloop
  endfacet
  facet normal 0 0 1
    outer loop
      vertex 71.2925 14.8247 2
      vertex 71.2925 14.2553 2
      vertex 71.3206 14.3964 2
    endloop
  endfacet
  facet normal 0 0 1
    outer loop
      vertex 71.2463 14.961 2
      vertex 71.2925 14.2553 2
      vertex 71.2925 14.8247 2
    endloop
  endfacet
  facet normal 0 0 1
    outer loop
      vertex 71.2463 14.961 2
      vertex 71.2463 14.119 2
      vertex 71.2925 14.2553 2
    endloop
  endfacet
  facet normal 0 0 1
    outer loop
      vertex 71.1826 15.09 2
      vertex 71.2463 14.119 2
      vertex 71.2463 14.961 2
    endloop
  endfacet
  facet normal 0 0 1
    outer loop
      vertex 71.1826 15.09 2
      vertex 71.1826 13.99 2
      vertex 71.2463 14.119 2
    endloop
  endfacet
  facet normal 0 0 1
    outer loop
      vertex 71.1027 15.2096 2
      vertex 71.1826 13.99 2
      vertex 71.1826 15.09 2
    endloop
  endfacet
  facet normal 0 0 1
    outer loop
      vertex 71.1027 15.2096 2
      vertex 71.1027 13.8704 2
      vertex 71.1826 13.99 2
    endloop
  endfacet
  facet normal 0 0 1
    outer loop
      vertex 71.0078 15.3178 2
      vertex 71.1027 13.8704 2
      vertex 71.1027 15.2096 2
    endloop
  endfacet
  facet normal 0 0 1
    outer loop
      vertex 71.0078 15.3178 2
      vertex 71.0078 13.7622 2
      vertex 71.1027 13.8704 2
    endloop
  endfacet
  facet normal 0 0 1
    outer loop
      vertex 70.8996 15.4127 2
      vertex 71.0078 13.7622 2
      vertex 71.0078 15.3178 2
    endloop
  endfacet
  facet normal 0 0 1
    outer loop
      vertex 70.8996 15.4127 2
      vertex 70.8996 13.6673 2
      vertex 71.0078 13.7622 2
    endloop
  endfacet
  facet normal 0 0 1
    outer loop
      vertex 70.78 15.4926 2
      vertex 70.8996 13.6673 2
      vertex 70.8996 15.4127 2
    endloop
  endfacet
  facet normal 0 0 1
    outer loop
      vertex 70.78 15.4926 2
      vertex 70.78 13.5874 2
      vertex 70.8996 13.6673 2
    endloop
  endfacet
  facet normal 0 0 1
    outer loop
      vertex 70.651 15.5563 2
      vertex 70.78 13.5874 2
      vertex 70.78 15.4926 2
    endloop
  endfacet
  facet normal 0 0 1
    outer loop
      vertex 70.651 15.5563 2
      vertex 70.651 13.5237 2
      vertex 70.78 13.5874 2
    endloop
  endfacet
  facet normal 0 0 1
    outer loop
      vertex 70.5147 15.6025 2
      vertex 70.651 13.5237 2
      vertex 70.651 15.5563 2
    endloop
  endfacet
  facet normal 0 0 1
    outer loop
      vertex 70.5147 15.6025 2
      vertex 70.5147 13.4775 2
      vertex 70.651 13.5237 2
    endloop
  endfacet
  facet normal 0 0 1
    outer loop
      vertex 70.3736 15.6306 2
      vertex 70.5147 13.4775 2
      vertex 70.5147 15.6025 2
    endloop
  endfacet
  facet normal 0 0 1
    outer loop
      vertex 70.3736 15.6306 2
      vertex 70.3736 13.4494 2
      vertex 70.5147 13.4775 2
    endloop
  endfacet
  facet normal 0 0 1
    outer loop
      vertex 70.23 15.64 2
      vertex 70.3736 13.4494 2
      vertex 70.3736 15.6306 2
    endloop
  endfacet
  facet normal 0 0 1
    outer loop
      vertex 70.23 15.64 2
      vertex 70.23 13.44 2
      vertex 70.3736 13.4494 2
    endloop
  endfacet
  facet normal -0 0 1
    outer loop
      vertex 70.0864 15.6306 2
      vertex 70.23 13.44 2
      vertex 70.23 15.64 2
    endloop
  endfacet
  facet normal 0 0 1
    outer loop
      vertex 70.0864 15.6306 2
      vertex 70.0864 13.4494 2
      vertex 70.23 13.44 2
    endloop
  endfacet
  facet normal -0 0 1
    outer loop
      vertex 69.9453 15.6025 2
      vertex 70.0864 13.4494 2
      vertex 70.0864 15.6306 2
    endloop
  endfacet
  facet normal 0 0 1
    outer loop
      vertex 69.9453 15.6025 2
      vertex 69.9453 13.4775 2
      vertex 70.0864 13.4494 2
    endloop
  endfacet
  facet normal -0 0 1
    outer loop
      vertex 69.8091 15.5563 2
      vertex 69.9453 13.4775 2
      vertex 69.9453 15.6025 2
    endloop
  endfacet
  facet normal 0 0 1
    outer loop
      vertex 69.8091 15.5563 2
      vertex 69.8091 13.5237 2
      vertex 69.9453 13.4775 2
    endloop
  endfacet
  facet normal -0 0 1
    outer loop
      vertex 69.68 15.4926 2
      vertex 69.8091 13.5237 2
      vertex 69.8091 15.5563 2
    endloop
  endfacet
  facet normal 0 0 1
    outer loop
      vertex 69.68 15.4926 2
      vertex 69.68 13.5874 2
      vertex 69.8091 13.5237 2
    endloop
  endfacet
  facet normal -0 0 1
    outer loop
      vertex 69.5604 15.4127 2
      vertex 69.68 13.5874 2
      vertex 69.68 15.4926 2
    endloop
  endfacet
  facet normal 0 0 1
    outer loop
      vertex 69.5604 15.4127 2
      vertex 69.5604 13.6673 2
      vertex 69.68 13.5874 2
    endloop
  endfacet
  facet normal -0 0 1
    outer loop
      vertex 69.4522 15.3178 2
      vertex 69.5604 13.6673 2
      vertex 69.5604 15.4127 2
    endloop
  endfacet
  facet normal 0 0 1
    outer loop
      vertex 69.4522 15.3178 2
      vertex 69.4522 13.7622 2
      vertex 69.5604 13.6673 2
    endloop
  endfacet
  facet normal -0 0 1
    outer loop
      vertex 69.3573 15.2096 2
      vertex 69.4522 13.7622 2
      vertex 69.4522 15.3178 2
    endloop
  endfacet
  facet normal 0 0 1
    outer loop
      vertex 69.3573 15.2096 2
      vertex 69.3573 13.8704 2
      vertex 69.4522 13.7622 2
    endloop
  endfacet
  facet normal -0 0 1
    outer loop
      vertex 69.2774 15.09 2
      vertex 69.3573 13.8704 2
      vertex 69.3573 15.2096 2
    endloop
  endfacet
  facet normal 0 0 1
    outer loop
      vertex 69.2774 15.09 2
      vertex 69.2774 13.99 2
      vertex 69.3573 13.8704 2
    endloop
  endfacet
  facet normal -0 0 1
    outer loop
      vertex 69.2137 14.961 2
      vertex 69.2774 13.99 2
      vertex 69.2774 15.09 2
    endloop
  endfacet
  facet normal 0 0 1
    outer loop
      vertex 69.2137 14.961 2
      vertex 69.2137 14.119 2
      vertex 69.2774 13.99 2
    endloop
  endfacet
  facet normal -0 0 1
    outer loop
      vertex 69.1675 14.8247 2
      vertex 69.2137 14.119 2
      vertex 69.2137 14.961 2
    endloop
  endfacet
  facet normal 0 0 1
    outer loop
      vertex 69.1675 14.8247 2
      vertex 69.1675 14.2553 2
      vertex 69.2137 14.119 2
    endloop
  endfacet
  facet normal -0 0 1
    outer loop
      vertex 69.1394 14.6836 2
      vertex 69.1675 14.2553 2
      vertex 69.1675 14.8247 2
    endloop
  endfacet
  facet normal 0 0 1
    outer loop
      vertex 69.1394 14.6836 2
      vertex 69.1394 14.3964 2
      vertex 69.1675 14.2553 2
    endloop
  endfacet
  facet normal 0 -0 1
    outer loop
      vertex 69.1394 14.3964 2
      vertex 69.1394 14.6836 2
      vertex 69.13 14.54 2
    endloop
  endfacet
  facet normal 0.555502 0.831515 -0
    outer loop
      vertex 69.68 13.5874 2
      vertex 69.5604 13.6673 7.5
      vertex 69.68 13.5874 7.5
    endloop
  endfacet
  facet normal 0.555502 0.831515 0
    outer loop
      vertex 69.5604 13.6673 7.5
      vertex 69.68 13.5874 2
      vertex 69.5604 13.6673 2
    endloop
  endfacet
  facet normal -0.947073 0.321018 0
    outer loop
      vertex 71.2463 14.119 2
      vertex 71.2925 14.2553 7.5
      vertex 71.2925 14.2553 2
    endloop
  endfacet
  facet normal -0.947073 0.321018 0
    outer loop
      vertex 71.2925 14.2553 7.5
      vertex 71.2463 14.119 2
      vertex 71.2463 14.119 7.5
    endloop
  endfacet
  facet normal 0.0653198 0.997864 -0
    outer loop
      vertex 70.23 13.44 2
      vertex 70.0864 13.4494 7.5
      vertex 70.23 13.44 7.5
    endloop
  endfacet
  facet normal 0.0653198 0.997864 0
    outer loop
      vertex 70.0864 13.4494 7.5
      vertex 70.23 13.44 2
      vertex 70.0864 13.4494 2
    endloop
  endfacet
  facet normal 0.442484 0.896776 -0
    outer loop
      vertex 69.8091 13.5237 2
      vertex 69.68 13.5874 7.5
      vertex 69.8091 13.5237 7.5
    endloop
  endfacet
  facet normal 0.442484 0.896776 0
    outer loop
      vertex 69.68 13.5874 7.5
      vertex 69.8091 13.5237 2
      vertex 69.68 13.5874 2
    endloop
  endfacet
  facet normal -0.980741 -0.195314 0
    outer loop
      vertex 71.3206 62.1816 2
      vertex 71.2925 62.3227 7.5
      vertex 71.2925 62.3227 2
    endloop
  endfacet
  facet normal -0.980741 -0.195314 0
    outer loop
      vertex 71.2925 62.3227 7.5
      vertex 71.3206 62.1816 2
      vertex 71.3206 62.1816 7.5
    endloop
  endfacet
  facet normal -0.997864 -0.0653198 0
    outer loop
      vertex 71.33 62.038 2
      vertex 71.3206 62.1816 7.5
      vertex 71.3206 62.1816 2
    endloop
  endfacet
  facet normal -0.997864 -0.0653198 0
    outer loop
      vertex 71.3206 62.1816 7.5
      vertex 71.33 62.038 2
      vertex 71.33 62.038 7.5
    endloop
  endfacet
  facet normal -0.947073 -0.321018 0
    outer loop
      vertex 71.2925 62.3227 2
      vertex 71.2463 62.459 7.5
      vertex 71.2463 62.459 2
    endloop
  endfacet
  facet normal -0.947073 -0.321018 0
    outer loop
      vertex 71.2463 62.459 7.5
      vertex 71.2925 62.3227 2
      vertex 71.2925 62.3227 7.5
    endloop
  endfacet
  facet normal 0.831515 0.555502 0
    outer loop
      vertex 69.3573 61.3684 7.5
      vertex 69.2774 61.488 2
      vertex 69.2774 61.488 7.5
    endloop
  endfacet
  facet normal 0.831515 0.555502 0
    outer loop
      vertex 69.2774 61.488 2
      vertex 69.3573 61.3684 7.5
      vertex 69.3573 61.3684 2
    endloop
  endfacet
  facet normal -0.831515 -0.555502 0
    outer loop
      vertex 71.1826 62.588 2
      vertex 71.1027 62.7076 7.5
      vertex 71.1027 62.7076 2
    endloop
  endfacet
  facet normal -0.831515 -0.555502 0
    outer loop
      vertex 71.1027 62.7076 7.5
      vertex 71.1826 62.588 2
      vertex 71.1826 62.588 7.5
    endloop
  endfacet
  facet normal 0.980741 -0.195314 0
    outer loop
      vertex 69.1394 62.1816 7.5
      vertex 69.1675 62.3227 2
      vertex 69.1675 62.3227 7.5
    endloop
  endfacet
  facet normal 0.980741 -0.195314 0
    outer loop
      vertex 69.1675 62.3227 2
      vertex 69.1394 62.1816 7.5
      vertex 69.1394 62.1816 2
    endloop
  endfacet
  facet normal 0.555502 -0.831515 0
    outer loop
      vertex 69.5604 62.9107 2
      vertex 69.68 62.9906 7.5
      vertex 69.5604 62.9107 7.5
    endloop
  endfacet
  facet normal 0.555502 -0.831515 0
    outer loop
      vertex 69.68 62.9906 7.5
      vertex 69.5604 62.9107 2
      vertex 69.68 62.9906 2
    endloop
  endfacet
  facet normal -0.89664 0.44276 0
    outer loop
      vertex 71.1826 61.488 2
      vertex 71.2463 61.617 7.5
      vertex 71.2463 61.617 2
    endloop
  endfacet
  facet normal -0.89664 0.44276 0
    outer loop
      vertex 71.2463 61.617 7.5
      vertex 71.1826 61.488 2
      vertex 71.1826 61.488 7.5
    endloop
  endfacet
  facet normal -0.321018 0.947073 0
    outer loop
      vertex 70.651 61.0217 2
      vertex 70.5147 60.9755 7.5
      vertex 70.651 61.0217 7.5
    endloop
  endfacet
  facet normal -0.321018 0.947073 0
    outer loop
      vertex 70.5147 60.9755 7.5
      vertex 70.651 61.0217 2
      vertex 70.5147 60.9755 2
    endloop
  endfacet
  facet normal 0.65939 0.751801 -0
    outer loop
      vertex 69.5604 61.1653 2
      vertex 69.4522 61.2602 7.5
      vertex 69.5604 61.1653 7.5
    endloop
  endfacet
  facet normal 0.65939 0.751801 0
    outer loop
      vertex 69.4522 61.2602 7.5
      vertex 69.5604 61.1653 2
      vertex 69.4522 61.2602 2
    endloop
  endfacet
  facet normal -0.89664 -0.44276 0
    outer loop
      vertex 71.2463 62.459 2
      vertex 71.1826 62.588 7.5
      vertex 71.1826 62.588 2
    endloop
  endfacet
  facet normal -0.89664 -0.44276 0
    outer loop
      vertex 71.1826 62.588 7.5
      vertex 71.2463 62.459 2
      vertex 71.2463 62.459 7.5
    endloop
  endfacet
  facet normal -0.65939 -0.751801 0
    outer loop
      vertex 70.8996 62.9107 2
      vertex 71.0078 62.8158 7.5
      vertex 70.8996 62.9107 7.5
    endloop
  endfacet
  facet normal -0.65939 -0.751801 -0
    outer loop
      vertex 71.0078 62.8158 7.5
      vertex 70.8996 62.9107 2
      vertex 71.0078 62.8158 2
    endloop
  endfacet
  facet normal 0.831515 -0.555502 0
    outer loop
      vertex 69.2774 62.588 7.5
      vertex 69.3573 62.7076 2
      vertex 69.3573 62.7076 7.5
    endloop
  endfacet
  facet normal 0.831515 -0.555502 0
    outer loop
      vertex 69.3573 62.7076 2
      vertex 69.2774 62.588 7.5
      vertex 69.2774 62.588 2
    endloop
  endfacet
  facet normal -0.0653198 -0.997864 0
    outer loop
      vertex 70.23 63.138 2
      vertex 70.3736 63.1286 7.5
      vertex 70.23 63.138 7.5
    endloop
  endfacet
  facet normal -0.0653198 -0.997864 -0
    outer loop
      vertex 70.3736 63.1286 7.5
      vertex 70.23 63.138 2
      vertex 70.3736 63.1286 2
    endloop
  endfacet
  facet normal 0 0 1
    outer loop
      vertex 71.3206 62.1816 2
      vertex 71.3206 61.8944 2
      vertex 71.33 62.038 2
    endloop
  endfacet
  facet normal 0 0 1
    outer loop
      vertex 71.2925 62.3227 2
      vertex 71.3206 61.8944 2
      vertex 71.3206 62.1816 2
    endloop
  endfacet
  facet normal 0 0 1
    outer loop
      vertex 71.2925 62.3227 2
      vertex 71.2925 61.7533 2
      vertex 71.3206 61.8944 2
    endloop
  endfacet
  facet normal 0 0 1
    outer loop
      vertex 71.2463 62.459 2
      vertex 71.2925 61.7533 2
      vertex 71.2925 62.3227 2
    endloop
  endfacet
  facet normal 0 0 1
    outer loop
      vertex 71.2463 62.459 2
      vertex 71.2463 61.617 2
      vertex 71.2925 61.7533 2
    endloop
  endfacet
  facet normal 0 0 1
    outer loop
      vertex 71.1826 62.588 2
      vertex 71.2463 61.617 2
      vertex 71.2463 62.459 2
    endloop
  endfacet
  facet normal 0 0 1
    outer loop
      vertex 71.1826 62.588 2
      vertex 71.1826 61.488 2
      vertex 71.2463 61.617 2
    endloop
  endfacet
  facet normal 0 0 1
    outer loop
      vertex 71.1027 62.7076 2
      vertex 71.1826 61.488 2
      vertex 71.1826 62.588 2
    endloop
  endfacet
  facet normal 0 0 1
    outer loop
      vertex 71.1027 62.7076 2
      vertex 71.1027 61.3684 2
      vertex 71.1826 61.488 2
    endloop
  endfacet
  facet normal 0 0 1
    outer loop
      vertex 71.0078 62.8158 2
      vertex 71.1027 61.3684 2
      vertex 71.1027 62.7076 2
    endloop
  endfacet
  facet normal 0 0 1
    outer loop
      vertex 71.0078 62.8158 2
      vertex 71.0078 61.2602 2
      vertex 71.1027 61.3684 2
    endloop
  endfacet
  facet normal 0 0 1
    outer loop
      vertex 70.8996 62.9107 2
      vertex 71.0078 61.2602 2
      vertex 71.0078 62.8158 2
    endloop
  endfacet
  facet normal 0 0 1
    outer loop
      vertex 70.8996 62.9107 2
      vertex 70.8996 61.1653 2
      vertex 71.0078 61.2602 2
    endloop
  endfacet
  facet normal 0 0 1
    outer loop
      vertex 70.78 62.9906 2
      vertex 70.8996 61.1653 2
      vertex 70.8996 62.9107 2
    endloop
  endfacet
  facet normal 0 0 1
    outer loop
      vertex 70.78 62.9906 2
      vertex 70.78 61.0854 2
      vertex 70.8996 61.1653 2
    endloop
  endfacet
  facet normal 0 0 1
    outer loop
      vertex 70.651 63.0543 2
      vertex 70.78 61.0854 2
      vertex 70.78 62.9906 2
    endloop
  endfacet
  facet normal 0 0 1
    outer loop
      vertex 70.651 63.0543 2
      vertex 70.651 61.0217 2
      vertex 70.78 61.0854 2
    endloop
  endfacet
  facet normal 0 0 1
    outer loop
      vertex 70.5147 63.1005 2
      vertex 70.651 61.0217 2
      vertex 70.651 63.0543 2
    endloop
  endfacet
  facet normal 0 0 1
    outer loop
      vertex 70.5147 63.1005 2
      vertex 70.5147 60.9755 2
      vertex 70.651 61.0217 2
    endloop
  endfacet
  facet normal 0 0 1
    outer loop
      vertex 70.3736 63.1286 2
      vertex 70.5147 60.9755 2
      vertex 70.5147 63.1005 2
    endloop
  endfacet
  facet normal 0 0 1
    outer loop
      vertex 70.3736 63.1286 2
      vertex 70.3736 60.9474 2
      vertex 70.5147 60.9755 2
    endloop
  endfacet
  facet normal 0 0 1
    outer loop
      vertex 70.23 63.138 2
      vertex 70.3736 60.9474 2
      vertex 70.3736 63.1286 2
    endloop
  endfacet
  facet normal 0 0 1
    outer loop
      vertex 70.23 63.138 2
      vertex 70.23 60.938 2
      vertex 70.3736 60.9474 2
    endloop
  endfacet
  facet normal -0 0 1
    outer loop
      vertex 70.0864 63.1286 2
      vertex 70.23 60.938 2
      vertex 70.23 63.138 2
    endloop
  endfacet
  facet normal 0 0 1
    outer loop
      vertex 70.0864 63.1286 2
      vertex 70.0864 60.9474 2
      vertex 70.23 60.938 2
    endloop
  endfacet
  facet normal -0 0 1
    outer loop
      vertex 69.9453 63.1005 2
      vertex 70.0864 60.9474 2
      vertex 70.0864 63.1286 2
    endloop
  endfacet
  facet normal 0 0 1
    outer loop
      vertex 69.9453 63.1005 2
      vertex 69.9453 60.9755 2
      vertex 70.0864 60.9474 2
    endloop
  endfacet
  facet normal -0 0 1
    outer loop
      vertex 69.8091 63.0543 2
      vertex 69.9453 60.9755 2
      vertex 69.9453 63.1005 2
    endloop
  endfacet
  facet normal 0 0 1
    outer loop
      vertex 69.8091 63.0543 2
      vertex 69.8091 61.0217 2
      vertex 69.9453 60.9755 2
    endloop
  endfacet
  facet normal -0 0 1
    outer loop
      vertex 69.68 62.9906 2
      vertex 69.8091 61.0217 2
      vertex 69.8091 63.0543 2
    endloop
  endfacet
  facet normal 0 0 1
    outer loop
      vertex 69.68 62.9906 2
      vertex 69.68 61.0854 2
      vertex 69.8091 61.0217 2
    endloop
  endfacet
  facet normal -0 0 1
    outer loop
      vertex 69.5604 62.9107 2
      vertex 69.68 61.0854 2
      vertex 69.68 62.9906 2
    endloop
  endfacet
  facet normal 0 0 1
    outer loop
      vertex 69.5604 62.9107 2
      vertex 69.5604 61.1653 2
      vertex 69.68 61.0854 2
    endloop
  endfacet
  facet normal -0 0 1
    outer loop
      vertex 69.4522 62.8158 2
      vertex 69.5604 61.1653 2
      vertex 69.5604 62.9107 2
    endloop
  endfacet
  facet normal 0 0 1
    outer loop
      vertex 69.4522 62.8158 2
      vertex 69.4522 61.2602 2
      vertex 69.5604 61.1653 2
    endloop
  endfacet
  facet normal -0 0 1
    outer loop
      vertex 69.3573 62.7076 2
      vertex 69.4522 61.2602 2
      vertex 69.4522 62.8158 2
    endloop
  endfacet
  facet normal 0 0 1
    outer loop
      vertex 69.3573 62.7076 2
      vertex 69.3573 61.3684 2
      vertex 69.4522 61.2602 2
    endloop
  endfacet
  facet normal -0 0 1
    outer loop
      vertex 69.2774 62.588 2
      vertex 69.3573 61.3684 2
      vertex 69.3573 62.7076 2
    endloop
  endfacet
  facet normal 0 0 1
    outer loop
      vertex 69.2774 62.588 2
      vertex 69.2774 61.488 2
      vertex 69.3573 61.3684 2
    endloop
  endfacet
  facet normal -0 0 1
    outer loop
      vertex 69.2137 62.459 2
      vertex 69.2774 61.488 2
      vertex 69.2774 62.588 2
    endloop
  endfacet
  facet normal 0 0 1
    outer loop
      vertex 69.2137 62.459 2
      vertex 69.2137 61.617 2
      vertex 69.2774 61.488 2
    endloop
  endfacet
  facet normal -0 0 1
    outer loop
      vertex 69.1675 62.3227 2
      vertex 69.2137 61.617 2
      vertex 69.2137 62.459 2
    endloop
  endfacet
  facet normal 0 0 1
    outer loop
      vertex 69.1675 62.3227 2
      vertex 69.1675 61.7533 2
      vertex 69.2137 61.617 2
    endloop
  endfacet
  facet normal -0 0 1
    outer loop
      vertex 69.1394 62.1816 2
      vertex 69.1675 61.7533 2
      vertex 69.1675 62.3227 2
    endloop
  endfacet
  facet normal 0 0 1
    outer loop
      vertex 69.1394 62.1816 2
      vertex 69.1394 61.8944 2
      vertex 69.1675 61.7533 2
    endloop
  endfacet
  facet normal 0 -0 1
    outer loop
      vertex 69.1394 61.8944 2
      vertex 69.1394 62.1816 2
      vertex 69.13 62.038 2
    endloop
  endfacet
  facet normal 0.65939 -0.751801 0
    outer loop
      vertex 69.4522 62.8158 2
      vertex 69.5604 62.9107 7.5
      vertex 69.4522 62.8158 7.5
    endloop
  endfacet
  facet normal 0.65939 -0.751801 0
    outer loop
      vertex 69.5604 62.9107 7.5
      vertex 69.4522 62.8158 2
      vertex 69.5604 62.9107 2
    endloop
  endfacet
  facet normal 0.32123 -0.947001 0
    outer loop
      vertex 69.8091 63.0543 2
      vertex 69.9453 63.1005 7.5
      vertex 69.8091 63.0543 7.5
    endloop
  endfacet
  facet normal 0.32123 -0.947001 0
    outer loop
      vertex 69.9453 63.1005 7.5
      vertex 69.8091 63.0543 2
      vertex 69.9453 63.1005 2
    endloop
  endfacet
  facet normal -0.751801 0.65939 0
    outer loop
      vertex 71.0078 61.2602 2
      vertex 71.1027 61.3684 7.5
      vertex 71.1027 61.3684 2
    endloop
  endfacet
  facet normal -0.751801 0.65939 0
    outer loop
      vertex 71.1027 61.3684 7.5
      vertex 71.0078 61.2602 2
      vertex 71.0078 61.2602 7.5
    endloop
  endfacet
  facet normal 0.997864 -0.0653198 0
    outer loop
      vertex 69.13 62.038 7.5
      vertex 69.1394 62.1816 2
      vertex 69.1394 62.1816 7.5
    endloop
  endfacet
  facet normal 0.997864 -0.0653198 0
    outer loop
      vertex 69.1394 62.1816 2
      vertex 69.13 62.038 7.5
      vertex 69.13 62.038 2
    endloop
  endfacet
  facet normal 0.947073 0.321018 0
    outer loop
      vertex 69.2137 61.617 7.5
      vertex 69.1675 61.7533 2
      vertex 69.1675 61.7533 7.5
    endloop
  endfacet
  facet normal 0.947073 0.321018 0
    outer loop
      vertex 69.1675 61.7533 2
      vertex 69.2137 61.617 7.5
      vertex 69.2137 61.617 2
    endloop
  endfacet
  facet normal 0.442484 0.896776 -0
    outer loop
      vertex 69.8091 61.0217 2
      vertex 69.68 61.0854 7.5
      vertex 69.8091 61.0217 7.5
    endloop
  endfacet
  facet normal 0.442484 0.896776 0
    outer loop
      vertex 69.68 61.0854 7.5
      vertex 69.8091 61.0217 2
      vertex 69.68 61.0854 2
    endloop
  endfacet
  facet normal -0.947073 0.321018 0
    outer loop
      vertex 71.2463 61.617 2
      vertex 71.2925 61.7533 7.5
      vertex 71.2925 61.7533 2
    endloop
  endfacet
  facet normal -0.947073 0.321018 0
    outer loop
      vertex 71.2925 61.7533 7.5
      vertex 71.2463 61.617 2
      vertex 71.2463 61.617 7.5
    endloop
  endfacet
  facet normal -0.980741 0.195314 0
    outer loop
      vertex 71.2925 61.7533 2
      vertex 71.3206 61.8944 7.5
      vertex 71.3206 61.8944 2
    endloop
  endfacet
  facet normal -0.980741 0.195314 0
    outer loop
      vertex 71.3206 61.8944 7.5
      vertex 71.2925 61.7533 2
      vertex 71.2925 61.7533 7.5
    endloop
  endfacet
  facet normal -0.555502 0.831515 0
    outer loop
      vertex 70.8996 61.1653 2
      vertex 70.78 61.0854 7.5
      vertex 70.8996 61.1653 7.5
    endloop
  endfacet
  facet normal -0.555502 0.831515 0
    outer loop
      vertex 70.78 61.0854 7.5
      vertex 70.8996 61.1653 2
      vertex 70.78 61.0854 2
    endloop
  endfacet
  facet normal -0.44276 0.89664 0
    outer loop
      vertex 70.78 61.0854 2
      vertex 70.651 61.0217 7.5
      vertex 70.78 61.0854 7.5
    endloop
  endfacet
  facet normal -0.44276 0.89664 0
    outer loop
      vertex 70.651 61.0217 7.5
      vertex 70.78 61.0854 2
      vertex 70.651 61.0217 2
    endloop
  endfacet
  facet normal 0.0653198 0.997864 -0
    outer loop
      vertex 70.23 60.938 2
      vertex 70.0864 60.9474 7.5
      vertex 70.23 60.938 7.5
    endloop
  endfacet
  facet normal 0.0653198 0.997864 0
    outer loop
      vertex 70.0864 60.9474 7.5
      vertex 70.23 60.938 2
      vertex 70.0864 60.9474 2
    endloop
  endfacet
  facet normal -0.555502 -0.831515 0
    outer loop
      vertex 70.78 62.9906 2
      vertex 70.8996 62.9107 7.5
      vertex 70.78 62.9906 7.5
    endloop
  endfacet
  facet normal -0.555502 -0.831515 -0
    outer loop
      vertex 70.8996 62.9107 7.5
      vertex 70.78 62.9906 2
      vertex 70.8996 62.9107 2
    endloop
  endfacet
  facet normal -0.65939 0.751801 0
    outer loop
      vertex 71.0078 61.2602 2
      vertex 70.8996 61.1653 7.5
      vertex 71.0078 61.2602 7.5
    endloop
  endfacet
  facet normal -0.65939 0.751801 0
    outer loop
      vertex 70.8996 61.1653 7.5
      vertex 71.0078 61.2602 2
      vertex 70.8996 61.1653 2
    endloop
  endfacet
  facet normal -0.44276 -0.89664 0
    outer loop
      vertex 70.651 63.0543 2
      vertex 70.78 62.9906 7.5
      vertex 70.651 63.0543 7.5
    endloop
  endfacet
  facet normal -0.44276 -0.89664 -0
    outer loop
      vertex 70.78 62.9906 7.5
      vertex 70.651 63.0543 2
      vertex 70.78 62.9906 2
    endloop
  endfacet
  facet normal -0.195314 -0.980741 0
    outer loop
      vertex 70.3736 63.1286 2
      vertex 70.5147 63.1005 7.5
      vertex 70.3736 63.1286 7.5
    endloop
  endfacet
  facet normal -0.195314 -0.980741 -0
    outer loop
      vertex 70.5147 63.1005 7.5
      vertex 70.3736 63.1286 2
      vertex 70.5147 63.1005 2
    endloop
  endfacet
  facet normal 0.442484 -0.896776 0
    outer loop
      vertex 69.68 62.9906 2
      vertex 69.8091 63.0543 7.5
      vertex 69.68 62.9906 7.5
    endloop
  endfacet
  facet normal 0.442484 -0.896776 0
    outer loop
      vertex 69.8091 63.0543 7.5
      vertex 69.68 62.9906 2
      vertex 69.8091 63.0543 2
    endloop
  endfacet
  facet normal 0.555502 0.831515 -0
    outer loop
      vertex 69.68 61.0854 2
      vertex 69.5604 61.1653 7.5
      vertex 69.68 61.0854 7.5
    endloop
  endfacet
  facet normal 0.555502 0.831515 0
    outer loop
      vertex 69.5604 61.1653 7.5
      vertex 69.68 61.0854 2
      vertex 69.5604 61.1653 2
    endloop
  endfacet
  facet normal -0.321018 -0.947073 0
    outer loop
      vertex 70.5147 63.1005 2
      vertex 70.651 63.0543 7.5
      vertex 70.5147 63.1005 7.5
    endloop
  endfacet
  facet normal -0.321018 -0.947073 -0
    outer loop
      vertex 70.651 63.0543 7.5
      vertex 70.5147 63.1005 2
      vertex 70.651 63.0543 2
    endloop
  endfacet
  facet normal 0.751801 -0.65939 0
    outer loop
      vertex 69.3573 62.7076 7.5
      vertex 69.4522 62.8158 2
      vertex 69.4522 62.8158 7.5
    endloop
  endfacet
  facet normal 0.751801 -0.65939 0
    outer loop
      vertex 69.4522 62.8158 2
      vertex 69.3573 62.7076 7.5
      vertex 69.3573 62.7076 2
    endloop
  endfacet
  facet normal -0.195314 0.980741 0
    outer loop
      vertex 70.5147 60.9755 2
      vertex 70.3736 60.9474 7.5
      vertex 70.5147 60.9755 7.5
    endloop
  endfacet
  facet normal -0.195314 0.980741 0
    outer loop
      vertex 70.3736 60.9474 7.5
      vertex 70.5147 60.9755 2
      vertex 70.3736 60.9474 2
    endloop
  endfacet
  facet normal -0.0653198 0.997864 0
    outer loop
      vertex 70.3736 60.9474 2
      vertex 70.23 60.938 7.5
      vertex 70.3736 60.9474 7.5
    endloop
  endfacet
  facet normal -0.0653198 0.997864 0
    outer loop
      vertex 70.23 60.938 7.5
      vertex 70.3736 60.9474 2
      vertex 70.23 60.938 2
    endloop
  endfacet
  facet normal 0.89664 0.44276 0
    outer loop
      vertex 69.2774 61.488 7.5
      vertex 69.2137 61.617 2
      vertex 69.2137 61.617 7.5
    endloop
  endfacet
  facet normal 0.89664 0.44276 0
    outer loop
      vertex 69.2137 61.617 2
      vertex 69.2774 61.488 7.5
      vertex 69.2774 61.488 2
    endloop
  endfacet
  facet normal 0.195314 0.980741 -0
    outer loop
      vertex 70.0864 60.9474 2
      vertex 69.9453 60.9755 7.5
      vertex 70.0864 60.9474 7.5
    endloop
  endfacet
  facet normal 0.195314 0.980741 0
    outer loop
      vertex 69.9453 60.9755 7.5
      vertex 70.0864 60.9474 2
      vertex 69.9453 60.9755 2
    endloop
  endfacet
  facet normal 0.195314 -0.980741 0
    outer loop
      vertex 69.9453 63.1005 2
      vertex 70.0864 63.1286 7.5
      vertex 69.9453 63.1005 7.5
    endloop
  endfacet
  facet normal 0.195314 -0.980741 0
    outer loop
      vertex 70.0864 63.1286 7.5
      vertex 69.9453 63.1005 2
      vertex 70.0864 63.1286 2
    endloop
  endfacet
  facet normal -0.997864 0.0653198 0
    outer loop
      vertex 71.3206 61.8944 2
      vertex 71.33 62.038 7.5
      vertex 71.33 62.038 2
    endloop
  endfacet
  facet normal -0.997864 0.0653198 0
    outer loop
      vertex 71.33 62.038 7.5
      vertex 71.3206 61.8944 2
      vertex 71.3206 61.8944 7.5
    endloop
  endfacet
  facet normal 0.997864 0.0653198 0
    outer loop
      vertex 69.1394 61.8944 7.5
      vertex 69.13 62.038 2
      vertex 69.13 62.038 7.5
    endloop
  endfacet
  facet normal 0.997864 0.0653198 0
    outer loop
      vertex 69.13 62.038 2
      vertex 69.1394 61.8944 7.5
      vertex 69.1394 61.8944 2
    endloop
  endfacet
  facet normal -0.831515 0.555502 0
    outer loop
      vertex 71.1027 61.3684 2
      vertex 71.1826 61.488 7.5
      vertex 71.1826 61.488 2
    endloop
  endfacet
  facet normal -0.831515 0.555502 0
    outer loop
      vertex 71.1826 61.488 7.5
      vertex 71.1027 61.3684 2
      vertex 71.1027 61.3684 7.5
    endloop
  endfacet
  facet normal -0.751801 -0.65939 0
    outer loop
      vertex 71.1027 62.7076 2
      vertex 71.0078 62.8158 7.5
      vertex 71.0078 62.8158 2
    endloop
  endfacet
  facet normal -0.751801 -0.65939 0
    outer loop
      vertex 71.0078 62.8158 7.5
      vertex 71.1027 62.7076 2
      vertex 71.1027 62.7076 7.5
    endloop
  endfacet
  facet normal 0.980741 0.195314 0
    outer loop
      vertex 69.1675 61.7533 7.5
      vertex 69.1394 61.8944 2
      vertex 69.1394 61.8944 7.5
    endloop
  endfacet
  facet normal 0.980741 0.195314 0
    outer loop
      vertex 69.1394 61.8944 2
      vertex 69.1675 61.7533 7.5
      vertex 69.1675 61.7533 2
    endloop
  endfacet
  facet normal 0.0653198 -0.997864 0
    outer loop
      vertex 70.0864 63.1286 2
      vertex 70.23 63.138 7.5
      vertex 70.0864 63.1286 7.5
    endloop
  endfacet
  facet normal 0.0653198 -0.997864 0
    outer loop
      vertex 70.23 63.138 7.5
      vertex 70.0864 63.1286 2
      vertex 70.23 63.138 2
    endloop
  endfacet
  facet normal 0.751801 0.65939 0
    outer loop
      vertex 69.4522 61.2602 7.5
      vertex 69.3573 61.3684 2
      vertex 69.3573 61.3684 7.5
    endloop
  endfacet
  facet normal 0.751801 0.65939 0
    outer loop
      vertex 69.3573 61.3684 2
      vertex 69.4522 61.2602 7.5
      vertex 69.4522 61.2602 2
    endloop
  endfacet
  facet normal 0.32123 0.947001 -0
    outer loop
      vertex 69.9453 60.9755 2
      vertex 69.8091 61.0217 7.5
      vertex 69.9453 60.9755 7.5
    endloop
  endfacet
  facet normal 0.32123 0.947001 0
    outer loop
      vertex 69.8091 61.0217 7.5
      vertex 69.9453 60.9755 2
      vertex 69.8091 61.0217 2
    endloop
  endfacet
  facet normal 0.947073 -0.321018 0
    outer loop
      vertex 69.1675 62.3227 7.5
      vertex 69.2137 62.459 2
      vertex 69.2137 62.459 7.5
    endloop
  endfacet
  facet normal 0.947073 -0.321018 0
    outer loop
      vertex 69.2137 62.459 2
      vertex 69.1675 62.3227 7.5
      vertex 69.1675 62.3227 2
    endloop
  endfacet
  facet normal 0.89664 -0.44276 0
    outer loop
      vertex 69.2137 62.459 7.5
      vertex 69.2774 62.588 2
      vertex 69.2774 62.588 7.5
    endloop
  endfacet
  facet normal 0.89664 -0.44276 0
    outer loop
      vertex 69.2774 62.588 2
      vertex 69.2137 62.459 7.5
      vertex 69.2137 62.459 2
    endloop
  endfacet
  facet normal -0.0653981 0.997859 0
    outer loop
      vertex 6.14358 4.90941 2
      vertex 6 4.9 7.5
      vertex 6.14358 4.90941 7.5
    endloop
  endfacet
  facet normal -0.0653981 0.997859 0
    outer loop
      vertex 6 4.9 7.5
      vertex 6.14358 4.90941 2
      vertex 6 4.9 2
    endloop
  endfacet
  facet normal -0.980786 -0.195087 0
    outer loop
      vertex 7.09059 6.14358 2
      vertex 7.06252 6.2847 7.5
      vertex 7.06252 6.2847 2
    endloop
  endfacet
  facet normal -0.980786 -0.195087 0
    outer loop
      vertex 7.06252 6.2847 7.5
      vertex 7.09059 6.14358 2
      vertex 7.09059 6.14358 7.5
    endloop
  endfacet
  facet normal -0.997859 -0.0653981 0
    outer loop
      vertex 7.1 6 2
      vertex 7.09059 6.14358 7.5
      vertex 7.09059 6.14358 2
    endloop
  endfacet
  facet normal -0.997859 -0.0653981 0
    outer loop
      vertex 7.09059 6.14358 7.5
      vertex 7.1 6 2
      vertex 7.1 6 7.5
    endloop
  endfacet
  facet normal -0.980786 0.195087 0
    outer loop
      vertex 7.06252 5.7153 2
      vertex 7.09059 5.85642 7.5
      vertex 7.09059 5.85642 2
    endloop
  endfacet
  facet normal -0.980786 0.195087 0
    outer loop
      vertex 7.09059 5.85642 7.5
      vertex 7.06252 5.7153 2
      vertex 7.06252 5.7153 7.5
    endloop
  endfacet
  facet normal -0.195087 -0.980786 0
    outer loop
      vertex 6.14358 7.09059 2
      vertex 6.2847 7.06252 7.5
      vertex 6.14358 7.09059 7.5
    endloop
  endfacet
  facet normal -0.195087 -0.980786 -0
    outer loop
      vertex 6.2847 7.06252 7.5
      vertex 6.14358 7.09059 2
      vertex 6.2847 7.06252 2
    endloop
  endfacet
  facet normal -0.946931 0.321435 0
    outer loop
      vertex 7.01627 5.57905 2
      vertex 7.06252 5.7153 7.5
      vertex 7.06252 5.7153 2
    endloop
  endfacet
  facet normal -0.946931 0.321435 0
    outer loop
      vertex 7.06252 5.7153 7.5
      vertex 7.01627 5.57905 2
      vertex 7.01627 5.57905 7.5
    endloop
  endfacet
  facet normal -0.0653981 -0.997859 0
    outer loop
      vertex 6 7.1 2
      vertex 6.14358 7.09059 7.5
      vertex 6 7.1 7.5
    endloop
  endfacet
  facet normal -0.0653981 -0.997859 -0
    outer loop
      vertex 6.14358 7.09059 7.5
      vertex 6 7.1 2
      vertex 6.14358 7.09059 2
    endloop
  endfacet
  facet normal 0.195087 0.980786 -0
    outer loop
      vertex 5.85642 4.90941 2
      vertex 5.7153 4.93748 7.5
      vertex 5.85642 4.90941 7.5
    endloop
  endfacet
  facet normal 0.195087 0.980786 0
    outer loop
      vertex 5.7153 4.93748 7.5
      vertex 5.85642 4.90941 2
      vertex 5.7153 4.93748 2
    endloop
  endfacet
  facet normal 0.321435 -0.946931 0
    outer loop
      vertex 5.57905 7.01627 2
      vertex 5.7153 7.06252 7.5
      vertex 5.57905 7.01627 7.5
    endloop
  endfacet
  facet normal 0.321435 -0.946931 0
    outer loop
      vertex 5.7153 7.06252 7.5
      vertex 5.57905 7.01627 2
      vertex 5.7153 7.06252 2
    endloop
  endfacet
  facet normal -0.659341 0.751844 0
    outer loop
      vertex 6.77782 5.22218 2
      vertex 6.66964 5.12731 7.5
      vertex 6.77782 5.22218 7.5
    endloop
  endfacet
  facet normal -0.659341 0.751844 0
    outer loop
      vertex 6.66964 5.12731 7.5
      vertex 6.77782 5.22218 2
      vertex 6.66964 5.12731 2
    endloop
  endfacet
  facet normal 0.555566 -0.831472 0
    outer loop
      vertex 5.33036 6.87269 2
      vertex 5.45 6.95263 7.5
      vertex 5.33036 6.87269 7.5
    endloop
  endfacet
  facet normal 0.555566 -0.831472 0
    outer loop
      vertex 5.45 6.95263 7.5
      vertex 5.33036 6.87269 2
      vertex 5.45 6.95263 2
    endloop
  endfacet
  facet normal -0.896874 -0.442286 0
    outer loop
      vertex 7.01627 6.42095 2
      vertex 6.95263 6.55 7.5
      vertex 6.95263 6.55 2
    endloop
  endfacet
  facet normal -0.896874 -0.442286 0
    outer loop
      vertex 6.95263 6.55 7.5
      vertex 7.01627 6.42095 2
      vertex 7.01627 6.42095 7.5
    endloop
  endfacet
  facet normal -0.195087 0.980786 0
    outer loop
      vertex 6.2847 4.93748 2
      vertex 6.14358 4.90941 7.5
      vertex 6.2847 4.93748 7.5
    endloop
  endfacet
  facet normal -0.195087 0.980786 0
    outer loop
      vertex 6.14358 4.90941 7.5
      vertex 6.2847 4.93748 2
      vertex 6.14358 4.90941 2
    endloop
  endfacet
  facet normal -0.442286 0.896874 0
    outer loop
      vertex 6.55 5.04737 2
      vertex 6.42095 4.98373 7.5
      vertex 6.55 5.04737 7.5
    endloop
  endfacet
  facet normal -0.442286 0.896874 0
    outer loop
      vertex 6.42095 4.98373 7.5
      vertex 6.55 5.04737 2
      vertex 6.42095 4.98373 2
    endloop
  endfacet
  facet normal -0.321435 0.946931 0
    outer loop
      vertex 6.42095 4.98373 2
      vertex 6.2847 4.93748 7.5
      vertex 6.42095 4.98373 7.5
    endloop
  endfacet
  facet normal -0.321435 0.946931 0
    outer loop
      vertex 6.2847 4.93748 7.5
      vertex 6.42095 4.98373 2
      vertex 6.2847 4.93748 2
    endloop
  endfacet
  facet normal 0.997859 0.0653981 0
    outer loop
      vertex 4.90941 5.85642 7.5
      vertex 4.9 6 2
      vertex 4.9 6 7.5
    endloop
  endfacet
  facet normal 0.997859 0.0653981 0
    outer loop
      vertex 4.9 6 2
      vertex 4.90941 5.85642 7.5
      vertex 4.90941 5.85642 2
    endloop
  endfacet
  facet normal -0.555566 0.831472 0
    outer loop
      vertex 6.66964 5.12731 2
      vertex 6.55 5.04737 7.5
      vertex 6.66964 5.12731 7.5
    endloop
  endfacet
  facet normal -0.555566 0.831472 0
    outer loop
      vertex 6.55 5.04737 7.5
      vertex 6.66964 5.12731 2
      vertex 6.55 5.04737 2
    endloop
  endfacet
  facet normal 0.659341 0.751844 -0
    outer loop
      vertex 5.33036 5.12731 2
      vertex 5.22218 5.22218 7.5
      vertex 5.33036 5.12731 7.5
    endloop
  endfacet
  facet normal 0.659341 0.751844 0
    outer loop
      vertex 5.22218 5.22218 7.5
      vertex 5.33036 5.12731 2
      vertex 5.22218 5.22218 2
    endloop
  endfacet
  facet normal 0.751844 0.659341 0
    outer loop
      vertex 5.22218 5.22218 7.5
      vertex 5.12731 5.33036 2
      vertex 5.12731 5.33036 7.5
    endloop
  endfacet
  facet normal 0.751844 0.659341 0
    outer loop
      vertex 5.12731 5.33036 2
      vertex 5.22218 5.22218 7.5
      vertex 5.22218 5.22218 2
    endloop
  endfacet
  facet normal 0.980786 -0.195087 0
    outer loop
      vertex 4.90941 6.14358 7.5
      vertex 4.93748 6.2847 2
      vertex 4.93748 6.2847 7.5
    endloop
  endfacet
  facet normal 0.980786 -0.195087 0
    outer loop
      vertex 4.93748 6.2847 2
      vertex 4.90941 6.14358 7.5
      vertex 4.90941 6.14358 2
    endloop
  endfacet
  facet normal -0.831472 -0.555566 0
    outer loop
      vertex 6.95263 6.55 2
      vertex 6.87269 6.66964 7.5
      vertex 6.87269 6.66964 2
    endloop
  endfacet
  facet normal -0.831472 -0.555566 0
    outer loop
      vertex 6.87269 6.66964 7.5
      vertex 6.95263 6.55 2
      vertex 6.95263 6.55 7.5
    endloop
  endfacet
  facet normal 0.946931 0.321435 0
    outer loop
      vertex 4.98373 5.57905 7.5
      vertex 4.93748 5.7153 2
      vertex 4.93748 5.7153 7.5
    endloop
  endfacet
  facet normal 0.946931 0.321435 0
    outer loop
      vertex 4.93748 5.7153 2
      vertex 4.98373 5.57905 7.5
      vertex 4.98373 5.57905 2
    endloop
  endfacet
  facet normal -0.997859 0.0653981 0
    outer loop
      vertex 7.09059 5.85642 2
      vertex 7.1 6 7.5
      vertex 7.1 6 2
    endloop
  endfacet
  facet normal -0.997859 0.0653981 0
    outer loop
      vertex 7.1 6 7.5
      vertex 7.09059 5.85642 2
      vertex 7.09059 5.85642 7.5
    endloop
  endfacet
  facet normal -0.442286 -0.896874 0
    outer loop
      vertex 6.42095 7.01627 2
      vertex 6.55 6.95263 7.5
      vertex 6.42095 7.01627 7.5
    endloop
  endfacet
  facet normal -0.442286 -0.896874 -0
    outer loop
      vertex 6.55 6.95263 7.5
      vertex 6.42095 7.01627 2
      vertex 6.55 6.95263 2
    endloop
  endfacet
  facet normal -0.751844 0.659341 0
    outer loop
      vertex 6.77782 5.22218 2
      vertex 6.87269 5.33036 7.5
      vertex 6.87269 5.33036 2
    endloop
  endfacet
  facet normal -0.751844 0.659341 0
    outer loop
      vertex 6.87269 5.33036 7.5
      vertex 6.77782 5.22218 2
      vertex 6.77782 5.22218 7.5
    endloop
  endfacet
  facet normal -0.751844 -0.659341 0
    outer loop
      vertex 6.87269 6.66964 2
      vertex 6.77782 6.77782 7.5
      vertex 6.77782 6.77782 2
    endloop
  endfacet
  facet normal -0.751844 -0.659341 0
    outer loop
      vertex 6.77782 6.77782 7.5
      vertex 6.87269 6.66964 2
      vertex 6.87269 6.66964 7.5
    endloop
  endfacet
  facet normal -0.555566 -0.831472 0
    outer loop
      vertex 6.55 6.95263 2
      vertex 6.66964 6.87269 7.5
      vertex 6.55 6.95263 7.5
    endloop
  endfacet
  facet normal -0.555566 -0.831472 -0
    outer loop
      vertex 6.66964 6.87269 7.5
      vertex 6.55 6.95263 2
      vertex 6.66964 6.87269 2
    endloop
  endfacet
  facet normal -0.896874 0.442286 0
    outer loop
      vertex 6.95263 5.45 2
      vertex 7.01627 5.57905 7.5
      vertex 7.01627 5.57905 2
    endloop
  endfacet
  facet normal -0.896874 0.442286 0
    outer loop
      vertex 7.01627 5.57905 7.5
      vertex 6.95263 5.45 2
      vertex 6.95263 5.45 7.5
    endloop
  endfacet
  facet normal -0.831472 0.555566 0
    outer loop
      vertex 6.87269 5.33036 2
      vertex 6.95263 5.45 7.5
      vertex 6.95263 5.45 2
    endloop
  endfacet
  facet normal -0.831472 0.555566 0
    outer loop
      vertex 6.95263 5.45 7.5
      vertex 6.87269 5.33036 2
      vertex 6.87269 5.33036 7.5
    endloop
  endfacet
  facet normal 0.831472 -0.555566 0
    outer loop
      vertex 5.04737 6.55 7.5
      vertex 5.12731 6.66964 2
      vertex 5.12731 6.66964 7.5
    endloop
  endfacet
  facet normal 0.831472 -0.555566 0
    outer loop
      vertex 5.12731 6.66964 2
      vertex 5.04737 6.55 7.5
      vertex 5.04737 6.55 2
    endloop
  endfacet
  facet normal 0.896874 -0.442286 0
    outer loop
      vertex 4.98373 6.42095 7.5
      vertex 5.04737 6.55 2
      vertex 5.04737 6.55 7.5
    endloop
  endfacet
  facet normal 0.896874 -0.442286 0
    outer loop
      vertex 5.04737 6.55 2
      vertex 4.98373 6.42095 7.5
      vertex 4.98373 6.42095 2
    endloop
  endfacet
  facet normal 0.195087 -0.980786 0
    outer loop
      vertex 5.7153 7.06252 2
      vertex 5.85642 7.09059 7.5
      vertex 5.7153 7.06252 7.5
    endloop
  endfacet
  facet normal 0.195087 -0.980786 0
    outer loop
      vertex 5.85642 7.09059 7.5
      vertex 5.7153 7.06252 2
      vertex 5.85642 7.09059 2
    endloop
  endfacet
  facet normal 0.659341 -0.751844 0
    outer loop
      vertex 5.22218 6.77782 2
      vertex 5.33036 6.87269 7.5
      vertex 5.22218 6.77782 7.5
    endloop
  endfacet
  facet normal 0.659341 -0.751844 0
    outer loop
      vertex 5.33036 6.87269 7.5
      vertex 5.22218 6.77782 2
      vertex 5.33036 6.87269 2
    endloop
  endfacet
  facet normal -0.659341 -0.751844 0
    outer loop
      vertex 6.66964 6.87269 2
      vertex 6.77782 6.77782 7.5
      vertex 6.66964 6.87269 7.5
    endloop
  endfacet
  facet normal -0.659341 -0.751844 -0
    outer loop
      vertex 6.77782 6.77782 7.5
      vertex 6.66964 6.87269 2
      vertex 6.77782 6.77782 2
    endloop
  endfacet
  facet normal 0.0653981 0.997859 -0
    outer loop
      vertex 6 4.9 2
      vertex 5.85642 4.90941 7.5
      vertex 6 4.9 7.5
    endloop
  endfacet
  facet normal 0.0653981 0.997859 0
    outer loop
      vertex 5.85642 4.90941 7.5
      vertex 6 4.9 2
      vertex 5.85642 4.90941 2
    endloop
  endfacet
  facet normal 0.831472 0.555566 0
    outer loop
      vertex 5.12731 5.33036 7.5
      vertex 5.04737 5.45 2
      vertex 5.04737 5.45 7.5
    endloop
  endfacet
  facet normal 0.831472 0.555566 0
    outer loop
      vertex 5.04737 5.45 2
      vertex 5.12731 5.33036 7.5
      vertex 5.12731 5.33036 2
    endloop
  endfacet
  facet normal 0.751844 -0.659341 0
    outer loop
      vertex 5.12731 6.66964 7.5
      vertex 5.22218 6.77782 2
      vertex 5.22218 6.77782 7.5
    endloop
  endfacet
  facet normal 0.751844 -0.659341 0
    outer loop
      vertex 5.22218 6.77782 2
      vertex 5.12731 6.66964 7.5
      vertex 5.12731 6.66964 2
    endloop
  endfacet
  facet normal 0.0653981 -0.997859 0
    outer loop
      vertex 5.85642 7.09059 2
      vertex 6 7.1 7.5
      vertex 5.85642 7.09059 7.5
    endloop
  endfacet
  facet normal 0.0653981 -0.997859 0
    outer loop
      vertex 6 7.1 7.5
      vertex 5.85642 7.09059 2
      vertex 6 7.1 2
    endloop
  endfacet
  facet normal 0.980786 0.195087 0
    outer loop
      vertex 4.93748 5.7153 7.5
      vertex 4.90941 5.85642 2
      vertex 4.90941 5.85642 7.5
    endloop
  endfacet
  facet normal 0.980786 0.195087 0
    outer loop
      vertex 4.90941 5.85642 2
      vertex 4.93748 5.7153 7.5
      vertex 4.93748 5.7153 2
    endloop
  endfacet
  facet normal 0.442286 -0.896874 0
    outer loop
      vertex 5.45 6.95263 2
      vertex 5.57905 7.01627 7.5
      vertex 5.45 6.95263 7.5
    endloop
  endfacet
  facet normal 0.442286 -0.896874 0
    outer loop
      vertex 5.57905 7.01627 7.5
      vertex 5.45 6.95263 2
      vertex 5.57905 7.01627 2
    endloop
  endfacet
  facet normal -0.321435 -0.946931 0
    outer loop
      vertex 6.2847 7.06252 2
      vertex 6.42095 7.01627 7.5
      vertex 6.2847 7.06252 7.5
    endloop
  endfacet
  facet normal -0.321435 -0.946931 -0
    outer loop
      vertex 6.42095 7.01627 7.5
      vertex 6.2847 7.06252 2
      vertex 6.42095 7.01627 2
    endloop
  endfacet
  facet normal 0.997859 -0.0653981 0
    outer loop
      vertex 4.9 6 7.5
      vertex 4.90941 6.14358 2
      vertex 4.90941 6.14358 7.5
    endloop
  endfacet
  facet normal 0.997859 -0.0653981 0
    outer loop
      vertex 4.90941 6.14358 2
      vertex 4.9 6 7.5
      vertex 4.9 6 2
    endloop
  endfacet
  facet normal -0.946931 -0.321435 0
    outer loop
      vertex 7.06252 6.2847 2
      vertex 7.01627 6.42095 7.5
      vertex 7.01627 6.42095 2
    endloop
  endfacet
  facet normal -0.946931 -0.321435 0
    outer loop
      vertex 7.01627 6.42095 7.5
      vertex 7.06252 6.2847 2
      vertex 7.06252 6.2847 7.5
    endloop
  endfacet
  facet normal 0.946931 -0.321435 0
    outer loop
      vertex 4.93748 6.2847 7.5
      vertex 4.98373 6.42095 2
      vertex 4.98373 6.42095 7.5
    endloop
  endfacet
  facet normal 0.946931 -0.321435 0
    outer loop
      vertex 4.98373 6.42095 2
      vertex 4.93748 6.2847 7.5
      vertex 4.93748 6.2847 2
    endloop
  endfacet
  facet normal 0.321435 0.946931 -0
    outer loop
      vertex 5.7153 4.93748 2
      vertex 5.57905 4.98373 7.5
      vertex 5.7153 4.93748 7.5
    endloop
  endfacet
  facet normal 0.321435 0.946931 0
    outer loop
      vertex 5.57905 4.98373 7.5
      vertex 5.7153 4.93748 2
      vertex 5.57905 4.98373 2
    endloop
  endfacet
  facet normal 0.442286 0.896874 -0
    outer loop
      vertex 5.57905 4.98373 2
      vertex 5.45 5.04737 7.5
      vertex 5.57905 4.98373 7.5
    endloop
  endfacet
  facet normal 0.442286 0.896874 0
    outer loop
      vertex 5.45 5.04737 7.5
      vertex 5.57905 4.98373 2
      vertex 5.45 5.04737 2
    endloop
  endfacet
  facet normal 0.555566 0.831472 -0
    outer loop
      vertex 5.45 5.04737 2
      vertex 5.33036 5.12731 7.5
      vertex 5.45 5.04737 7.5
    endloop
  endfacet
  facet normal 0.555566 0.831472 0
    outer loop
      vertex 5.33036 5.12731 7.5
      vertex 5.45 5.04737 2
      vertex 5.33036 5.12731 2
    endloop
  endfacet
  facet normal 0.896874 0.442286 0
    outer loop
      vertex 5.04737 5.45 7.5
      vertex 4.98373 5.57905 2
      vertex 4.98373 5.57905 7.5
    endloop
  endfacet
  facet normal 0.896874 0.442286 0
    outer loop
      vertex 4.98373 5.57905 2
      vertex 5.04737 5.45 7.5
      vertex 5.04737 5.45 2
    endloop
  endfacet
  facet normal 0 0 1
    outer loop
      vertex 7.09059 6.14358 2
      vertex 7.09059 5.85642 2
      vertex 7.1 6 2
    endloop
  endfacet
  facet normal 0 0 1
    outer loop
      vertex 7.06252 6.2847 2
      vertex 7.09059 5.85642 2
      vertex 7.09059 6.14358 2
    endloop
  endfacet
  facet normal 0 0 1
    outer loop
      vertex 7.06252 6.2847 2
      vertex 7.06252 5.7153 2
      vertex 7.09059 5.85642 2
    endloop
  endfacet
  facet normal 0 0 1
    outer loop
      vertex 7.01627 6.42095 2
      vertex 7.06252 5.7153 2
      vertex 7.06252 6.2847 2
    endloop
  endfacet
  facet normal 0 0 1
    outer loop
      vertex 7.01627 6.42095 2
      vertex 7.01627 5.57905 2
      vertex 7.06252 5.7153 2
    endloop
  endfacet
  facet normal 0 0 1
    outer loop
      vertex 6.95263 6.55 2
      vertex 7.01627 5.57905 2
      vertex 7.01627 6.42095 2
    endloop
  endfacet
  facet normal 0 0 1
    outer loop
      vertex 6.95263 6.55 2
      vertex 6.95263 5.45 2
      vertex 7.01627 5.57905 2
    endloop
  endfacet
  facet normal 0 0 1
    outer loop
      vertex 6.87269 6.66964 2
      vertex 6.95263 5.45 2
      vertex 6.95263 6.55 2
    endloop
  endfacet
  facet normal 0 0 1
    outer loop
      vertex 6.87269 6.66964 2
      vertex 6.87269 5.33036 2
      vertex 6.95263 5.45 2
    endloop
  endfacet
  facet normal 0 0 1
    outer loop
      vertex 6.77782 6.77782 2
      vertex 6.87269 5.33036 2
      vertex 6.87269 6.66964 2
    endloop
  endfacet
  facet normal 0 0 1
    outer loop
      vertex 6.77782 6.77782 2
      vertex 6.77782 5.22218 2
      vertex 6.87269 5.33036 2
    endloop
  endfacet
  facet normal 0 0 1
    outer loop
      vertex 6.66964 6.87269 2
      vertex 6.77782 5.22218 2
      vertex 6.77782 6.77782 2
    endloop
  endfacet
  facet normal 0 0 1
    outer loop
      vertex 6.66964 6.87269 2
      vertex 6.66964 5.12731 2
      vertex 6.77782 5.22218 2
    endloop
  endfacet
  facet normal 0 0 1
    outer loop
      vertex 6.55 6.95263 2
      vertex 6.66964 5.12731 2
      vertex 6.66964 6.87269 2
    endloop
  endfacet
  facet normal 0 0 1
    outer loop
      vertex 6.55 6.95263 2
      vertex 6.55 5.04737 2
      vertex 6.66964 5.12731 2
    endloop
  endfacet
  facet normal 0 0 1
    outer loop
      vertex 6.42095 7.01627 2
      vertex 6.55 5.04737 2
      vertex 6.55 6.95263 2
    endloop
  endfacet
  facet normal 0 0 1
    outer loop
      vertex 6.42095 7.01627 2
      vertex 6.42095 4.98373 2
      vertex 6.55 5.04737 2
    endloop
  endfacet
  facet normal 0 0 1
    outer loop
      vertex 6.2847 7.06252 2
      vertex 6.42095 4.98373 2
      vertex 6.42095 7.01627 2
    endloop
  endfacet
  facet normal 0 0 1
    outer loop
      vertex 6.2847 7.06252 2
      vertex 6.2847 4.93748 2
      vertex 6.42095 4.98373 2
    endloop
  endfacet
  facet normal 0 0 1
    outer loop
      vertex 6.14358 7.09059 2
      vertex 6.2847 4.93748 2
      vertex 6.2847 7.06252 2
    endloop
  endfacet
  facet normal 0 0 1
    outer loop
      vertex 6.14358 7.09059 2
      vertex 6.14358 4.90941 2
      vertex 6.2847 4.93748 2
    endloop
  endfacet
  facet normal 0 0 1
    outer loop
      vertex 6 7.1 2
      vertex 6.14358 4.90941 2
      vertex 6.14358 7.09059 2
    endloop
  endfacet
  facet normal 0 0 1
    outer loop
      vertex 6 7.1 2
      vertex 6 4.9 2
      vertex 6.14358 4.90941 2
    endloop
  endfacet
  facet normal -0 0 1
    outer loop
      vertex 5.85642 7.09059 2
      vertex 6 4.9 2
      vertex 6 7.1 2
    endloop
  endfacet
  facet normal 0 0 1
    outer loop
      vertex 5.85642 7.09059 2
      vertex 5.85642 4.90941 2
      vertex 6 4.9 2
    endloop
  endfacet
  facet normal -0 0 1
    outer loop
      vertex 5.7153 7.06252 2
      vertex 5.85642 4.90941 2
      vertex 5.85642 7.09059 2
    endloop
  endfacet
  facet normal 0 0 1
    outer loop
      vertex 5.7153 7.06252 2
      vertex 5.7153 4.93748 2
      vertex 5.85642 4.90941 2
    endloop
  endfacet
  facet normal -0 0 1
    outer loop
      vertex 5.57905 7.01627 2
      vertex 5.7153 4.93748 2
      vertex 5.7153 7.06252 2
    endloop
  endfacet
  facet normal 0 0 1
    outer loop
      vertex 5.57905 7.01627 2
      vertex 5.57905 4.98373 2
      vertex 5.7153 4.93748 2
    endloop
  endfacet
  facet normal -0 0 1
    outer loop
      vertex 5.45 6.95263 2
      vertex 5.57905 4.98373 2
      vertex 5.57905 7.01627 2
    endloop
  endfacet
  facet normal 0 0 1
    outer loop
      vertex 5.45 6.95263 2
      vertex 5.45 5.04737 2
      vertex 5.57905 4.98373 2
    endloop
  endfacet
  facet normal -0 0 1
    outer loop
      vertex 5.33036 6.87269 2
      vertex 5.45 5.04737 2
      vertex 5.45 6.95263 2
    endloop
  endfacet
  facet normal 0 0 1
    outer loop
      vertex 5.33036 6.87269 2
      vertex 5.33036 5.12731 2
      vertex 5.45 5.04737 2
    endloop
  endfacet
  facet normal -0 0 1
    outer loop
      vertex 5.22218 6.77782 2
      vertex 5.33036 5.12731 2
      vertex 5.33036 6.87269 2
    endloop
  endfacet
  facet normal 0 0 1
    outer loop
      vertex 5.22218 6.77782 2
      vertex 5.22218 5.22218 2
      vertex 5.33036 5.12731 2
    endloop
  endfacet
  facet normal -0 0 1
    outer loop
      vertex 5.12731 6.66964 2
      vertex 5.22218 5.22218 2
      vertex 5.22218 6.77782 2
    endloop
  endfacet
  facet normal 0 0 1
    outer loop
      vertex 5.12731 6.66964 2
      vertex 5.12731 5.33036 2
      vertex 5.22218 5.22218 2
    endloop
  endfacet
  facet normal -0 0 1
    outer loop
      vertex 5.04737 6.55 2
      vertex 5.12731 5.33036 2
      vertex 5.12731 6.66964 2
    endloop
  endfacet
  facet normal 0 0 1
    outer loop
      vertex 5.04737 6.55 2
      vertex 5.04737 5.45 2
      vertex 5.12731 5.33036 2
    endloop
  endfacet
  facet normal -0 0 1
    outer loop
      vertex 4.98373 6.42095 2
      vertex 5.04737 5.45 2
      vertex 5.04737 6.55 2
    endloop
  endfacet
  facet normal 0 0 1
    outer loop
      vertex 4.98373 6.42095 2
      vertex 4.98373 5.57905 2
      vertex 5.04737 5.45 2
    endloop
  endfacet
  facet normal -0 0 1
    outer loop
      vertex 4.93748 6.2847 2
      vertex 4.98373 5.57905 2
      vertex 4.98373 6.42095 2
    endloop
  endfacet
  facet normal 0 0 1
    outer loop
      vertex 4.93748 6.2847 2
      vertex 4.93748 5.7153 2
      vertex 4.98373 5.57905 2
    endloop
  endfacet
  facet normal -0 0 1
    outer loop
      vertex 4.90941 6.14358 2
      vertex 4.93748 5.7153 2
      vertex 4.93748 6.2847 2
    endloop
  endfacet
  facet normal 0 0 1
    outer loop
      vertex 4.90941 6.14358 2
      vertex 4.90941 5.85642 2
      vertex 4.93748 5.7153 2
    endloop
  endfacet
  facet normal 0 -0 1
    outer loop
      vertex 4.90941 5.85642 2
      vertex 4.90941 6.14358 2
      vertex 4.9 6 2
    endloop
  endfacet
  facet normal -0.0653289 0.997864 0
    outer loop
      vertex 6.14358 68.9094 2
      vertex 6 68.9 7.5
      vertex 6.14358 68.9094 7.5
    endloop
  endfacet
  facet normal -0.0653289 0.997864 0
    outer loop
      vertex 6 68.9 7.5
      vertex 6.14358 68.9094 2
      vertex 6 68.9 2
    endloop
  endfacet
  facet normal -0.980781 -0.195113 0
    outer loop
      vertex 7.09059 70.1436 2
      vertex 7.06252 70.2847 7.5
      vertex 7.06252 70.2847 2
    endloop
  endfacet
  facet normal -0.980781 -0.195113 0
    outer loop
      vertex 7.06252 70.2847 7.5
      vertex 7.09059 70.1436 2
      vertex 7.09059 70.1436 7.5
    endloop
  endfacet
  facet normal -0.99786 -0.065389 0
    outer loop
      vertex 7.1 70 2
      vertex 7.09059 70.1436 7.5
      vertex 7.09059 70.1436 2
    endloop
  endfacet
  facet normal -0.99786 -0.065389 0
    outer loop
      vertex 7.09059 70.1436 7.5
      vertex 7.1 70 2
      vertex 7.1 70 7.5
    endloop
  endfacet
  facet normal -0.980781 0.195113 0
    outer loop
      vertex 7.06252 69.7153 2
      vertex 7.09059 69.8564 7.5
      vertex 7.09059 69.8564 2
    endloop
  endfacet
  facet normal -0.980781 0.195113 0
    outer loop
      vertex 7.09059 69.8564 7.5
      vertex 7.06252 69.7153 2
      vertex 7.06252 69.7153 7.5
    endloop
  endfacet
  facet normal -0.195287 -0.980746 0
    outer loop
      vertex 6.14358 71.0906 2
      vertex 6.2847 71.0625 7.5
      vertex 6.14358 71.0906 7.5
    endloop
  endfacet
  facet normal -0.195287 -0.980746 -0
    outer loop
      vertex 6.2847 71.0625 7.5
      vertex 6.14358 71.0906 2
      vertex 6.2847 71.0625 2
    endloop
  endfacet
  facet normal -0.946967 0.32133 0
    outer loop
      vertex 7.01627 69.579 2
      vertex 7.06252 69.7153 7.5
      vertex 7.06252 69.7153 2
    endloop
  endfacet
  facet normal -0.946967 0.32133 0
    outer loop
      vertex 7.06252 69.7153 7.5
      vertex 7.01627 69.579 2
      vertex 7.01627 69.579 7.5
    endloop
  endfacet
  facet normal -0.0653289 -0.997864 0
    outer loop
      vertex 6 71.1 2
      vertex 6.14358 71.0906 7.5
      vertex 6 71.1 7.5
    endloop
  endfacet
  facet normal -0.0653289 -0.997864 -0
    outer loop
      vertex 6.14358 71.0906 7.5
      vertex 6 71.1 2
      vertex 6.14358 71.0906 2
    endloop
  endfacet
  facet normal 0.195287 0.980746 -0
    outer loop
      vertex 5.85642 68.9094 2
      vertex 5.7153 68.9375 7.5
      vertex 5.85642 68.9094 7.5
    endloop
  endfacet
  facet normal 0.195287 0.980746 0
    outer loop
      vertex 5.7153 68.9375 7.5
      vertex 5.85642 68.9094 2
      vertex 5.7153 68.9375 2
    endloop
  endfacet
  facet normal -0.659458 0.751741 0
    outer loop
      vertex 6.77782 69.2222 2
      vertex 6.66964 69.1273 7.5
      vertex 6.77782 69.2222 7.5
    endloop
  endfacet
  facet normal -0.659458 0.751741 0
    outer loop
      vertex 6.66964 69.1273 7.5
      vertex 6.77782 69.2222 2
      vertex 6.66964 69.1273 2
    endloop
  endfacet
  facet normal 0.555374 -0.831601 0
    outer loop
      vertex 5.33036 70.8727 2
      vertex 5.45 70.9526 7.5
      vertex 5.33036 70.8727 7.5
    endloop
  endfacet
  facet normal 0.555374 -0.831601 0
    outer loop
      vertex 5.45 70.9526 7.5
      vertex 5.33036 70.8727 2
      vertex 5.45 70.9526 2
    endloop
  endfacet
  facet normal -0.896806 -0.442424 0
    outer loop
      vertex 7.01627 70.421 2
      vertex 6.95263 70.55 7.5
      vertex 6.95263 70.55 2
    endloop
  endfacet
  facet normal -0.896806 -0.442424 0
    outer loop
      vertex 6.95263 70.55 7.5
      vertex 7.01627 70.421 2
      vertex 7.01627 70.421 7.5
    endloop
  endfacet
  facet normal -0.195287 0.980746 0
    outer loop
      vertex 6.2847 68.9375 2
      vertex 6.14358 68.9094 7.5
      vertex 6.2847 68.9375 7.5
    endloop
  endfacet
  facet normal -0.195287 0.980746 0
    outer loop
      vertex 6.14358 68.9094 7.5
      vertex 6.2847 68.9375 2
      vertex 6.14358 68.9094 2
    endloop
  endfacet
  facet normal -0.442622 0.896708 0
    outer loop
      vertex 6.55 69.0474 2
      vertex 6.42095 68.9837 7.5
      vertex 6.55 69.0474 7.5
    endloop
  endfacet
  facet normal -0.442622 0.896708 0
    outer loop
      vertex 6.42095 68.9837 7.5
      vertex 6.55 69.0474 2
      vertex 6.42095 68.9837 2
    endloop
  endfacet
  facet normal -0.321124 0.947037 0
    outer loop
      vertex 6.42095 68.9837 2
      vertex 6.2847 68.9375 7.5
      vertex 6.42095 68.9837 7.5
    endloop
  endfacet
  facet normal -0.321124 0.947037 0
    outer loop
      vertex 6.2847 68.9375 7.5
      vertex 6.42095 68.9837 2
      vertex 6.2847 68.9375 2
    endloop
  endfacet
  facet normal 0.99786 0.065389 0
    outer loop
      vertex 4.90941 69.8564 7.5
      vertex 4.9 70 2
      vertex 4.9 70 7.5
    endloop
  endfacet
  facet normal 0.99786 0.065389 0
    outer loop
      vertex 4.9 70 2
      vertex 4.90941 69.8564 7.5
      vertex 4.90941 69.8564 2
    endloop
  endfacet
  facet normal -0.555374 0.831601 0
    outer loop
      vertex 6.66964 69.1273 2
      vertex 6.55 69.0474 7.5
      vertex 6.66964 69.1273 7.5
    endloop
  endfacet
  facet normal -0.555374 0.831601 0
    outer loop
      vertex 6.55 69.0474 7.5
      vertex 6.66964 69.1273 2
      vertex 6.55 69.0474 2
    endloop
  endfacet
  facet normal 0.751905 0.659272 0
    outer loop
      vertex 5.22218 69.2222 7.5
      vertex 5.12731 69.3304 2
      vertex 5.12731 69.3304 7.5
    endloop
  endfacet
  facet normal 0.751905 0.659272 0
    outer loop
      vertex 5.12731 69.3304 2
      vertex 5.22218 69.2222 7.5
      vertex 5.22218 69.2222 2
    endloop
  endfacet
  facet normal 0.980781 -0.195113 0
    outer loop
      vertex 4.90941 70.1436 7.5
      vertex 4.93748 70.2847 2
      vertex 4.93748 70.2847 7.5
    endloop
  endfacet
  facet normal 0.980781 -0.195113 0
    outer loop
      vertex 4.93748 70.2847 2
      vertex 4.90941 70.1436 7.5
      vertex 4.90941 70.1436 2
    endloop
  endfacet
  facet normal -0.831387 -0.555694 0
    outer loop
      vertex 6.95263 70.55 2
      vertex 6.87269 70.6696 7.5
      vertex 6.87269 70.6696 2
    endloop
  endfacet
  facet normal -0.831387 -0.555694 0
    outer loop
      vertex 6.87269 70.6696 7.5
      vertex 6.95263 70.55 2
      vertex 6.95263 70.55 7.5
    endloop
  endfacet
  facet normal 0.946967 0.32133 0
    outer loop
      vertex 4.98373 69.579 7.5
      vertex 4.93748 69.7153 2
      vertex 4.93748 69.7153 7.5
    endloop
  endfacet
  facet normal 0.946967 0.32133 0
    outer loop
      vertex 4.93748 69.7153 2
      vertex 4.98373 69.579 7.5
      vertex 4.98373 69.579 2
    endloop
  endfacet
  facet normal -0.99786 0.065389 0
    outer loop
      vertex 7.09059 69.8564 2
      vertex 7.1 70 7.5
      vertex 7.1 70 2
    endloop
  endfacet
  facet normal -0.99786 0.065389 0
    outer loop
      vertex 7.1 70 7.5
      vertex 7.09059 69.8564 2
      vertex 7.09059 69.8564 7.5
    endloop
  endfacet
  facet normal -0.442622 -0.896708 0
    outer loop
      vertex 6.42095 71.0163 2
      vertex 6.55 70.9526 7.5
      vertex 6.42095 71.0163 7.5
    endloop
  endfacet
  facet normal -0.442622 -0.896708 -0
    outer loop
      vertex 6.55 70.9526 7.5
      vertex 6.42095 71.0163 2
      vertex 6.55 70.9526 2
    endloop
  endfacet
  facet normal -0.751905 0.659272 0
    outer loop
      vertex 6.77782 69.2222 2
      vertex 6.87269 69.3304 7.5
      vertex 6.87269 69.3304 2
    endloop
  endfacet
  facet normal -0.751905 0.659272 0
    outer loop
      vertex 6.87269 69.3304 7.5
      vertex 6.77782 69.2222 2
      vertex 6.77782 69.2222 7.5
    endloop
  endfacet
  facet normal -0.751905 -0.659272 0
    outer loop
      vertex 6.87269 70.6696 2
      vertex 6.77782 70.7778 7.5
      vertex 6.77782 70.7778 2
    endloop
  endfacet
  facet normal -0.751905 -0.659272 0
    outer loop
      vertex 6.77782 70.7778 7.5
      vertex 6.87269 70.6696 2
      vertex 6.87269 70.6696 7.5
    endloop
  endfacet
  facet normal -0.555374 -0.831601 0
    outer loop
      vertex 6.55 70.9526 2
      vertex 6.66964 70.8727 7.5
      vertex 6.55 70.9526 7.5
    endloop
  endfacet
  facet normal -0.555374 -0.831601 -0
    outer loop
      vertex 6.66964 70.8727 7.5
      vertex 6.55 70.9526 2
      vertex 6.66964 70.8727 2
    endloop
  endfacet
  facet normal -0.896806 0.442424 0
    outer loop
      vertex 6.95263 69.45 2
      vertex 7.01627 69.579 7.5
      vertex 7.01627 69.579 2
    endloop
  endfacet
  facet normal -0.896806 0.442424 0
    outer loop
      vertex 7.01627 69.579 7.5
      vertex 6.95263 69.45 2
      vertex 6.95263 69.45 7.5
    endloop
  endfacet
  facet normal -0.831387 0.555694 0
    outer loop
      vertex 6.87269 69.3304 2
      vertex 6.95263 69.45 7.5
      vertex 6.95263 69.45 2
    endloop
  endfacet
  facet normal -0.831387 0.555694 0
    outer loop
      vertex 6.95263 69.45 7.5
      vertex 6.87269 69.3304 2
      vertex 6.87269 69.3304 7.5
    endloop
  endfacet
  facet normal 0.831387 -0.555694 0
    outer loop
      vertex 5.04737 70.55 7.5
      vertex 5.12731 70.6696 2
      vertex 5.12731 70.6696 7.5
    endloop
  endfacet
  facet normal 0.831387 -0.555694 0
    outer loop
      vertex 5.12731 70.6696 2
      vertex 5.04737 70.55 7.5
      vertex 5.04737 70.55 2
    endloop
  endfacet
  facet normal 0.896806 -0.442424 0
    outer loop
      vertex 4.98373 70.421 7.5
      vertex 5.04737 70.55 2
      vertex 5.04737 70.55 7.5
    endloop
  endfacet
  facet normal 0.896806 -0.442424 0
    outer loop
      vertex 5.04737 70.55 2
      vertex 4.98373 70.421 7.5
      vertex 4.98373 70.421 2
    endloop
  endfacet
  facet normal 0.195287 -0.980746 0
    outer loop
      vertex 5.7153 71.0625 2
      vertex 5.85642 71.0906 7.5
      vertex 5.7153 71.0625 7.5
    endloop
  endfacet
  facet normal 0.195287 -0.980746 0
    outer loop
      vertex 5.85642 71.0906 7.5
      vertex 5.7153 71.0625 2
      vertex 5.85642 71.0906 2
    endloop
  endfacet
  facet normal 0.659458 -0.751741 0
    outer loop
      vertex 5.22218 70.7778 2
      vertex 5.33036 70.8727 7.5
      vertex 5.22218 70.7778 7.5
    endloop
  endfacet
  facet normal 0.659458 -0.751741 0
    outer loop
      vertex 5.33036 70.8727 7.5
      vertex 5.22218 70.7778 2
      vertex 5.33036 70.8727 2
    endloop
  endfacet
  facet normal -0.659458 -0.751741 0
    outer loop
      vertex 6.66964 70.8727 2
      vertex 6.77782 70.7778 7.5
      vertex 6.66964 70.8727 7.5
    endloop
  endfacet
  facet normal -0.659458 -0.751741 -0
    outer loop
      vertex 6.77782 70.7778 7.5
      vertex 6.66964 70.8727 2
      vertex 6.77782 70.7778 2
    endloop
  endfacet
  facet normal 0.0653289 0.997864 -0
    outer loop
      vertex 6 68.9 2
      vertex 5.85642 68.9094 7.5
      vertex 6 68.9 7.5
    endloop
  endfacet
  facet normal 0.0653289 0.997864 0
    outer loop
      vertex 5.85642 68.9094 7.5
      vertex 6 68.9 2
      vertex 5.85642 68.9094 2
    endloop
  endfacet
  facet normal -0.946967 -0.32133 0
    outer loop
      vertex 7.06252 70.2847 2
      vertex 7.01627 70.421 7.5
      vertex 7.01627 70.421 2
    endloop
  endfacet
  facet normal -0.946967 -0.32133 0
    outer loop
      vertex 7.01627 70.421 7.5
      vertex 7.06252 70.2847 2
      vertex 7.06252 70.2847 7.5
    endloop
  endfacet
  facet normal 0.831387 0.555694 0
    outer loop
      vertex 5.12731 69.3304 7.5
      vertex 5.04737 69.45 2
      vertex 5.04737 69.45 7.5
    endloop
  endfacet
  facet normal 0.831387 0.555694 0
    outer loop
      vertex 5.04737 69.45 2
      vertex 5.12731 69.3304 7.5
      vertex 5.12731 69.3304 2
    endloop
  endfacet
  facet normal 0.751905 -0.659272 0
    outer loop
      vertex 5.12731 70.6696 7.5
      vertex 5.22218 70.7778 2
      vertex 5.22218 70.7778 7.5
    endloop
  endfacet
  facet normal 0.751905 -0.659272 0
    outer loop
      vertex 5.22218 70.7778 2
      vertex 5.12731 70.6696 7.5
      vertex 5.12731 70.6696 2
    endloop
  endfacet
  facet normal 0.0653289 -0.997864 0
    outer loop
      vertex 5.85642 71.0906 2
      vertex 6 71.1 7.5
      vertex 5.85642 71.0906 7.5
    endloop
  endfacet
  facet normal 0.0653289 -0.997864 0
    outer loop
      vertex 6 71.1 7.5
      vertex 5.85642 71.0906 2
      vertex 6 71.1 2
    endloop
  endfacet
  facet normal 0.980781 0.195113 0
    outer loop
      vertex 4.93748 69.7153 7.5
      vertex 4.90941 69.8564 2
      vertex 4.90941 69.8564 7.5
    endloop
  endfacet
  facet normal 0.980781 0.195113 0
    outer loop
      vertex 4.90941 69.8564 2
      vertex 4.93748 69.7153 7.5
      vertex 4.93748 69.7153 2
    endloop
  endfacet
  facet normal 0.442622 -0.896708 0
    outer loop
      vertex 5.45 70.9526 2
      vertex 5.57905 71.0163 7.5
      vertex 5.45 70.9526 7.5
    endloop
  endfacet
  facet normal 0.442622 -0.896708 0
    outer loop
      vertex 5.57905 71.0163 7.5
      vertex 5.45 70.9526 2
      vertex 5.57905 71.0163 2
    endloop
  endfacet
  facet normal -0.321124 -0.947037 0
    outer loop
      vertex 6.2847 71.0625 2
      vertex 6.42095 71.0163 7.5
      vertex 6.2847 71.0625 7.5
    endloop
  endfacet
  facet normal -0.321124 -0.947037 -0
    outer loop
      vertex 6.42095 71.0163 7.5
      vertex 6.2847 71.0625 2
      vertex 6.42095 71.0163 2
    endloop
  endfacet
  facet normal 0.99786 -0.065389 0
    outer loop
      vertex 4.9 70 7.5
      vertex 4.90941 70.1436 2
      vertex 4.90941 70.1436 7.5
    endloop
  endfacet
  facet normal 0.99786 -0.065389 0
    outer loop
      vertex 4.90941 70.1436 2
      vertex 4.9 70 7.5
      vertex 4.9 70 2
    endloop
  endfacet
  facet normal 0.946967 -0.32133 0
    outer loop
      vertex 4.93748 70.2847 7.5
      vertex 4.98373 70.421 2
      vertex 4.98373 70.421 7.5
    endloop
  endfacet
  facet normal 0.946967 -0.32133 0
    outer loop
      vertex 4.98373 70.421 2
      vertex 4.93748 70.2847 7.5
      vertex 4.93748 70.2847 2
    endloop
  endfacet
  facet normal 0.321124 -0.947037 0
    outer loop
      vertex 5.57905 71.0163 2
      vertex 5.7153 71.0625 7.5
      vertex 5.57905 71.0163 7.5
    endloop
  endfacet
  facet normal 0.321124 -0.947037 0
    outer loop
      vertex 5.7153 71.0625 7.5
      vertex 5.57905 71.0163 2
      vertex 5.7153 71.0625 2
    endloop
  endfacet
  facet normal 0.321124 0.947037 -0
    outer loop
      vertex 5.7153 68.9375 2
      vertex 5.57905 68.9837 7.5
      vertex 5.7153 68.9375 7.5
    endloop
  endfacet
  facet normal 0.321124 0.947037 0
    outer loop
      vertex 5.57905 68.9837 7.5
      vertex 5.7153 68.9375 2
      vertex 5.57905 68.9837 2
    endloop
  endfacet
  facet normal 0.442622 0.896708 -0
    outer loop
      vertex 5.57905 68.9837 2
      vertex 5.45 69.0474 7.5
      vertex 5.57905 68.9837 7.5
    endloop
  endfacet
  facet normal 0.442622 0.896708 0
    outer loop
      vertex 5.45 69.0474 7.5
      vertex 5.57905 68.9837 2
      vertex 5.45 69.0474 2
    endloop
  endfacet
  facet normal 0.659458 0.751741 -0
    outer loop
      vertex 5.33036 69.1273 2
      vertex 5.22218 69.2222 7.5
      vertex 5.33036 69.1273 7.5
    endloop
  endfacet
  facet normal 0.659458 0.751741 0
    outer loop
      vertex 5.22218 69.2222 7.5
      vertex 5.33036 69.1273 2
      vertex 5.22218 69.2222 2
    endloop
  endfacet
  facet normal 0.555374 0.831601 -0
    outer loop
      vertex 5.45 69.0474 2
      vertex 5.33036 69.1273 7.5
      vertex 5.45 69.0474 7.5
    endloop
  endfacet
  facet normal 0.555374 0.831601 0
    outer loop
      vertex 5.33036 69.1273 7.5
      vertex 5.45 69.0474 2
      vertex 5.33036 69.1273 2
    endloop
  endfacet
  facet normal 0.896806 0.442424 0
    outer loop
      vertex 5.04737 69.45 7.5
      vertex 4.98373 69.579 2
      vertex 4.98373 69.579 7.5
    endloop
  endfacet
  facet normal 0.896806 0.442424 0
    outer loop
      vertex 4.98373 69.579 2
      vertex 5.04737 69.45 7.5
      vertex 5.04737 69.45 2
    endloop
  endfacet
  facet normal 0 0 1
    outer loop
      vertex 7.09059 70.1436 2
      vertex 7.09059 69.8564 2
      vertex 7.1 70 2
    endloop
  endfacet
  facet normal 0 0 1
    outer loop
      vertex 7.06252 70.2847 2
      vertex 7.09059 69.8564 2
      vertex 7.09059 70.1436 2
    endloop
  endfacet
  facet normal 0 0 1
    outer loop
      vertex 7.06252 70.2847 2
      vertex 7.06252 69.7153 2
      vertex 7.09059 69.8564 2
    endloop
  endfacet
  facet normal 0 0 1
    outer loop
      vertex 7.01627 70.421 2
      vertex 7.06252 69.7153 2
      vertex 7.06252 70.2847 2
    endloop
  endfacet
  facet normal 0 0 1
    outer loop
      vertex 7.01627 70.421 2
      vertex 7.01627 69.579 2
      vertex 7.06252 69.7153 2
    endloop
  endfacet
  facet normal 0 0 1
    outer loop
      vertex 6.95263 70.55 2
      vertex 7.01627 69.579 2
      vertex 7.01627 70.421 2
    endloop
  endfacet
  facet normal 0 0 1
    outer loop
      vertex 6.95263 70.55 2
      vertex 6.95263 69.45 2
      vertex 7.01627 69.579 2
    endloop
  endfacet
  facet normal 0 0 1
    outer loop
      vertex 6.87269 70.6696 2
      vertex 6.95263 69.45 2
      vertex 6.95263 70.55 2
    endloop
  endfacet
  facet normal 0 0 1
    outer loop
      vertex 6.87269 70.6696 2
      vertex 6.87269 69.3304 2
      vertex 6.95263 69.45 2
    endloop
  endfacet
  facet normal 0 0 1
    outer loop
      vertex 6.77782 70.7778 2
      vertex 6.87269 69.3304 2
      vertex 6.87269 70.6696 2
    endloop
  endfacet
  facet normal 0 0 1
    outer loop
      vertex 6.77782 70.7778 2
      vertex 6.77782 69.2222 2
      vertex 6.87269 69.3304 2
    endloop
  endfacet
  facet normal 0 0 1
    outer loop
      vertex 6.66964 70.8727 2
      vertex 6.77782 69.2222 2
      vertex 6.77782 70.7778 2
    endloop
  endfacet
  facet normal 0 0 1
    outer loop
      vertex 6.66964 70.8727 2
      vertex 6.66964 69.1273 2
      vertex 6.77782 69.2222 2
    endloop
  endfacet
  facet normal 0 0 1
    outer loop
      vertex 6.55 70.9526 2
      vertex 6.66964 69.1273 2
      vertex 6.66964 70.8727 2
    endloop
  endfacet
  facet normal 0 0 1
    outer loop
      vertex 6.55 70.9526 2
      vertex 6.55 69.0474 2
      vertex 6.66964 69.1273 2
    endloop
  endfacet
  facet normal 0 0 1
    outer loop
      vertex 6.42095 71.0163 2
      vertex 6.55 69.0474 2
      vertex 6.55 70.9526 2
    endloop
  endfacet
  facet normal 0 0 1
    outer loop
      vertex 6.42095 71.0163 2
      vertex 6.42095 68.9837 2
      vertex 6.55 69.0474 2
    endloop
  endfacet
  facet normal 0 0 1
    outer loop
      vertex 6.2847 71.0625 2
      vertex 6.42095 68.9837 2
      vertex 6.42095 71.0163 2
    endloop
  endfacet
  facet normal 0 0 1
    outer loop
      vertex 6.2847 71.0625 2
      vertex 6.2847 68.9375 2
      vertex 6.42095 68.9837 2
    endloop
  endfacet
  facet normal 0 0 1
    outer loop
      vertex 6.14358 71.0906 2
      vertex 6.2847 68.9375 2
      vertex 6.2847 71.0625 2
    endloop
  endfacet
  facet normal 0 0 1
    outer loop
      vertex 6.14358 71.0906 2
      vertex 6.14358 68.9094 2
      vertex 6.2847 68.9375 2
    endloop
  endfacet
  facet normal 0 0 1
    outer loop
      vertex 6 71.1 2
      vertex 6.14358 68.9094 2
      vertex 6.14358 71.0906 2
    endloop
  endfacet
  facet normal 0 0 1
    outer loop
      vertex 6 71.1 2
      vertex 6 68.9 2
      vertex 6.14358 68.9094 2
    endloop
  endfacet
  facet normal -0 0 1
    outer loop
      vertex 5.85642 71.0906 2
      vertex 6 68.9 2
      vertex 6 71.1 2
    endloop
  endfacet
  facet normal 0 0 1
    outer loop
      vertex 5.85642 71.0906 2
      vertex 5.85642 68.9094 2
      vertex 6 68.9 2
    endloop
  endfacet
  facet normal -0 0 1
    outer loop
      vertex 5.7153 71.0625 2
      vertex 5.85642 68.9094 2
      vertex 5.85642 71.0906 2
    endloop
  endfacet
  facet normal 0 0 1
    outer loop
      vertex 5.7153 71.0625 2
      vertex 5.7153 68.9375 2
      vertex 5.85642 68.9094 2
    endloop
  endfacet
  facet normal -0 0 1
    outer loop
      vertex 5.57905 71.0163 2
      vertex 5.7153 68.9375 2
      vertex 5.7153 71.0625 2
    endloop
  endfacet
  facet normal 0 0 1
    outer loop
      vertex 5.57905 71.0163 2
      vertex 5.57905 68.9837 2
      vertex 5.7153 68.9375 2
    endloop
  endfacet
  facet normal -0 0 1
    outer loop
      vertex 5.45 70.9526 2
      vertex 5.57905 68.9837 2
      vertex 5.57905 71.0163 2
    endloop
  endfacet
  facet normal 0 0 1
    outer loop
      vertex 5.45 70.9526 2
      vertex 5.45 69.0474 2
      vertex 5.57905 68.9837 2
    endloop
  endfacet
  facet normal -0 0 1
    outer loop
      vertex 5.33036 70.8727 2
      vertex 5.45 69.0474 2
      vertex 5.45 70.9526 2
    endloop
  endfacet
  facet normal 0 0 1
    outer loop
      vertex 5.33036 70.8727 2
      vertex 5.33036 69.1273 2
      vertex 5.45 69.0474 2
    endloop
  endfacet
  facet normal -0 0 1
    outer loop
      vertex 5.22218 70.7778 2
      vertex 5.33036 69.1273 2
      vertex 5.33036 70.8727 2
    endloop
  endfacet
  facet normal 0 0 1
    outer loop
      vertex 5.22218 70.7778 2
      vertex 5.22218 69.2222 2
      vertex 5.33036 69.1273 2
    endloop
  endfacet
  facet normal -0 0 1
    outer loop
      vertex 5.12731 70.6696 2
      vertex 5.22218 69.2222 2
      vertex 5.22218 70.7778 2
    endloop
  endfacet
  facet normal 0 0 1
    outer loop
      vertex 5.12731 70.6696 2
      vertex 5.12731 69.3304 2
      vertex 5.22218 69.2222 2
    endloop
  endfacet
  facet normal -0 0 1
    outer loop
      vertex 5.04737 70.55 2
      vertex 5.12731 69.3304 2
      vertex 5.12731 70.6696 2
    endloop
  endfacet
  facet normal 0 0 1
    outer loop
      vertex 5.04737 70.55 2
      vertex 5.04737 69.45 2
      vertex 5.12731 69.3304 2
    endloop
  endfacet
  facet normal -0 0 1
    outer loop
      vertex 4.98373 70.421 2
      vertex 5.04737 69.45 2
      vertex 5.04737 70.55 2
    endloop
  endfacet
  facet normal 0 0 1
    outer loop
      vertex 4.98373 70.421 2
      vertex 4.98373 69.579 2
      vertex 5.04737 69.45 2
    endloop
  endfacet
  facet normal -0 0 1
    outer loop
      vertex 4.93748 70.2847 2
      vertex 4.98373 69.579 2
      vertex 4.98373 70.421 2
    endloop
  endfacet
  facet normal 0 0 1
    outer loop
      vertex 4.93748 70.2847 2
      vertex 4.93748 69.7153 2
      vertex 4.98373 69.579 2
    endloop
  endfacet
  facet normal -0 0 1
    outer loop
      vertex 4.90941 70.1436 2
      vertex 4.93748 69.7153 2
      vertex 4.93748 70.2847 2
    endloop
  endfacet
  facet normal 0 0 1
    outer loop
      vertex 4.90941 70.1436 2
      vertex 4.90941 69.8564 2
      vertex 4.93748 69.7153 2
    endloop
  endfacet
  facet normal 0 -0 1
    outer loop
      vertex 4.90941 69.8564 2
      vertex 4.90941 70.1436 2
      vertex 4.9 70 2
    endloop
  endfacet
  facet normal -0.0652081 0.997872 0
    outer loop
      vertex 109.144 4.90941 2
      vertex 109 4.9 7.5
      vertex 109.144 4.90941 7.5
    endloop
  endfacet
  facet normal -0.0652081 0.997872 0
    outer loop
      vertex 109 4.9 7.5
      vertex 109.144 4.90941 2
      vertex 109 4.9 2
    endloop
  endfacet
  facet normal -0.980879 -0.194619 0
    outer loop
      vertex 110.091 6.14358 2
      vertex 110.063 6.2847 7.5
      vertex 110.063 6.2847 2
    endloop
  endfacet
  facet normal -0.980879 -0.194619 0
    outer loop
      vertex 110.063 6.2847 7.5
      vertex 110.091 6.14358 2
      vertex 110.091 6.14358 7.5
    endloop
  endfacet
  facet normal -0.998041 -0.06256 0
    outer loop
      vertex 110.1 6 2
      vertex 110.091 6.14358 7.5
      vertex 110.091 6.14358 2
    endloop
  endfacet
  facet normal -0.998041 -0.06256 0
    outer loop
      vertex 110.091 6.14358 7.5
      vertex 110.1 6 2
      vertex 110.1 6 7.5
    endloop
  endfacet
  facet normal -0.980879 0.194619 0
    outer loop
      vertex 110.063 5.7153 2
      vertex 110.091 5.85642 7.5
      vertex 110.091 5.85642 2
    endloop
  endfacet
  facet normal -0.980879 0.194619 0
    outer loop
      vertex 110.091 5.85642 7.5
      vertex 110.063 5.7153 2
      vertex 110.063 5.7153 7.5
    endloop
  endfacet
  facet normal -0.195247 -0.980754 0
    outer loop
      vertex 109.144 7.09059 2
      vertex 109.285 7.06252 7.5
      vertex 109.144 7.09059 7.5
    endloop
  endfacet
  facet normal -0.195247 -0.980754 -0
    outer loop
      vertex 109.285 7.06252 7.5
      vertex 109.144 7.09059 2
      vertex 109.285 7.06252 2
    endloop
  endfacet
  facet normal -0.945336 0.326098 0
    outer loop
      vertex 110.016 5.57905 2
      vertex 110.063 5.7153 7.5
      vertex 110.063 5.7153 2
    endloop
  endfacet
  facet normal -0.945336 0.326098 0
    outer loop
      vertex 110.063 5.7153 7.5
      vertex 110.016 5.57905 2
      vertex 110.016 5.57905 7.5
    endloop
  endfacet
  facet normal -0.0652081 -0.997872 0
    outer loop
      vertex 109 7.1 2
      vertex 109.144 7.09059 7.5
      vertex 109 7.1 7.5
    endloop
  endfacet
  facet normal -0.0652081 -0.997872 -0
    outer loop
      vertex 109.144 7.09059 7.5
      vertex 109 7.1 2
      vertex 109.144 7.09059 2
    endloop
  endfacet
  facet normal 0.195247 0.980754 -0
    outer loop
      vertex 108.856 4.90941 2
      vertex 108.715 4.93748 7.5
      vertex 108.856 4.90941 7.5
    endloop
  endfacet
  facet normal 0.195247 0.980754 0
    outer loop
      vertex 108.715 4.93748 7.5
      vertex 108.856 4.90941 2
      vertex 108.715 4.93748 2
    endloop
  endfacet
  facet normal 0.321965 -0.946752 0
    outer loop
      vertex 108.579 7.01627 2
      vertex 108.715 7.06252 7.5
      vertex 108.579 7.01627 7.5
    endloop
  endfacet
  facet normal 0.321965 -0.946752 0
    outer loop
      vertex 108.715 7.06252 7.5
      vertex 108.579 7.01627 2
      vertex 108.715 7.06252 2
    endloop
  endfacet
  facet normal -0.659961 0.7513 0
    outer loop
      vertex 109.778 5.22218 2
      vertex 109.67 5.12731 7.5
      vertex 109.778 5.22218 7.5
    endloop
  endfacet
  facet normal -0.659961 0.7513 0
    outer loop
      vertex 109.67 5.12731 7.5
      vertex 109.778 5.22218 2
      vertex 109.67 5.12731 2
    endloop
  endfacet
  facet normal 0.659961 -0.7513 0
    outer loop
      vertex 108.222 6.77782 2
      vertex 108.33 6.87269 7.5
      vertex 108.222 6.77782 7.5
    endloop
  endfacet
  facet normal 0.659961 -0.7513 0
    outer loop
      vertex 108.33 6.87269 7.5
      vertex 108.222 6.77782 2
      vertex 108.33 6.87269 2
    endloop
  endfacet
  facet normal 0.554412 -0.832242 0
    outer loop
      vertex 108.33 6.87269 2
      vertex 108.45 6.95263 7.5
      vertex 108.33 6.87269 7.5
    endloop
  endfacet
  facet normal 0.554412 -0.832242 0
    outer loop
      vertex 108.45 6.95263 7.5
      vertex 108.33 6.87269 2
      vertex 108.45 6.95263 2
    endloop
  endfacet
  facet normal -0.898635 -0.438698 0
    outer loop
      vertex 110.016 6.42095 2
      vertex 109.953 6.55 7.5
      vertex 109.953 6.55 2
    endloop
  endfacet
  facet normal -0.898635 -0.438698 0
    outer loop
      vertex 109.953 6.55 7.5
      vertex 110.016 6.42095 2
      vertex 110.016 6.42095 7.5
    endloop
  endfacet
  facet normal -0.195247 0.980754 0
    outer loop
      vertex 109.285 4.93748 2
      vertex 109.144 4.90941 7.5
      vertex 109.285 4.93748 7.5
    endloop
  endfacet
  facet normal -0.195247 0.980754 0
    outer loop
      vertex 109.144 4.90941 7.5
      vertex 109.285 4.93748 2
      vertex 109.144 4.90941 2
    endloop
  endfacet
  facet normal -0.442424 0.896806 0
    outer loop
      vertex 109.55 5.04737 2
      vertex 109.421 4.98373 7.5
      vertex 109.55 5.04737 7.5
    endloop
  endfacet
  facet normal -0.442424 0.896806 0
    outer loop
      vertex 109.421 4.98373 7.5
      vertex 109.55 5.04737 2
      vertex 109.421 4.98373 2
    endloop
  endfacet
  facet normal -0.321965 0.946752 0
    outer loop
      vertex 109.421 4.98373 2
      vertex 109.285 4.93748 7.5
      vertex 109.421 4.98373 7.5
    endloop
  endfacet
  facet normal -0.321965 0.946752 0
    outer loop
      vertex 109.285 4.93748 7.5
      vertex 109.421 4.98373 2
      vertex 109.285 4.93748 2
    endloop
  endfacet
  facet normal 0.998041 0.06256 0
    outer loop
      vertex 107.909 5.85642 7.5
      vertex 107.9 6 2
      vertex 107.9 6 7.5
    endloop
  endfacet
  facet normal 0.998041 0.06256 0
    outer loop
      vertex 107.9 6 2
      vertex 107.909 5.85642 7.5
      vertex 107.909 5.85642 2
    endloop
  endfacet
  facet normal -0.554412 0.832242 0
    outer loop
      vertex 109.67 5.12731 2
      vertex 109.55 5.04737 7.5
      vertex 109.67 5.12731 7.5
    endloop
  endfacet
  facet normal -0.554412 0.832242 0
    outer loop
      vertex 109.55 5.04737 7.5
      vertex 109.67 5.12731 2
      vertex 109.55 5.04737 2
    endloop
  endfacet
  facet normal 0.659961 0.7513 -0
    outer loop
      vertex 108.33 5.12731 2
      vertex 108.222 5.22218 7.5
      vertex 108.33 5.12731 7.5
    endloop
  endfacet
  facet normal 0.659961 0.7513 0
    outer loop
      vertex 108.222 5.22218 7.5
      vertex 108.33 5.12731 2
      vertex 108.222 5.22218 2
    endloop
  endfacet
  facet normal 0.751397 0.659851 0
    outer loop
      vertex 108.222 5.22218 7.5
      vertex 108.127 5.33036 2
      vertex 108.127 5.33036 7.5
    endloop
  endfacet
  facet normal 0.751397 0.659851 0
    outer loop
      vertex 108.127 5.33036 2
      vertex 108.222 5.22218 7.5
      vertex 108.222 5.22218 2
    endloop
  endfacet
  facet normal 0.980879 -0.194619 0
    outer loop
      vertex 107.909 6.14358 7.5
      vertex 107.937 6.2847 2
      vertex 107.937 6.2847 7.5
    endloop
  endfacet
  facet normal 0.980879 -0.194619 0
    outer loop
      vertex 107.937 6.2847 2
      vertex 107.909 6.14358 7.5
      vertex 107.909 6.14358 2
    endloop
  endfacet
  facet normal -0.83128 -0.555854 0
    outer loop
      vertex 109.953 6.55 2
      vertex 109.873 6.66964 7.5
      vertex 109.873 6.66964 2
    endloop
  endfacet
  facet normal -0.83128 -0.555854 0
    outer loop
      vertex 109.873 6.66964 7.5
      vertex 109.953 6.55 2
      vertex 109.953 6.55 7.5
    endloop
  endfacet
  facet normal 0.945336 0.326098 0
    outer loop
      vertex 107.984 5.57905 7.5
      vertex 107.937 5.7153 2
      vertex 107.937 5.7153 7.5
    endloop
  endfacet
  facet normal 0.945336 0.326098 0
    outer loop
      vertex 107.937 5.7153 2
      vertex 107.984 5.57905 7.5
      vertex 107.984 5.57905 2
    endloop
  endfacet
  facet normal -0.998041 0.06256 0
    outer loop
      vertex 110.091 5.85642 2
      vertex 110.1 6 7.5
      vertex 110.1 6 2
    endloop
  endfacet
  facet normal -0.998041 0.06256 0
    outer loop
      vertex 110.1 6 7.5
      vertex 110.091 5.85642 2
      vertex 110.091 5.85642 7.5
    endloop
  endfacet
  facet normal -0.442424 -0.896806 0
    outer loop
      vertex 109.421 7.01627 2
      vertex 109.55 6.95263 7.5
      vertex 109.421 7.01627 7.5
    endloop
  endfacet
  facet normal -0.442424 -0.896806 -0
    outer loop
      vertex 109.55 6.95263 7.5
      vertex 109.421 7.01627 2
      vertex 109.55 6.95263 2
    endloop
  endfacet
  facet normal -0.751397 0.659851 0
    outer loop
      vertex 109.778 5.22218 2
      vertex 109.873 5.33036 7.5
      vertex 109.873 5.33036 2
    endloop
  endfacet
  facet normal -0.751397 0.659851 0
    outer loop
      vertex 109.873 5.33036 7.5
      vertex 109.778 5.22218 2
      vertex 109.778 5.22218 7.5
    endloop
  endfacet
  facet normal -0.751397 -0.659851 0
    outer loop
      vertex 109.873 6.66964 2
      vertex 109.778 6.77782 7.5
      vertex 109.778 6.77782 2
    endloop
  endfacet
  facet normal -0.751397 -0.659851 0
    outer loop
      vertex 109.778 6.77782 7.5
      vertex 109.873 6.66964 2
      vertex 109.873 6.66964 7.5
    endloop
  endfacet
  facet normal -0.554412 -0.832242 0
    outer loop
      vertex 109.55 6.95263 2
      vertex 109.67 6.87269 7.5
      vertex 109.55 6.95263 7.5
    endloop
  endfacet
  facet normal -0.554412 -0.832242 -0
    outer loop
      vertex 109.67 6.87269 7.5
      vertex 109.55 6.95263 2
      vertex 109.67 6.87269 2
    endloop
  endfacet
  facet normal -0.898635 0.438698 0
    outer loop
      vertex 109.953 5.45 2
      vertex 110.016 5.57905 7.5
      vertex 110.016 5.57905 2
    endloop
  endfacet
  facet normal -0.898635 0.438698 0
    outer loop
      vertex 110.016 5.57905 7.5
      vertex 109.953 5.45 2
      vertex 109.953 5.45 7.5
    endloop
  endfacet
  facet normal -0.83128 0.555854 0
    outer loop
      vertex 109.873 5.33036 2
      vertex 109.953 5.45 7.5
      vertex 109.953 5.45 2
    endloop
  endfacet
  facet normal -0.83128 0.555854 0
    outer loop
      vertex 109.953 5.45 7.5
      vertex 109.873 5.33036 2
      vertex 109.873 5.33036 7.5
    endloop
  endfacet
  facet normal 0.83128 -0.555854 0
    outer loop
      vertex 108.047 6.55 7.5
      vertex 108.127 6.66964 2
      vertex 108.127 6.66964 7.5
    endloop
  endfacet
  facet normal 0.83128 -0.555854 0
    outer loop
      vertex 108.127 6.66964 2
      vertex 108.047 6.55 7.5
      vertex 108.047 6.55 2
    endloop
  endfacet
  facet normal 0.898635 -0.438698 0
    outer loop
      vertex 107.984 6.42095 7.5
      vertex 108.047 6.55 2
      vertex 108.047 6.55 7.5
    endloop
  endfacet
  facet normal 0.898635 -0.438698 0
    outer loop
      vertex 108.047 6.55 2
      vertex 107.984 6.42095 7.5
      vertex 107.984 6.42095 2
    endloop
  endfacet
  facet normal 0.195247 -0.980754 0
    outer loop
      vertex 108.715 7.06252 2
      vertex 108.856 7.09059 7.5
      vertex 108.715 7.06252 7.5
    endloop
  endfacet
  facet normal 0.195247 -0.980754 0
    outer loop
      vertex 108.856 7.09059 7.5
      vertex 108.715 7.06252 2
      vertex 108.856 7.09059 2
    endloop
  endfacet
  facet normal -0.659961 -0.7513 0
    outer loop
      vertex 109.67 6.87269 2
      vertex 109.778 6.77782 7.5
      vertex 109.67 6.87269 7.5
    endloop
  endfacet
  facet normal -0.659961 -0.7513 -0
    outer loop
      vertex 109.778 6.77782 7.5
      vertex 109.67 6.87269 2
      vertex 109.778 6.77782 2
    endloop
  endfacet
  facet normal -0.945336 -0.326098 0
    outer loop
      vertex 110.063 6.2847 2
      vertex 110.016 6.42095 7.5
      vertex 110.016 6.42095 2
    endloop
  endfacet
  facet normal -0.945336 -0.326098 0
    outer loop
      vertex 110.016 6.42095 7.5
      vertex 110.063 6.2847 2
      vertex 110.063 6.2847 7.5
    endloop
  endfacet
  facet normal 0.83128 0.555854 0
    outer loop
      vertex 108.127 5.33036 7.5
      vertex 108.047 5.45 2
      vertex 108.047 5.45 7.5
    endloop
  endfacet
  facet normal 0.83128 0.555854 0
    outer loop
      vertex 108.047 5.45 2
      vertex 108.127 5.33036 7.5
      vertex 108.127 5.33036 2
    endloop
  endfacet
  facet normal 0.751397 -0.659851 0
    outer loop
      vertex 108.127 6.66964 7.5
      vertex 108.222 6.77782 2
      vertex 108.222 6.77782 7.5
    endloop
  endfacet
  facet normal 0.751397 -0.659851 0
    outer loop
      vertex 108.222 6.77782 2
      vertex 108.127 6.66964 7.5
      vertex 108.127 6.66964 2
    endloop
  endfacet
  facet normal 0.0652081 -0.997872 0
    outer loop
      vertex 108.856 7.09059 2
      vertex 109 7.1 7.5
      vertex 108.856 7.09059 7.5
    endloop
  endfacet
  facet normal 0.0652081 -0.997872 0
    outer loop
      vertex 109 7.1 7.5
      vertex 108.856 7.09059 2
      vertex 109 7.1 2
    endloop
  endfacet
  facet normal 0 0 1
    outer loop
      vertex 110.091 6.14358 2
      vertex 110.091 5.85642 2
      vertex 110.1 6 2
    endloop
  endfacet
  facet normal 0 0 1
    outer loop
      vertex 110.063 6.2847 2
      vertex 110.091 5.85642 2
      vertex 110.091 6.14358 2
    endloop
  endfacet
  facet normal 0 0 1
    outer loop
      vertex 110.063 6.2847 2
      vertex 110.063 5.7153 2
      vertex 110.091 5.85642 2
    endloop
  endfacet
  facet normal 0 0 1
    outer loop
      vertex 110.016 6.42095 2
      vertex 110.063 5.7153 2
      vertex 110.063 6.2847 2
    endloop
  endfacet
  facet normal 0 0 1
    outer loop
      vertex 110.016 6.42095 2
      vertex 110.016 5.57905 2
      vertex 110.063 5.7153 2
    endloop
  endfacet
  facet normal 0 0 1
    outer loop
      vertex 109.953 6.55 2
      vertex 110.016 5.57905 2
      vertex 110.016 6.42095 2
    endloop
  endfacet
  facet normal 0 0 1
    outer loop
      vertex 109.953 6.55 2
      vertex 109.953 5.45 2
      vertex 110.016 5.57905 2
    endloop
  endfacet
  facet normal 0 0 1
    outer loop
      vertex 109.873 6.66964 2
      vertex 109.953 5.45 2
      vertex 109.953 6.55 2
    endloop
  endfacet
  facet normal 0 0 1
    outer loop
      vertex 109.873 6.66964 2
      vertex 109.873 5.33036 2
      vertex 109.953 5.45 2
    endloop
  endfacet
  facet normal 0 0 1
    outer loop
      vertex 109.778 6.77782 2
      vertex 109.873 5.33036 2
      vertex 109.873 6.66964 2
    endloop
  endfacet
  facet normal 0 0 1
    outer loop
      vertex 109.778 6.77782 2
      vertex 109.778 5.22218 2
      vertex 109.873 5.33036 2
    endloop
  endfacet
  facet normal 0 0 1
    outer loop
      vertex 109.67 6.87269 2
      vertex 109.778 5.22218 2
      vertex 109.778 6.77782 2
    endloop
  endfacet
  facet normal 0 0 1
    outer loop
      vertex 109.67 6.87269 2
      vertex 109.67 5.12731 2
      vertex 109.778 5.22218 2
    endloop
  endfacet
  facet normal 0 0 1
    outer loop
      vertex 109.55 6.95263 2
      vertex 109.67 5.12731 2
      vertex 109.67 6.87269 2
    endloop
  endfacet
  facet normal 0 0 1
    outer loop
      vertex 109.55 6.95263 2
      vertex 109.55 5.04737 2
      vertex 109.67 5.12731 2
    endloop
  endfacet
  facet normal 0 0 1
    outer loop
      vertex 109.421 7.01627 2
      vertex 109.55 5.04737 2
      vertex 109.55 6.95263 2
    endloop
  endfacet
  facet normal 0 0 1
    outer loop
      vertex 109.421 7.01627 2
      vertex 109.421 4.98373 2
      vertex 109.55 5.04737 2
    endloop
  endfacet
  facet normal 0 0 1
    outer loop
      vertex 109.285 7.06252 2
      vertex 109.421 4.98373 2
      vertex 109.421 7.01627 2
    endloop
  endfacet
  facet normal 0 0 1
    outer loop
      vertex 109.285 7.06252 2
      vertex 109.285 4.93748 2
      vertex 109.421 4.98373 2
    endloop
  endfacet
  facet normal 0 0 1
    outer loop
      vertex 109.144 7.09059 2
      vertex 109.285 4.93748 2
      vertex 109.285 7.06252 2
    endloop
  endfacet
  facet normal 0 0 1
    outer loop
      vertex 109.144 7.09059 2
      vertex 109.144 4.90941 2
      vertex 109.285 4.93748 2
    endloop
  endfacet
  facet normal 0 0 1
    outer loop
      vertex 109 7.1 2
      vertex 109.144 4.90941 2
      vertex 109.144 7.09059 2
    endloop
  endfacet
  facet normal 0 0 1
    outer loop
      vertex 109 7.1 2
      vertex 109 4.9 2
      vertex 109.144 4.90941 2
    endloop
  endfacet
  facet normal -0 0 1
    outer loop
      vertex 108.856 7.09059 2
      vertex 109 4.9 2
      vertex 109 7.1 2
    endloop
  endfacet
  facet normal 0 0 1
    outer loop
      vertex 108.856 7.09059 2
      vertex 108.856 4.90941 2
      vertex 109 4.9 2
    endloop
  endfacet
  facet normal -0 0 1
    outer loop
      vertex 108.715 7.06252 2
      vertex 108.856 4.90941 2
      vertex 108.856 7.09059 2
    endloop
  endfacet
  facet normal 0 0 1
    outer loop
      vertex 108.715 7.06252 2
      vertex 108.715 4.93748 2
      vertex 108.856 4.90941 2
    endloop
  endfacet
  facet normal -0 0 1
    outer loop
      vertex 108.579 7.01627 2
      vertex 108.715 4.93748 2
      vertex 108.715 7.06252 2
    endloop
  endfacet
  facet normal 0 0 1
    outer loop
      vertex 108.579 7.01627 2
      vertex 108.579 4.98373 2
      vertex 108.715 4.93748 2
    endloop
  endfacet
  facet normal -0 0 1
    outer loop
      vertex 108.45 6.95263 2
      vertex 108.579 4.98373 2
      vertex 108.579 7.01627 2
    endloop
  endfacet
  facet normal 0 0 1
    outer loop
      vertex 108.45 6.95263 2
      vertex 108.45 5.04737 2
      vertex 108.579 4.98373 2
    endloop
  endfacet
  facet normal -0 0 1
    outer loop
      vertex 108.33 6.87269 2
      vertex 108.45 5.04737 2
      vertex 108.45 6.95263 2
    endloop
  endfacet
  facet normal 0 0 1
    outer loop
      vertex 108.33 6.87269 2
      vertex 108.33 5.12731 2
      vertex 108.45 5.04737 2
    endloop
  endfacet
  facet normal -0 0 1
    outer loop
      vertex 108.222 6.77782 2
      vertex 108.33 5.12731 2
      vertex 108.33 6.87269 2
    endloop
  endfacet
  facet normal 0 0 1
    outer loop
      vertex 108.222 6.77782 2
      vertex 108.222 5.22218 2
      vertex 108.33 5.12731 2
    endloop
  endfacet
  facet normal -0 0 1
    outer loop
      vertex 108.127 6.66964 2
      vertex 108.222 5.22218 2
      vertex 108.222 6.77782 2
    endloop
  endfacet
  facet normal 0 0 1
    outer loop
      vertex 108.127 6.66964 2
      vertex 108.127 5.33036 2
      vertex 108.222 5.22218 2
    endloop
  endfacet
  facet normal -0 0 1
    outer loop
      vertex 108.047 6.55 2
      vertex 108.127 5.33036 2
      vertex 108.127 6.66964 2
    endloop
  endfacet
  facet normal 0 0 1
    outer loop
      vertex 108.047 6.55 2
      vertex 108.047 5.45 2
      vertex 108.127 5.33036 2
    endloop
  endfacet
  facet normal -0 0 1
    outer loop
      vertex 107.984 6.42095 2
      vertex 108.047 5.45 2
      vertex 108.047 6.55 2
    endloop
  endfacet
  facet normal 0 0 1
    outer loop
      vertex 107.984 6.42095 2
      vertex 107.984 5.57905 2
      vertex 108.047 5.45 2
    endloop
  endfacet
  facet normal -0 0 1
    outer loop
      vertex 107.937 6.2847 2
      vertex 107.984 5.57905 2
      vertex 107.984 6.42095 2
    endloop
  endfacet
  facet normal 0 0 1
    outer loop
      vertex 107.937 6.2847 2
      vertex 107.937 5.7153 2
      vertex 107.984 5.57905 2
    endloop
  endfacet
  facet normal -0 0 1
    outer loop
      vertex 107.909 6.14358 2
      vertex 107.937 5.7153 2
      vertex 107.937 6.2847 2
    endloop
  endfacet
  facet normal 0 0 1
    outer loop
      vertex 107.909 6.14358 2
      vertex 107.909 5.85642 2
      vertex 107.937 5.7153 2
    endloop
  endfacet
  facet normal 0 -0 1
    outer loop
      vertex 107.909 5.85642 2
      vertex 107.909 6.14358 2
      vertex 107.9 6 2
    endloop
  endfacet
  facet normal 0.980879 0.194619 0
    outer loop
      vertex 107.937 5.7153 7.5
      vertex 107.909 5.85642 2
      vertex 107.909 5.85642 7.5
    endloop
  endfacet
  facet normal 0.980879 0.194619 0
    outer loop
      vertex 107.909 5.85642 2
      vertex 107.937 5.7153 7.5
      vertex 107.937 5.7153 2
    endloop
  endfacet
  facet normal 0.442424 -0.896806 0
    outer loop
      vertex 108.45 6.95263 2
      vertex 108.579 7.01627 7.5
      vertex 108.45 6.95263 7.5
    endloop
  endfacet
  facet normal 0.442424 -0.896806 0
    outer loop
      vertex 108.579 7.01627 7.5
      vertex 108.45 6.95263 2
      vertex 108.579 7.01627 2
    endloop
  endfacet
  facet normal -0.321965 -0.946752 0
    outer loop
      vertex 109.285 7.06252 2
      vertex 109.421 7.01627 7.5
      vertex 109.285 7.06252 7.5
    endloop
  endfacet
  facet normal -0.321965 -0.946752 -0
    outer loop
      vertex 109.421 7.01627 7.5
      vertex 109.285 7.06252 2
      vertex 109.421 7.01627 2
    endloop
  endfacet
  facet normal 0.998041 -0.06256 0
    outer loop
      vertex 107.9 6 7.5
      vertex 107.909 6.14358 2
      vertex 107.909 6.14358 7.5
    endloop
  endfacet
  facet normal 0.998041 -0.06256 0
    outer loop
      vertex 107.909 6.14358 2
      vertex 107.9 6 7.5
      vertex 107.9 6 2
    endloop
  endfacet
  facet normal 0.945336 -0.326098 0
    outer loop
      vertex 107.937 6.2847 7.5
      vertex 107.984 6.42095 2
      vertex 107.984 6.42095 7.5
    endloop
  endfacet
  facet normal 0.945336 -0.326098 0
    outer loop
      vertex 107.984 6.42095 2
      vertex 107.937 6.2847 7.5
      vertex 107.937 6.2847 2
    endloop
  endfacet
  facet normal 0.321965 0.946752 -0
    outer loop
      vertex 108.715 4.93748 2
      vertex 108.579 4.98373 7.5
      vertex 108.715 4.93748 7.5
    endloop
  endfacet
  facet normal 0.321965 0.946752 0
    outer loop
      vertex 108.579 4.98373 7.5
      vertex 108.715 4.93748 2
      vertex 108.579 4.98373 2
    endloop
  endfacet
  facet normal 0.442424 0.896806 -0
    outer loop
      vertex 108.579 4.98373 2
      vertex 108.45 5.04737 7.5
      vertex 108.579 4.98373 7.5
    endloop
  endfacet
  facet normal 0.442424 0.896806 0
    outer loop
      vertex 108.45 5.04737 7.5
      vertex 108.579 4.98373 2
      vertex 108.45 5.04737 2
    endloop
  endfacet
  facet normal 0.554412 0.832242 -0
    outer loop
      vertex 108.45 5.04737 2
      vertex 108.33 5.12731 7.5
      vertex 108.45 5.04737 7.5
    endloop
  endfacet
  facet normal 0.554412 0.832242 0
    outer loop
      vertex 108.33 5.12731 7.5
      vertex 108.45 5.04737 2
      vertex 108.33 5.12731 2
    endloop
  endfacet
  facet normal 0.0652081 0.997872 -0
    outer loop
      vertex 109 4.9 2
      vertex 108.856 4.90941 7.5
      vertex 109 4.9 7.5
    endloop
  endfacet
  facet normal 0.0652081 0.997872 0
    outer loop
      vertex 108.856 4.90941 7.5
      vertex 109 4.9 2
      vertex 108.856 4.90941 2
    endloop
  endfacet
  facet normal 0.898635 0.438698 0
    outer loop
      vertex 108.047 5.45 7.5
      vertex 107.984 5.57905 2
      vertex 107.984 5.57905 7.5
    endloop
  endfacet
  facet normal 0.898635 0.438698 0
    outer loop
      vertex 107.984 5.57905 2
      vertex 108.047 5.45 7.5
      vertex 108.047 5.45 2
    endloop
  endfacet
  facet normal -0.0651391 0.997876 0
    outer loop
      vertex 109.144 68.9094 2
      vertex 109 68.9 7.5
      vertex 109.144 68.9094 7.5
    endloop
  endfacet
  facet normal -0.0651391 0.997876 0
    outer loop
      vertex 109 68.9 7.5
      vertex 109.144 68.9094 2
      vertex 109 68.9 2
    endloop
  endfacet
  facet normal -0.980874 -0.194645 0
    outer loop
      vertex 110.091 70.1436 2
      vertex 110.063 70.2847 7.5
      vertex 110.063 70.2847 2
    endloop
  endfacet
  facet normal -0.980874 -0.194645 0
    outer loop
      vertex 110.063 70.2847 7.5
      vertex 110.091 70.1436 2
      vertex 110.091 70.1436 7.5
    endloop
  endfacet
  facet normal -0.998042 -0.0625514 0
    outer loop
      vertex 110.1 70 2
      vertex 110.091 70.1436 7.5
      vertex 110.091 70.1436 2
    endloop
  endfacet
  facet normal -0.998042 -0.0625514 0
    outer loop
      vertex 110.091 70.1436 7.5
      vertex 110.1 70 2
      vertex 110.1 70 7.5
    endloop
  endfacet
  facet normal -0.980874 0.194645 0
    outer loop
      vertex 110.063 69.7153 2
      vertex 110.091 69.8564 7.5
      vertex 110.091 69.8564 2
    endloop
  endfacet
  facet normal -0.980874 0.194645 0
    outer loop
      vertex 110.091 69.8564 7.5
      vertex 110.063 69.7153 2
      vertex 110.063 69.7153 7.5
    endloop
  endfacet
  facet normal -0.945373 0.325991 0
    outer loop
      vertex 110.016 69.579 2
      vertex 110.063 69.7153 7.5
      vertex 110.063 69.7153 2
    endloop
  endfacet
  facet normal -0.945373 0.325991 0
    outer loop
      vertex 110.063 69.7153 7.5
      vertex 110.016 69.579 2
      vertex 110.016 69.579 7.5
    endloop
  endfacet
  facet normal -0.0651391 -0.997876 0
    outer loop
      vertex 109 71.1 2
      vertex 109.144 71.0906 7.5
      vertex 109 71.1 7.5
    endloop
  endfacet
  facet normal -0.0651391 -0.997876 -0
    outer loop
      vertex 109.144 71.0906 7.5
      vertex 109 71.1 2
      vertex 109.144 71.0906 2
    endloop
  endfacet
  facet normal 0.195447 0.980714 -0
    outer loop
      vertex 108.856 68.9094 2
      vertex 108.715 68.9375 7.5
      vertex 108.856 68.9094 7.5
    endloop
  endfacet
  facet normal 0.195447 0.980714 0
    outer loop
      vertex 108.715 68.9375 7.5
      vertex 108.856 68.9094 2
      vertex 108.715 68.9375 2
    endloop
  endfacet
  facet normal 0.321653 -0.946858 0
    outer loop
      vertex 108.579 71.0163 2
      vertex 108.715 71.0625 7.5
      vertex 108.579 71.0163 7.5
    endloop
  endfacet
  facet normal 0.321653 -0.946858 0
    outer loop
      vertex 108.715 71.0625 7.5
      vertex 108.579 71.0163 2
      vertex 108.715 71.0625 2
    endloop
  endfacet
  facet normal -0.660079 0.751196 0
    outer loop
      vertex 109.778 69.2222 2
      vertex 109.67 69.1273 7.5
      vertex 109.778 69.2222 7.5
    endloop
  endfacet
  facet normal -0.660079 0.751196 0
    outer loop
      vertex 109.67 69.1273 7.5
      vertex 109.778 69.2222 2
      vertex 109.67 69.1273 2
    endloop
  endfacet
  facet normal 0.660079 -0.751196 0
    outer loop
      vertex 108.222 70.7778 2
      vertex 108.33 70.8727 7.5
      vertex 108.222 70.7778 7.5
    endloop
  endfacet
  facet normal 0.660079 -0.751196 0
    outer loop
      vertex 108.33 70.8727 7.5
      vertex 108.222 70.7778 2
      vertex 108.33 70.8727 2
    endloop
  endfacet
  facet normal 0.55422 -0.83237 0
    outer loop
      vertex 108.33 70.8727 2
      vertex 108.45 70.9526 7.5
      vertex 108.33 70.8727 7.5
    endloop
  endfacet
  facet normal 0.55422 -0.83237 0
    outer loop
      vertex 108.45 70.9526 7.5
      vertex 108.33 70.8727 2
      vertex 108.45 70.9526 2
    endloop
  endfacet
  facet normal -0.898568 -0.438835 0
    outer loop
      vertex 110.016 70.421 2
      vertex 109.953 70.55 7.5
      vertex 109.953 70.55 2
    endloop
  endfacet
  facet normal -0.898568 -0.438835 0
    outer loop
      vertex 109.953 70.55 7.5
      vertex 110.016 70.421 2
      vertex 110.016 70.421 7.5
    endloop
  endfacet
  facet normal -0.195447 0.980714 0
    outer loop
      vertex 109.285 68.9375 2
      vertex 109.144 68.9094 7.5
      vertex 109.285 68.9375 7.5
    endloop
  endfacet
  facet normal -0.195447 0.980714 0
    outer loop
      vertex 109.144 68.9094 7.5
      vertex 109.285 68.9375 2
      vertex 109.144 68.9094 2
    endloop
  endfacet
  facet normal -0.44276 0.89664 0
    outer loop
      vertex 109.55 69.0474 2
      vertex 109.421 68.9837 7.5
      vertex 109.55 69.0474 7.5
    endloop
  endfacet
  facet normal -0.44276 0.89664 0
    outer loop
      vertex 109.421 68.9837 7.5
      vertex 109.55 69.0474 2
      vertex 109.421 68.9837 2
    endloop
  endfacet
  facet normal -0.321653 0.946858 0
    outer loop
      vertex 109.421 68.9837 2
      vertex 109.285 68.9375 7.5
      vertex 109.421 68.9837 7.5
    endloop
  endfacet
  facet normal -0.321653 0.946858 0
    outer loop
      vertex 109.285 68.9375 7.5
      vertex 109.421 68.9837 2
      vertex 109.285 68.9375 2
    endloop
  endfacet
  facet normal 0.998042 0.0625514 0
    outer loop
      vertex 107.909 69.8564 7.5
      vertex 107.9 70 2
      vertex 107.9 70 7.5
    endloop
  endfacet
  facet normal 0.998042 0.0625514 0
    outer loop
      vertex 107.9 70 2
      vertex 107.909 69.8564 7.5
      vertex 107.909 69.8564 2
    endloop
  endfacet
  facet normal -0.55422 0.83237 0
    outer loop
      vertex 109.67 69.1273 2
      vertex 109.55 69.0474 7.5
      vertex 109.67 69.1273 7.5
    endloop
  endfacet
  facet normal -0.55422 0.83237 0
    outer loop
      vertex 109.55 69.0474 7.5
      vertex 109.67 69.1273 2
      vertex 109.55 69.0474 2
    endloop
  endfacet
  facet normal 0.751457 0.659782 0
    outer loop
      vertex 108.222 69.2222 7.5
      vertex 108.127 69.3304 2
      vertex 108.127 69.3304 7.5
    endloop
  endfacet
  facet normal 0.751457 0.659782 0
    outer loop
      vertex 108.127 69.3304 2
      vertex 108.222 69.2222 7.5
      vertex 108.222 69.2222 2
    endloop
  endfacet
  facet normal 0.980874 -0.194645 0
    outer loop
      vertex 107.909 70.1436 7.5
      vertex 107.937 70.2847 2
      vertex 107.937 70.2847 7.5
    endloop
  endfacet
  facet normal 0.980874 -0.194645 0
    outer loop
      vertex 107.937 70.2847 2
      vertex 107.909 70.1436 7.5
      vertex 107.909 70.1436 2
    endloop
  endfacet
  facet normal -0.831194 -0.555983 0
    outer loop
      vertex 109.953 70.55 2
      vertex 109.873 70.6696 7.5
      vertex 109.873 70.6696 2
    endloop
  endfacet
  facet normal -0.831194 -0.555983 0
    outer loop
      vertex 109.873 70.6696 7.5
      vertex 109.953 70.55 2
      vertex 109.953 70.55 7.5
    endloop
  endfacet
  facet normal 0.945373 0.325991 0
    outer loop
      vertex 107.984 69.579 7.5
      vertex 107.937 69.7153 2
      vertex 107.937 69.7153 7.5
    endloop
  endfacet
  facet normal 0.945373 0.325991 0
    outer loop
      vertex 107.937 69.7153 2
      vertex 107.984 69.579 7.5
      vertex 107.984 69.579 2
    endloop
  endfacet
  facet normal -0.998042 0.0625514 0
    outer loop
      vertex 110.091 69.8564 2
      vertex 110.1 70 7.5
      vertex 110.1 70 2
    endloop
  endfacet
  facet normal -0.998042 0.0625514 0
    outer loop
      vertex 110.1 70 7.5
      vertex 110.091 69.8564 2
      vertex 110.091 69.8564 7.5
    endloop
  endfacet
  facet normal -0.44276 -0.89664 0
    outer loop
      vertex 109.421 71.0163 2
      vertex 109.55 70.9526 7.5
      vertex 109.421 71.0163 7.5
    endloop
  endfacet
  facet normal -0.44276 -0.89664 -0
    outer loop
      vertex 109.55 70.9526 7.5
      vertex 109.421 71.0163 2
      vertex 109.55 70.9526 2
    endloop
  endfacet
  facet normal -0.751457 0.659782 0
    outer loop
      vertex 109.778 69.2222 2
      vertex 109.873 69.3304 7.5
      vertex 109.873 69.3304 2
    endloop
  endfacet
  facet normal -0.751457 0.659782 0
    outer loop
      vertex 109.873 69.3304 7.5
      vertex 109.778 69.2222 2
      vertex 109.778 69.2222 7.5
    endloop
  endfacet
  facet normal -0.751457 -0.659782 0
    outer loop
      vertex 109.873 70.6696 2
      vertex 109.778 70.7778 7.5
      vertex 109.778 70.7778 2
    endloop
  endfacet
  facet normal -0.751457 -0.659782 0
    outer loop
      vertex 109.778 70.7778 7.5
      vertex 109.873 70.6696 2
      vertex 109.873 70.6696 7.5
    endloop
  endfacet
  facet normal -0.55422 -0.83237 0
    outer loop
      vertex 109.55 70.9526 2
      vertex 109.67 70.8727 7.5
      vertex 109.55 70.9526 7.5
    endloop
  endfacet
  facet normal -0.55422 -0.83237 -0
    outer loop
      vertex 109.67 70.8727 7.5
      vertex 109.55 70.9526 2
      vertex 109.67 70.8727 2
    endloop
  endfacet
  facet normal -0.898568 0.438835 0
    outer loop
      vertex 109.953 69.45 2
      vertex 110.016 69.579 7.5
      vertex 110.016 69.579 2
    endloop
  endfacet
  facet normal -0.898568 0.438835 0
    outer loop
      vertex 110.016 69.579 7.5
      vertex 109.953 69.45 2
      vertex 109.953 69.45 7.5
    endloop
  endfacet
  facet normal -0.831194 0.555983 0
    outer loop
      vertex 109.873 69.3304 2
      vertex 109.953 69.45 7.5
      vertex 109.953 69.45 2
    endloop
  endfacet
  facet normal -0.831194 0.555983 0
    outer loop
      vertex 109.953 69.45 7.5
      vertex 109.873 69.3304 2
      vertex 109.873 69.3304 7.5
    endloop
  endfacet
  facet normal 0.831194 -0.555983 0
    outer loop
      vertex 108.047 70.55 7.5
      vertex 108.127 70.6696 2
      vertex 108.127 70.6696 7.5
    endloop
  endfacet
  facet normal 0.831194 -0.555983 0
    outer loop
      vertex 108.127 70.6696 2
      vertex 108.047 70.55 7.5
      vertex 108.047 70.55 2
    endloop
  endfacet
  facet normal 0.898568 -0.438835 0
    outer loop
      vertex 107.984 70.421 7.5
      vertex 108.047 70.55 2
      vertex 108.047 70.55 7.5
    endloop
  endfacet
  facet normal 0.898568 -0.438835 0
    outer loop
      vertex 108.047 70.55 2
      vertex 107.984 70.421 7.5
      vertex 107.984 70.421 2
    endloop
  endfacet
  facet normal 0.195447 -0.980714 0
    outer loop
      vertex 108.715 71.0625 2
      vertex 108.856 71.0906 7.5
      vertex 108.715 71.0625 7.5
    endloop
  endfacet
  facet normal 0.195447 -0.980714 0
    outer loop
      vertex 108.856 71.0906 7.5
      vertex 108.715 71.0625 2
      vertex 108.856 71.0906 2
    endloop
  endfacet
  facet normal -0.660079 -0.751196 0
    outer loop
      vertex 109.67 70.8727 2
      vertex 109.778 70.7778 7.5
      vertex 109.67 70.8727 7.5
    endloop
  endfacet
  facet normal -0.660079 -0.751196 -0
    outer loop
      vertex 109.778 70.7778 7.5
      vertex 109.67 70.8727 2
      vertex 109.778 70.7778 2
    endloop
  endfacet
  facet normal 0.831194 0.555983 0
    outer loop
      vertex 108.127 69.3304 7.5
      vertex 108.047 69.45 2
      vertex 108.047 69.45 7.5
    endloop
  endfacet
  facet normal 0.831194 0.555983 0
    outer loop
      vertex 108.047 69.45 2
      vertex 108.127 69.3304 7.5
      vertex 108.127 69.3304 2
    endloop
  endfacet
  facet normal 0.751457 -0.659782 0
    outer loop
      vertex 108.127 70.6696 7.5
      vertex 108.222 70.7778 2
      vertex 108.222 70.7778 7.5
    endloop
  endfacet
  facet normal 0.751457 -0.659782 0
    outer loop
      vertex 108.222 70.7778 2
      vertex 108.127 70.6696 7.5
      vertex 108.127 70.6696 2
    endloop
  endfacet
  facet normal 0.0651391 -0.997876 0
    outer loop
      vertex 108.856 71.0906 2
      vertex 109 71.1 7.5
      vertex 108.856 71.0906 7.5
    endloop
  endfacet
  facet normal 0.0651391 -0.997876 0
    outer loop
      vertex 109 71.1 7.5
      vertex 108.856 71.0906 2
      vertex 109 71.1 2
    endloop
  endfacet
  facet normal 0.980874 0.194645 0
    outer loop
      vertex 107.937 69.7153 7.5
      vertex 107.909 69.8564 2
      vertex 107.909 69.8564 7.5
    endloop
  endfacet
  facet normal 0.980874 0.194645 0
    outer loop
      vertex 107.909 69.8564 2
      vertex 107.937 69.7153 7.5
      vertex 107.937 69.7153 2
    endloop
  endfacet
  facet normal 0.44276 -0.89664 0
    outer loop
      vertex 108.45 70.9526 2
      vertex 108.579 71.0163 7.5
      vertex 108.45 70.9526 7.5
    endloop
  endfacet
  facet normal 0.44276 -0.89664 0
    outer loop
      vertex 108.579 71.0163 7.5
      vertex 108.45 70.9526 2
      vertex 108.579 71.0163 2
    endloop
  endfacet
  facet normal -0.321653 -0.946858 0
    outer loop
      vertex 109.285 71.0625 2
      vertex 109.421 71.0163 7.5
      vertex 109.285 71.0625 7.5
    endloop
  endfacet
  facet normal -0.321653 -0.946858 -0
    outer loop
      vertex 109.421 71.0163 7.5
      vertex 109.285 71.0625 2
      vertex 109.421 71.0163 2
    endloop
  endfacet
  facet normal 0.998042 -0.0625514 0
    outer loop
      vertex 107.9 70 7.5
      vertex 107.909 70.1436 2
      vertex 107.909 70.1436 7.5
    endloop
  endfacet
  facet normal 0.998042 -0.0625514 0
    outer loop
      vertex 107.909 70.1436 2
      vertex 107.9 70 7.5
      vertex 107.9 70 2
    endloop
  endfacet
  facet normal -0.945373 -0.325991 0
    outer loop
      vertex 110.063 70.2847 2
      vertex 110.016 70.421 7.5
      vertex 110.016 70.421 2
    endloop
  endfacet
  facet normal -0.945373 -0.325991 0
    outer loop
      vertex 110.016 70.421 7.5
      vertex 110.063 70.2847 2
      vertex 110.063 70.2847 7.5
    endloop
  endfacet
  facet normal 0.945373 -0.325991 0
    outer loop
      vertex 107.937 70.2847 7.5
      vertex 107.984 70.421 2
      vertex 107.984 70.421 7.5
    endloop
  endfacet
  facet normal 0.945373 -0.325991 0
    outer loop
      vertex 107.984 70.421 2
      vertex 107.937 70.2847 7.5
      vertex 107.937 70.2847 2
    endloop
  endfacet
  facet normal 0.321653 0.946858 -0
    outer loop
      vertex 108.715 68.9375 2
      vertex 108.579 68.9837 7.5
      vertex 108.715 68.9375 7.5
    endloop
  endfacet
  facet normal 0.321653 0.946858 0
    outer loop
      vertex 108.579 68.9837 7.5
      vertex 108.715 68.9375 2
      vertex 108.579 68.9837 2
    endloop
  endfacet
  facet normal 0.44276 0.89664 -0
    outer loop
      vertex 108.579 68.9837 2
      vertex 108.45 69.0474 7.5
      vertex 108.579 68.9837 7.5
    endloop
  endfacet
  facet normal 0.44276 0.89664 0
    outer loop
      vertex 108.45 69.0474 7.5
      vertex 108.579 68.9837 2
      vertex 108.45 69.0474 2
    endloop
  endfacet
  facet normal 0.660079 0.751196 -0
    outer loop
      vertex 108.33 69.1273 2
      vertex 108.222 69.2222 7.5
      vertex 108.33 69.1273 7.5
    endloop
  endfacet
  facet normal 0.660079 0.751196 0
    outer loop
      vertex 108.222 69.2222 7.5
      vertex 108.33 69.1273 2
      vertex 108.222 69.2222 2
    endloop
  endfacet
  facet normal 0.55422 0.83237 -0
    outer loop
      vertex 108.45 69.0474 2
      vertex 108.33 69.1273 7.5
      vertex 108.45 69.0474 7.5
    endloop
  endfacet
  facet normal 0.55422 0.83237 0
    outer loop
      vertex 108.33 69.1273 7.5
      vertex 108.45 69.0474 2
      vertex 108.33 69.1273 2
    endloop
  endfacet
  facet normal 0.0651391 0.997876 -0
    outer loop
      vertex 109 68.9 2
      vertex 108.856 68.9094 7.5
      vertex 109 68.9 7.5
    endloop
  endfacet
  facet normal 0.0651391 0.997876 0
    outer loop
      vertex 108.856 68.9094 7.5
      vertex 109 68.9 2
      vertex 108.856 68.9094 2
    endloop
  endfacet
  facet normal 0.898568 0.438835 0
    outer loop
      vertex 108.047 69.45 7.5
      vertex 107.984 69.579 2
      vertex 107.984 69.579 7.5
    endloop
  endfacet
  facet normal 0.898568 0.438835 0
    outer loop
      vertex 107.984 69.579 2
      vertex 108.047 69.45 7.5
      vertex 108.047 69.45 2
    endloop
  endfacet
  facet normal 0 0 1
    outer loop
      vertex 110.091 70.1436 2
      vertex 110.091 69.8564 2
      vertex 110.1 70 2
    endloop
  endfacet
  facet normal 0 0 1
    outer loop
      vertex 110.063 70.2847 2
      vertex 110.091 69.8564 2
      vertex 110.091 70.1436 2
    endloop
  endfacet
  facet normal 0 0 1
    outer loop
      vertex 110.063 70.2847 2
      vertex 110.063 69.7153 2
      vertex 110.091 69.8564 2
    endloop
  endfacet
  facet normal 0 0 1
    outer loop
      vertex 110.016 70.421 2
      vertex 110.063 69.7153 2
      vertex 110.063 70.2847 2
    endloop
  endfacet
  facet normal 0 0 1
    outer loop
      vertex 110.016 70.421 2
      vertex 110.016 69.579 2
      vertex 110.063 69.7153 2
    endloop
  endfacet
  facet normal 0 0 1
    outer loop
      vertex 109.953 70.55 2
      vertex 110.016 69.579 2
      vertex 110.016 70.421 2
    endloop
  endfacet
  facet normal 0 0 1
    outer loop
      vertex 109.953 70.55 2
      vertex 109.953 69.45 2
      vertex 110.016 69.579 2
    endloop
  endfacet
  facet normal 0 0 1
    outer loop
      vertex 109.873 70.6696 2
      vertex 109.953 69.45 2
      vertex 109.953 70.55 2
    endloop
  endfacet
  facet normal 0 0 1
    outer loop
      vertex 109.873 70.6696 2
      vertex 109.873 69.3304 2
      vertex 109.953 69.45 2
    endloop
  endfacet
  facet normal 0 0 1
    outer loop
      vertex 109.778 70.7778 2
      vertex 109.873 69.3304 2
      vertex 109.873 70.6696 2
    endloop
  endfacet
  facet normal 0 0 1
    outer loop
      vertex 109.778 70.7778 2
      vertex 109.778 69.2222 2
      vertex 109.873 69.3304 2
    endloop
  endfacet
  facet normal 0 0 1
    outer loop
      vertex 109.67 70.8727 2
      vertex 109.778 69.2222 2
      vertex 109.778 70.7778 2
    endloop
  endfacet
  facet normal 0 0 1
    outer loop
      vertex 109.67 70.8727 2
      vertex 109.67 69.1273 2
      vertex 109.778 69.2222 2
    endloop
  endfacet
  facet normal 0 0 1
    outer loop
      vertex 109.55 70.9526 2
      vertex 109.67 69.1273 2
      vertex 109.67 70.8727 2
    endloop
  endfacet
  facet normal 0 0 1
    outer loop
      vertex 109.55 70.9526 2
      vertex 109.55 69.0474 2
      vertex 109.67 69.1273 2
    endloop
  endfacet
  facet normal 0 0 1
    outer loop
      vertex 109.421 71.0163 2
      vertex 109.55 69.0474 2
      vertex 109.55 70.9526 2
    endloop
  endfacet
  facet normal 0 0 1
    outer loop
      vertex 109.421 71.0163 2
      vertex 109.421 68.9837 2
      vertex 109.55 69.0474 2
    endloop
  endfacet
  facet normal 0 0 1
    outer loop
      vertex 109.285 71.0625 2
      vertex 109.421 68.9837 2
      vertex 109.421 71.0163 2
    endloop
  endfacet
  facet normal 0 0 1
    outer loop
      vertex 109.285 71.0625 2
      vertex 109.285 68.9375 2
      vertex 109.421 68.9837 2
    endloop
  endfacet
  facet normal 0 0 1
    outer loop
      vertex 109.144 71.0906 2
      vertex 109.285 68.9375 2
      vertex 109.285 71.0625 2
    endloop
  endfacet
  facet normal 0 0 1
    outer loop
      vertex 109.144 71.0906 2
      vertex 109.144 68.9094 2
      vertex 109.285 68.9375 2
    endloop
  endfacet
  facet normal 0 0 1
    outer loop
      vertex 109 71.1 2
      vertex 109.144 68.9094 2
      vertex 109.144 71.0906 2
    endloop
  endfacet
  facet normal 0 0 1
    outer loop
      vertex 109 71.1 2
      vertex 109 68.9 2
      vertex 109.144 68.9094 2
    endloop
  endfacet
  facet normal -0 0 1
    outer loop
      vertex 108.856 71.0906 2
      vertex 109 68.9 2
      vertex 109 71.1 2
    endloop
  endfacet
  facet normal 0 0 1
    outer loop
      vertex 108.856 71.0906 2
      vertex 108.856 68.9094 2
      vertex 109 68.9 2
    endloop
  endfacet
  facet normal -0 0 1
    outer loop
      vertex 108.715 71.0625 2
      vertex 108.856 68.9094 2
      vertex 108.856 71.0906 2
    endloop
  endfacet
  facet normal 0 0 1
    outer loop
      vertex 108.715 71.0625 2
      vertex 108.715 68.9375 2
      vertex 108.856 68.9094 2
    endloop
  endfacet
  facet normal -0 0 1
    outer loop
      vertex 108.579 71.0163 2
      vertex 108.715 68.9375 2
      vertex 108.715 71.0625 2
    endloop
  endfacet
  facet normal 0 0 1
    outer loop
      vertex 108.579 71.0163 2
      vertex 108.579 68.9837 2
      vertex 108.715 68.9375 2
    endloop
  endfacet
  facet normal -0 0 1
    outer loop
      vertex 108.45 70.9526 2
      vertex 108.579 68.9837 2
      vertex 108.579 71.0163 2
    endloop
  endfacet
  facet normal 0 0 1
    outer loop
      vertex 108.45 70.9526 2
      vertex 108.45 69.0474 2
      vertex 108.579 68.9837 2
    endloop
  endfacet
  facet normal -0 0 1
    outer loop
      vertex 108.33 70.8727 2
      vertex 108.45 69.0474 2
      vertex 108.45 70.9526 2
    endloop
  endfacet
  facet normal 0 0 1
    outer loop
      vertex 108.33 70.8727 2
      vertex 108.33 69.1273 2
      vertex 108.45 69.0474 2
    endloop
  endfacet
  facet normal -0 0 1
    outer loop
      vertex 108.222 70.7778 2
      vertex 108.33 69.1273 2
      vertex 108.33 70.8727 2
    endloop
  endfacet
  facet normal 0 0 1
    outer loop
      vertex 108.222 70.7778 2
      vertex 108.222 69.2222 2
      vertex 108.33 69.1273 2
    endloop
  endfacet
  facet normal -0 0 1
    outer loop
      vertex 108.127 70.6696 2
      vertex 108.222 69.2222 2
      vertex 108.222 70.7778 2
    endloop
  endfacet
  facet normal 0 0 1
    outer loop
      vertex 108.127 70.6696 2
      vertex 108.127 69.3304 2
      vertex 108.222 69.2222 2
    endloop
  endfacet
  facet normal -0 0 1
    outer loop
      vertex 108.047 70.55 2
      vertex 108.127 69.3304 2
      vertex 108.127 70.6696 2
    endloop
  endfacet
  facet normal 0 0 1
    outer loop
      vertex 108.047 70.55 2
      vertex 108.047 69.45 2
      vertex 108.127 69.3304 2
    endloop
  endfacet
  facet normal -0 0 1
    outer loop
      vertex 107.984 70.421 2
      vertex 108.047 69.45 2
      vertex 108.047 70.55 2
    endloop
  endfacet
  facet normal 0 0 1
    outer loop
      vertex 107.984 70.421 2
      vertex 107.984 69.579 2
      vertex 108.047 69.45 2
    endloop
  endfacet
  facet normal -0 0 1
    outer loop
      vertex 107.937 70.2847 2
      vertex 107.984 69.579 2
      vertex 107.984 70.421 2
    endloop
  endfacet
  facet normal 0 0 1
    outer loop
      vertex 107.937 70.2847 2
      vertex 107.937 69.7153 2
      vertex 107.984 69.579 2
    endloop
  endfacet
  facet normal -0 0 1
    outer loop
      vertex 107.909 70.1436 2
      vertex 107.937 69.7153 2
      vertex 107.937 70.2847 2
    endloop
  endfacet
  facet normal 0 0 1
    outer loop
      vertex 107.909 70.1436 2
      vertex 107.909 69.8564 2
      vertex 107.937 69.7153 2
    endloop
  endfacet
  facet normal 0 -0 1
    outer loop
      vertex 107.909 69.8564 2
      vertex 107.909 70.1436 2
      vertex 107.9 70 2
    endloop
  endfacet
  facet normal -0.195447 -0.980714 0
    outer loop
      vertex 109.144 71.0906 2
      vertex 109.285 71.0625 7.5
      vertex 109.144 71.0906 7.5
    endloop
  endfacet
  facet normal -0.195447 -0.980714 -0
    outer loop
      vertex 109.285 71.0625 7.5
      vertex 109.144 71.0906 2
      vertex 109.285 71.0625 2
    endloop
  endfacet
  facet normal -1 0 0
    outer loop
      vertex 67.45 18.89 0
      vertex 67.45 57.79 2
      vertex 67.45 57.79 0
    endloop
  endfacet
  facet normal -1 -0 0
    outer loop
      vertex 67.45 57.79 2
      vertex 67.45 18.89 0
      vertex 67.45 18.89 2
    endloop
  endfacet
  facet normal 1 -0 0
    outer loop
      vertex 16.95 18.89 2
      vertex 16.95 57.79 0
      vertex 16.95 57.79 2
    endloop
  endfacet
  facet normal 1 0 0
    outer loop
      vertex 16.95 57.79 0
      vertex 16.95 18.89 2
      vertex 16.95 18.89 0
    endloop
  endfacet
  facet normal 0 -1 0
    outer loop
      vertex 16.95 57.79 0
      vertex 67.45 57.79 2
      vertex 16.95 57.79 2
    endloop
  endfacet
  facet normal 0 -1 -0
    outer loop
      vertex 67.45 57.79 2
      vertex 16.95 57.79 0
      vertex 67.45 57.79 0
    endloop
  endfacet
  facet normal 0 1 -0
    outer loop
      vertex 67.45 18.89 0
      vertex 16.95 18.89 2
      vertex 67.45 18.89 2
    endloop
  endfacet
  facet normal 0 1 0
    outer loop
      vertex 16.95 18.89 2
      vertex 67.45 18.89 0
      vertex 16.95 18.89 0
    endloop
  endfacet
  facet normal -0.659309 -0.751872 0
    outer loop
      vertex 96.2524 40.9354 0
      vertex 96.6163 40.6163 2
      vertex 96.2524 40.9354 2
    endloop
  endfacet
  facet normal -0.659309 -0.751872 -0
    outer loop
      vertex 96.6163 40.6163 2
      vertex 96.2524 40.9354 0
      vertex 96.6163 40.6163 0
    endloop
  endfacet
  facet normal -0.321306 0.946975 0
    outer loop
      vertex 95.4159 34.5816 0
      vertex 94.9576 34.4261 2
      vertex 95.4159 34.5816 2
    endloop
  endfacet
  facet normal -0.321306 0.946975 0
    outer loop
      vertex 94.9576 34.4261 2
      vertex 95.4159 34.5816 0
      vertex 94.9576 34.4261 0
    endloop
  endfacet
  facet normal -0.980795 -0.195043 0
    outer loop
      vertex 97.6683 38.4829 0
      vertex 97.5739 38.9576 2
      vertex 97.5739 38.9576 0
    endloop
  endfacet
  facet normal -0.980795 -0.195043 0
    outer loop
      vertex 97.5739 38.9576 2
      vertex 97.6683 38.4829 0
      vertex 97.6683 38.4829 2
    endloop
  endfacet
  facet normal -0.997852 -0.0655041 0
    outer loop
      vertex 97.7 38 0
      vertex 97.6683 38.4829 2
      vertex 97.6683 38.4829 0
    endloop
  endfacet
  facet normal -0.997852 -0.0655041 0
    outer loop
      vertex 97.6683 38.4829 2
      vertex 97.7 38 0
      vertex 97.7 38 2
    endloop
  endfacet
  facet normal -0.946975 -0.321306 0
    outer loop
      vertex 97.5739 38.9576 0
      vertex 97.4184 39.4159 2
      vertex 97.4184 39.4159 0
    endloop
  endfacet
  facet normal -0.946975 -0.321306 0
    outer loop
      vertex 97.4184 39.4159 2
      vertex 97.5739 38.9576 0
      vertex 97.5739 38.9576 2
    endloop
  endfacet
  facet normal -0.442331 0.896852 0
    outer loop
      vertex 95.85 34.7957 0
      vertex 95.4159 34.5816 2
      vertex 95.85 34.7957 2
    endloop
  endfacet
  facet normal -0.442331 0.896852 0
    outer loop
      vertex 95.4159 34.5816 2
      vertex 95.85 34.7957 0
      vertex 95.4159 34.5816 0
    endloop
  endfacet
  facet normal -0.321306 -0.946975 0
    outer loop
      vertex 94.9576 41.5739 0
      vertex 95.4159 41.4184 2
      vertex 94.9576 41.5739 2
    endloop
  endfacet
  facet normal -0.321306 -0.946975 -0
    outer loop
      vertex 95.4159 41.4184 2
      vertex 94.9576 41.5739 0
      vertex 95.4159 41.4184 0
    endloop
  endfacet
  facet normal -0.555606 0.831446 0
    outer loop
      vertex 96.2524 35.0646 0
      vertex 95.85 34.7957 2
      vertex 96.2524 35.0646 2
    endloop
  endfacet
  facet normal -0.555606 0.831446 0
    outer loop
      vertex 95.85 34.7957 2
      vertex 96.2524 35.0646 0
      vertex 95.85 34.7957 0
    endloop
  endfacet
  facet normal 0.831446 -0.555606 0
    outer loop
      vertex 90.7957 39.85 2
      vertex 91.0646 40.2524 0
      vertex 91.0646 40.2524 2
    endloop
  endfacet
  facet normal 0.831446 -0.555606 0
    outer loop
      vertex 91.0646 40.2524 0
      vertex 90.7957 39.85 2
      vertex 90.7957 39.85 0
    endloop
  endfacet
  facet normal -0.896852 -0.442331 0
    outer loop
      vertex 97.4184 39.4159 0
      vertex 97.2043 39.85 2
      vertex 97.2043 39.85 0
    endloop
  endfacet
  facet normal -0.896852 -0.442331 0
    outer loop
      vertex 97.2043 39.85 2
      vertex 97.4184 39.4159 0
      vertex 97.4184 39.4159 2
    endloop
  endfacet
  facet normal 0.946975 -0.321306 0
    outer loop
      vertex 90.4261 38.9576 2
      vertex 90.5816 39.4159 0
      vertex 90.5816 39.4159 2
    endloop
  endfacet
  facet normal 0.946975 -0.321306 0
    outer loop
      vertex 90.5816 39.4159 0
      vertex 90.4261 38.9576 2
      vertex 90.4261 38.9576 0
    endloop
  endfacet
  facet normal 0.751872 0.659309 0
    outer loop
      vertex 91.3837 35.3837 2
      vertex 91.0646 35.7476 0
      vertex 91.0646 35.7476 2
    endloop
  endfacet
  facet normal 0.751872 0.659309 0
    outer loop
      vertex 91.0646 35.7476 0
      vertex 91.3837 35.3837 2
      vertex 91.3837 35.3837 0
    endloop
  endfacet
  facet normal -0.946975 0.321306 0
    outer loop
      vertex 97.4184 36.5841 0
      vertex 97.5739 37.0424 2
      vertex 97.5739 37.0424 0
    endloop
  endfacet
  facet normal -0.946975 0.321306 0
    outer loop
      vertex 97.5739 37.0424 2
      vertex 97.4184 36.5841 0
      vertex 97.4184 36.5841 2
    endloop
  endfacet
  facet normal 0.997866 -0.0652983 0
    outer loop
      vertex 90.3 38 2
      vertex 90.3316 38.4829 0
      vertex 90.3316 38.4829 2
    endloop
  endfacet
  facet normal 0.997866 -0.0652983 0
    outer loop
      vertex 90.3316 38.4829 0
      vertex 90.3 38 2
      vertex 90.3 38 0
    endloop
  endfacet
  facet normal -0.555606 -0.831446 0
    outer loop
      vertex 95.85 41.2043 0
      vertex 96.2524 40.9354 2
      vertex 95.85 41.2043 2
    endloop
  endfacet
  facet normal -0.555606 -0.831446 -0
    outer loop
      vertex 96.2524 40.9354 2
      vertex 95.85 41.2043 0
      vertex 96.2524 40.9354 0
    endloop
  endfacet
  facet normal 0.751872 -0.659309 0
    outer loop
      vertex 91.0646 40.2524 2
      vertex 91.3837 40.6163 0
      vertex 91.3837 40.6163 2
    endloop
  endfacet
  facet normal 0.751872 -0.659309 0
    outer loop
      vertex 91.3837 40.6163 0
      vertex 91.0646 40.2524 2
      vertex 91.0646 40.2524 0
    endloop
  endfacet
  facet normal -0.751872 0.659309 0
    outer loop
      vertex 96.6163 35.3837 0
      vertex 96.9354 35.7476 2
      vertex 96.9354 35.7476 0
    endloop
  endfacet
  facet normal -0.751872 0.659309 0
    outer loop
      vertex 96.9354 35.7476 2
      vertex 96.6163 35.3837 0
      vertex 96.6163 35.3837 2
    endloop
  endfacet
  facet normal -0.896852 0.442331 0
    outer loop
      vertex 97.2043 36.15 0
      vertex 97.4184 36.5841 2
      vertex 97.4184 36.5841 0
    endloop
  endfacet
  facet normal -0.896852 0.442331 0
    outer loop
      vertex 97.4184 36.5841 2
      vertex 97.2043 36.15 0
      vertex 97.2043 36.15 2
    endloop
  endfacet
  facet normal 0.321306 -0.946975 0
    outer loop
      vertex 92.5841 41.4184 0
      vertex 93.0424 41.5739 2
      vertex 92.5841 41.4184 2
    endloop
  endfacet
  facet normal 0.321306 -0.946975 0
    outer loop
      vertex 93.0424 41.5739 2
      vertex 92.5841 41.4184 0
      vertex 93.0424 41.5739 0
    endloop
  endfacet
  facet normal 0.659309 -0.751872 0
    outer loop
      vertex 91.3837 40.6163 0
      vertex 91.7476 40.9354 2
      vertex 91.3837 40.6163 2
    endloop
  endfacet
  facet normal 0.659309 -0.751872 0
    outer loop
      vertex 91.7476 40.9354 2
      vertex 91.3837 40.6163 0
      vertex 91.7476 40.9354 0
    endloop
  endfacet
  facet normal 0.442331 -0.896852 0
    outer loop
      vertex 92.15 41.2043 0
      vertex 92.5841 41.4184 2
      vertex 92.15 41.2043 2
    endloop
  endfacet
  facet normal 0.442331 -0.896852 0
    outer loop
      vertex 92.5841 41.4184 2
      vertex 92.15 41.2043 0
      vertex 92.5841 41.4184 0
    endloop
  endfacet
  facet normal -0.831446 -0.555606 0
    outer loop
      vertex 97.2043 39.85 0
      vertex 96.9354 40.2524 2
      vertex 96.9354 40.2524 0
    endloop
  endfacet
  facet normal -0.831446 -0.555606 0
    outer loop
      vertex 96.9354 40.2524 2
      vertex 97.2043 39.85 0
      vertex 97.2043 39.85 2
    endloop
  endfacet
  facet normal -0.195043 0.980795 0
    outer loop
      vertex 94.9576 34.4261 0
      vertex 94.4829 34.3317 2
      vertex 94.9576 34.4261 2
    endloop
  endfacet
  facet normal -0.195043 0.980795 0
    outer loop
      vertex 94.4829 34.3317 2
      vertex 94.9576 34.4261 0
      vertex 94.4829 34.3317 0
    endloop
  endfacet
  facet normal -0.980795 0.195043 0
    outer loop
      vertex 97.5739 37.0424 0
      vertex 97.6683 37.5171 2
      vertex 97.6683 37.5171 0
    endloop
  endfacet
  facet normal -0.980795 0.195043 0
    outer loop
      vertex 97.6683 37.5171 2
      vertex 97.5739 37.0424 0
      vertex 97.5739 37.0424 2
    endloop
  endfacet
  facet normal 0.896852 0.442331 0
    outer loop
      vertex 90.7957 36.15 2
      vertex 90.5816 36.5841 0
      vertex 90.5816 36.5841 2
    endloop
  endfacet
  facet normal 0.896852 0.442331 0
    outer loop
      vertex 90.5816 36.5841 0
      vertex 90.7957 36.15 2
      vertex 90.7957 36.15 0
    endloop
  endfacet
  facet normal 0.321306 0.946975 -0
    outer loop
      vertex 93.0424 34.4261 0
      vertex 92.5841 34.5816 2
      vertex 93.0424 34.4261 2
    endloop
  endfacet
  facet normal 0.321306 0.946975 0
    outer loop
      vertex 92.5841 34.5816 2
      vertex 93.0424 34.4261 0
      vertex 92.5841 34.5816 0
    endloop
  endfacet
  facet normal -0.659309 0.751872 0
    outer loop
      vertex 96.6163 35.3837 0
      vertex 96.2524 35.0646 2
      vertex 96.6163 35.3837 2
    endloop
  endfacet
  facet normal -0.659309 0.751872 0
    outer loop
      vertex 96.2524 35.0646 2
      vertex 96.6163 35.3837 0
      vertex 96.2524 35.0646 0
    endloop
  endfacet
  facet normal 0.946975 0.321306 0
    outer loop
      vertex 90.5816 36.5841 2
      vertex 90.4261 37.0424 0
      vertex 90.4261 37.0424 2
    endloop
  endfacet
  facet normal 0.946975 0.321306 0
    outer loop
      vertex 90.4261 37.0424 0
      vertex 90.5816 36.5841 2
      vertex 90.5816 36.5841 0
    endloop
  endfacet
  facet normal 0.555606 0.831446 -0
    outer loop
      vertex 92.15 34.7957 0
      vertex 91.7476 35.0646 2
      vertex 92.15 34.7957 2
    endloop
  endfacet
  facet normal 0.555606 0.831446 0
    outer loop
      vertex 91.7476 35.0646 2
      vertex 92.15 34.7957 0
      vertex 91.7476 35.0646 0
    endloop
  endfacet
  facet normal -0.442331 -0.896852 0
    outer loop
      vertex 95.4159 41.4184 0
      vertex 95.85 41.2043 2
      vertex 95.4159 41.4184 2
    endloop
  endfacet
  facet normal -0.442331 -0.896852 -0
    outer loop
      vertex 95.85 41.2043 2
      vertex 95.4159 41.4184 0
      vertex 95.85 41.2043 0
    endloop
  endfacet
  facet normal -0.997852 0.0655041 0
    outer loop
      vertex 97.6683 37.5171 0
      vertex 97.7 38 2
      vertex 97.7 38 0
    endloop
  endfacet
  facet normal -0.997852 0.0655041 0
    outer loop
      vertex 97.7 38 2
      vertex 97.6683 37.5171 0
      vertex 97.6683 37.5171 2
    endloop
  endfacet
  facet normal 0.896852 -0.442331 0
    outer loop
      vertex 90.5816 39.4159 2
      vertex 90.7957 39.85 0
      vertex 90.7957 39.85 2
    endloop
  endfacet
  facet normal 0.896852 -0.442331 0
    outer loop
      vertex 90.7957 39.85 0
      vertex 90.5816 39.4159 2
      vertex 90.5816 39.4159 0
    endloop
  endfacet
  facet normal 0.442331 0.896852 -0
    outer loop
      vertex 92.5841 34.5816 0
      vertex 92.15 34.7957 2
      vertex 92.5841 34.5816 2
    endloop
  endfacet
  facet normal 0.442331 0.896852 0
    outer loop
      vertex 92.15 34.7957 2
      vertex 92.5841 34.5816 0
      vertex 92.15 34.7957 0
    endloop
  endfacet
  facet normal 0.555606 -0.831446 0
    outer loop
      vertex 91.7476 40.9354 0
      vertex 92.15 41.2043 2
      vertex 91.7476 40.9354 2
    endloop
  endfacet
  facet normal 0.555606 -0.831446 0
    outer loop
      vertex 92.15 41.2043 2
      vertex 91.7476 40.9354 0
      vertex 92.15 41.2043 0
    endloop
  endfacet
  facet normal 0.980755 0.195242 0
    outer loop
      vertex 90.4261 37.0424 2
      vertex 90.3316 37.5171 0
      vertex 90.3316 37.5171 2
    endloop
  endfacet
  facet normal 0.980755 0.195242 0
    outer loop
      vertex 90.3316 37.5171 0
      vertex 90.4261 37.0424 2
      vertex 90.4261 37.0424 0
    endloop
  endfacet
  facet normal 0.980755 -0.195242 0
    outer loop
      vertex 90.3316 38.4829 2
      vertex 90.4261 38.9576 0
      vertex 90.4261 38.9576 2
    endloop
  endfacet
  facet normal 0.980755 -0.195242 0
    outer loop
      vertex 90.4261 38.9576 0
      vertex 90.3316 38.4829 2
      vertex 90.3316 38.4829 0
    endloop
  endfacet
  facet normal -0.0655041 0.997852 0
    outer loop
      vertex 94.4829 34.3317 0
      vertex 94 34.3 2
      vertex 94.4829 34.3317 2
    endloop
  endfacet
  facet normal -0.0655041 0.997852 0
    outer loop
      vertex 94 34.3 2
      vertex 94.4829 34.3317 0
      vertex 94 34.3 0
    endloop
  endfacet
  facet normal -0.0655041 -0.997852 0
    outer loop
      vertex 94 41.7 0
      vertex 94.4829 41.6683 2
      vertex 94 41.7 2
    endloop
  endfacet
  facet normal -0.0655041 -0.997852 -0
    outer loop
      vertex 94.4829 41.6683 2
      vertex 94 41.7 0
      vertex 94.4829 41.6683 0
    endloop
  endfacet
  facet normal 0.195043 -0.980795 0
    outer loop
      vertex 93.0424 41.5739 0
      vertex 93.5171 41.6683 2
      vertex 93.0424 41.5739 2
    endloop
  endfacet
  facet normal 0.195043 -0.980795 0
    outer loop
      vertex 93.5171 41.6683 2
      vertex 93.0424 41.5739 0
      vertex 93.5171 41.6683 0
    endloop
  endfacet
  facet normal -0.751872 -0.659309 0
    outer loop
      vertex 96.9354 40.2524 0
      vertex 96.6163 40.6163 2
      vertex 96.6163 40.6163 0
    endloop
  endfacet
  facet normal -0.751872 -0.659309 0
    outer loop
      vertex 96.6163 40.6163 2
      vertex 96.9354 40.2524 0
      vertex 96.9354 40.2524 2
    endloop
  endfacet
  facet normal 0.0655041 -0.997852 0
    outer loop
      vertex 93.5171 41.6683 0
      vertex 94 41.7 2
      vertex 93.5171 41.6683 2
    endloop
  endfacet
  facet normal 0.0655041 -0.997852 0
    outer loop
      vertex 94 41.7 2
      vertex 93.5171 41.6683 0
      vertex 94 41.7 0
    endloop
  endfacet
  facet normal 0.195043 0.980795 -0
    outer loop
      vertex 93.5171 34.3317 0
      vertex 93.0424 34.4261 2
      vertex 93.5171 34.3317 2
    endloop
  endfacet
  facet normal 0.195043 0.980795 0
    outer loop
      vertex 93.0424 34.4261 2
      vertex 93.5171 34.3317 0
      vertex 93.0424 34.4261 0
    endloop
  endfacet
  facet normal -0.831446 0.555606 0
    outer loop
      vertex 96.9354 35.7476 0
      vertex 97.2043 36.15 2
      vertex 97.2043 36.15 0
    endloop
  endfacet
  facet normal -0.831446 0.555606 0
    outer loop
      vertex 97.2043 36.15 2
      vertex 96.9354 35.7476 0
      vertex 96.9354 35.7476 2
    endloop
  endfacet
  facet normal 0.997866 0.0652983 0
    outer loop
      vertex 90.3316 37.5171 2
      vertex 90.3 38 0
      vertex 90.3 38 2
    endloop
  endfacet
  facet normal 0.997866 0.0652983 0
    outer loop
      vertex 90.3 38 0
      vertex 90.3316 37.5171 2
      vertex 90.3316 37.5171 0
    endloop
  endfacet
  facet normal 0.831446 0.555606 0
    outer loop
      vertex 91.0646 35.7476 2
      vertex 90.7957 36.15 0
      vertex 90.7957 36.15 2
    endloop
  endfacet
  facet normal 0.831446 0.555606 0
    outer loop
      vertex 90.7957 36.15 0
      vertex 91.0646 35.7476 2
      vertex 91.0646 35.7476 0
    endloop
  endfacet
  facet normal -0.195043 -0.980795 0
    outer loop
      vertex 94.4829 41.6683 0
      vertex 94.9576 41.5739 2
      vertex 94.4829 41.6683 2
    endloop
  endfacet
  facet normal -0.195043 -0.980795 -0
    outer loop
      vertex 94.9576 41.5739 2
      vertex 94.4829 41.6683 0
      vertex 94.9576 41.5739 0
    endloop
  endfacet
  facet normal 0.0655041 0.997852 -0
    outer loop
      vertex 94 34.3 0
      vertex 93.5171 34.3317 2
      vertex 94 34.3 2
    endloop
  endfacet
  facet normal 0.0655041 0.997852 0
    outer loop
      vertex 93.5171 34.3317 2
      vertex 94 34.3 0
      vertex 93.5171 34.3317 0
    endloop
  endfacet
  facet normal 0.659309 0.751872 -0
    outer loop
      vertex 91.7476 35.0646 0
      vertex 91.3837 35.3837 2
      vertex 91.7476 35.0646 2
    endloop
  endfacet
  facet normal 0.659309 0.751872 0
    outer loop
      vertex 91.3837 35.3837 2
      vertex 91.7476 35.0646 0
      vertex 91.3837 35.3837 0
    endloop
  endfacet
endsolid OpenSCAD_Model
