solid OpenSCAD_Model
  facet normal -0.980786 -0.195086 0
    outer loop
      vertex 0.170364 3.7059 0
      vertex 0.0427704 4.34737 29.6
      vertex 0.0427704 4.34737 0
    endloop
  endfacet
  facet normal -0.980786 -0.195086 0
    outer loop
      vertex 0.0427704 4.34737 29.6
      vertex 0.170364 3.7059 0
      vertex 0.170364 3.7059 29.6
    endloop
  endfacet
  facet normal -0.997859 -0.0653952 0
    outer loop
      vertex 0.0427704 4.34737 0
      vertex 0 5 29.6
      vertex 0 5 0
    endloop
  endfacet
  facet normal -0.997859 -0.0653952 0
    outer loop
      vertex 0 5 29.6
      vertex 0.0427704 4.34737 0
      vertex 0.0427704 4.34737 29.6
    endloop
  endfacet
  facet normal 0.442024 -0.897003 0
    outer loop
      vertex 100.913 0.3806 0
      vertex 101.5 0.669861 29.6
      vertex 100.913 0.3806 29.6
    endloop
  endfacet
  facet normal 0.442024 -0.897003 0
    outer loop
      vertex 101.5 0.669861 29.6
      vertex 100.913 0.3806 0
      vertex 101.5 0.669861 0
    endloop
  endfacet
  facet normal 0.831725 -0.555187 0
    outer loop
      vertex 102.967 1.95619 29.6
      vertex 103.33 2.5 0
      vertex 103.33 2.5 29.6
    endloop
  endfacet
  facet normal 0.831725 -0.555187 0
    outer loop
      vertex 103.33 2.5 0
      vertex 102.967 1.95619 29.6
      vertex 102.967 1.95619 0
    endloop
  endfacet
  facet normal 0.980961 0.194204 0
    outer loop
      vertex 103.957 56.6526 29.6
      vertex 103.83 57.2941 0
      vertex 103.83 57.2941 29.6
    endloop
  endfacet
  facet normal 0.980961 0.194204 0
    outer loop
      vertex 103.83 57.2941 0
      vertex 103.957 56.6526 29.6
      vertex 103.957 56.6526 0
    endloop
  endfacet
  facet normal 0.997836 0.0657477 0
    outer loop
      vertex 104 56 29.6
      vertex 103.957 56.6526 0
      vertex 103.957 56.6526 29.6
    endloop
  endfacet
  facet normal 0.997836 0.0657477 0
    outer loop
      vertex 103.957 56.6526 0
      vertex 104 56 29.6
      vertex 104 56 0
    endloop
  endfacet
  facet normal 0.751998 0.659165 0
    outer loop
      vertex 102.967 59.0438 29.6
      vertex 102.536 59.5355 0
      vertex 102.536 59.5355 29.6
    endloop
  endfacet
  facet normal 0.751998 0.659165 0
    outer loop
      vertex 102.536 59.5355 0
      vertex 102.967 59.0438 29.6
      vertex 102.967 59.0438 0
    endloop
  endfacet
  facet normal -0.321447 -0.946928 0
    outer loop
      vertex 3.08658 0.3806 0
      vertex 3.7059 0.170364 29.6
      vertex 3.08658 0.3806 29.6
    endloop
  endfacet
  facet normal -0.321447 -0.946928 -0
    outer loop
      vertex 3.7059 0.170364 29.6
      vertex 3.08658 0.3806 0
      vertex 3.7059 0.170364 0
    endloop
  endfacet
  facet normal -0.65935 -0.751836 0
    outer loop
      vertex 1.46446 1.46446 0
      vertex 1.95619 1.03322 29.6
      vertex 1.46446 1.46446 29.6
    endloop
  endfacet
  facet normal -0.65935 -0.751836 -0
    outer loop
      vertex 1.95619 1.03322 29.6
      vertex 1.46446 1.46446 0
      vertex 1.95619 1.03322 0
    endloop
  endfacet
  facet normal 0 1 0
    outer loop
      vertex 99 61 29.6
      vertex 62.4 61 27
      vertex 5 61 29.6
    endloop
  endfacet
  facet normal 0 1 0
    outer loop
      vertex 99 61 29.6
      vertex 62.4 61 10
      vertex 62.4 61 27
    endloop
  endfacet
  facet normal 0 1 0
    outer loop
      vertex 5 61 0
      vertex 62.4 61 10
      vertex 99 61 0
    endloop
  endfacet
  facet normal 0 1 -0
    outer loop
      vertex 99 61 0
      vertex 62.4 61 10
      vertex 99 61 29.6
    endloop
  endfacet
  facet normal 0 1 -0
    outer loop
      vertex 11.4 61 27
      vertex 5 61 29.6
      vertex 62.4 61 27
    endloop
  endfacet
  facet normal 0 1 -0
    outer loop
      vertex 11.4 61 10
      vertex 5 61 29.6
      vertex 11.4 61 27
    endloop
  endfacet
  facet normal 0 1 0
    outer loop
      vertex 11.4 61 10
      vertex 5 61 0
      vertex 5 61 29.6
    endloop
  endfacet
  facet normal 0 1 0
    outer loop
      vertex 62.4 61 10
      vertex 5 61 0
      vertex 11.4 61 10
    endloop
  endfacet
  facet normal -1 0 0
    outer loop
      vertex 0 5 0
      vertex 0 56 29.6
      vertex 0 56 0
    endloop
  endfacet
  facet normal -1 -0 0
    outer loop
      vertex 0 56 29.6
      vertex 0 5 0
      vertex 0 5 29.6
    endloop
  endfacet
  facet normal -0.321397 0.946944 0
    outer loop
      vertex 3.7059 60.8296 0
      vertex 3.08658 60.6194 29.6
      vertex 3.7059 60.8296 29.6
    endloop
  endfacet
  facet normal -0.321397 0.946944 0
    outer loop
      vertex 3.08658 60.6194 29.6
      vertex 3.7059 60.8296 0
      vertex 3.08658 60.6194 0
    endloop
  endfacet
  facet normal -0.946925 0.321456 0
    outer loop
      vertex 0.170364 57.2941 0
      vertex 0.3806 57.9134 29.6
      vertex 0.3806 57.9134 0
    endloop
  endfacet
  facet normal -0.946925 0.321456 0
    outer loop
      vertex 0.3806 57.9134 29.6
      vertex 0.170364 57.2941 0
      vertex 0.170364 57.2941 29.6
    endloop
  endfacet
  facet normal -0.659401 0.751791 0
    outer loop
      vertex 1.95619 59.9668 0
      vertex 1.46446 59.5355 29.6
      vertex 1.95619 59.9668 29.6
    endloop
  endfacet
  facet normal -0.659401 0.751791 0
    outer loop
      vertex 1.46446 59.5355 29.6
      vertex 1.95619 59.9668 0
      vertex 1.46446 59.5355 0
    endloop
  endfacet
  facet normal 0 -1 0
    outer loop
      vertex 5 0 0
      vertex 99 0 29.6
      vertex 5 0 29.6
    endloop
  endfacet
  facet normal 0 -1 -0
    outer loop
      vertex 99 0 29.6
      vertex 5 0 0
      vertex 99 0 0
    endloop
  endfacet
  facet normal 1 -0 0
    outer loop
      vertex 104 5 29.6
      vertex 104 56 0
      vertex 104 56 29.6
    endloop
  endfacet
  facet normal 1 0 0
    outer loop
      vertex 104 56 0
      vertex 104 5 29.6
      vertex 104 5 0
    endloop
  endfacet
  facet normal -0.831467 0.555574 0
    outer loop
      vertex 0.669861 58.5 0
      vertex 1.03322 59.0438 29.6
      vertex 1.03322 59.0438 0
    endloop
  endfacet
  facet normal -0.831467 0.555574 0
    outer loop
      vertex 1.03322 59.0438 29.6
      vertex 0.669861 58.5 0
      vertex 0.669861 58.5 29.6
    endloop
  endfacet
  facet normal 0.946572 -0.322493 0
    outer loop
      vertex 103.619 3.08658 29.6
      vertex 103.83 3.7059 0
      vertex 103.83 3.7059 29.6
    endloop
  endfacet
  facet normal 0.946572 -0.322493 0
    outer loop
      vertex 103.83 3.7059 0
      vertex 103.619 3.08658 29.6
      vertex 103.619 3.08658 0
    endloop
  endfacet
  facet normal 0.555433 -0.831562 0
    outer loop
      vertex 101.5 0.669861 0
      vertex 102.044 1.03322 29.6
      vertex 101.5 0.669861 29.6
    endloop
  endfacet
  facet normal 0.555433 -0.831562 0
    outer loop
      vertex 102.044 1.03322 29.6
      vertex 101.5 0.669861 0
      vertex 102.044 1.03322 0
    endloop
  endfacet
  facet normal 0.831721 0.555194 0
    outer loop
      vertex 103.33 58.5 29.6
      vertex 102.967 59.0438 0
      vertex 102.967 59.0438 29.6
    endloop
  endfacet
  facet normal 0.831721 0.555194 0
    outer loop
      vertex 102.967 59.0438 0
      vertex 103.33 58.5 29.6
      vertex 103.33 58.5 0
    endloop
  endfacet
  facet normal 0.0654432 0.997856 -0
    outer loop
      vertex 99.6526 60.9572 0
      vertex 99 61 29.6
      vertex 99.6526 60.9572 29.6
    endloop
  endfacet
  facet normal 0.0654432 0.997856 0
    outer loop
      vertex 99 61 29.6
      vertex 99.6526 60.9572 0
      vertex 99 61 0
    endloop
  endfacet
  facet normal -0.442327 0.896854 0
    outer loop
      vertex 3.08658 60.6194 0
      vertex 2.5 60.3301 29.6
      vertex 3.08658 60.6194 29.6
    endloop
  endfacet
  facet normal -0.442327 0.896854 0
    outer loop
      vertex 2.5 60.3301 29.6
      vertex 3.08658 60.6194 0
      vertex 2.5 60.3301 0
    endloop
  endfacet
  facet normal -0.896884 0.442266 0
    outer loop
      vertex 0.3806 57.9134 0
      vertex 0.669861 58.5 29.6
      vertex 0.669861 58.5 0
    endloop
  endfacet
  facet normal -0.896884 0.442266 0
    outer loop
      vertex 0.669861 58.5 29.6
      vertex 0.3806 57.9134 0
      vertex 0.3806 57.9134 29.6
    endloop
  endfacet
  facet normal 0.195116 0.98078 -0
    outer loop
      vertex 100.294 60.8296 0
      vertex 99.6526 60.9572 29.6
      vertex 100.294 60.8296 29.6
    endloop
  endfacet
  facet normal 0.195116 0.98078 0
    outer loop
      vertex 99.6526 60.9572 29.6
      vertex 100.294 60.8296 0
      vertex 99.6526 60.9572 0
    endloop
  endfacet
  facet normal 0.980959 -0.194213 0
    outer loop
      vertex 103.83 3.7059 29.6
      vertex 103.957 4.34737 0
      vertex 103.957 4.34737 29.6
    endloop
  endfacet
  facet normal 0.980959 -0.194213 0
    outer loop
      vertex 103.957 4.34737 0
      vertex 103.83 3.7059 29.6
      vertex 103.83 3.7059 0
    endloop
  endfacet
  facet normal -0.0654402 0.997856 0
    outer loop
      vertex 5 61 0
      vertex 4.34737 60.9572 29.6
      vertex 5 61 29.6
    endloop
  endfacet
  facet normal -0.0654402 0.997856 0
    outer loop
      vertex 4.34737 60.9572 29.6
      vertex 5 61 0
      vertex 4.34737 60.9572 0
    endloop
  endfacet
  facet normal -0.751836 -0.65935 0
    outer loop
      vertex 1.46446 1.46446 0
      vertex 1.03322 1.95619 29.6
      vertex 1.03322 1.95619 0
    endloop
  endfacet
  facet normal -0.751836 -0.65935 0
    outer loop
      vertex 1.03322 1.95619 29.6
      vertex 1.46446 1.46446 0
      vertex 1.46446 1.46446 29.6
    endloop
  endfacet
  facet normal -0.946928 -0.321447 0
    outer loop
      vertex 0.3806 3.08658 0
      vertex 0.170364 3.7059 29.6
      vertex 0.170364 3.7059 0
    endloop
  endfacet
  facet normal -0.946928 -0.321447 0
    outer loop
      vertex 0.170364 3.7059 29.6
      vertex 0.3806 3.08658 0
      vertex 0.3806 3.08658 29.6
    endloop
  endfacet
  facet normal 0.321596 -0.946877 0
    outer loop
      vertex 100.294 0.170364 0
      vertex 100.913 0.3806 29.6
      vertex 100.294 0.170364 29.6
    endloop
  endfacet
  facet normal 0.321596 -0.946877 0
    outer loop
      vertex 100.913 0.3806 29.6
      vertex 100.294 0.170364 0
      vertex 100.913 0.3806 0
    endloop
  endfacet
  facet normal -0.980788 0.195078 0
    outer loop
      vertex 0.0427704 56.6526 0
      vertex 0.170364 57.2941 29.6
      vertex 0.170364 57.2941 0
    endloop
  endfacet
  facet normal -0.980788 0.195078 0
    outer loop
      vertex 0.170364 57.2941 29.6
      vertex 0.0427704 56.6526 0
      vertex 0.0427704 56.6526 29.6
    endloop
  endfacet
  facet normal 0.321546 0.946894 -0
    outer loop
      vertex 100.913 60.6194 0
      vertex 100.294 60.8296 29.6
      vertex 100.913 60.6194 29.6
    endloop
  endfacet
  facet normal 0.321546 0.946894 0
    outer loop
      vertex 100.294 60.8296 29.6
      vertex 100.913 60.6194 0
      vertex 100.294 60.8296 0
    endloop
  endfacet
  facet normal -0.195086 -0.980786 0
    outer loop
      vertex 3.7059 0.170364 0
      vertex 4.34737 0.0427704 29.6
      vertex 3.7059 0.170364 29.6
    endloop
  endfacet
  facet normal -0.195086 -0.980786 -0
    outer loop
      vertex 4.34737 0.0427704 29.6
      vertex 3.7059 0.170364 0
      vertex 4.34737 0.0427704 0
    endloop
  endfacet
  facet normal -0.997859 0.0653982 0
    outer loop
      vertex 0 56 0
      vertex 0.0427704 56.6526 29.6
      vertex 0.0427704 56.6526 0
    endloop
  endfacet
  facet normal -0.997859 0.0653982 0
    outer loop
      vertex 0.0427704 56.6526 29.6
      vertex 0 56 0
      vertex 0 56 29.6
    endloop
  endfacet
  facet normal -0.0653952 -0.997859 0
    outer loop
      vertex 4.34737 0.0427704 0
      vertex 5 0 29.6
      vertex 4.34737 0.0427704 29.6
    endloop
  endfacet
  facet normal -0.0653952 -0.997859 -0
    outer loop
      vertex 5 0 29.6
      vertex 4.34737 0.0427704 0
      vertex 5 0 0
    endloop
  endfacet
  facet normal 0.997836 -0.0657447 0
    outer loop
      vertex 103.957 4.34737 29.6
      vertex 104 5 0
      vertex 104 5 29.6
    endloop
  endfacet
  facet normal 0.997836 -0.0657447 0
    outer loop
      vertex 104 5 0
      vertex 103.957 4.34737 29.6
      vertex 103.957 4.34737 0
    endloop
  endfacet
  facet normal 0.195107 -0.980782 0
    outer loop
      vertex 99.6526 0.0427704 0
      vertex 100.294 0.170364 29.6
      vertex 99.6526 0.0427704 29.6
    endloop
  endfacet
  facet normal 0.195107 -0.980782 0
    outer loop
      vertex 100.294 0.170364 29.6
      vertex 99.6526 0.0427704 0
      vertex 100.294 0.170364 0
    endloop
  endfacet
  facet normal 0 0 -1
    outer loop
      vertex 99 0 0
      vertex 104 5 0
      vertex 103.957 4.34737 0
    endloop
  endfacet
  facet normal 0 0 -1
    outer loop
      vertex 104 5 0
      vertex 88.7 30.5 0
      vertex 104 56 0
    endloop
  endfacet
  facet normal 0 0 -1
    outer loop
      vertex 99 0 0
      vertex 103.957 4.34737 0
      vertex 103.83 3.7059 0
    endloop
  endfacet
  facet normal 0 0 -1
    outer loop
      vertex 88.6683 30.9829 0
      vertex 104 56 0
      vertex 88.7 30.5 0
    endloop
  endfacet
  facet normal 0 0 -1
    outer loop
      vertex 99 0 0
      vertex 103.83 3.7059 0
      vertex 103.619 3.08658 0
    endloop
  endfacet
  facet normal 0 0 -1
    outer loop
      vertex 88.5739 31.4576 0
      vertex 104 56 0
      vertex 88.6683 30.9829 0
    endloop
  endfacet
  facet normal 0 0 -1
    outer loop
      vertex 99 0 0
      vertex 103.619 3.08658 0
      vertex 103.33 2.5 0
    endloop
  endfacet
  facet normal 0 0 -1
    outer loop
      vertex 88.4184 31.9159 0
      vertex 104 56 0
      vertex 88.5739 31.4576 0
    endloop
  endfacet
  facet normal 0 0 -1
    outer loop
      vertex 99 0 0
      vertex 103.33 2.5 0
      vertex 102.967 1.95619 0
    endloop
  endfacet
  facet normal 0 0 -1
    outer loop
      vertex 88.2043 32.35 0
      vertex 104 56 0
      vertex 88.4184 31.9159 0
    endloop
  endfacet
  facet normal 0 0 -1
    outer loop
      vertex 99 0 0
      vertex 102.967 1.95619 0
      vertex 102.536 1.46446 0
    endloop
  endfacet
  facet normal 0 0 -1
    outer loop
      vertex 87.9354 32.7524 0
      vertex 104 56 0
      vertex 88.2043 32.35 0
    endloop
  endfacet
  facet normal 0 0 -1
    outer loop
      vertex 99 0 0
      vertex 102.536 1.46446 0
      vertex 102.044 1.03322 0
    endloop
  endfacet
  facet normal 0 0 -1
    outer loop
      vertex 87.6163 33.1163 0
      vertex 104 56 0
      vertex 87.9354 32.7524 0
    endloop
  endfacet
  facet normal 0 0 -1
    outer loop
      vertex 99 0 0
      vertex 102.044 1.03322 0
      vertex 101.5 0.669861 0
    endloop
  endfacet
  facet normal 0 0 -1
    outer loop
      vertex 87.2524 33.4354 0
      vertex 104 56 0
      vertex 87.6163 33.1163 0
    endloop
  endfacet
  facet normal 0 0 -1
    outer loop
      vertex 99 0 0
      vertex 101.5 0.669861 0
      vertex 100.913 0.3806 0
    endloop
  endfacet
  facet normal 0 0 -1
    outer loop
      vertex 86.85 33.7043 0
      vertex 104 56 0
      vertex 87.2524 33.4354 0
    endloop
  endfacet
  facet normal 0 0 -1
    outer loop
      vertex 99 0 0
      vertex 100.913 0.3806 0
      vertex 100.294 0.170364 0
    endloop
  endfacet
  facet normal 0 0 -1
    outer loop
      vertex 86.4159 33.9184 0
      vertex 104 56 0
      vertex 86.85 33.7043 0
    endloop
  endfacet
  facet normal 0 0 -1
    outer loop
      vertex 99 0 0
      vertex 100.294 0.170364 0
      vertex 99.6526 0.0427704 0
    endloop
  endfacet
  facet normal 0 -0 -1
    outer loop
      vertex 99 61 0
      vertex 104 56 0
      vertex 86.4159 33.9184 0
    endloop
  endfacet
  facet normal -0 0 -1
    outer loop
      vertex 104 5 0
      vertex 99 0 0
      vertex 86.4159 27.0816 0
    endloop
  endfacet
  facet normal 0 0 -1
    outer loop
      vertex 104 56 0
      vertex 99 61 0
      vertex 103.957 56.6526 0
    endloop
  endfacet
  facet normal 0 0 -1
    outer loop
      vertex 103.83 57.2941 0
      vertex 99 61 0
      vertex 103.619 57.9134 0
    endloop
  endfacet
  facet normal 0 0 -1
    outer loop
      vertex 104 5 0
      vertex 88.6683 30.0171 0
      vertex 88.7 30.5 0
    endloop
  endfacet
  facet normal 0 0 -1
    outer loop
      vertex 104 5 0
      vertex 88.5739 29.5424 0
      vertex 88.6683 30.0171 0
    endloop
  endfacet
  facet normal 0 0 -1
    outer loop
      vertex 104 5 0
      vertex 88.4184 29.0841 0
      vertex 88.5739 29.5424 0
    endloop
  endfacet
  facet normal 0 0 -1
    outer loop
      vertex 104 5 0
      vertex 88.2043 28.65 0
      vertex 88.4184 29.0841 0
    endloop
  endfacet
  facet normal 0 0 -1
    outer loop
      vertex 104 5 0
      vertex 87.9354 28.2476 0
      vertex 88.2043 28.65 0
    endloop
  endfacet
  facet normal 0 0 -1
    outer loop
      vertex 104 5 0
      vertex 87.6163 27.8837 0
      vertex 87.9354 28.2476 0
    endloop
  endfacet
  facet normal 0 0 -1
    outer loop
      vertex 104 5 0
      vertex 87.2524 27.5646 0
      vertex 87.6163 27.8837 0
    endloop
  endfacet
  facet normal 0 0 -1
    outer loop
      vertex 104 5 0
      vertex 86.85 27.2957 0
      vertex 87.2524 27.5646 0
    endloop
  endfacet
  facet normal 0 0 -1
    outer loop
      vertex 104 5 0
      vertex 86.4159 27.0816 0
      vertex 86.85 27.2957 0
    endloop
  endfacet
  facet normal 0 0 -1
    outer loop
      vertex 99 0 0
      vertex 85.9576 26.9261 0
      vertex 86.4159 27.0816 0
    endloop
  endfacet
  facet normal 0 0 -1
    outer loop
      vertex 99 0 0
      vertex 85.4829 26.8317 0
      vertex 85.9576 26.9261 0
    endloop
  endfacet
  facet normal 0 0 -1
    outer loop
      vertex 99 0 0
      vertex 85 26.8 0
      vertex 85.4829 26.8317 0
    endloop
  endfacet
  facet normal 0 0 -1
    outer loop
      vertex 99 0 0
      vertex 84.5171 26.8317 0
      vertex 85 26.8 0
    endloop
  endfacet
  facet normal 0 0 -1
    outer loop
      vertex 99 0 0
      vertex 84.0424 26.9261 0
      vertex 84.5171 26.8317 0
    endloop
  endfacet
  facet normal 0 0 -1
    outer loop
      vertex 59.22 11.101 0
      vertex 84.0424 26.9261 0
      vertex 99 0 0
    endloop
  endfacet
  facet normal -0 0 -1
    outer loop
      vertex 84.0424 26.9261 0
      vertex 59.22 11.101 0
      vertex 83.5841 27.0816 0
    endloop
  endfacet
  facet normal -0 0 -1
    outer loop
      vertex 83.5841 27.0816 0
      vertex 59.22 11.101 0
      vertex 83.15 27.2957 0
    endloop
  endfacet
  facet normal -0 0 -1
    outer loop
      vertex 83.15 27.2957 0
      vertex 59.22 11.101 0
      vertex 82.7476 27.5646 0
    endloop
  endfacet
  facet normal -0 0 -1
    outer loop
      vertex 82.7476 27.5646 0
      vertex 59.22 11.101 0
      vertex 82.3837 27.8837 0
    endloop
  endfacet
  facet normal -0 0 -1
    outer loop
      vertex 82.3837 27.8837 0
      vertex 59.22 11.101 0
      vertex 82.0646 28.2476 0
    endloop
  endfacet
  facet normal -0 0 -1
    outer loop
      vertex 81.3316 30.0171 0
      vertex 59.22 11.101 0
      vertex 81.3 30.5 0
    endloop
  endfacet
  facet normal -0 0 -1
    outer loop
      vertex 81.4261 29.5424 0
      vertex 59.22 11.101 0
      vertex 81.3316 30.0171 0
    endloop
  endfacet
  facet normal -0 0 -1
    outer loop
      vertex 81.5816 29.0841 0
      vertex 59.22 11.101 0
      vertex 81.4261 29.5424 0
    endloop
  endfacet
  facet normal -0 0 -1
    outer loop
      vertex 81.7957 28.65 0
      vertex 59.22 11.101 0
      vertex 81.5816 29.0841 0
    endloop
  endfacet
  facet normal -0 0 -1
    outer loop
      vertex 82.0646 28.2476 0
      vertex 59.22 11.101 0
      vertex 81.7957 28.65 0
    endloop
  endfacet
  facet normal 0 0 -1
    outer loop
      vertex 5 0 0
      vertex 59.22 11.101 0
      vertex 99 0 0
    endloop
  endfacet
  facet normal 0 0 -1
    outer loop
      vertex 0 5 0
      vertex 8.72 11.101 0
      vertex 5 0 0
    endloop
  endfacet
  facet normal -0 0 -1
    outer loop
      vertex 59.22 11.101 0
      vertex 5 0 0
      vertex 8.72 11.101 0
    endloop
  endfacet
  facet normal 0 0 -1
    outer loop
      vertex 103.619 57.9134 0
      vertex 99 61 0
      vertex 103.33 58.5 0
    endloop
  endfacet
  facet normal 0 0 -1
    outer loop
      vertex 103.33 58.5 0
      vertex 99 61 0
      vertex 102.967 59.0438 0
    endloop
  endfacet
  facet normal 0 0 -1
    outer loop
      vertex 102.536 59.5355 0
      vertex 99 61 0
      vertex 102.044 59.9668 0
    endloop
  endfacet
  facet normal 0 0 -1
    outer loop
      vertex 102.044 59.9668 0
      vertex 99 61 0
      vertex 101.5 60.3301 0
    endloop
  endfacet
  facet normal 0 0 -1
    outer loop
      vertex 101.5 60.3301 0
      vertex 99 61 0
      vertex 100.913 60.6194 0
    endloop
  endfacet
  facet normal 0 0 -1
    outer loop
      vertex 100.294 60.8296 0
      vertex 99 61 0
      vertex 99.6526 60.9572 0
    endloop
  endfacet
  facet normal 0 0 -1
    outer loop
      vertex 100.913 60.6194 0
      vertex 99 61 0
      vertex 100.294 60.8296 0
    endloop
  endfacet
  facet normal 0 0 -1
    outer loop
      vertex 102.967 59.0438 0
      vertex 99 61 0
      vertex 102.536 59.5355 0
    endloop
  endfacet
  facet normal 0 0 -1
    outer loop
      vertex 103.957 56.6526 0
      vertex 99 61 0
      vertex 103.83 57.2941 0
    endloop
  endfacet
  facet normal 0 0 -1
    outer loop
      vertex 85.9576 34.0739 0
      vertex 99 61 0
      vertex 86.4159 33.9184 0
    endloop
  endfacet
  facet normal 0 0 -1
    outer loop
      vertex 85.4829 34.1683 0
      vertex 99 61 0
      vertex 85.9576 34.0739 0
    endloop
  endfacet
  facet normal 0 0 -1
    outer loop
      vertex 85 34.2 0
      vertex 99 61 0
      vertex 85.4829 34.1683 0
    endloop
  endfacet
  facet normal 0 0 -1
    outer loop
      vertex 84.5171 34.1683 0
      vertex 99 61 0
      vertex 85 34.2 0
    endloop
  endfacet
  facet normal 0 0 -1
    outer loop
      vertex 84.0424 34.0739 0
      vertex 99 61 0
      vertex 84.5171 34.1683 0
    endloop
  endfacet
  facet normal 0 0 -1
    outer loop
      vertex 59.22 50.001 0
      vertex 84.0424 34.0739 0
      vertex 83.5841 33.9184 0
    endloop
  endfacet
  facet normal 0 0 -1
    outer loop
      vertex 59.22 50.001 0
      vertex 83.5841 33.9184 0
      vertex 83.15 33.7043 0
    endloop
  endfacet
  facet normal 0 0 -1
    outer loop
      vertex 59.22 50.001 0
      vertex 83.15 33.7043 0
      vertex 82.7476 33.4354 0
    endloop
  endfacet
  facet normal 0 0 -1
    outer loop
      vertex 59.22 50.001 0
      vertex 82.7476 33.4354 0
      vertex 82.3837 33.1163 0
    endloop
  endfacet
  facet normal 0 0 -1
    outer loop
      vertex 59.22 50.001 0
      vertex 82.3837 33.1163 0
      vertex 82.0646 32.7524 0
    endloop
  endfacet
  facet normal 0 0 -1
    outer loop
      vertex 59.22 50.001 0
      vertex 82.0646 32.7524 0
      vertex 81.7957 32.35 0
    endloop
  endfacet
  facet normal 0 0 -1
    outer loop
      vertex 59.22 50.001 0
      vertex 81.3 30.5 0
      vertex 59.22 11.101 0
    endloop
  endfacet
  facet normal 0 0 -1
    outer loop
      vertex 81.3 30.5 0
      vertex 59.22 50.001 0
      vertex 81.3316 30.9829 0
    endloop
  endfacet
  facet normal 0 0 -1
    outer loop
      vertex 81.3316 30.9829 0
      vertex 59.22 50.001 0
      vertex 81.4261 31.4576 0
    endloop
  endfacet
  facet normal 0 0 -1
    outer loop
      vertex 81.4261 31.4576 0
      vertex 59.22 50.001 0
      vertex 81.5816 31.9159 0
    endloop
  endfacet
  facet normal 0 0 -1
    outer loop
      vertex 81.5816 31.9159 0
      vertex 59.22 50.001 0
      vertex 81.7957 32.35 0
    endloop
  endfacet
  facet normal 0 0 -1
    outer loop
      vertex 84.0424 34.0739 0
      vertex 59.22 50.001 0
      vertex 99 61 0
    endloop
  endfacet
  facet normal 0 0 -1
    outer loop
      vertex 5 61 0
      vertex 59.22 50.001 0
      vertex 8.72 50.001 0
    endloop
  endfacet
  facet normal 0 0 -1
    outer loop
      vertex 59.22 50.001 0
      vertex 5 61 0
      vertex 99 61 0
    endloop
  endfacet
  facet normal -0 0 -1
    outer loop
      vertex 8.72 11.101 0
      vertex 0 5 0
      vertex 8.72 50.001 0
    endloop
  endfacet
  facet normal 0 0 -1
    outer loop
      vertex 0 5 0
      vertex 5 0 0
      vertex 4.34737 0.0427704 0
    endloop
  endfacet
  facet normal 0 0 -1
    outer loop
      vertex 0 56 0
      vertex 8.72 50.001 0
      vertex 0 5 0
    endloop
  endfacet
  facet normal 0 0 -1
    outer loop
      vertex 0 5 0
      vertex 4.34737 0.0427704 0
      vertex 3.7059 0.170364 0
    endloop
  endfacet
  facet normal 0 0 -1
    outer loop
      vertex 8.72 50.001 0
      vertex 0 56 0
      vertex 5 61 0
    endloop
  endfacet
  facet normal 0 0 -1
    outer loop
      vertex 0 5 0
      vertex 3.7059 0.170364 0
      vertex 3.08658 0.3806 0
    endloop
  endfacet
  facet normal 0 0 -1
    outer loop
      vertex 5 61 0
      vertex 0 56 0
      vertex 4.34737 60.9572 0
    endloop
  endfacet
  facet normal 0 0 -1
    outer loop
      vertex 0 5 0
      vertex 3.08658 0.3806 0
      vertex 2.5 0.669861 0
    endloop
  endfacet
  facet normal 0 0 -1
    outer loop
      vertex 4.34737 60.9572 0
      vertex 0 56 0
      vertex 3.7059 60.8296 0
    endloop
  endfacet
  facet normal 0 0 -1
    outer loop
      vertex 0 5 0
      vertex 2.5 0.669861 0
      vertex 1.95619 1.03322 0
    endloop
  endfacet
  facet normal 0 0 -1
    outer loop
      vertex 3.7059 60.8296 0
      vertex 0 56 0
      vertex 3.08658 60.6194 0
    endloop
  endfacet
  facet normal 0 0 -1
    outer loop
      vertex 0 5 0
      vertex 1.95619 1.03322 0
      vertex 1.46446 1.46446 0
    endloop
  endfacet
  facet normal 0 0 -1
    outer loop
      vertex 3.08658 60.6194 0
      vertex 0 56 0
      vertex 2.5 60.3301 0
    endloop
  endfacet
  facet normal 0 0 -1
    outer loop
      vertex 0 5 0
      vertex 1.46446 1.46446 0
      vertex 1.03322 1.95619 0
    endloop
  endfacet
  facet normal 0 0 -1
    outer loop
      vertex 2.5 60.3301 0
      vertex 0 56 0
      vertex 1.95619 59.9668 0
    endloop
  endfacet
  facet normal 0 0 -1
    outer loop
      vertex 0 5 0
      vertex 1.03322 1.95619 0
      vertex 0.669861 2.5 0
    endloop
  endfacet
  facet normal 0 0 -1
    outer loop
      vertex 1.95619 59.9668 0
      vertex 0 56 0
      vertex 1.46446 59.5355 0
    endloop
  endfacet
  facet normal 0 0 -1
    outer loop
      vertex 0 5 0
      vertex 0.669861 2.5 0
      vertex 0.3806 3.08658 0
    endloop
  endfacet
  facet normal 0 0 -1
    outer loop
      vertex 1.46446 59.5355 0
      vertex 0 56 0
      vertex 1.03322 59.0438 0
    endloop
  endfacet
  facet normal 0 0 -1
    outer loop
      vertex 0 5 0
      vertex 0.3806 3.08658 0
      vertex 0.170364 3.7059 0
    endloop
  endfacet
  facet normal 0 0 -1
    outer loop
      vertex 1.03322 59.0438 0
      vertex 0 56 0
      vertex 0.669861 58.5 0
    endloop
  endfacet
  facet normal 0 0 -1
    outer loop
      vertex 0 5 0
      vertex 0.170364 3.7059 0
      vertex 0.0427704 4.34737 0
    endloop
  endfacet
  facet normal 0 0 -1
    outer loop
      vertex 0.669861 58.5 0
      vertex 0 56 0
      vertex 0.3806 57.9134 0
    endloop
  endfacet
  facet normal 0 0 -1
    outer loop
      vertex 0.3806 57.9134 0
      vertex 0 56 0
      vertex 0.170364 57.2941 0
    endloop
  endfacet
  facet normal 0 0 -1
    outer loop
      vertex 0.170364 57.2941 0
      vertex 0 56 0
      vertex 0.0427704 56.6526 0
    endloop
  endfacet
  facet normal 0.0653982 -0.997859 0
    outer loop
      vertex 99 0 0
      vertex 99.6526 0.0427704 29.6
      vertex 99 0 29.6
    endloop
  endfacet
  facet normal 0.0653982 -0.997859 0
    outer loop
      vertex 99.6526 0.0427704 29.6
      vertex 99 0 0
      vertex 99.6526 0.0427704 0
    endloop
  endfacet
  facet normal -0.896878 -0.442279 0
    outer loop
      vertex 0.669861 2.5 0
      vertex 0.3806 3.08658 29.6
      vertex 0.3806 3.08658 0
    endloop
  endfacet
  facet normal -0.896878 -0.442279 0
    outer loop
      vertex 0.3806 3.08658 29.6
      vertex 0.669861 2.5 0
      vertex 0.669861 2.5 29.6
    endloop
  endfacet
  facet normal -0.831472 -0.555567 0
    outer loop
      vertex 1.03322 1.95619 0
      vertex 0.669861 2.5 29.6
      vertex 0.669861 2.5 0
    endloop
  endfacet
  facet normal -0.831472 -0.555567 0
    outer loop
      vertex 0.669861 2.5 29.6
      vertex 1.03322 1.95619 0
      vertex 1.03322 1.95619 29.6
    endloop
  endfacet
  facet normal -0.442279 -0.896878 0
    outer loop
      vertex 2.5 0.669861 0
      vertex 3.08658 0.3806 29.6
      vertex 2.5 0.669861 29.6
    endloop
  endfacet
  facet normal -0.442279 -0.896878 -0
    outer loop
      vertex 3.08658 0.3806 29.6
      vertex 2.5 0.669861 0
      vertex 3.08658 0.3806 0
    endloop
  endfacet
  facet normal 0.752018 -0.659142 0
    outer loop
      vertex 102.536 1.46446 29.6
      vertex 102.967 1.95619 0
      vertex 102.967 1.95619 29.6
    endloop
  endfacet
  facet normal 0.752018 -0.659142 0
    outer loop
      vertex 102.967 1.95619 0
      vertex 102.536 1.46446 29.6
      vertex 102.536 1.46446 0
    endloop
  endfacet
  facet normal 0.55537 0.831603 -0
    outer loop
      vertex 102.044 59.9668 0
      vertex 101.5 60.3301 29.6
      vertex 102.044 59.9668 29.6
    endloop
  endfacet
  facet normal 0.55537 0.831603 0
    outer loop
      vertex 101.5 60.3301 29.6
      vertex 102.044 59.9668 0
      vertex 101.5 60.3301 0
    endloop
  endfacet
  facet normal -0.195096 0.980784 0
    outer loop
      vertex 4.34737 60.9572 0
      vertex 3.7059 60.8296 29.6
      vertex 4.34737 60.9572 29.6
    endloop
  endfacet
  facet normal -0.195096 0.980784 0
    outer loop
      vertex 3.7059 60.8296 29.6
      vertex 4.34737 60.9572 0
      vertex 3.7059 60.8296 0
    endloop
  endfacet
  facet normal 0.897036 -0.441957 0
    outer loop
      vertex 103.33 2.5 29.6
      vertex 103.619 3.08658 0
      vertex 103.619 3.08658 29.6
    endloop
  endfacet
  facet normal 0.897036 -0.441957 0
    outer loop
      vertex 103.619 3.08658 0
      vertex 103.33 2.5 29.6
      vertex 103.33 2.5 0
    endloop
  endfacet
  facet normal 0.897042 0.441945 0
    outer loop
      vertex 103.619 57.9134 29.6
      vertex 103.33 58.5 0
      vertex 103.33 58.5 29.6
    endloop
  endfacet
  facet normal 0.897042 0.441945 0
    outer loop
      vertex 103.33 58.5 0
      vertex 103.619 57.9134 29.6
      vertex 103.619 57.9134 0
    endloop
  endfacet
  facet normal -0.555567 -0.831472 0
    outer loop
      vertex 1.95619 1.03322 0
      vertex 2.5 0.669861 29.6
      vertex 1.95619 1.03322 29.6
    endloop
  endfacet
  facet normal -0.555567 -0.831472 -0
    outer loop
      vertex 2.5 0.669861 29.6
      vertex 1.95619 1.03322 0
      vertex 2.5 0.669861 0
    endloop
  endfacet
  facet normal 0.659145 -0.752016 0
    outer loop
      vertex 102.044 1.03322 0
      vertex 102.536 1.46446 29.6
      vertex 102.044 1.03322 29.6
    endloop
  endfacet
  facet normal 0.659145 -0.752016 0
    outer loop
      vertex 102.536 1.46446 29.6
      vertex 102.044 1.03322 0
      vertex 102.536 1.46446 0
    endloop
  endfacet
  facet normal 0.442072 0.89698 -0
    outer loop
      vertex 101.5 60.3301 0
      vertex 100.913 60.6194 29.6
      vertex 101.5 60.3301 29.6
    endloop
  endfacet
  facet normal 0.442072 0.89698 0
    outer loop
      vertex 100.913 60.6194 29.6
      vertex 101.5 60.3301 0
      vertex 100.913 60.6194 0
    endloop
  endfacet
  facet normal 0.946569 0.322503 0
    outer loop
      vertex 103.83 57.2941 29.6
      vertex 103.619 57.9134 0
      vertex 103.619 57.9134 29.6
    endloop
  endfacet
  facet normal 0.946569 0.322503 0
    outer loop
      vertex 103.619 57.9134 0
      vertex 103.83 57.2941 29.6
      vertex 103.83 57.2941 0
    endloop
  endfacet
  facet normal -0.555504 0.831514 0
    outer loop
      vertex 2.5 60.3301 0
      vertex 1.95619 59.9668 29.6
      vertex 2.5 60.3301 29.6
    endloop
  endfacet
  facet normal -0.555504 0.831514 0
    outer loop
      vertex 1.95619 59.9668 29.6
      vertex 2.5 60.3301 0
      vertex 1.95619 59.9668 0
    endloop
  endfacet
  facet normal 0.659197 0.75197 -0
    outer loop
      vertex 102.536 59.5355 0
      vertex 102.044 59.9668 29.6
      vertex 102.536 59.5355 29.6
    endloop
  endfacet
  facet normal 0.659197 0.75197 0
    outer loop
      vertex 102.044 59.9668 29.6
      vertex 102.536 59.5355 0
      vertex 102.044 59.9668 0
    endloop
  endfacet
  facet normal -0.751817 0.659372 0
    outer loop
      vertex 1.03322 59.0438 0
      vertex 1.46446 59.5355 29.6
      vertex 1.46446 59.5355 0
    endloop
  endfacet
  facet normal -0.751817 0.659372 0
    outer loop
      vertex 1.46446 59.5355 29.6
      vertex 1.03322 59.0438 0
      vertex 1.03322 59.0438 29.6
    endloop
  endfacet
  facet normal 0 0 1
    outer loop
      vertex 101.6 56 29.6
      vertex 104 56 29.6
      vertex 103.957 56.6526 29.6
    endloop
  endfacet
  facet normal 0 0 1
    outer loop
      vertex 104 56 29.6
      vertex 101.6 56 29.6
      vertex 104 5 29.6
    endloop
  endfacet
  facet normal 0 0 1
    outer loop
      vertex 101.578 56.3394 29.6
      vertex 103.957 56.6526 29.6
      vertex 103.83 57.2941 29.6
    endloop
  endfacet
  facet normal 0 0 1
    outer loop
      vertex 101.6 4.99999 29.6
      vertex 104 5 29.6
      vertex 101.6 56 29.6
    endloop
  endfacet
  facet normal 0 0 1
    outer loop
      vertex 101.511 56.6729 29.6
      vertex 103.83 57.2941 29.6
      vertex 103.619 57.9134 29.6
    endloop
  endfacet
  facet normal 0 0 1
    outer loop
      vertex 104 5 29.6
      vertex 101.6 4.99999 29.6
      vertex 103.957 4.34737 29.6
    endloop
  endfacet
  facet normal 0 0 1
    outer loop
      vertex 101.402 56.995 29.6
      vertex 103.619 57.9134 29.6
      vertex 103.33 58.5 29.6
    endloop
  endfacet
  facet normal -0 0 1
    outer loop
      vertex 101.578 4.66062 29.6
      vertex 103.957 4.34737 29.6
      vertex 101.6 4.99999 29.6
    endloop
  endfacet
  facet normal 0 0 1
    outer loop
      vertex 101.252 57.3 29.6
      vertex 103.33 58.5 29.6
      vertex 102.967 59.0438 29.6
    endloop
  endfacet
  facet normal 0 0 1
    outer loop
      vertex 103.957 4.34737 29.6
      vertex 101.578 4.66062 29.6
      vertex 103.83 3.7059 29.6
    endloop
  endfacet
  facet normal 0 0 1
    outer loop
      vertex 101.063 57.5828 29.6
      vertex 102.967 59.0438 29.6
      vertex 102.536 59.5355 29.6
    endloop
  endfacet
  facet normal -0 0 1
    outer loop
      vertex 101.511 4.32706 29.6
      vertex 103.83 3.7059 29.6
      vertex 101.578 4.66062 29.6
    endloop
  endfacet
  facet normal 0 0 1
    outer loop
      vertex 100.838 57.8385 29.6
      vertex 102.536 59.5355 29.6
      vertex 102.044 59.9668 29.6
    endloop
  endfacet
  facet normal 0 0 1
    outer loop
      vertex 103.83 3.7059 29.6
      vertex 101.511 4.32706 29.6
      vertex 103.619 3.08658 29.6
    endloop
  endfacet
  facet normal -0 0 1
    outer loop
      vertex 101.402 4.00501 29.6
      vertex 103.619 3.08658 29.6
      vertex 101.511 4.32706 29.6
    endloop
  endfacet
  facet normal 0 0 1
    outer loop
      vertex 103.957 56.6526 29.6
      vertex 101.578 56.3394 29.6
      vertex 101.6 56 29.6
    endloop
  endfacet
  facet normal 0 0 1
    outer loop
      vertex 103.83 57.2941 29.6
      vertex 101.511 56.6729 29.6
      vertex 101.578 56.3394 29.6
    endloop
  endfacet
  facet normal 0 0 1
    outer loop
      vertex 100.583 58.0627 29.6
      vertex 102.044 59.9668 29.6
      vertex 101.5 60.3301 29.6
    endloop
  endfacet
  facet normal 0 0 1
    outer loop
      vertex 103.619 57.9134 29.6
      vertex 101.402 56.995 29.6
      vertex 101.511 56.6729 29.6
    endloop
  endfacet
  facet normal 0 0 1
    outer loop
      vertex 103.33 58.5 29.6
      vertex 101.252 57.3 29.6
      vertex 101.402 56.995 29.6
    endloop
  endfacet
  facet normal 0 0 1
    outer loop
      vertex 102.967 59.0438 29.6
      vertex 101.063 57.5828 29.6
      vertex 101.252 57.3 29.6
    endloop
  endfacet
  facet normal 0 0 1
    outer loop
      vertex 100.3 58.2517 29.6
      vertex 101.5 60.3301 29.6
      vertex 100.913 60.6194 29.6
    endloop
  endfacet
  facet normal 0 0 1
    outer loop
      vertex 102.536 59.5355 29.6
      vertex 100.838 57.8385 29.6
      vertex 101.063 57.5828 29.6
    endloop
  endfacet
  facet normal 0 0 1
    outer loop
      vertex 102.044 59.9668 29.6
      vertex 100.583 58.0627 29.6
      vertex 100.838 57.8385 29.6
    endloop
  endfacet
  facet normal 0 0 1
    outer loop
      vertex 101.5 60.3301 29.6
      vertex 100.3 58.2517 29.6
      vertex 100.583 58.0627 29.6
    endloop
  endfacet
  facet normal 0 0 1
    outer loop
      vertex 99.995 58.4021 29.6
      vertex 100.913 60.6194 29.6
      vertex 100.294 60.8296 29.6
    endloop
  endfacet
  facet normal 0 0 1
    outer loop
      vertex 100.913 60.6194 29.6
      vertex 99.995 58.4021 29.6
      vertex 100.3 58.2517 29.6
    endloop
  endfacet
  facet normal 0 0 1
    outer loop
      vertex 100.294 60.8296 29.6
      vertex 99.6729 58.5114 29.6
      vertex 99.995 58.4021 29.6
    endloop
  endfacet
  facet normal 0 0 1
    outer loop
      vertex 99.6526 60.9572 29.6
      vertex 99.6729 58.5114 29.6
      vertex 100.294 60.8296 29.6
    endloop
  endfacet
  facet normal 0 0 1
    outer loop
      vertex 99.6526 60.9572 29.6
      vertex 99.3394 58.5778 29.6
      vertex 99.6729 58.5114 29.6
    endloop
  endfacet
  facet normal 0 0 1
    outer loop
      vertex 99 61 29.6
      vertex 99.3394 58.5778 29.6
      vertex 99.6526 60.9572 29.6
    endloop
  endfacet
  facet normal 0 0 1
    outer loop
      vertex 99 61 29.6
      vertex 99 58.6 29.6
      vertex 99.3394 58.5778 29.6
    endloop
  endfacet
  facet normal -0 0 1
    outer loop
      vertex 5 61 29.6
      vertex 99 58.6 29.6
      vertex 99 61 29.6
    endloop
  endfacet
  facet normal 0 0 1
    outer loop
      vertex 5 61 29.6
      vertex 4.99999 58.6 29.6
      vertex 99 58.6 29.6
    endloop
  endfacet
  facet normal 0 0 1
    outer loop
      vertex 5 61 29.6
      vertex 4.66062 58.5778 29.6
      vertex 4.99999 58.6 29.6
    endloop
  endfacet
  facet normal -0 0 1
    outer loop
      vertex 4.34737 60.9572 29.6
      vertex 4.66062 58.5778 29.6
      vertex 5 61 29.6
    endloop
  endfacet
  facet normal 0 0 1
    outer loop
      vertex 4.34737 60.9572 29.6
      vertex 4.32706 58.5114 29.6
      vertex 4.66062 58.5778 29.6
    endloop
  endfacet
  facet normal -0 0 1
    outer loop
      vertex 3.7059 60.8296 29.6
      vertex 4.32706 58.5114 29.6
      vertex 4.34737 60.9572 29.6
    endloop
  endfacet
  facet normal 0 0 1
    outer loop
      vertex 4.32706 58.5114 29.6
      vertex 3.7059 60.8296 29.6
      vertex 4.00501 58.4021 29.6
    endloop
  endfacet
  facet normal -0 0 1
    outer loop
      vertex 3.08658 60.6194 29.6
      vertex 4.00501 58.4021 29.6
      vertex 3.7059 60.8296 29.6
    endloop
  endfacet
  facet normal 0 0 1
    outer loop
      vertex 4.00501 58.4021 29.6
      vertex 3.08658 60.6194 29.6
      vertex 3.69999 58.2517 29.6
    endloop
  endfacet
  facet normal -0 0 1
    outer loop
      vertex 2.5 60.3301 29.6
      vertex 3.69999 58.2517 29.6
      vertex 3.08658 60.6194 29.6
    endloop
  endfacet
  facet normal 0 0 1
    outer loop
      vertex 3.69999 58.2517 29.6
      vertex 2.5 60.3301 29.6
      vertex 3.41721 58.0627 29.6
    endloop
  endfacet
  facet normal -0 0 1
    outer loop
      vertex 1.95619 59.9668 29.6
      vertex 3.41721 58.0627 29.6
      vertex 2.5 60.3301 29.6
    endloop
  endfacet
  facet normal 0 0 1
    outer loop
      vertex 3.41721 58.0627 29.6
      vertex 1.95619 59.9668 29.6
      vertex 3.16152 57.8385 29.6
    endloop
  endfacet
  facet normal -0 0 1
    outer loop
      vertex 1.46446 59.5355 29.6
      vertex 3.16152 57.8385 29.6
      vertex 1.95619 59.9668 29.6
    endloop
  endfacet
  facet normal 0 0 1
    outer loop
      vertex 3.16152 57.8385 29.6
      vertex 1.46446 59.5355 29.6
      vertex 2.93728 57.5828 29.6
    endloop
  endfacet
  facet normal -0 0 1
    outer loop
      vertex 1.03322 59.0438 29.6
      vertex 2.93728 57.5828 29.6
      vertex 1.46446 59.5355 29.6
    endloop
  endfacet
  facet normal 0 0 1
    outer loop
      vertex 2.93728 57.5828 29.6
      vertex 1.03322 59.0438 29.6
      vertex 2.74833 57.3 29.6
    endloop
  endfacet
  facet normal -0 0 1
    outer loop
      vertex 0.669861 58.5 29.6
      vertex 2.74833 57.3 29.6
      vertex 1.03322 59.0438 29.6
    endloop
  endfacet
  facet normal -0 0 1
    outer loop
      vertex 0.3806 57.9134 29.6
      vertex 2.59791 56.995 29.6
      vertex 0.669861 58.5 29.6
    endloop
  endfacet
  facet normal 0 0 1
    outer loop
      vertex 2.74833 57.3 29.6
      vertex 0.669861 58.5 29.6
      vertex 2.59791 56.995 29.6
    endloop
  endfacet
  facet normal 0 0 1
    outer loop
      vertex 103.619 3.08658 29.6
      vertex 101.402 4.00501 29.6
      vertex 103.33 2.5 29.6
    endloop
  endfacet
  facet normal -0 0 1
    outer loop
      vertex 101.252 3.69999 29.6
      vertex 103.33 2.5 29.6
      vertex 101.402 4.00501 29.6
    endloop
  endfacet
  facet normal 0 0 1
    outer loop
      vertex 103.33 2.5 29.6
      vertex 101.252 3.69999 29.6
      vertex 102.967 1.95619 29.6
    endloop
  endfacet
  facet normal -0 0 1
    outer loop
      vertex 101.063 3.41721 29.6
      vertex 102.967 1.95619 29.6
      vertex 101.252 3.69999 29.6
    endloop
  endfacet
  facet normal 0 0 1
    outer loop
      vertex 102.967 1.95619 29.6
      vertex 101.063 3.41721 29.6
      vertex 102.536 1.46446 29.6
    endloop
  endfacet
  facet normal -0 0 1
    outer loop
      vertex 100.838 3.16152 29.6
      vertex 102.536 1.46446 29.6
      vertex 101.063 3.41721 29.6
    endloop
  endfacet
  facet normal 0 0 1
    outer loop
      vertex 102.536 1.46446 29.6
      vertex 100.838 3.16152 29.6
      vertex 102.044 1.03322 29.6
    endloop
  endfacet
  facet normal -0 0 1
    outer loop
      vertex 100.583 2.93728 29.6
      vertex 102.044 1.03322 29.6
      vertex 100.838 3.16152 29.6
    endloop
  endfacet
  facet normal 0 0 1
    outer loop
      vertex 102.044 1.03322 29.6
      vertex 100.583 2.93728 29.6
      vertex 101.5 0.669861 29.6
    endloop
  endfacet
  facet normal -0 0 1
    outer loop
      vertex 100.3 2.74833 29.6
      vertex 101.5 0.669861 29.6
      vertex 100.583 2.93728 29.6
    endloop
  endfacet
  facet normal 0 0 1
    outer loop
      vertex 101.5 0.669861 29.6
      vertex 100.3 2.74833 29.6
      vertex 100.913 0.3806 29.6
    endloop
  endfacet
  facet normal -0 0 1
    outer loop
      vertex 99.995 2.59791 29.6
      vertex 100.913 0.3806 29.6
      vertex 100.3 2.74833 29.6
    endloop
  endfacet
  facet normal 0 0 1
    outer loop
      vertex 100.913 0.3806 29.6
      vertex 99.995 2.59791 29.6
      vertex 100.294 0.170364 29.6
    endloop
  endfacet
  facet normal -0 0 1
    outer loop
      vertex 99.6729 2.48859 29.6
      vertex 100.294 0.170364 29.6
      vertex 99.995 2.59791 29.6
    endloop
  endfacet
  facet normal 0 0 1
    outer loop
      vertex 99.6729 2.48859 29.6
      vertex 99.6526 0.0427704 29.6
      vertex 100.294 0.170364 29.6
    endloop
  endfacet
  facet normal -0 0 1
    outer loop
      vertex 99.3394 2.42223 29.6
      vertex 99.6526 0.0427704 29.6
      vertex 99.6729 2.48859 29.6
    endloop
  endfacet
  facet normal 0 0 1
    outer loop
      vertex 99.3394 2.42223 29.6
      vertex 99 0 29.6
      vertex 99.6526 0.0427704 29.6
    endloop
  endfacet
  facet normal -0 0 1
    outer loop
      vertex 99 2.4 29.6
      vertex 99 0 29.6
      vertex 99.3394 2.42223 29.6
    endloop
  endfacet
  facet normal 0 0 1
    outer loop
      vertex 99 2.4 29.6
      vertex 5 0 29.6
      vertex 99 0 29.6
    endloop
  endfacet
  facet normal -0 0 1
    outer loop
      vertex 4.99999 2.4 29.6
      vertex 5 0 29.6
      vertex 99 2.4 29.6
    endloop
  endfacet
  facet normal 0 0 1
    outer loop
      vertex 4.66062 2.42223 29.6
      vertex 5 0 29.6
      vertex 4.99999 2.4 29.6
    endloop
  endfacet
  facet normal 0 0 1
    outer loop
      vertex 4.66062 2.42223 29.6
      vertex 4.34737 0.0427704 29.6
      vertex 5 0 29.6
    endloop
  endfacet
  facet normal 0 0 1
    outer loop
      vertex 4.32706 2.48859 29.6
      vertex 4.34737 0.0427704 29.6
      vertex 4.66062 2.42223 29.6
    endloop
  endfacet
  facet normal 0 0 1
    outer loop
      vertex 3.7059 0.170364 29.6
      vertex 4.32706 2.48859 29.6
      vertex 4.00501 2.59791 29.6
    endloop
  endfacet
  facet normal 0 0 1
    outer loop
      vertex 4.32706 2.48859 29.6
      vertex 3.7059 0.170364 29.6
      vertex 4.34737 0.0427704 29.6
    endloop
  endfacet
  facet normal 0 0 1
    outer loop
      vertex 3.08658 0.3806 29.6
      vertex 4.00501 2.59791 29.6
      vertex 3.69999 2.74833 29.6
    endloop
  endfacet
  facet normal 0 0 1
    outer loop
      vertex 2.5 0.669861 29.6
      vertex 3.69999 2.74833 29.6
      vertex 3.41721 2.93728 29.6
    endloop
  endfacet
  facet normal 0 0 1
    outer loop
      vertex 1.95619 1.03322 29.6
      vertex 3.41721 2.93728 29.6
      vertex 3.16152 3.16152 29.6
    endloop
  endfacet
  facet normal 0 0 1
    outer loop
      vertex 4.00501 2.59791 29.6
      vertex 3.08658 0.3806 29.6
      vertex 3.7059 0.170364 29.6
    endloop
  endfacet
  facet normal 0 0 1
    outer loop
      vertex 1.46446 1.46446 29.6
      vertex 3.16152 3.16152 29.6
      vertex 2.93728 3.41721 29.6
    endloop
  endfacet
  facet normal 0 0 1
    outer loop
      vertex 1.03322 1.95619 29.6
      vertex 2.93728 3.41721 29.6
      vertex 2.74833 3.69999 29.6
    endloop
  endfacet
  facet normal 0 0 1
    outer loop
      vertex 0.669861 2.5 29.6
      vertex 2.74833 3.69999 29.6
      vertex 2.59791 4.00501 29.6
    endloop
  endfacet
  facet normal 0 0 1
    outer loop
      vertex 3.69999 2.74833 29.6
      vertex 2.5 0.669861 29.6
      vertex 3.08658 0.3806 29.6
    endloop
  endfacet
  facet normal 0 0 1
    outer loop
      vertex 0.3806 3.08658 29.6
      vertex 2.59791 4.00501 29.6
      vertex 2.48859 4.32706 29.6
    endloop
  endfacet
  facet normal 0 0 1
    outer loop
      vertex 0.170364 3.7059 29.6
      vertex 2.48859 4.32706 29.6
      vertex 2.42223 4.66062 29.6
    endloop
  endfacet
  facet normal 0 0 1
    outer loop
      vertex 0.0427704 4.34737 29.6
      vertex 2.42223 4.66062 29.6
      vertex 2.4 4.99999 29.6
    endloop
  endfacet
  facet normal 0 0 1
    outer loop
      vertex 3.41721 2.93728 29.6
      vertex 1.95619 1.03322 29.6
      vertex 2.5 0.669861 29.6
    endloop
  endfacet
  facet normal 0 0 1
    outer loop
      vertex 2.4 56 29.6
      vertex 0 56 29.6
      vertex 2.4 4.99999 29.6
    endloop
  endfacet
  facet normal 0 0 1
    outer loop
      vertex 2.59791 56.995 29.6
      vertex 0.3806 57.9134 29.6
      vertex 2.48859 56.6729 29.6
    endloop
  endfacet
  facet normal -0 0 1
    outer loop
      vertex 0 5 29.6
      vertex 2.4 4.99999 29.6
      vertex 0 56 29.6
    endloop
  endfacet
  facet normal -0 0 1
    outer loop
      vertex 0.170364 57.2941 29.6
      vertex 2.48859 56.6729 29.6
      vertex 0.3806 57.9134 29.6
    endloop
  endfacet
  facet normal 0 -0 1
    outer loop
      vertex 0.0427704 4.34737 29.6
      vertex 2.4 4.99999 29.6
      vertex 0 5 29.6
    endloop
  endfacet
  facet normal 0 0 1
    outer loop
      vertex 2.48859 56.6729 29.6
      vertex 0.170364 57.2941 29.6
      vertex 2.42223 56.3394 29.6
    endloop
  endfacet
  facet normal 0 0 1
    outer loop
      vertex 3.16152 3.16152 29.6
      vertex 1.46446 1.46446 29.6
      vertex 1.95619 1.03322 29.6
    endloop
  endfacet
  facet normal -0 0 1
    outer loop
      vertex 0.0427704 56.6526 29.6
      vertex 2.42223 56.3394 29.6
      vertex 0.170364 57.2941 29.6
    endloop
  endfacet
  facet normal 0 0 1
    outer loop
      vertex 2.93728 3.41721 29.6
      vertex 1.03322 1.95619 29.6
      vertex 1.46446 1.46446 29.6
    endloop
  endfacet
  facet normal 0 0 1
    outer loop
      vertex 2.42223 56.3394 29.6
      vertex 0.0427704 56.6526 29.6
      vertex 2.4 56 29.6
    endloop
  endfacet
  facet normal 0 0 1
    outer loop
      vertex 2.74833 3.69999 29.6
      vertex 0.669861 2.5 29.6
      vertex 1.03322 1.95619 29.6
    endloop
  endfacet
  facet normal 0 0 1
    outer loop
      vertex 2.4 56 29.6
      vertex 0.0427704 56.6526 29.6
      vertex 0 56 29.6
    endloop
  endfacet
  facet normal 0 0 1
    outer loop
      vertex 2.59791 4.00501 29.6
      vertex 0.3806 3.08658 29.6
      vertex 0.669861 2.5 29.6
    endloop
  endfacet
  facet normal 0 0 1
    outer loop
      vertex 2.48859 4.32706 29.6
      vertex 0.170364 3.7059 29.6
      vertex 0.3806 3.08658 29.6
    endloop
  endfacet
  facet normal 0 0 1
    outer loop
      vertex 2.42223 4.66062 29.6
      vertex 0.0427704 4.34737 29.6
      vertex 0.170364 3.7059 29.6
    endloop
  endfacet
  facet normal -0.442267 -0.896884 0
    outer loop
      vertex 99.995 58.4021 2
      vertex 100.3 58.2517 29.6
      vertex 99.995 58.4021 29.6
    endloop
  endfacet
  facet normal -0.442267 -0.896884 -0
    outer loop
      vertex 100.3 58.2517 29.6
      vertex 99.995 58.4021 2
      vertex 100.3 58.2517 2
    endloop
  endfacet
  facet normal 0.980779 0.195121 0
    outer loop
      vertex 2.48859 4.32706 29.6
      vertex 2.42223 4.66062 2
      vertex 2.42223 4.66062 29.6
    endloop
  endfacet
  facet normal 0.980779 0.195121 0
    outer loop
      vertex 2.42223 4.66062 2
      vertex 2.48859 4.32706 29.6
      vertex 2.48859 4.32706 2
    endloop
  endfacet
  facet normal -0.660362 0.750947 0
    outer loop
      vertex 100.838 3.16152 2
      vertex 100.583 2.93728 29.6
      vertex 100.838 3.16152 29.6
    endloop
  endfacet
  facet normal -0.660362 0.750947 0
    outer loop
      vertex 100.583 2.93728 29.6
      vertex 100.838 3.16152 2
      vertex 100.583 2.93728 2
    endloop
  endfacet
  facet normal 0.997862 0.0653636 0
    outer loop
      vertex 2.42223 4.66062 29.6
      vertex 2.4 4.99999 2
      vertex 2.4 4.99999 29.6
    endloop
  endfacet
  facet normal 0.997862 0.0653636 0
    outer loop
      vertex 2.4 4.99999 2
      vertex 2.42223 4.66062 29.6
      vertex 2.42223 4.66062 2
    endloop
  endfacet
  facet normal -0.555378 -0.831598 0
    outer loop
      vertex 100.3 58.2517 2
      vertex 100.583 58.0627 29.6
      vertex 100.3 58.2517 29.6
    endloop
  endfacet
  facet normal -0.555378 -0.831598 -0
    outer loop
      vertex 100.583 58.0627 29.6
      vertex 100.3 58.2517 2
      vertex 100.583 58.0627 2
    endloop
  endfacet
  facet normal -0.997905 0.0646902 0
    outer loop
      vertex 101.578 4.66062 2
      vertex 101.6 4.99999 29.6
      vertex 101.6 4.99999 2
    endloop
  endfacet
  facet normal -0.997905 0.0646902 0
    outer loop
      vertex 101.6 4.99999 29.6
      vertex 101.578 4.66062 2
      vertex 101.578 4.66062 29.6
    endloop
  endfacet
  facet normal 0.555677 -0.831398 0
    outer loop
      vertex 3.41721 58.0627 2
      vertex 3.69999 58.2517 29.6
      vertex 3.41721 58.0627 29.6
    endloop
  endfacet
  facet normal 0.555677 -0.831398 0
    outer loop
      vertex 3.69999 58.2517 29.6
      vertex 3.41721 58.0627 2
      vertex 3.69999 58.2517 2
    endloop
  endfacet
  facet normal 0.195234 -0.980757 0
    outer loop
      vertex 4.32706 58.5114 2
      vertex 4.66062 58.5778 29.6
      vertex 4.32706 58.5114 29.6
    endloop
  endfacet
  facet normal 0.195234 -0.980757 0
    outer loop
      vertex 4.66062 58.5778 29.6
      vertex 4.32706 58.5114 2
      vertex 4.66062 58.5778 2
    endloop
  endfacet
  facet normal -1 0 0
    outer loop
      vertex 101.6 4.99999 2
      vertex 101.6 56 29.6
      vertex 101.6 56 2
    endloop
  endfacet
  facet normal -1 -0 0
    outer loop
      vertex 101.6 56 29.6
      vertex 101.6 4.99999 2
      vertex 101.6 4.99999 29.6
    endloop
  endfacet
  facet normal 0 -1 0
    outer loop
      vertex 62.4 58.6 27
      vertex 4.99999 58.6 29.6
      vertex 11.4 58.6 27
    endloop
  endfacet
  facet normal 0 -1 0
    outer loop
      vertex 4.99999 58.6 29.6
      vertex 11.4 58.6 10
      vertex 11.4 58.6 27
    endloop
  endfacet
  facet normal 0 -1 -0
    outer loop
      vertex 11.4 58.6 10
      vertex 4.99999 58.6 2
      vertex 62.4 58.6 10
    endloop
  endfacet
  facet normal 0 -1 0
    outer loop
      vertex 4.99999 58.6 2
      vertex 11.4 58.6 10
      vertex 4.99999 58.6 29.6
    endloop
  endfacet
  facet normal 0 -1 0
    outer loop
      vertex 4.99999 58.6 29.6
      vertex 62.4 58.6 27
      vertex 99 58.6 29.6
    endloop
  endfacet
  facet normal 0 -1 0
    outer loop
      vertex 62.4 58.6 10
      vertex 99 58.6 29.6
      vertex 62.4 58.6 27
    endloop
  endfacet
  facet normal 0 -1 0
    outer loop
      vertex 62.4 58.6 10
      vertex 99 58.6 2
      vertex 99 58.6 29.6
    endloop
  endfacet
  facet normal 0 -1 0
    outer loop
      vertex 99 58.6 2
      vertex 62.4 58.6 10
      vertex 4.99999 58.6 2
    endloop
  endfacet
  facet normal -0.195155 0.980772 0
    outer loop
      vertex 99.6729 2.48859 2
      vertex 99.3394 2.42223 29.6
      vertex 99.6729 2.48859 29.6
    endloop
  endfacet
  facet normal -0.195155 0.980772 0
    outer loop
      vertex 99.3394 2.42223 29.6
      vertex 99.6729 2.48859 2
      vertex 99.3394 2.42223 2
    endloop
  endfacet
  facet normal 1 -0 0
    outer loop
      vertex 2.4 4.99999 29.6
      vertex 2.4 56 2
      vertex 2.4 56 29.6
    endloop
  endfacet
  facet normal 1 0 0
    outer loop
      vertex 2.4 56 2
      vertex 2.4 4.99999 29.6
      vertex 2.4 4.99999 2
    endloop
  endfacet
  facet normal 0 1 -0
    outer loop
      vertex 99 2.4 2
      vertex 4.99999 2.4 29.6
      vertex 99 2.4 29.6
    endloop
  endfacet
  facet normal 0 1 0
    outer loop
      vertex 4.99999 2.4 29.6
      vertex 99 2.4 2
      vertex 4.99999 2.4 2
    endloop
  endfacet
  facet normal 0.89686 -0.442314 0
    outer loop
      vertex 2.59791 56.995 29.6
      vertex 2.74833 57.3 2
      vertex 2.74833 57.3 29.6
    endloop
  endfacet
  facet normal 0.89686 -0.442314 0
    outer loop
      vertex 2.74833 57.3 2
      vertex 2.59791 56.995 29.6
      vertex 2.59791 56.995 2
    endloop
  endfacet
  facet normal -0.0652701 -0.997868 0
    outer loop
      vertex 99 58.6 2
      vertex 99.3394 58.5778 29.6
      vertex 99 58.6 29.6
    endloop
  endfacet
  facet normal -0.0652701 -0.997868 -0
    outer loop
      vertex 99.3394 58.5778 29.6
      vertex 99 58.6 2
      vertex 99.3394 58.5778 2
    endloop
  endfacet
  facet normal 0.896872 0.442291 0
    outer loop
      vertex 2.74833 3.69999 29.6
      vertex 2.59791 4.00501 2
      vertex 2.59791 4.00501 29.6
    endloop
  endfacet
  facet normal 0.896872 0.442291 0
    outer loop
      vertex 2.59791 4.00501 2
      vertex 2.74833 3.69999 29.6
      vertex 2.74833 3.69999 2
    endloop
  endfacet
  facet normal 0.442243 -0.896895 0
    outer loop
      vertex 3.69999 58.2517 2
      vertex 4.00501 58.4021 29.6
      vertex 3.69999 58.2517 29.6
    endloop
  endfacet
  facet normal 0.442243 -0.896895 0
    outer loop
      vertex 4.00501 58.4021 29.6
      vertex 3.69999 58.2517 2
      vertex 4.00501 58.4021 2
    endloop
  endfacet
  facet normal -0.750737 -0.660601 0
    outer loop
      vertex 101.063 57.5828 2
      vertex 100.838 57.8385 29.6
      vertex 100.838 57.8385 2
    endloop
  endfacet
  facet normal -0.750737 -0.660601 0
    outer loop
      vertex 100.838 57.8385 29.6
      vertex 101.063 57.5828 2
      vertex 101.063 57.5828 29.6
    endloop
  endfacet
  facet normal 0.442291 0.896872 -0
    outer loop
      vertex 4.00501 2.59791 2
      vertex 3.69999 2.74833 29.6
      vertex 4.00501 2.59791 29.6
    endloop
  endfacet
  facet normal 0.442291 0.896872 0
    outer loop
      vertex 3.69999 2.74833 29.6
      vertex 4.00501 2.59791 2
      vertex 3.69999 2.74833 2
    endloop
  endfacet
  facet normal -0.947232 -0.320547 0
    outer loop
      vertex 101.511 56.6729 2
      vertex 101.402 56.995 29.6
      vertex 101.402 56.995 2
    endloop
  endfacet
  facet normal -0.947232 -0.320547 0
    outer loop
      vertex 101.402 56.995 29.6
      vertex 101.511 56.6729 2
      vertex 101.511 56.6729 29.6
    endloop
  endfacet
  facet normal 0.997862 -0.0653579 0
    outer loop
      vertex 2.4 56 29.6
      vertex 2.42223 56.3394 2
      vertex 2.42223 56.3394 29.6
    endloop
  endfacet
  facet normal 0.997862 -0.0653579 0
    outer loop
      vertex 2.42223 56.3394 2
      vertex 2.4 56 29.6
      vertex 2.4 56 2
    endloop
  endfacet
  facet normal -0.0653579 0.997862 0
    outer loop
      vertex 99.3394 2.42223 2
      vertex 99 2.4 29.6
      vertex 99.3394 2.42223 29.6
    endloop
  endfacet
  facet normal -0.0653579 0.997862 0
    outer loop
      vertex 99 2.4 29.6
      vertex 99.3394 2.42223 2
      vertex 99 2.4 2
    endloop
  endfacet
  facet normal 0.751844 -0.659341 0
    outer loop
      vertex 2.93728 57.5828 29.6
      vertex 3.16152 57.8385 2
      vertex 3.16152 57.8385 29.6
    endloop
  endfacet
  facet normal 0.751844 -0.659341 0
    outer loop
      vertex 3.16152 57.8385 2
      vertex 2.93728 57.5828 29.6
      vertex 2.93728 57.5828 2
    endloop
  endfacet
  facet normal -0.997906 -0.0646845 0
    outer loop
      vertex 101.6 56 2
      vertex 101.578 56.3394 29.6
      vertex 101.578 56.3394 2
    endloop
  endfacet
  facet normal -0.997906 -0.0646845 0
    outer loop
      vertex 101.578 56.3394 29.6
      vertex 101.6 56 2
      vertex 101.6 56 29.6
    endloop
  endfacet
  facet normal 0.980772 -0.195155 0
    outer loop
      vertex 2.42223 56.3394 29.6
      vertex 2.48859 56.6729 2
      vertex 2.48859 56.6729 29.6
    endloop
  endfacet
  facet normal 0.980772 -0.195155 0
    outer loop
      vertex 2.48859 56.6729 2
      vertex 2.42223 56.3394 29.6
      vertex 2.42223 56.3394 2
    endloop
  endfacet
  facet normal 0.659289 -0.75189 0
    outer loop
      vertex 3.16152 57.8385 2
      vertex 3.41721 58.0627 29.6
      vertex 3.16152 57.8385 29.6
    endloop
  endfacet
  facet normal 0.659289 -0.75189 0
    outer loop
      vertex 3.41721 58.0627 29.6
      vertex 3.16152 57.8385 2
      vertex 3.41721 58.0627 2
    endloop
  endfacet
  facet normal -0.980411 -0.196964 0
    outer loop
      vertex 101.578 56.3394 2
      vertex 101.511 56.6729 29.6
      vertex 101.511 56.6729 2
    endloop
  endfacet
  facet normal -0.980411 -0.196964 0
    outer loop
      vertex 101.511 56.6729 29.6
      vertex 101.578 56.3394 2
      vertex 101.578 56.3394 29.6
    endloop
  endfacet
  facet normal -0.831417 -0.55565 0
    outer loop
      vertex 101.252 57.3 2
      vertex 101.063 57.5828 29.6
      vertex 101.063 57.5828 2
    endloop
  endfacet
  facet normal -0.831417 -0.55565 0
    outer loop
      vertex 101.063 57.5828 29.6
      vertex 101.252 57.3 2
      vertex 101.252 57.3 29.6
    endloop
  endfacet
  facet normal -0.89735 -0.44132 0
    outer loop
      vertex 101.402 56.995 2
      vertex 101.252 57.3 29.6
      vertex 101.252 57.3 2
    endloop
  endfacet
  facet normal -0.89735 -0.44132 0
    outer loop
      vertex 101.252 57.3 29.6
      vertex 101.402 56.995 2
      vertex 101.402 56.995 29.6
    endloop
  endfacet
  facet normal -0.321391 0.946946 0
    outer loop
      vertex 99.995 2.59791 2
      vertex 99.6729 2.48859 29.6
      vertex 99.995 2.59791 29.6
    endloop
  endfacet
  facet normal -0.321391 0.946946 0
    outer loop
      vertex 99.6729 2.48859 29.6
      vertex 99.995 2.59791 2
      vertex 99.6729 2.48859 2
    endloop
  endfacet
  facet normal -0.321339 -0.946964 0
    outer loop
      vertex 99.6729 58.5114 2
      vertex 99.995 58.4021 29.6
      vertex 99.6729 58.5114 29.6
    endloop
  endfacet
  facet normal -0.321339 -0.946964 -0
    outer loop
      vertex 99.995 58.4021 29.6
      vertex 99.6729 58.5114 2
      vertex 99.995 58.4021 2
    endloop
  endfacet
  facet normal -0.555277 0.831666 0
    outer loop
      vertex 100.583 2.93728 2
      vertex 100.3 2.74833 29.6
      vertex 100.583 2.93728 29.6
    endloop
  endfacet
  facet normal -0.555277 0.831666 0
    outer loop
      vertex 100.3 2.74833 29.6
      vertex 100.583 2.93728 2
      vertex 100.3 2.74833 2
    endloop
  endfacet
  facet normal -0.897361 0.441296 0
    outer loop
      vertex 101.252 3.69999 2
      vertex 101.402 4.00501 29.6
      vertex 101.402 4.00501 2
    endloop
  endfacet
  facet normal -0.897361 0.441296 0
    outer loop
      vertex 101.402 4.00501 29.6
      vertex 101.252 3.69999 2
      vertex 101.252 3.69999 29.6
    endloop
  endfacet
  facet normal 0.831484 -0.555548 0
    outer loop
      vertex 2.74833 57.3 29.6
      vertex 2.93728 57.5828 2
      vertex 2.93728 57.5828 29.6
    endloop
  endfacet
  facet normal 0.831484 -0.555548 0
    outer loop
      vertex 2.93728 57.5828 2
      vertex 2.74833 57.3 29.6
      vertex 2.74833 57.3 2
    endloop
  endfacet
  facet normal 0 0 1
    outer loop
      vertex 3.44684 8.751 2
      vertex 8.72 11.101 2
      vertex 3.44684 52.249 2
    endloop
  endfacet
  facet normal 0 0 1
    outer loop
      vertex 8.72 11.101 2
      vertex 3.44684 8.751 2
      vertex 7.94 8.751 2
    endloop
  endfacet
  facet normal 0 0 1
    outer loop
      vertex 3.40127 52.301 2
      vertex 3.44684 8.751 2
      vertex 3.44684 52.249 2
    endloop
  endfacet
  facet normal 0 0 1
    outer loop
      vertex 3.40127 52.301 2
      vertex 3.40127 8.69904 2
      vertex 3.44684 8.751 2
    endloop
  endfacet
  facet normal 0 0 1
    outer loop
      vertex 3.16872 52.649 2
      vertex 3.40127 8.69904 2
      vertex 3.40127 52.301 2
    endloop
  endfacet
  facet normal 0 0 1
    outer loop
      vertex 3.16872 52.649 2
      vertex 3.16872 8.351 2
      vertex 3.40127 8.69904 2
    endloop
  endfacet
  facet normal 0 0 1
    outer loop
      vertex 2.98359 53.0244 2
      vertex 3.16872 8.351 2
      vertex 3.16872 52.649 2
    endloop
  endfacet
  facet normal 0 0 1
    outer loop
      vertex 2.98359 53.0244 2
      vertex 2.98359 7.97559 2
      vertex 3.16872 8.351 2
    endloop
  endfacet
  facet normal 0 0 1
    outer loop
      vertex 2.84904 53.4208 2
      vertex 2.98359 7.97559 2
      vertex 2.98359 53.0244 2
    endloop
  endfacet
  facet normal 0 0 1
    outer loop
      vertex 2.84904 53.4208 2
      vertex 2.84904 7.57922 2
      vertex 2.98359 7.97559 2
    endloop
  endfacet
  facet normal 0 0 1
    outer loop
      vertex 2.76738 53.8313 2
      vertex 2.84904 7.57922 2
      vertex 2.84904 53.4208 2
    endloop
  endfacet
  facet normal 0 0 1
    outer loop
      vertex 2.76738 53.8313 2
      vertex 2.76738 7.16868 2
      vertex 2.84904 7.57922 2
    endloop
  endfacet
  facet normal 0 0 1
    outer loop
      vertex 2.4 56 2
      vertex 2.76738 53.8313 2
      vertex 2.74 54.249 2
    endloop
  endfacet
  facet normal 0 0 1
    outer loop
      vertex 2.76738 53.8313 2
      vertex 2.4 56 2
      vertex 2.76738 7.16868 2
    endloop
  endfacet
  facet normal 0 0 1
    outer loop
      vertex 68.1687 52.301 2
      vertex 71.5251 52.5251 2
      vertex 68.4013 52.649 2
    endloop
  endfacet
  facet normal 0 0 1
    outer loop
      vertex 76.0197 33.8234 2
      vertex 68.8026 7.16868 2
      vertex 68.83 6.751 2
    endloop
  endfacet
  facet normal 0 0 1
    outer loop
      vertex 68.1232 52.249 2
      vertex 71.5251 52.5251 2
      vertex 68.1687 52.301 2
    endloop
  endfacet
  facet normal 0 0 1
    outer loop
      vertex 76.0197 33.8234 2
      vertex 68.721 7.57922 2
      vertex 68.8026 7.16868 2
    endloop
  endfacet
  facet normal 0 0 1
    outer loop
      vertex 71.5251 52.5251 2
      vertex 68.1232 52.249 2
      vertex 71.8693 52.2233 2
    endloop
  endfacet
  facet normal 0 0 1
    outer loop
      vertex 76.0197 33.8234 2
      vertex 68.5864 7.97559 2
      vertex 68.721 7.57922 2
    endloop
  endfacet
  facet normal 0 0 1
    outer loop
      vertex 71.8693 52.2233 2
      vertex 68.1232 52.249 2
      vertex 72.25 51.9689 2
    endloop
  endfacet
  facet normal 0 0 1
    outer loop
      vertex 76.0197 33.8234 2
      vertex 68.4013 8.351 2
      vertex 68.5864 7.97559 2
    endloop
  endfacet
  facet normal 0 0 1
    outer loop
      vertex 72.25 51.9689 2
      vertex 68.1232 52.249 2
      vertex 76.0197 33.8234 2
    endloop
  endfacet
  facet normal 0 0 1
    outer loop
      vertex 76.0197 33.8234 2
      vertex 68.1687 8.69904 2
      vertex 68.4013 8.351 2
    endloop
  endfacet
  facet normal -0 0 1
    outer loop
      vertex 59.22 50.001 2
      vertex 76.0197 33.8234 2
      vertex 68.1232 52.249 2
    endloop
  endfacet
  facet normal 0 0 1
    outer loop
      vertex 76.0197 33.8234 2
      vertex 68.1232 8.751 2
      vertex 68.1687 8.69904 2
    endloop
  endfacet
  facet normal 0 0 1
    outer loop
      vertex 59.22 50.001 2
      vertex 68.1232 52.249 2
      vertex 63.63 52.249 2
    endloop
  endfacet
  facet normal 0 0 1
    outer loop
      vertex 76.0197 33.8234 2
      vertex 59.22 50.001 2
      vertex 59.22 11.101 2
    endloop
  endfacet
  facet normal 0 0 1
    outer loop
      vertex 82.9494 38.2075 2
      vertex 82.7476 33.4354 2
      vertex 83.15 33.7043 2
    endloop
  endfacet
  facet normal 0 0 1
    outer loop
      vertex 82.9494 38.2075 2
      vertex 82.3837 33.1163 2
      vertex 82.7476 33.4354 2
    endloop
  endfacet
  facet normal 0 0 1
    outer loop
      vertex 77.2925 32.5506 2
      vertex 82.3837 33.1163 2
      vertex 82.9494 38.2075 2
    endloop
  endfacet
  facet normal 0 0 1
    outer loop
      vertex 82.3837 33.1163 2
      vertex 77.2925 32.5506 2
      vertex 82.0646 32.7524 2
    endloop
  endfacet
  facet normal 0 0 1
    outer loop
      vertex 82.0646 32.7524 2
      vertex 77.2925 32.5506 2
      vertex 81.7957 32.35 2
    endloop
  endfacet
  facet normal 0 0 1
    outer loop
      vertex 81.7957 32.35 2
      vertex 77.2925 32.5506 2
      vertex 81.5816 31.9159 2
    endloop
  endfacet
  facet normal 0 0 1
    outer loop
      vertex 77.2925 32.5506 2
      vertex 81.3 30.5 2
      vertex 81.3316 30.9829 2
    endloop
  endfacet
  facet normal 0 0 1
    outer loop
      vertex 81.3 30.5 2
      vertex 77.4701 6.45684 2
      vertex 77.5 6 2
    endloop
  endfacet
  facet normal 0 0 1
    outer loop
      vertex 81.3 30.5 2
      vertex 77.3807 6.90587 2
      vertex 77.4701 6.45684 2
    endloop
  endfacet
  facet normal 0 0 1
    outer loop
      vertex 81.5816 31.9159 2
      vertex 77.2925 32.5506 2
      vertex 81.4261 31.4576 2
    endloop
  endfacet
  facet normal 0 0 1
    outer loop
      vertex 77.2925 32.5506 2
      vertex 81.3316 30.9829 2
      vertex 81.4261 31.4576 2
    endloop
  endfacet
  facet normal 0 0 1
    outer loop
      vertex 74 9.5 2
      vertex 81.3 30.5 2
      vertex 77.2925 32.5506 2
    endloop
  endfacet
  facet normal 0 0 1
    outer loop
      vertex 81.3 30.5 2
      vertex 77.2336 7.33939 2
      vertex 77.3807 6.90587 2
    endloop
  endfacet
  facet normal 0 0 1
    outer loop
      vertex 81.3 30.5 2
      vertex 77.0311 7.75 2
      vertex 77.2336 7.33939 2
    endloop
  endfacet
  facet normal 0 0 1
    outer loop
      vertex 81.3 30.5 2
      vertex 76.7767 8.13066 2
      vertex 77.0311 7.75 2
    endloop
  endfacet
  facet normal 0 0 1
    outer loop
      vertex 81.3 30.5 2
      vertex 76.4749 8.47487 2
      vertex 76.7767 8.13066 2
    endloop
  endfacet
  facet normal 0 0 1
    outer loop
      vertex 81.3 30.5 2
      vertex 76.1307 8.77674 2
      vertex 76.4749 8.47487 2
    endloop
  endfacet
  facet normal 0 0 1
    outer loop
      vertex 72.6606 9.23358 2
      vertex 77.2925 32.5506 2
      vertex 76.0197 33.8234 2
    endloop
  endfacet
  facet normal -0 0 1
    outer loop
      vertex 74.9059 51.6193 2
      vertex 81.6766 39.4803 2
      vertex 75.3394 51.7664 2
    endloop
  endfacet
  facet normal 0 0 1
    outer loop
      vertex 81.3 30.5 2
      vertex 75.75 9.03109 2
      vertex 76.1307 8.77674 2
    endloop
  endfacet
  facet normal -0 0 1
    outer loop
      vertex 74.4568 51.5299 2
      vertex 81.6766 39.4803 2
      vertex 74.9059 51.6193 2
    endloop
  endfacet
  facet normal 0 0 1
    outer loop
      vertex 81.3 30.5 2
      vertex 75.3394 9.23358 2
      vertex 75.75 9.03109 2
    endloop
  endfacet
  facet normal -0 0 1
    outer loop
      vertex 74 51.5 2
      vertex 81.6766 39.4803 2
      vertex 74.4568 51.5299 2
    endloop
  endfacet
  facet normal 0 0 1
    outer loop
      vertex 81.3 30.5 2
      vertex 74.9059 9.38074 2
      vertex 75.3394 9.23358 2
    endloop
  endfacet
  facet normal 0 0 1
    outer loop
      vertex 73.5432 51.5299 2
      vertex 81.6766 39.4803 2
      vertex 74 51.5 2
    endloop
  endfacet
  facet normal 0 0 1
    outer loop
      vertex 81.3 30.5 2
      vertex 74.4568 9.47006 2
      vertex 74.9059 9.38074 2
    endloop
  endfacet
  facet normal 0 0 1
    outer loop
      vertex 81.6766 39.4803 2
      vertex 73.5432 51.5299 2
      vertex 76.0197 33.8234 2
    endloop
  endfacet
  facet normal 0 0 1
    outer loop
      vertex 81.3 30.5 2
      vertex 74 9.5 2
      vertex 74.4568 9.47006 2
    endloop
  endfacet
  facet normal 0 0 1
    outer loop
      vertex 73.0941 51.6193 2
      vertex 76.0197 33.8234 2
      vertex 73.5432 51.5299 2
    endloop
  endfacet
  facet normal 0 0 1
    outer loop
      vertex 77.2925 32.5506 2
      vertex 73.5432 9.47006 2
      vertex 74 9.5 2
    endloop
  endfacet
  facet normal 0 0 1
    outer loop
      vertex 72.6606 51.7664 2
      vertex 76.0197 33.8234 2
      vertex 73.0941 51.6193 2
    endloop
  endfacet
  facet normal 0 0 1
    outer loop
      vertex 77.2925 32.5506 2
      vertex 73.0941 9.38074 2
      vertex 73.5432 9.47006 2
    endloop
  endfacet
  facet normal 0 0 1
    outer loop
      vertex 72.25 51.9689 2
      vertex 76.0197 33.8234 2
      vertex 72.6606 51.7664 2
    endloop
  endfacet
  facet normal 0 0 1
    outer loop
      vertex 77.2925 32.5506 2
      vertex 72.6606 9.23358 2
      vertex 73.0941 9.38074 2
    endloop
  endfacet
  facet normal 0 0 1
    outer loop
      vertex 71.2233 52.8693 2
      vertex 68.4013 52.649 2
      vertex 71.5251 52.5251 2
    endloop
  endfacet
  facet normal 0 0 1
    outer loop
      vertex 76.0197 33.8234 2
      vertex 72.25 9.03109 2
      vertex 72.6606 9.23358 2
    endloop
  endfacet
  facet normal 0 0 1
    outer loop
      vertex 70.9689 53.25 2
      vertex 68.5864 53.0244 2
      vertex 71.2233 52.8693 2
    endloop
  endfacet
  facet normal 0 0 1
    outer loop
      vertex 76.0197 33.8234 2
      vertex 71.8693 8.77674 2
      vertex 72.25 9.03109 2
    endloop
  endfacet
  facet normal 0 0 1
    outer loop
      vertex 68.5864 53.0244 2
      vertex 70.9689 53.25 2
      vertex 68.721 53.4208 2
    endloop
  endfacet
  facet normal 0 0 1
    outer loop
      vertex 68.4013 52.649 2
      vertex 71.2233 52.8693 2
      vertex 68.5864 53.0244 2
    endloop
  endfacet
  facet normal 0 0 1
    outer loop
      vertex 70.7664 53.6606 2
      vertex 68.721 53.4208 2
      vertex 70.9689 53.25 2
    endloop
  endfacet
  facet normal 0 0 1
    outer loop
      vertex 76.0197 33.8234 2
      vertex 68.83 6.751 2
      vertex 71.8693 8.77674 2
    endloop
  endfacet
  facet normal 0 0 1
    outer loop
      vertex 68.721 53.4208 2
      vertex 70.7664 53.6606 2
      vertex 68.8026 53.8313 2
    endloop
  endfacet
  facet normal 0 0 1
    outer loop
      vertex 71.8693 8.77674 2
      vertex 68.83 6.751 2
      vertex 71.5251 8.47487 2
    endloop
  endfacet
  facet normal 0 0 1
    outer loop
      vertex 70.6193 54.0941 2
      vertex 68.8026 53.8313 2
      vertex 70.7664 53.6606 2
    endloop
  endfacet
  facet normal 0 0 1
    outer loop
      vertex 71.5251 8.47487 2
      vertex 68.83 6.751 2
      vertex 71.2233 8.13066 2
    endloop
  endfacet
  facet normal 0 0 1
    outer loop
      vertex 68.8026 53.8313 2
      vertex 70.6193 54.0941 2
      vertex 68.83 54.249 2
    endloop
  endfacet
  facet normal 0 0 1
    outer loop
      vertex 71.2233 8.13066 2
      vertex 68.83 6.751 2
      vertex 70.9689 7.75 2
    endloop
  endfacet
  facet normal -0 0 1
    outer loop
      vertex 68.83 54.249 2
      vertex 70.6193 54.0941 2
      vertex 70.5299 54.5432 2
    endloop
  endfacet
  facet normal 0 0 1
    outer loop
      vertex 70.9689 7.75 2
      vertex 68.83 6.751 2
      vertex 70.7664 7.33939 2
    endloop
  endfacet
  facet normal -0 0 1
    outer loop
      vertex 68.8026 54.6667 2
      vertex 70.5299 54.5432 2
      vertex 70.5 55 2
    endloop
  endfacet
  facet normal 0 0 1
    outer loop
      vertex 70.7664 7.33939 2
      vertex 68.83 6.751 2
      vertex 70.6193 6.90587 2
    endloop
  endfacet
  facet normal 0 0 1
    outer loop
      vertex 77.2336 53.6606 2
      vertex 94.7664 53.6606 2
      vertex 77.3807 54.0941 2
    endloop
  endfacet
  facet normal 0 0 1
    outer loop
      vertex 94.7664 53.6606 2
      vertex 77.2336 53.6606 2
      vertex 94.9689 53.25 2
    endloop
  endfacet
  facet normal 0 0 1
    outer loop
      vertex 77.0311 53.25 2
      vertex 94.9689 53.25 2
      vertex 77.2336 53.6606 2
    endloop
  endfacet
  facet normal 0 0 1
    outer loop
      vertex 94.9689 53.25 2
      vertex 77.0311 53.25 2
      vertex 81.6766 39.4803 2
    endloop
  endfacet
  facet normal -0 0 1
    outer loop
      vertex 76.7767 52.8693 2
      vertex 81.6766 39.4803 2
      vertex 77.0311 53.25 2
    endloop
  endfacet
  facet normal -0 0 1
    outer loop
      vertex 76.4749 52.5251 2
      vertex 81.6766 39.4803 2
      vertex 76.7767 52.8693 2
    endloop
  endfacet
  facet normal -0 0 1
    outer loop
      vertex 76.1307 52.2233 2
      vertex 81.6766 39.4803 2
      vertex 76.4749 52.5251 2
    endloop
  endfacet
  facet normal -0 0 1
    outer loop
      vertex 75.75 51.9689 2
      vertex 81.6766 39.4803 2
      vertex 76.1307 52.2233 2
    endloop
  endfacet
  facet normal -0 0 1
    outer loop
      vertex 75.3394 51.7664 2
      vertex 81.6766 39.4803 2
      vertex 75.75 51.9689 2
    endloop
  endfacet
  facet normal -0 0 1
    outer loop
      vertex 101.47 6.45684 2
      vertex 101.6 4.99999 2
      vertex 101.47 54.5432 2
    endloop
  endfacet
  facet normal 0 0 1
    outer loop
      vertex 101.6 4.99999 2
      vertex 101.47 6.45684 2
      vertex 101.5 6 2
    endloop
  endfacet
  facet normal -0 0 1
    outer loop
      vertex 101.381 54.0941 2
      vertex 101.47 6.45684 2
      vertex 101.47 54.5432 2
    endloop
  endfacet
  facet normal 0 0 1
    outer loop
      vertex 101.381 54.0941 2
      vertex 101.381 6.90587 2
      vertex 101.47 6.45684 2
    endloop
  endfacet
  facet normal -0 0 1
    outer loop
      vertex 101.234 53.6606 2
      vertex 101.381 6.90587 2
      vertex 101.381 54.0941 2
    endloop
  endfacet
  facet normal 0 0 1
    outer loop
      vertex 101.234 53.6606 2
      vertex 101.234 7.33939 2
      vertex 101.381 6.90587 2
    endloop
  endfacet
  facet normal -0 0 1
    outer loop
      vertex 101.031 53.25 2
      vertex 101.234 7.33939 2
      vertex 101.234 53.6606 2
    endloop
  endfacet
  facet normal 0 0 1
    outer loop
      vertex 101.031 53.25 2
      vertex 101.031 7.75 2
      vertex 101.234 7.33939 2
    endloop
  endfacet
  facet normal -0 0 1
    outer loop
      vertex 100.777 52.8693 2
      vertex 101.031 7.75 2
      vertex 101.031 53.25 2
    endloop
  endfacet
  facet normal 0 0 1
    outer loop
      vertex 100.777 52.8693 2
      vertex 100.777 8.13066 2
      vertex 101.031 7.75 2
    endloop
  endfacet
  facet normal 0 0 1
    outer loop
      vertex 93.9803 27.1766 2
      vertex 100.777 52.8693 2
      vertex 100.475 52.5251 2
    endloop
  endfacet
  facet normal 0 0 1
    outer loop
      vertex 100.777 52.8693 2
      vertex 93.9803 27.1766 2
      vertex 100.777 8.13066 2
    endloop
  endfacet
  facet normal 0 0 1
    outer loop
      vertex 93.9803 27.1766 2
      vertex 100.475 52.5251 2
      vertex 100.131 52.2233 2
    endloop
  endfacet
  facet normal 0 0 1
    outer loop
      vertex 100.777 8.13066 2
      vertex 93.9803 27.1766 2
      vertex 100.475 8.47487 2
    endloop
  endfacet
  facet normal 0 0 1
    outer loop
      vertex 93.9803 27.1766 2
      vertex 100.131 52.2233 2
      vertex 99.75 51.9689 2
    endloop
  endfacet
  facet normal 0 0 1
    outer loop
      vertex 100.475 8.47487 2
      vertex 93.9803 27.1766 2
      vertex 100.131 8.77674 2
    endloop
  endfacet
  facet normal 0 0 1
    outer loop
      vertex 93.9803 27.1766 2
      vertex 99.75 51.9689 2
      vertex 99.3394 51.7664 2
    endloop
  endfacet
  facet normal 0 0 1
    outer loop
      vertex 100.131 8.77674 2
      vertex 93.9803 27.1766 2
      vertex 99.75 9.03109 2
    endloop
  endfacet
  facet normal 0 0 1
    outer loop
      vertex 93.9803 27.1766 2
      vertex 99.3394 51.7664 2
      vertex 98.9059 51.6193 2
    endloop
  endfacet
  facet normal 0 0 1
    outer loop
      vertex 99.75 9.03109 2
      vertex 93.9803 27.1766 2
      vertex 99.3394 9.23358 2
    endloop
  endfacet
  facet normal 0 0 1
    outer loop
      vertex 92.7075 28.4494 2
      vertex 98.9059 51.6193 2
      vertex 98.4568 51.5299 2
    endloop
  endfacet
  facet normal 0 0 1
    outer loop
      vertex 99.3394 9.23358 2
      vertex 93.9803 27.1766 2
      vertex 98.9059 9.38074 2
    endloop
  endfacet
  facet normal 0 0 1
    outer loop
      vertex 92.7075 28.4494 2
      vertex 98.4568 51.5299 2
      vertex 98 51.5 2
    endloop
  endfacet
  facet normal 0 0 1
    outer loop
      vertex 98.9059 9.38074 2
      vertex 93.9803 27.1766 2
      vertex 98.4568 9.47006 2
    endloop
  endfacet
  facet normal 0 0 1
    outer loop
      vertex 87.9354 32.7524 2
      vertex 98 51.5 2
      vertex 97.5432 51.5299 2
    endloop
  endfacet
  facet normal 0 0 1
    outer loop
      vertex 98.4568 9.47006 2
      vertex 93.9803 27.1766 2
      vertex 98 9.5 2
    endloop
  endfacet
  facet normal 0 0 1
    outer loop
      vertex 87.6163 33.1163 2
      vertex 97.5432 51.5299 2
      vertex 97.0941 51.6193 2
    endloop
  endfacet
  facet normal 0 0 1
    outer loop
      vertex 98 9.5 2
      vertex 93.9803 27.1766 2
      vertex 97.5432 9.47006 2
    endloop
  endfacet
  facet normal 0 0 1
    outer loop
      vertex 87.2524 33.4354 2
      vertex 97.0941 51.6193 2
      vertex 96.6606 51.7664 2
    endloop
  endfacet
  facet normal -0 0 1
    outer loop
      vertex 88.3234 21.5197 2
      vertex 97.5432 9.47006 2
      vertex 93.9803 27.1766 2
    endloop
  endfacet
  facet normal 0 0 1
    outer loop
      vertex 82.9494 38.2075 2
      vertex 96.6606 51.7664 2
      vertex 96.25 51.9689 2
    endloop
  endfacet
  facet normal 0 0 1
    outer loop
      vertex 97.5432 9.47006 2
      vertex 88.3234 21.5197 2
      vertex 97.0941 9.38074 2
    endloop
  endfacet
  facet normal 0 0 1
    outer loop
      vertex 82.9494 38.2075 2
      vertex 96.25 51.9689 2
      vertex 95.8693 52.2233 2
    endloop
  endfacet
  facet normal 0 0 1
    outer loop
      vertex 97.0941 9.38074 2
      vertex 88.3234 21.5197 2
      vertex 96.6606 9.23358 2
    endloop
  endfacet
  facet normal 0 0 1
    outer loop
      vertex 82.9494 38.2075 2
      vertex 95.8693 52.2233 2
      vertex 95.5251 52.5251 2
    endloop
  endfacet
  facet normal 0 0 1
    outer loop
      vertex 96.6606 9.23358 2
      vertex 88.3234 21.5197 2
      vertex 96.25 9.03109 2
    endloop
  endfacet
  facet normal 0 0 1
    outer loop
      vertex 81.6766 39.4803 2
      vertex 95.5251 52.5251 2
      vertex 95.2233 52.8693 2
    endloop
  endfacet
  facet normal 0 0 1
    outer loop
      vertex 96.25 9.03109 2
      vertex 88.3234 21.5197 2
      vertex 95.8693 8.77674 2
    endloop
  endfacet
  facet normal 0 0 1
    outer loop
      vertex 81.6766 39.4803 2
      vertex 95.2233 52.8693 2
      vertex 94.9689 53.25 2
    endloop
  endfacet
  facet normal 0 0 1
    outer loop
      vertex 95.8693 8.77674 2
      vertex 88.3234 21.5197 2
      vertex 95.5251 8.47487 2
    endloop
  endfacet
  facet normal 0 0 1
    outer loop
      vertex 94.6193 54.0941 2
      vertex 77.3807 54.0941 2
      vertex 94.7664 53.6606 2
    endloop
  endfacet
  facet normal 0 0 1
    outer loop
      vertex 95.5251 8.47487 2
      vertex 88.3234 21.5197 2
      vertex 95.2233 8.13066 2
    endloop
  endfacet
  facet normal 0 0 1
    outer loop
      vertex 94.5299 54.5432 2
      vertex 77.4701 54.5432 2
      vertex 94.6193 54.0941 2
    endloop
  endfacet
  facet normal 0 0 1
    outer loop
      vertex 95.2233 8.13066 2
      vertex 88.3234 21.5197 2
      vertex 94.9689 7.75 2
    endloop
  endfacet
  facet normal 0 0 1
    outer loop
      vertex 77.4701 54.5432 2
      vertex 94.5299 54.5432 2
      vertex 77.5 55 2
    endloop
  endfacet
  facet normal 0 0 1
    outer loop
      vertex 94.9689 7.75 2
      vertex 88.3234 21.5197 2
      vertex 94.7664 7.33939 2
    endloop
  endfacet
  facet normal -0 0 1
    outer loop
      vertex 77.5 55 2
      vertex 94.5299 54.5432 2
      vertex 94.5 55 2
    endloop
  endfacet
  facet normal 0 0 1
    outer loop
      vertex 77.5 6 2
      vertex 94.7664 7.33939 2
      vertex 88.3234 21.5197 2
    endloop
  endfacet
  facet normal -0 0 1
    outer loop
      vertex 101.234 56.3394 2
      vertex 101.6 56 2
      vertex 101.578 56.3394 2
    endloop
  endfacet
  facet normal 0 0 1
    outer loop
      vertex 101.47 54.5432 2
      vertex 101.6 56 2
      vertex 101.5 55 2
    endloop
  endfacet
  facet normal 0 0 1
    outer loop
      vertex 101.234 56.3394 2
      vertex 101.578 56.3394 2
      vertex 101.511 56.6729 2
    endloop
  endfacet
  facet normal 0 0 1
    outer loop
      vertex 101.6 56 2
      vertex 101.47 54.5432 2
      vertex 101.6 4.99999 2
    endloop
  endfacet
  facet normal -0 0 1
    outer loop
      vertex 101.47 5.54316 2
      vertex 101.6 4.99999 2
      vertex 101.5 6 2
    endloop
  endfacet
  facet normal 0 0 1
    outer loop
      vertex 101.6 56 2
      vertex 101.47 55.4568 2
      vertex 101.5 55 2
    endloop
  endfacet
  facet normal -0 0 1
    outer loop
      vertex 101.031 56.75 2
      vertex 101.511 56.6729 2
      vertex 101.402 56.995 2
    endloop
  endfacet
  facet normal 0 0 1
    outer loop
      vertex 101.6 56 2
      vertex 101.381 55.9059 2
      vertex 101.47 55.4568 2
    endloop
  endfacet
  facet normal 0 0 1
    outer loop
      vertex 101.031 56.75 2
      vertex 101.402 56.995 2
      vertex 101.252 57.3 2
    endloop
  endfacet
  facet normal 0 0 1
    outer loop
      vertex 101.6 56 2
      vertex 101.234 56.3394 2
      vertex 101.381 55.9059 2
    endloop
  endfacet
  facet normal 0 0 1
    outer loop
      vertex 100.777 57.1307 2
      vertex 101.252 57.3 2
      vertex 101.063 57.5828 2
    endloop
  endfacet
  facet normal 0 0 1
    outer loop
      vertex 101.511 56.6729 2
      vertex 101.031 56.75 2
      vertex 101.234 56.3394 2
    endloop
  endfacet
  facet normal 0 0 1
    outer loop
      vertex 100.475 57.4749 2
      vertex 101.063 57.5828 2
      vertex 100.838 57.8385 2
    endloop
  endfacet
  facet normal 0 0 1
    outer loop
      vertex 101.252 57.3 2
      vertex 100.777 57.1307 2
      vertex 101.031 56.75 2
    endloop
  endfacet
  facet normal 0 0 1
    outer loop
      vertex 100.475 57.4749 2
      vertex 100.838 57.8385 2
      vertex 100.583 58.0627 2
    endloop
  endfacet
  facet normal 0 0 1
    outer loop
      vertex 101.063 57.5828 2
      vertex 100.475 57.4749 2
      vertex 100.777 57.1307 2
    endloop
  endfacet
  facet normal 0 0 1
    outer loop
      vertex 100.131 57.7767 2
      vertex 100.583 58.0627 2
      vertex 100.3 58.2517 2
    endloop
  endfacet
  facet normal 0 0 1
    outer loop
      vertex 100.583 58.0627 2
      vertex 100.131 57.7767 2
      vertex 100.475 57.4749 2
    endloop
  endfacet
  facet normal 0 0 1
    outer loop
      vertex 99.75 58.0311 2
      vertex 100.3 58.2517 2
      vertex 99.995 58.4021 2
    endloop
  endfacet
  facet normal 0 0 1
    outer loop
      vertex 100.3 58.2517 2
      vertex 99.75 58.0311 2
      vertex 100.131 57.7767 2
    endloop
  endfacet
  facet normal 0 0 1
    outer loop
      vertex 99.6729 58.5114 2
      vertex 99.75 58.0311 2
      vertex 99.995 58.4021 2
    endloop
  endfacet
  facet normal 0 0 1
    outer loop
      vertex 99.6729 58.5114 2
      vertex 99.3394 58.2336 2
      vertex 99.75 58.0311 2
    endloop
  endfacet
  facet normal 0 0 1
    outer loop
      vertex 99.3394 58.5778 2
      vertex 99.3394 58.2336 2
      vertex 99.6729 58.5114 2
    endloop
  endfacet
  facet normal 0 0 1
    outer loop
      vertex 99 58.6 2
      vertex 99.3394 58.2336 2
      vertex 99.3394 58.5778 2
    endloop
  endfacet
  facet normal 0 0 1
    outer loop
      vertex 99 58.6 2
      vertex 98.9059 58.3807 2
      vertex 99.3394 58.2336 2
    endloop
  endfacet
  facet normal 0 0 1
    outer loop
      vertex 99 58.6 2
      vertex 98.4568 58.4701 2
      vertex 98.9059 58.3807 2
    endloop
  endfacet
  facet normal 0 0 1
    outer loop
      vertex 99 58.6 2
      vertex 98 58.5 2
      vertex 98.4568 58.4701 2
    endloop
  endfacet
  facet normal 0 0 1
    outer loop
      vertex 99 58.6 2
      vertex 97.5432 58.4701 2
      vertex 98 58.5 2
    endloop
  endfacet
  facet normal 0 0 1
    outer loop
      vertex 94.7664 7.33939 2
      vertex 77.5 6 2
      vertex 94.6193 6.90587 2
    endloop
  endfacet
  facet normal 0 0 1
    outer loop
      vertex 98.9059 51.6193 2
      vertex 92.7075 28.4494 2
      vertex 93.9803 27.1766 2
    endloop
  endfacet
  facet normal 0 0 1
    outer loop
      vertex 77.5 55 2
      vertex 94.5 55 2
      vertex 94.5299 55.4568 2
    endloop
  endfacet
  facet normal 0 0 1
    outer loop
      vertex 98 51.5 2
      vertex 87.9354 32.7524 2
      vertex 92.7075 28.4494 2
    endloop
  endfacet
  facet normal 0 0 1
    outer loop
      vertex 77.4701 55.4568 2
      vertex 94.5299 55.4568 2
      vertex 94.6193 55.9059 2
    endloop
  endfacet
  facet normal 0 0 1
    outer loop
      vertex 92.7075 28.4494 2
      vertex 88.6683 30.9829 2
      vertex 88.7 30.5 2
    endloop
  endfacet
  facet normal 0 0 1
    outer loop
      vertex 92.7075 28.4494 2
      vertex 88.5739 31.4576 2
      vertex 88.6683 30.9829 2
    endloop
  endfacet
  facet normal 0 0 1
    outer loop
      vertex 92.7075 28.4494 2
      vertex 88.4184 31.9159 2
      vertex 88.5739 31.4576 2
    endloop
  endfacet
  facet normal 0 0 1
    outer loop
      vertex 92.7075 28.4494 2
      vertex 88.2043 32.35 2
      vertex 88.4184 31.9159 2
    endloop
  endfacet
  facet normal 0 0 1
    outer loop
      vertex 92.7075 28.4494 2
      vertex 87.9354 32.7524 2
      vertex 88.2043 32.35 2
    endloop
  endfacet
  facet normal 0 0 1
    outer loop
      vertex 97.5432 51.5299 2
      vertex 87.6163 33.1163 2
      vertex 87.9354 32.7524 2
    endloop
  endfacet
  facet normal 0 0 1
    outer loop
      vertex 97.0941 51.6193 2
      vertex 87.2524 33.4354 2
      vertex 87.6163 33.1163 2
    endloop
  endfacet
  facet normal 0 0 1
    outer loop
      vertex 96.6606 51.7664 2
      vertex 86.85 33.7043 2
      vertex 87.2524 33.4354 2
    endloop
  endfacet
  facet normal 0 0 1
    outer loop
      vertex 77.3807 55.9059 2
      vertex 94.6193 55.9059 2
      vertex 94.7664 56.3394 2
    endloop
  endfacet
  facet normal 0 0 1
    outer loop
      vertex 96.6606 51.7664 2
      vertex 82.9494 38.2075 2
      vertex 86.85 33.7043 2
    endloop
  endfacet
  facet normal 0 0 1
    outer loop
      vertex 86.85 33.7043 2
      vertex 82.9494 38.2075 2
      vertex 86.4159 33.9184 2
    endloop
  endfacet
  facet normal 0 0 1
    outer loop
      vertex 86.4159 33.9184 2
      vertex 82.9494 38.2075 2
      vertex 85.9576 34.0739 2
    endloop
  endfacet
  facet normal 0 0 1
    outer loop
      vertex 85.9576 34.0739 2
      vertex 82.9494 38.2075 2
      vertex 85.4829 34.1683 2
    endloop
  endfacet
  facet normal 0 0 1
    outer loop
      vertex 85.4829 34.1683 2
      vertex 82.9494 38.2075 2
      vertex 85 34.2 2
    endloop
  endfacet
  facet normal 0 0 1
    outer loop
      vertex 85 34.2 2
      vertex 82.9494 38.2075 2
      vertex 84.5171 34.1683 2
    endloop
  endfacet
  facet normal 0 0 1
    outer loop
      vertex 84.5171 34.1683 2
      vertex 82.9494 38.2075 2
      vertex 84.0424 34.0739 2
    endloop
  endfacet
  facet normal 0 0 1
    outer loop
      vertex 77.2336 56.3394 2
      vertex 94.7664 56.3394 2
      vertex 94.9689 56.75 2
    endloop
  endfacet
  facet normal 0 0 1
    outer loop
      vertex 84.0424 34.0739 2
      vertex 82.9494 38.2075 2
      vertex 83.5841 33.9184 2
    endloop
  endfacet
  facet normal 0 0 1
    outer loop
      vertex 83.5841 33.9184 2
      vertex 82.9494 38.2075 2
      vertex 83.15 33.7043 2
    endloop
  endfacet
  facet normal 0 0 1
    outer loop
      vertex 95.5251 52.5251 2
      vertex 81.6766 39.4803 2
      vertex 82.9494 38.2075 2
    endloop
  endfacet
  facet normal 0 0 1
    outer loop
      vertex 77.0311 56.75 2
      vertex 94.9689 56.75 2
      vertex 95.2233 57.1307 2
    endloop
  endfacet
  facet normal 0 0 1
    outer loop
      vertex 77.3807 54.0941 2
      vertex 94.6193 54.0941 2
      vertex 77.4701 54.5432 2
    endloop
  endfacet
  facet normal 0 0 1
    outer loop
      vertex 76.7767 57.1307 2
      vertex 95.2233 57.1307 2
      vertex 95.5251 57.4749 2
    endloop
  endfacet
  facet normal 0 0 1
    outer loop
      vertex 76.4749 57.4749 2
      vertex 95.5251 57.4749 2
      vertex 95.8693 57.7767 2
    endloop
  endfacet
  facet normal 0 0 1
    outer loop
      vertex 76.1307 57.7767 2
      vertex 95.8693 57.7767 2
      vertex 96.25 58.0311 2
    endloop
  endfacet
  facet normal 0 0 1
    outer loop
      vertex 75.75 58.0311 2
      vertex 96.25 58.0311 2
      vertex 96.6606 58.2336 2
    endloop
  endfacet
  facet normal 0 0 1
    outer loop
      vertex 75.3394 58.2336 2
      vertex 96.6606 58.2336 2
      vertex 97.0941 58.3807 2
    endloop
  endfacet
  facet normal 0 0 1
    outer loop
      vertex 74.9059 58.3807 2
      vertex 97.0941 58.3807 2
      vertex 97.5432 58.4701 2
    endloop
  endfacet
  facet normal 0 0 1
    outer loop
      vertex 94.5299 55.4568 2
      vertex 77.4701 55.4568 2
      vertex 77.5 55 2
    endloop
  endfacet
  facet normal 0 0 1
    outer loop
      vertex 94.6193 55.9059 2
      vertex 77.3807 55.9059 2
      vertex 77.4701 55.4568 2
    endloop
  endfacet
  facet normal 0 0 1
    outer loop
      vertex 94.7664 56.3394 2
      vertex 77.2336 56.3394 2
      vertex 77.3807 55.9059 2
    endloop
  endfacet
  facet normal 0 0 1
    outer loop
      vertex 94.9689 56.75 2
      vertex 77.0311 56.75 2
      vertex 77.2336 56.3394 2
    endloop
  endfacet
  facet normal 0 0 1
    outer loop
      vertex 74.4568 58.4701 2
      vertex 97.5432 58.4701 2
      vertex 99 58.6 2
    endloop
  endfacet
  facet normal 0 0 1
    outer loop
      vertex 95.2233 57.1307 2
      vertex 76.7767 57.1307 2
      vertex 77.0311 56.75 2
    endloop
  endfacet
  facet normal 0 0 1
    outer loop
      vertex 95.5251 57.4749 2
      vertex 76.4749 57.4749 2
      vertex 76.7767 57.1307 2
    endloop
  endfacet
  facet normal 0 0 1
    outer loop
      vertex 95.8693 57.7767 2
      vertex 76.1307 57.7767 2
      vertex 76.4749 57.4749 2
    endloop
  endfacet
  facet normal 0 0 1
    outer loop
      vertex 96.25 58.0311 2
      vertex 75.75 58.0311 2
      vertex 76.1307 57.7767 2
    endloop
  endfacet
  facet normal 0 0 1
    outer loop
      vertex 96.6606 58.2336 2
      vertex 75.3394 58.2336 2
      vertex 75.75 58.0311 2
    endloop
  endfacet
  facet normal 0 0 1
    outer loop
      vertex 97.0941 58.3807 2
      vertex 74.9059 58.3807 2
      vertex 75.3394 58.2336 2
    endloop
  endfacet
  facet normal 0 0 1
    outer loop
      vertex 97.5432 58.4701 2
      vertex 74.4568 58.4701 2
      vertex 74.9059 58.3807 2
    endloop
  endfacet
  facet normal 0 0 1
    outer loop
      vertex 99 58.6 2
      vertex 74 58.5 2
      vertex 74.4568 58.4701 2
    endloop
  endfacet
  facet normal 0 0 1
    outer loop
      vertex 70.6193 6.90587 2
      vertex 68.83 6.751 2
      vertex 70.5299 6.45684 2
    endloop
  endfacet
  facet normal -0 0 1
    outer loop
      vertex 68.721 55.0772 2
      vertex 70.5 55 2
      vertex 70.5299 55.4568 2
    endloop
  endfacet
  facet normal -0 0 1
    outer loop
      vertex 68.5864 55.4736 2
      vertex 70.5299 55.4568 2
      vertex 70.6193 55.9059 2
    endloop
  endfacet
  facet normal 0 0 1
    outer loop
      vertex 68.4013 55.849 2
      vertex 70.6193 55.9059 2
      vertex 70.7664 56.3394 2
    endloop
  endfacet
  facet normal 0 0 1
    outer loop
      vertex 68.1687 56.197 2
      vertex 70.7664 56.3394 2
      vertex 70.9689 56.75 2
    endloop
  endfacet
  facet normal 0 0 1
    outer loop
      vertex 67.8927 56.5117 2
      vertex 70.9689 56.75 2
      vertex 71.2233 57.1307 2
    endloop
  endfacet
  facet normal 0 0 1
    outer loop
      vertex 70.5299 54.5432 2
      vertex 68.8026 54.6667 2
      vertex 68.83 54.249 2
    endloop
  endfacet
  facet normal 0 0 1
    outer loop
      vertex 67.578 56.7877 2
      vertex 71.2233 57.1307 2
      vertex 71.5251 57.4749 2
    endloop
  endfacet
  facet normal 0 0 1
    outer loop
      vertex 70.5 55 2
      vertex 68.721 55.0772 2
      vertex 68.8026 54.6667 2
    endloop
  endfacet
  facet normal 0 0 1
    outer loop
      vertex 67.23 57.0203 2
      vertex 71.5251 57.4749 2
      vertex 71.8693 57.7767 2
    endloop
  endfacet
  facet normal 0 0 1
    outer loop
      vertex 70.5299 55.4568 2
      vertex 68.5864 55.4736 2
      vertex 68.721 55.0772 2
    endloop
  endfacet
  facet normal 0 0 1
    outer loop
      vertex 70.6193 55.9059 2
      vertex 68.4013 55.849 2
      vertex 68.5864 55.4736 2
    endloop
  endfacet
  facet normal 0 0 1
    outer loop
      vertex 66.8546 57.2054 2
      vertex 71.8693 57.7767 2
      vertex 72.25 58.0311 2
    endloop
  endfacet
  facet normal 0 0 1
    outer loop
      vertex 70.7664 56.3394 2
      vertex 68.1687 56.197 2
      vertex 68.4013 55.849 2
    endloop
  endfacet
  facet normal 0 0 1
    outer loop
      vertex 66.4582 57.34 2
      vertex 72.25 58.0311 2
      vertex 72.6606 58.2336 2
    endloop
  endfacet
  facet normal 0 0 1
    outer loop
      vertex 70.9689 56.75 2
      vertex 67.8927 56.5117 2
      vertex 68.1687 56.197 2
    endloop
  endfacet
  facet normal 0 0 1
    outer loop
      vertex 71.2233 57.1307 2
      vertex 67.578 56.7877 2
      vertex 67.8927 56.5117 2
    endloop
  endfacet
  facet normal 0 0 1
    outer loop
      vertex 66.0477 57.4216 2
      vertex 72.6606 58.2336 2
      vertex 73.0941 58.3807 2
    endloop
  endfacet
  facet normal 0 0 1
    outer loop
      vertex 71.5251 57.4749 2
      vertex 67.23 57.0203 2
      vertex 67.578 56.7877 2
    endloop
  endfacet
  facet normal 0 0 1
    outer loop
      vertex 71.8693 57.7767 2
      vertex 66.8546 57.2054 2
      vertex 67.23 57.0203 2
    endloop
  endfacet
  facet normal 0 0 1
    outer loop
      vertex 65.63 57.449 2
      vertex 73.0941 58.3807 2
      vertex 73.5432 58.4701 2
    endloop
  endfacet
  facet normal 0 0 1
    outer loop
      vertex 72.25 58.0311 2
      vertex 66.4582 57.34 2
      vertex 66.8546 57.2054 2
    endloop
  endfacet
  facet normal 0 0 1
    outer loop
      vertex 72.6606 58.2336 2
      vertex 66.0477 57.4216 2
      vertex 66.4582 57.34 2
    endloop
  endfacet
  facet normal 0 0 1
    outer loop
      vertex 73.0941 58.3807 2
      vertex 65.63 57.449 2
      vertex 66.0477 57.4216 2
    endloop
  endfacet
  facet normal 0 0 1
    outer loop
      vertex 73.5432 58.4701 2
      vertex 65.2123 57.4216 2
      vertex 65.63 57.449 2
    endloop
  endfacet
  facet normal 0 0 1
    outer loop
      vertex 59.22 50.001 2
      vertex 63.63 52.249 2
      vertex 63.63 56.7422 2
    endloop
  endfacet
  facet normal 0 0 1
    outer loop
      vertex 76.0197 33.8234 2
      vertex 59.22 11.101 2
      vertex 68.1232 8.751 2
    endloop
  endfacet
  facet normal 0 0 1
    outer loop
      vertex 68.1232 8.751 2
      vertex 59.22 11.101 2
      vertex 63.63 8.751 2
    endloop
  endfacet
  facet normal -0 0 1
    outer loop
      vertex 7.94 56.7422 2
      vertex 59.22 50.001 2
      vertex 63.63 56.7422 2
    endloop
  endfacet
  facet normal 0 0 1
    outer loop
      vertex 7.94 56.7422 2
      vertex 63.63 56.7422 2
      vertex 63.682 56.7877 2
    endloop
  endfacet
  facet normal 0 0 1
    outer loop
      vertex 7.88804 56.7877 2
      vertex 63.682 56.7877 2
      vertex 64.03 57.0203 2
    endloop
  endfacet
  facet normal 0 0 1
    outer loop
      vertex 4.99999 58.6 2
      vertex 64.03 57.0203 2
      vertex 64.4054 57.2054 2
    endloop
  endfacet
  facet normal 0 0 1
    outer loop
      vertex 4.99999 58.6 2
      vertex 64.4054 57.2054 2
      vertex 64.8018 57.34 2
    endloop
  endfacet
  facet normal 0 0 1
    outer loop
      vertex 4.99999 58.6 2
      vertex 64.8018 57.34 2
      vertex 65.2123 57.4216 2
    endloop
  endfacet
  facet normal -0 0 1
    outer loop
      vertex 7.94 52.249 2
      vertex 8.72 50.001 2
      vertex 7.94 56.7422 2
    endloop
  endfacet
  facet normal 0 0 1
    outer loop
      vertex 59.22 50.001 2
      vertex 7.94 56.7422 2
      vertex 8.72 50.001 2
    endloop
  endfacet
  facet normal 0 0 1
    outer loop
      vertex 4.99999 58.6 2
      vertex 65.2123 57.4216 2
      vertex 73.5432 58.4701 2
    endloop
  endfacet
  facet normal 0 0 1
    outer loop
      vertex 4.99999 58.6 2
      vertex 73.5432 58.4701 2
      vertex 74 58.5 2
    endloop
  endfacet
  facet normal 0 0 1
    outer loop
      vertex 63.682 56.7877 2
      vertex 7.88804 56.7877 2
      vertex 7.94 56.7422 2
    endloop
  endfacet
  facet normal 0 0 1
    outer loop
      vertex 64.03 57.0203 2
      vertex 7.54 57.0203 2
      vertex 7.88804 56.7877 2
    endloop
  endfacet
  facet normal 0 0 1
    outer loop
      vertex 64.03 57.0203 2
      vertex 4.99999 58.6 2
      vertex 7.54 57.0203 2
    endloop
  endfacet
  facet normal 0 0 1
    outer loop
      vertex 7.54 57.0203 2
      vertex 4.99999 58.6 2
      vertex 7.16459 57.2054 2
    endloop
  endfacet
  facet normal 0 0 1
    outer loop
      vertex 7.16459 57.2054 2
      vertex 4.99999 58.6 2
      vertex 6.76822 57.34 2
    endloop
  endfacet
  facet normal 0 0 1
    outer loop
      vertex 6.76822 57.34 2
      vertex 4.99999 58.6 2
      vertex 6.35768 57.4216 2
    endloop
  endfacet
  facet normal -0 0 1
    outer loop
      vertex 4.99999 58.6 2
      vertex 74 58.5 2
      vertex 99 58.6 2
    endloop
  endfacet
  facet normal 0 0 1
    outer loop
      vertex 6.35768 57.4216 2
      vertex 4.99999 58.6 2
      vertex 5.94 57.449 2
    endloop
  endfacet
  facet normal 0 0 1
    outer loop
      vertex 4.99999 58.6 2
      vertex 5.52232 57.4216 2
      vertex 5.94 57.449 2
    endloop
  endfacet
  facet normal 0 0 1
    outer loop
      vertex 4.99999 58.6 2
      vertex 5.11178 57.34 2
      vertex 5.52232 57.4216 2
    endloop
  endfacet
  facet normal -0 0 1
    outer loop
      vertex 4.66062 58.5778 2
      vertex 5.11178 57.34 2
      vertex 4.99999 58.6 2
    endloop
  endfacet
  facet normal 0 0 1
    outer loop
      vertex 5.11178 57.34 2
      vertex 4.66062 58.5778 2
      vertex 4.71541 57.2054 2
    endloop
  endfacet
  facet normal -0 0 1
    outer loop
      vertex 4.32706 58.5114 2
      vertex 4.71541 57.2054 2
      vertex 4.66062 58.5778 2
    endloop
  endfacet
  facet normal -0 0 1
    outer loop
      vertex 4.00501 58.4021 2
      vertex 4.71541 57.2054 2
      vertex 4.32706 58.5114 2
    endloop
  endfacet
  facet normal 0 0 1
    outer loop
      vertex 4.71541 57.2054 2
      vertex 4.00501 58.4021 2
      vertex 4.34 57.0203 2
    endloop
  endfacet
  facet normal -0 0 1
    outer loop
      vertex 3.69999 58.2517 2
      vertex 4.34 57.0203 2
      vertex 4.00501 58.4021 2
    endloop
  endfacet
  facet normal -0 0 1
    outer loop
      vertex 3.41721 58.0627 2
      vertex 4.34 57.0203 2
      vertex 3.69999 58.2517 2
    endloop
  endfacet
  facet normal 0 0 1
    outer loop
      vertex 4.34 57.0203 2
      vertex 3.41721 58.0627 2
      vertex 3.99196 56.7877 2
    endloop
  endfacet
  facet normal -0 0 1
    outer loop
      vertex 3.16152 57.8385 2
      vertex 3.99196 56.7877 2
      vertex 3.41721 58.0627 2
    endloop
  endfacet
  facet normal -0 0 1
    outer loop
      vertex 2.93728 57.5828 2
      vertex 3.99196 56.7877 2
      vertex 3.16152 57.8385 2
    endloop
  endfacet
  facet normal 0 0 1
    outer loop
      vertex 3.99196 56.7877 2
      vertex 2.93728 57.5828 2
      vertex 3.67726 56.5117 2
    endloop
  endfacet
  facet normal -0 0 1
    outer loop
      vertex 2.74833 57.3 2
      vertex 3.67726 56.5117 2
      vertex 2.93728 57.5828 2
    endloop
  endfacet
  facet normal -0 0 1
    outer loop
      vertex 2.59791 56.995 2
      vertex 3.67726 56.5117 2
      vertex 2.74833 57.3 2
    endloop
  endfacet
  facet normal 0 0 1
    outer loop
      vertex 3.67726 56.5117 2
      vertex 2.59791 56.995 2
      vertex 3.40127 56.197 2
    endloop
  endfacet
  facet normal -0 0 1
    outer loop
      vertex 2.48859 56.6729 2
      vertex 3.40127 56.197 2
      vertex 2.59791 56.995 2
    endloop
  endfacet
  facet normal -0 0 1
    outer loop
      vertex 2.42223 56.3394 2
      vertex 3.40127 56.197 2
      vertex 2.48859 56.6729 2
    endloop
  endfacet
  facet normal 0 0 1
    outer loop
      vertex 3.40127 56.197 2
      vertex 2.42223 56.3394 2
      vertex 3.16872 55.849 2
    endloop
  endfacet
  facet normal 0 0 1
    outer loop
      vertex 2.84904 55.0772 2
      vertex 2.4 56 2
      vertex 2.76738 54.6667 2
    endloop
  endfacet
  facet normal 0 0 1
    outer loop
      vertex 2.76738 54.6667 2
      vertex 2.4 56 2
      vertex 2.74 54.249 2
    endloop
  endfacet
  facet normal -0 0 1
    outer loop
      vertex 2.4 56 2
      vertex 3.16872 55.849 2
      vertex 2.42223 56.3394 2
    endloop
  endfacet
  facet normal -0 0 1
    outer loop
      vertex 101.381 5.09413 2
      vertex 101.6 4.99999 2
      vertex 101.47 5.54316 2
    endloop
  endfacet
  facet normal 0 0 1
    outer loop
      vertex 101.234 4.66061 2
      vertex 101.6 4.99999 2
      vertex 101.381 5.09413 2
    endloop
  endfacet
  facet normal 0 0 1
    outer loop
      vertex 101.6 4.99999 2
      vertex 101.234 4.66061 2
      vertex 101.578 4.66062 2
    endloop
  endfacet
  facet normal 0 0 1
    outer loop
      vertex 101.578 4.66062 2
      vertex 101.234 4.66061 2
      vertex 101.511 4.32706 2
    endloop
  endfacet
  facet normal 0 0 1
    outer loop
      vertex 101.031 4.25 2
      vertex 101.511 4.32706 2
      vertex 101.234 4.66061 2
    endloop
  endfacet
  facet normal 0 0 1
    outer loop
      vertex 101.511 4.32706 2
      vertex 101.031 4.25 2
      vertex 101.402 4.00501 2
    endloop
  endfacet
  facet normal 0 0 1
    outer loop
      vertex 101.402 4.00501 2
      vertex 101.031 4.25 2
      vertex 101.252 3.69999 2
    endloop
  endfacet
  facet normal -0 0 1
    outer loop
      vertex 100.777 3.86933 2
      vertex 101.252 3.69999 2
      vertex 101.031 4.25 2
    endloop
  endfacet
  facet normal 0 0 1
    outer loop
      vertex 101.252 3.69999 2
      vertex 100.777 3.86933 2
      vertex 101.063 3.41721 2
    endloop
  endfacet
  facet normal -0 0 1
    outer loop
      vertex 100.475 3.52513 2
      vertex 101.063 3.41721 2
      vertex 100.777 3.86933 2
    endloop
  endfacet
  facet normal 0 0 1
    outer loop
      vertex 101.063 3.41721 2
      vertex 100.475 3.52513 2
      vertex 100.838 3.16152 2
    endloop
  endfacet
  facet normal 0 0 1
    outer loop
      vertex 100.838 3.16152 2
      vertex 100.475 3.52513 2
      vertex 100.583 2.93728 2
    endloop
  endfacet
  facet normal -0 0 1
    outer loop
      vertex 100.131 3.22326 2
      vertex 100.583 2.93728 2
      vertex 100.475 3.52513 2
    endloop
  endfacet
  facet normal 0 0 1
    outer loop
      vertex 100.583 2.93728 2
      vertex 100.131 3.22326 2
      vertex 100.3 2.74833 2
    endloop
  endfacet
  facet normal -0 0 1
    outer loop
      vertex 99.75 2.96891 2
      vertex 100.3 2.74833 2
      vertex 100.131 3.22326 2
    endloop
  endfacet
  facet normal 0 0 1
    outer loop
      vertex 100.3 2.74833 2
      vertex 99.75 2.96891 2
      vertex 99.995 2.59791 2
    endloop
  endfacet
  facet normal 0 0 1
    outer loop
      vertex 99.75 2.96891 2
      vertex 99.6729 2.48859 2
      vertex 99.995 2.59791 2
    endloop
  endfacet
  facet normal -0 0 1
    outer loop
      vertex 99.3394 2.76642 2
      vertex 99.6729 2.48859 2
      vertex 99.75 2.96891 2
    endloop
  endfacet
  facet normal 0 0 1
    outer loop
      vertex 99.3394 2.76642 2
      vertex 99.3394 2.42223 2
      vertex 99.6729 2.48859 2
    endloop
  endfacet
  facet normal 0 0 1
    outer loop
      vertex 99.3394 2.76642 2
      vertex 99 2.4 2
      vertex 99.3394 2.42223 2
    endloop
  endfacet
  facet normal -0 0 1
    outer loop
      vertex 98.9059 2.61926 2
      vertex 99 2.4 2
      vertex 99.3394 2.76642 2
    endloop
  endfacet
  facet normal -0 0 1
    outer loop
      vertex 98.4568 2.52994 2
      vertex 99 2.4 2
      vertex 98.9059 2.61926 2
    endloop
  endfacet
  facet normal -0 0 1
    outer loop
      vertex 98 2.5 2
      vertex 99 2.4 2
      vertex 98.4568 2.52994 2
    endloop
  endfacet
  facet normal 0 0 1
    outer loop
      vertex 97.5432 2.52994 2
      vertex 99 2.4 2
      vertex 98 2.5 2
    endloop
  endfacet
  facet normal 0 0 1
    outer loop
      vertex 94.6193 6.90587 2
      vertex 77.5 6 2
      vertex 94.5299 6.45684 2
    endloop
  endfacet
  facet normal 0 0 1
    outer loop
      vertex 94.5299 6.45684 2
      vertex 77.5 6 2
      vertex 94.5 6 2
    endloop
  endfacet
  facet normal 0 0 1
    outer loop
      vertex 94.5 6 2
      vertex 77.5 6 2
      vertex 94.5299 5.54316 2
    endloop
  endfacet
  facet normal 0 0 1
    outer loop
      vertex 77.4701 5.54316 2
      vertex 94.5299 5.54316 2
      vertex 77.5 6 2
    endloop
  endfacet
  facet normal 0 0 1
    outer loop
      vertex 77.5 6 2
      vertex 88.3234 21.5197 2
      vertex 87.0506 22.7925 2
    endloop
  endfacet
  facet normal -0 0 1
    outer loop
      vertex 86.4159 27.0816 2
      vertex 87.0506 22.7925 2
      vertex 86.85 27.2957 2
    endloop
  endfacet
  facet normal -0 0 1
    outer loop
      vertex 85.9576 26.9261 2
      vertex 87.0506 22.7925 2
      vertex 86.4159 27.0816 2
    endloop
  endfacet
  facet normal -0 0 1
    outer loop
      vertex 85.4829 26.8317 2
      vertex 87.0506 22.7925 2
      vertex 85.9576 26.9261 2
    endloop
  endfacet
  facet normal -0 0 1
    outer loop
      vertex 85 26.8 2
      vertex 87.0506 22.7925 2
      vertex 85.4829 26.8317 2
    endloop
  endfacet
  facet normal 0 0 1
    outer loop
      vertex 84.5171 26.8317 2
      vertex 87.0506 22.7925 2
      vertex 85 26.8 2
    endloop
  endfacet
  facet normal 0 0 1
    outer loop
      vertex 84.0424 26.9261 2
      vertex 87.0506 22.7925 2
      vertex 84.5171 26.8317 2
    endloop
  endfacet
  facet normal 0 0 1
    outer loop
      vertex 83.5841 27.0816 2
      vertex 87.0506 22.7925 2
      vertex 84.0424 26.9261 2
    endloop
  endfacet
  facet normal 0 0 1
    outer loop
      vertex 83.15 27.2957 2
      vertex 87.0506 22.7925 2
      vertex 83.5841 27.0816 2
    endloop
  endfacet
  facet normal 0 0 1
    outer loop
      vertex 94.5299 5.54316 2
      vertex 77.4701 5.54316 2
      vertex 94.6193 5.09413 2
    endloop
  endfacet
  facet normal 0 0 1
    outer loop
      vertex 87.0506 22.7925 2
      vertex 83.15 27.2957 2
      vertex 77.5 6 2
    endloop
  endfacet
  facet normal 0 0 1
    outer loop
      vertex 77.5 6 2
      vertex 83.15 27.2957 2
      vertex 82.7476 27.5646 2
    endloop
  endfacet
  facet normal 0 0 1
    outer loop
      vertex 77.5 6 2
      vertex 82.7476 27.5646 2
      vertex 82.3837 27.8837 2
    endloop
  endfacet
  facet normal 0 0 1
    outer loop
      vertex 77.5 6 2
      vertex 82.3837 27.8837 2
      vertex 82.0646 28.2476 2
    endloop
  endfacet
  facet normal 0 0 1
    outer loop
      vertex 77.5 6 2
      vertex 82.0646 28.2476 2
      vertex 81.7957 28.65 2
    endloop
  endfacet
  facet normal 0 0 1
    outer loop
      vertex 77.5 6 2
      vertex 81.3316 30.0171 2
      vertex 81.3 30.5 2
    endloop
  endfacet
  facet normal 0 0 1
    outer loop
      vertex 77.5 6 2
      vertex 81.4261 29.5424 2
      vertex 81.3316 30.0171 2
    endloop
  endfacet
  facet normal 0 0 1
    outer loop
      vertex 77.5 6 2
      vertex 81.5816 29.0841 2
      vertex 81.4261 29.5424 2
    endloop
  endfacet
  facet normal 0 0 1
    outer loop
      vertex 77.5 6 2
      vertex 81.7957 28.65 2
      vertex 81.5816 29.0841 2
    endloop
  endfacet
  facet normal 0 0 1
    outer loop
      vertex 77.3807 5.09413 2
      vertex 94.6193 5.09413 2
      vertex 77.4701 5.54316 2
    endloop
  endfacet
  facet normal 0 0 1
    outer loop
      vertex 94.6193 5.09413 2
      vertex 77.3807 5.09413 2
      vertex 94.7664 4.66061 2
    endloop
  endfacet
  facet normal 0 0 1
    outer loop
      vertex 77.2336 4.66061 2
      vertex 94.7664 4.66061 2
      vertex 77.3807 5.09413 2
    endloop
  endfacet
  facet normal 0 0 1
    outer loop
      vertex 94.7664 4.66061 2
      vertex 77.2336 4.66061 2
      vertex 94.9689 4.25 2
    endloop
  endfacet
  facet normal 0 0 1
    outer loop
      vertex 77.0311 4.25 2
      vertex 94.9689 4.25 2
      vertex 77.2336 4.66061 2
    endloop
  endfacet
  facet normal 0 0 1
    outer loop
      vertex 94.9689 4.25 2
      vertex 77.0311 4.25 2
      vertex 95.2233 3.86933 2
    endloop
  endfacet
  facet normal 0 0 1
    outer loop
      vertex 76.7767 3.86933 2
      vertex 95.2233 3.86933 2
      vertex 77.0311 4.25 2
    endloop
  endfacet
  facet normal 0 0 1
    outer loop
      vertex 95.2233 3.86933 2
      vertex 76.7767 3.86933 2
      vertex 95.5251 3.52513 2
    endloop
  endfacet
  facet normal 0 0 1
    outer loop
      vertex 76.4749 3.52513 2
      vertex 95.5251 3.52513 2
      vertex 76.7767 3.86933 2
    endloop
  endfacet
  facet normal 0 0 1
    outer loop
      vertex 95.5251 3.52513 2
      vertex 76.4749 3.52513 2
      vertex 95.8693 3.22326 2
    endloop
  endfacet
  facet normal 0 0 1
    outer loop
      vertex 76.1307 3.22326 2
      vertex 95.8693 3.22326 2
      vertex 76.4749 3.52513 2
    endloop
  endfacet
  facet normal 0 0 1
    outer loop
      vertex 95.8693 3.22326 2
      vertex 76.1307 3.22326 2
      vertex 96.25 2.96891 2
    endloop
  endfacet
  facet normal 0 0 1
    outer loop
      vertex 75.75 2.96891 2
      vertex 96.25 2.96891 2
      vertex 76.1307 3.22326 2
    endloop
  endfacet
  facet normal 0 0 1
    outer loop
      vertex 96.25 2.96891 2
      vertex 75.75 2.96891 2
      vertex 96.6606 2.76642 2
    endloop
  endfacet
  facet normal 0 0 1
    outer loop
      vertex 75.3394 2.76642 2
      vertex 96.6606 2.76642 2
      vertex 75.75 2.96891 2
    endloop
  endfacet
  facet normal 0 0 1
    outer loop
      vertex 96.6606 2.76642 2
      vertex 75.3394 2.76642 2
      vertex 97.0941 2.61926 2
    endloop
  endfacet
  facet normal 0 0 1
    outer loop
      vertex 74.9059 2.61926 2
      vertex 97.0941 2.61926 2
      vertex 75.3394 2.76642 2
    endloop
  endfacet
  facet normal 0 0 1
    outer loop
      vertex 97.0941 2.61926 2
      vertex 74.9059 2.61926 2
      vertex 97.5432 2.52994 2
    endloop
  endfacet
  facet normal 0 0 1
    outer loop
      vertex 74.4568 2.52994 2
      vertex 97.5432 2.52994 2
      vertex 74.9059 2.61926 2
    endloop
  endfacet
  facet normal 0 0 1
    outer loop
      vertex 97.5432 2.52994 2
      vertex 74.4568 2.52994 2
      vertex 99 2.4 2
    endloop
  endfacet
  facet normal -0 0 1
    outer loop
      vertex 74 2.5 2
      vertex 99 2.4 2
      vertex 74.4568 2.52994 2
    endloop
  endfacet
  facet normal 0 0 1
    outer loop
      vertex 68.8026 6.33332 2
      vertex 70.5299 6.45684 2
      vertex 68.83 6.751 2
    endloop
  endfacet
  facet normal 0 0 1
    outer loop
      vertex 70.5299 6.45684 2
      vertex 68.8026 6.33332 2
      vertex 70.5 6 2
    endloop
  endfacet
  facet normal 0 0 1
    outer loop
      vertex 68.721 5.92278 2
      vertex 70.5 6 2
      vertex 68.8026 6.33332 2
    endloop
  endfacet
  facet normal 0 0 1
    outer loop
      vertex 70.5 6 2
      vertex 68.721 5.92278 2
      vertex 70.5299 5.54316 2
    endloop
  endfacet
  facet normal 0 0 1
    outer loop
      vertex 68.5864 5.52641 2
      vertex 70.5299 5.54316 2
      vertex 68.721 5.92278 2
    endloop
  endfacet
  facet normal 0 0 1
    outer loop
      vertex 70.5299 5.54316 2
      vertex 68.5864 5.52641 2
      vertex 70.6193 5.09413 2
    endloop
  endfacet
  facet normal -0 0 1
    outer loop
      vertex 68.4013 5.151 2
      vertex 70.6193 5.09413 2
      vertex 68.5864 5.52641 2
    endloop
  endfacet
  facet normal 0 0 1
    outer loop
      vertex 70.6193 5.09413 2
      vertex 68.4013 5.151 2
      vertex 70.7664 4.66061 2
    endloop
  endfacet
  facet normal -0 0 1
    outer loop
      vertex 68.1687 4.80296 2
      vertex 70.7664 4.66061 2
      vertex 68.4013 5.151 2
    endloop
  endfacet
  facet normal 0 0 1
    outer loop
      vertex 70.7664 4.66061 2
      vertex 68.1687 4.80296 2
      vertex 70.9689 4.25 2
    endloop
  endfacet
  facet normal -0 0 1
    outer loop
      vertex 67.8927 4.48826 2
      vertex 70.9689 4.25 2
      vertex 68.1687 4.80296 2
    endloop
  endfacet
  facet normal 0 0 1
    outer loop
      vertex 70.9689 4.25 2
      vertex 67.8927 4.48826 2
      vertex 71.2233 3.86933 2
    endloop
  endfacet
  facet normal -0 0 1
    outer loop
      vertex 67.578 4.21227 2
      vertex 71.2233 3.86933 2
      vertex 67.8927 4.48826 2
    endloop
  endfacet
  facet normal 0 0 1
    outer loop
      vertex 71.2233 3.86933 2
      vertex 67.578 4.21227 2
      vertex 71.5251 3.52513 2
    endloop
  endfacet
  facet normal -0 0 1
    outer loop
      vertex 67.23 3.97972 2
      vertex 71.5251 3.52513 2
      vertex 67.578 4.21227 2
    endloop
  endfacet
  facet normal 0 0 1
    outer loop
      vertex 71.5251 3.52513 2
      vertex 67.23 3.97972 2
      vertex 71.8693 3.22326 2
    endloop
  endfacet
  facet normal -0 0 1
    outer loop
      vertex 66.8546 3.79459 2
      vertex 71.8693 3.22326 2
      vertex 67.23 3.97972 2
    endloop
  endfacet
  facet normal 0 0 1
    outer loop
      vertex 71.8693 3.22326 2
      vertex 66.8546 3.79459 2
      vertex 72.25 2.96891 2
    endloop
  endfacet
  facet normal -0 0 1
    outer loop
      vertex 66.4582 3.66004 2
      vertex 72.25 2.96891 2
      vertex 66.8546 3.79459 2
    endloop
  endfacet
  facet normal 0 0 1
    outer loop
      vertex 72.25 2.96891 2
      vertex 66.4582 3.66004 2
      vertex 72.6606 2.76642 2
    endloop
  endfacet
  facet normal -0 0 1
    outer loop
      vertex 66.0477 3.57838 2
      vertex 72.6606 2.76642 2
      vertex 66.4582 3.66004 2
    endloop
  endfacet
  facet normal 0 0 1
    outer loop
      vertex 72.6606 2.76642 2
      vertex 66.0477 3.57838 2
      vertex 73.0941 2.61926 2
    endloop
  endfacet
  facet normal -0 0 1
    outer loop
      vertex 65.63 3.551 2
      vertex 73.0941 2.61926 2
      vertex 66.0477 3.57838 2
    endloop
  endfacet
  facet normal 0 0 1
    outer loop
      vertex 73.0941 2.61926 2
      vertex 65.63 3.551 2
      vertex 73.5432 2.52994 2
    endloop
  endfacet
  facet normal 0 0 1
    outer loop
      vertex 65.2123 3.57838 2
      vertex 73.5432 2.52994 2
      vertex 65.63 3.551 2
    endloop
  endfacet
  facet normal 0 0 1
    outer loop
      vertex 63.63 8.751 2
      vertex 59.22 11.101 2
      vertex 63.63 4.25784 2
    endloop
  endfacet
  facet normal 0 0 1
    outer loop
      vertex 7.94 4.25784 2
      vertex 59.22 11.101 2
      vertex 8.72 11.101 2
    endloop
  endfacet
  facet normal 0 0 1
    outer loop
      vertex 59.22 11.101 2
      vertex 7.94 4.25784 2
      vertex 63.63 4.25784 2
    endloop
  endfacet
  facet normal 0 0 1
    outer loop
      vertex 63.63 4.25784 2
      vertex 7.94 4.25784 2
      vertex 63.682 4.21227 2
    endloop
  endfacet
  facet normal 0 0 1
    outer loop
      vertex 7.88804 4.21227 2
      vertex 63.682 4.21227 2
      vertex 7.94 4.25784 2
    endloop
  endfacet
  facet normal 0 0 1
    outer loop
      vertex 63.682 4.21227 2
      vertex 7.88804 4.21227 2
      vertex 64.03 3.97972 2
    endloop
  endfacet
  facet normal 0 0 1
    outer loop
      vertex 7.54 3.97972 2
      vertex 64.03 3.97972 2
      vertex 7.88804 4.21227 2
    endloop
  endfacet
  facet normal -0 0 1
    outer loop
      vertex 3.44684 52.249 2
      vertex 8.72 50.001 2
      vertex 7.94 52.249 2
    endloop
  endfacet
  facet normal 0 0 1
    outer loop
      vertex 8.72 50.001 2
      vertex 3.44684 52.249 2
      vertex 8.72 11.101 2
    endloop
  endfacet
  facet normal 0 0 1
    outer loop
      vertex 7.94 4.25784 2
      vertex 8.72 11.101 2
      vertex 7.94 8.751 2
    endloop
  endfacet
  facet normal 0 0 1
    outer loop
      vertex 4.99999 2.4 2
      vertex 64.03 3.97972 2
      vertex 7.54 3.97972 2
    endloop
  endfacet
  facet normal 0 0 1
    outer loop
      vertex 64.03 3.97972 2
      vertex 4.99999 2.4 2
      vertex 64.4054 3.79459 2
    endloop
  endfacet
  facet normal 0 0 1
    outer loop
      vertex 64.4054 3.79459 2
      vertex 4.99999 2.4 2
      vertex 64.8018 3.66004 2
    endloop
  endfacet
  facet normal 0 0 1
    outer loop
      vertex 64.8018 3.66004 2
      vertex 4.99999 2.4 2
      vertex 65.2123 3.57838 2
    endloop
  endfacet
  facet normal 0 0 1
    outer loop
      vertex 65.2123 3.57838 2
      vertex 4.99999 2.4 2
      vertex 73.5432 2.52994 2
    endloop
  endfacet
  facet normal 0 0 1
    outer loop
      vertex 4.99999 2.4 2
      vertex 7.54 3.97972 2
      vertex 7.16459 3.79459 2
    endloop
  endfacet
  facet normal 0 0 1
    outer loop
      vertex 4.99999 2.4 2
      vertex 7.16459 3.79459 2
      vertex 6.76822 3.66004 2
    endloop
  endfacet
  facet normal 0 0 1
    outer loop
      vertex 4.99999 2.4 2
      vertex 6.76822 3.66004 2
      vertex 6.35768 3.57838 2
    endloop
  endfacet
  facet normal 0 0 1
    outer loop
      vertex 4.99999 2.4 2
      vertex 6.35768 3.57838 2
      vertex 5.94 3.551 2
    endloop
  endfacet
  facet normal 0 0 1
    outer loop
      vertex 74 2.5 2
      vertex 4.99999 2.4 2
      vertex 99 2.4 2
    endloop
  endfacet
  facet normal 0 0 1
    outer loop
      vertex 73.5432 2.52994 2
      vertex 4.99999 2.4 2
      vertex 74 2.5 2
    endloop
  endfacet
  facet normal 0 0 1
    outer loop
      vertex 5.52232 3.57838 2
      vertex 4.99999 2.4 2
      vertex 5.94 3.551 2
    endloop
  endfacet
  facet normal 0 0 1
    outer loop
      vertex 5.11178 3.66004 2
      vertex 4.99999 2.4 2
      vertex 5.52232 3.57838 2
    endloop
  endfacet
  facet normal 0 0 1
    outer loop
      vertex 4.66062 2.42223 2
      vertex 5.11178 3.66004 2
      vertex 4.71541 3.79459 2
    endloop
  endfacet
  facet normal 0 0 1
    outer loop
      vertex 5.11178 3.66004 2
      vertex 4.66062 2.42223 2
      vertex 4.99999 2.4 2
    endloop
  endfacet
  facet normal 0 0 1
    outer loop
      vertex 4.00501 2.59791 2
      vertex 4.71541 3.79459 2
      vertex 4.34 3.97972 2
    endloop
  endfacet
  facet normal 0 0 1
    outer loop
      vertex 4.71541 3.79459 2
      vertex 4.32706 2.48859 2
      vertex 4.66062 2.42223 2
    endloop
  endfacet
  facet normal 0 0 1
    outer loop
      vertex 4.71541 3.79459 2
      vertex 4.00501 2.59791 2
      vertex 4.32706 2.48859 2
    endloop
  endfacet
  facet normal 0 0 1
    outer loop
      vertex 3.41721 2.93728 2
      vertex 4.34 3.97972 2
      vertex 3.99196 4.21227 2
    endloop
  endfacet
  facet normal 0 0 1
    outer loop
      vertex 4.34 3.97972 2
      vertex 3.69999 2.74833 2
      vertex 4.00501 2.59791 2
    endloop
  endfacet
  facet normal 0 0 1
    outer loop
      vertex 2.93728 3.41721 2
      vertex 3.99196 4.21227 2
      vertex 3.67726 4.48826 2
    endloop
  endfacet
  facet normal 0 0 1
    outer loop
      vertex 4.34 3.97972 2
      vertex 3.41721 2.93728 2
      vertex 3.69999 2.74833 2
    endloop
  endfacet
  facet normal 0 0 1
    outer loop
      vertex 2.59791 4.00501 2
      vertex 3.67726 4.48826 2
      vertex 3.40127 4.80296 2
    endloop
  endfacet
  facet normal 0 0 1
    outer loop
      vertex 2.42223 4.66062 2
      vertex 3.40127 4.80296 2
      vertex 3.16872 5.151 2
    endloop
  endfacet
  facet normal 0 0 1
    outer loop
      vertex 3.99196 4.21227 2
      vertex 3.16152 3.16152 2
      vertex 3.41721 2.93728 2
    endloop
  endfacet
  facet normal 0 0 1
    outer loop
      vertex 2.4 4.99999 2
      vertex 3.16872 5.151 2
      vertex 2.98359 5.52641 2
    endloop
  endfacet
  facet normal 0 0 1
    outer loop
      vertex 3.99196 4.21227 2
      vertex 2.93728 3.41721 2
      vertex 3.16152 3.16152 2
    endloop
  endfacet
  facet normal 0 0 1
    outer loop
      vertex 2.4 4.99999 2
      vertex 2.98359 5.52641 2
      vertex 2.84904 5.92278 2
    endloop
  endfacet
  facet normal 0 0 1
    outer loop
      vertex 2.4 4.99999 2
      vertex 2.84904 5.92278 2
      vertex 2.76738 6.33332 2
    endloop
  endfacet
  facet normal 0 0 1
    outer loop
      vertex 3.67726 4.48826 2
      vertex 2.74833 3.69999 2
      vertex 2.93728 3.41721 2
    endloop
  endfacet
  facet normal 0 0 1
    outer loop
      vertex 2.4 4.99999 2
      vertex 2.76738 6.33332 2
      vertex 2.74 6.751 2
    endloop
  endfacet
  facet normal 0 0 1
    outer loop
      vertex 2.4 4.99999 2
      vertex 2.76738 7.16868 2
      vertex 2.4 56 2
    endloop
  endfacet
  facet normal 0 0 1
    outer loop
      vertex 2.76738 7.16868 2
      vertex 2.4 4.99999 2
      vertex 2.74 6.751 2
    endloop
  endfacet
  facet normal 0 0 1
    outer loop
      vertex 3.16872 55.849 2
      vertex 2.4 56 2
      vertex 2.98359 55.4736 2
    endloop
  endfacet
  facet normal 0 0 1
    outer loop
      vertex 3.16872 5.151 2
      vertex 2.4 4.99999 2
      vertex 2.42223 4.66062 2
    endloop
  endfacet
  facet normal 0 0 1
    outer loop
      vertex 2.98359 55.4736 2
      vertex 2.4 56 2
      vertex 2.84904 55.0772 2
    endloop
  endfacet
  facet normal 0 0 1
    outer loop
      vertex 3.67726 4.48826 2
      vertex 2.59791 4.00501 2
      vertex 2.74833 3.69999 2
    endloop
  endfacet
  facet normal 0 0 1
    outer loop
      vertex 3.40127 4.80296 2
      vertex 2.48859 4.32706 2
      vertex 2.59791 4.00501 2
    endloop
  endfacet
  facet normal 0 0 1
    outer loop
      vertex 3.40127 4.80296 2
      vertex 2.42223 4.66062 2
      vertex 2.48859 4.32706 2
    endloop
  endfacet
  facet normal -0 0 1
    outer loop
      vertex 88.6683 30.0171 2
      vertex 92.7075 28.4494 2
      vertex 88.7 30.5 2
    endloop
  endfacet
  facet normal -0 0 1
    outer loop
      vertex 88.5739 29.5424 2
      vertex 92.7075 28.4494 2
      vertex 88.6683 30.0171 2
    endloop
  endfacet
  facet normal -0 0 1
    outer loop
      vertex 88.4184 29.0841 2
      vertex 92.7075 28.4494 2
      vertex 88.5739 29.5424 2
    endloop
  endfacet
  facet normal -0 0 1
    outer loop
      vertex 88.2043 28.65 2
      vertex 92.7075 28.4494 2
      vertex 88.4184 29.0841 2
    endloop
  endfacet
  facet normal 0 0 1
    outer loop
      vertex 87.9354 28.2476 2
      vertex 92.7075 28.4494 2
      vertex 88.2043 28.65 2
    endloop
  endfacet
  facet normal 0 0 1
    outer loop
      vertex 87.6163 27.8837 2
      vertex 92.7075 28.4494 2
      vertex 87.9354 28.2476 2
    endloop
  endfacet
  facet normal 0 0 1
    outer loop
      vertex 87.0506 22.7925 2
      vertex 87.6163 27.8837 2
      vertex 87.2524 27.5646 2
    endloop
  endfacet
  facet normal -0 0 1
    outer loop
      vertex 87.6163 27.8837 2
      vertex 87.0506 22.7925 2
      vertex 92.7075 28.4494 2
    endloop
  endfacet
  facet normal 0 -0 1
    outer loop
      vertex 87.0506 22.7925 2
      vertex 87.2524 27.5646 2
      vertex 86.85 27.2957 2
    endloop
  endfacet
  facet normal -0.750724 0.660616 0
    outer loop
      vertex 100.838 3.16152 2
      vertex 101.063 3.41721 29.6
      vertex 101.063 3.41721 2
    endloop
  endfacet
  facet normal -0.750724 0.660616 0
    outer loop
      vertex 101.063 3.41721 29.6
      vertex 100.838 3.16152 2
      vertex 100.838 3.16152 29.6
    endloop
  endfacet
  facet normal 0.0652758 -0.997867 0
    outer loop
      vertex 4.66062 58.5778 2
      vertex 4.99999 58.6 29.6
      vertex 4.66062 58.5778 29.6
    endloop
  endfacet
  facet normal 0.0652758 -0.997867 0
    outer loop
      vertex 4.99999 58.6 29.6
      vertex 4.66062 58.5778 2
      vertex 4.99999 58.6 2
    endloop
  endfacet
  facet normal -0.831398 0.555677 0
    outer loop
      vertex 101.063 3.41721 2
      vertex 101.252 3.69999 29.6
      vertex 101.252 3.69999 2
    endloop
  endfacet
  facet normal -0.831398 0.555677 0
    outer loop
      vertex 101.252 3.69999 29.6
      vertex 101.063 3.41721 2
      vertex 101.063 3.41721 29.6
    endloop
  endfacet
  facet normal 0.946946 -0.321391 0
    outer loop
      vertex 2.48859 56.6729 29.6
      vertex 2.59791 56.995 2
      vertex 2.59791 56.995 29.6
    endloop
  endfacet
  facet normal 0.946946 -0.321391 0
    outer loop
      vertex 2.59791 56.995 2
      vertex 2.48859 56.6729 29.6
      vertex 2.48859 56.6729 2
    endloop
  endfacet
  facet normal 0.555575 0.831466 -0
    outer loop
      vertex 3.69999 2.74833 2
      vertex 3.41721 2.93728 29.6
      vertex 3.69999 2.74833 29.6
    endloop
  endfacet
  facet normal 0.555575 0.831466 0
    outer loop
      vertex 3.41721 2.93728 29.6
      vertex 3.69999 2.74833 2
      vertex 3.41721 2.93728 2
    endloop
  endfacet
  facet normal -0.442314 0.89686 0
    outer loop
      vertex 100.3 2.74833 2
      vertex 99.995 2.59791 29.6
      vertex 100.3 2.74833 29.6
    endloop
  endfacet
  facet normal -0.442314 0.89686 0
    outer loop
      vertex 99.995 2.59791 29.6
      vertex 100.3 2.74833 2
      vertex 99.995 2.59791 2
    endloop
  endfacet
  facet normal -0.660296 -0.751006 0
    outer loop
      vertex 100.583 58.0627 2
      vertex 100.838 57.8385 29.6
      vertex 100.583 58.0627 29.6
    endloop
  endfacet
  facet normal -0.660296 -0.751006 -0
    outer loop
      vertex 100.838 57.8385 29.6
      vertex 100.583 58.0627 2
      vertex 100.838 57.8385 2
    endloop
  endfacet
  facet normal 0.321383 -0.946949 0
    outer loop
      vertex 4.00501 58.4021 2
      vertex 4.32706 58.5114 29.6
      vertex 4.00501 58.4021 29.6
    endloop
  endfacet
  facet normal 0.321383 -0.946949 0
    outer loop
      vertex 4.32706 58.5114 29.6
      vertex 4.00501 58.4021 2
      vertex 4.32706 58.5114 2
    endloop
  endfacet
  facet normal 0.321436 0.946931 -0
    outer loop
      vertex 4.32706 2.48859 2
      vertex 4.00501 2.59791 29.6
      vertex 4.32706 2.48859 29.6
    endloop
  endfacet
  facet normal 0.321436 0.946931 0
    outer loop
      vertex 4.00501 2.59791 29.6
      vertex 4.32706 2.48859 2
      vertex 4.00501 2.59791 2
    endloop
  endfacet
  facet normal 0.831466 0.555575 0
    outer loop
      vertex 2.93728 3.41721 29.6
      vertex 2.74833 3.69999 2
      vertex 2.74833 3.69999 29.6
    endloop
  endfacet
  facet normal 0.831466 0.555575 0
    outer loop
      vertex 2.74833 3.69999 2
      vertex 2.93728 3.41721 29.6
      vertex 2.93728 3.41721 2
    endloop
  endfacet
  facet normal -0.195268 -0.98075 0
    outer loop
      vertex 99.3394 58.5778 2
      vertex 99.6729 58.5114 29.6
      vertex 99.3394 58.5778 29.6
    endloop
  endfacet
  facet normal -0.195268 -0.98075 -0
    outer loop
      vertex 99.6729 58.5114 29.6
      vertex 99.3394 58.5778 2
      vertex 99.6729 58.5114 2
    endloop
  endfacet
  facet normal 0.659356 0.751831 -0
    outer loop
      vertex 3.41721 2.93728 2
      vertex 3.16152 3.16152 29.6
      vertex 3.41721 2.93728 29.6
    endloop
  endfacet
  facet normal 0.659356 0.751831 0
    outer loop
      vertex 3.16152 3.16152 29.6
      vertex 3.41721 2.93728 2
      vertex 3.16152 3.16152 2
    endloop
  endfacet
  facet normal 0.751831 0.659356 0
    outer loop
      vertex 3.16152 3.16152 29.6
      vertex 2.93728 3.41721 2
      vertex 2.93728 3.41721 29.6
    endloop
  endfacet
  facet normal 0.751831 0.659356 0
    outer loop
      vertex 2.93728 3.41721 2
      vertex 3.16152 3.16152 29.6
      vertex 3.16152 3.16152 2
    endloop
  endfacet
  facet normal -0.980418 0.19693 0
    outer loop
      vertex 101.511 4.32706 2
      vertex 101.578 4.66062 29.6
      vertex 101.578 4.66062 2
    endloop
  endfacet
  facet normal -0.980418 0.19693 0
    outer loop
      vertex 101.578 4.66062 29.6
      vertex 101.511 4.32706 2
      vertex 101.511 4.32706 29.6
    endloop
  endfacet
  facet normal -0.947217 0.320592 0
    outer loop
      vertex 101.402 4.00501 2
      vertex 101.511 4.32706 29.6
      vertex 101.511 4.32706 2
    endloop
  endfacet
  facet normal -0.947217 0.320592 0
    outer loop
      vertex 101.511 4.32706 29.6
      vertex 101.402 4.00501 2
      vertex 101.402 4.00501 29.6
    endloop
  endfacet
  facet normal 0.0653636 0.997862 -0
    outer loop
      vertex 4.99999 2.4 2
      vertex 4.66062 2.42223 29.6
      vertex 4.99999 2.4 29.6
    endloop
  endfacet
  facet normal 0.0653636 0.997862 0
    outer loop
      vertex 4.66062 2.42223 29.6
      vertex 4.99999 2.4 2
      vertex 4.66062 2.42223 2
    endloop
  endfacet
  facet normal 0.195121 0.980779 -0
    outer loop
      vertex 4.66062 2.42223 2
      vertex 4.32706 2.48859 29.6
      vertex 4.66062 2.42223 29.6
    endloop
  endfacet
  facet normal 0.195121 0.980779 0
    outer loop
      vertex 4.32706 2.48859 29.6
      vertex 4.66062 2.42223 2
      vertex 4.32706 2.48859 2
    endloop
  endfacet
  facet normal 0.946931 0.321436 0
    outer loop
      vertex 2.59791 4.00501 29.6
      vertex 2.48859 4.32706 2
      vertex 2.48859 4.32706 29.6
    endloop
  endfacet
  facet normal 0.946931 0.321436 0
    outer loop
      vertex 2.48859 4.32706 2
      vertex 2.59791 4.00501 29.6
      vertex 2.59791 4.00501 2
    endloop
  endfacet
  facet normal 0.555565 -0.831473 0
    outer loop
      vertex 7.54 3.97972 2
      vertex 7.88804 4.21227 4.96
      vertex 7.54 3.97972 4.96
    endloop
  endfacet
  facet normal 0.555565 -0.831473 0
    outer loop
      vertex 7.88804 4.21227 4.96
      vertex 7.54 3.97972 2
      vertex 7.88804 4.21227 2
    endloop
  endfacet
  facet normal -0.195087 -0.980786 0
    outer loop
      vertex 5.11178 3.66004 2
      vertex 5.52232 3.57838 4.96
      vertex 5.11178 3.66004 4.96
    endloop
  endfacet
  facet normal -0.195087 -0.980786 -0
    outer loop
      vertex 5.52232 3.57838 4.96
      vertex 5.11178 3.66004 2
      vertex 5.52232 3.57838 2
    endloop
  endfacet
  facet normal -0.94693 0.321441 0
    outer loop
      vertex 2.84904 7.57922 2
      vertex 2.98359 7.97559 4.96
      vertex 2.98359 7.97559 2
    endloop
  endfacet
  facet normal -0.94693 0.321441 0
    outer loop
      vertex 2.98359 7.97559 4.96
      vertex 2.84904 7.57922 2
      vertex 2.84904 7.57922 4.96
    endloop
  endfacet
  facet normal -0.997858 -0.0654122 0
    outer loop
      vertex 2.76738 6.33332 2
      vertex 2.74 6.751 4.96
      vertex 2.74 6.751 2
    endloop
  endfacet
  facet normal -0.997858 -0.0654122 0
    outer loop
      vertex 2.74 6.751 4.96
      vertex 2.76738 6.33332 2
      vertex 2.76738 6.33332 4.96
    endloop
  endfacet
  facet normal -0.0654122 -0.997858 0
    outer loop
      vertex 5.52232 3.57838 2
      vertex 5.94 3.551 4.96
      vertex 5.52232 3.57838 4.96
    endloop
  endfacet
  facet normal -0.0654122 -0.997858 -0
    outer loop
      vertex 5.94 3.551 4.96
      vertex 5.52232 3.57838 2
      vertex 5.94 3.551 2
    endloop
  endfacet
  facet normal -0.94693 -0.321441 0
    outer loop
      vertex 2.98359 5.52641 2
      vertex 2.84904 5.92278 4.96
      vertex 2.84904 5.92278 2
    endloop
  endfacet
  facet normal -0.94693 -0.321441 0
    outer loop
      vertex 2.84904 5.92278 4.96
      vertex 2.98359 5.52641 2
      vertex 2.98359 5.52641 4.96
    endloop
  endfacet
  facet normal -0.980786 -0.195087 0
    outer loop
      vertex 2.84904 5.92278 2
      vertex 2.76738 6.33332 4.96
      vertex 2.76738 6.33332 2
    endloop
  endfacet
  facet normal -0.980786 -0.195087 0
    outer loop
      vertex 2.76738 6.33332 4.96
      vertex 2.84904 5.92278 2
      vertex 2.84904 5.92278 4.96
    endloop
  endfacet
  facet normal -0.751833 -0.659353 0
    outer loop
      vertex 3.67726 4.48826 2
      vertex 3.40127 4.80296 4.96
      vertex 3.40127 4.80296 2
    endloop
  endfacet
  facet normal -0.751833 -0.659353 0
    outer loop
      vertex 3.40127 4.80296 4.96
      vertex 3.67726 4.48826 2
      vertex 3.67726 4.48826 4.96
    endloop
  endfacet
  facet normal -0.896874 0.442285 0
    outer loop
      vertex 2.98359 7.97559 2
      vertex 3.16872 8.351 4.96
      vertex 3.16872 8.351 2
    endloop
  endfacet
  facet normal -0.896874 0.442285 0
    outer loop
      vertex 3.16872 8.351 4.96
      vertex 2.98359 7.97559 2
      vertex 2.98359 7.97559 4.96
    endloop
  endfacet
  facet normal -0.751823 0.659365 0
    outer loop
      vertex 3.40127 8.69904 2
      vertex 3.44684 8.751 4.96
      vertex 3.44684 8.751 2
    endloop
  endfacet
  facet normal -0.751823 0.659365 0
    outer loop
      vertex 3.44684 8.751 4.96
      vertex 3.40127 8.69904 2
      vertex 3.40127 8.69904 4.96
    endloop
  endfacet
  facet normal 0.659365 -0.751823 0
    outer loop
      vertex 7.88804 4.21227 2
      vertex 7.94 4.25784 4.96
      vertex 7.88804 4.21227 4.96
    endloop
  endfacet
  facet normal 0.659365 -0.751823 0
    outer loop
      vertex 7.94 4.25784 4.96
      vertex 7.88804 4.21227 2
      vertex 7.94 4.25784 2
    endloop
  endfacet
  facet normal -0.831473 -0.555565 0
    outer loop
      vertex 3.40127 4.80296 2
      vertex 3.16872 5.151 4.96
      vertex 3.16872 5.151 2
    endloop
  endfacet
  facet normal -0.831473 -0.555565 0
    outer loop
      vertex 3.16872 5.151 4.96
      vertex 3.40127 4.80296 2
      vertex 3.40127 4.80296 4.96
    endloop
  endfacet
  facet normal 0.0654122 -0.997858 0
    outer loop
      vertex 5.94 3.551 2
      vertex 6.35768 3.57838 4.96
      vertex 5.94 3.551 4.96
    endloop
  endfacet
  facet normal 0.0654122 -0.997858 0
    outer loop
      vertex 6.35768 3.57838 4.96
      vertex 5.94 3.551 2
      vertex 6.35768 3.57838 2
    endloop
  endfacet
  facet normal -0.896874 -0.442285 0
    outer loop
      vertex 3.16872 5.151 2
      vertex 2.98359 5.52641 4.96
      vertex 2.98359 5.52641 2
    endloop
  endfacet
  facet normal -0.896874 -0.442285 0
    outer loop
      vertex 2.98359 5.52641 4.96
      vertex 3.16872 5.151 2
      vertex 3.16872 5.151 4.96
    endloop
  endfacet
  facet normal -0.659353 -0.751833 0
    outer loop
      vertex 3.67726 4.48826 2
      vertex 3.99196 4.21227 4.96
      vertex 3.67726 4.48826 4.96
    endloop
  endfacet
  facet normal -0.659353 -0.751833 -0
    outer loop
      vertex 3.99196 4.21227 4.96
      vertex 3.67726 4.48826 2
      vertex 3.99196 4.21227 2
    endloop
  endfacet
  facet normal -0.980786 0.195087 0
    outer loop
      vertex 2.76738 7.16868 2
      vertex 2.84904 7.57922 4.96
      vertex 2.84904 7.57922 2
    endloop
  endfacet
  facet normal -0.980786 0.195087 0
    outer loop
      vertex 2.84904 7.57922 4.96
      vertex 2.76738 7.16868 2
      vertex 2.76738 7.16868 4.96
    endloop
  endfacet
  facet normal 0.195087 -0.980786 0
    outer loop
      vertex 6.35768 3.57838 2
      vertex 6.76822 3.66004 4.96
      vertex 6.35768 3.57838 4.96
    endloop
  endfacet
  facet normal 0.195087 -0.980786 0
    outer loop
      vertex 6.76822 3.66004 4.96
      vertex 6.35768 3.57838 2
      vertex 6.76822 3.66004 2
    endloop
  endfacet
  facet normal 0.321441 -0.94693 0
    outer loop
      vertex 6.76822 3.66004 2
      vertex 7.16459 3.79459 4.96
      vertex 6.76822 3.66004 4.96
    endloop
  endfacet
  facet normal 0.321441 -0.94693 0
    outer loop
      vertex 7.16459 3.79459 4.96
      vertex 6.76822 3.66004 2
      vertex 7.16459 3.79459 2
    endloop
  endfacet
  facet normal 0.442285 -0.896874 0
    outer loop
      vertex 7.16459 3.79459 2
      vertex 7.54 3.97972 4.96
      vertex 7.16459 3.79459 4.96
    endloop
  endfacet
  facet normal 0.442285 -0.896874 0
    outer loop
      vertex 7.54 3.97972 4.96
      vertex 7.16459 3.79459 2
      vertex 7.54 3.97972 2
    endloop
  endfacet
  facet normal -0.997858 0.0654122 0
    outer loop
      vertex 2.74 6.751 2
      vertex 2.76738 7.16868 4.96
      vertex 2.76738 7.16868 2
    endloop
  endfacet
  facet normal -0.997858 0.0654122 0
    outer loop
      vertex 2.76738 7.16868 4.96
      vertex 2.74 6.751 2
      vertex 2.74 6.751 4.96
    endloop
  endfacet
  facet normal -0.321441 -0.94693 0
    outer loop
      vertex 4.71541 3.79459 2
      vertex 5.11178 3.66004 4.96
      vertex 4.71541 3.79459 4.96
    endloop
  endfacet
  facet normal -0.321441 -0.94693 -0
    outer loop
      vertex 5.11178 3.66004 4.96
      vertex 4.71541 3.79459 2
      vertex 5.11178 3.66004 2
    endloop
  endfacet
  facet normal -0.831473 0.555565 0
    outer loop
      vertex 3.16872 8.351 2
      vertex 3.40127 8.69904 4.96
      vertex 3.40127 8.69904 2
    endloop
  endfacet
  facet normal -0.831473 0.555565 0
    outer loop
      vertex 3.40127 8.69904 4.96
      vertex 3.16872 8.351 2
      vertex 3.16872 8.351 4.96
    endloop
  endfacet
  facet normal -0.442285 -0.896874 0
    outer loop
      vertex 4.34 3.97972 2
      vertex 4.71541 3.79459 4.96
      vertex 4.34 3.97972 4.96
    endloop
  endfacet
  facet normal -0.442285 -0.896874 -0
    outer loop
      vertex 4.71541 3.79459 4.96
      vertex 4.34 3.97972 2
      vertex 4.71541 3.79459 2
    endloop
  endfacet
  facet normal -0.555565 -0.831473 0
    outer loop
      vertex 3.99196 4.21227 2
      vertex 4.34 3.97972 4.96
      vertex 3.99196 4.21227 4.96
    endloop
  endfacet
  facet normal -0.555565 -0.831473 -0
    outer loop
      vertex 4.34 3.97972 4.96
      vertex 3.99196 4.21227 2
      vertex 4.34 3.97972 2
    endloop
  endfacet
  facet normal -0 0 1
    outer loop
      vertex 7.04 6.751 4.96
      vertex 7.94 4.25784 4.96
      vertex 7.94 8.751 4.96
    endloop
  endfacet
  facet normal -0 0 1
    outer loop
      vertex 7.00252 6.4663 4.96
      vertex 7.94 4.25784 4.96
      vertex 7.03059 6.60742 4.96
    endloop
  endfacet
  facet normal -0 0 1
    outer loop
      vertex 6.95627 6.33005 4.96
      vertex 7.94 4.25784 4.96
      vertex 7.00252 6.4663 4.96
    endloop
  endfacet
  facet normal 0 0 1
    outer loop
      vertex 7.94 4.25784 4.96
      vertex 7.04 6.751 4.96
      vertex 7.03059 6.60742 4.96
    endloop
  endfacet
  facet normal 0 0 1
    outer loop
      vertex 7.94 8.751 4.96
      vertex 7.03059 6.89458 4.96
      vertex 7.04 6.751 4.96
    endloop
  endfacet
  facet normal 0 0 1
    outer loop
      vertex 7.94 8.751 4.96
      vertex 7.00252 7.0357 4.96
      vertex 7.03059 6.89458 4.96
    endloop
  endfacet
  facet normal 0 0 1
    outer loop
      vertex 7.94 8.751 4.96
      vertex 6.95627 7.17195 4.96
      vertex 7.00252 7.0357 4.96
    endloop
  endfacet
  facet normal 0 0 1
    outer loop
      vertex 7.94 8.751 4.96
      vertex 6.89263 7.301 4.96
      vertex 6.95627 7.17195 4.96
    endloop
  endfacet
  facet normal 0 0 1
    outer loop
      vertex 7.94 8.751 4.96
      vertex 6.81269 7.42064 4.96
      vertex 6.89263 7.301 4.96
    endloop
  endfacet
  facet normal 0 0 1
    outer loop
      vertex 7.94 8.751 4.96
      vertex 6.71782 7.52882 4.96
      vertex 6.81269 7.42064 4.96
    endloop
  endfacet
  facet normal 0 0 1
    outer loop
      vertex 7.94 8.751 4.96
      vertex 6.60964 7.62369 4.96
      vertex 6.71782 7.52882 4.96
    endloop
  endfacet
  facet normal 0 0 1
    outer loop
      vertex 7.94 8.751 4.96
      vertex 6.49 7.70363 4.96
      vertex 6.60964 7.62369 4.96
    endloop
  endfacet
  facet normal 0 0 1
    outer loop
      vertex 7.94 8.751 4.96
      vertex 6.36095 7.76727 4.96
      vertex 6.49 7.70363 4.96
    endloop
  endfacet
  facet normal 0 0 1
    outer loop
      vertex 7.94 8.751 4.96
      vertex 6.2247 7.81352 4.96
      vertex 6.36095 7.76727 4.96
    endloop
  endfacet
  facet normal 0 0 1
    outer loop
      vertex 7.94 8.751 4.96
      vertex 6.08358 7.84159 4.96
      vertex 6.2247 7.81352 4.96
    endloop
  endfacet
  facet normal 0 0 1
    outer loop
      vertex 7.94 8.751 4.96
      vertex 5.94 7.851 4.96
      vertex 6.08358 7.84159 4.96
    endloop
  endfacet
  facet normal -0 0 1
    outer loop
      vertex 3.44684 8.751 4.96
      vertex 5.94 7.851 4.96
      vertex 7.94 8.751 4.96
    endloop
  endfacet
  facet normal 0 0 1
    outer loop
      vertex 5.94 7.851 4.96
      vertex 3.44684 8.751 4.96
      vertex 5.79642 7.84159 4.96
    endloop
  endfacet
  facet normal 0 0 1
    outer loop
      vertex 5.79642 7.84159 4.96
      vertex 3.44684 8.751 4.96
      vertex 5.6553 7.81352 4.96
    endloop
  endfacet
  facet normal 0 0 1
    outer loop
      vertex 5.39 5.79837 4.96
      vertex 4.34 3.97972 4.96
      vertex 4.71541 3.79459 4.96
    endloop
  endfacet
  facet normal 0 0 1
    outer loop
      vertex 2.74 6.751 4.96
      vertex 4.84 6.751 4.96
      vertex 4.84941 6.89458 4.96
    endloop
  endfacet
  facet normal 0 0 1
    outer loop
      vertex 4.84941 6.60742 4.96
      vertex 3.99196 4.21227 4.96
      vertex 4.34 3.97972 4.96
    endloop
  endfacet
  facet normal 0 0 1
    outer loop
      vertex 2.76738 7.16868 4.96
      vertex 4.84941 6.89458 4.96
      vertex 4.87748 7.0357 4.96
    endloop
  endfacet
  facet normal 0 0 1
    outer loop
      vertex 4.84941 6.60742 4.96
      vertex 3.67726 4.48826 4.96
      vertex 3.99196 4.21227 4.96
    endloop
  endfacet
  facet normal 0 0 1
    outer loop
      vertex 2.84904 7.57922 4.96
      vertex 4.87748 7.0357 4.96
      vertex 4.92373 7.17195 4.96
    endloop
  endfacet
  facet normal 0 0 1
    outer loop
      vertex 5.6553 7.81352 4.96
      vertex 3.44684 8.751 4.96
      vertex 5.51905 7.76727 4.96
    endloop
  endfacet
  facet normal 0 0 1
    outer loop
      vertex 3.44684 8.751 4.96
      vertex 5.39 7.70363 4.96
      vertex 5.51905 7.76727 4.96
    endloop
  endfacet
  facet normal 0 0 1
    outer loop
      vertex 3.44684 8.751 4.96
      vertex 5.27036 7.62369 4.96
      vertex 5.39 7.70363 4.96
    endloop
  endfacet
  facet normal 0 0 1
    outer loop
      vertex 3.44684 8.751 4.96
      vertex 5.16218 7.52882 4.96
      vertex 5.27036 7.62369 4.96
    endloop
  endfacet
  facet normal 0 0 1
    outer loop
      vertex 3.44684 8.751 4.96
      vertex 5.06731 7.42064 4.96
      vertex 5.16218 7.52882 4.96
    endloop
  endfacet
  facet normal -0 0 1
    outer loop
      vertex 3.40127 8.69904 4.96
      vertex 5.06731 7.42064 4.96
      vertex 3.44684 8.751 4.96
    endloop
  endfacet
  facet normal 0 0 1
    outer loop
      vertex 5.06731 7.42064 4.96
      vertex 3.40127 8.69904 4.96
      vertex 4.98737 7.301 4.96
    endloop
  endfacet
  facet normal -0 0 1
    outer loop
      vertex 3.16872 8.351 4.96
      vertex 4.98737 7.301 4.96
      vertex 3.40127 8.69904 4.96
    endloop
  endfacet
  facet normal 0 0 1
    outer loop
      vertex 4.98737 7.301 4.96
      vertex 3.16872 8.351 4.96
      vertex 4.92373 7.17195 4.96
    endloop
  endfacet
  facet normal 0 0 1
    outer loop
      vertex 4.84941 6.60742 4.96
      vertex 3.40127 4.80296 4.96
      vertex 3.67726 4.48826 4.96
    endloop
  endfacet
  facet normal -0 0 1
    outer loop
      vertex 2.98359 7.97559 4.96
      vertex 4.92373 7.17195 4.96
      vertex 3.16872 8.351 4.96
    endloop
  endfacet
  facet normal 0 0 1
    outer loop
      vertex 4.84941 6.60742 4.96
      vertex 3.16872 5.151 4.96
      vertex 3.40127 4.80296 4.96
    endloop
  endfacet
  facet normal -0 0 1
    outer loop
      vertex 2.84904 7.57922 4.96
      vertex 4.92373 7.17195 4.96
      vertex 2.98359 7.97559 4.96
    endloop
  endfacet
  facet normal 0 0 1
    outer loop
      vertex 4.84941 6.60742 4.96
      vertex 2.98359 5.52641 4.96
      vertex 3.16872 5.151 4.96
    endloop
  endfacet
  facet normal 0 0 1
    outer loop
      vertex 4.87748 7.0357 4.96
      vertex 2.84904 7.57922 4.96
      vertex 2.76738 7.16868 4.96
    endloop
  endfacet
  facet normal 0 0 1
    outer loop
      vertex 4.84941 6.60742 4.96
      vertex 2.84904 5.92278 4.96
      vertex 2.98359 5.52641 4.96
    endloop
  endfacet
  facet normal 0 0 1
    outer loop
      vertex 4.84941 6.89458 4.96
      vertex 2.76738 7.16868 4.96
      vertex 2.74 6.751 4.96
    endloop
  endfacet
  facet normal 0 0 1
    outer loop
      vertex 4.84941 6.60742 4.96
      vertex 2.76738 6.33332 4.96
      vertex 2.84904 5.92278 4.96
    endloop
  endfacet
  facet normal 0 0 1
    outer loop
      vertex 4.84 6.751 4.96
      vertex 2.74 6.751 4.96
      vertex 2.76738 6.33332 4.96
    endloop
  endfacet
  facet normal -0 0 1
    outer loop
      vertex 6.89263 6.201 4.96
      vertex 7.94 4.25784 4.96
      vertex 6.95627 6.33005 4.96
    endloop
  endfacet
  facet normal -0 0 1
    outer loop
      vertex 6.81269 6.08136 4.96
      vertex 7.94 4.25784 4.96
      vertex 6.89263 6.201 4.96
    endloop
  endfacet
  facet normal -0 0 1
    outer loop
      vertex 6.71782 5.97318 4.96
      vertex 7.94 4.25784 4.96
      vertex 6.81269 6.08136 4.96
    endloop
  endfacet
  facet normal -0 0 1
    outer loop
      vertex 6.60964 5.87831 4.96
      vertex 7.94 4.25784 4.96
      vertex 6.71782 5.97318 4.96
    endloop
  endfacet
  facet normal 0 0 1
    outer loop
      vertex 7.94 4.25784 4.96
      vertex 6.60964 5.87831 4.96
      vertex 7.88804 4.21227 4.96
    endloop
  endfacet
  facet normal 0 0 1
    outer loop
      vertex 7.88804 4.21227 4.96
      vertex 6.60964 5.87831 4.96
      vertex 7.54 3.97972 4.96
    endloop
  endfacet
  facet normal -0 0 1
    outer loop
      vertex 6.49 5.79837 4.96
      vertex 7.54 3.97972 4.96
      vertex 6.60964 5.87831 4.96
    endloop
  endfacet
  facet normal 0 0 1
    outer loop
      vertex 7.54 3.97972 4.96
      vertex 6.49 5.79837 4.96
      vertex 7.16459 3.79459 4.96
    endloop
  endfacet
  facet normal -0 0 1
    outer loop
      vertex 6.36095 5.73473 4.96
      vertex 7.16459 3.79459 4.96
      vertex 6.49 5.79837 4.96
    endloop
  endfacet
  facet normal 0 0 1
    outer loop
      vertex 7.16459 3.79459 4.96
      vertex 6.36095 5.73473 4.96
      vertex 6.76822 3.66004 4.96
    endloop
  endfacet
  facet normal -0 0 1
    outer loop
      vertex 6.2247 5.68848 4.96
      vertex 6.76822 3.66004 4.96
      vertex 6.36095 5.73473 4.96
    endloop
  endfacet
  facet normal 0 0 1
    outer loop
      vertex 6.76822 3.66004 4.96
      vertex 6.2247 5.68848 4.96
      vertex 6.35768 3.57838 4.96
    endloop
  endfacet
  facet normal -0 0 1
    outer loop
      vertex 6.08358 5.66041 4.96
      vertex 6.35768 3.57838 4.96
      vertex 6.2247 5.68848 4.96
    endloop
  endfacet
  facet normal 0 0 1
    outer loop
      vertex 6.08358 5.66041 4.96
      vertex 5.94 3.551 4.96
      vertex 6.35768 3.57838 4.96
    endloop
  endfacet
  facet normal -0 0 1
    outer loop
      vertex 5.94 5.651 4.96
      vertex 5.94 3.551 4.96
      vertex 6.08358 5.66041 4.96
    endloop
  endfacet
  facet normal 0 0 1
    outer loop
      vertex 5.79642 5.66041 4.96
      vertex 5.94 3.551 4.96
      vertex 5.94 5.651 4.96
    endloop
  endfacet
  facet normal 0 0 1
    outer loop
      vertex 5.52232 3.57838 4.96
      vertex 5.79642 5.66041 4.96
      vertex 5.6553 5.68848 4.96
    endloop
  endfacet
  facet normal 0 0 1
    outer loop
      vertex 5.79642 5.66041 4.96
      vertex 5.52232 3.57838 4.96
      vertex 5.94 3.551 4.96
    endloop
  endfacet
  facet normal 0 0 1
    outer loop
      vertex 5.11178 3.66004 4.96
      vertex 5.6553 5.68848 4.96
      vertex 5.51905 5.73473 4.96
    endloop
  endfacet
  facet normal 0 0 1
    outer loop
      vertex 4.71541 3.79459 4.96
      vertex 5.51905 5.73473 4.96
      vertex 5.39 5.79837 4.96
    endloop
  endfacet
  facet normal 0 0 1
    outer loop
      vertex 4.34 3.97972 4.96
      vertex 5.39 5.79837 4.96
      vertex 5.27036 5.87831 4.96
    endloop
  endfacet
  facet normal 0 0 1
    outer loop
      vertex 4.34 3.97972 4.96
      vertex 5.27036 5.87831 4.96
      vertex 5.16218 5.97318 4.96
    endloop
  endfacet
  facet normal 0 0 1
    outer loop
      vertex 5.6553 5.68848 4.96
      vertex 5.11178 3.66004 4.96
      vertex 5.52232 3.57838 4.96
    endloop
  endfacet
  facet normal 0 0 1
    outer loop
      vertex 4.34 3.97972 4.96
      vertex 5.16218 5.97318 4.96
      vertex 5.06731 6.08136 4.96
    endloop
  endfacet
  facet normal 0 0 1
    outer loop
      vertex 4.34 3.97972 4.96
      vertex 5.06731 6.08136 4.96
      vertex 4.98737 6.201 4.96
    endloop
  endfacet
  facet normal 0 0 1
    outer loop
      vertex 4.34 3.97972 4.96
      vertex 4.98737 6.201 4.96
      vertex 4.92373 6.33005 4.96
    endloop
  endfacet
  facet normal 0 0 1
    outer loop
      vertex 4.34 3.97972 4.96
      vertex 4.92373 6.33005 4.96
      vertex 4.87748 6.4663 4.96
    endloop
  endfacet
  facet normal 0 0 1
    outer loop
      vertex 4.34 3.97972 4.96
      vertex 4.87748 6.4663 4.96
      vertex 4.84941 6.60742 4.96
    endloop
  endfacet
  facet normal 0 0 1
    outer loop
      vertex 5.51905 5.73473 4.96
      vertex 4.71541 3.79459 4.96
      vertex 5.11178 3.66004 4.96
    endloop
  endfacet
  facet normal 0 0 1
    outer loop
      vertex 2.76738 6.33332 4.96
      vertex 4.84941 6.60742 4.96
      vertex 4.84 6.751 4.96
    endloop
  endfacet
  facet normal 1 -0 0
    outer loop
      vertex 7.94 4.25784 4.96
      vertex 7.94 8.751 2
      vertex 7.94 8.751 4.96
    endloop
  endfacet
  facet normal 1 0 0
    outer loop
      vertex 7.94 8.751 2
      vertex 7.94 4.25784 4.96
      vertex 7.94 4.25784 2
    endloop
  endfacet
  facet normal 0 1 -0
    outer loop
      vertex 7.94 8.751 2
      vertex 3.44684 8.751 4.96
      vertex 7.94 8.751 4.96
    endloop
  endfacet
  facet normal 0 1 0
    outer loop
      vertex 3.44684 8.751 4.96
      vertex 7.94 8.751 2
      vertex 3.44684 8.751 2
    endloop
  endfacet
  facet normal 0.321548 0.946893 -0
    outer loop
      vertex 7.16459 57.2054 2
      vertex 6.76822 57.34 4.96
      vertex 7.16459 57.2054 4.96
    endloop
  endfacet
  facet normal 0.321548 0.946893 0
    outer loop
      vertex 6.76822 57.34 4.96
      vertex 7.16459 57.2054 2
      vertex 6.76822 57.34 2
    endloop
  endfacet
  facet normal 0.658792 0.752326 -0
    outer loop
      vertex 7.94 56.7422 2
      vertex 7.88804 56.7877 4.96
      vertex 7.94 56.7422 4.96
    endloop
  endfacet
  facet normal 0.658792 0.752326 0
    outer loop
      vertex 7.88804 56.7877 4.96
      vertex 7.94 56.7422 2
      vertex 7.88804 56.7877 2
    endloop
  endfacet
  facet normal -0.946937 0.321419 0
    outer loop
      vertex 2.84904 55.0772 2
      vertex 2.98359 55.4736 4.96
      vertex 2.98359 55.4736 2
    endloop
  endfacet
  facet normal -0.946937 0.321419 0
    outer loop
      vertex 2.98359 55.4736 4.96
      vertex 2.84904 55.0772 2
      vertex 2.84904 55.0772 4.96
    endloop
  endfacet
  facet normal 0.0654598 0.997855 -0
    outer loop
      vertex 6.35768 57.4216 2
      vertex 5.94 57.449 4.96
      vertex 6.35768 57.4216 4.96
    endloop
  endfacet
  facet normal 0.0654598 0.997855 0
    outer loop
      vertex 5.94 57.449 4.96
      vertex 6.35768 57.4216 2
      vertex 5.94 57.449 2
    endloop
  endfacet
  facet normal -0.321548 0.946893 0
    outer loop
      vertex 5.11178 57.34 2
      vertex 4.71541 57.2054 4.96
      vertex 5.11178 57.34 4.96
    endloop
  endfacet
  facet normal -0.321548 0.946893 0
    outer loop
      vertex 4.71541 57.2054 4.96
      vertex 5.11178 57.34 2
      vertex 4.71541 57.2054 2
    endloop
  endfacet
  facet normal -0.997859 -0.0654091 0
    outer loop
      vertex 2.76738 53.8313 2
      vertex 2.74 54.249 4.96
      vertex 2.74 54.249 2
    endloop
  endfacet
  facet normal -0.997859 -0.0654091 0
    outer loop
      vertex 2.74 54.249 4.96
      vertex 2.76738 53.8313 2
      vertex 2.76738 53.8313 4.96
    endloop
  endfacet
  facet normal -0.946937 -0.321419 0
    outer loop
      vertex 2.98359 53.0244 2
      vertex 2.84904 53.4208 4.96
      vertex 2.84904 53.4208 2
    endloop
  endfacet
  facet normal -0.946937 -0.321419 0
    outer loop
      vertex 2.84904 53.4208 4.96
      vertex 2.98359 53.0244 2
      vertex 2.98359 53.0244 4.96
    endloop
  endfacet
  facet normal -0.980782 -0.195105 0
    outer loop
      vertex 2.84904 53.4208 2
      vertex 2.76738 53.8313 4.96
      vertex 2.76738 53.8313 2
    endloop
  endfacet
  facet normal -0.980782 -0.195105 0
    outer loop
      vertex 2.76738 53.8313 4.96
      vertex 2.84904 53.4208 2
      vertex 2.84904 53.4208 4.96
    endloop
  endfacet
  facet normal 0.194949 0.980813 -0
    outer loop
      vertex 6.76822 57.34 2
      vertex 6.35768 57.4216 4.96
      vertex 6.76822 57.34 4.96
    endloop
  endfacet
  facet normal 0.194949 0.980813 0
    outer loop
      vertex 6.35768 57.4216 4.96
      vertex 6.76822 57.34 2
      vertex 6.35768 57.4216 2
    endloop
  endfacet
  facet normal -0.752075 -0.659078 0
    outer loop
      vertex 3.44684 52.249 2
      vertex 3.40127 52.301 4.96
      vertex 3.40127 52.301 2
    endloop
  endfacet
  facet normal -0.752075 -0.659078 0
    outer loop
      vertex 3.40127 52.301 4.96
      vertex 3.44684 52.249 2
      vertex 3.44684 52.249 4.96
    endloop
  endfacet
  facet normal -0.659367 0.751821 0
    outer loop
      vertex 3.99196 56.7877 2
      vertex 3.67726 56.5117 4.96
      vertex 3.99196 56.7877 4.96
    endloop
  endfacet
  facet normal -0.659367 0.751821 0
    outer loop
      vertex 3.67726 56.5117 4.96
      vertex 3.99196 56.7877 2
      vertex 3.67726 56.5117 2
    endloop
  endfacet
  facet normal -0.89687 0.442295 0
    outer loop
      vertex 2.98359 55.4736 2
      vertex 3.16872 55.849 4.96
      vertex 3.16872 55.849 2
    endloop
  endfacet
  facet normal -0.89687 0.442295 0
    outer loop
      vertex 3.16872 55.849 4.96
      vertex 2.98359 55.4736 2
      vertex 2.98359 55.4736 4.96
    endloop
  endfacet
  facet normal -0.751833 0.659353 0
    outer loop
      vertex 3.40127 56.197 2
      vertex 3.67726 56.5117 4.96
      vertex 3.67726 56.5117 2
    endloop
  endfacet
  facet normal -0.751833 0.659353 0
    outer loop
      vertex 3.67726 56.5117 4.96
      vertex 3.40127 56.197 2
      vertex 3.40127 56.197 4.96
    endloop
  endfacet
  facet normal -0.831443 -0.55561 0
    outer loop
      vertex 3.40127 52.301 2
      vertex 3.16872 52.649 4.96
      vertex 3.16872 52.649 2
    endloop
  endfacet
  facet normal -0.831443 -0.55561 0
    outer loop
      vertex 3.16872 52.649 4.96
      vertex 3.40127 52.301 2
      vertex 3.40127 52.301 4.96
    endloop
  endfacet
  facet normal -0.194949 0.980813 0
    outer loop
      vertex 5.52232 57.4216 2
      vertex 5.11178 57.34 4.96
      vertex 5.52232 57.4216 4.96
    endloop
  endfacet
  facet normal -0.194949 0.980813 0
    outer loop
      vertex 5.11178 57.34 4.96
      vertex 5.52232 57.4216 2
      vertex 5.11178 57.34 2
    endloop
  endfacet
  facet normal 0.442228 0.896903 -0
    outer loop
      vertex 7.54 57.0203 2
      vertex 7.16459 57.2054 4.96
      vertex 7.54 57.0203 4.96
    endloop
  endfacet
  facet normal 0.442228 0.896903 0
    outer loop
      vertex 7.16459 57.2054 4.96
      vertex 7.54 57.0203 2
      vertex 7.16459 57.2054 2
    endloop
  endfacet
  facet normal -0.0654598 0.997855 0
    outer loop
      vertex 5.94 57.449 2
      vertex 5.52232 57.4216 4.96
      vertex 5.94 57.449 4.96
    endloop
  endfacet
  facet normal -0.0654598 0.997855 0
    outer loop
      vertex 5.52232 57.4216 4.96
      vertex 5.94 57.449 2
      vertex 5.52232 57.4216 2
    endloop
  endfacet
  facet normal 0.555648 0.831418 -0
    outer loop
      vertex 7.88804 56.7877 2
      vertex 7.54 57.0203 4.96
      vertex 7.88804 56.7877 4.96
    endloop
  endfacet
  facet normal 0.555648 0.831418 0
    outer loop
      vertex 7.54 57.0203 4.96
      vertex 7.88804 56.7877 2
      vertex 7.54 57.0203 2
    endloop
  endfacet
  facet normal -0.89687 -0.442295 0
    outer loop
      vertex 3.16872 52.649 2
      vertex 2.98359 53.0244 4.96
      vertex 2.98359 53.0244 2
    endloop
  endfacet
  facet normal -0.89687 -0.442295 0
    outer loop
      vertex 2.98359 53.0244 4.96
      vertex 3.16872 52.649 2
      vertex 3.16872 52.649 4.96
    endloop
  endfacet
  facet normal -0.980782 0.195105 0
    outer loop
      vertex 2.76738 54.6667 2
      vertex 2.84904 55.0772 4.96
      vertex 2.84904 55.0772 2
    endloop
  endfacet
  facet normal -0.980782 0.195105 0
    outer loop
      vertex 2.84904 55.0772 4.96
      vertex 2.76738 54.6667 2
      vertex 2.76738 54.6667 4.96
    endloop
  endfacet
  facet normal -0.555648 0.831418 0
    outer loop
      vertex 4.34 57.0203 2
      vertex 3.99196 56.7877 4.96
      vertex 4.34 57.0203 4.96
    endloop
  endfacet
  facet normal -0.555648 0.831418 0
    outer loop
      vertex 3.99196 56.7877 4.96
      vertex 4.34 57.0203 2
      vertex 3.99196 56.7877 2
    endloop
  endfacet
  facet normal -0.997859 0.0654091 0
    outer loop
      vertex 2.74 54.249 2
      vertex 2.76738 54.6667 4.96
      vertex 2.76738 54.6667 2
    endloop
  endfacet
  facet normal -0.997859 0.0654091 0
    outer loop
      vertex 2.76738 54.6667 4.96
      vertex 2.74 54.249 2
      vertex 2.74 54.249 4.96
    endloop
  endfacet
  facet normal -0.442228 0.896903 0
    outer loop
      vertex 4.71541 57.2054 2
      vertex 4.34 57.0203 4.96
      vertex 4.71541 57.2054 4.96
    endloop
  endfacet
  facet normal -0.442228 0.896903 0
    outer loop
      vertex 4.34 57.0203 4.96
      vertex 4.71541 57.2054 2
      vertex 4.34 57.0203 2
    endloop
  endfacet
  facet normal -0.831443 0.55561 0
    outer loop
      vertex 3.16872 55.849 2
      vertex 3.40127 56.197 4.96
      vertex 3.40127 56.197 2
    endloop
  endfacet
  facet normal -0.831443 0.55561 0
    outer loop
      vertex 3.40127 56.197 4.96
      vertex 3.16872 55.849 2
      vertex 3.16872 55.849 4.96
    endloop
  endfacet
  facet normal 0 0 1
    outer loop
      vertex 7.94 56.7422 4.96
      vertex 7.03059 54.3926 4.96
      vertex 7.04 54.249 4.96
    endloop
  endfacet
  facet normal 0 0 1
    outer loop
      vertex 7.54 57.0203 4.96
      vertex 7.00252 54.5337 4.96
      vertex 7.03059 54.3926 4.96
    endloop
  endfacet
  facet normal 0 0 1
    outer loop
      vertex 7.54 57.0203 4.96
      vertex 6.95627 54.67 4.96
      vertex 7.00252 54.5337 4.96
    endloop
  endfacet
  facet normal 0 0 1
    outer loop
      vertex 7.54 57.0203 4.96
      vertex 6.89263 54.799 4.96
      vertex 6.95627 54.67 4.96
    endloop
  endfacet
  facet normal 0 0 1
    outer loop
      vertex 7.54 57.0203 4.96
      vertex 6.81269 54.9186 4.96
      vertex 6.89263 54.799 4.96
    endloop
  endfacet
  facet normal 0 0 1
    outer loop
      vertex 6.36095 55.2653 4.96
      vertex 7.16459 57.2054 4.96
      vertex 6.76822 57.34 4.96
    endloop
  endfacet
  facet normal 0 0 1
    outer loop
      vertex 7.54 57.0203 4.96
      vertex 6.71782 55.0268 4.96
      vertex 6.81269 54.9186 4.96
    endloop
  endfacet
  facet normal 0 0 1
    outer loop
      vertex 7.54 57.0203 4.96
      vertex 6.60964 55.1217 4.96
      vertex 6.71782 55.0268 4.96
    endloop
  endfacet
  facet normal 0 0 1
    outer loop
      vertex 7.54 57.0203 4.96
      vertex 6.49 55.2016 4.96
      vertex 6.60964 55.1217 4.96
    endloop
  endfacet
  facet normal 0 0 1
    outer loop
      vertex 7.16459 57.2054 4.96
      vertex 6.36095 55.2653 4.96
      vertex 6.49 55.2016 4.96
    endloop
  endfacet
  facet normal 0 0 1
    outer loop
      vertex 6.2247 55.3115 4.96
      vertex 6.76822 57.34 4.96
      vertex 6.35768 57.4216 4.96
    endloop
  endfacet
  facet normal 0 0 1
    outer loop
      vertex 6.76822 57.34 4.96
      vertex 6.2247 55.3115 4.96
      vertex 6.36095 55.2653 4.96
    endloop
  endfacet
  facet normal 0 0 1
    outer loop
      vertex 6.35768 57.4216 4.96
      vertex 6.08358 55.3396 4.96
      vertex 6.2247 55.3115 4.96
    endloop
  endfacet
  facet normal 0 0 1
    outer loop
      vertex 5.94 57.449 4.96
      vertex 6.08358 55.3396 4.96
      vertex 6.35768 57.4216 4.96
    endloop
  endfacet
  facet normal 0 0 1
    outer loop
      vertex 5.94 57.449 4.96
      vertex 5.94 55.349 4.96
      vertex 6.08358 55.3396 4.96
    endloop
  endfacet
  facet normal 0 0 1
    outer loop
      vertex 5.94 57.449 4.96
      vertex 5.79642 55.3396 4.96
      vertex 5.94 55.349 4.96
    endloop
  endfacet
  facet normal -0 0 1
    outer loop
      vertex 5.52232 57.4216 4.96
      vertex 5.79642 55.3396 4.96
      vertex 5.94 57.449 4.96
    endloop
  endfacet
  facet normal 0 0 1
    outer loop
      vertex 5.79642 55.3396 4.96
      vertex 5.52232 57.4216 4.96
      vertex 5.6553 55.3115 4.96
    endloop
  endfacet
  facet normal -0 0 1
    outer loop
      vertex 5.11178 57.34 4.96
      vertex 5.6553 55.3115 4.96
      vertex 5.52232 57.4216 4.96
    endloop
  endfacet
  facet normal 0 0 1
    outer loop
      vertex 5.6553 55.3115 4.96
      vertex 5.11178 57.34 4.96
      vertex 5.51905 55.2653 4.96
    endloop
  endfacet
  facet normal -0 0 1
    outer loop
      vertex 4.71541 57.2054 4.96
      vertex 5.51905 55.2653 4.96
      vertex 5.11178 57.34 4.96
    endloop
  endfacet
  facet normal 0 0 1
    outer loop
      vertex 5.51905 55.2653 4.96
      vertex 4.71541 57.2054 4.96
      vertex 5.39 55.2016 4.96
    endloop
  endfacet
  facet normal -0 0 1
    outer loop
      vertex 4.34 57.0203 4.96
      vertex 5.39 55.2016 4.96
      vertex 4.71541 57.2054 4.96
    endloop
  endfacet
  facet normal 0 0 1
    outer loop
      vertex 5.39 55.2016 4.96
      vertex 4.34 57.0203 4.96
      vertex 5.27036 55.1217 4.96
    endloop
  endfacet
  facet normal -0 0 1
    outer loop
      vertex 3.99196 56.7877 4.96
      vertex 5.27036 55.1217 4.96
      vertex 4.34 57.0203 4.96
    endloop
  endfacet
  facet normal 0 0 1
    outer loop
      vertex 5.27036 55.1217 4.96
      vertex 3.99196 56.7877 4.96
      vertex 5.16218 55.0268 4.96
    endloop
  endfacet
  facet normal -0 0 1
    outer loop
      vertex 3.67726 56.5117 4.96
      vertex 5.16218 55.0268 4.96
      vertex 3.99196 56.7877 4.96
    endloop
  endfacet
  facet normal 0 0 1
    outer loop
      vertex 5.16218 55.0268 4.96
      vertex 3.67726 56.5117 4.96
      vertex 5.06731 54.9186 4.96
    endloop
  endfacet
  facet normal 0 0 1
    outer loop
      vertex 5.06731 54.9186 4.96
      vertex 3.40127 56.197 4.96
      vertex 4.98737 54.799 4.96
    endloop
  endfacet
  facet normal -0 0 1
    outer loop
      vertex 3.40127 56.197 4.96
      vertex 5.06731 54.9186 4.96
      vertex 3.67726 56.5117 4.96
    endloop
  endfacet
  facet normal 0 0 1
    outer loop
      vertex 7.03059 54.3926 4.96
      vertex 7.94 56.7422 4.96
      vertex 7.88804 56.7877 4.96
    endloop
  endfacet
  facet normal 0 0 1
    outer loop
      vertex 7.03059 54.3926 4.96
      vertex 7.88804 56.7877 4.96
      vertex 7.54 57.0203 4.96
    endloop
  endfacet
  facet normal 0 0 1
    outer loop
      vertex 6.49 55.2016 4.96
      vertex 7.54 57.0203 4.96
      vertex 7.16459 57.2054 4.96
    endloop
  endfacet
  facet normal 0 0 1
    outer loop
      vertex 7.94 56.7422 4.96
      vertex 7.04 54.249 4.96
      vertex 7.94 52.249 4.96
    endloop
  endfacet
  facet normal -0 0 1
    outer loop
      vertex 7.03059 54.1054 4.96
      vertex 7.94 52.249 4.96
      vertex 7.04 54.249 4.96
    endloop
  endfacet
  facet normal -0 0 1
    outer loop
      vertex 7.00252 53.9643 4.96
      vertex 7.94 52.249 4.96
      vertex 7.03059 54.1054 4.96
    endloop
  endfacet
  facet normal -0 0 1
    outer loop
      vertex 6.95627 53.828 4.96
      vertex 7.94 52.249 4.96
      vertex 7.00252 53.9643 4.96
    endloop
  endfacet
  facet normal -0 0 1
    outer loop
      vertex 6.89263 53.699 4.96
      vertex 7.94 52.249 4.96
      vertex 6.95627 53.828 4.96
    endloop
  endfacet
  facet normal -0 0 1
    outer loop
      vertex 6.81269 53.5794 4.96
      vertex 7.94 52.249 4.96
      vertex 6.89263 53.699 4.96
    endloop
  endfacet
  facet normal -0 0 1
    outer loop
      vertex 6.71782 53.4712 4.96
      vertex 7.94 52.249 4.96
      vertex 6.81269 53.5794 4.96
    endloop
  endfacet
  facet normal -0 0 1
    outer loop
      vertex 6.60964 53.3763 4.96
      vertex 7.94 52.249 4.96
      vertex 6.71782 53.4712 4.96
    endloop
  endfacet
  facet normal -0 0 1
    outer loop
      vertex 6.49 53.2964 4.96
      vertex 7.94 52.249 4.96
      vertex 6.60964 53.3763 4.96
    endloop
  endfacet
  facet normal -0 0 1
    outer loop
      vertex 6.36095 53.2327 4.96
      vertex 7.94 52.249 4.96
      vertex 6.49 53.2964 4.96
    endloop
  endfacet
  facet normal -0 0 1
    outer loop
      vertex 6.2247 53.1865 4.96
      vertex 7.94 52.249 4.96
      vertex 6.36095 53.2327 4.96
    endloop
  endfacet
  facet normal -0 0 1
    outer loop
      vertex 6.08358 53.1584 4.96
      vertex 7.94 52.249 4.96
      vertex 6.2247 53.1865 4.96
    endloop
  endfacet
  facet normal -0 0 1
    outer loop
      vertex 5.94 53.149 4.96
      vertex 7.94 52.249 4.96
      vertex 6.08358 53.1584 4.96
    endloop
  endfacet
  facet normal 0 0 1
    outer loop
      vertex 3.44684 52.249 4.96
      vertex 5.94 53.149 4.96
      vertex 5.79642 53.1584 4.96
    endloop
  endfacet
  facet normal 0 0 1
    outer loop
      vertex 3.44684 52.249 4.96
      vertex 5.79642 53.1584 4.96
      vertex 5.6553 53.1865 4.96
    endloop
  endfacet
  facet normal 0 0 1
    outer loop
      vertex 3.44684 52.249 4.96
      vertex 5.6553 53.1865 4.96
      vertex 5.51905 53.2327 4.96
    endloop
  endfacet
  facet normal -0 0 1
    outer loop
      vertex 3.16872 55.849 4.96
      vertex 4.98737 54.799 4.96
      vertex 3.40127 56.197 4.96
    endloop
  endfacet
  facet normal 0 0 1
    outer loop
      vertex 4.98737 54.799 4.96
      vertex 3.16872 55.849 4.96
      vertex 4.92373 54.67 4.96
    endloop
  endfacet
  facet normal -0 0 1
    outer loop
      vertex 2.98359 55.4736 4.96
      vertex 4.92373 54.67 4.96
      vertex 3.16872 55.849 4.96
    endloop
  endfacet
  facet normal 0 0 1
    outer loop
      vertex 4.92373 54.67 4.96
      vertex 2.98359 55.4736 4.96
      vertex 4.87748 54.5337 4.96
    endloop
  endfacet
  facet normal -0 0 1
    outer loop
      vertex 2.84904 55.0772 4.96
      vertex 4.87748 54.5337 4.96
      vertex 2.98359 55.4736 4.96
    endloop
  endfacet
  facet normal 0 0 1
    outer loop
      vertex 4.87748 54.5337 4.96
      vertex 2.84904 55.0772 4.96
      vertex 4.84941 54.3926 4.96
    endloop
  endfacet
  facet normal 0 0 1
    outer loop
      vertex 5.94 53.149 4.96
      vertex 3.44684 52.249 4.96
      vertex 7.94 52.249 4.96
    endloop
  endfacet
  facet normal 0 0 1
    outer loop
      vertex 5.39 53.2964 4.96
      vertex 3.44684 52.249 4.96
      vertex 5.51905 53.2327 4.96
    endloop
  endfacet
  facet normal 0 0 1
    outer loop
      vertex 5.27036 53.3763 4.96
      vertex 3.44684 52.249 4.96
      vertex 5.39 53.2964 4.96
    endloop
  endfacet
  facet normal 0 0 1
    outer loop
      vertex 5.16218 53.4712 4.96
      vertex 3.44684 52.249 4.96
      vertex 5.27036 53.3763 4.96
    endloop
  endfacet
  facet normal 0 0 1
    outer loop
      vertex 5.06731 53.5794 4.96
      vertex 3.44684 52.249 4.96
      vertex 5.16218 53.4712 4.96
    endloop
  endfacet
  facet normal 0 0 1
    outer loop
      vertex 3.40127 52.301 4.96
      vertex 5.06731 53.5794 4.96
      vertex 4.98737 53.699 4.96
    endloop
  endfacet
  facet normal 0 0 1
    outer loop
      vertex 3.16872 52.649 4.96
      vertex 4.98737 53.699 4.96
      vertex 4.92373 53.828 4.96
    endloop
  endfacet
  facet normal -0 0 1
    outer loop
      vertex 2.76738 54.6667 4.96
      vertex 4.84941 54.3926 4.96
      vertex 2.84904 55.0772 4.96
    endloop
  endfacet
  facet normal 0 0 1
    outer loop
      vertex 4.84941 54.3926 4.96
      vertex 2.76738 54.6667 4.96
      vertex 4.84 54.249 4.96
    endloop
  endfacet
  facet normal 0 0 1
    outer loop
      vertex 2.74 54.249 4.96
      vertex 4.84 54.249 4.96
      vertex 2.76738 54.6667 4.96
    endloop
  endfacet
  facet normal 0 0 1
    outer loop
      vertex 4.98737 53.699 4.96
      vertex 3.16872 52.649 4.96
      vertex 3.40127 52.301 4.96
    endloop
  endfacet
  facet normal 0 0 1
    outer loop
      vertex 5.06731 53.5794 4.96
      vertex 3.40127 52.301 4.96
      vertex 3.44684 52.249 4.96
    endloop
  endfacet
  facet normal 0 0 1
    outer loop
      vertex 4.84 54.249 4.96
      vertex 2.74 54.249 4.96
      vertex 4.84941 54.1054 4.96
    endloop
  endfacet
  facet normal 0 0 1
    outer loop
      vertex 4.92373 53.828 4.96
      vertex 2.98359 53.0244 4.96
      vertex 3.16872 52.649 4.96
    endloop
  endfacet
  facet normal 0 -0 1
    outer loop
      vertex 2.76738 53.8313 4.96
      vertex 4.84941 54.1054 4.96
      vertex 2.74 54.249 4.96
    endloop
  endfacet
  facet normal 0 0 1
    outer loop
      vertex 4.92373 53.828 4.96
      vertex 2.84904 53.4208 4.96
      vertex 2.98359 53.0244 4.96
    endloop
  endfacet
  facet normal 0 0 1
    outer loop
      vertex 4.84941 54.1054 4.96
      vertex 2.76738 53.8313 4.96
      vertex 4.87748 53.9643 4.96
    endloop
  endfacet
  facet normal 0 0 1
    outer loop
      vertex 4.87748 53.9643 4.96
      vertex 2.84904 53.4208 4.96
      vertex 4.92373 53.828 4.96
    endloop
  endfacet
  facet normal 0 -0 1
    outer loop
      vertex 2.84904 53.4208 4.96
      vertex 4.87748 53.9643 4.96
      vertex 2.76738 53.8313 4.96
    endloop
  endfacet
  facet normal 1 -0 0
    outer loop
      vertex 7.94 52.249 4.96
      vertex 7.94 56.7422 2
      vertex 7.94 56.7422 4.96
    endloop
  endfacet
  facet normal 1 0 0
    outer loop
      vertex 7.94 56.7422 2
      vertex 7.94 52.249 4.96
      vertex 7.94 52.249 2
    endloop
  endfacet
  facet normal 0 -1 0
    outer loop
      vertex 3.44684 52.249 2
      vertex 7.94 52.249 4.96
      vertex 3.44684 52.249 4.96
    endloop
  endfacet
  facet normal 0 -1 -0
    outer loop
      vertex 7.94 52.249 4.96
      vertex 3.44684 52.249 2
      vertex 7.94 52.249 2
    endloop
  endfacet
  facet normal 0.980813 0.194949 0
    outer loop
      vertex 68.8026 7.16868 4.96
      vertex 68.721 7.57922 2
      vertex 68.721 7.57922 4.96
    endloop
  endfacet
  facet normal 0.980813 0.194949 0
    outer loop
      vertex 68.721 7.57922 2
      vertex 68.8026 7.16868 4.96
      vertex 68.8026 7.16868 2
    endloop
  endfacet
  facet normal 0.997855 0.0654598 0
    outer loop
      vertex 68.83 6.751 4.96
      vertex 68.8026 7.16868 2
      vertex 68.8026 7.16868 4.96
    endloop
  endfacet
  facet normal 0.997855 0.0654598 0
    outer loop
      vertex 68.8026 7.16868 2
      vertex 68.83 6.751 4.96
      vertex 68.83 6.751 2
    endloop
  endfacet
  facet normal 0.55561 -0.831443 0
    outer loop
      vertex 67.23 3.97972 2
      vertex 67.578 4.21227 4.96
      vertex 67.23 3.97972 4.96
    endloop
  endfacet
  facet normal 0.55561 -0.831443 0
    outer loop
      vertex 67.578 4.21227 4.96
      vertex 67.23 3.97972 2
      vertex 67.578 4.21227 2
    endloop
  endfacet
  facet normal -0.195105 -0.980782 0
    outer loop
      vertex 64.8018 3.66004 2
      vertex 65.2123 3.57838 4.96
      vertex 64.8018 3.66004 4.96
    endloop
  endfacet
  facet normal -0.195105 -0.980782 -0
    outer loop
      vertex 65.2123 3.57838 4.96
      vertex 64.8018 3.66004 2
      vertex 65.2123 3.57838 2
    endloop
  endfacet
  facet normal 0.751821 -0.659367 0
    outer loop
      vertex 67.8927 4.48826 4.96
      vertex 68.1687 4.80296 2
      vertex 68.1687 4.80296 4.96
    endloop
  endfacet
  facet normal 0.751821 -0.659367 0
    outer loop
      vertex 68.1687 4.80296 2
      vertex 67.8927 4.48826 4.96
      vertex 67.8927 4.48826 2
    endloop
  endfacet
  facet normal -0.0654091 -0.997859 0
    outer loop
      vertex 65.2123 3.57838 2
      vertex 65.63 3.551 4.96
      vertex 65.2123 3.57838 4.96
    endloop
  endfacet
  facet normal -0.0654091 -0.997859 -0
    outer loop
      vertex 65.63 3.551 4.96
      vertex 65.2123 3.57838 2
      vertex 65.63 3.551 2
    endloop
  endfacet
  facet normal 0.997855 -0.0654598 0
    outer loop
      vertex 68.8026 6.33332 4.96
      vertex 68.83 6.751 2
      vertex 68.83 6.751 4.96
    endloop
  endfacet
  facet normal 0.997855 -0.0654598 0
    outer loop
      vertex 68.83 6.751 2
      vertex 68.8026 6.33332 4.96
      vertex 68.8026 6.33332 2
    endloop
  endfacet
  facet normal 0.752326 0.658792 0
    outer loop
      vertex 68.1687 8.69904 4.96
      vertex 68.1232 8.751 2
      vertex 68.1232 8.751 4.96
    endloop
  endfacet
  facet normal 0.752326 0.658792 0
    outer loop
      vertex 68.1232 8.751 2
      vertex 68.1687 8.69904 4.96
      vertex 68.1687 8.69904 2
    endloop
  endfacet
  facet normal 0.831418 -0.555648 0
    outer loop
      vertex 68.1687 4.80296 4.96
      vertex 68.4013 5.151 2
      vertex 68.4013 5.151 4.96
    endloop
  endfacet
  facet normal 0.831418 -0.555648 0
    outer loop
      vertex 68.4013 5.151 2
      vertex 68.1687 4.80296 4.96
      vertex 68.1687 4.80296 2
    endloop
  endfacet
  facet normal 0.831418 0.555648 0
    outer loop
      vertex 68.4013 8.351 4.96
      vertex 68.1687 8.69904 2
      vertex 68.1687 8.69904 4.96
    endloop
  endfacet
  facet normal 0.831418 0.555648 0
    outer loop
      vertex 68.1687 8.69904 2
      vertex 68.4013 8.351 4.96
      vertex 68.4013 8.351 2
    endloop
  endfacet
  facet normal 0.659353 -0.751833 0
    outer loop
      vertex 67.578 4.21227 2
      vertex 67.8927 4.48826 4.96
      vertex 67.578 4.21227 4.96
    endloop
  endfacet
  facet normal 0.659353 -0.751833 0
    outer loop
      vertex 67.8927 4.48826 4.96
      vertex 67.578 4.21227 2
      vertex 67.8927 4.48826 2
    endloop
  endfacet
  facet normal 0.946893 -0.321548 0
    outer loop
      vertex 68.5864 5.52641 4.96
      vertex 68.721 5.92278 2
      vertex 68.721 5.92278 4.96
    endloop
  endfacet
  facet normal 0.946893 -0.321548 0
    outer loop
      vertex 68.721 5.92278 2
      vertex 68.5864 5.52641 4.96
      vertex 68.5864 5.52641 2
    endloop
  endfacet
  facet normal 0.0654091 -0.997859 0
    outer loop
      vertex 65.63 3.551 2
      vertex 66.0477 3.57838 4.96
      vertex 65.63 3.551 4.96
    endloop
  endfacet
  facet normal 0.0654091 -0.997859 0
    outer loop
      vertex 66.0477 3.57838 4.96
      vertex 65.63 3.551 2
      vertex 66.0477 3.57838 2
    endloop
  endfacet
  facet normal -0.659078 -0.752075 0
    outer loop
      vertex 63.63 4.25784 2
      vertex 63.682 4.21227 4.96
      vertex 63.63 4.25784 4.96
    endloop
  endfacet
  facet normal -0.659078 -0.752075 -0
    outer loop
      vertex 63.682 4.21227 4.96
      vertex 63.63 4.25784 2
      vertex 63.682 4.21227 2
    endloop
  endfacet
  facet normal 0.896903 0.442228 0
    outer loop
      vertex 68.5864 7.97559 4.96
      vertex 68.4013 8.351 2
      vertex 68.4013 8.351 4.96
    endloop
  endfacet
  facet normal 0.896903 0.442228 0
    outer loop
      vertex 68.4013 8.351 2
      vertex 68.5864 7.97559 4.96
      vertex 68.5864 7.97559 2
    endloop
  endfacet
  facet normal 0.195105 -0.980782 0
    outer loop
      vertex 66.0477 3.57838 2
      vertex 66.4582 3.66004 4.96
      vertex 66.0477 3.57838 4.96
    endloop
  endfacet
  facet normal 0.195105 -0.980782 0
    outer loop
      vertex 66.4582 3.66004 4.96
      vertex 66.0477 3.57838 2
      vertex 66.4582 3.66004 2
    endloop
  endfacet
  facet normal 0.896903 -0.442228 0
    outer loop
      vertex 68.4013 5.151 4.96
      vertex 68.5864 5.52641 2
      vertex 68.5864 5.52641 4.96
    endloop
  endfacet
  facet normal 0.896903 -0.442228 0
    outer loop
      vertex 68.5864 5.52641 2
      vertex 68.4013 5.151 4.96
      vertex 68.4013 5.151 2
    endloop
  endfacet
  facet normal 0.980813 -0.194949 0
    outer loop
      vertex 68.721 5.92278 4.96
      vertex 68.8026 6.33332 2
      vertex 68.8026 6.33332 4.96
    endloop
  endfacet
  facet normal 0.980813 -0.194949 0
    outer loop
      vertex 68.8026 6.33332 2
      vertex 68.721 5.92278 4.96
      vertex 68.721 5.92278 2
    endloop
  endfacet
  facet normal 0.946893 0.321548 0
    outer loop
      vertex 68.721 7.57922 4.96
      vertex 68.5864 7.97559 2
      vertex 68.5864 7.97559 4.96
    endloop
  endfacet
  facet normal 0.946893 0.321548 0
    outer loop
      vertex 68.5864 7.97559 2
      vertex 68.721 7.57922 4.96
      vertex 68.721 7.57922 2
    endloop
  endfacet
  facet normal 0.321419 -0.946937 0
    outer loop
      vertex 66.4582 3.66004 2
      vertex 66.8546 3.79459 4.96
      vertex 66.4582 3.66004 4.96
    endloop
  endfacet
  facet normal 0.321419 -0.946937 0
    outer loop
      vertex 66.8546 3.79459 4.96
      vertex 66.4582 3.66004 2
      vertex 66.8546 3.79459 2
    endloop
  endfacet
  facet normal 0.442295 -0.89687 0
    outer loop
      vertex 66.8546 3.79459 2
      vertex 67.23 3.97972 4.96
      vertex 66.8546 3.79459 4.96
    endloop
  endfacet
  facet normal 0.442295 -0.89687 0
    outer loop
      vertex 67.23 3.97972 4.96
      vertex 66.8546 3.79459 2
      vertex 67.23 3.97972 2
    endloop
  endfacet
  facet normal -0.321419 -0.946937 0
    outer loop
      vertex 64.4054 3.79459 2
      vertex 64.8018 3.66004 4.96
      vertex 64.4054 3.79459 4.96
    endloop
  endfacet
  facet normal -0.321419 -0.946937 -0
    outer loop
      vertex 64.8018 3.66004 4.96
      vertex 64.4054 3.79459 2
      vertex 64.8018 3.66004 2
    endloop
  endfacet
  facet normal -0.442295 -0.89687 0
    outer loop
      vertex 64.03 3.97972 2
      vertex 64.4054 3.79459 4.96
      vertex 64.03 3.97972 4.96
    endloop
  endfacet
  facet normal -0.442295 -0.89687 -0
    outer loop
      vertex 64.4054 3.79459 4.96
      vertex 64.03 3.97972 2
      vertex 64.4054 3.79459 2
    endloop
  endfacet
  facet normal -0.55561 -0.831443 0
    outer loop
      vertex 63.682 4.21227 2
      vertex 64.03 3.97972 4.96
      vertex 63.682 4.21227 4.96
    endloop
  endfacet
  facet normal -0.55561 -0.831443 -0
    outer loop
      vertex 64.03 3.97972 4.96
      vertex 63.682 4.21227 2
      vertex 64.03 3.97972 2
    endloop
  endfacet
  facet normal 0 0 1
    outer loop
      vertex 66.73 6.751 4.96
      vertex 68.83 6.751 4.96
      vertex 68.8026 7.16868 4.96
    endloop
  endfacet
  facet normal 0 0 1
    outer loop
      vertex 66.7206 6.89458 4.96
      vertex 68.8026 7.16868 4.96
      vertex 68.721 7.57922 4.96
    endloop
  endfacet
  facet normal 0 0 1
    outer loop
      vertex 68.83 6.751 4.96
      vertex 66.73 6.751 4.96
      vertex 68.8026 6.33332 4.96
    endloop
  endfacet
  facet normal 0 0 1
    outer loop
      vertex 66.6925 7.0357 4.96
      vertex 68.721 7.57922 4.96
      vertex 68.5864 7.97559 4.96
    endloop
  endfacet
  facet normal -0 0 1
    outer loop
      vertex 66.7206 6.60742 4.96
      vertex 68.8026 6.33332 4.96
      vertex 66.73 6.751 4.96
    endloop
  endfacet
  facet normal 0 0 1
    outer loop
      vertex 66.6463 7.17195 4.96
      vertex 68.5864 7.97559 4.96
      vertex 68.4013 8.351 4.96
    endloop
  endfacet
  facet normal 0 0 1
    outer loop
      vertex 68.8026 6.33332 4.96
      vertex 66.7206 6.60742 4.96
      vertex 68.721 5.92278 4.96
    endloop
  endfacet
  facet normal 0 0 1
    outer loop
      vertex 66.5826 7.301 4.96
      vertex 68.4013 8.351 4.96
      vertex 68.1687 8.69904 4.96
    endloop
  endfacet
  facet normal -0 0 1
    outer loop
      vertex 66.6925 6.4663 4.96
      vertex 68.721 5.92278 4.96
      vertex 66.7206 6.60742 4.96
    endloop
  endfacet
  facet normal 0 0 1
    outer loop
      vertex 66.5027 7.42064 4.96
      vertex 68.1687 8.69904 4.96
      vertex 68.1232 8.751 4.96
    endloop
  endfacet
  facet normal 0 0 1
    outer loop
      vertex 68.721 5.92278 4.96
      vertex 66.6925 6.4663 4.96
      vertex 68.5864 5.52641 4.96
    endloop
  endfacet
  facet normal -0 0 1
    outer loop
      vertex 66.6463 6.33005 4.96
      vertex 68.5864 5.52641 4.96
      vertex 66.6925 6.4663 4.96
    endloop
  endfacet
  facet normal -0 0 1
    outer loop
      vertex 66.5826 6.201 4.96
      vertex 68.4013 5.151 4.96
      vertex 66.6463 6.33005 4.96
    endloop
  endfacet
  facet normal 0 0 1
    outer loop
      vertex 68.4013 5.151 4.96
      vertex 66.5826 6.201 4.96
      vertex 68.1687 4.80296 4.96
    endloop
  endfacet
  facet normal 0 0 1
    outer loop
      vertex 68.5864 5.52641 4.96
      vertex 66.6463 6.33005 4.96
      vertex 68.4013 5.151 4.96
    endloop
  endfacet
  facet normal 0 0 1
    outer loop
      vertex 68.8026 7.16868 4.96
      vertex 66.7206 6.89458 4.96
      vertex 66.73 6.751 4.96
    endloop
  endfacet
  facet normal 0 0 1
    outer loop
      vertex 68.721 7.57922 4.96
      vertex 66.6925 7.0357 4.96
      vertex 66.7206 6.89458 4.96
    endloop
  endfacet
  facet normal 0 0 1
    outer loop
      vertex 68.5864 7.97559 4.96
      vertex 66.6463 7.17195 4.96
      vertex 66.6925 7.0357 4.96
    endloop
  endfacet
  facet normal 0 0 1
    outer loop
      vertex 68.4013 8.351 4.96
      vertex 66.5826 7.301 4.96
      vertex 66.6463 7.17195 4.96
    endloop
  endfacet
  facet normal 0 0 1
    outer loop
      vertex 68.1687 8.69904 4.96
      vertex 66.5027 7.42064 4.96
      vertex 66.5826 7.301 4.96
    endloop
  endfacet
  facet normal 0 0 1
    outer loop
      vertex 68.1232 8.751 4.96
      vertex 66.4078 7.52882 4.96
      vertex 66.5027 7.42064 4.96
    endloop
  endfacet
  facet normal 0 0 1
    outer loop
      vertex 68.1232 8.751 4.96
      vertex 66.2996 7.62369 4.96
      vertex 66.4078 7.52882 4.96
    endloop
  endfacet
  facet normal 0 0 1
    outer loop
      vertex 68.1232 8.751 4.96
      vertex 66.18 7.70363 4.96
      vertex 66.2996 7.62369 4.96
    endloop
  endfacet
  facet normal 0 0 1
    outer loop
      vertex 68.1232 8.751 4.96
      vertex 66.0509 7.76727 4.96
      vertex 66.18 7.70363 4.96
    endloop
  endfacet
  facet normal 0 0 1
    outer loop
      vertex 68.1232 8.751 4.96
      vertex 65.9147 7.81352 4.96
      vertex 66.0509 7.76727 4.96
    endloop
  endfacet
  facet normal 0 0 1
    outer loop
      vertex 68.1232 8.751 4.96
      vertex 65.7736 7.84159 4.96
      vertex 65.9147 7.81352 4.96
    endloop
  endfacet
  facet normal 0 0 1
    outer loop
      vertex 68.1232 8.751 4.96
      vertex 65.63 7.851 4.96
      vertex 65.7736 7.84159 4.96
    endloop
  endfacet
  facet normal -0 0 1
    outer loop
      vertex 63.63 8.751 4.96
      vertex 65.63 7.851 4.96
      vertex 68.1232 8.751 4.96
    endloop
  endfacet
  facet normal 0 0 1
    outer loop
      vertex 65.63 7.851 4.96
      vertex 63.63 8.751 4.96
      vertex 65.4864 7.84159 4.96
    endloop
  endfacet
  facet normal 0 0 1
    outer loop
      vertex 65.08 5.79837 4.96
      vertex 64.03 3.97972 4.96
      vertex 64.4054 3.79459 4.96
    endloop
  endfacet
  facet normal 0 0 1
    outer loop
      vertex 63.63 8.751 4.96
      vertex 64.53 6.751 4.96
      vertex 64.5394 6.89458 4.96
    endloop
  endfacet
  facet normal 0 0 1
    outer loop
      vertex 64.5394 6.60742 4.96
      vertex 63.682 4.21227 4.96
      vertex 64.03 3.97972 4.96
    endloop
  endfacet
  facet normal 0 0 1
    outer loop
      vertex 63.63 8.751 4.96
      vertex 64.5394 6.89458 4.96
      vertex 64.5675 7.0357 4.96
    endloop
  endfacet
  facet normal 0 0 1
    outer loop
      vertex 65.4864 7.84159 4.96
      vertex 63.63 8.751 4.96
      vertex 65.3453 7.81352 4.96
    endloop
  endfacet
  facet normal 0 0 1
    outer loop
      vertex 63.63 8.751 4.96
      vertex 65.209 7.76727 4.96
      vertex 65.3453 7.81352 4.96
    endloop
  endfacet
  facet normal 0 0 1
    outer loop
      vertex 63.63 8.751 4.96
      vertex 65.08 7.70363 4.96
      vertex 65.209 7.76727 4.96
    endloop
  endfacet
  facet normal 0 0 1
    outer loop
      vertex 63.63 8.751 4.96
      vertex 64.9604 7.62369 4.96
      vertex 65.08 7.70363 4.96
    endloop
  endfacet
  facet normal 0 0 1
    outer loop
      vertex 63.63 8.751 4.96
      vertex 64.8522 7.52882 4.96
      vertex 64.9604 7.62369 4.96
    endloop
  endfacet
  facet normal 0 0 1
    outer loop
      vertex 63.63 8.751 4.96
      vertex 64.7573 7.42064 4.96
      vertex 64.8522 7.52882 4.96
    endloop
  endfacet
  facet normal 0 0 1
    outer loop
      vertex 63.63 8.751 4.96
      vertex 64.6774 7.301 4.96
      vertex 64.7573 7.42064 4.96
    endloop
  endfacet
  facet normal 0 0 1
    outer loop
      vertex 63.63 8.751 4.96
      vertex 64.6137 7.17195 4.96
      vertex 64.6774 7.301 4.96
    endloop
  endfacet
  facet normal 0 0 1
    outer loop
      vertex 63.63 8.751 4.96
      vertex 64.5675 7.0357 4.96
      vertex 64.6137 7.17195 4.96
    endloop
  endfacet
  facet normal 0 0 1
    outer loop
      vertex 64.53 6.751 4.96
      vertex 63.63 8.751 4.96
      vertex 63.63 4.25784 4.96
    endloop
  endfacet
  facet normal 0 0 1
    outer loop
      vertex 64.5394 6.60742 4.96
      vertex 63.63 4.25784 4.96
      vertex 63.682 4.21227 4.96
    endloop
  endfacet
  facet normal -0 0 1
    outer loop
      vertex 66.5027 6.08136 4.96
      vertex 68.1687 4.80296 4.96
      vertex 66.5826 6.201 4.96
    endloop
  endfacet
  facet normal 0 0 1
    outer loop
      vertex 68.1687 4.80296 4.96
      vertex 66.5027 6.08136 4.96
      vertex 67.8927 4.48826 4.96
    endloop
  endfacet
  facet normal -0 0 1
    outer loop
      vertex 66.4078 5.97318 4.96
      vertex 67.8927 4.48826 4.96
      vertex 66.5027 6.08136 4.96
    endloop
  endfacet
  facet normal 0 0 1
    outer loop
      vertex 67.8927 4.48826 4.96
      vertex 66.4078 5.97318 4.96
      vertex 67.578 4.21227 4.96
    endloop
  endfacet
  facet normal -0 0 1
    outer loop
      vertex 66.2996 5.87831 4.96
      vertex 67.578 4.21227 4.96
      vertex 66.4078 5.97318 4.96
    endloop
  endfacet
  facet normal 0 0 1
    outer loop
      vertex 67.578 4.21227 4.96
      vertex 66.2996 5.87831 4.96
      vertex 67.23 3.97972 4.96
    endloop
  endfacet
  facet normal -0 0 1
    outer loop
      vertex 66.18 5.79837 4.96
      vertex 67.23 3.97972 4.96
      vertex 66.2996 5.87831 4.96
    endloop
  endfacet
  facet normal 0 0 1
    outer loop
      vertex 67.23 3.97972 4.96
      vertex 66.18 5.79837 4.96
      vertex 66.8546 3.79459 4.96
    endloop
  endfacet
  facet normal -0 0 1
    outer loop
      vertex 66.0509 5.73473 4.96
      vertex 66.8546 3.79459 4.96
      vertex 66.18 5.79837 4.96
    endloop
  endfacet
  facet normal 0 0 1
    outer loop
      vertex 66.8546 3.79459 4.96
      vertex 66.0509 5.73473 4.96
      vertex 66.4582 3.66004 4.96
    endloop
  endfacet
  facet normal -0 0 1
    outer loop
      vertex 65.9147 5.68848 4.96
      vertex 66.4582 3.66004 4.96
      vertex 66.0509 5.73473 4.96
    endloop
  endfacet
  facet normal 0 0 1
    outer loop
      vertex 66.4582 3.66004 4.96
      vertex 65.9147 5.68848 4.96
      vertex 66.0477 3.57838 4.96
    endloop
  endfacet
  facet normal -0 0 1
    outer loop
      vertex 65.7736 5.66041 4.96
      vertex 66.0477 3.57838 4.96
      vertex 65.9147 5.68848 4.96
    endloop
  endfacet
  facet normal -0 0 1
    outer loop
      vertex 65.63 5.651 4.96
      vertex 66.0477 3.57838 4.96
      vertex 65.7736 5.66041 4.96
    endloop
  endfacet
  facet normal 0 0 1
    outer loop
      vertex 65.63 5.651 4.96
      vertex 65.63 3.551 4.96
      vertex 66.0477 3.57838 4.96
    endloop
  endfacet
  facet normal 0 0 1
    outer loop
      vertex 65.4864 5.66041 4.96
      vertex 65.63 3.551 4.96
      vertex 65.63 5.651 4.96
    endloop
  endfacet
  facet normal 0 0 1
    outer loop
      vertex 65.2123 3.57838 4.96
      vertex 65.4864 5.66041 4.96
      vertex 65.3453 5.68848 4.96
    endloop
  endfacet
  facet normal 0 0 1
    outer loop
      vertex 65.4864 5.66041 4.96
      vertex 65.2123 3.57838 4.96
      vertex 65.63 3.551 4.96
    endloop
  endfacet
  facet normal 0 0 1
    outer loop
      vertex 64.8018 3.66004 4.96
      vertex 65.3453 5.68848 4.96
      vertex 65.209 5.73473 4.96
    endloop
  endfacet
  facet normal 0 0 1
    outer loop
      vertex 64.4054 3.79459 4.96
      vertex 65.209 5.73473 4.96
      vertex 65.08 5.79837 4.96
    endloop
  endfacet
  facet normal 0 0 1
    outer loop
      vertex 64.03 3.97972 4.96
      vertex 65.08 5.79837 4.96
      vertex 64.9604 5.87831 4.96
    endloop
  endfacet
  facet normal 0 0 1
    outer loop
      vertex 64.03 3.97972 4.96
      vertex 64.9604 5.87831 4.96
      vertex 64.8522 5.97318 4.96
    endloop
  endfacet
  facet normal 0 0 1
    outer loop
      vertex 65.3453 5.68848 4.96
      vertex 64.8018 3.66004 4.96
      vertex 65.2123 3.57838 4.96
    endloop
  endfacet
  facet normal 0 0 1
    outer loop
      vertex 64.03 3.97972 4.96
      vertex 64.8522 5.97318 4.96
      vertex 64.7573 6.08136 4.96
    endloop
  endfacet
  facet normal 0 0 1
    outer loop
      vertex 64.03 3.97972 4.96
      vertex 64.7573 6.08136 4.96
      vertex 64.6774 6.201 4.96
    endloop
  endfacet
  facet normal 0 0 1
    outer loop
      vertex 64.03 3.97972 4.96
      vertex 64.6774 6.201 4.96
      vertex 64.6137 6.33005 4.96
    endloop
  endfacet
  facet normal 0 0 1
    outer loop
      vertex 64.03 3.97972 4.96
      vertex 64.6137 6.33005 4.96
      vertex 64.5675 6.4663 4.96
    endloop
  endfacet
  facet normal 0 0 1
    outer loop
      vertex 64.03 3.97972 4.96
      vertex 64.5675 6.4663 4.96
      vertex 64.5394 6.60742 4.96
    endloop
  endfacet
  facet normal 0 0 1
    outer loop
      vertex 65.209 5.73473 4.96
      vertex 64.4054 3.79459 4.96
      vertex 64.8018 3.66004 4.96
    endloop
  endfacet
  facet normal 0 0 1
    outer loop
      vertex 63.63 4.25784 4.96
      vertex 64.5394 6.60742 4.96
      vertex 64.53 6.751 4.96
    endloop
  endfacet
  facet normal -1 0 0
    outer loop
      vertex 63.63 4.25784 2
      vertex 63.63 8.751 4.96
      vertex 63.63 8.751 2
    endloop
  endfacet
  facet normal -1 -0 0
    outer loop
      vertex 63.63 8.751 4.96
      vertex 63.63 4.25784 2
      vertex 63.63 4.25784 4.96
    endloop
  endfacet
  facet normal 0 1 -0
    outer loop
      vertex 68.1232 8.751 2
      vertex 63.63 8.751 4.96
      vertex 68.1232 8.751 4.96
    endloop
  endfacet
  facet normal 0 1 0
    outer loop
      vertex 63.63 8.751 4.96
      vertex 68.1232 8.751 2
      vertex 63.63 8.751 2
    endloop
  endfacet
  facet normal 0.98081 0.194967 0
    outer loop
      vertex 68.8026 54.6667 4.96
      vertex 68.721 55.0772 2
      vertex 68.721 55.0772 4.96
    endloop
  endfacet
  facet normal 0.98081 0.194967 0
    outer loop
      vertex 68.721 55.0772 2
      vertex 68.8026 54.6667 4.96
      vertex 68.8026 54.6667 2
    endloop
  endfacet
  facet normal 0.997855 0.0654566 0
    outer loop
      vertex 68.83 54.249 4.96
      vertex 68.8026 54.6667 2
      vertex 68.8026 54.6667 4.96
    endloop
  endfacet
  facet normal 0.997855 0.0654566 0
    outer loop
      vertex 68.8026 54.6667 2
      vertex 68.83 54.249 4.96
      vertex 68.83 54.249 2
    endloop
  endfacet
  facet normal 0.321526 0.946901 -0
    outer loop
      vertex 66.8546 57.2054 2
      vertex 66.4582 57.34 4.96
      vertex 66.8546 57.2054 4.96
    endloop
  endfacet
  facet normal 0.321526 0.946901 0
    outer loop
      vertex 66.4582 57.34 4.96
      vertex 66.8546 57.2054 2
      vertex 66.4582 57.34 2
    endloop
  endfacet
  facet normal 0.659367 0.751821 -0
    outer loop
      vertex 67.8927 56.5117 2
      vertex 67.578 56.7877 4.96
      vertex 67.8927 56.5117 4.96
    endloop
  endfacet
  facet normal 0.659367 0.751821 0
    outer loop
      vertex 67.578 56.7877 4.96
      vertex 67.8927 56.5117 2
      vertex 67.578 56.7877 2
    endloop
  endfacet
  facet normal 0.752577 -0.658505 0
    outer loop
      vertex 68.1232 52.249 4.96
      vertex 68.1687 52.301 2
      vertex 68.1687 52.301 4.96
    endloop
  endfacet
  facet normal 0.752577 -0.658505 0
    outer loop
      vertex 68.1687 52.301 2
      vertex 68.1232 52.249 4.96
      vertex 68.1232 52.249 2
    endloop
  endfacet
  facet normal 0.0654566 0.997855 -0
    outer loop
      vertex 66.0477 57.4216 2
      vertex 65.63 57.449 4.96
      vertex 66.0477 57.4216 4.96
    endloop
  endfacet
  facet normal 0.0654566 0.997855 0
    outer loop
      vertex 65.63 57.449 4.96
      vertex 66.0477 57.4216 2
      vertex 65.63 57.449 2
    endloop
  endfacet
  facet normal -0.321526 0.946901 0
    outer loop
      vertex 64.8018 57.34 2
      vertex 64.4054 57.2054 4.96
      vertex 64.8018 57.34 4.96
    endloop
  endfacet
  facet normal -0.321526 0.946901 0
    outer loop
      vertex 64.4054 57.2054 4.96
      vertex 64.8018 57.34 2
      vertex 64.4054 57.2054 2
    endloop
  endfacet
  facet normal 0.997855 -0.0654566 0
    outer loop
      vertex 68.8026 53.8313 4.96
      vertex 68.83 54.249 2
      vertex 68.83 54.249 4.96
    endloop
  endfacet
  facet normal 0.997855 -0.0654566 0
    outer loop
      vertex 68.83 54.249 2
      vertex 68.8026 53.8313 4.96
      vertex 68.8026 53.8313 2
    endloop
  endfacet
  facet normal 0.751821 0.659367 0
    outer loop
      vertex 68.1687 56.197 4.96
      vertex 67.8927 56.5117 2
      vertex 67.8927 56.5117 4.96
    endloop
  endfacet
  facet normal 0.751821 0.659367 0
    outer loop
      vertex 67.8927 56.5117 2
      vertex 68.1687 56.197 4.96
      vertex 68.1687 56.197 2
    endloop
  endfacet
  facet normal 0.194967 0.98081 -0
    outer loop
      vertex 66.4582 57.34 2
      vertex 66.0477 57.4216 4.96
      vertex 66.4582 57.34 4.96
    endloop
  endfacet
  facet normal 0.194967 0.98081 0
    outer loop
      vertex 66.0477 57.4216 4.96
      vertex 66.4582 57.34 2
      vertex 66.0477 57.4216 2
    endloop
  endfacet
  facet normal -0.658505 0.752577 0
    outer loop
      vertex 63.682 56.7877 2
      vertex 63.63 56.7422 4.96
      vertex 63.682 56.7877 4.96
    endloop
  endfacet
  facet normal -0.658505 0.752577 0
    outer loop
      vertex 63.63 56.7422 4.96
      vertex 63.682 56.7877 2
      vertex 63.63 56.7422 2
    endloop
  endfacet
  facet normal 0.831388 -0.555692 0
    outer loop
      vertex 68.1687 52.301 4.96
      vertex 68.4013 52.649 2
      vertex 68.4013 52.649 4.96
    endloop
  endfacet
  facet normal 0.831388 -0.555692 0
    outer loop
      vertex 68.4013 52.649 2
      vertex 68.1687 52.301 4.96
      vertex 68.1687 52.301 2
    endloop
  endfacet
  facet normal 0.831388 0.555692 0
    outer loop
      vertex 68.4013 55.849 4.96
      vertex 68.1687 56.197 2
      vertex 68.1687 56.197 4.96
    endloop
  endfacet
  facet normal 0.831388 0.555692 0
    outer loop
      vertex 68.1687 56.197 2
      vertex 68.4013 55.849 4.96
      vertex 68.4013 55.849 2
    endloop
  endfacet
  facet normal -0.194967 0.98081 0
    outer loop
      vertex 65.2123 57.4216 2
      vertex 64.8018 57.34 4.96
      vertex 65.2123 57.4216 4.96
    endloop
  endfacet
  facet normal -0.194967 0.98081 0
    outer loop
      vertex 64.8018 57.34 4.96
      vertex 65.2123 57.4216 2
      vertex 64.8018 57.34 2
    endloop
  endfacet
  facet normal 0.946901 -0.321526 0
    outer loop
      vertex 68.5864 53.0244 4.96
      vertex 68.721 53.4208 2
      vertex 68.721 53.4208 4.96
    endloop
  endfacet
  facet normal 0.946901 -0.321526 0
    outer loop
      vertex 68.721 53.4208 2
      vertex 68.5864 53.0244 4.96
      vertex 68.5864 53.0244 2
    endloop
  endfacet
  facet normal 0.442237 0.896898 -0
    outer loop
      vertex 67.23 57.0203 2
      vertex 66.8546 57.2054 4.96
      vertex 67.23 57.0203 4.96
    endloop
  endfacet
  facet normal 0.442237 0.896898 0
    outer loop
      vertex 66.8546 57.2054 4.96
      vertex 67.23 57.0203 2
      vertex 66.8546 57.2054 2
    endloop
  endfacet
  facet normal -0.0654566 0.997855 0
    outer loop
      vertex 65.63 57.449 2
      vertex 65.2123 57.4216 4.96
      vertex 65.63 57.449 4.96
    endloop
  endfacet
  facet normal -0.0654566 0.997855 0
    outer loop
      vertex 65.2123 57.4216 4.96
      vertex 65.63 57.449 2
      vertex 65.2123 57.4216 2
    endloop
  endfacet
  facet normal 0.555692 0.831388 -0
    outer loop
      vertex 67.578 56.7877 2
      vertex 67.23 57.0203 4.96
      vertex 67.578 56.7877 4.96
    endloop
  endfacet
  facet normal 0.555692 0.831388 0
    outer loop
      vertex 67.23 57.0203 4.96
      vertex 67.578 56.7877 2
      vertex 67.23 57.0203 2
    endloop
  endfacet
  facet normal 0.896898 0.442237 0
    outer loop
      vertex 68.5864 55.4736 4.96
      vertex 68.4013 55.849 2
      vertex 68.4013 55.849 4.96
    endloop
  endfacet
  facet normal 0.896898 0.442237 0
    outer loop
      vertex 68.4013 55.849 2
      vertex 68.5864 55.4736 4.96
      vertex 68.5864 55.4736 2
    endloop
  endfacet
  facet normal 0.896898 -0.442237 0
    outer loop
      vertex 68.4013 52.649 4.96
      vertex 68.5864 53.0244 2
      vertex 68.5864 53.0244 4.96
    endloop
  endfacet
  facet normal 0.896898 -0.442237 0
    outer loop
      vertex 68.5864 53.0244 2
      vertex 68.4013 52.649 4.96
      vertex 68.4013 52.649 2
    endloop
  endfacet
  facet normal 0.98081 -0.194967 0
    outer loop
      vertex 68.721 53.4208 4.96
      vertex 68.8026 53.8313 2
      vertex 68.8026 53.8313 4.96
    endloop
  endfacet
  facet normal 0.98081 -0.194967 0
    outer loop
      vertex 68.8026 53.8313 2
      vertex 68.721 53.4208 4.96
      vertex 68.721 53.4208 2
    endloop
  endfacet
  facet normal -0.555692 0.831388 0
    outer loop
      vertex 64.03 57.0203 2
      vertex 63.682 56.7877 4.96
      vertex 64.03 57.0203 4.96
    endloop
  endfacet
  facet normal -0.555692 0.831388 0
    outer loop
      vertex 63.682 56.7877 4.96
      vertex 64.03 57.0203 2
      vertex 63.682 56.7877 2
    endloop
  endfacet
  facet normal 0.946901 0.321526 0
    outer loop
      vertex 68.721 55.0772 4.96
      vertex 68.5864 55.4736 2
      vertex 68.5864 55.4736 4.96
    endloop
  endfacet
  facet normal 0.946901 0.321526 0
    outer loop
      vertex 68.5864 55.4736 2
      vertex 68.721 55.0772 4.96
      vertex 68.721 55.0772 2
    endloop
  endfacet
  facet normal -0.442237 0.896898 0
    outer loop
      vertex 64.4054 57.2054 2
      vertex 64.03 57.0203 4.96
      vertex 64.4054 57.2054 4.96
    endloop
  endfacet
  facet normal -0.442237 0.896898 0
    outer loop
      vertex 64.03 57.0203 4.96
      vertex 64.4054 57.2054 2
      vertex 64.03 57.0203 2
    endloop
  endfacet
  facet normal 0 0 1
    outer loop
      vertex 68.8026 54.6667 4.96
      vertex 66.7206 54.3926 4.96
      vertex 66.73 54.249 4.96
    endloop
  endfacet
  facet normal 0 0 1
    outer loop
      vertex 67.23 57.0203 4.96
      vertex 66.6925 54.5337 4.96
      vertex 66.7206 54.3926 4.96
    endloop
  endfacet
  facet normal 0 0 1
    outer loop
      vertex 67.23 57.0203 4.96
      vertex 66.6463 54.67 4.96
      vertex 66.6925 54.5337 4.96
    endloop
  endfacet
  facet normal 0 0 1
    outer loop
      vertex 67.23 57.0203 4.96
      vertex 66.5826 54.799 4.96
      vertex 66.6463 54.67 4.96
    endloop
  endfacet
  facet normal 0 0 1
    outer loop
      vertex 67.23 57.0203 4.96
      vertex 66.5027 54.9186 4.96
      vertex 66.5826 54.799 4.96
    endloop
  endfacet
  facet normal 0 0 1
    outer loop
      vertex 66.0509 55.2653 4.96
      vertex 66.8546 57.2054 4.96
      vertex 66.4582 57.34 4.96
    endloop
  endfacet
  facet normal 0 0 1
    outer loop
      vertex 67.23 57.0203 4.96
      vertex 66.4078 55.0268 4.96
      vertex 66.5027 54.9186 4.96
    endloop
  endfacet
  facet normal 0 0 1
    outer loop
      vertex 67.23 57.0203 4.96
      vertex 66.2996 55.1217 4.96
      vertex 66.4078 55.0268 4.96
    endloop
  endfacet
  facet normal 0 0 1
    outer loop
      vertex 67.23 57.0203 4.96
      vertex 66.18 55.2016 4.96
      vertex 66.2996 55.1217 4.96
    endloop
  endfacet
  facet normal 0 0 1
    outer loop
      vertex 66.8546 57.2054 4.96
      vertex 66.0509 55.2653 4.96
      vertex 66.18 55.2016 4.96
    endloop
  endfacet
  facet normal 0 0 1
    outer loop
      vertex 65.9147 55.3115 4.96
      vertex 66.4582 57.34 4.96
      vertex 66.0477 57.4216 4.96
    endloop
  endfacet
  facet normal 0 0 1
    outer loop
      vertex 66.4582 57.34 4.96
      vertex 65.9147 55.3115 4.96
      vertex 66.0509 55.2653 4.96
    endloop
  endfacet
  facet normal 0 0 1
    outer loop
      vertex 66.0477 57.4216 4.96
      vertex 65.7736 55.3396 4.96
      vertex 65.9147 55.3115 4.96
    endloop
  endfacet
  facet normal 0 0 1
    outer loop
      vertex 65.63 57.449 4.96
      vertex 65.7736 55.3396 4.96
      vertex 66.0477 57.4216 4.96
    endloop
  endfacet
  facet normal 0 0 1
    outer loop
      vertex 65.63 57.449 4.96
      vertex 65.63 55.349 4.96
      vertex 65.7736 55.3396 4.96
    endloop
  endfacet
  facet normal 0 0 1
    outer loop
      vertex 65.63 57.449 4.96
      vertex 65.4864 55.3396 4.96
      vertex 65.63 55.349 4.96
    endloop
  endfacet
  facet normal -0 0 1
    outer loop
      vertex 65.2123 57.4216 4.96
      vertex 65.4864 55.3396 4.96
      vertex 65.63 57.449 4.96
    endloop
  endfacet
  facet normal 0 0 1
    outer loop
      vertex 65.4864 55.3396 4.96
      vertex 65.2123 57.4216 4.96
      vertex 65.3453 55.3115 4.96
    endloop
  endfacet
  facet normal -0 0 1
    outer loop
      vertex 64.8018 57.34 4.96
      vertex 65.3453 55.3115 4.96
      vertex 65.2123 57.4216 4.96
    endloop
  endfacet
  facet normal 0 0 1
    outer loop
      vertex 65.3453 55.3115 4.96
      vertex 64.8018 57.34 4.96
      vertex 65.209 55.2653 4.96
    endloop
  endfacet
  facet normal -0 0 1
    outer loop
      vertex 64.4054 57.2054 4.96
      vertex 65.209 55.2653 4.96
      vertex 64.8018 57.34 4.96
    endloop
  endfacet
  facet normal 0 0 1
    outer loop
      vertex 65.209 55.2653 4.96
      vertex 64.4054 57.2054 4.96
      vertex 65.08 55.2016 4.96
    endloop
  endfacet
  facet normal -0 0 1
    outer loop
      vertex 64.03 57.0203 4.96
      vertex 65.08 55.2016 4.96
      vertex 64.4054 57.2054 4.96
    endloop
  endfacet
  facet normal 0 0 1
    outer loop
      vertex 65.08 55.2016 4.96
      vertex 64.03 57.0203 4.96
      vertex 64.9604 55.1217 4.96
    endloop
  endfacet
  facet normal -0 0 1
    outer loop
      vertex 63.682 56.7877 4.96
      vertex 64.9604 55.1217 4.96
      vertex 64.03 57.0203 4.96
    endloop
  endfacet
  facet normal -0 0 1
    outer loop
      vertex 63.63 56.7422 4.96
      vertex 64.9604 55.1217 4.96
      vertex 63.682 56.7877 4.96
    endloop
  endfacet
  facet normal 0 0 1
    outer loop
      vertex 64.9604 55.1217 4.96
      vertex 63.63 56.7422 4.96
      vertex 64.8522 55.0268 4.96
    endloop
  endfacet
  facet normal 0 0 1
    outer loop
      vertex 64.8522 55.0268 4.96
      vertex 63.63 56.7422 4.96
      vertex 64.7573 54.9186 4.96
    endloop
  endfacet
  facet normal 0 0 1
    outer loop
      vertex 64.6774 54.799 4.96
      vertex 63.63 56.7422 4.96
      vertex 64.6137 54.67 4.96
    endloop
  endfacet
  facet normal 0 0 1
    outer loop
      vertex 64.7573 54.9186 4.96
      vertex 63.63 56.7422 4.96
      vertex 64.6774 54.799 4.96
    endloop
  endfacet
  facet normal 0 0 1
    outer loop
      vertex 66.73 54.249 4.96
      vertex 68.83 54.249 4.96
      vertex 68.8026 54.6667 4.96
    endloop
  endfacet
  facet normal 0 0 1
    outer loop
      vertex 66.7206 54.3926 4.96
      vertex 68.8026 54.6667 4.96
      vertex 68.721 55.0772 4.96
    endloop
  endfacet
  facet normal 0 0 1
    outer loop
      vertex 68.83 54.249 4.96
      vertex 66.73 54.249 4.96
      vertex 68.8026 53.8313 4.96
    endloop
  endfacet
  facet normal 0 0 1
    outer loop
      vertex 66.7206 54.3926 4.96
      vertex 68.721 55.0772 4.96
      vertex 68.5864 55.4736 4.96
    endloop
  endfacet
  facet normal -0 0 1
    outer loop
      vertex 66.7206 54.1054 4.96
      vertex 68.8026 53.8313 4.96
      vertex 66.73 54.249 4.96
    endloop
  endfacet
  facet normal 0 0 1
    outer loop
      vertex 66.7206 54.3926 4.96
      vertex 68.5864 55.4736 4.96
      vertex 68.4013 55.849 4.96
    endloop
  endfacet
  facet normal 0 0 1
    outer loop
      vertex 68.8026 53.8313 4.96
      vertex 66.7206 54.1054 4.96
      vertex 68.721 53.4208 4.96
    endloop
  endfacet
  facet normal 0 0 1
    outer loop
      vertex 66.7206 54.3926 4.96
      vertex 68.4013 55.849 4.96
      vertex 68.1687 56.197 4.96
    endloop
  endfacet
  facet normal -0 0 1
    outer loop
      vertex 66.6925 53.9643 4.96
      vertex 68.721 53.4208 4.96
      vertex 66.7206 54.1054 4.96
    endloop
  endfacet
  facet normal 0 0 1
    outer loop
      vertex 68.721 53.4208 4.96
      vertex 66.6925 53.9643 4.96
      vertex 68.5864 53.0244 4.96
    endloop
  endfacet
  facet normal 0 0 1
    outer loop
      vertex 66.7206 54.3926 4.96
      vertex 68.1687 56.197 4.96
      vertex 67.8927 56.5117 4.96
    endloop
  endfacet
  facet normal 0 0 1
    outer loop
      vertex 66.7206 54.3926 4.96
      vertex 67.8927 56.5117 4.96
      vertex 67.578 56.7877 4.96
    endloop
  endfacet
  facet normal 0 0 1
    outer loop
      vertex 66.7206 54.3926 4.96
      vertex 67.578 56.7877 4.96
      vertex 67.23 57.0203 4.96
    endloop
  endfacet
  facet normal 0 0 1
    outer loop
      vertex 66.18 55.2016 4.96
      vertex 67.23 57.0203 4.96
      vertex 66.8546 57.2054 4.96
    endloop
  endfacet
  facet normal -0 0 1
    outer loop
      vertex 66.6463 53.828 4.96
      vertex 68.5864 53.0244 4.96
      vertex 66.6925 53.9643 4.96
    endloop
  endfacet
  facet normal 0 0 1
    outer loop
      vertex 68.5864 53.0244 4.96
      vertex 66.6463 53.828 4.96
      vertex 68.4013 52.649 4.96
    endloop
  endfacet
  facet normal -0 0 1
    outer loop
      vertex 66.5826 53.699 4.96
      vertex 68.4013 52.649 4.96
      vertex 66.6463 53.828 4.96
    endloop
  endfacet
  facet normal 0 0 1
    outer loop
      vertex 68.4013 52.649 4.96
      vertex 66.5826 53.699 4.96
      vertex 68.1687 52.301 4.96
    endloop
  endfacet
  facet normal -0 0 1
    outer loop
      vertex 66.5027 53.5794 4.96
      vertex 68.1687 52.301 4.96
      vertex 66.5826 53.699 4.96
    endloop
  endfacet
  facet normal 0 0 1
    outer loop
      vertex 68.1687 52.301 4.96
      vertex 66.5027 53.5794 4.96
      vertex 68.1232 52.249 4.96
    endloop
  endfacet
  facet normal -0 0 1
    outer loop
      vertex 66.4078 53.4712 4.96
      vertex 68.1232 52.249 4.96
      vertex 66.5027 53.5794 4.96
    endloop
  endfacet
  facet normal -0 0 1
    outer loop
      vertex 66.2996 53.3763 4.96
      vertex 68.1232 52.249 4.96
      vertex 66.4078 53.4712 4.96
    endloop
  endfacet
  facet normal -0 0 1
    outer loop
      vertex 66.18 53.2964 4.96
      vertex 68.1232 52.249 4.96
      vertex 66.2996 53.3763 4.96
    endloop
  endfacet
  facet normal -0 0 1
    outer loop
      vertex 66.0509 53.2327 4.96
      vertex 68.1232 52.249 4.96
      vertex 66.18 53.2964 4.96
    endloop
  endfacet
  facet normal -0 0 1
    outer loop
      vertex 65.9147 53.1865 4.96
      vertex 68.1232 52.249 4.96
      vertex 66.0509 53.2327 4.96
    endloop
  endfacet
  facet normal -0 0 1
    outer loop
      vertex 65.7736 53.1584 4.96
      vertex 68.1232 52.249 4.96
      vertex 65.9147 53.1865 4.96
    endloop
  endfacet
  facet normal -0 0 1
    outer loop
      vertex 65.63 53.149 4.96
      vertex 68.1232 52.249 4.96
      vertex 65.7736 53.1584 4.96
    endloop
  endfacet
  facet normal 0 0 1
    outer loop
      vertex 63.63 52.249 4.96
      vertex 65.63 53.149 4.96
      vertex 65.4864 53.1584 4.96
    endloop
  endfacet
  facet normal 0 0 1
    outer loop
      vertex 63.63 52.249 4.96
      vertex 65.4864 53.1584 4.96
      vertex 65.3453 53.1865 4.96
    endloop
  endfacet
  facet normal 0 0 1
    outer loop
      vertex 64.6137 54.67 4.96
      vertex 63.63 56.7422 4.96
      vertex 64.5675 54.5337 4.96
    endloop
  endfacet
  facet normal 0 0 1
    outer loop
      vertex 64.5675 54.5337 4.96
      vertex 63.63 56.7422 4.96
      vertex 64.5394 54.3926 4.96
    endloop
  endfacet
  facet normal 0 0 1
    outer loop
      vertex 64.5394 54.3926 4.96
      vertex 63.63 56.7422 4.96
      vertex 64.53 54.249 4.96
    endloop
  endfacet
  facet normal 0 0 1
    outer loop
      vertex 63.63 52.249 4.96
      vertex 64.53 54.249 4.96
      vertex 63.63 56.7422 4.96
    endloop
  endfacet
  facet normal 0 0 1
    outer loop
      vertex 64.53 54.249 4.96
      vertex 63.63 52.249 4.96
      vertex 64.5394 54.1054 4.96
    endloop
  endfacet
  facet normal 0 0 1
    outer loop
      vertex 65.63 53.149 4.96
      vertex 63.63 52.249 4.96
      vertex 68.1232 52.249 4.96
    endloop
  endfacet
  facet normal 0 0 1
    outer loop
      vertex 65.209 53.2327 4.96
      vertex 63.63 52.249 4.96
      vertex 65.3453 53.1865 4.96
    endloop
  endfacet
  facet normal 0 0 1
    outer loop
      vertex 65.08 53.2964 4.96
      vertex 63.63 52.249 4.96
      vertex 65.209 53.2327 4.96
    endloop
  endfacet
  facet normal 0 0 1
    outer loop
      vertex 64.9604 53.3763 4.96
      vertex 63.63 52.249 4.96
      vertex 65.08 53.2964 4.96
    endloop
  endfacet
  facet normal 0 0 1
    outer loop
      vertex 64.8522 53.4712 4.96
      vertex 63.63 52.249 4.96
      vertex 64.9604 53.3763 4.96
    endloop
  endfacet
  facet normal 0 0 1
    outer loop
      vertex 64.7573 53.5794 4.96
      vertex 63.63 52.249 4.96
      vertex 64.8522 53.4712 4.96
    endloop
  endfacet
  facet normal 0 0 1
    outer loop
      vertex 64.6774 53.699 4.96
      vertex 63.63 52.249 4.96
      vertex 64.7573 53.5794 4.96
    endloop
  endfacet
  facet normal 0 0 1
    outer loop
      vertex 64.6137 53.828 4.96
      vertex 63.63 52.249 4.96
      vertex 64.6774 53.699 4.96
    endloop
  endfacet
  facet normal 0 0 1
    outer loop
      vertex 64.5675 53.9643 4.96
      vertex 63.63 52.249 4.96
      vertex 64.6137 53.828 4.96
    endloop
  endfacet
  facet normal 0 0 1
    outer loop
      vertex 64.5394 54.1054 4.96
      vertex 63.63 52.249 4.96
      vertex 64.5675 53.9643 4.96
    endloop
  endfacet
  facet normal -1 0 0
    outer loop
      vertex 63.63 52.249 2
      vertex 63.63 56.7422 4.96
      vertex 63.63 56.7422 2
    endloop
  endfacet
  facet normal -1 -0 0
    outer loop
      vertex 63.63 56.7422 4.96
      vertex 63.63 52.249 2
      vertex 63.63 52.249 4.96
    endloop
  endfacet
  facet normal 0 -1 0
    outer loop
      vertex 63.63 52.249 2
      vertex 68.1232 52.249 4.96
      vertex 63.63 52.249 4.96
    endloop
  endfacet
  facet normal 0 -1 -0
    outer loop
      vertex 68.1232 52.249 4.96
      vertex 63.63 52.249 2
      vertex 68.1232 52.249 2
    endloop
  endfacet
  facet normal 0.707107 0.707107 0
    outer loop
      vertex 93.9803 27.1766 5
      vertex 92.7075 28.4494 2
      vertex 92.7075 28.4494 5
    endloop
  endfacet
  facet normal 0.707107 0.707107 0
    outer loop
      vertex 92.7075 28.4494 2
      vertex 93.9803 27.1766 5
      vertex 93.9803 27.1766 2
    endloop
  endfacet
  facet normal 0 0 1
    outer loop
      vertex 92.7075 28.4494 5
      vertex 88.3234 21.5197 5
      vertex 93.9803 27.1766 5
    endloop
  endfacet
  facet normal 0 -0 1
    outer loop
      vertex 88.3234 21.5197 5
      vertex 92.7075 28.4494 5
      vertex 87.0506 22.7925 5
    endloop
  endfacet
  facet normal -0.707107 -0.707107 0
    outer loop
      vertex 87.0506 22.7925 2
      vertex 88.3234 21.5197 5
      vertex 87.0506 22.7925 5
    endloop
  endfacet
  facet normal -0.707107 -0.707107 -0
    outer loop
      vertex 88.3234 21.5197 5
      vertex 87.0506 22.7925 2
      vertex 88.3234 21.5197 2
    endloop
  endfacet
  facet normal -0.707107 0.707107 0
    outer loop
      vertex 92.7075 28.4494 2
      vertex 87.0506 22.7925 5
      vertex 92.7075 28.4494 5
    endloop
  endfacet
  facet normal -0.707107 0.707107 0
    outer loop
      vertex 87.0506 22.7925 5
      vertex 92.7075 28.4494 2
      vertex 87.0506 22.7925 2
    endloop
  endfacet
  facet normal 0.707107 -0.707107 0
    outer loop
      vertex 88.3234 21.5197 5
      vertex 93.9803 27.1766 2
      vertex 93.9803 27.1766 5
    endloop
  endfacet
  facet normal 0.707107 -0.707107 0
    outer loop
      vertex 93.9803 27.1766 2
      vertex 88.3234 21.5197 5
      vertex 88.3234 21.5197 2
    endloop
  endfacet
  facet normal 0.707107 0.707107 -0
    outer loop
      vertex 82.9494 38.2075 2
      vertex 81.6766 39.4803 5
      vertex 82.9494 38.2075 5
    endloop
  endfacet
  facet normal 0.707107 0.707107 0
    outer loop
      vertex 81.6766 39.4803 5
      vertex 82.9494 38.2075 2
      vertex 81.6766 39.4803 2
    endloop
  endfacet
  facet normal 0 0 1
    outer loop
      vertex 81.6766 39.4803 5
      vertex 77.2925 32.5506 5
      vertex 82.9494 38.2075 5
    endloop
  endfacet
  facet normal 0 -0 1
    outer loop
      vertex 77.2925 32.5506 5
      vertex 81.6766 39.4803 5
      vertex 76.0197 33.8234 5
    endloop
  endfacet
  facet normal -0.707107 -0.707107 0
    outer loop
      vertex 77.2925 32.5506 2
      vertex 76.0197 33.8234 5
      vertex 76.0197 33.8234 2
    endloop
  endfacet
  facet normal -0.707107 -0.707107 0
    outer loop
      vertex 76.0197 33.8234 5
      vertex 77.2925 32.5506 2
      vertex 77.2925 32.5506 5
    endloop
  endfacet
  facet normal -0.707107 0.707107 0
    outer loop
      vertex 76.0197 33.8234 2
      vertex 81.6766 39.4803 5
      vertex 81.6766 39.4803 2
    endloop
  endfacet
  facet normal -0.707107 0.707107 0
    outer loop
      vertex 81.6766 39.4803 5
      vertex 76.0197 33.8234 2
      vertex 76.0197 33.8234 5
    endloop
  endfacet
  facet normal 0.707107 -0.707107 0
    outer loop
      vertex 77.2925 32.5506 2
      vertex 82.9494 38.2075 5
      vertex 77.2925 32.5506 5
    endloop
  endfacet
  facet normal 0.707107 -0.707107 0
    outer loop
      vertex 82.9494 38.2075 5
      vertex 77.2925 32.5506 2
      vertex 82.9494 38.2075 2
    endloop
  endfacet
  facet normal -0.94697 -0.321322 0
    outer loop
      vertex 70.7664 4.66061 2
      vertex 70.6193 5.09413 29.6
      vertex 70.6193 5.09413 2
    endloop
  endfacet
  facet normal -0.94697 -0.321322 0
    outer loop
      vertex 70.6193 5.09413 29.6
      vertex 70.7664 4.66061 2
      vertex 70.7664 4.66061 29.6
    endloop
  endfacet
  facet normal 0.195066 -0.98079 0
    outer loop
      vertex 74.4568 2.52994 2
      vertex 74.9059 2.61926 29.6
      vertex 74.4568 2.52994 29.6
    endloop
  endfacet
  facet normal 0.195066 -0.98079 0
    outer loop
      vertex 74.9059 2.61926 29.6
      vertex 74.4568 2.52994 2
      vertex 74.9059 2.61926 2
    endloop
  endfacet
  facet normal 0.980751 0.195263 0
    outer loop
      vertex 77.4701 6.45684 29.6
      vertex 77.3807 6.90587 2
      vertex 77.3807 6.90587 29.6
    endloop
  endfacet
  facet normal 0.980751 0.195263 0
    outer loop
      vertex 77.3807 6.90587 2
      vertex 77.4701 6.45684 29.6
      vertex 77.4701 6.45684 2
    endloop
  endfacet
  facet normal 0.997865 0.0653099 0
    outer loop
      vertex 77.5 6 29.6
      vertex 77.4701 6.45684 2
      vertex 77.4701 6.45684 29.6
    endloop
  endfacet
  facet normal 0.997865 0.0653099 0
    outer loop
      vertex 77.4701 6.45684 2
      vertex 77.5 6 29.6
      vertex 77.5 6 2
    endloop
  endfacet
  facet normal -0.442297 0.896869 0
    outer loop
      vertex 72.6606 9.23358 2
      vertex 72.25 9.03109 29.6
      vertex 72.6606 9.23358 29.6
    endloop
  endfacet
  facet normal -0.442297 0.896869 0
    outer loop
      vertex 72.25 9.03109 29.6
      vertex 72.6606 9.23358 2
      vertex 72.25 9.03109 2
    endloop
  endfacet
  facet normal 0.896864 -0.442305 0
    outer loop
      vertex 77.0311 4.25 29.6
      vertex 77.2336 4.66061 2
      vertex 77.2336 4.66061 29.6
    endloop
  endfacet
  facet normal 0.896864 -0.442305 0
    outer loop
      vertex 77.2336 4.66061 2
      vertex 77.0311 4.25 29.6
      vertex 77.0311 4.25 2
    endloop
  endfacet
  facet normal 0.997865 -0.0653099 0
    outer loop
      vertex 77.4701 5.54316 29.6
      vertex 77.5 6 2
      vertex 77.5 6 29.6
    endloop
  endfacet
  facet normal 0.997865 -0.0653099 0
    outer loop
      vertex 77.5 6 2
      vertex 77.4701 5.54316 29.6
      vertex 77.4701 5.54316 2
    endloop
  endfacet
  facet normal 0.659364 0.751824 -0
    outer loop
      vertex 76.4749 8.47487 2
      vertex 76.1307 8.77674 29.6
      vertex 76.4749 8.47487 29.6
    endloop
  endfacet
  facet normal 0.659364 0.751824 0
    outer loop
      vertex 76.1307 8.77674 29.6
      vertex 76.4749 8.47487 2
      vertex 76.1307 8.77674 2
    endloop
  endfacet
  facet normal -0.659364 0.751824 0
    outer loop
      vertex 71.8693 8.77674 2
      vertex 71.5251 8.47487 29.6
      vertex 71.8693 8.77674 29.6
    endloop
  endfacet
  facet normal -0.659364 0.751824 0
    outer loop
      vertex 71.5251 8.47487 29.6
      vertex 71.8693 8.77674 2
      vertex 71.5251 8.47487 2
    endloop
  endfacet
  facet normal 0.0654026 0.997859 -0
    outer loop
      vertex 74.4568 9.47006 2
      vertex 74 9.5 29.6
      vertex 74.4568 9.47006 29.6
    endloop
  endfacet
  facet normal 0.0654026 0.997859 0
    outer loop
      vertex 74 9.5 29.6
      vertex 74.4568 9.47006 2
      vertex 74 9.5 2
    endloop
  endfacet
  facet normal -0.997865 0.0653099 0
    outer loop
      vertex 70.5 6 2
      vertex 70.5299 6.45684 29.6
      vertex 70.5299 6.45684 2
    endloop
  endfacet
  facet normal -0.997865 0.0653099 0
    outer loop
      vertex 70.5299 6.45684 29.6
      vertex 70.5 6 2
      vertex 70.5 6 29.6
    endloop
  endfacet
  facet normal -0.7519 -0.659278 0
    outer loop
      vertex 71.5251 3.52513 2
      vertex 71.2233 3.86933 29.6
      vertex 71.2233 3.86933 2
    endloop
  endfacet
  facet normal -0.7519 -0.659278 0
    outer loop
      vertex 71.2233 3.86933 29.6
      vertex 71.5251 3.52513 2
      vertex 71.5251 3.52513 29.6
    endloop
  endfacet
  facet normal -0.980751 -0.195263 0
    outer loop
      vertex 70.6193 5.09413 2
      vertex 70.5299 5.54316 29.6
      vertex 70.5299 5.54316 2
    endloop
  endfacet
  facet normal -0.980751 -0.195263 0
    outer loop
      vertex 70.5299 5.54316 29.6
      vertex 70.6193 5.09413 2
      vertex 70.6193 5.09413 29.6
    endloop
  endfacet
  facet normal 0.831425 -0.555637 0
    outer loop
      vertex 76.7767 3.86933 29.6
      vertex 77.0311 4.25 2
      vertex 77.0311 4.25 29.6
    endloop
  endfacet
  facet normal 0.831425 -0.555637 0
    outer loop
      vertex 77.0311 4.25 2
      vertex 76.7767 3.86933 29.6
      vertex 76.7767 3.86933 2
    endloop
  endfacet
  facet normal -0.896864 0.442305 0
    outer loop
      vertex 70.7664 7.33939 2
      vertex 70.9689 7.75 29.6
      vertex 70.9689 7.75 2
    endloop
  endfacet
  facet normal -0.896864 0.442305 0
    outer loop
      vertex 70.9689 7.75 29.6
      vertex 70.7664 7.33939 2
      vertex 70.7664 7.33939 29.6
    endloop
  endfacet
  facet normal -0.831425 -0.555637 0
    outer loop
      vertex 71.2233 3.86933 2
      vertex 70.9689 4.25 29.6
      vertex 70.9689 4.25 2
    endloop
  endfacet
  facet normal -0.831425 -0.555637 0
    outer loop
      vertex 70.9689 4.25 29.6
      vertex 71.2233 3.86933 2
      vertex 71.2233 3.86933 29.6
    endloop
  endfacet
  facet normal -0.831418 0.555647 0
    outer loop
      vertex 70.9689 7.75 2
      vertex 71.2233 8.13066 29.6
      vertex 71.2233 8.13066 2
    endloop
  endfacet
  facet normal -0.831418 0.555647 0
    outer loop
      vertex 71.2233 8.13066 29.6
      vertex 70.9689 7.75 2
      vertex 70.9689 7.75 29.6
    endloop
  endfacet
  facet normal -0.0654026 0.997859 0
    outer loop
      vertex 74 9.5 2
      vertex 73.5432 9.47006 29.6
      vertex 74 9.5 29.6
    endloop
  endfacet
  facet normal -0.0654026 0.997859 0
    outer loop
      vertex 73.5432 9.47006 29.6
      vertex 74 9.5 2
      vertex 73.5432 9.47006 2
    endloop
  endfacet
  facet normal -0.321452 0.946926 0
    outer loop
      vertex 73.0941 9.38074 2
      vertex 72.6606 9.23358 29.6
      vertex 73.0941 9.38074 29.6
    endloop
  endfacet
  facet normal -0.321452 0.946926 0
    outer loop
      vertex 72.6606 9.23358 29.6
      vertex 73.0941 9.38074 2
      vertex 72.6606 9.23358 2
    endloop
  endfacet
  facet normal -0.321452 -0.946926 0
    outer loop
      vertex 72.6606 2.76642 2
      vertex 73.0941 2.61926 29.6
      vertex 72.6606 2.76642 29.6
    endloop
  endfacet
  facet normal -0.321452 -0.946926 -0
    outer loop
      vertex 73.0941 2.61926 29.6
      vertex 72.6606 2.76642 2
      vertex 73.0941 2.61926 2
    endloop
  endfacet
  facet normal 0.442297 0.896869 -0
    outer loop
      vertex 75.75 9.03109 2
      vertex 75.3394 9.23358 29.6
      vertex 75.75 9.03109 29.6
    endloop
  endfacet
  facet normal 0.442297 0.896869 0
    outer loop
      vertex 75.3394 9.23358 29.6
      vertex 75.75 9.03109 2
      vertex 75.3394 9.23358 2
    endloop
  endfacet
  facet normal 0.0654026 -0.997859 0
    outer loop
      vertex 74 2.5 2
      vertex 74.4568 2.52994 29.6
      vertex 74 2.5 29.6
    endloop
  endfacet
  facet normal 0.0654026 -0.997859 0
    outer loop
      vertex 74.4568 2.52994 29.6
      vertex 74 2.5 2
      vertex 74.4568 2.52994 2
    endloop
  endfacet
  facet normal 0.555532 -0.831495 0
    outer loop
      vertex 75.75 2.96891 2
      vertex 76.1307 3.22326 29.6
      vertex 75.75 2.96891 29.6
    endloop
  endfacet
  facet normal 0.555532 -0.831495 0
    outer loop
      vertex 76.1307 3.22326 29.6
      vertex 75.75 2.96891 2
      vertex 76.1307 3.22326 2
    endloop
  endfacet
  facet normal 0.980751 -0.195263 0
    outer loop
      vertex 77.3807 5.09413 29.6
      vertex 77.4701 5.54316 2
      vertex 77.4701 5.54316 29.6
    endloop
  endfacet
  facet normal 0.980751 -0.195263 0
    outer loop
      vertex 77.4701 5.54316 2
      vertex 77.3807 5.09413 29.6
      vertex 77.3807 5.09413 2
    endloop
  endfacet
  facet normal -0.751909 0.659267 0
    outer loop
      vertex 71.2233 8.13066 2
      vertex 71.5251 8.47487 29.6
      vertex 71.5251 8.47487 2
    endloop
  endfacet
  facet normal -0.751909 0.659267 0
    outer loop
      vertex 71.5251 8.47487 29.6
      vertex 71.2233 8.13066 2
      vertex 71.2233 8.13066 29.6
    endloop
  endfacet
  facet normal -0.980751 0.195263 0
    outer loop
      vertex 70.5299 6.45684 2
      vertex 70.6193 6.90587 29.6
      vertex 70.6193 6.90587 2
    endloop
  endfacet
  facet normal -0.980751 0.195263 0
    outer loop
      vertex 70.6193 6.90587 29.6
      vertex 70.5299 6.45684 2
      vertex 70.5299 6.45684 29.6
    endloop
  endfacet
  facet normal 0.831418 0.555647 0
    outer loop
      vertex 77.0311 7.75 29.6
      vertex 76.7767 8.13066 2
      vertex 76.7767 8.13066 29.6
    endloop
  endfacet
  facet normal 0.831418 0.555647 0
    outer loop
      vertex 76.7767 8.13066 2
      vertex 77.0311 7.75 29.6
      vertex 77.0311 7.75 2
    endloop
  endfacet
  facet normal 0.555532 0.831495 -0
    outer loop
      vertex 76.1307 8.77674 2
      vertex 75.75 9.03109 29.6
      vertex 76.1307 8.77674 29.6
    endloop
  endfacet
  facet normal 0.555532 0.831495 0
    outer loop
      vertex 75.75 9.03109 29.6
      vertex 76.1307 8.77674 2
      vertex 75.75 9.03109 2
    endloop
  endfacet
  facet normal -0.997865 -0.0653099 0
    outer loop
      vertex 70.5299 5.54316 2
      vertex 70.5 6 29.6
      vertex 70.5 6 2
    endloop
  endfacet
  facet normal -0.997865 -0.0653099 0
    outer loop
      vertex 70.5 6 29.6
      vertex 70.5299 5.54316 2
      vertex 70.5299 5.54316 29.6
    endloop
  endfacet
  facet normal 0.321452 0.946926 -0
    outer loop
      vertex 75.3394 9.23358 2
      vertex 74.9059 9.38074 29.6
      vertex 75.3394 9.23358 29.6
    endloop
  endfacet
  facet normal 0.321452 0.946926 0
    outer loop
      vertex 74.9059 9.38074 29.6
      vertex 75.3394 9.23358 2
      vertex 74.9059 9.38074 2
    endloop
  endfacet
  facet normal 0.659364 -0.751824 0
    outer loop
      vertex 76.1307 3.22326 2
      vertex 76.4749 3.52513 29.6
      vertex 76.1307 3.22326 29.6
    endloop
  endfacet
  facet normal 0.659364 -0.751824 0
    outer loop
      vertex 76.4749 3.52513 29.6
      vertex 76.1307 3.22326 2
      vertex 76.4749 3.52513 2
    endloop
  endfacet
  facet normal -0.195066 0.98079 0
    outer loop
      vertex 73.5432 9.47006 2
      vertex 73.0941 9.38074 29.6
      vertex 73.5432 9.47006 29.6
    endloop
  endfacet
  facet normal -0.195066 0.98079 0
    outer loop
      vertex 73.0941 9.38074 29.6
      vertex 73.5432 9.47006 2
      vertex 73.0941 9.38074 2
    endloop
  endfacet
  facet normal 0.896864 0.442305 0
    outer loop
      vertex 77.2336 7.33939 29.6
      vertex 77.0311 7.75 2
      vertex 77.0311 7.75 29.6
    endloop
  endfacet
  facet normal 0.896864 0.442305 0
    outer loop
      vertex 77.0311 7.75 2
      vertex 77.2336 7.33939 29.6
      vertex 77.2336 7.33939 2
    endloop
  endfacet
  facet normal -0.555532 -0.831495 0
    outer loop
      vertex 71.8693 3.22326 2
      vertex 72.25 2.96891 29.6
      vertex 71.8693 3.22326 29.6
    endloop
  endfacet
  facet normal -0.555532 -0.831495 -0
    outer loop
      vertex 72.25 2.96891 29.6
      vertex 71.8693 3.22326 2
      vertex 72.25 2.96891 2
    endloop
  endfacet
  facet normal -0.659364 -0.751824 0
    outer loop
      vertex 71.5251 3.52513 2
      vertex 71.8693 3.22326 29.6
      vertex 71.5251 3.52513 29.6
    endloop
  endfacet
  facet normal -0.659364 -0.751824 -0
    outer loop
      vertex 71.8693 3.22326 29.6
      vertex 71.5251 3.52513 2
      vertex 71.8693 3.22326 2
    endloop
  endfacet
  facet normal 0.7519 -0.659278 0
    outer loop
      vertex 76.4749 3.52513 29.6
      vertex 76.7767 3.86933 2
      vertex 76.7767 3.86933 29.6
    endloop
  endfacet
  facet normal 0.7519 -0.659278 0
    outer loop
      vertex 76.7767 3.86933 2
      vertex 76.4749 3.52513 29.6
      vertex 76.4749 3.52513 2
    endloop
  endfacet
  facet normal -0.896864 -0.442305 0
    outer loop
      vertex 70.9689 4.25 2
      vertex 70.7664 4.66061 29.6
      vertex 70.7664 4.66061 2
    endloop
  endfacet
  facet normal -0.896864 -0.442305 0
    outer loop
      vertex 70.7664 4.66061 29.6
      vertex 70.9689 4.25 2
      vertex 70.9689 4.25 29.6
    endloop
  endfacet
  facet normal -0.0654026 -0.997859 0
    outer loop
      vertex 73.5432 2.52994 2
      vertex 74 2.5 29.6
      vertex 73.5432 2.52994 29.6
    endloop
  endfacet
  facet normal -0.0654026 -0.997859 -0
    outer loop
      vertex 74 2.5 29.6
      vertex 73.5432 2.52994 2
      vertex 74 2.5 2
    endloop
  endfacet
  facet normal 0.751909 0.659267 0
    outer loop
      vertex 76.7767 8.13066 29.6
      vertex 76.4749 8.47487 2
      vertex 76.4749 8.47487 29.6
    endloop
  endfacet
  facet normal 0.751909 0.659267 0
    outer loop
      vertex 76.4749 8.47487 2
      vertex 76.7767 8.13066 29.6
      vertex 76.7767 8.13066 2
    endloop
  endfacet
  facet normal -0.555532 0.831495 0
    outer loop
      vertex 72.25 9.03109 2
      vertex 71.8693 8.77674 29.6
      vertex 72.25 9.03109 29.6
    endloop
  endfacet
  facet normal -0.555532 0.831495 0
    outer loop
      vertex 71.8693 8.77674 29.6
      vertex 72.25 9.03109 2
      vertex 71.8693 8.77674 2
    endloop
  endfacet
  facet normal 0 0 1
    outer loop
      vertex 75.3 6 29.6
      vertex 77.5 6 29.6
      vertex 77.4701 6.45684 29.6
    endloop
  endfacet
  facet normal 0 0 1
    outer loop
      vertex 75.2889 6.16968 29.6
      vertex 77.4701 6.45684 29.6
      vertex 77.3807 6.90587 29.6
    endloop
  endfacet
  facet normal 0 0 1
    outer loop
      vertex 77.5 6 29.6
      vertex 75.3 6 29.6
      vertex 77.4701 5.54316 29.6
    endloop
  endfacet
  facet normal 0 0 1
    outer loop
      vertex 75.2557 6.33646 29.6
      vertex 77.3807 6.90587 29.6
      vertex 77.2336 7.33939 29.6
    endloop
  endfacet
  facet normal -0 0 1
    outer loop
      vertex 75.2889 5.83032 29.6
      vertex 77.4701 5.54316 29.6
      vertex 75.3 6 29.6
    endloop
  endfacet
  facet normal 0 0 1
    outer loop
      vertex 75.201 6.49749 29.6
      vertex 77.2336 7.33939 29.6
      vertex 77.0311 7.75 29.6
    endloop
  endfacet
  facet normal 0 0 1
    outer loop
      vertex 77.4701 5.54316 29.6
      vertex 75.2889 5.83032 29.6
      vertex 77.3807 5.09413 29.6
    endloop
  endfacet
  facet normal 0 0 1
    outer loop
      vertex 75.1258 6.65 29.6
      vertex 77.0311 7.75 29.6
      vertex 76.7767 8.13066 29.6
    endloop
  endfacet
  facet normal -0 0 1
    outer loop
      vertex 75.2557 5.66354 29.6
      vertex 77.3807 5.09413 29.6
      vertex 75.2889 5.83032 29.6
    endloop
  endfacet
  facet normal 0 0 1
    outer loop
      vertex 75.0314 6.79139 29.6
      vertex 76.7767 8.13066 29.6
      vertex 76.4749 8.47487 29.6
    endloop
  endfacet
  facet normal 0 0 1
    outer loop
      vertex 77.3807 5.09413 29.6
      vertex 75.2557 5.66354 29.6
      vertex 77.2336 4.66061 29.6
    endloop
  endfacet
  facet normal 0 0 1
    outer loop
      vertex 74.9192 6.91924 29.6
      vertex 76.4749 8.47487 29.6
      vertex 76.1307 8.77674 29.6
    endloop
  endfacet
  facet normal -0 0 1
    outer loop
      vertex 75.201 5.50251 29.6
      vertex 77.2336 4.66061 29.6
      vertex 75.2557 5.66354 29.6
    endloop
  endfacet
  facet normal 0 0 1
    outer loop
      vertex 74.7914 7.03136 29.6
      vertex 76.1307 8.77674 29.6
      vertex 75.75 9.03109 29.6
    endloop
  endfacet
  facet normal 0 0 1
    outer loop
      vertex 77.2336 4.66061 29.6
      vertex 75.201 5.50251 29.6
      vertex 77.0311 4.25 29.6
    endloop
  endfacet
  facet normal 0 0 1
    outer loop
      vertex 74.65 7.12583 29.6
      vertex 75.75 9.03109 29.6
      vertex 75.3394 9.23358 29.6
    endloop
  endfacet
  facet normal -0 0 1
    outer loop
      vertex 75.1258 5.35 29.6
      vertex 77.0311 4.25 29.6
      vertex 75.201 5.50251 29.6
    endloop
  endfacet
  facet normal 0 0 1
    outer loop
      vertex 77.0311 4.25 29.6
      vertex 75.1258 5.35 29.6
      vertex 76.7767 3.86933 29.6
    endloop
  endfacet
  facet normal 0 0 1
    outer loop
      vertex 77.4701 6.45684 29.6
      vertex 75.2889 6.16968 29.6
      vertex 75.3 6 29.6
    endloop
  endfacet
  facet normal 0 0 1
    outer loop
      vertex 77.3807 6.90587 29.6
      vertex 75.2557 6.33646 29.6
      vertex 75.2889 6.16968 29.6
    endloop
  endfacet
  facet normal 0 0 1
    outer loop
      vertex 77.2336 7.33939 29.6
      vertex 75.201 6.49749 29.6
      vertex 75.2557 6.33646 29.6
    endloop
  endfacet
  facet normal 0 0 1
    outer loop
      vertex 77.0311 7.75 29.6
      vertex 75.1258 6.65 29.6
      vertex 75.201 6.49749 29.6
    endloop
  endfacet
  facet normal 0 0 1
    outer loop
      vertex 76.7767 8.13066 29.6
      vertex 75.0314 6.79139 29.6
      vertex 75.1258 6.65 29.6
    endloop
  endfacet
  facet normal 0 0 1
    outer loop
      vertex 76.4749 8.47487 29.6
      vertex 74.9192 6.91924 29.6
      vertex 75.0314 6.79139 29.6
    endloop
  endfacet
  facet normal 0 0 1
    outer loop
      vertex 74.4975 7.20104 29.6
      vertex 75.3394 9.23358 29.6
      vertex 74.9059 9.38074 29.6
    endloop
  endfacet
  facet normal 0 0 1
    outer loop
      vertex 76.1307 8.77674 29.6
      vertex 74.7914 7.03136 29.6
      vertex 74.9192 6.91924 29.6
    endloop
  endfacet
  facet normal 0 0 1
    outer loop
      vertex 75.75 9.03109 29.6
      vertex 74.65 7.12583 29.6
      vertex 74.7914 7.03136 29.6
    endloop
  endfacet
  facet normal 0 0 1
    outer loop
      vertex 75.3394 9.23358 29.6
      vertex 74.4975 7.20104 29.6
      vertex 74.65 7.12583 29.6
    endloop
  endfacet
  facet normal 0 0 1
    outer loop
      vertex 74.3365 7.2557 29.6
      vertex 74.9059 9.38074 29.6
      vertex 74.4568 9.47006 29.6
    endloop
  endfacet
  facet normal 0 0 1
    outer loop
      vertex 74.9059 9.38074 29.6
      vertex 74.3365 7.2557 29.6
      vertex 74.4975 7.20104 29.6
    endloop
  endfacet
  facet normal 0 0 1
    outer loop
      vertex 74.4568 9.47006 29.6
      vertex 74.1697 7.28888 29.6
      vertex 74.3365 7.2557 29.6
    endloop
  endfacet
  facet normal 0 0 1
    outer loop
      vertex 74 9.5 29.6
      vertex 74.1697 7.28888 29.6
      vertex 74.4568 9.47006 29.6
    endloop
  endfacet
  facet normal 0 0 1
    outer loop
      vertex 74 9.5 29.6
      vertex 74 7.3 29.6
      vertex 74.1697 7.28888 29.6
    endloop
  endfacet
  facet normal 0 0 1
    outer loop
      vertex 74 9.5 29.6
      vertex 73.8303 7.28888 29.6
      vertex 74 7.3 29.6
    endloop
  endfacet
  facet normal -0 0 1
    outer loop
      vertex 73.5432 9.47006 29.6
      vertex 73.8303 7.28888 29.6
      vertex 74 9.5 29.6
    endloop
  endfacet
  facet normal 0 0 1
    outer loop
      vertex 73.8303 7.28888 29.6
      vertex 73.5432 9.47006 29.6
      vertex 73.6635 7.2557 29.6
    endloop
  endfacet
  facet normal -0 0 1
    outer loop
      vertex 73.0941 9.38074 29.6
      vertex 73.6635 7.2557 29.6
      vertex 73.5432 9.47006 29.6
    endloop
  endfacet
  facet normal 0 0 1
    outer loop
      vertex 73.6635 7.2557 29.6
      vertex 73.0941 9.38074 29.6
      vertex 73.5025 7.20104 29.6
    endloop
  endfacet
  facet normal -0 0 1
    outer loop
      vertex 72.6606 9.23358 29.6
      vertex 73.5025 7.20104 29.6
      vertex 73.0941 9.38074 29.6
    endloop
  endfacet
  facet normal 0 0 1
    outer loop
      vertex 73.5025 7.20104 29.6
      vertex 72.6606 9.23358 29.6
      vertex 73.35 7.12583 29.6
    endloop
  endfacet
  facet normal -0 0 1
    outer loop
      vertex 72.25 9.03109 29.6
      vertex 73.35 7.12583 29.6
      vertex 72.6606 9.23358 29.6
    endloop
  endfacet
  facet normal 0 0 1
    outer loop
      vertex 73.35 7.12583 29.6
      vertex 72.25 9.03109 29.6
      vertex 73.2086 7.03136 29.6
    endloop
  endfacet
  facet normal -0 0 1
    outer loop
      vertex 71.8693 8.77674 29.6
      vertex 73.2086 7.03136 29.6
      vertex 72.25 9.03109 29.6
    endloop
  endfacet
  facet normal 0 0 1
    outer loop
      vertex 73.2086 7.03136 29.6
      vertex 71.8693 8.77674 29.6
      vertex 73.0808 6.91924 29.6
    endloop
  endfacet
  facet normal -0 0 1
    outer loop
      vertex 71.5251 8.47487 29.6
      vertex 73.0808 6.91924 29.6
      vertex 71.8693 8.77674 29.6
    endloop
  endfacet
  facet normal 0 0 1
    outer loop
      vertex 73.0808 6.91924 29.6
      vertex 71.5251 8.47487 29.6
      vertex 72.9686 6.79139 29.6
    endloop
  endfacet
  facet normal 0 0 1
    outer loop
      vertex 72.9686 6.79139 29.6
      vertex 71.2233 8.13066 29.6
      vertex 72.8742 6.65 29.6
    endloop
  endfacet
  facet normal -0 0 1
    outer loop
      vertex 71.2233 8.13066 29.6
      vertex 72.9686 6.79139 29.6
      vertex 71.5251 8.47487 29.6
    endloop
  endfacet
  facet normal -0 0 1
    outer loop
      vertex 75.0314 5.20861 29.6
      vertex 76.7767 3.86933 29.6
      vertex 75.1258 5.35 29.6
    endloop
  endfacet
  facet normal 0 0 1
    outer loop
      vertex 76.7767 3.86933 29.6
      vertex 75.0314 5.20861 29.6
      vertex 76.4749 3.52513 29.6
    endloop
  endfacet
  facet normal -0 0 1
    outer loop
      vertex 74.9192 5.08076 29.6
      vertex 76.4749 3.52513 29.6
      vertex 75.0314 5.20861 29.6
    endloop
  endfacet
  facet normal 0 0 1
    outer loop
      vertex 76.4749 3.52513 29.6
      vertex 74.9192 5.08076 29.6
      vertex 76.1307 3.22326 29.6
    endloop
  endfacet
  facet normal -0 0 1
    outer loop
      vertex 74.7914 4.96864 29.6
      vertex 76.1307 3.22326 29.6
      vertex 74.9192 5.08076 29.6
    endloop
  endfacet
  facet normal 0 0 1
    outer loop
      vertex 76.1307 3.22326 29.6
      vertex 74.7914 4.96864 29.6
      vertex 75.75 2.96891 29.6
    endloop
  endfacet
  facet normal -0 0 1
    outer loop
      vertex 74.65 4.87417 29.6
      vertex 75.75 2.96891 29.6
      vertex 74.7914 4.96864 29.6
    endloop
  endfacet
  facet normal 0 0 1
    outer loop
      vertex 75.75 2.96891 29.6
      vertex 74.65 4.87417 29.6
      vertex 75.3394 2.76642 29.6
    endloop
  endfacet
  facet normal -0 0 1
    outer loop
      vertex 74.4975 4.79896 29.6
      vertex 75.3394 2.76642 29.6
      vertex 74.65 4.87417 29.6
    endloop
  endfacet
  facet normal 0 0 1
    outer loop
      vertex 75.3394 2.76642 29.6
      vertex 74.4975 4.79896 29.6
      vertex 74.9059 2.61926 29.6
    endloop
  endfacet
  facet normal -0 0 1
    outer loop
      vertex 74.3365 4.7443 29.6
      vertex 74.9059 2.61926 29.6
      vertex 74.4975 4.79896 29.6
    endloop
  endfacet
  facet normal 0 0 1
    outer loop
      vertex 74.9059 2.61926 29.6
      vertex 74.3365 4.7443 29.6
      vertex 74.4568 2.52994 29.6
    endloop
  endfacet
  facet normal -0 0 1
    outer loop
      vertex 74.1697 4.71112 29.6
      vertex 74.4568 2.52994 29.6
      vertex 74.3365 4.7443 29.6
    endloop
  endfacet
  facet normal -0 0 1
    outer loop
      vertex 74 4.7 29.6
      vertex 74.4568 2.52994 29.6
      vertex 74.1697 4.71112 29.6
    endloop
  endfacet
  facet normal 0 0 1
    outer loop
      vertex 74 4.7 29.6
      vertex 74 2.5 29.6
      vertex 74.4568 2.52994 29.6
    endloop
  endfacet
  facet normal 0 0 1
    outer loop
      vertex 73.8303 4.71112 29.6
      vertex 74 2.5 29.6
      vertex 74 4.7 29.6
    endloop
  endfacet
  facet normal 0 0 1
    outer loop
      vertex 73.5432 2.52994 29.6
      vertex 73.8303 4.71112 29.6
      vertex 73.6635 4.7443 29.6
    endloop
  endfacet
  facet normal 0 0 1
    outer loop
      vertex 73.8303 4.71112 29.6
      vertex 73.5432 2.52994 29.6
      vertex 74 2.5 29.6
    endloop
  endfacet
  facet normal 0 0 1
    outer loop
      vertex 73.0941 2.61926 29.6
      vertex 73.6635 4.7443 29.6
      vertex 73.5025 4.79896 29.6
    endloop
  endfacet
  facet normal 0 0 1
    outer loop
      vertex 72.6606 2.76642 29.6
      vertex 73.5025 4.79896 29.6
      vertex 73.35 4.87417 29.6
    endloop
  endfacet
  facet normal 0 0 1
    outer loop
      vertex 72.25 2.96891 29.6
      vertex 73.35 4.87417 29.6
      vertex 73.2086 4.96864 29.6
    endloop
  endfacet
  facet normal 0 0 1
    outer loop
      vertex 73.6635 4.7443 29.6
      vertex 73.0941 2.61926 29.6
      vertex 73.5432 2.52994 29.6
    endloop
  endfacet
  facet normal 0 0 1
    outer loop
      vertex 71.8693 3.22326 29.6
      vertex 73.2086 4.96864 29.6
      vertex 73.0808 5.08076 29.6
    endloop
  endfacet
  facet normal 0 0 1
    outer loop
      vertex 71.5251 3.52513 29.6
      vertex 73.0808 5.08076 29.6
      vertex 72.9686 5.20861 29.6
    endloop
  endfacet
  facet normal 0 0 1
    outer loop
      vertex 71.2233 3.86933 29.6
      vertex 72.9686 5.20861 29.6
      vertex 72.8742 5.35 29.6
    endloop
  endfacet
  facet normal 0 0 1
    outer loop
      vertex 70.9689 4.25 29.6
      vertex 72.8742 5.35 29.6
      vertex 72.799 5.50251 29.6
    endloop
  endfacet
  facet normal 0 0 1
    outer loop
      vertex 70.7664 4.66061 29.6
      vertex 72.799 5.50251 29.6
      vertex 72.7443 5.66354 29.6
    endloop
  endfacet
  facet normal 0 0 1
    outer loop
      vertex 70.6193 5.09413 29.6
      vertex 72.7443 5.66354 29.6
      vertex 72.7111 5.83032 29.6
    endloop
  endfacet
  facet normal 0 0 1
    outer loop
      vertex 73.5025 4.79896 29.6
      vertex 72.6606 2.76642 29.6
      vertex 73.0941 2.61926 29.6
    endloop
  endfacet
  facet normal 0 0 1
    outer loop
      vertex 70.5299 5.54316 29.6
      vertex 72.7111 5.83032 29.6
      vertex 72.7 6 29.6
    endloop
  endfacet
  facet normal -0 0 1
    outer loop
      vertex 70.9689 7.75 29.6
      vertex 72.8742 6.65 29.6
      vertex 71.2233 8.13066 29.6
    endloop
  endfacet
  facet normal 0 0 1
    outer loop
      vertex 72.8742 6.65 29.6
      vertex 70.9689 7.75 29.6
      vertex 72.799 6.49749 29.6
    endloop
  endfacet
  facet normal 0 0 1
    outer loop
      vertex 73.35 4.87417 29.6
      vertex 72.25 2.96891 29.6
      vertex 72.6606 2.76642 29.6
    endloop
  endfacet
  facet normal -0 0 1
    outer loop
      vertex 70.7664 7.33939 29.6
      vertex 72.799 6.49749 29.6
      vertex 70.9689 7.75 29.6
    endloop
  endfacet
  facet normal 0 0 1
    outer loop
      vertex 73.2086 4.96864 29.6
      vertex 71.8693 3.22326 29.6
      vertex 72.25 2.96891 29.6
    endloop
  endfacet
  facet normal 0 0 1
    outer loop
      vertex 72.799 6.49749 29.6
      vertex 70.7664 7.33939 29.6
      vertex 72.7443 6.33646 29.6
    endloop
  endfacet
  facet normal 0 0 1
    outer loop
      vertex 73.0808 5.08076 29.6
      vertex 71.5251 3.52513 29.6
      vertex 71.8693 3.22326 29.6
    endloop
  endfacet
  facet normal -0 0 1
    outer loop
      vertex 70.6193 6.90587 29.6
      vertex 72.7443 6.33646 29.6
      vertex 70.7664 7.33939 29.6
    endloop
  endfacet
  facet normal 0 0 1
    outer loop
      vertex 72.9686 5.20861 29.6
      vertex 71.2233 3.86933 29.6
      vertex 71.5251 3.52513 29.6
    endloop
  endfacet
  facet normal 0 0 1
    outer loop
      vertex 72.7443 6.33646 29.6
      vertex 70.6193 6.90587 29.6
      vertex 72.7111 6.16968 29.6
    endloop
  endfacet
  facet normal 0 0 1
    outer loop
      vertex 72.8742 5.35 29.6
      vertex 70.9689 4.25 29.6
      vertex 71.2233 3.86933 29.6
    endloop
  endfacet
  facet normal -0 0 1
    outer loop
      vertex 70.5299 6.45684 29.6
      vertex 72.7111 6.16968 29.6
      vertex 70.6193 6.90587 29.6
    endloop
  endfacet
  facet normal 0 0 1
    outer loop
      vertex 72.799 5.50251 29.6
      vertex 70.7664 4.66061 29.6
      vertex 70.9689 4.25 29.6
    endloop
  endfacet
  facet normal 0 0 1
    outer loop
      vertex 72.7111 6.16968 29.6
      vertex 70.5299 6.45684 29.6
      vertex 72.7 6 29.6
    endloop
  endfacet
  facet normal 0 0 1
    outer loop
      vertex 72.7443 5.66354 29.6
      vertex 70.6193 5.09413 29.6
      vertex 70.7664 4.66061 29.6
    endloop
  endfacet
  facet normal 0 0 1
    outer loop
      vertex 70.5 6 29.6
      vertex 72.7 6 29.6
      vertex 70.5299 6.45684 29.6
    endloop
  endfacet
  facet normal 0 0 1
    outer loop
      vertex 72.7111 5.83032 29.6
      vertex 70.5299 5.54316 29.6
      vertex 70.6193 5.09413 29.6
    endloop
  endfacet
  facet normal 0 0 1
    outer loop
      vertex 72.7 6 29.6
      vertex 70.5 6 29.6
      vertex 70.5299 5.54316 29.6
    endloop
  endfacet
  facet normal 0.94697 0.321322 0
    outer loop
      vertex 77.3807 6.90587 29.6
      vertex 77.2336 7.33939 2
      vertex 77.2336 7.33939 29.6
    endloop
  endfacet
  facet normal 0.94697 0.321322 0
    outer loop
      vertex 77.2336 7.33939 2
      vertex 77.3807 6.90587 29.6
      vertex 77.3807 6.90587 2
    endloop
  endfacet
  facet normal 0.321452 -0.946926 0
    outer loop
      vertex 74.9059 2.61926 2
      vertex 75.3394 2.76642 29.6
      vertex 74.9059 2.61926 29.6
    endloop
  endfacet
  facet normal 0.321452 -0.946926 0
    outer loop
      vertex 75.3394 2.76642 29.6
      vertex 74.9059 2.61926 2
      vertex 75.3394 2.76642 2
    endloop
  endfacet
  facet normal 0.442297 -0.896869 0
    outer loop
      vertex 75.3394 2.76642 2
      vertex 75.75 2.96891 29.6
      vertex 75.3394 2.76642 29.6
    endloop
  endfacet
  facet normal 0.442297 -0.896869 0
    outer loop
      vertex 75.75 2.96891 29.6
      vertex 75.3394 2.76642 2
      vertex 75.75 2.96891 2
    endloop
  endfacet
  facet normal 0.94697 -0.321322 0
    outer loop
      vertex 77.2336 4.66061 29.6
      vertex 77.3807 5.09413 2
      vertex 77.3807 5.09413 29.6
    endloop
  endfacet
  facet normal 0.94697 -0.321322 0
    outer loop
      vertex 77.3807 5.09413 2
      vertex 77.2336 4.66061 29.6
      vertex 77.2336 4.66061 2
    endloop
  endfacet
  facet normal -0.195066 -0.98079 0
    outer loop
      vertex 73.0941 2.61926 2
      vertex 73.5432 2.52994 29.6
      vertex 73.0941 2.61926 29.6
    endloop
  endfacet
  facet normal -0.195066 -0.98079 -0
    outer loop
      vertex 73.5432 2.52994 29.6
      vertex 73.0941 2.61926 2
      vertex 73.5432 2.52994 2
    endloop
  endfacet
  facet normal 0.195066 0.98079 -0
    outer loop
      vertex 74.9059 9.38074 2
      vertex 74.4568 9.47006 29.6
      vertex 74.9059 9.38074 29.6
    endloop
  endfacet
  facet normal 0.195066 0.98079 0
    outer loop
      vertex 74.4568 9.47006 29.6
      vertex 74.9059 9.38074 2
      vertex 74.4568 9.47006 2
    endloop
  endfacet
  facet normal -0.442297 -0.896869 0
    outer loop
      vertex 72.25 2.96891 2
      vertex 72.6606 2.76642 29.6
      vertex 72.25 2.96891 29.6
    endloop
  endfacet
  facet normal -0.442297 -0.896869 -0
    outer loop
      vertex 72.6606 2.76642 29.6
      vertex 72.25 2.96891 2
      vertex 72.6606 2.76642 2
    endloop
  endfacet
  facet normal -0.94697 0.321322 0
    outer loop
      vertex 70.6193 6.90587 2
      vertex 70.7664 7.33939 29.6
      vertex 70.7664 7.33939 2
    endloop
  endfacet
  facet normal -0.94697 0.321322 0
    outer loop
      vertex 70.7664 7.33939 29.6
      vertex 70.6193 6.90587 2
      vertex 70.6193 6.90587 29.6
    endloop
  endfacet
  facet normal -0.946966 -0.321335 0
    outer loop
      vertex 70.7664 53.6606 2
      vertex 70.6193 54.0941 29.6
      vertex 70.6193 54.0941 2
    endloop
  endfacet
  facet normal -0.946966 -0.321335 0
    outer loop
      vertex 70.6193 54.0941 29.6
      vertex 70.7664 53.6606 2
      vertex 70.7664 53.6606 29.6
    endloop
  endfacet
  facet normal 0.195234 -0.980757 0
    outer loop
      vertex 74.4568 51.5299 2
      vertex 74.9059 51.6193 29.6
      vertex 74.4568 51.5299 29.6
    endloop
  endfacet
  facet normal 0.195234 -0.980757 0
    outer loop
      vertex 74.9059 51.6193 29.6
      vertex 74.4568 51.5299 2
      vertex 74.9059 51.6193 2
    endloop
  endfacet
  facet normal 0.980757 0.195234 0
    outer loop
      vertex 77.4701 55.4568 29.6
      vertex 77.3807 55.9059 2
      vertex 77.3807 55.9059 29.6
    endloop
  endfacet
  facet normal 0.980757 0.195234 0
    outer loop
      vertex 77.3807 55.9059 2
      vertex 77.4701 55.4568 29.6
      vertex 77.4701 55.4568 2
    endloop
  endfacet
  facet normal 0.997865 0.0653156 0
    outer loop
      vertex 77.5 55 29.6
      vertex 77.4701 55.4568 2
      vertex 77.4701 55.4568 29.6
    endloop
  endfacet
  facet normal 0.997865 0.0653156 0
    outer loop
      vertex 77.4701 55.4568 2
      vertex 77.5 55 29.6
      vertex 77.5 55 2
    endloop
  endfacet
  facet normal -0.442314 0.89686 0
    outer loop
      vertex 72.6606 58.2336 2
      vertex 72.25 58.0311 29.6
      vertex 72.6606 58.2336 29.6
    endloop
  endfacet
  facet normal -0.442314 0.89686 0
    outer loop
      vertex 72.25 58.0311 29.6
      vertex 72.6606 58.2336 2
      vertex 72.25 58.0311 2
    endloop
  endfacet
  facet normal 0.946966 0.321335 0
    outer loop
      vertex 77.3807 55.9059 29.6
      vertex 77.2336 56.3394 2
      vertex 77.2336 56.3394 29.6
    endloop
  endfacet
  facet normal 0.946966 0.321335 0
    outer loop
      vertex 77.2336 56.3394 2
      vertex 77.3807 55.9059 29.6
      vertex 77.3807 55.9059 2
    endloop
  endfacet
  facet normal 0.89686 -0.442314 0
    outer loop
      vertex 77.0311 53.25 29.6
      vertex 77.2336 53.6606 2
      vertex 77.2336 53.6606 29.6
    endloop
  endfacet
  facet normal 0.89686 -0.442314 0
    outer loop
      vertex 77.2336 53.6606 2
      vertex 77.0311 53.25 29.6
      vertex 77.0311 53.25 2
    endloop
  endfacet
  facet normal 0.997865 -0.0653156 0
    outer loop
      vertex 77.4701 54.5432 29.6
      vertex 77.5 55 2
      vertex 77.5 55 29.6
    endloop
  endfacet
  facet normal 0.997865 -0.0653156 0
    outer loop
      vertex 77.5 55 2
      vertex 77.4701 54.5432 29.6
      vertex 77.4701 54.5432 2
    endloop
  endfacet
  facet normal 0.659278 0.7519 -0
    outer loop
      vertex 76.4749 57.4749 2
      vertex 76.1307 57.7767 29.6
      vertex 76.4749 57.4749 29.6
    endloop
  endfacet
  facet normal 0.659278 0.7519 0
    outer loop
      vertex 76.1307 57.7767 29.6
      vertex 76.4749 57.4749 2
      vertex 76.1307 57.7767 2
    endloop
  endfacet
  facet normal -0.659278 0.7519 0
    outer loop
      vertex 71.8693 57.7767 2
      vertex 71.5251 57.4749 29.6
      vertex 71.8693 57.7767 29.6
    endloop
  endfacet
  facet normal -0.659278 0.7519 0
    outer loop
      vertex 71.5251 57.4749 29.6
      vertex 71.8693 57.7767 2
      vertex 71.5251 57.4749 2
    endloop
  endfacet
  facet normal 0.0653156 0.997865 -0
    outer loop
      vertex 74.4568 58.4701 2
      vertex 74 58.5 29.6
      vertex 74.4568 58.4701 29.6
    endloop
  endfacet
  facet normal 0.0653156 0.997865 0
    outer loop
      vertex 74 58.5 29.6
      vertex 74.4568 58.4701 2
      vertex 74 58.5 2
    endloop
  endfacet
  facet normal -0.997865 0.0653156 0
    outer loop
      vertex 70.5 55 2
      vertex 70.5299 55.4568 29.6
      vertex 70.5299 55.4568 2
    endloop
  endfacet
  facet normal -0.997865 0.0653156 0
    outer loop
      vertex 70.5299 55.4568 29.6
      vertex 70.5 55 2
      vertex 70.5 55 29.6
    endloop
  endfacet
  facet normal -0.7519 -0.659278 0
    outer loop
      vertex 71.5251 52.5251 2
      vertex 71.2233 52.8693 29.6
      vertex 71.2233 52.8693 2
    endloop
  endfacet
  facet normal -0.7519 -0.659278 0
    outer loop
      vertex 71.2233 52.8693 29.6
      vertex 71.5251 52.5251 2
      vertex 71.5251 52.5251 29.6
    endloop
  endfacet
  facet normal -0.980757 -0.195234 0
    outer loop
      vertex 70.6193 54.0941 2
      vertex 70.5299 54.5432 29.6
      vertex 70.5299 54.5432 2
    endloop
  endfacet
  facet normal -0.980757 -0.195234 0
    outer loop
      vertex 70.5299 54.5432 29.6
      vertex 70.6193 54.0941 2
      vertex 70.6193 54.0941 29.6
    endloop
  endfacet
  facet normal 0.831445 -0.555607 0
    outer loop
      vertex 76.7767 52.8693 29.6
      vertex 77.0311 53.25 2
      vertex 77.0311 53.25 29.6
    endloop
  endfacet
  facet normal 0.831445 -0.555607 0
    outer loop
      vertex 77.0311 53.25 2
      vertex 76.7767 52.8693 29.6
      vertex 76.7767 52.8693 2
    endloop
  endfacet
  facet normal -0.89686 0.442314 0
    outer loop
      vertex 70.7664 56.3394 2
      vertex 70.9689 56.75 29.6
      vertex 70.9689 56.75 2
    endloop
  endfacet
  facet normal -0.89686 0.442314 0
    outer loop
      vertex 70.9689 56.75 29.6
      vertex 70.7664 56.3394 2
      vertex 70.7664 56.3394 29.6
    endloop
  endfacet
  facet normal -0.831445 0.555607 0
    outer loop
      vertex 70.9689 56.75 2
      vertex 71.2233 57.1307 29.6
      vertex 71.2233 57.1307 2
    endloop
  endfacet
  facet normal -0.831445 0.555607 0
    outer loop
      vertex 71.2233 57.1307 29.6
      vertex 70.9689 56.75 2
      vertex 70.9689 56.75 29.6
    endloop
  endfacet
  facet normal -0.0653156 0.997865 0
    outer loop
      vertex 74 58.5 2
      vertex 73.5432 58.4701 29.6
      vertex 74 58.5 29.6
    endloop
  endfacet
  facet normal -0.0653156 0.997865 0
    outer loop
      vertex 73.5432 58.4701 29.6
      vertex 74 58.5 2
      vertex 73.5432 58.4701 2
    endloop
  endfacet
  facet normal -0.321335 0.946966 0
    outer loop
      vertex 73.0941 58.3807 2
      vertex 72.6606 58.2336 29.6
      vertex 73.0941 58.3807 29.6
    endloop
  endfacet
  facet normal -0.321335 0.946966 0
    outer loop
      vertex 72.6606 58.2336 29.6
      vertex 73.0941 58.3807 2
      vertex 72.6606 58.2336 2
    endloop
  endfacet
  facet normal -0.321335 -0.946966 0
    outer loop
      vertex 72.6606 51.7664 2
      vertex 73.0941 51.6193 29.6
      vertex 72.6606 51.7664 29.6
    endloop
  endfacet
  facet normal -0.321335 -0.946966 -0
    outer loop
      vertex 73.0941 51.6193 29.6
      vertex 72.6606 51.7664 2
      vertex 73.0941 51.6193 2
    endloop
  endfacet
  facet normal 0.442314 0.89686 -0
    outer loop
      vertex 75.75 58.0311 2
      vertex 75.3394 58.2336 29.6
      vertex 75.75 58.0311 29.6
    endloop
  endfacet
  facet normal 0.442314 0.89686 0
    outer loop
      vertex 75.3394 58.2336 29.6
      vertex 75.75 58.0311 2
      vertex 75.3394 58.2336 2
    endloop
  endfacet
  facet normal 0.0653156 -0.997865 0
    outer loop
      vertex 74 51.5 2
      vertex 74.4568 51.5299 29.6
      vertex 74 51.5 29.6
    endloop
  endfacet
  facet normal 0.0653156 -0.997865 0
    outer loop
      vertex 74.4568 51.5299 29.6
      vertex 74 51.5 2
      vertex 74.4568 51.5299 2
    endloop
  endfacet
  facet normal 0.555607 -0.831445 0
    outer loop
      vertex 75.75 51.9689 2
      vertex 76.1307 52.2233 29.6
      vertex 75.75 51.9689 29.6
    endloop
  endfacet
  facet normal 0.555607 -0.831445 0
    outer loop
      vertex 76.1307 52.2233 29.6
      vertex 75.75 51.9689 2
      vertex 76.1307 52.2233 2
    endloop
  endfacet
  facet normal 0.980757 -0.195234 0
    outer loop
      vertex 77.3807 54.0941 29.6
      vertex 77.4701 54.5432 2
      vertex 77.4701 54.5432 29.6
    endloop
  endfacet
  facet normal 0.980757 -0.195234 0
    outer loop
      vertex 77.4701 54.5432 2
      vertex 77.3807 54.0941 29.6
      vertex 77.3807 54.0941 2
    endloop
  endfacet
  facet normal -0.7519 0.659278 0
    outer loop
      vertex 71.2233 57.1307 2
      vertex 71.5251 57.4749 29.6
      vertex 71.5251 57.4749 2
    endloop
  endfacet
  facet normal -0.7519 0.659278 0
    outer loop
      vertex 71.5251 57.4749 29.6
      vertex 71.2233 57.1307 2
      vertex 71.2233 57.1307 29.6
    endloop
  endfacet
  facet normal -0.980757 0.195234 0
    outer loop
      vertex 70.5299 55.4568 2
      vertex 70.6193 55.9059 29.6
      vertex 70.6193 55.9059 2
    endloop
  endfacet
  facet normal -0.980757 0.195234 0
    outer loop
      vertex 70.6193 55.9059 29.6
      vertex 70.5299 55.4568 2
      vertex 70.5299 55.4568 29.6
    endloop
  endfacet
  facet normal 0.831445 0.555607 0
    outer loop
      vertex 77.0311 56.75 29.6
      vertex 76.7767 57.1307 2
      vertex 76.7767 57.1307 29.6
    endloop
  endfacet
  facet normal 0.831445 0.555607 0
    outer loop
      vertex 76.7767 57.1307 2
      vertex 77.0311 56.75 29.6
      vertex 77.0311 56.75 2
    endloop
  endfacet
  facet normal 0.555607 0.831445 -0
    outer loop
      vertex 76.1307 57.7767 2
      vertex 75.75 58.0311 29.6
      vertex 76.1307 57.7767 29.6
    endloop
  endfacet
  facet normal 0.555607 0.831445 0
    outer loop
      vertex 75.75 58.0311 29.6
      vertex 76.1307 57.7767 2
      vertex 75.75 58.0311 2
    endloop
  endfacet
  facet normal -0.997865 -0.0653156 0
    outer loop
      vertex 70.5299 54.5432 2
      vertex 70.5 55 29.6
      vertex 70.5 55 2
    endloop
  endfacet
  facet normal -0.997865 -0.0653156 0
    outer loop
      vertex 70.5 55 29.6
      vertex 70.5299 54.5432 2
      vertex 70.5299 54.5432 29.6
    endloop
  endfacet
  facet normal 0.321335 0.946966 -0
    outer loop
      vertex 75.3394 58.2336 2
      vertex 74.9059 58.3807 29.6
      vertex 75.3394 58.2336 29.6
    endloop
  endfacet
  facet normal 0.321335 0.946966 0
    outer loop
      vertex 74.9059 58.3807 29.6
      vertex 75.3394 58.2336 2
      vertex 74.9059 58.3807 2
    endloop
  endfacet
  facet normal 0.659278 -0.7519 0
    outer loop
      vertex 76.1307 52.2233 2
      vertex 76.4749 52.5251 29.6
      vertex 76.1307 52.2233 29.6
    endloop
  endfacet
  facet normal 0.659278 -0.7519 0
    outer loop
      vertex 76.4749 52.5251 29.6
      vertex 76.1307 52.2233 2
      vertex 76.4749 52.5251 2
    endloop
  endfacet
  facet normal -0.195234 0.980757 0
    outer loop
      vertex 73.5432 58.4701 2
      vertex 73.0941 58.3807 29.6
      vertex 73.5432 58.4701 29.6
    endloop
  endfacet
  facet normal -0.195234 0.980757 0
    outer loop
      vertex 73.0941 58.3807 29.6
      vertex 73.5432 58.4701 2
      vertex 73.0941 58.3807 2
    endloop
  endfacet
  facet normal 0.89686 0.442314 0
    outer loop
      vertex 77.2336 56.3394 29.6
      vertex 77.0311 56.75 2
      vertex 77.0311 56.75 29.6
    endloop
  endfacet
  facet normal 0.89686 0.442314 0
    outer loop
      vertex 77.0311 56.75 2
      vertex 77.2336 56.3394 29.6
      vertex 77.2336 56.3394 2
    endloop
  endfacet
  facet normal -0.555607 -0.831445 0
    outer loop
      vertex 71.8693 52.2233 2
      vertex 72.25 51.9689 29.6
      vertex 71.8693 52.2233 29.6
    endloop
  endfacet
  facet normal -0.555607 -0.831445 -0
    outer loop
      vertex 72.25 51.9689 29.6
      vertex 71.8693 52.2233 2
      vertex 72.25 51.9689 2
    endloop
  endfacet
  facet normal -0.659278 -0.7519 0
    outer loop
      vertex 71.5251 52.5251 2
      vertex 71.8693 52.2233 29.6
      vertex 71.5251 52.5251 29.6
    endloop
  endfacet
  facet normal -0.659278 -0.7519 -0
    outer loop
      vertex 71.8693 52.2233 29.6
      vertex 71.5251 52.5251 2
      vertex 71.8693 52.2233 2
    endloop
  endfacet
  facet normal 0.7519 -0.659278 0
    outer loop
      vertex 76.4749 52.5251 29.6
      vertex 76.7767 52.8693 2
      vertex 76.7767 52.8693 29.6
    endloop
  endfacet
  facet normal 0.7519 -0.659278 0
    outer loop
      vertex 76.7767 52.8693 2
      vertex 76.4749 52.5251 29.6
      vertex 76.4749 52.5251 2
    endloop
  endfacet
  facet normal -0.89686 -0.442314 0
    outer loop
      vertex 70.9689 53.25 2
      vertex 70.7664 53.6606 29.6
      vertex 70.7664 53.6606 2
    endloop
  endfacet
  facet normal -0.89686 -0.442314 0
    outer loop
      vertex 70.7664 53.6606 29.6
      vertex 70.9689 53.25 2
      vertex 70.9689 53.25 29.6
    endloop
  endfacet
  facet normal -0.0653156 -0.997865 0
    outer loop
      vertex 73.5432 51.5299 2
      vertex 74 51.5 29.6
      vertex 73.5432 51.5299 29.6
    endloop
  endfacet
  facet normal -0.0653156 -0.997865 -0
    outer loop
      vertex 74 51.5 29.6
      vertex 73.5432 51.5299 2
      vertex 74 51.5 2
    endloop
  endfacet
  facet normal 0.7519 0.659278 0
    outer loop
      vertex 76.7767 57.1307 29.6
      vertex 76.4749 57.4749 2
      vertex 76.4749 57.4749 29.6
    endloop
  endfacet
  facet normal 0.7519 0.659278 0
    outer loop
      vertex 76.4749 57.4749 2
      vertex 76.7767 57.1307 29.6
      vertex 76.7767 57.1307 2
    endloop
  endfacet
  facet normal -0.555607 0.831445 0
    outer loop
      vertex 72.25 58.0311 2
      vertex 71.8693 57.7767 29.6
      vertex 72.25 58.0311 29.6
    endloop
  endfacet
  facet normal -0.555607 0.831445 0
    outer loop
      vertex 71.8693 57.7767 29.6
      vertex 72.25 58.0311 2
      vertex 71.8693 57.7767 2
    endloop
  endfacet
  facet normal 0.321335 -0.946966 0
    outer loop
      vertex 74.9059 51.6193 2
      vertex 75.3394 51.7664 29.6
      vertex 74.9059 51.6193 29.6
    endloop
  endfacet
  facet normal 0.321335 -0.946966 0
    outer loop
      vertex 75.3394 51.7664 29.6
      vertex 74.9059 51.6193 2
      vertex 75.3394 51.7664 2
    endloop
  endfacet
  facet normal 0.442314 -0.89686 0
    outer loop
      vertex 75.3394 51.7664 2
      vertex 75.75 51.9689 29.6
      vertex 75.3394 51.7664 29.6
    endloop
  endfacet
  facet normal 0.442314 -0.89686 0
    outer loop
      vertex 75.75 51.9689 29.6
      vertex 75.3394 51.7664 2
      vertex 75.75 51.9689 2
    endloop
  endfacet
  facet normal 0.946966 -0.321335 0
    outer loop
      vertex 77.2336 53.6606 29.6
      vertex 77.3807 54.0941 2
      vertex 77.3807 54.0941 29.6
    endloop
  endfacet
  facet normal 0.946966 -0.321335 0
    outer loop
      vertex 77.3807 54.0941 2
      vertex 77.2336 53.6606 29.6
      vertex 77.2336 53.6606 2
    endloop
  endfacet
  facet normal 0 0 1
    outer loop
      vertex 75.3 55 29.6
      vertex 77.5 55 29.6
      vertex 77.4701 55.4568 29.6
    endloop
  endfacet
  facet normal 0 0 1
    outer loop
      vertex 75.2889 55.1697 29.6
      vertex 77.4701 55.4568 29.6
      vertex 77.3807 55.9059 29.6
    endloop
  endfacet
  facet normal 0 0 1
    outer loop
      vertex 77.5 55 29.6
      vertex 75.3 55 29.6
      vertex 77.4701 54.5432 29.6
    endloop
  endfacet
  facet normal 0 0 1
    outer loop
      vertex 75.2557 55.3365 29.6
      vertex 77.3807 55.9059 29.6
      vertex 77.2336 56.3394 29.6
    endloop
  endfacet
  facet normal -0 0 1
    outer loop
      vertex 75.2889 54.8303 29.6
      vertex 77.4701 54.5432 29.6
      vertex 75.3 55 29.6
    endloop
  endfacet
  facet normal 0 0 1
    outer loop
      vertex 75.201 55.4975 29.6
      vertex 77.2336 56.3394 29.6
      vertex 77.0311 56.75 29.6
    endloop
  endfacet
  facet normal 0 0 1
    outer loop
      vertex 77.4701 54.5432 29.6
      vertex 75.2889 54.8303 29.6
      vertex 77.3807 54.0941 29.6
    endloop
  endfacet
  facet normal 0 0 1
    outer loop
      vertex 75.1258 55.65 29.6
      vertex 77.0311 56.75 29.6
      vertex 76.7767 57.1307 29.6
    endloop
  endfacet
  facet normal -0 0 1
    outer loop
      vertex 75.2557 54.6635 29.6
      vertex 77.3807 54.0941 29.6
      vertex 75.2889 54.8303 29.6
    endloop
  endfacet
  facet normal 0 0 1
    outer loop
      vertex 75.0314 55.7914 29.6
      vertex 76.7767 57.1307 29.6
      vertex 76.4749 57.4749 29.6
    endloop
  endfacet
  facet normal 0 0 1
    outer loop
      vertex 77.3807 54.0941 29.6
      vertex 75.2557 54.6635 29.6
      vertex 77.2336 53.6606 29.6
    endloop
  endfacet
  facet normal 0 0 1
    outer loop
      vertex 74.9192 55.9192 29.6
      vertex 76.4749 57.4749 29.6
      vertex 76.1307 57.7767 29.6
    endloop
  endfacet
  facet normal -0 0 1
    outer loop
      vertex 75.201 54.5025 29.6
      vertex 77.2336 53.6606 29.6
      vertex 75.2557 54.6635 29.6
    endloop
  endfacet
  facet normal 0 0 1
    outer loop
      vertex 74.7914 56.0314 29.6
      vertex 76.1307 57.7767 29.6
      vertex 75.75 58.0311 29.6
    endloop
  endfacet
  facet normal 0 0 1
    outer loop
      vertex 77.2336 53.6606 29.6
      vertex 75.201 54.5025 29.6
      vertex 77.0311 53.25 29.6
    endloop
  endfacet
  facet normal 0 0 1
    outer loop
      vertex 74.65 56.1258 29.6
      vertex 75.75 58.0311 29.6
      vertex 75.3394 58.2336 29.6
    endloop
  endfacet
  facet normal -0 0 1
    outer loop
      vertex 75.1258 54.35 29.6
      vertex 77.0311 53.25 29.6
      vertex 75.201 54.5025 29.6
    endloop
  endfacet
  facet normal 0 0 1
    outer loop
      vertex 77.0311 53.25 29.6
      vertex 75.1258 54.35 29.6
      vertex 76.7767 52.8693 29.6
    endloop
  endfacet
  facet normal 0 0 1
    outer loop
      vertex 77.4701 55.4568 29.6
      vertex 75.2889 55.1697 29.6
      vertex 75.3 55 29.6
    endloop
  endfacet
  facet normal 0 0 1
    outer loop
      vertex 77.3807 55.9059 29.6
      vertex 75.2557 55.3365 29.6
      vertex 75.2889 55.1697 29.6
    endloop
  endfacet
  facet normal 0 0 1
    outer loop
      vertex 77.2336 56.3394 29.6
      vertex 75.201 55.4975 29.6
      vertex 75.2557 55.3365 29.6
    endloop
  endfacet
  facet normal 0 0 1
    outer loop
      vertex 77.0311 56.75 29.6
      vertex 75.1258 55.65 29.6
      vertex 75.201 55.4975 29.6
    endloop
  endfacet
  facet normal 0 0 1
    outer loop
      vertex 76.7767 57.1307 29.6
      vertex 75.0314 55.7914 29.6
      vertex 75.1258 55.65 29.6
    endloop
  endfacet
  facet normal 0 0 1
    outer loop
      vertex 76.4749 57.4749 29.6
      vertex 74.9192 55.9192 29.6
      vertex 75.0314 55.7914 29.6
    endloop
  endfacet
  facet normal 0 0 1
    outer loop
      vertex 74.4975 56.201 29.6
      vertex 75.3394 58.2336 29.6
      vertex 74.9059 58.3807 29.6
    endloop
  endfacet
  facet normal 0 0 1
    outer loop
      vertex 76.1307 57.7767 29.6
      vertex 74.7914 56.0314 29.6
      vertex 74.9192 55.9192 29.6
    endloop
  endfacet
  facet normal 0 0 1
    outer loop
      vertex 75.75 58.0311 29.6
      vertex 74.65 56.1258 29.6
      vertex 74.7914 56.0314 29.6
    endloop
  endfacet
  facet normal 0 0 1
    outer loop
      vertex 75.3394 58.2336 29.6
      vertex 74.4975 56.201 29.6
      vertex 74.65 56.1258 29.6
    endloop
  endfacet
  facet normal 0 0 1
    outer loop
      vertex 74.3365 56.2557 29.6
      vertex 74.9059 58.3807 29.6
      vertex 74.4568 58.4701 29.6
    endloop
  endfacet
  facet normal 0 0 1
    outer loop
      vertex 74.9059 58.3807 29.6
      vertex 74.3365 56.2557 29.6
      vertex 74.4975 56.201 29.6
    endloop
  endfacet
  facet normal 0 0 1
    outer loop
      vertex 74.4568 58.4701 29.6
      vertex 74.1697 56.2889 29.6
      vertex 74.3365 56.2557 29.6
    endloop
  endfacet
  facet normal 0 0 1
    outer loop
      vertex 74 58.5 29.6
      vertex 74.1697 56.2889 29.6
      vertex 74.4568 58.4701 29.6
    endloop
  endfacet
  facet normal 0 0 1
    outer loop
      vertex 74 58.5 29.6
      vertex 74 56.3 29.6
      vertex 74.1697 56.2889 29.6
    endloop
  endfacet
  facet normal 0 0 1
    outer loop
      vertex 74 58.5 29.6
      vertex 73.8303 56.2889 29.6
      vertex 74 56.3 29.6
    endloop
  endfacet
  facet normal -0 0 1
    outer loop
      vertex 73.5432 58.4701 29.6
      vertex 73.8303 56.2889 29.6
      vertex 74 58.5 29.6
    endloop
  endfacet
  facet normal 0 0 1
    outer loop
      vertex 73.8303 56.2889 29.6
      vertex 73.5432 58.4701 29.6
      vertex 73.6635 56.2557 29.6
    endloop
  endfacet
  facet normal -0 0 1
    outer loop
      vertex 73.0941 58.3807 29.6
      vertex 73.6635 56.2557 29.6
      vertex 73.5432 58.4701 29.6
    endloop
  endfacet
  facet normal 0 0 1
    outer loop
      vertex 73.6635 56.2557 29.6
      vertex 73.0941 58.3807 29.6
      vertex 73.5025 56.201 29.6
    endloop
  endfacet
  facet normal -0 0 1
    outer loop
      vertex 72.6606 58.2336 29.6
      vertex 73.5025 56.201 29.6
      vertex 73.0941 58.3807 29.6
    endloop
  endfacet
  facet normal 0 0 1
    outer loop
      vertex 73.5025 56.201 29.6
      vertex 72.6606 58.2336 29.6
      vertex 73.35 56.1258 29.6
    endloop
  endfacet
  facet normal -0 0 1
    outer loop
      vertex 72.25 58.0311 29.6
      vertex 73.35 56.1258 29.6
      vertex 72.6606 58.2336 29.6
    endloop
  endfacet
  facet normal 0 0 1
    outer loop
      vertex 73.35 56.1258 29.6
      vertex 72.25 58.0311 29.6
      vertex 73.2086 56.0314 29.6
    endloop
  endfacet
  facet normal -0 0 1
    outer loop
      vertex 71.8693 57.7767 29.6
      vertex 73.2086 56.0314 29.6
      vertex 72.25 58.0311 29.6
    endloop
  endfacet
  facet normal 0 0 1
    outer loop
      vertex 73.2086 56.0314 29.6
      vertex 71.8693 57.7767 29.6
      vertex 73.0808 55.9192 29.6
    endloop
  endfacet
  facet normal -0 0 1
    outer loop
      vertex 71.5251 57.4749 29.6
      vertex 73.0808 55.9192 29.6
      vertex 71.8693 57.7767 29.6
    endloop
  endfacet
  facet normal 0 0 1
    outer loop
      vertex 73.0808 55.9192 29.6
      vertex 71.5251 57.4749 29.6
      vertex 72.9686 55.7914 29.6
    endloop
  endfacet
  facet normal 0 0 1
    outer loop
      vertex 72.9686 55.7914 29.6
      vertex 71.2233 57.1307 29.6
      vertex 72.8742 55.65 29.6
    endloop
  endfacet
  facet normal -0 0 1
    outer loop
      vertex 71.2233 57.1307 29.6
      vertex 72.9686 55.7914 29.6
      vertex 71.5251 57.4749 29.6
    endloop
  endfacet
  facet normal -0 0 1
    outer loop
      vertex 75.0314 54.2086 29.6
      vertex 76.7767 52.8693 29.6
      vertex 75.1258 54.35 29.6
    endloop
  endfacet
  facet normal 0 0 1
    outer loop
      vertex 76.7767 52.8693 29.6
      vertex 75.0314 54.2086 29.6
      vertex 76.4749 52.5251 29.6
    endloop
  endfacet
  facet normal -0 0 1
    outer loop
      vertex 74.9192 54.0808 29.6
      vertex 76.4749 52.5251 29.6
      vertex 75.0314 54.2086 29.6
    endloop
  endfacet
  facet normal 0 0 1
    outer loop
      vertex 76.4749 52.5251 29.6
      vertex 74.9192 54.0808 29.6
      vertex 76.1307 52.2233 29.6
    endloop
  endfacet
  facet normal -0 0 1
    outer loop
      vertex 74.7914 53.9686 29.6
      vertex 76.1307 52.2233 29.6
      vertex 74.9192 54.0808 29.6
    endloop
  endfacet
  facet normal 0 0 1
    outer loop
      vertex 76.1307 52.2233 29.6
      vertex 74.7914 53.9686 29.6
      vertex 75.75 51.9689 29.6
    endloop
  endfacet
  facet normal -0 0 1
    outer loop
      vertex 74.65 53.8742 29.6
      vertex 75.75 51.9689 29.6
      vertex 74.7914 53.9686 29.6
    endloop
  endfacet
  facet normal 0 0 1
    outer loop
      vertex 75.75 51.9689 29.6
      vertex 74.65 53.8742 29.6
      vertex 75.3394 51.7664 29.6
    endloop
  endfacet
  facet normal -0 0 1
    outer loop
      vertex 74.4975 53.799 29.6
      vertex 75.3394 51.7664 29.6
      vertex 74.65 53.8742 29.6
    endloop
  endfacet
  facet normal 0 0 1
    outer loop
      vertex 75.3394 51.7664 29.6
      vertex 74.4975 53.799 29.6
      vertex 74.9059 51.6193 29.6
    endloop
  endfacet
  facet normal -0 0 1
    outer loop
      vertex 74.3365 53.7443 29.6
      vertex 74.9059 51.6193 29.6
      vertex 74.4975 53.799 29.6
    endloop
  endfacet
  facet normal 0 0 1
    outer loop
      vertex 74.9059 51.6193 29.6
      vertex 74.3365 53.7443 29.6
      vertex 74.4568 51.5299 29.6
    endloop
  endfacet
  facet normal -0 0 1
    outer loop
      vertex 74.1697 53.7111 29.6
      vertex 74.4568 51.5299 29.6
      vertex 74.3365 53.7443 29.6
    endloop
  endfacet
  facet normal -0 0 1
    outer loop
      vertex 74 53.7 29.6
      vertex 74.4568 51.5299 29.6
      vertex 74.1697 53.7111 29.6
    endloop
  endfacet
  facet normal 0 0 1
    outer loop
      vertex 74 53.7 29.6
      vertex 74 51.5 29.6
      vertex 74.4568 51.5299 29.6
    endloop
  endfacet
  facet normal 0 0 1
    outer loop
      vertex 73.8303 53.7111 29.6
      vertex 74 51.5 29.6
      vertex 74 53.7 29.6
    endloop
  endfacet
  facet normal 0 0 1
    outer loop
      vertex 73.5432 51.5299 29.6
      vertex 73.8303 53.7111 29.6
      vertex 73.6635 53.7443 29.6
    endloop
  endfacet
  facet normal 0 0 1
    outer loop
      vertex 73.8303 53.7111 29.6
      vertex 73.5432 51.5299 29.6
      vertex 74 51.5 29.6
    endloop
  endfacet
  facet normal 0 0 1
    outer loop
      vertex 73.0941 51.6193 29.6
      vertex 73.6635 53.7443 29.6
      vertex 73.5025 53.799 29.6
    endloop
  endfacet
  facet normal 0 0 1
    outer loop
      vertex 72.6606 51.7664 29.6
      vertex 73.5025 53.799 29.6
      vertex 73.35 53.8742 29.6
    endloop
  endfacet
  facet normal 0 0 1
    outer loop
      vertex 72.25 51.9689 29.6
      vertex 73.35 53.8742 29.6
      vertex 73.2086 53.9686 29.6
    endloop
  endfacet
  facet normal 0 0 1
    outer loop
      vertex 73.6635 53.7443 29.6
      vertex 73.0941 51.6193 29.6
      vertex 73.5432 51.5299 29.6
    endloop
  endfacet
  facet normal 0 0 1
    outer loop
      vertex 71.8693 52.2233 29.6
      vertex 73.2086 53.9686 29.6
      vertex 73.0808 54.0808 29.6
    endloop
  endfacet
  facet normal 0 0 1
    outer loop
      vertex 71.5251 52.5251 29.6
      vertex 73.0808 54.0808 29.6
      vertex 72.9686 54.2086 29.6
    endloop
  endfacet
  facet normal 0 0 1
    outer loop
      vertex 71.2233 52.8693 29.6
      vertex 72.9686 54.2086 29.6
      vertex 72.8742 54.35 29.6
    endloop
  endfacet
  facet normal 0 0 1
    outer loop
      vertex 70.9689 53.25 29.6
      vertex 72.8742 54.35 29.6
      vertex 72.799 54.5025 29.6
    endloop
  endfacet
  facet normal 0 0 1
    outer loop
      vertex 70.7664 53.6606 29.6
      vertex 72.799 54.5025 29.6
      vertex 72.7443 54.6635 29.6
    endloop
  endfacet
  facet normal 0 0 1
    outer loop
      vertex 70.6193 54.0941 29.6
      vertex 72.7443 54.6635 29.6
      vertex 72.7111 54.8303 29.6
    endloop
  endfacet
  facet normal 0 0 1
    outer loop
      vertex 73.5025 53.799 29.6
      vertex 72.6606 51.7664 29.6
      vertex 73.0941 51.6193 29.6
    endloop
  endfacet
  facet normal 0 0 1
    outer loop
      vertex 70.5299 54.5432 29.6
      vertex 72.7111 54.8303 29.6
      vertex 72.7 55 29.6
    endloop
  endfacet
  facet normal -0 0 1
    outer loop
      vertex 70.9689 56.75 29.6
      vertex 72.8742 55.65 29.6
      vertex 71.2233 57.1307 29.6
    endloop
  endfacet
  facet normal 0 0 1
    outer loop
      vertex 72.8742 55.65 29.6
      vertex 70.9689 56.75 29.6
      vertex 72.799 55.4975 29.6
    endloop
  endfacet
  facet normal 0 0 1
    outer loop
      vertex 73.35 53.8742 29.6
      vertex 72.25 51.9689 29.6
      vertex 72.6606 51.7664 29.6
    endloop
  endfacet
  facet normal -0 0 1
    outer loop
      vertex 70.7664 56.3394 29.6
      vertex 72.799 55.4975 29.6
      vertex 70.9689 56.75 29.6
    endloop
  endfacet
  facet normal 0 0 1
    outer loop
      vertex 73.2086 53.9686 29.6
      vertex 71.8693 52.2233 29.6
      vertex 72.25 51.9689 29.6
    endloop
  endfacet
  facet normal 0 0 1
    outer loop
      vertex 72.799 55.4975 29.6
      vertex 70.7664 56.3394 29.6
      vertex 72.7443 55.3365 29.6
    endloop
  endfacet
  facet normal 0 0 1
    outer loop
      vertex 73.0808 54.0808 29.6
      vertex 71.5251 52.5251 29.6
      vertex 71.8693 52.2233 29.6
    endloop
  endfacet
  facet normal -0 0 1
    outer loop
      vertex 70.6193 55.9059 29.6
      vertex 72.7443 55.3365 29.6
      vertex 70.7664 56.3394 29.6
    endloop
  endfacet
  facet normal 0 0 1
    outer loop
      vertex 72.9686 54.2086 29.6
      vertex 71.2233 52.8693 29.6
      vertex 71.5251 52.5251 29.6
    endloop
  endfacet
  facet normal 0 0 1
    outer loop
      vertex 72.7443 55.3365 29.6
      vertex 70.6193 55.9059 29.6
      vertex 72.7111 55.1697 29.6
    endloop
  endfacet
  facet normal 0 0 1
    outer loop
      vertex 72.8742 54.35 29.6
      vertex 70.9689 53.25 29.6
      vertex 71.2233 52.8693 29.6
    endloop
  endfacet
  facet normal -0 0 1
    outer loop
      vertex 70.5299 55.4568 29.6
      vertex 72.7111 55.1697 29.6
      vertex 70.6193 55.9059 29.6
    endloop
  endfacet
  facet normal 0 0 1
    outer loop
      vertex 72.799 54.5025 29.6
      vertex 70.7664 53.6606 29.6
      vertex 70.9689 53.25 29.6
    endloop
  endfacet
  facet normal 0 0 1
    outer loop
      vertex 72.7111 55.1697 29.6
      vertex 70.5299 55.4568 29.6
      vertex 72.7 55 29.6
    endloop
  endfacet
  facet normal 0 0 1
    outer loop
      vertex 72.7443 54.6635 29.6
      vertex 70.6193 54.0941 29.6
      vertex 70.7664 53.6606 29.6
    endloop
  endfacet
  facet normal 0 0 1
    outer loop
      vertex 70.5 55 29.6
      vertex 72.7 55 29.6
      vertex 70.5299 55.4568 29.6
    endloop
  endfacet
  facet normal 0 0 1
    outer loop
      vertex 72.7111 54.8303 29.6
      vertex 70.5299 54.5432 29.6
      vertex 70.6193 54.0941 29.6
    endloop
  endfacet
  facet normal 0 0 1
    outer loop
      vertex 72.7 55 29.6
      vertex 70.5 55 29.6
      vertex 70.5299 54.5432 29.6
    endloop
  endfacet
  facet normal -0.195234 -0.980757 0
    outer loop
      vertex 73.0941 51.6193 2
      vertex 73.5432 51.5299 29.6
      vertex 73.0941 51.6193 29.6
    endloop
  endfacet
  facet normal -0.195234 -0.980757 -0
    outer loop
      vertex 73.5432 51.5299 29.6
      vertex 73.0941 51.6193 2
      vertex 73.5432 51.5299 2
    endloop
  endfacet
  facet normal 0.195234 0.980757 -0
    outer loop
      vertex 74.9059 58.3807 2
      vertex 74.4568 58.4701 29.6
      vertex 74.9059 58.3807 29.6
    endloop
  endfacet
  facet normal 0.195234 0.980757 0
    outer loop
      vertex 74.4568 58.4701 29.6
      vertex 74.9059 58.3807 2
      vertex 74.4568 58.4701 2
    endloop
  endfacet
  facet normal -0.442314 -0.89686 0
    outer loop
      vertex 72.25 51.9689 2
      vertex 72.6606 51.7664 29.6
      vertex 72.25 51.9689 29.6
    endloop
  endfacet
  facet normal -0.442314 -0.89686 -0
    outer loop
      vertex 72.6606 51.7664 29.6
      vertex 72.25 51.9689 2
      vertex 72.6606 51.7664 2
    endloop
  endfacet
  facet normal -0.831445 -0.555607 0
    outer loop
      vertex 71.2233 52.8693 2
      vertex 70.9689 53.25 29.6
      vertex 70.9689 53.25 2
    endloop
  endfacet
  facet normal -0.831445 -0.555607 0
    outer loop
      vertex 70.9689 53.25 29.6
      vertex 71.2233 52.8693 2
      vertex 71.2233 52.8693 29.6
    endloop
  endfacet
  facet normal -0.946966 0.321335 0
    outer loop
      vertex 70.6193 55.9059 2
      vertex 70.7664 56.3394 29.6
      vertex 70.7664 56.3394 2
    endloop
  endfacet
  facet normal -0.946966 0.321335 0
    outer loop
      vertex 70.7664 56.3394 29.6
      vertex 70.6193 55.9059 2
      vertex 70.6193 55.9059 29.6
    endloop
  endfacet
  facet normal 0.195066 -0.98079 0
    outer loop
      vertex 98.4568 2.52994 2
      vertex 98.9059 2.61926 29.6
      vertex 98.4568 2.52994 29.6
    endloop
  endfacet
  facet normal 0.195066 -0.98079 0
    outer loop
      vertex 98.9059 2.61926 29.6
      vertex 98.4568 2.52994 2
      vertex 98.9059 2.61926 2
    endloop
  endfacet
  facet normal 0.980918 0.194423 0
    outer loop
      vertex 101.47 6.45684 29.6
      vertex 101.381 6.90587 2
      vertex 101.381 6.90587 29.6
    endloop
  endfacet
  facet normal 0.980918 0.194423 0
    outer loop
      vertex 101.381 6.90587 2
      vertex 101.47 6.45684 29.6
      vertex 101.47 6.45684 2
    endloop
  endfacet
  facet normal 0.997851 0.0655274 0
    outer loop
      vertex 101.5 6 29.6
      vertex 101.47 6.45684 2
      vertex 101.47 6.45684 29.6
    endloop
  endfacet
  facet normal 0.997851 0.0655274 0
    outer loop
      vertex 101.47 6.45684 2
      vertex 101.5 6 29.6
      vertex 101.5 6 2
    endloop
  endfacet
  facet normal -0.195066 0.98079 0
    outer loop
      vertex 97.5432 9.47006 2
      vertex 97.0941 9.38074 29.6
      vertex 97.5432 9.47006 29.6
    endloop
  endfacet
  facet normal -0.195066 0.98079 0
    outer loop
      vertex 97.0941 9.38074 29.6
      vertex 97.5432 9.47006 2
      vertex 97.0941 9.38074 2
    endloop
  endfacet
  facet normal -0.321452 0.946926 0
    outer loop
      vertex 97.0941 9.38074 2
      vertex 96.6606 9.23358 29.6
      vertex 97.0941 9.38074 29.6
    endloop
  endfacet
  facet normal -0.321452 0.946926 0
    outer loop
      vertex 96.6606 9.23358 29.6
      vertex 97.0941 9.38074 2
      vertex 96.6606 9.23358 2
    endloop
  endfacet
  facet normal 0.555229 -0.831697 0
    outer loop
      vertex 99.75 2.96891 2
      vertex 100.131 3.22326 29.6
      vertex 99.75 2.96891 29.6
    endloop
  endfacet
  facet normal 0.555229 -0.831697 0
    outer loop
      vertex 100.131 3.22326 29.6
      vertex 99.75 2.96891 2
      vertex 100.131 3.22326 2
    endloop
  endfacet
  facet normal -0.659364 0.751824 0
    outer loop
      vertex 95.8693 8.77674 2
      vertex 95.5251 8.47487 29.6
      vertex 95.8693 8.77674 29.6
    endloop
  endfacet
  facet normal -0.659364 0.751824 0
    outer loop
      vertex 95.5251 8.47487 29.6
      vertex 95.8693 8.77674 2
      vertex 95.5251 8.47487 2
    endloop
  endfacet
  facet normal -0.751909 0.659267 0
    outer loop
      vertex 95.2233 8.13066 2
      vertex 95.5251 8.47487 29.6
      vertex 95.5251 8.47487 2
    endloop
  endfacet
  facet normal -0.751909 0.659267 0
    outer loop
      vertex 95.5251 8.47487 29.6
      vertex 95.2233 8.13066 2
      vertex 95.2233 8.13066 29.6
    endloop
  endfacet
  facet normal 0.751683 -0.659524 0
    outer loop
      vertex 100.475 3.52513 29.6
      vertex 100.777 3.86933 2
      vertex 100.777 3.86933 29.6
    endloop
  endfacet
  facet normal 0.751683 -0.659524 0
    outer loop
      vertex 100.777 3.86933 2
      vertex 100.475 3.52513 29.6
      vertex 100.475 3.52513 2
    endloop
  endfacet
  facet normal -0.896864 0.442305 0
    outer loop
      vertex 94.7664 7.33939 2
      vertex 94.9689 7.75 29.6
      vertex 94.9689 7.75 2
    endloop
  endfacet
  facet normal -0.896864 0.442305 0
    outer loop
      vertex 94.9689 7.75 29.6
      vertex 94.7664 7.33939 2
      vertex 94.7664 7.33939 29.6
    endloop
  endfacet
  facet normal 0.442297 -0.896869 0
    outer loop
      vertex 99.3394 2.76642 2
      vertex 99.75 2.96891 29.6
      vertex 99.3394 2.76642 29.6
    endloop
  endfacet
  facet normal 0.442297 -0.896869 0
    outer loop
      vertex 99.75 2.96891 29.6
      vertex 99.3394 2.76642 2
      vertex 99.75 2.96891 2
    endloop
  endfacet
  facet normal -0.94697 0.321322 0
    outer loop
      vertex 94.6193 6.90587 2
      vertex 94.7664 7.33939 29.6
      vertex 94.7664 7.33939 2
    endloop
  endfacet
  facet normal -0.94697 0.321322 0
    outer loop
      vertex 94.7664 7.33939 29.6
      vertex 94.6193 6.90587 2
      vertex 94.6193 6.90587 29.6
    endloop
  endfacet
  facet normal -0.997865 -0.0653099 0
    outer loop
      vertex 94.5299 5.54316 2
      vertex 94.5 6 29.6
      vertex 94.5 6 2
    endloop
  endfacet
  facet normal -0.997865 -0.0653099 0
    outer loop
      vertex 94.5 6 29.6
      vertex 94.5299 5.54316 2
      vertex 94.5299 5.54316 29.6
    endloop
  endfacet
  facet normal 0.555229 0.831697 -0
    outer loop
      vertex 100.131 8.77674 2
      vertex 99.75 9.03109 29.6
      vertex 100.131 8.77674 29.6
    endloop
  endfacet
  facet normal 0.555229 0.831697 0
    outer loop
      vertex 99.75 9.03109 29.6
      vertex 100.131 8.77674 2
      vertex 99.75 9.03109 2
    endloop
  endfacet
  facet normal -0.94697 -0.321322 0
    outer loop
      vertex 94.7664 4.66061 2
      vertex 94.6193 5.09413 29.6
      vertex 94.6193 5.09413 2
    endloop
  endfacet
  facet normal -0.94697 -0.321322 0
    outer loop
      vertex 94.6193 5.09413 29.6
      vertex 94.7664 4.66061 2
      vertex 94.7664 4.66061 29.6
    endloop
  endfacet
  facet normal 0.896431 0.443183 0
    outer loop
      vertex 101.234 7.33939 29.6
      vertex 101.031 7.75 2
      vertex 101.031 7.75 29.6
    endloop
  endfacet
  facet normal 0.896431 0.443183 0
    outer loop
      vertex 101.031 7.75 2
      vertex 101.234 7.33939 29.6
      vertex 101.234 7.33939 2
    endloop
  endfacet
  facet normal 0.831828 -0.555033 0
    outer loop
      vertex 100.777 3.86933 29.6
      vertex 101.031 4.25 2
      vertex 101.031 4.25 29.6
    endloop
  endfacet
  facet normal 0.831828 -0.555033 0
    outer loop
      vertex 101.031 4.25 2
      vertex 100.777 3.86933 29.6
      vertex 100.777 3.86933 2
    endloop
  endfacet
  facet normal -0.997865 0.0653099 0
    outer loop
      vertex 94.5 6 2
      vertex 94.5299 6.45684 29.6
      vertex 94.5299 6.45684 2
    endloop
  endfacet
  facet normal -0.997865 0.0653099 0
    outer loop
      vertex 94.5299 6.45684 29.6
      vertex 94.5 6 2
      vertex 94.5 6 29.6
    endloop
  endfacet
  facet normal -0.831418 0.555647 0
    outer loop
      vertex 94.9689 7.75 2
      vertex 95.2233 8.13066 29.6
      vertex 95.2233 8.13066 2
    endloop
  endfacet
  facet normal -0.831418 0.555647 0
    outer loop
      vertex 95.2233 8.13066 29.6
      vertex 94.9689 7.75 2
      vertex 94.9689 7.75 29.6
    endloop
  endfacet
  facet normal -0.980751 -0.195263 0
    outer loop
      vertex 94.6193 5.09413 2
      vertex 94.5299 5.54316 29.6
      vertex 94.5299 5.54316 2
    endloop
  endfacet
  facet normal -0.980751 -0.195263 0
    outer loop
      vertex 94.5299 5.54316 29.6
      vertex 94.6193 5.09413 2
      vertex 94.6193 5.09413 29.6
    endloop
  endfacet
  facet normal 0.980918 -0.194423 0
    outer loop
      vertex 101.381 5.09413 29.6
      vertex 101.47 5.54316 2
      vertex 101.47 5.54316 29.6
    endloop
  endfacet
  facet normal 0.980918 -0.194423 0
    outer loop
      vertex 101.47 5.54316 2
      vertex 101.381 5.09413 29.6
      vertex 101.381 5.09413 2
    endloop
  endfacet
  facet normal 0.659581 0.751634 -0
    outer loop
      vertex 100.475 8.47487 2
      vertex 100.131 8.77674 29.6
      vertex 100.475 8.47487 29.6
    endloop
  endfacet
  facet normal 0.659581 0.751634 0
    outer loop
      vertex 100.131 8.77674 29.6
      vertex 100.475 8.47487 2
      vertex 100.131 8.77674 2
    endloop
  endfacet
  facet normal 0.442297 0.896869 -0
    outer loop
      vertex 99.75 9.03109 2
      vertex 99.3394 9.23358 29.6
      vertex 99.75 9.03109 29.6
    endloop
  endfacet
  facet normal 0.442297 0.896869 0
    outer loop
      vertex 99.3394 9.23358 29.6
      vertex 99.75 9.03109 2
      vertex 99.3394 9.23358 2
    endloop
  endfacet
  facet normal -0.442297 -0.896869 0
    outer loop
      vertex 96.25 2.96891 2
      vertex 96.6606 2.76642 29.6
      vertex 96.25 2.96891 29.6
    endloop
  endfacet
  facet normal -0.442297 -0.896869 -0
    outer loop
      vertex 96.6606 2.76642 29.6
      vertex 96.25 2.96891 2
      vertex 96.6606 2.76642 2
    endloop
  endfacet
  facet normal 0.659581 -0.751634 0
    outer loop
      vertex 100.131 3.22326 2
      vertex 100.475 3.52513 29.6
      vertex 100.131 3.22326 29.6
    endloop
  endfacet
  facet normal 0.659581 -0.751634 0
    outer loop
      vertex 100.475 3.52513 29.6
      vertex 100.131 3.22326 2
      vertex 100.475 3.52513 2
    endloop
  endfacet
  facet normal 0.997851 -0.0655274 0
    outer loop
      vertex 101.47 5.54316 29.6
      vertex 101.5 6 2
      vertex 101.5 6 29.6
    endloop
  endfacet
  facet normal 0.997851 -0.0655274 0
    outer loop
      vertex 101.5 6 2
      vertex 101.47 5.54316 29.6
      vertex 101.47 5.54316 2
    endloop
  endfacet
  facet normal 0.831822 0.555043 0
    outer loop
      vertex 101.031 7.75 29.6
      vertex 100.777 8.13066 2
      vertex 100.777 8.13066 29.6
    endloop
  endfacet
  facet normal 0.831822 0.555043 0
    outer loop
      vertex 100.777 8.13066 2
      vertex 101.031 7.75 29.6
      vertex 101.031 7.75 2
    endloop
  endfacet
  facet normal 0.947037 0.321126 0
    outer loop
      vertex 101.381 6.90587 29.6
      vertex 101.234 7.33939 2
      vertex 101.234 7.33939 29.6
    endloop
  endfacet
  facet normal 0.947037 0.321126 0
    outer loop
      vertex 101.234 7.33939 2
      vertex 101.381 6.90587 29.6
      vertex 101.381 6.90587 2
    endloop
  endfacet
  facet normal -0.555532 0.831495 0
    outer loop
      vertex 96.25 9.03109 2
      vertex 95.8693 8.77674 29.6
      vertex 96.25 9.03109 29.6
    endloop
  endfacet
  facet normal -0.555532 0.831495 0
    outer loop
      vertex 95.8693 8.77674 29.6
      vertex 96.25 9.03109 2
      vertex 95.8693 8.77674 2
    endloop
  endfacet
  facet normal -0.831425 -0.555637 0
    outer loop
      vertex 95.2233 3.86933 2
      vertex 94.9689 4.25 29.6
      vertex 94.9689 4.25 2
    endloop
  endfacet
  facet normal -0.831425 -0.555637 0
    outer loop
      vertex 94.9689 4.25 29.6
      vertex 95.2233 3.86933 2
      vertex 95.2233 3.86933 29.6
    endloop
  endfacet
  facet normal 0.321452 0.946926 -0
    outer loop
      vertex 99.3394 9.23358 2
      vertex 98.9059 9.38074 29.6
      vertex 99.3394 9.23358 29.6
    endloop
  endfacet
  facet normal 0.321452 0.946926 0
    outer loop
      vertex 98.9059 9.38074 29.6
      vertex 99.3394 9.23358 2
      vertex 98.9059 9.38074 2
    endloop
  endfacet
  facet normal 0.321452 -0.946926 0
    outer loop
      vertex 98.9059 2.61926 2
      vertex 99.3394 2.76642 29.6
      vertex 98.9059 2.61926 29.6
    endloop
  endfacet
  facet normal 0.321452 -0.946926 0
    outer loop
      vertex 99.3394 2.76642 29.6
      vertex 98.9059 2.61926 2
      vertex 99.3394 2.76642 2
    endloop
  endfacet
  facet normal -0.0654026 -0.997859 0
    outer loop
      vertex 97.5432 2.52994 2
      vertex 98 2.5 29.6
      vertex 97.5432 2.52994 29.6
    endloop
  endfacet
  facet normal -0.0654026 -0.997859 -0
    outer loop
      vertex 98 2.5 29.6
      vertex 97.5432 2.52994 2
      vertex 98 2.5 2
    endloop
  endfacet
  facet normal -0.659364 -0.751824 0
    outer loop
      vertex 95.5251 3.52513 2
      vertex 95.8693 3.22326 29.6
      vertex 95.5251 3.52513 29.6
    endloop
  endfacet
  facet normal -0.659364 -0.751824 -0
    outer loop
      vertex 95.8693 3.22326 29.6
      vertex 95.5251 3.52513 2
      vertex 95.8693 3.22326 2
    endloop
  endfacet
  facet normal 0.751693 0.659514 0
    outer loop
      vertex 100.777 8.13066 29.6
      vertex 100.475 8.47487 2
      vertex 100.475 8.47487 29.6
    endloop
  endfacet
  facet normal 0.751693 0.659514 0
    outer loop
      vertex 100.475 8.47487 2
      vertex 100.777 8.13066 29.6
      vertex 100.777 8.13066 2
    endloop
  endfacet
  facet normal 0.0654026 -0.997859 0
    outer loop
      vertex 98 2.5 2
      vertex 98.4568 2.52994 29.6
      vertex 98 2.5 29.6
    endloop
  endfacet
  facet normal 0.0654026 -0.997859 0
    outer loop
      vertex 98.4568 2.52994 29.6
      vertex 98 2.5 2
      vertex 98.4568 2.52994 2
    endloop
  endfacet
  facet normal -0.0654026 0.997859 0
    outer loop
      vertex 98 9.5 2
      vertex 97.5432 9.47006 29.6
      vertex 98 9.5 29.6
    endloop
  endfacet
  facet normal -0.0654026 0.997859 0
    outer loop
      vertex 97.5432 9.47006 29.6
      vertex 98 9.5 2
      vertex 97.5432 9.47006 2
    endloop
  endfacet
  facet normal -0.980751 0.195263 0
    outer loop
      vertex 94.5299 6.45684 2
      vertex 94.6193 6.90587 29.6
      vertex 94.6193 6.90587 2
    endloop
  endfacet
  facet normal -0.980751 0.195263 0
    outer loop
      vertex 94.6193 6.90587 29.6
      vertex 94.5299 6.45684 2
      vertex 94.5299 6.45684 29.6
    endloop
  endfacet
  facet normal 0.195066 0.98079 -0
    outer loop
      vertex 98.9059 9.38074 2
      vertex 98.4568 9.47006 29.6
      vertex 98.9059 9.38074 29.6
    endloop
  endfacet
  facet normal 0.195066 0.98079 0
    outer loop
      vertex 98.4568 9.47006 29.6
      vertex 98.9059 9.38074 2
      vertex 98.4568 9.47006 2
    endloop
  endfacet
  facet normal -0.896864 -0.442305 0
    outer loop
      vertex 94.9689 4.25 2
      vertex 94.7664 4.66061 29.6
      vertex 94.7664 4.66061 2
    endloop
  endfacet
  facet normal -0.896864 -0.442305 0
    outer loop
      vertex 94.7664 4.66061 29.6
      vertex 94.9689 4.25 2
      vertex 94.9689 4.25 29.6
    endloop
  endfacet
  facet normal -0.195066 -0.98079 0
    outer loop
      vertex 97.0941 2.61926 2
      vertex 97.5432 2.52994 29.6
      vertex 97.0941 2.61926 29.6
    endloop
  endfacet
  facet normal -0.195066 -0.98079 -0
    outer loop
      vertex 97.5432 2.52994 29.6
      vertex 97.0941 2.61926 2
      vertex 97.5432 2.52994 2
    endloop
  endfacet
  facet normal -0.442297 0.896869 0
    outer loop
      vertex 96.6606 9.23358 2
      vertex 96.25 9.03109 29.6
      vertex 96.6606 9.23358 29.6
    endloop
  endfacet
  facet normal -0.442297 0.896869 0
    outer loop
      vertex 96.25 9.03109 29.6
      vertex 96.6606 9.23358 2
      vertex 96.25 9.03109 2
    endloop
  endfacet
  facet normal -0.555532 -0.831495 0
    outer loop
      vertex 95.8693 3.22326 2
      vertex 96.25 2.96891 29.6
      vertex 95.8693 3.22326 29.6
    endloop
  endfacet
  facet normal -0.555532 -0.831495 -0
    outer loop
      vertex 96.25 2.96891 29.6
      vertex 95.8693 3.22326 2
      vertex 96.25 2.96891 2
    endloop
  endfacet
  facet normal -0.7519 -0.659278 0
    outer loop
      vertex 95.5251 3.52513 2
      vertex 95.2233 3.86933 29.6
      vertex 95.2233 3.86933 2
    endloop
  endfacet
  facet normal -0.7519 -0.659278 0
    outer loop
      vertex 95.2233 3.86933 29.6
      vertex 95.5251 3.52513 2
      vertex 95.5251 3.52513 29.6
    endloop
  endfacet
  facet normal 0.947037 -0.321126 0
    outer loop
      vertex 101.234 4.66061 29.6
      vertex 101.381 5.09413 2
      vertex 101.381 5.09413 29.6
    endloop
  endfacet
  facet normal 0.947037 -0.321126 0
    outer loop
      vertex 101.381 5.09413 2
      vertex 101.234 4.66061 29.6
      vertex 101.234 4.66061 2
    endloop
  endfacet
  facet normal 0.896431 -0.443183 0
    outer loop
      vertex 101.031 4.25 29.6
      vertex 101.234 4.66061 2
      vertex 101.234 4.66061 29.6
    endloop
  endfacet
  facet normal 0.896431 -0.443183 0
    outer loop
      vertex 101.234 4.66061 2
      vertex 101.031 4.25 29.6
      vertex 101.031 4.25 2
    endloop
  endfacet
  facet normal -0.321452 -0.946926 0
    outer loop
      vertex 96.6606 2.76642 2
      vertex 97.0941 2.61926 29.6
      vertex 96.6606 2.76642 29.6
    endloop
  endfacet
  facet normal -0.321452 -0.946926 -0
    outer loop
      vertex 97.0941 2.61926 29.6
      vertex 96.6606 2.76642 2
      vertex 97.0941 2.61926 2
    endloop
  endfacet
  facet normal 0.0654026 0.997859 -0
    outer loop
      vertex 98.4568 9.47006 2
      vertex 98 9.5 29.6
      vertex 98.4568 9.47006 29.6
    endloop
  endfacet
  facet normal 0.0654026 0.997859 0
    outer loop
      vertex 98 9.5 29.6
      vertex 98.4568 9.47006 2
      vertex 98 9.5 2
    endloop
  endfacet
  facet normal 0 0 1
    outer loop
      vertex 99.3 6 29.6
      vertex 101.5 6 29.6
      vertex 101.47 6.45684 29.6
    endloop
  endfacet
  facet normal 0 0 1
    outer loop
      vertex 99.2889 6.16968 29.6
      vertex 101.47 6.45684 29.6
      vertex 101.381 6.90587 29.6
    endloop
  endfacet
  facet normal 0 0 1
    outer loop
      vertex 101.5 6 29.6
      vertex 99.3 6 29.6
      vertex 101.47 5.54316 29.6
    endloop
  endfacet
  facet normal 0 0 1
    outer loop
      vertex 99.2557 6.33646 29.6
      vertex 101.381 6.90587 29.6
      vertex 101.234 7.33939 29.6
    endloop
  endfacet
  facet normal -0 0 1
    outer loop
      vertex 99.2889 5.83032 29.6
      vertex 101.47 5.54316 29.6
      vertex 99.3 6 29.6
    endloop
  endfacet
  facet normal 0 0 1
    outer loop
      vertex 99.201 6.49749 29.6
      vertex 101.234 7.33939 29.6
      vertex 101.031 7.75 29.6
    endloop
  endfacet
  facet normal 0 0 1
    outer loop
      vertex 101.47 5.54316 29.6
      vertex 99.2889 5.83032 29.6
      vertex 101.381 5.09413 29.6
    endloop
  endfacet
  facet normal 0 0 1
    outer loop
      vertex 99.1258 6.65 29.6
      vertex 101.031 7.75 29.6
      vertex 100.777 8.13066 29.6
    endloop
  endfacet
  facet normal -0 0 1
    outer loop
      vertex 99.2557 5.66354 29.6
      vertex 101.381 5.09413 29.6
      vertex 99.2889 5.83032 29.6
    endloop
  endfacet
  facet normal 0 0 1
    outer loop
      vertex 99.0314 6.79139 29.6
      vertex 100.777 8.13066 29.6
      vertex 100.475 8.47487 29.6
    endloop
  endfacet
  facet normal 0 0 1
    outer loop
      vertex 101.381 5.09413 29.6
      vertex 99.2557 5.66354 29.6
      vertex 101.234 4.66061 29.6
    endloop
  endfacet
  facet normal 0 0 1
    outer loop
      vertex 98.9192 6.91924 29.6
      vertex 100.475 8.47487 29.6
      vertex 100.131 8.77674 29.6
    endloop
  endfacet
  facet normal -0 0 1
    outer loop
      vertex 99.201 5.50251 29.6
      vertex 101.234 4.66061 29.6
      vertex 99.2557 5.66354 29.6
    endloop
  endfacet
  facet normal 0 0 1
    outer loop
      vertex 98.7914 7.03136 29.6
      vertex 100.131 8.77674 29.6
      vertex 99.75 9.03109 29.6
    endloop
  endfacet
  facet normal 0 0 1
    outer loop
      vertex 101.234 4.66061 29.6
      vertex 99.201 5.50251 29.6
      vertex 101.031 4.25 29.6
    endloop
  endfacet
  facet normal 0 0 1
    outer loop
      vertex 98.65 7.12583 29.6
      vertex 99.75 9.03109 29.6
      vertex 99.3394 9.23358 29.6
    endloop
  endfacet
  facet normal -0 0 1
    outer loop
      vertex 99.1258 5.35 29.6
      vertex 101.031 4.25 29.6
      vertex 99.201 5.50251 29.6
    endloop
  endfacet
  facet normal 0 0 1
    outer loop
      vertex 101.031 4.25 29.6
      vertex 99.1258 5.35 29.6
      vertex 100.777 3.86933 29.6
    endloop
  endfacet
  facet normal 0 0 1
    outer loop
      vertex 101.47 6.45684 29.6
      vertex 99.2889 6.16968 29.6
      vertex 99.3 6 29.6
    endloop
  endfacet
  facet normal 0 0 1
    outer loop
      vertex 101.381 6.90587 29.6
      vertex 99.2557 6.33646 29.6
      vertex 99.2889 6.16968 29.6
    endloop
  endfacet
  facet normal 0 0 1
    outer loop
      vertex 101.234 7.33939 29.6
      vertex 99.201 6.49749 29.6
      vertex 99.2557 6.33646 29.6
    endloop
  endfacet
  facet normal 0 0 1
    outer loop
      vertex 101.031 7.75 29.6
      vertex 99.1258 6.65 29.6
      vertex 99.201 6.49749 29.6
    endloop
  endfacet
  facet normal 0 0 1
    outer loop
      vertex 100.777 8.13066 29.6
      vertex 99.0314 6.79139 29.6
      vertex 99.1258 6.65 29.6
    endloop
  endfacet
  facet normal 0 0 1
    outer loop
      vertex 100.475 8.47487 29.6
      vertex 98.9192 6.91924 29.6
      vertex 99.0314 6.79139 29.6
    endloop
  endfacet
  facet normal 0 0 1
    outer loop
      vertex 98.4975 7.20104 29.6
      vertex 99.3394 9.23358 29.6
      vertex 98.9059 9.38074 29.6
    endloop
  endfacet
  facet normal 0 0 1
    outer loop
      vertex 100.131 8.77674 29.6
      vertex 98.7914 7.03136 29.6
      vertex 98.9192 6.91924 29.6
    endloop
  endfacet
  facet normal 0 0 1
    outer loop
      vertex 99.75 9.03109 29.6
      vertex 98.65 7.12583 29.6
      vertex 98.7914 7.03136 29.6
    endloop
  endfacet
  facet normal 0 0 1
    outer loop
      vertex 99.3394 9.23358 29.6
      vertex 98.4975 7.20104 29.6
      vertex 98.65 7.12583 29.6
    endloop
  endfacet
  facet normal 0 0 1
    outer loop
      vertex 98.3365 7.2557 29.6
      vertex 98.9059 9.38074 29.6
      vertex 98.4568 9.47006 29.6
    endloop
  endfacet
  facet normal 0 0 1
    outer loop
      vertex 98.9059 9.38074 29.6
      vertex 98.3365 7.2557 29.6
      vertex 98.4975 7.20104 29.6
    endloop
  endfacet
  facet normal 0 0 1
    outer loop
      vertex 98.4568 9.47006 29.6
      vertex 98.1697 7.28888 29.6
      vertex 98.3365 7.2557 29.6
    endloop
  endfacet
  facet normal 0 0 1
    outer loop
      vertex 98 9.5 29.6
      vertex 98.1697 7.28888 29.6
      vertex 98.4568 9.47006 29.6
    endloop
  endfacet
  facet normal 0 0 1
    outer loop
      vertex 98 9.5 29.6
      vertex 98 7.3 29.6
      vertex 98.1697 7.28888 29.6
    endloop
  endfacet
  facet normal 0 0 1
    outer loop
      vertex 98 9.5 29.6
      vertex 97.8303 7.28888 29.6
      vertex 98 7.3 29.6
    endloop
  endfacet
  facet normal -0 0 1
    outer loop
      vertex 97.5432 9.47006 29.6
      vertex 97.8303 7.28888 29.6
      vertex 98 9.5 29.6
    endloop
  endfacet
  facet normal 0 0 1
    outer loop
      vertex 97.8303 7.28888 29.6
      vertex 97.5432 9.47006 29.6
      vertex 97.6635 7.2557 29.6
    endloop
  endfacet
  facet normal -0 0 1
    outer loop
      vertex 97.0941 9.38074 29.6
      vertex 97.6635 7.2557 29.6
      vertex 97.5432 9.47006 29.6
    endloop
  endfacet
  facet normal 0 0 1
    outer loop
      vertex 97.6635 7.2557 29.6
      vertex 97.0941 9.38074 29.6
      vertex 97.5025 7.20104 29.6
    endloop
  endfacet
  facet normal -0 0 1
    outer loop
      vertex 96.6606 9.23358 29.6
      vertex 97.5025 7.20104 29.6
      vertex 97.0941 9.38074 29.6
    endloop
  endfacet
  facet normal 0 0 1
    outer loop
      vertex 97.5025 7.20104 29.6
      vertex 96.6606 9.23358 29.6
      vertex 97.35 7.12583 29.6
    endloop
  endfacet
  facet normal -0 0 1
    outer loop
      vertex 96.25 9.03109 29.6
      vertex 97.35 7.12583 29.6
      vertex 96.6606 9.23358 29.6
    endloop
  endfacet
  facet normal 0 0 1
    outer loop
      vertex 97.35 7.12583 29.6
      vertex 96.25 9.03109 29.6
      vertex 97.2086 7.03136 29.6
    endloop
  endfacet
  facet normal -0 0 1
    outer loop
      vertex 95.8693 8.77674 29.6
      vertex 97.2086 7.03136 29.6
      vertex 96.25 9.03109 29.6
    endloop
  endfacet
  facet normal 0 0 1
    outer loop
      vertex 97.2086 7.03136 29.6
      vertex 95.8693 8.77674 29.6
      vertex 97.0808 6.91924 29.6
    endloop
  endfacet
  facet normal -0 0 1
    outer loop
      vertex 95.5251 8.47487 29.6
      vertex 97.0808 6.91924 29.6
      vertex 95.8693 8.77674 29.6
    endloop
  endfacet
  facet normal 0 0 1
    outer loop
      vertex 97.0808 6.91924 29.6
      vertex 95.5251 8.47487 29.6
      vertex 96.9686 6.79139 29.6
    endloop
  endfacet
  facet normal 0 0 1
    outer loop
      vertex 96.9686 6.79139 29.6
      vertex 95.2233 8.13066 29.6
      vertex 96.8742 6.65 29.6
    endloop
  endfacet
  facet normal -0 0 1
    outer loop
      vertex 95.2233 8.13066 29.6
      vertex 96.9686 6.79139 29.6
      vertex 95.5251 8.47487 29.6
    endloop
  endfacet
  facet normal -0 0 1
    outer loop
      vertex 99.0314 5.20861 29.6
      vertex 100.777 3.86933 29.6
      vertex 99.1258 5.35 29.6
    endloop
  endfacet
  facet normal 0 0 1
    outer loop
      vertex 100.777 3.86933 29.6
      vertex 99.0314 5.20861 29.6
      vertex 100.475 3.52513 29.6
    endloop
  endfacet
  facet normal -0 0 1
    outer loop
      vertex 98.9192 5.08076 29.6
      vertex 100.475 3.52513 29.6
      vertex 99.0314 5.20861 29.6
    endloop
  endfacet
  facet normal 0 0 1
    outer loop
      vertex 100.475 3.52513 29.6
      vertex 98.9192 5.08076 29.6
      vertex 100.131 3.22326 29.6
    endloop
  endfacet
  facet normal -0 0 1
    outer loop
      vertex 98.7914 4.96864 29.6
      vertex 100.131 3.22326 29.6
      vertex 98.9192 5.08076 29.6
    endloop
  endfacet
  facet normal 0 0 1
    outer loop
      vertex 100.131 3.22326 29.6
      vertex 98.7914 4.96864 29.6
      vertex 99.75 2.96891 29.6
    endloop
  endfacet
  facet normal -0 0 1
    outer loop
      vertex 98.65 4.87417 29.6
      vertex 99.75 2.96891 29.6
      vertex 98.7914 4.96864 29.6
    endloop
  endfacet
  facet normal 0 0 1
    outer loop
      vertex 99.75 2.96891 29.6
      vertex 98.65 4.87417 29.6
      vertex 99.3394 2.76642 29.6
    endloop
  endfacet
  facet normal -0 0 1
    outer loop
      vertex 98.4975 4.79896 29.6
      vertex 99.3394 2.76642 29.6
      vertex 98.65 4.87417 29.6
    endloop
  endfacet
  facet normal 0 0 1
    outer loop
      vertex 99.3394 2.76642 29.6
      vertex 98.4975 4.79896 29.6
      vertex 98.9059 2.61926 29.6
    endloop
  endfacet
  facet normal -0 0 1
    outer loop
      vertex 98.3365 4.7443 29.6
      vertex 98.9059 2.61926 29.6
      vertex 98.4975 4.79896 29.6
    endloop
  endfacet
  facet normal 0 0 1
    outer loop
      vertex 98.9059 2.61926 29.6
      vertex 98.3365 4.7443 29.6
      vertex 98.4568 2.52994 29.6
    endloop
  endfacet
  facet normal -0 0 1
    outer loop
      vertex 98.1697 4.71112 29.6
      vertex 98.4568 2.52994 29.6
      vertex 98.3365 4.7443 29.6
    endloop
  endfacet
  facet normal -0 0 1
    outer loop
      vertex 98 4.7 29.6
      vertex 98.4568 2.52994 29.6
      vertex 98.1697 4.71112 29.6
    endloop
  endfacet
  facet normal 0 0 1
    outer loop
      vertex 98 4.7 29.6
      vertex 98 2.5 29.6
      vertex 98.4568 2.52994 29.6
    endloop
  endfacet
  facet normal 0 0 1
    outer loop
      vertex 97.8303 4.71112 29.6
      vertex 98 2.5 29.6
      vertex 98 4.7 29.6
    endloop
  endfacet
  facet normal 0 0 1
    outer loop
      vertex 97.5432 2.52994 29.6
      vertex 97.8303 4.71112 29.6
      vertex 97.6635 4.7443 29.6
    endloop
  endfacet
  facet normal 0 0 1
    outer loop
      vertex 97.8303 4.71112 29.6
      vertex 97.5432 2.52994 29.6
      vertex 98 2.5 29.6
    endloop
  endfacet
  facet normal 0 0 1
    outer loop
      vertex 97.0941 2.61926 29.6
      vertex 97.6635 4.7443 29.6
      vertex 97.5025 4.79896 29.6
    endloop
  endfacet
  facet normal 0 0 1
    outer loop
      vertex 96.6606 2.76642 29.6
      vertex 97.5025 4.79896 29.6
      vertex 97.35 4.87417 29.6
    endloop
  endfacet
  facet normal 0 0 1
    outer loop
      vertex 96.25 2.96891 29.6
      vertex 97.35 4.87417 29.6
      vertex 97.2086 4.96864 29.6
    endloop
  endfacet
  facet normal 0 0 1
    outer loop
      vertex 97.6635 4.7443 29.6
      vertex 97.0941 2.61926 29.6
      vertex 97.5432 2.52994 29.6
    endloop
  endfacet
  facet normal 0 0 1
    outer loop
      vertex 95.8693 3.22326 29.6
      vertex 97.2086 4.96864 29.6
      vertex 97.0808 5.08076 29.6
    endloop
  endfacet
  facet normal 0 0 1
    outer loop
      vertex 95.5251 3.52513 29.6
      vertex 97.0808 5.08076 29.6
      vertex 96.9686 5.20861 29.6
    endloop
  endfacet
  facet normal 0 0 1
    outer loop
      vertex 95.2233 3.86933 29.6
      vertex 96.9686 5.20861 29.6
      vertex 96.8742 5.35 29.6
    endloop
  endfacet
  facet normal 0 0 1
    outer loop
      vertex 94.9689 4.25 29.6
      vertex 96.8742 5.35 29.6
      vertex 96.799 5.50251 29.6
    endloop
  endfacet
  facet normal 0 0 1
    outer loop
      vertex 94.7664 4.66061 29.6
      vertex 96.799 5.50251 29.6
      vertex 96.7443 5.66354 29.6
    endloop
  endfacet
  facet normal 0 0 1
    outer loop
      vertex 94.6193 5.09413 29.6
      vertex 96.7443 5.66354 29.6
      vertex 96.7111 5.83032 29.6
    endloop
  endfacet
  facet normal 0 0 1
    outer loop
      vertex 97.5025 4.79896 29.6
      vertex 96.6606 2.76642 29.6
      vertex 97.0941 2.61926 29.6
    endloop
  endfacet
  facet normal 0 0 1
    outer loop
      vertex 94.5299 5.54316 29.6
      vertex 96.7111 5.83032 29.6
      vertex 96.7 6 29.6
    endloop
  endfacet
  facet normal -0 0 1
    outer loop
      vertex 94.9689 7.75 29.6
      vertex 96.8742 6.65 29.6
      vertex 95.2233 8.13066 29.6
    endloop
  endfacet
  facet normal 0 0 1
    outer loop
      vertex 96.8742 6.65 29.6
      vertex 94.9689 7.75 29.6
      vertex 96.799 6.49749 29.6
    endloop
  endfacet
  facet normal 0 0 1
    outer loop
      vertex 97.35 4.87417 29.6
      vertex 96.25 2.96891 29.6
      vertex 96.6606 2.76642 29.6
    endloop
  endfacet
  facet normal -0 0 1
    outer loop
      vertex 94.7664 7.33939 29.6
      vertex 96.799 6.49749 29.6
      vertex 94.9689 7.75 29.6
    endloop
  endfacet
  facet normal 0 0 1
    outer loop
      vertex 97.2086 4.96864 29.6
      vertex 95.8693 3.22326 29.6
      vertex 96.25 2.96891 29.6
    endloop
  endfacet
  facet normal 0 0 1
    outer loop
      vertex 96.799 6.49749 29.6
      vertex 94.7664 7.33939 29.6
      vertex 96.7443 6.33646 29.6
    endloop
  endfacet
  facet normal 0 0 1
    outer loop
      vertex 97.0808 5.08076 29.6
      vertex 95.5251 3.52513 29.6
      vertex 95.8693 3.22326 29.6
    endloop
  endfacet
  facet normal -0 0 1
    outer loop
      vertex 94.6193 6.90587 29.6
      vertex 96.7443 6.33646 29.6
      vertex 94.7664 7.33939 29.6
    endloop
  endfacet
  facet normal 0 0 1
    outer loop
      vertex 96.9686 5.20861 29.6
      vertex 95.2233 3.86933 29.6
      vertex 95.5251 3.52513 29.6
    endloop
  endfacet
  facet normal 0 0 1
    outer loop
      vertex 96.7443 6.33646 29.6
      vertex 94.6193 6.90587 29.6
      vertex 96.7111 6.16968 29.6
    endloop
  endfacet
  facet normal 0 0 1
    outer loop
      vertex 96.8742 5.35 29.6
      vertex 94.9689 4.25 29.6
      vertex 95.2233 3.86933 29.6
    endloop
  endfacet
  facet normal -0 0 1
    outer loop
      vertex 94.5299 6.45684 29.6
      vertex 96.7111 6.16968 29.6
      vertex 94.6193 6.90587 29.6
    endloop
  endfacet
  facet normal 0 0 1
    outer loop
      vertex 96.799 5.50251 29.6
      vertex 94.7664 4.66061 29.6
      vertex 94.9689 4.25 29.6
    endloop
  endfacet
  facet normal 0 0 1
    outer loop
      vertex 96.7111 6.16968 29.6
      vertex 94.5299 6.45684 29.6
      vertex 96.7 6 29.6
    endloop
  endfacet
  facet normal 0 0 1
    outer loop
      vertex 96.7443 5.66354 29.6
      vertex 94.6193 5.09413 29.6
      vertex 94.7664 4.66061 29.6
    endloop
  endfacet
  facet normal 0 0 1
    outer loop
      vertex 94.5 6 29.6
      vertex 96.7 6 29.6
      vertex 94.5299 6.45684 29.6
    endloop
  endfacet
  facet normal 0 0 1
    outer loop
      vertex 96.7111 5.83032 29.6
      vertex 94.5299 5.54316 29.6
      vertex 94.6193 5.09413 29.6
    endloop
  endfacet
  facet normal 0 0 1
    outer loop
      vertex 96.7 6 29.6
      vertex 94.5 6 29.6
      vertex 94.5299 5.54316 29.6
    endloop
  endfacet
  facet normal -0.946966 -0.321335 0
    outer loop
      vertex 94.7664 53.6606 2
      vertex 94.6193 54.0941 29.6
      vertex 94.6193 54.0941 2
    endloop
  endfacet
  facet normal -0.946966 -0.321335 0
    outer loop
      vertex 94.6193 54.0941 29.6
      vertex 94.7664 53.6606 2
      vertex 94.7664 53.6606 29.6
    endloop
  endfacet
  facet normal 0.195234 -0.980757 0
    outer loop
      vertex 98.4568 51.5299 2
      vertex 98.9059 51.6193 29.6
      vertex 98.4568 51.5299 29.6
    endloop
  endfacet
  facet normal 0.195234 -0.980757 0
    outer loop
      vertex 98.9059 51.6193 29.6
      vertex 98.4568 51.5299 2
      vertex 98.9059 51.6193 2
    endloop
  endfacet
  facet normal 0.980924 0.194394 0
    outer loop
      vertex 101.47 55.4568 29.6
      vertex 101.381 55.9059 2
      vertex 101.381 55.9059 29.6
    endloop
  endfacet
  facet normal 0.980924 0.194394 0
    outer loop
      vertex 101.381 55.9059 2
      vertex 101.47 55.4568 29.6
      vertex 101.47 55.4568 2
    endloop
  endfacet
  facet normal 0.99785 0.0655331 0
    outer loop
      vertex 101.5 55 29.6
      vertex 101.47 55.4568 2
      vertex 101.47 55.4568 29.6
    endloop
  endfacet
  facet normal 0.99785 0.0655331 0
    outer loop
      vertex 101.47 55.4568 2
      vertex 101.5 55 29.6
      vertex 101.5 55 2
    endloop
  endfacet
  facet normal -0.442314 0.89686 0
    outer loop
      vertex 96.6606 58.2336 2
      vertex 96.25 58.0311 29.6
      vertex 96.6606 58.2336 29.6
    endloop
  endfacet
  facet normal -0.442314 0.89686 0
    outer loop
      vertex 96.25 58.0311 29.6
      vertex 96.6606 58.2336 2
      vertex 96.25 58.0311 2
    endloop
  endfacet
  facet normal 0.896427 -0.443192 0
    outer loop
      vertex 101.031 53.25 29.6
      vertex 101.234 53.6606 2
      vertex 101.234 53.6606 29.6
    endloop
  endfacet
  facet normal 0.896427 -0.443192 0
    outer loop
      vertex 101.234 53.6606 2
      vertex 101.031 53.25 29.6
      vertex 101.031 53.25 2
    endloop
  endfacet
  facet normal 0.99785 -0.0655331 0
    outer loop
      vertex 101.47 54.5432 29.6
      vertex 101.5 55 2
      vertex 101.5 55 29.6
    endloop
  endfacet
  facet normal 0.99785 -0.0655331 0
    outer loop
      vertex 101.5 55 2
      vertex 101.47 54.5432 29.6
      vertex 101.47 54.5432 2
    endloop
  endfacet
  facet normal 0.659494 0.75171 -0
    outer loop
      vertex 100.475 57.4749 2
      vertex 100.131 57.7767 29.6
      vertex 100.475 57.4749 29.6
    endloop
  endfacet
  facet normal 0.659494 0.75171 0
    outer loop
      vertex 100.131 57.7767 29.6
      vertex 100.475 57.4749 2
      vertex 100.131 57.7767 2
    endloop
  endfacet
  facet normal -0.659278 0.7519 0
    outer loop
      vertex 95.8693 57.7767 2
      vertex 95.5251 57.4749 29.6
      vertex 95.8693 57.7767 29.6
    endloop
  endfacet
  facet normal -0.659278 0.7519 0
    outer loop
      vertex 95.5251 57.4749 29.6
      vertex 95.8693 57.7767 2
      vertex 95.5251 57.4749 2
    endloop
  endfacet
  facet normal 0.0653156 0.997865 -0
    outer loop
      vertex 98.4568 58.4701 2
      vertex 98 58.5 29.6
      vertex 98.4568 58.4701 29.6
    endloop
  endfacet
  facet normal 0.0653156 0.997865 0
    outer loop
      vertex 98 58.5 29.6
      vertex 98.4568 58.4701 2
      vertex 98 58.5 2
    endloop
  endfacet
  facet normal -0.195234 -0.980757 0
    outer loop
      vertex 97.0941 51.6193 2
      vertex 97.5432 51.5299 29.6
      vertex 97.0941 51.6193 29.6
    endloop
  endfacet
  facet normal -0.195234 -0.980757 -0
    outer loop
      vertex 97.5432 51.5299 29.6
      vertex 97.0941 51.6193 2
      vertex 97.5432 51.5299 2
    endloop
  endfacet
  facet normal -0.997865 0.0653156 0
    outer loop
      vertex 94.5 55 2
      vertex 94.5299 55.4568 29.6
      vertex 94.5299 55.4568 2
    endloop
  endfacet
  facet normal -0.997865 0.0653156 0
    outer loop
      vertex 94.5299 55.4568 29.6
      vertex 94.5 55 2
      vertex 94.5 55 29.6
    endloop
  endfacet
  facet normal -0.7519 -0.659278 0
    outer loop
      vertex 95.5251 52.5251 2
      vertex 95.2233 52.8693 29.6
      vertex 95.2233 52.8693 2
    endloop
  endfacet
  facet normal -0.7519 -0.659278 0
    outer loop
      vertex 95.2233 52.8693 29.6
      vertex 95.5251 52.5251 2
      vertex 95.5251 52.5251 29.6
    endloop
  endfacet
  facet normal -0.980757 -0.195234 0
    outer loop
      vertex 94.6193 54.0941 2
      vertex 94.5299 54.5432 29.6
      vertex 94.5299 54.5432 2
    endloop
  endfacet
  facet normal -0.980757 -0.195234 0
    outer loop
      vertex 94.5299 54.5432 29.6
      vertex 94.6193 54.0941 2
      vertex 94.6193 54.0941 29.6
    endloop
  endfacet
  facet normal 0.831849 -0.555003 0
    outer loop
      vertex 100.777 52.8693 29.6
      vertex 101.031 53.25 2
      vertex 101.031 53.25 29.6
    endloop
  endfacet
  facet normal 0.831849 -0.555003 0
    outer loop
      vertex 101.031 53.25 2
      vertex 100.777 52.8693 29.6
      vertex 100.777 52.8693 2
    endloop
  endfacet
  facet normal -0.89686 0.442314 0
    outer loop
      vertex 94.7664 56.3394 2
      vertex 94.9689 56.75 29.6
      vertex 94.9689 56.75 2
    endloop
  endfacet
  facet normal -0.89686 0.442314 0
    outer loop
      vertex 94.9689 56.75 29.6
      vertex 94.7664 56.3394 2
      vertex 94.7664 56.3394 29.6
    endloop
  endfacet
  facet normal -0.831445 0.555607 0
    outer loop
      vertex 94.9689 56.75 2
      vertex 95.2233 57.1307 29.6
      vertex 95.2233 57.1307 2
    endloop
  endfacet
  facet normal -0.831445 0.555607 0
    outer loop
      vertex 95.2233 57.1307 29.6
      vertex 94.9689 56.75 2
      vertex 94.9689 56.75 29.6
    endloop
  endfacet
  facet normal -0.0653156 0.997865 0
    outer loop
      vertex 98 58.5 2
      vertex 97.5432 58.4701 29.6
      vertex 98 58.5 29.6
    endloop
  endfacet
  facet normal -0.0653156 0.997865 0
    outer loop
      vertex 97.5432 58.4701 29.6
      vertex 98 58.5 2
      vertex 97.5432 58.4701 2
    endloop
  endfacet
  facet normal -0.321335 -0.946966 0
    outer loop
      vertex 96.6606 51.7664 2
      vertex 97.0941 51.6193 29.6
      vertex 96.6606 51.7664 29.6
    endloop
  endfacet
  facet normal -0.321335 -0.946966 -0
    outer loop
      vertex 97.0941 51.6193 29.6
      vertex 96.6606 51.7664 2
      vertex 97.0941 51.6193 2
    endloop
  endfacet
  facet normal 0.442314 0.89686 -0
    outer loop
      vertex 99.75 58.0311 2
      vertex 99.3394 58.2336 29.6
      vertex 99.75 58.0311 29.6
    endloop
  endfacet
  facet normal 0.442314 0.89686 0
    outer loop
      vertex 99.3394 58.2336 29.6
      vertex 99.75 58.0311 2
      vertex 99.3394 58.2336 2
    endloop
  endfacet
  facet normal 0.0653156 -0.997865 0
    outer loop
      vertex 98 51.5 2
      vertex 98.4568 51.5299 29.6
      vertex 98 51.5 29.6
    endloop
  endfacet
  facet normal 0.0653156 -0.997865 0
    outer loop
      vertex 98.4568 51.5299 29.6
      vertex 98 51.5 2
      vertex 98.4568 51.5299 2
    endloop
  endfacet
  facet normal 0.555305 -0.831647 0
    outer loop
      vertex 99.75 51.9689 2
      vertex 100.131 52.2233 29.6
      vertex 99.75 51.9689 29.6
    endloop
  endfacet
  facet normal 0.555305 -0.831647 0
    outer loop
      vertex 100.131 52.2233 29.6
      vertex 99.75 51.9689 2
      vertex 100.131 52.2233 2
    endloop
  endfacet
  facet normal 0.980924 -0.194394 0
    outer loop
      vertex 101.381 54.0941 29.6
      vertex 101.47 54.5432 2
      vertex 101.47 54.5432 29.6
    endloop
  endfacet
  facet normal 0.980924 -0.194394 0
    outer loop
      vertex 101.47 54.5432 2
      vertex 101.381 54.0941 29.6
      vertex 101.381 54.0941 2
    endloop
  endfacet
  facet normal -0.7519 0.659278 0
    outer loop
      vertex 95.2233 57.1307 2
      vertex 95.5251 57.4749 29.6
      vertex 95.5251 57.4749 2
    endloop
  endfacet
  facet normal -0.7519 0.659278 0
    outer loop
      vertex 95.5251 57.4749 29.6
      vertex 95.2233 57.1307 2
      vertex 95.2233 57.1307 29.6
    endloop
  endfacet
  facet normal -0.980757 0.195234 0
    outer loop
      vertex 94.5299 55.4568 2
      vertex 94.6193 55.9059 29.6
      vertex 94.6193 55.9059 2
    endloop
  endfacet
  facet normal -0.980757 0.195234 0
    outer loop
      vertex 94.6193 55.9059 29.6
      vertex 94.5299 55.4568 2
      vertex 94.5299 55.4568 29.6
    endloop
  endfacet
  facet normal 0.831849 0.555003 0
    outer loop
      vertex 101.031 56.75 29.6
      vertex 100.777 57.1307 2
      vertex 100.777 57.1307 29.6
    endloop
  endfacet
  facet normal 0.831849 0.555003 0
    outer loop
      vertex 100.777 57.1307 2
      vertex 101.031 56.75 29.6
      vertex 101.031 56.75 2
    endloop
  endfacet
  facet normal 0.555305 0.831647 -0
    outer loop
      vertex 100.131 57.7767 2
      vertex 99.75 58.0311 29.6
      vertex 100.131 57.7767 29.6
    endloop
  endfacet
  facet normal 0.555305 0.831647 0
    outer loop
      vertex 99.75 58.0311 29.6
      vertex 100.131 57.7767 2
      vertex 99.75 58.0311 2
    endloop
  endfacet
  facet normal -0.997865 -0.0653156 0
    outer loop
      vertex 94.5299 54.5432 2
      vertex 94.5 55 29.6
      vertex 94.5 55 2
    endloop
  endfacet
  facet normal -0.997865 -0.0653156 0
    outer loop
      vertex 94.5 55 29.6
      vertex 94.5299 54.5432 2
      vertex 94.5299 54.5432 29.6
    endloop
  endfacet
  facet normal 0.321335 0.946966 -0
    outer loop
      vertex 99.3394 58.2336 2
      vertex 98.9059 58.3807 29.6
      vertex 99.3394 58.2336 29.6
    endloop
  endfacet
  facet normal 0.321335 0.946966 0
    outer loop
      vertex 98.9059 58.3807 29.6
      vertex 99.3394 58.2336 2
      vertex 98.9059 58.3807 2
    endloop
  endfacet
  facet normal 0.659494 -0.75171 0
    outer loop
      vertex 100.131 52.2233 2
      vertex 100.475 52.5251 29.6
      vertex 100.131 52.2233 29.6
    endloop
  endfacet
  facet normal 0.659494 -0.75171 0
    outer loop
      vertex 100.475 52.5251 29.6
      vertex 100.131 52.2233 2
      vertex 100.475 52.5251 2
    endloop
  endfacet
  facet normal -0.195234 0.980757 0
    outer loop
      vertex 97.5432 58.4701 2
      vertex 97.0941 58.3807 29.6
      vertex 97.5432 58.4701 29.6
    endloop
  endfacet
  facet normal -0.195234 0.980757 0
    outer loop
      vertex 97.0941 58.3807 29.6
      vertex 97.5432 58.4701 2
      vertex 97.0941 58.3807 2
    endloop
  endfacet
  facet normal 0.896427 0.443192 0
    outer loop
      vertex 101.234 56.3394 29.6
      vertex 101.031 56.75 2
      vertex 101.031 56.75 29.6
    endloop
  endfacet
  facet normal 0.896427 0.443192 0
    outer loop
      vertex 101.031 56.75 2
      vertex 101.234 56.3394 29.6
      vertex 101.234 56.3394 2
    endloop
  endfacet
  facet normal 0.947032 -0.321139 0
    outer loop
      vertex 101.234 53.6606 29.6
      vertex 101.381 54.0941 2
      vertex 101.381 54.0941 29.6
    endloop
  endfacet
  facet normal 0.947032 -0.321139 0
    outer loop
      vertex 101.381 54.0941 2
      vertex 101.234 53.6606 29.6
      vertex 101.234 53.6606 2
    endloop
  endfacet
  facet normal -0.555607 -0.831445 0
    outer loop
      vertex 95.8693 52.2233 2
      vertex 96.25 51.9689 29.6
      vertex 95.8693 52.2233 29.6
    endloop
  endfacet
  facet normal -0.555607 -0.831445 -0
    outer loop
      vertex 96.25 51.9689 29.6
      vertex 95.8693 52.2233 2
      vertex 96.25 51.9689 2
    endloop
  endfacet
  facet normal -0.659278 -0.7519 0
    outer loop
      vertex 95.5251 52.5251 2
      vertex 95.8693 52.2233 29.6
      vertex 95.5251 52.5251 29.6
    endloop
  endfacet
  facet normal -0.659278 -0.7519 -0
    outer loop
      vertex 95.8693 52.2233 29.6
      vertex 95.5251 52.5251 2
      vertex 95.8693 52.2233 2
    endloop
  endfacet
  facet normal 0.751683 -0.659524 0
    outer loop
      vertex 100.475 52.5251 29.6
      vertex 100.777 52.8693 2
      vertex 100.777 52.8693 29.6
    endloop
  endfacet
  facet normal 0.751683 -0.659524 0
    outer loop
      vertex 100.777 52.8693 2
      vertex 100.475 52.5251 29.6
      vertex 100.475 52.5251 2
    endloop
  endfacet
  facet normal -0.89686 -0.442314 0
    outer loop
      vertex 94.9689 53.25 2
      vertex 94.7664 53.6606 29.6
      vertex 94.7664 53.6606 2
    endloop
  endfacet
  facet normal -0.89686 -0.442314 0
    outer loop
      vertex 94.7664 53.6606 29.6
      vertex 94.9689 53.25 2
      vertex 94.9689 53.25 29.6
    endloop
  endfacet
  facet normal -0.0653156 -0.997865 0
    outer loop
      vertex 97.5432 51.5299 2
      vertex 98 51.5 29.6
      vertex 97.5432 51.5299 29.6
    endloop
  endfacet
  facet normal -0.0653156 -0.997865 -0
    outer loop
      vertex 98 51.5 29.6
      vertex 97.5432 51.5299 2
      vertex 98 51.5 2
    endloop
  endfacet
  facet normal 0.751683 0.659524 0
    outer loop
      vertex 100.777 57.1307 29.6
      vertex 100.475 57.4749 2
      vertex 100.475 57.4749 29.6
    endloop
  endfacet
  facet normal 0.751683 0.659524 0
    outer loop
      vertex 100.475 57.4749 2
      vertex 100.777 57.1307 29.6
      vertex 100.777 57.1307 2
    endloop
  endfacet
  facet normal -0.555607 0.831445 0
    outer loop
      vertex 96.25 58.0311 2
      vertex 95.8693 57.7767 29.6
      vertex 96.25 58.0311 29.6
    endloop
  endfacet
  facet normal -0.555607 0.831445 0
    outer loop
      vertex 95.8693 57.7767 29.6
      vertex 96.25 58.0311 2
      vertex 95.8693 57.7767 2
    endloop
  endfacet
  facet normal 0 0 1
    outer loop
      vertex 99.3 55 29.6
      vertex 101.5 55 29.6
      vertex 101.47 55.4568 29.6
    endloop
  endfacet
  facet normal 0 0 1
    outer loop
      vertex 99.2889 55.1697 29.6
      vertex 101.47 55.4568 29.6
      vertex 101.381 55.9059 29.6
    endloop
  endfacet
  facet normal 0 0 1
    outer loop
      vertex 101.5 55 29.6
      vertex 99.3 55 29.6
      vertex 101.47 54.5432 29.6
    endloop
  endfacet
  facet normal 0 0 1
    outer loop
      vertex 99.2557 55.3365 29.6
      vertex 101.381 55.9059 29.6
      vertex 101.234 56.3394 29.6
    endloop
  endfacet
  facet normal -0 0 1
    outer loop
      vertex 99.2889 54.8303 29.6
      vertex 101.47 54.5432 29.6
      vertex 99.3 55 29.6
    endloop
  endfacet
  facet normal 0 0 1
    outer loop
      vertex 99.201 55.4975 29.6
      vertex 101.234 56.3394 29.6
      vertex 101.031 56.75 29.6
    endloop
  endfacet
  facet normal 0 0 1
    outer loop
      vertex 101.47 54.5432 29.6
      vertex 99.2889 54.8303 29.6
      vertex 101.381 54.0941 29.6
    endloop
  endfacet
  facet normal 0 0 1
    outer loop
      vertex 99.1258 55.65 29.6
      vertex 101.031 56.75 29.6
      vertex 100.777 57.1307 29.6
    endloop
  endfacet
  facet normal -0 0 1
    outer loop
      vertex 99.2557 54.6635 29.6
      vertex 101.381 54.0941 29.6
      vertex 99.2889 54.8303 29.6
    endloop
  endfacet
  facet normal 0 0 1
    outer loop
      vertex 99.0314 55.7914 29.6
      vertex 100.777 57.1307 29.6
      vertex 100.475 57.4749 29.6
    endloop
  endfacet
  facet normal 0 0 1
    outer loop
      vertex 101.381 54.0941 29.6
      vertex 99.2557 54.6635 29.6
      vertex 101.234 53.6606 29.6
    endloop
  endfacet
  facet normal 0 0 1
    outer loop
      vertex 98.9192 55.9192 29.6
      vertex 100.475 57.4749 29.6
      vertex 100.131 57.7767 29.6
    endloop
  endfacet
  facet normal -0 0 1
    outer loop
      vertex 99.201 54.5025 29.6
      vertex 101.234 53.6606 29.6
      vertex 99.2557 54.6635 29.6
    endloop
  endfacet
  facet normal 0 0 1
    outer loop
      vertex 98.7914 56.0314 29.6
      vertex 100.131 57.7767 29.6
      vertex 99.75 58.0311 29.6
    endloop
  endfacet
  facet normal 0 0 1
    outer loop
      vertex 101.234 53.6606 29.6
      vertex 99.201 54.5025 29.6
      vertex 101.031 53.25 29.6
    endloop
  endfacet
  facet normal 0 0 1
    outer loop
      vertex 98.65 56.1258 29.6
      vertex 99.75 58.0311 29.6
      vertex 99.3394 58.2336 29.6
    endloop
  endfacet
  facet normal -0 0 1
    outer loop
      vertex 99.1258 54.35 29.6
      vertex 101.031 53.25 29.6
      vertex 99.201 54.5025 29.6
    endloop
  endfacet
  facet normal 0 0 1
    outer loop
      vertex 101.031 53.25 29.6
      vertex 99.1258 54.35 29.6
      vertex 100.777 52.8693 29.6
    endloop
  endfacet
  facet normal 0 0 1
    outer loop
      vertex 101.47 55.4568 29.6
      vertex 99.2889 55.1697 29.6
      vertex 99.3 55 29.6
    endloop
  endfacet
  facet normal 0 0 1
    outer loop
      vertex 101.381 55.9059 29.6
      vertex 99.2557 55.3365 29.6
      vertex 99.2889 55.1697 29.6
    endloop
  endfacet
  facet normal 0 0 1
    outer loop
      vertex 101.234 56.3394 29.6
      vertex 99.201 55.4975 29.6
      vertex 99.2557 55.3365 29.6
    endloop
  endfacet
  facet normal 0 0 1
    outer loop
      vertex 101.031 56.75 29.6
      vertex 99.1258 55.65 29.6
      vertex 99.201 55.4975 29.6
    endloop
  endfacet
  facet normal 0 0 1
    outer loop
      vertex 100.777 57.1307 29.6
      vertex 99.0314 55.7914 29.6
      vertex 99.1258 55.65 29.6
    endloop
  endfacet
  facet normal 0 0 1
    outer loop
      vertex 100.475 57.4749 29.6
      vertex 98.9192 55.9192 29.6
      vertex 99.0314 55.7914 29.6
    endloop
  endfacet
  facet normal 0 0 1
    outer loop
      vertex 98.4975 56.201 29.6
      vertex 99.3394 58.2336 29.6
      vertex 98.9059 58.3807 29.6
    endloop
  endfacet
  facet normal 0 0 1
    outer loop
      vertex 100.131 57.7767 29.6
      vertex 98.7914 56.0314 29.6
      vertex 98.9192 55.9192 29.6
    endloop
  endfacet
  facet normal 0 0 1
    outer loop
      vertex 99.75 58.0311 29.6
      vertex 98.65 56.1258 29.6
      vertex 98.7914 56.0314 29.6
    endloop
  endfacet
  facet normal 0 0 1
    outer loop
      vertex 99.3394 58.2336 29.6
      vertex 98.4975 56.201 29.6
      vertex 98.65 56.1258 29.6
    endloop
  endfacet
  facet normal 0 0 1
    outer loop
      vertex 98.3365 56.2557 29.6
      vertex 98.9059 58.3807 29.6
      vertex 98.4568 58.4701 29.6
    endloop
  endfacet
  facet normal 0 0 1
    outer loop
      vertex 98.9059 58.3807 29.6
      vertex 98.3365 56.2557 29.6
      vertex 98.4975 56.201 29.6
    endloop
  endfacet
  facet normal 0 0 1
    outer loop
      vertex 98.4568 58.4701 29.6
      vertex 98.1697 56.2889 29.6
      vertex 98.3365 56.2557 29.6
    endloop
  endfacet
  facet normal 0 0 1
    outer loop
      vertex 98 58.5 29.6
      vertex 98.1697 56.2889 29.6
      vertex 98.4568 58.4701 29.6
    endloop
  endfacet
  facet normal 0 0 1
    outer loop
      vertex 98 58.5 29.6
      vertex 98 56.3 29.6
      vertex 98.1697 56.2889 29.6
    endloop
  endfacet
  facet normal 0 0 1
    outer loop
      vertex 98 58.5 29.6
      vertex 97.8303 56.2889 29.6
      vertex 98 56.3 29.6
    endloop
  endfacet
  facet normal -0 0 1
    outer loop
      vertex 97.5432 58.4701 29.6
      vertex 97.8303 56.2889 29.6
      vertex 98 58.5 29.6
    endloop
  endfacet
  facet normal 0 0 1
    outer loop
      vertex 97.8303 56.2889 29.6
      vertex 97.5432 58.4701 29.6
      vertex 97.6635 56.2557 29.6
    endloop
  endfacet
  facet normal -0 0 1
    outer loop
      vertex 97.0941 58.3807 29.6
      vertex 97.6635 56.2557 29.6
      vertex 97.5432 58.4701 29.6
    endloop
  endfacet
  facet normal 0 0 1
    outer loop
      vertex 97.6635 56.2557 29.6
      vertex 97.0941 58.3807 29.6
      vertex 97.5025 56.201 29.6
    endloop
  endfacet
  facet normal -0 0 1
    outer loop
      vertex 96.6606 58.2336 29.6
      vertex 97.5025 56.201 29.6
      vertex 97.0941 58.3807 29.6
    endloop
  endfacet
  facet normal 0 0 1
    outer loop
      vertex 97.5025 56.201 29.6
      vertex 96.6606 58.2336 29.6
      vertex 97.35 56.1258 29.6
    endloop
  endfacet
  facet normal -0 0 1
    outer loop
      vertex 96.25 58.0311 29.6
      vertex 97.35 56.1258 29.6
      vertex 96.6606 58.2336 29.6
    endloop
  endfacet
  facet normal 0 0 1
    outer loop
      vertex 97.35 56.1258 29.6
      vertex 96.25 58.0311 29.6
      vertex 97.2086 56.0314 29.6
    endloop
  endfacet
  facet normal -0 0 1
    outer loop
      vertex 95.8693 57.7767 29.6
      vertex 97.2086 56.0314 29.6
      vertex 96.25 58.0311 29.6
    endloop
  endfacet
  facet normal 0 0 1
    outer loop
      vertex 97.2086 56.0314 29.6
      vertex 95.8693 57.7767 29.6
      vertex 97.0808 55.9192 29.6
    endloop
  endfacet
  facet normal -0 0 1
    outer loop
      vertex 95.5251 57.4749 29.6
      vertex 97.0808 55.9192 29.6
      vertex 95.8693 57.7767 29.6
    endloop
  endfacet
  facet normal 0 0 1
    outer loop
      vertex 97.0808 55.9192 29.6
      vertex 95.5251 57.4749 29.6
      vertex 96.9686 55.7914 29.6
    endloop
  endfacet
  facet normal 0 0 1
    outer loop
      vertex 96.9686 55.7914 29.6
      vertex 95.2233 57.1307 29.6
      vertex 96.8742 55.65 29.6
    endloop
  endfacet
  facet normal -0 0 1
    outer loop
      vertex 95.2233 57.1307 29.6
      vertex 96.9686 55.7914 29.6
      vertex 95.5251 57.4749 29.6
    endloop
  endfacet
  facet normal -0 0 1
    outer loop
      vertex 99.0314 54.2086 29.6
      vertex 100.777 52.8693 29.6
      vertex 99.1258 54.35 29.6
    endloop
  endfacet
  facet normal 0 0 1
    outer loop
      vertex 100.777 52.8693 29.6
      vertex 99.0314 54.2086 29.6
      vertex 100.475 52.5251 29.6
    endloop
  endfacet
  facet normal -0 0 1
    outer loop
      vertex 98.9192 54.0808 29.6
      vertex 100.475 52.5251 29.6
      vertex 99.0314 54.2086 29.6
    endloop
  endfacet
  facet normal 0 0 1
    outer loop
      vertex 100.475 52.5251 29.6
      vertex 98.9192 54.0808 29.6
      vertex 100.131 52.2233 29.6
    endloop
  endfacet
  facet normal -0 0 1
    outer loop
      vertex 98.7914 53.9686 29.6
      vertex 100.131 52.2233 29.6
      vertex 98.9192 54.0808 29.6
    endloop
  endfacet
  facet normal 0 0 1
    outer loop
      vertex 100.131 52.2233 29.6
      vertex 98.7914 53.9686 29.6
      vertex 99.75 51.9689 29.6
    endloop
  endfacet
  facet normal -0 0 1
    outer loop
      vertex 98.65 53.8742 29.6
      vertex 99.75 51.9689 29.6
      vertex 98.7914 53.9686 29.6
    endloop
  endfacet
  facet normal 0 0 1
    outer loop
      vertex 99.75 51.9689 29.6
      vertex 98.65 53.8742 29.6
      vertex 99.3394 51.7664 29.6
    endloop
  endfacet
  facet normal -0 0 1
    outer loop
      vertex 98.4975 53.799 29.6
      vertex 99.3394 51.7664 29.6
      vertex 98.65 53.8742 29.6
    endloop
  endfacet
  facet normal 0 0 1
    outer loop
      vertex 99.3394 51.7664 29.6
      vertex 98.4975 53.799 29.6
      vertex 98.9059 51.6193 29.6
    endloop
  endfacet
  facet normal -0 0 1
    outer loop
      vertex 98.3365 53.7443 29.6
      vertex 98.9059 51.6193 29.6
      vertex 98.4975 53.799 29.6
    endloop
  endfacet
  facet normal 0 0 1
    outer loop
      vertex 98.9059 51.6193 29.6
      vertex 98.3365 53.7443 29.6
      vertex 98.4568 51.5299 29.6
    endloop
  endfacet
  facet normal -0 0 1
    outer loop
      vertex 98.1697 53.7111 29.6
      vertex 98.4568 51.5299 29.6
      vertex 98.3365 53.7443 29.6
    endloop
  endfacet
  facet normal -0 0 1
    outer loop
      vertex 98 53.7 29.6
      vertex 98.4568 51.5299 29.6
      vertex 98.1697 53.7111 29.6
    endloop
  endfacet
  facet normal 0 0 1
    outer loop
      vertex 98 53.7 29.6
      vertex 98 51.5 29.6
      vertex 98.4568 51.5299 29.6
    endloop
  endfacet
  facet normal 0 0 1
    outer loop
      vertex 97.8303 53.7111 29.6
      vertex 98 51.5 29.6
      vertex 98 53.7 29.6
    endloop
  endfacet
  facet normal 0 0 1
    outer loop
      vertex 97.5432 51.5299 29.6
      vertex 97.8303 53.7111 29.6
      vertex 97.6635 53.7443 29.6
    endloop
  endfacet
  facet normal 0 0 1
    outer loop
      vertex 97.8303 53.7111 29.6
      vertex 97.5432 51.5299 29.6
      vertex 98 51.5 29.6
    endloop
  endfacet
  facet normal 0 0 1
    outer loop
      vertex 97.0941 51.6193 29.6
      vertex 97.6635 53.7443 29.6
      vertex 97.5025 53.799 29.6
    endloop
  endfacet
  facet normal 0 0 1
    outer loop
      vertex 96.6606 51.7664 29.6
      vertex 97.5025 53.799 29.6
      vertex 97.35 53.8742 29.6
    endloop
  endfacet
  facet normal 0 0 1
    outer loop
      vertex 96.25 51.9689 29.6
      vertex 97.35 53.8742 29.6
      vertex 97.2086 53.9686 29.6
    endloop
  endfacet
  facet normal 0 0 1
    outer loop
      vertex 97.6635 53.7443 29.6
      vertex 97.0941 51.6193 29.6
      vertex 97.5432 51.5299 29.6
    endloop
  endfacet
  facet normal 0 0 1
    outer loop
      vertex 95.8693 52.2233 29.6
      vertex 97.2086 53.9686 29.6
      vertex 97.0808 54.0808 29.6
    endloop
  endfacet
  facet normal 0 0 1
    outer loop
      vertex 95.5251 52.5251 29.6
      vertex 97.0808 54.0808 29.6
      vertex 96.9686 54.2086 29.6
    endloop
  endfacet
  facet normal 0 0 1
    outer loop
      vertex 95.2233 52.8693 29.6
      vertex 96.9686 54.2086 29.6
      vertex 96.8742 54.35 29.6
    endloop
  endfacet
  facet normal 0 0 1
    outer loop
      vertex 94.9689 53.25 29.6
      vertex 96.8742 54.35 29.6
      vertex 96.799 54.5025 29.6
    endloop
  endfacet
  facet normal 0 0 1
    outer loop
      vertex 94.7664 53.6606 29.6
      vertex 96.799 54.5025 29.6
      vertex 96.7443 54.6635 29.6
    endloop
  endfacet
  facet normal 0 0 1
    outer loop
      vertex 94.6193 54.0941 29.6
      vertex 96.7443 54.6635 29.6
      vertex 96.7111 54.8303 29.6
    endloop
  endfacet
  facet normal 0 0 1
    outer loop
      vertex 97.5025 53.799 29.6
      vertex 96.6606 51.7664 29.6
      vertex 97.0941 51.6193 29.6
    endloop
  endfacet
  facet normal 0 0 1
    outer loop
      vertex 94.5299 54.5432 29.6
      vertex 96.7111 54.8303 29.6
      vertex 96.7 55 29.6
    endloop
  endfacet
  facet normal -0 0 1
    outer loop
      vertex 94.9689 56.75 29.6
      vertex 96.8742 55.65 29.6
      vertex 95.2233 57.1307 29.6
    endloop
  endfacet
  facet normal 0 0 1
    outer loop
      vertex 96.8742 55.65 29.6
      vertex 94.9689 56.75 29.6
      vertex 96.799 55.4975 29.6
    endloop
  endfacet
  facet normal 0 0 1
    outer loop
      vertex 97.35 53.8742 29.6
      vertex 96.25 51.9689 29.6
      vertex 96.6606 51.7664 29.6
    endloop
  endfacet
  facet normal -0 0 1
    outer loop
      vertex 94.7664 56.3394 29.6
      vertex 96.799 55.4975 29.6
      vertex 94.9689 56.75 29.6
    endloop
  endfacet
  facet normal 0 0 1
    outer loop
      vertex 97.2086 53.9686 29.6
      vertex 95.8693 52.2233 29.6
      vertex 96.25 51.9689 29.6
    endloop
  endfacet
  facet normal 0 0 1
    outer loop
      vertex 96.799 55.4975 29.6
      vertex 94.7664 56.3394 29.6
      vertex 96.7443 55.3365 29.6
    endloop
  endfacet
  facet normal 0 0 1
    outer loop
      vertex 97.0808 54.0808 29.6
      vertex 95.5251 52.5251 29.6
      vertex 95.8693 52.2233 29.6
    endloop
  endfacet
  facet normal -0 0 1
    outer loop
      vertex 94.6193 55.9059 29.6
      vertex 96.7443 55.3365 29.6
      vertex 94.7664 56.3394 29.6
    endloop
  endfacet
  facet normal 0 0 1
    outer loop
      vertex 96.9686 54.2086 29.6
      vertex 95.2233 52.8693 29.6
      vertex 95.5251 52.5251 29.6
    endloop
  endfacet
  facet normal 0 0 1
    outer loop
      vertex 96.7443 55.3365 29.6
      vertex 94.6193 55.9059 29.6
      vertex 96.7111 55.1697 29.6
    endloop
  endfacet
  facet normal 0 0 1
    outer loop
      vertex 96.8742 54.35 29.6
      vertex 94.9689 53.25 29.6
      vertex 95.2233 52.8693 29.6
    endloop
  endfacet
  facet normal -0 0 1
    outer loop
      vertex 94.5299 55.4568 29.6
      vertex 96.7111 55.1697 29.6
      vertex 94.6193 55.9059 29.6
    endloop
  endfacet
  facet normal 0 0 1
    outer loop
      vertex 96.799 54.5025 29.6
      vertex 94.7664 53.6606 29.6
      vertex 94.9689 53.25 29.6
    endloop
  endfacet
  facet normal 0 0 1
    outer loop
      vertex 96.7111 55.1697 29.6
      vertex 94.5299 55.4568 29.6
      vertex 96.7 55 29.6
    endloop
  endfacet
  facet normal 0 0 1
    outer loop
      vertex 96.7443 54.6635 29.6
      vertex 94.6193 54.0941 29.6
      vertex 94.7664 53.6606 29.6
    endloop
  endfacet
  facet normal 0 0 1
    outer loop
      vertex 94.5 55 29.6
      vertex 96.7 55 29.6
      vertex 94.5299 55.4568 29.6
    endloop
  endfacet
  facet normal 0 0 1
    outer loop
      vertex 96.7111 54.8303 29.6
      vertex 94.5299 54.5432 29.6
      vertex 94.6193 54.0941 29.6
    endloop
  endfacet
  facet normal 0 0 1
    outer loop
      vertex 96.7 55 29.6
      vertex 94.5 55 29.6
      vertex 94.5299 54.5432 29.6
    endloop
  endfacet
  facet normal 0.947032 0.321139 0
    outer loop
      vertex 101.381 55.9059 29.6
      vertex 101.234 56.3394 2
      vertex 101.234 56.3394 29.6
    endloop
  endfacet
  facet normal 0.947032 0.321139 0
    outer loop
      vertex 101.234 56.3394 2
      vertex 101.381 55.9059 29.6
      vertex 101.381 55.9059 2
    endloop
  endfacet
  facet normal 0.321335 -0.946966 0
    outer loop
      vertex 98.9059 51.6193 2
      vertex 99.3394 51.7664 29.6
      vertex 98.9059 51.6193 29.6
    endloop
  endfacet
  facet normal 0.321335 -0.946966 0
    outer loop
      vertex 99.3394 51.7664 29.6
      vertex 98.9059 51.6193 2
      vertex 99.3394 51.7664 2
    endloop
  endfacet
  facet normal 0.442314 -0.89686 0
    outer loop
      vertex 99.3394 51.7664 2
      vertex 99.75 51.9689 29.6
      vertex 99.3394 51.7664 29.6
    endloop
  endfacet
  facet normal 0.442314 -0.89686 0
    outer loop
      vertex 99.75 51.9689 29.6
      vertex 99.3394 51.7664 2
      vertex 99.75 51.9689 2
    endloop
  endfacet
  facet normal -0.321335 0.946966 0
    outer loop
      vertex 97.0941 58.3807 2
      vertex 96.6606 58.2336 29.6
      vertex 97.0941 58.3807 29.6
    endloop
  endfacet
  facet normal -0.321335 0.946966 0
    outer loop
      vertex 96.6606 58.2336 29.6
      vertex 97.0941 58.3807 2
      vertex 96.6606 58.2336 2
    endloop
  endfacet
  facet normal 0.195234 0.980757 -0
    outer loop
      vertex 98.9059 58.3807 2
      vertex 98.4568 58.4701 29.6
      vertex 98.9059 58.3807 29.6
    endloop
  endfacet
  facet normal 0.195234 0.980757 0
    outer loop
      vertex 98.4568 58.4701 29.6
      vertex 98.9059 58.3807 2
      vertex 98.4568 58.4701 2
    endloop
  endfacet
  facet normal -0.442314 -0.89686 0
    outer loop
      vertex 96.25 51.9689 2
      vertex 96.6606 51.7664 29.6
      vertex 96.25 51.9689 29.6
    endloop
  endfacet
  facet normal -0.442314 -0.89686 -0
    outer loop
      vertex 96.6606 51.7664 29.6
      vertex 96.25 51.9689 2
      vertex 96.6606 51.7664 2
    endloop
  endfacet
  facet normal -0.831445 -0.555607 0
    outer loop
      vertex 95.2233 52.8693 2
      vertex 94.9689 53.25 29.6
      vertex 94.9689 53.25 2
    endloop
  endfacet
  facet normal -0.831445 -0.555607 0
    outer loop
      vertex 94.9689 53.25 29.6
      vertex 95.2233 52.8693 2
      vertex 95.2233 52.8693 29.6
    endloop
  endfacet
  facet normal -0.946966 0.321335 0
    outer loop
      vertex 94.6193 55.9059 2
      vertex 94.7664 56.3394 29.6
      vertex 94.7664 56.3394 2
    endloop
  endfacet
  facet normal -0.946966 0.321335 0
    outer loop
      vertex 94.7664 56.3394 29.6
      vertex 94.6193 55.9059 2
      vertex 94.6193 55.9059 29.6
    endloop
  endfacet
  facet normal -0.0653981 0.997859 0
    outer loop
      vertex 6.08358 5.66041 2
      vertex 5.94 5.651 4.96
      vertex 6.08358 5.66041 4.96
    endloop
  endfacet
  facet normal -0.0653981 0.997859 0
    outer loop
      vertex 5.94 5.651 4.96
      vertex 6.08358 5.66041 2
      vertex 5.94 5.651 2
    endloop
  endfacet
  facet normal -0.980786 -0.195087 0
    outer loop
      vertex 7.03059 6.89458 2
      vertex 7.00252 7.0357 4.96
      vertex 7.00252 7.0357 2
    endloop
  endfacet
  facet normal -0.980786 -0.195087 0
    outer loop
      vertex 7.00252 7.0357 4.96
      vertex 7.03059 6.89458 2
      vertex 7.03059 6.89458 4.96
    endloop
  endfacet
  facet normal -0.997859 -0.0653981 0
    outer loop
      vertex 7.04 6.751 2
      vertex 7.03059 6.89458 4.96
      vertex 7.03059 6.89458 2
    endloop
  endfacet
  facet normal -0.997859 -0.0653981 0
    outer loop
      vertex 7.03059 6.89458 4.96
      vertex 7.04 6.751 2
      vertex 7.04 6.751 4.96
    endloop
  endfacet
  facet normal -0.946931 -0.321435 0
    outer loop
      vertex 7.00252 7.0357 2
      vertex 6.95627 7.17195 4.96
      vertex 6.95627 7.17195 2
    endloop
  endfacet
  facet normal -0.946931 -0.321435 0
    outer loop
      vertex 6.95627 7.17195 4.96
      vertex 7.00252 7.0357 2
      vertex 7.00252 7.0357 4.96
    endloop
  endfacet
  facet normal -0.831472 0.555566 0
    outer loop
      vertex 6.81269 6.08136 2
      vertex 6.89263 6.201 4.96
      vertex 6.89263 6.201 2
    endloop
  endfacet
  facet normal -0.831472 0.555566 0
    outer loop
      vertex 6.89263 6.201 4.96
      vertex 6.81269 6.08136 2
      vertex 6.81269 6.08136 4.96
    endloop
  endfacet
  facet normal 0.442286 0.896874 -0
    outer loop
      vertex 5.51905 5.73473 2
      vertex 5.39 5.79837 4.96
      vertex 5.51905 5.73473 4.96
    endloop
  endfacet
  facet normal 0.442286 0.896874 0
    outer loop
      vertex 5.39 5.79837 4.96
      vertex 5.51905 5.73473 2
      vertex 5.39 5.79837 2
    endloop
  endfacet
  facet normal -0.896874 -0.442286 0
    outer loop
      vertex 6.95627 7.17195 2
      vertex 6.89263 7.301 4.96
      vertex 6.89263 7.301 2
    endloop
  endfacet
  facet normal -0.896874 -0.442286 0
    outer loop
      vertex 6.89263 7.301 4.96
      vertex 6.95627 7.17195 2
      vertex 6.95627 7.17195 4.96
    endloop
  endfacet
  facet normal -0.321435 -0.946931 0
    outer loop
      vertex 6.2247 7.81352 2
      vertex 6.36095 7.76727 4.96
      vertex 6.2247 7.81352 4.96
    endloop
  endfacet
  facet normal -0.321435 -0.946931 -0
    outer loop
      vertex 6.36095 7.76727 4.96
      vertex 6.2247 7.81352 2
      vertex 6.36095 7.76727 2
    endloop
  endfacet
  facet normal -0.659341 -0.751844 0
    outer loop
      vertex 6.60964 7.62369 2
      vertex 6.71782 7.52882 4.96
      vertex 6.60964 7.62369 4.96
    endloop
  endfacet
  facet normal -0.659341 -0.751844 -0
    outer loop
      vertex 6.71782 7.52882 4.96
      vertex 6.60964 7.62369 2
      vertex 6.71782 7.52882 2
    endloop
  endfacet
  facet normal -0.896874 0.442286 0
    outer loop
      vertex 6.89263 6.201 2
      vertex 6.95627 6.33005 4.96
      vertex 6.95627 6.33005 2
    endloop
  endfacet
  facet normal -0.896874 0.442286 0
    outer loop
      vertex 6.95627 6.33005 4.96
      vertex 6.89263 6.201 2
      vertex 6.89263 6.201 4.96
    endloop
  endfacet
  facet normal -0.442286 0.896874 0
    outer loop
      vertex 6.49 5.79837 2
      vertex 6.36095 5.73473 4.96
      vertex 6.49 5.79837 4.96
    endloop
  endfacet
  facet normal -0.442286 0.896874 0
    outer loop
      vertex 6.36095 5.73473 4.96
      vertex 6.49 5.79837 2
      vertex 6.36095 5.73473 2
    endloop
  endfacet
  facet normal 0.659341 -0.751844 0
    outer loop
      vertex 5.16218 7.52882 2
      vertex 5.27036 7.62369 4.96
      vertex 5.16218 7.52882 4.96
    endloop
  endfacet
  facet normal 0.659341 -0.751844 0
    outer loop
      vertex 5.27036 7.62369 4.96
      vertex 5.16218 7.52882 2
      vertex 5.27036 7.62369 2
    endloop
  endfacet
  facet normal 0.980786 -0.195087 0
    outer loop
      vertex 4.84941 6.89458 4.96
      vertex 4.87748 7.0357 2
      vertex 4.87748 7.0357 4.96
    endloop
  endfacet
  facet normal 0.980786 -0.195087 0
    outer loop
      vertex 4.87748 7.0357 2
      vertex 4.84941 6.89458 4.96
      vertex 4.84941 6.89458 2
    endloop
  endfacet
  facet normal 0 0 1
    outer loop
      vertex 7.03059 6.89458 2
      vertex 7.03059 6.60742 2
      vertex 7.04 6.751 2
    endloop
  endfacet
  facet normal 0 0 1
    outer loop
      vertex 7.00252 7.0357 2
      vertex 7.03059 6.60742 2
      vertex 7.03059 6.89458 2
    endloop
  endfacet
  facet normal 0 0 1
    outer loop
      vertex 7.00252 7.0357 2
      vertex 7.00252 6.4663 2
      vertex 7.03059 6.60742 2
    endloop
  endfacet
  facet normal 0 0 1
    outer loop
      vertex 6.95627 7.17195 2
      vertex 7.00252 6.4663 2
      vertex 7.00252 7.0357 2
    endloop
  endfacet
  facet normal 0 0 1
    outer loop
      vertex 6.95627 7.17195 2
      vertex 6.95627 6.33005 2
      vertex 7.00252 6.4663 2
    endloop
  endfacet
  facet normal 0 0 1
    outer loop
      vertex 6.89263 7.301 2
      vertex 6.95627 6.33005 2
      vertex 6.95627 7.17195 2
    endloop
  endfacet
  facet normal 0 0 1
    outer loop
      vertex 6.89263 7.301 2
      vertex 6.89263 6.201 2
      vertex 6.95627 6.33005 2
    endloop
  endfacet
  facet normal 0 0 1
    outer loop
      vertex 6.81269 7.42064 2
      vertex 6.89263 6.201 2
      vertex 6.89263 7.301 2
    endloop
  endfacet
  facet normal 0 0 1
    outer loop
      vertex 6.81269 7.42064 2
      vertex 6.81269 6.08136 2
      vertex 6.89263 6.201 2
    endloop
  endfacet
  facet normal 0 0 1
    outer loop
      vertex 6.71782 7.52882 2
      vertex 6.81269 6.08136 2
      vertex 6.81269 7.42064 2
    endloop
  endfacet
  facet normal 0 0 1
    outer loop
      vertex 6.71782 7.52882 2
      vertex 6.71782 5.97318 2
      vertex 6.81269 6.08136 2
    endloop
  endfacet
  facet normal 0 0 1
    outer loop
      vertex 6.60964 7.62369 2
      vertex 6.71782 5.97318 2
      vertex 6.71782 7.52882 2
    endloop
  endfacet
  facet normal 0 0 1
    outer loop
      vertex 6.60964 7.62369 2
      vertex 6.60964 5.87831 2
      vertex 6.71782 5.97318 2
    endloop
  endfacet
  facet normal 0 0 1
    outer loop
      vertex 6.49 7.70363 2
      vertex 6.60964 5.87831 2
      vertex 6.60964 7.62369 2
    endloop
  endfacet
  facet normal 0 0 1
    outer loop
      vertex 6.49 7.70363 2
      vertex 6.49 5.79837 2
      vertex 6.60964 5.87831 2
    endloop
  endfacet
  facet normal 0 0 1
    outer loop
      vertex 6.36095 7.76727 2
      vertex 6.49 5.79837 2
      vertex 6.49 7.70363 2
    endloop
  endfacet
  facet normal 0 0 1
    outer loop
      vertex 6.36095 7.76727 2
      vertex 6.36095 5.73473 2
      vertex 6.49 5.79837 2
    endloop
  endfacet
  facet normal 0 0 1
    outer loop
      vertex 6.2247 7.81352 2
      vertex 6.36095 5.73473 2
      vertex 6.36095 7.76727 2
    endloop
  endfacet
  facet normal 0 0 1
    outer loop
      vertex 6.2247 7.81352 2
      vertex 6.2247 5.68848 2
      vertex 6.36095 5.73473 2
    endloop
  endfacet
  facet normal 0 0 1
    outer loop
      vertex 6.08358 7.84159 2
      vertex 6.2247 5.68848 2
      vertex 6.2247 7.81352 2
    endloop
  endfacet
  facet normal 0 0 1
    outer loop
      vertex 6.08358 7.84159 2
      vertex 6.08358 5.66041 2
      vertex 6.2247 5.68848 2
    endloop
  endfacet
  facet normal 0 0 1
    outer loop
      vertex 5.94 7.851 2
      vertex 6.08358 5.66041 2
      vertex 6.08358 7.84159 2
    endloop
  endfacet
  facet normal 0 0 1
    outer loop
      vertex 5.94 7.851 2
      vertex 5.94 5.651 2
      vertex 6.08358 5.66041 2
    endloop
  endfacet
  facet normal -0 0 1
    outer loop
      vertex 5.79642 7.84159 2
      vertex 5.94 5.651 2
      vertex 5.94 7.851 2
    endloop
  endfacet
  facet normal 0 0 1
    outer loop
      vertex 5.79642 7.84159 2
      vertex 5.79642 5.66041 2
      vertex 5.94 5.651 2
    endloop
  endfacet
  facet normal -0 0 1
    outer loop
      vertex 5.6553 7.81352 2
      vertex 5.79642 5.66041 2
      vertex 5.79642 7.84159 2
    endloop
  endfacet
  facet normal 0 0 1
    outer loop
      vertex 5.6553 7.81352 2
      vertex 5.6553 5.68848 2
      vertex 5.79642 5.66041 2
    endloop
  endfacet
  facet normal -0 0 1
    outer loop
      vertex 5.51905 7.76727 2
      vertex 5.6553 5.68848 2
      vertex 5.6553 7.81352 2
    endloop
  endfacet
  facet normal 0 0 1
    outer loop
      vertex 5.51905 7.76727 2
      vertex 5.51905 5.73473 2
      vertex 5.6553 5.68848 2
    endloop
  endfacet
  facet normal -0 0 1
    outer loop
      vertex 5.39 7.70363 2
      vertex 5.51905 5.73473 2
      vertex 5.51905 7.76727 2
    endloop
  endfacet
  facet normal 0 0 1
    outer loop
      vertex 5.39 7.70363 2
      vertex 5.39 5.79837 2
      vertex 5.51905 5.73473 2
    endloop
  endfacet
  facet normal -0 0 1
    outer loop
      vertex 5.27036 7.62369 2
      vertex 5.39 5.79837 2
      vertex 5.39 7.70363 2
    endloop
  endfacet
  facet normal 0 0 1
    outer loop
      vertex 5.27036 7.62369 2
      vertex 5.27036 5.87831 2
      vertex 5.39 5.79837 2
    endloop
  endfacet
  facet normal -0 0 1
    outer loop
      vertex 5.16218 7.52882 2
      vertex 5.27036 5.87831 2
      vertex 5.27036 7.62369 2
    endloop
  endfacet
  facet normal 0 0 1
    outer loop
      vertex 5.16218 7.52882 2
      vertex 5.16218 5.97318 2
      vertex 5.27036 5.87831 2
    endloop
  endfacet
  facet normal -0 0 1
    outer loop
      vertex 5.06731 7.42064 2
      vertex 5.16218 5.97318 2
      vertex 5.16218 7.52882 2
    endloop
  endfacet
  facet normal 0 0 1
    outer loop
      vertex 5.06731 7.42064 2
      vertex 5.06731 6.08136 2
      vertex 5.16218 5.97318 2
    endloop
  endfacet
  facet normal -0 0 1
    outer loop
      vertex 4.98737 7.301 2
      vertex 5.06731 6.08136 2
      vertex 5.06731 7.42064 2
    endloop
  endfacet
  facet normal 0 0 1
    outer loop
      vertex 4.98737 7.301 2
      vertex 4.98737 6.201 2
      vertex 5.06731 6.08136 2
    endloop
  endfacet
  facet normal -0 0 1
    outer loop
      vertex 4.92373 7.17195 2
      vertex 4.98737 6.201 2
      vertex 4.98737 7.301 2
    endloop
  endfacet
  facet normal 0 0 1
    outer loop
      vertex 4.92373 7.17195 2
      vertex 4.92373 6.33005 2
      vertex 4.98737 6.201 2
    endloop
  endfacet
  facet normal -0 0 1
    outer loop
      vertex 4.87748 7.0357 2
      vertex 4.92373 6.33005 2
      vertex 4.92373 7.17195 2
    endloop
  endfacet
  facet normal 0 0 1
    outer loop
      vertex 4.87748 7.0357 2
      vertex 4.87748 6.4663 2
      vertex 4.92373 6.33005 2
    endloop
  endfacet
  facet normal -0 0 1
    outer loop
      vertex 4.84941 6.89458 2
      vertex 4.87748 6.4663 2
      vertex 4.87748 7.0357 2
    endloop
  endfacet
  facet normal 0 0 1
    outer loop
      vertex 4.84941 6.89458 2
      vertex 4.84941 6.60742 2
      vertex 4.87748 6.4663 2
    endloop
  endfacet
  facet normal 0 -0 1
    outer loop
      vertex 4.84941 6.60742 2
      vertex 4.84941 6.89458 2
      vertex 4.84 6.751 2
    endloop
  endfacet
  facet normal 0.0653981 0.997859 -0
    outer loop
      vertex 5.94 5.651 2
      vertex 5.79642 5.66041 4.96
      vertex 5.94 5.651 4.96
    endloop
  endfacet
  facet normal 0.0653981 0.997859 0
    outer loop
      vertex 5.79642 5.66041 4.96
      vertex 5.94 5.651 2
      vertex 5.79642 5.66041 2
    endloop
  endfacet
  facet normal -0.442286 -0.896874 0
    outer loop
      vertex 6.36095 7.76727 2
      vertex 6.49 7.70363 4.96
      vertex 6.36095 7.76727 4.96
    endloop
  endfacet
  facet normal -0.442286 -0.896874 -0
    outer loop
      vertex 6.49 7.70363 4.96
      vertex 6.36095 7.76727 2
      vertex 6.49 7.70363 2
    endloop
  endfacet
  facet normal -0.321435 0.946931 0
    outer loop
      vertex 6.36095 5.73473 2
      vertex 6.2247 5.68848 4.96
      vertex 6.36095 5.73473 4.96
    endloop
  endfacet
  facet normal -0.321435 0.946931 0
    outer loop
      vertex 6.2247 5.68848 4.96
      vertex 6.36095 5.73473 2
      vertex 6.2247 5.68848 2
    endloop
  endfacet
  facet normal 0.997859 -0.0653981 0
    outer loop
      vertex 4.84 6.751 4.96
      vertex 4.84941 6.89458 2
      vertex 4.84941 6.89458 4.96
    endloop
  endfacet
  facet normal 0.997859 -0.0653981 0
    outer loop
      vertex 4.84941 6.89458 2
      vertex 4.84 6.751 4.96
      vertex 4.84 6.751 2
    endloop
  endfacet
  facet normal 0.751844 -0.659341 0
    outer loop
      vertex 5.06731 7.42064 4.96
      vertex 5.16218 7.52882 2
      vertex 5.16218 7.52882 4.96
    endloop
  endfacet
  facet normal 0.751844 -0.659341 0
    outer loop
      vertex 5.16218 7.52882 2
      vertex 5.06731 7.42064 4.96
      vertex 5.06731 7.42064 2
    endloop
  endfacet
  facet normal 0.442286 -0.896874 0
    outer loop
      vertex 5.39 7.70363 2
      vertex 5.51905 7.76727 4.96
      vertex 5.39 7.70363 4.96
    endloop
  endfacet
  facet normal 0.442286 -0.896874 0
    outer loop
      vertex 5.51905 7.76727 4.96
      vertex 5.39 7.70363 2
      vertex 5.51905 7.76727 2
    endloop
  endfacet
  facet normal -0.946931 0.321435 0
    outer loop
      vertex 6.95627 6.33005 2
      vertex 7.00252 6.4663 4.96
      vertex 7.00252 6.4663 2
    endloop
  endfacet
  facet normal -0.946931 0.321435 0
    outer loop
      vertex 7.00252 6.4663 4.96
      vertex 6.95627 6.33005 2
      vertex 6.95627 6.33005 4.96
    endloop
  endfacet
  facet normal -0.751844 -0.659341 0
    outer loop
      vertex 6.81269 7.42064 2
      vertex 6.71782 7.52882 4.96
      vertex 6.71782 7.52882 2
    endloop
  endfacet
  facet normal -0.751844 -0.659341 0
    outer loop
      vertex 6.71782 7.52882 4.96
      vertex 6.81269 7.42064 2
      vertex 6.81269 7.42064 4.96
    endloop
  endfacet
  facet normal -0.980786 0.195087 0
    outer loop
      vertex 7.00252 6.4663 2
      vertex 7.03059 6.60742 4.96
      vertex 7.03059 6.60742 2
    endloop
  endfacet
  facet normal -0.980786 0.195087 0
    outer loop
      vertex 7.03059 6.60742 4.96
      vertex 7.00252 6.4663 2
      vertex 7.00252 6.4663 4.96
    endloop
  endfacet
  facet normal 0.831472 0.555566 0
    outer loop
      vertex 5.06731 6.08136 4.96
      vertex 4.98737 6.201 2
      vertex 4.98737 6.201 4.96
    endloop
  endfacet
  facet normal 0.831472 0.555566 0
    outer loop
      vertex 4.98737 6.201 2
      vertex 5.06731 6.08136 4.96
      vertex 5.06731 6.08136 2
    endloop
  endfacet
  facet normal 0.659341 0.751844 -0
    outer loop
      vertex 5.27036 5.87831 2
      vertex 5.16218 5.97318 4.96
      vertex 5.27036 5.87831 4.96
    endloop
  endfacet
  facet normal 0.659341 0.751844 0
    outer loop
      vertex 5.16218 5.97318 4.96
      vertex 5.27036 5.87831 2
      vertex 5.16218 5.97318 2
    endloop
  endfacet
  facet normal -0.195087 0.980786 0
    outer loop
      vertex 6.2247 5.68848 2
      vertex 6.08358 5.66041 4.96
      vertex 6.2247 5.68848 4.96
    endloop
  endfacet
  facet normal -0.195087 0.980786 0
    outer loop
      vertex 6.08358 5.66041 4.96
      vertex 6.2247 5.68848 2
      vertex 6.08358 5.66041 2
    endloop
  endfacet
  facet normal -0.659341 0.751844 0
    outer loop
      vertex 6.71782 5.97318 2
      vertex 6.60964 5.87831 4.96
      vertex 6.71782 5.97318 4.96
    endloop
  endfacet
  facet normal -0.659341 0.751844 0
    outer loop
      vertex 6.60964 5.87831 4.96
      vertex 6.71782 5.97318 2
      vertex 6.60964 5.87831 2
    endloop
  endfacet
  facet normal -0.997859 0.0653981 0
    outer loop
      vertex 7.03059 6.60742 2
      vertex 7.04 6.751 4.96
      vertex 7.04 6.751 2
    endloop
  endfacet
  facet normal -0.997859 0.0653981 0
    outer loop
      vertex 7.04 6.751 4.96
      vertex 7.03059 6.60742 2
      vertex 7.03059 6.60742 4.96
    endloop
  endfacet
  facet normal 0.980786 0.195087 0
    outer loop
      vertex 4.87748 6.4663 4.96
      vertex 4.84941 6.60742 2
      vertex 4.84941 6.60742 4.96
    endloop
  endfacet
  facet normal 0.980786 0.195087 0
    outer loop
      vertex 4.84941 6.60742 2
      vertex 4.87748 6.4663 4.96
      vertex 4.87748 6.4663 2
    endloop
  endfacet
  facet normal -0.751844 0.659341 0
    outer loop
      vertex 6.71782 5.97318 2
      vertex 6.81269 6.08136 4.96
      vertex 6.81269 6.08136 2
    endloop
  endfacet
  facet normal -0.751844 0.659341 0
    outer loop
      vertex 6.81269 6.08136 4.96
      vertex 6.71782 5.97318 2
      vertex 6.71782 5.97318 4.96
    endloop
  endfacet
  facet normal 0.0653981 -0.997859 0
    outer loop
      vertex 5.79642 7.84159 2
      vertex 5.94 7.851 4.96
      vertex 5.79642 7.84159 4.96
    endloop
  endfacet
  facet normal 0.0653981 -0.997859 0
    outer loop
      vertex 5.94 7.851 4.96
      vertex 5.79642 7.84159 2
      vertex 5.94 7.851 2
    endloop
  endfacet
  facet normal 0.896874 0.442286 0
    outer loop
      vertex 4.98737 6.201 4.96
      vertex 4.92373 6.33005 2
      vertex 4.92373 6.33005 4.96
    endloop
  endfacet
  facet normal 0.896874 0.442286 0
    outer loop
      vertex 4.92373 6.33005 2
      vertex 4.98737 6.201 4.96
      vertex 4.98737 6.201 2
    endloop
  endfacet
  facet normal 0.896874 -0.442286 0
    outer loop
      vertex 4.92373 7.17195 4.96
      vertex 4.98737 7.301 2
      vertex 4.98737 7.301 4.96
    endloop
  endfacet
  facet normal 0.896874 -0.442286 0
    outer loop
      vertex 4.98737 7.301 2
      vertex 4.92373 7.17195 4.96
      vertex 4.92373 7.17195 2
    endloop
  endfacet
  facet normal -0.555566 -0.831472 0
    outer loop
      vertex 6.49 7.70363 2
      vertex 6.60964 7.62369 4.96
      vertex 6.49 7.70363 4.96
    endloop
  endfacet
  facet normal -0.555566 -0.831472 -0
    outer loop
      vertex 6.60964 7.62369 4.96
      vertex 6.49 7.70363 2
      vertex 6.60964 7.62369 2
    endloop
  endfacet
  facet normal -0.195087 -0.980786 0
    outer loop
      vertex 6.08358 7.84159 2
      vertex 6.2247 7.81352 4.96
      vertex 6.08358 7.84159 4.96
    endloop
  endfacet
  facet normal -0.195087 -0.980786 -0
    outer loop
      vertex 6.2247 7.81352 4.96
      vertex 6.08358 7.84159 2
      vertex 6.2247 7.81352 2
    endloop
  endfacet
  facet normal 0.321435 0.946931 -0
    outer loop
      vertex 5.6553 5.68848 2
      vertex 5.51905 5.73473 4.96
      vertex 5.6553 5.68848 4.96
    endloop
  endfacet
  facet normal 0.321435 0.946931 0
    outer loop
      vertex 5.51905 5.73473 4.96
      vertex 5.6553 5.68848 2
      vertex 5.51905 5.73473 2
    endloop
  endfacet
  facet normal 0.555566 -0.831472 0
    outer loop
      vertex 5.27036 7.62369 2
      vertex 5.39 7.70363 4.96
      vertex 5.27036 7.62369 4.96
    endloop
  endfacet
  facet normal 0.555566 -0.831472 0
    outer loop
      vertex 5.39 7.70363 4.96
      vertex 5.27036 7.62369 2
      vertex 5.39 7.70363 2
    endloop
  endfacet
  facet normal -0.831472 -0.555566 0
    outer loop
      vertex 6.89263 7.301 2
      vertex 6.81269 7.42064 4.96
      vertex 6.81269 7.42064 2
    endloop
  endfacet
  facet normal -0.831472 -0.555566 0
    outer loop
      vertex 6.81269 7.42064 4.96
      vertex 6.89263 7.301 2
      vertex 6.89263 7.301 4.96
    endloop
  endfacet
  facet normal 0.997859 0.0653981 0
    outer loop
      vertex 4.84941 6.60742 4.96
      vertex 4.84 6.751 2
      vertex 4.84 6.751 4.96
    endloop
  endfacet
  facet normal 0.997859 0.0653981 0
    outer loop
      vertex 4.84 6.751 2
      vertex 4.84941 6.60742 4.96
      vertex 4.84941 6.60742 2
    endloop
  endfacet
  facet normal 0.321435 -0.946931 0
    outer loop
      vertex 5.51905 7.76727 2
      vertex 5.6553 7.81352 4.96
      vertex 5.51905 7.76727 4.96
    endloop
  endfacet
  facet normal 0.321435 -0.946931 0
    outer loop
      vertex 5.6553 7.81352 4.96
      vertex 5.51905 7.76727 2
      vertex 5.6553 7.81352 2
    endloop
  endfacet
  facet normal -0.0653981 -0.997859 0
    outer loop
      vertex 5.94 7.851 2
      vertex 6.08358 7.84159 4.96
      vertex 5.94 7.851 4.96
    endloop
  endfacet
  facet normal -0.0653981 -0.997859 -0
    outer loop
      vertex 6.08358 7.84159 4.96
      vertex 5.94 7.851 2
      vertex 6.08358 7.84159 2
    endloop
  endfacet
  facet normal 0.946931 0.321435 0
    outer loop
      vertex 4.92373 6.33005 4.96
      vertex 4.87748 6.4663 2
      vertex 4.87748 6.4663 4.96
    endloop
  endfacet
  facet normal 0.946931 0.321435 0
    outer loop
      vertex 4.87748 6.4663 2
      vertex 4.92373 6.33005 4.96
      vertex 4.92373 6.33005 2
    endloop
  endfacet
  facet normal 0.195087 0.980786 -0
    outer loop
      vertex 5.79642 5.66041 2
      vertex 5.6553 5.68848 4.96
      vertex 5.79642 5.66041 4.96
    endloop
  endfacet
  facet normal 0.195087 0.980786 0
    outer loop
      vertex 5.6553 5.68848 4.96
      vertex 5.79642 5.66041 2
      vertex 5.6553 5.68848 2
    endloop
  endfacet
  facet normal 0.195087 -0.980786 0
    outer loop
      vertex 5.6553 7.81352 2
      vertex 5.79642 7.84159 4.96
      vertex 5.6553 7.81352 4.96
    endloop
  endfacet
  facet normal 0.195087 -0.980786 0
    outer loop
      vertex 5.79642 7.84159 4.96
      vertex 5.6553 7.81352 2
      vertex 5.79642 7.84159 2
    endloop
  endfacet
  facet normal -0.555566 0.831472 0
    outer loop
      vertex 6.60964 5.87831 2
      vertex 6.49 5.79837 4.96
      vertex 6.60964 5.87831 4.96
    endloop
  endfacet
  facet normal -0.555566 0.831472 0
    outer loop
      vertex 6.49 5.79837 4.96
      vertex 6.60964 5.87831 2
      vertex 6.49 5.79837 2
    endloop
  endfacet
  facet normal 0.751844 0.659341 0
    outer loop
      vertex 5.16218 5.97318 4.96
      vertex 5.06731 6.08136 2
      vertex 5.06731 6.08136 4.96
    endloop
  endfacet
  facet normal 0.751844 0.659341 0
    outer loop
      vertex 5.06731 6.08136 2
      vertex 5.16218 5.97318 4.96
      vertex 5.16218 5.97318 2
    endloop
  endfacet
  facet normal 0.555566 0.831472 -0
    outer loop
      vertex 5.39 5.79837 2
      vertex 5.27036 5.87831 4.96
      vertex 5.39 5.79837 4.96
    endloop
  endfacet
  facet normal 0.555566 0.831472 0
    outer loop
      vertex 5.27036 5.87831 4.96
      vertex 5.39 5.79837 2
      vertex 5.27036 5.87831 2
    endloop
  endfacet
  facet normal 0.946931 -0.321435 0
    outer loop
      vertex 4.87748 7.0357 4.96
      vertex 4.92373 7.17195 2
      vertex 4.92373 7.17195 4.96
    endloop
  endfacet
  facet normal 0.946931 -0.321435 0
    outer loop
      vertex 4.92373 7.17195 2
      vertex 4.87748 7.0357 4.96
      vertex 4.87748 7.0357 2
    endloop
  endfacet
  facet normal 0.831472 -0.555566 0
    outer loop
      vertex 4.98737 7.301 4.96
      vertex 5.06731 7.42064 2
      vertex 5.06731 7.42064 4.96
    endloop
  endfacet
  facet normal 0.831472 -0.555566 0
    outer loop
      vertex 5.06731 7.42064 2
      vertex 4.98737 7.301 4.96
      vertex 4.98737 7.301 2
    endloop
  endfacet
  facet normal -0.980781 -0.195113 0
    outer loop
      vertex 7.03059 54.3926 2
      vertex 7.00252 54.5337 4.96
      vertex 7.00252 54.5337 2
    endloop
  endfacet
  facet normal -0.980781 -0.195113 0
    outer loop
      vertex 7.00252 54.5337 4.96
      vertex 7.03059 54.3926 2
      vertex 7.03059 54.3926 4.96
    endloop
  endfacet
  facet normal -0.99786 0.065389 0
    outer loop
      vertex 7.03059 54.1054 2
      vertex 7.04 54.249 4.96
      vertex 7.04 54.249 2
    endloop
  endfacet
  facet normal -0.99786 0.065389 0
    outer loop
      vertex 7.04 54.249 4.96
      vertex 7.03059 54.1054 2
      vertex 7.03059 54.1054 4.96
    endloop
  endfacet
  facet normal 0.99786 0.065389 0
    outer loop
      vertex 4.84941 54.1054 4.96
      vertex 4.84 54.249 2
      vertex 4.84 54.249 4.96
    endloop
  endfacet
  facet normal 0.99786 0.065389 0
    outer loop
      vertex 4.84 54.249 2
      vertex 4.84941 54.1054 4.96
      vertex 4.84941 54.1054 2
    endloop
  endfacet
  facet normal -0.831387 0.555694 0
    outer loop
      vertex 6.81269 53.5794 2
      vertex 6.89263 53.699 4.96
      vertex 6.89263 53.699 2
    endloop
  endfacet
  facet normal -0.831387 0.555694 0
    outer loop
      vertex 6.89263 53.699 4.96
      vertex 6.81269 53.5794 2
      vertex 6.81269 53.5794 4.96
    endloop
  endfacet
  facet normal -0.0653289 0.997864 0
    outer loop
      vertex 6.08358 53.1584 2
      vertex 5.94 53.149 4.96
      vertex 6.08358 53.1584 4.96
    endloop
  endfacet
  facet normal -0.0653289 0.997864 0
    outer loop
      vertex 5.94 53.149 4.96
      vertex 6.08358 53.1584 2
      vertex 5.94 53.149 2
    endloop
  endfacet
  facet normal -0.442622 -0.896708 0
    outer loop
      vertex 6.36095 55.2653 2
      vertex 6.49 55.2016 4.96
      vertex 6.36095 55.2653 4.96
    endloop
  endfacet
  facet normal -0.442622 -0.896708 -0
    outer loop
      vertex 6.49 55.2016 4.96
      vertex 6.36095 55.2653 2
      vertex 6.49 55.2016 2
    endloop
  endfacet
  facet normal 0.442622 -0.896708 0
    outer loop
      vertex 5.39 55.2016 2
      vertex 5.51905 55.2653 4.96
      vertex 5.39 55.2016 4.96
    endloop
  endfacet
  facet normal 0.442622 -0.896708 0
    outer loop
      vertex 5.51905 55.2653 4.96
      vertex 5.39 55.2016 2
      vertex 5.51905 55.2653 2
    endloop
  endfacet
  facet normal -0.195287 0.980746 0
    outer loop
      vertex 6.2247 53.1865 2
      vertex 6.08358 53.1584 4.96
      vertex 6.2247 53.1865 4.96
    endloop
  endfacet
  facet normal -0.195287 0.980746 0
    outer loop
      vertex 6.08358 53.1584 4.96
      vertex 6.2247 53.1865 2
      vertex 6.08358 53.1584 2
    endloop
  endfacet
  facet normal -0.659458 -0.751741 0
    outer loop
      vertex 6.60964 55.1217 2
      vertex 6.71782 55.0268 4.96
      vertex 6.60964 55.1217 4.96
    endloop
  endfacet
  facet normal -0.659458 -0.751741 -0
    outer loop
      vertex 6.71782 55.0268 4.96
      vertex 6.60964 55.1217 2
      vertex 6.71782 55.0268 2
    endloop
  endfacet
  facet normal -0.442622 0.896708 0
    outer loop
      vertex 6.49 53.2964 2
      vertex 6.36095 53.2327 4.96
      vertex 6.49 53.2964 4.96
    endloop
  endfacet
  facet normal -0.442622 0.896708 0
    outer loop
      vertex 6.36095 53.2327 4.96
      vertex 6.49 53.2964 2
      vertex 6.36095 53.2327 2
    endloop
  endfacet
  facet normal -0.195287 -0.980746 0
    outer loop
      vertex 6.08358 55.3396 2
      vertex 6.2247 55.3115 4.96
      vertex 6.08358 55.3396 4.96
    endloop
  endfacet
  facet normal -0.195287 -0.980746 -0
    outer loop
      vertex 6.2247 55.3115 4.96
      vertex 6.08358 55.3396 2
      vertex 6.2247 55.3115 2
    endloop
  endfacet
  facet normal -0.946967 -0.32133 0
    outer loop
      vertex 7.00252 54.5337 2
      vertex 6.95627 54.67 4.96
      vertex 6.95627 54.67 2
    endloop
  endfacet
  facet normal -0.946967 -0.32133 0
    outer loop
      vertex 6.95627 54.67 4.96
      vertex 7.00252 54.5337 2
      vertex 7.00252 54.5337 4.96
    endloop
  endfacet
  facet normal -0.751905 0.659272 0
    outer loop
      vertex 6.71782 53.4712 2
      vertex 6.81269 53.5794 4.96
      vertex 6.81269 53.5794 2
    endloop
  endfacet
  facet normal -0.751905 0.659272 0
    outer loop
      vertex 6.81269 53.5794 4.96
      vertex 6.71782 53.4712 2
      vertex 6.71782 53.4712 4.96
    endloop
  endfacet
  facet normal 0.195287 -0.980746 0
    outer loop
      vertex 5.6553 55.3115 2
      vertex 5.79642 55.3396 4.96
      vertex 5.6553 55.3115 4.96
    endloop
  endfacet
  facet normal 0.195287 -0.980746 0
    outer loop
      vertex 5.79642 55.3396 4.96
      vertex 5.6553 55.3115 2
      vertex 5.79642 55.3396 2
    endloop
  endfacet
  facet normal -0.99786 -0.065389 0
    outer loop
      vertex 7.04 54.249 2
      vertex 7.03059 54.3926 4.96
      vertex 7.03059 54.3926 2
    endloop
  endfacet
  facet normal -0.99786 -0.065389 0
    outer loop
      vertex 7.03059 54.3926 4.96
      vertex 7.04 54.249 2
      vertex 7.04 54.249 4.96
    endloop
  endfacet
  facet normal -0.555374 0.831601 0
    outer loop
      vertex 6.60964 53.3763 2
      vertex 6.49 53.2964 4.96
      vertex 6.60964 53.3763 4.96
    endloop
  endfacet
  facet normal -0.555374 0.831601 0
    outer loop
      vertex 6.49 53.2964 4.96
      vertex 6.60964 53.3763 2
      vertex 6.49 53.2964 2
    endloop
  endfacet
  facet normal -0.896806 0.442424 0
    outer loop
      vertex 6.89263 53.699 2
      vertex 6.95627 53.828 4.96
      vertex 6.95627 53.828 2
    endloop
  endfacet
  facet normal -0.896806 0.442424 0
    outer loop
      vertex 6.95627 53.828 4.96
      vertex 6.89263 53.699 2
      vertex 6.89263 53.699 4.96
    endloop
  endfacet
  facet normal 0.896806 -0.442424 0
    outer loop
      vertex 4.92373 54.67 4.96
      vertex 4.98737 54.799 2
      vertex 4.98737 54.799 4.96
    endloop
  endfacet
  facet normal 0.896806 -0.442424 0
    outer loop
      vertex 4.98737 54.799 2
      vertex 4.92373 54.67 4.96
      vertex 4.92373 54.67 2
    endloop
  endfacet
  facet normal 0.980781 -0.195113 0
    outer loop
      vertex 4.84941 54.3926 4.96
      vertex 4.87748 54.5337 2
      vertex 4.87748 54.5337 4.96
    endloop
  endfacet
  facet normal 0.980781 -0.195113 0
    outer loop
      vertex 4.87748 54.5337 2
      vertex 4.84941 54.3926 4.96
      vertex 4.84941 54.3926 2
    endloop
  endfacet
  facet normal 0.946967 -0.32133 0
    outer loop
      vertex 4.87748 54.5337 4.96
      vertex 4.92373 54.67 2
      vertex 4.92373 54.67 4.96
    endloop
  endfacet
  facet normal 0.946967 -0.32133 0
    outer loop
      vertex 4.92373 54.67 2
      vertex 4.87748 54.5337 4.96
      vertex 4.87748 54.5337 2
    endloop
  endfacet
  facet normal 0.0653289 -0.997864 0
    outer loop
      vertex 5.79642 55.3396 2
      vertex 5.94 55.349 4.96
      vertex 5.79642 55.3396 4.96
    endloop
  endfacet
  facet normal 0.0653289 -0.997864 0
    outer loop
      vertex 5.94 55.349 4.96
      vertex 5.79642 55.3396 2
      vertex 5.94 55.349 2
    endloop
  endfacet
  facet normal -0.831387 -0.555694 0
    outer loop
      vertex 6.89263 54.799 2
      vertex 6.81269 54.9186 4.96
      vertex 6.81269 54.9186 2
    endloop
  endfacet
  facet normal -0.831387 -0.555694 0
    outer loop
      vertex 6.81269 54.9186 4.96
      vertex 6.89263 54.799 2
      vertex 6.89263 54.799 4.96
    endloop
  endfacet
  facet normal -0.555374 -0.831601 0
    outer loop
      vertex 6.49 55.2016 2
      vertex 6.60964 55.1217 4.96
      vertex 6.49 55.2016 4.96
    endloop
  endfacet
  facet normal -0.555374 -0.831601 -0
    outer loop
      vertex 6.60964 55.1217 4.96
      vertex 6.49 55.2016 2
      vertex 6.60964 55.1217 2
    endloop
  endfacet
  facet normal 0.321124 -0.947037 0
    outer loop
      vertex 5.51905 55.2653 2
      vertex 5.6553 55.3115 4.96
      vertex 5.51905 55.2653 4.96
    endloop
  endfacet
  facet normal 0.321124 -0.947037 0
    outer loop
      vertex 5.6553 55.3115 4.96
      vertex 5.51905 55.2653 2
      vertex 5.6553 55.3115 2
    endloop
  endfacet
  facet normal -0.896806 -0.442424 0
    outer loop
      vertex 6.95627 54.67 2
      vertex 6.89263 54.799 4.96
      vertex 6.89263 54.799 2
    endloop
  endfacet
  facet normal -0.896806 -0.442424 0
    outer loop
      vertex 6.89263 54.799 4.96
      vertex 6.95627 54.67 2
      vertex 6.95627 54.67 4.96
    endloop
  endfacet
  facet normal 0.195287 0.980746 -0
    outer loop
      vertex 5.79642 53.1584 2
      vertex 5.6553 53.1865 4.96
      vertex 5.79642 53.1584 4.96
    endloop
  endfacet
  facet normal 0.195287 0.980746 0
    outer loop
      vertex 5.6553 53.1865 4.96
      vertex 5.79642 53.1584 2
      vertex 5.6553 53.1865 2
    endloop
  endfacet
  facet normal 0.555374 0.831601 -0
    outer loop
      vertex 5.39 53.2964 2
      vertex 5.27036 53.3763 4.96
      vertex 5.39 53.2964 4.96
    endloop
  endfacet
  facet normal 0.555374 0.831601 0
    outer loop
      vertex 5.27036 53.3763 4.96
      vertex 5.39 53.2964 2
      vertex 5.27036 53.3763 2
    endloop
  endfacet
  facet normal -0.751905 -0.659272 0
    outer loop
      vertex 6.81269 54.9186 2
      vertex 6.71782 55.0268 4.96
      vertex 6.71782 55.0268 2
    endloop
  endfacet
  facet normal -0.751905 -0.659272 0
    outer loop
      vertex 6.71782 55.0268 4.96
      vertex 6.81269 54.9186 2
      vertex 6.81269 54.9186 4.96
    endloop
  endfacet
  facet normal 0.980781 0.195113 0
    outer loop
      vertex 4.87748 53.9643 4.96
      vertex 4.84941 54.1054 2
      vertex 4.84941 54.1054 4.96
    endloop
  endfacet
  facet normal 0.980781 0.195113 0
    outer loop
      vertex 4.84941 54.1054 2
      vertex 4.87748 53.9643 4.96
      vertex 4.87748 53.9643 2
    endloop
  endfacet
  facet normal -0.0653289 -0.997864 0
    outer loop
      vertex 5.94 55.349 2
      vertex 6.08358 55.3396 4.96
      vertex 5.94 55.349 4.96
    endloop
  endfacet
  facet normal -0.0653289 -0.997864 -0
    outer loop
      vertex 6.08358 55.3396 4.96
      vertex 5.94 55.349 2
      vertex 6.08358 55.3396 2
    endloop
  endfacet
  facet normal -0.980781 0.195113 0
    outer loop
      vertex 7.00252 53.9643 2
      vertex 7.03059 54.1054 4.96
      vertex 7.03059 54.1054 2
    endloop
  endfacet
  facet normal -0.980781 0.195113 0
    outer loop
      vertex 7.03059 54.1054 4.96
      vertex 7.00252 53.9643 2
      vertex 7.00252 53.9643 4.96
    endloop
  endfacet
  facet normal 0.751905 -0.659272 0
    outer loop
      vertex 5.06731 54.9186 4.96
      vertex 5.16218 55.0268 2
      vertex 5.16218 55.0268 4.96
    endloop
  endfacet
  facet normal 0.751905 -0.659272 0
    outer loop
      vertex 5.16218 55.0268 2
      vertex 5.06731 54.9186 4.96
      vertex 5.06731 54.9186 2
    endloop
  endfacet
  facet normal 0.659458 0.751741 -0
    outer loop
      vertex 5.27036 53.3763 2
      vertex 5.16218 53.4712 4.96
      vertex 5.27036 53.3763 4.96
    endloop
  endfacet
  facet normal 0.659458 0.751741 0
    outer loop
      vertex 5.16218 53.4712 4.96
      vertex 5.27036 53.3763 2
      vertex 5.16218 53.4712 2
    endloop
  endfacet
  facet normal 0.896806 0.442424 0
    outer loop
      vertex 4.98737 53.699 4.96
      vertex 4.92373 53.828 2
      vertex 4.92373 53.828 4.96
    endloop
  endfacet
  facet normal 0.896806 0.442424 0
    outer loop
      vertex 4.92373 53.828 2
      vertex 4.98737 53.699 4.96
      vertex 4.98737 53.699 2
    endloop
  endfacet
  facet normal 0.946967 0.32133 0
    outer loop
      vertex 4.92373 53.828 4.96
      vertex 4.87748 53.9643 2
      vertex 4.87748 53.9643 4.96
    endloop
  endfacet
  facet normal 0.946967 0.32133 0
    outer loop
      vertex 4.87748 53.9643 2
      vertex 4.92373 53.828 4.96
      vertex 4.92373 53.828 2
    endloop
  endfacet
  facet normal 0.99786 -0.065389 0
    outer loop
      vertex 4.84 54.249 4.96
      vertex 4.84941 54.3926 2
      vertex 4.84941 54.3926 4.96
    endloop
  endfacet
  facet normal 0.99786 -0.065389 0
    outer loop
      vertex 4.84941 54.3926 2
      vertex 4.84 54.249 4.96
      vertex 4.84 54.249 2
    endloop
  endfacet
  facet normal 0.659458 -0.751741 0
    outer loop
      vertex 5.16218 55.0268 2
      vertex 5.27036 55.1217 4.96
      vertex 5.16218 55.0268 4.96
    endloop
  endfacet
  facet normal 0.659458 -0.751741 0
    outer loop
      vertex 5.27036 55.1217 4.96
      vertex 5.16218 55.0268 2
      vertex 5.27036 55.1217 2
    endloop
  endfacet
  facet normal -0.946967 0.32133 0
    outer loop
      vertex 6.95627 53.828 2
      vertex 7.00252 53.9643 4.96
      vertex 7.00252 53.9643 2
    endloop
  endfacet
  facet normal -0.946967 0.32133 0
    outer loop
      vertex 7.00252 53.9643 4.96
      vertex 6.95627 53.828 2
      vertex 6.95627 53.828 4.96
    endloop
  endfacet
  facet normal 0.321124 0.947037 -0
    outer loop
      vertex 5.6553 53.1865 2
      vertex 5.51905 53.2327 4.96
      vertex 5.6553 53.1865 4.96
    endloop
  endfacet
  facet normal 0.321124 0.947037 0
    outer loop
      vertex 5.51905 53.2327 4.96
      vertex 5.6553 53.1865 2
      vertex 5.51905 53.2327 2
    endloop
  endfacet
  facet normal 0.555374 -0.831601 0
    outer loop
      vertex 5.27036 55.1217 2
      vertex 5.39 55.2016 4.96
      vertex 5.27036 55.1217 4.96
    endloop
  endfacet
  facet normal 0.555374 -0.831601 0
    outer loop
      vertex 5.39 55.2016 4.96
      vertex 5.27036 55.1217 2
      vertex 5.39 55.2016 2
    endloop
  endfacet
  facet normal -0.321124 -0.947037 0
    outer loop
      vertex 6.2247 55.3115 2
      vertex 6.36095 55.2653 4.96
      vertex 6.2247 55.3115 4.96
    endloop
  endfacet
  facet normal -0.321124 -0.947037 -0
    outer loop
      vertex 6.36095 55.2653 4.96
      vertex 6.2247 55.3115 2
      vertex 6.36095 55.2653 2
    endloop
  endfacet
  facet normal 0.442622 0.896708 -0
    outer loop
      vertex 5.51905 53.2327 2
      vertex 5.39 53.2964 4.96
      vertex 5.51905 53.2327 4.96
    endloop
  endfacet
  facet normal 0.442622 0.896708 0
    outer loop
      vertex 5.39 53.2964 4.96
      vertex 5.51905 53.2327 2
      vertex 5.39 53.2964 2
    endloop
  endfacet
  facet normal 0.0653289 0.997864 -0
    outer loop
      vertex 5.94 53.149 2
      vertex 5.79642 53.1584 4.96
      vertex 5.94 53.149 4.96
    endloop
  endfacet
  facet normal 0.0653289 0.997864 0
    outer loop
      vertex 5.79642 53.1584 4.96
      vertex 5.94 53.149 2
      vertex 5.79642 53.1584 2
    endloop
  endfacet
  facet normal 0.831387 -0.555694 0
    outer loop
      vertex 4.98737 54.799 4.96
      vertex 5.06731 54.9186 2
      vertex 5.06731 54.9186 4.96
    endloop
  endfacet
  facet normal 0.831387 -0.555694 0
    outer loop
      vertex 5.06731 54.9186 2
      vertex 4.98737 54.799 4.96
      vertex 4.98737 54.799 2
    endloop
  endfacet
  facet normal 0.831387 0.555694 0
    outer loop
      vertex 5.06731 53.5794 4.96
      vertex 4.98737 53.699 2
      vertex 4.98737 53.699 4.96
    endloop
  endfacet
  facet normal 0.831387 0.555694 0
    outer loop
      vertex 4.98737 53.699 2
      vertex 5.06731 53.5794 4.96
      vertex 5.06731 53.5794 2
    endloop
  endfacet
  facet normal 0.751905 0.659272 0
    outer loop
      vertex 5.16218 53.4712 4.96
      vertex 5.06731 53.5794 2
      vertex 5.06731 53.5794 4.96
    endloop
  endfacet
  facet normal 0.751905 0.659272 0
    outer loop
      vertex 5.06731 53.5794 2
      vertex 5.16218 53.4712 4.96
      vertex 5.16218 53.4712 2
    endloop
  endfacet
  facet normal -0.321124 0.947037 0
    outer loop
      vertex 6.36095 53.2327 2
      vertex 6.2247 53.1865 4.96
      vertex 6.36095 53.2327 4.96
    endloop
  endfacet
  facet normal -0.321124 0.947037 0
    outer loop
      vertex 6.2247 53.1865 4.96
      vertex 6.36095 53.2327 2
      vertex 6.2247 53.1865 2
    endloop
  endfacet
  facet normal 0 0 1
    outer loop
      vertex 7.03059 54.3926 2
      vertex 7.03059 54.1054 2
      vertex 7.04 54.249 2
    endloop
  endfacet
  facet normal 0 0 1
    outer loop
      vertex 7.00252 54.5337 2
      vertex 7.03059 54.1054 2
      vertex 7.03059 54.3926 2
    endloop
  endfacet
  facet normal 0 0 1
    outer loop
      vertex 7.00252 54.5337 2
      vertex 7.00252 53.9643 2
      vertex 7.03059 54.1054 2
    endloop
  endfacet
  facet normal 0 0 1
    outer loop
      vertex 6.95627 54.67 2
      vertex 7.00252 53.9643 2
      vertex 7.00252 54.5337 2
    endloop
  endfacet
  facet normal 0 0 1
    outer loop
      vertex 6.95627 54.67 2
      vertex 6.95627 53.828 2
      vertex 7.00252 53.9643 2
    endloop
  endfacet
  facet normal 0 0 1
    outer loop
      vertex 6.89263 54.799 2
      vertex 6.95627 53.828 2
      vertex 6.95627 54.67 2
    endloop
  endfacet
  facet normal 0 0 1
    outer loop
      vertex 6.89263 54.799 2
      vertex 6.89263 53.699 2
      vertex 6.95627 53.828 2
    endloop
  endfacet
  facet normal 0 0 1
    outer loop
      vertex 6.81269 54.9186 2
      vertex 6.89263 53.699 2
      vertex 6.89263 54.799 2
    endloop
  endfacet
  facet normal 0 0 1
    outer loop
      vertex 6.81269 54.9186 2
      vertex 6.81269 53.5794 2
      vertex 6.89263 53.699 2
    endloop
  endfacet
  facet normal 0 0 1
    outer loop
      vertex 6.71782 55.0268 2
      vertex 6.81269 53.5794 2
      vertex 6.81269 54.9186 2
    endloop
  endfacet
  facet normal 0 0 1
    outer loop
      vertex 6.71782 55.0268 2
      vertex 6.71782 53.4712 2
      vertex 6.81269 53.5794 2
    endloop
  endfacet
  facet normal 0 0 1
    outer loop
      vertex 6.60964 55.1217 2
      vertex 6.71782 53.4712 2
      vertex 6.71782 55.0268 2
    endloop
  endfacet
  facet normal 0 0 1
    outer loop
      vertex 6.60964 55.1217 2
      vertex 6.60964 53.3763 2
      vertex 6.71782 53.4712 2
    endloop
  endfacet
  facet normal 0 0 1
    outer loop
      vertex 6.49 55.2016 2
      vertex 6.60964 53.3763 2
      vertex 6.60964 55.1217 2
    endloop
  endfacet
  facet normal 0 0 1
    outer loop
      vertex 6.49 55.2016 2
      vertex 6.49 53.2964 2
      vertex 6.60964 53.3763 2
    endloop
  endfacet
  facet normal 0 0 1
    outer loop
      vertex 6.36095 55.2653 2
      vertex 6.49 53.2964 2
      vertex 6.49 55.2016 2
    endloop
  endfacet
  facet normal 0 0 1
    outer loop
      vertex 6.36095 55.2653 2
      vertex 6.36095 53.2327 2
      vertex 6.49 53.2964 2
    endloop
  endfacet
  facet normal 0 0 1
    outer loop
      vertex 6.2247 55.3115 2
      vertex 6.36095 53.2327 2
      vertex 6.36095 55.2653 2
    endloop
  endfacet
  facet normal 0 0 1
    outer loop
      vertex 6.2247 55.3115 2
      vertex 6.2247 53.1865 2
      vertex 6.36095 53.2327 2
    endloop
  endfacet
  facet normal 0 0 1
    outer loop
      vertex 6.08358 55.3396 2
      vertex 6.2247 53.1865 2
      vertex 6.2247 55.3115 2
    endloop
  endfacet
  facet normal 0 0 1
    outer loop
      vertex 6.08358 55.3396 2
      vertex 6.08358 53.1584 2
      vertex 6.2247 53.1865 2
    endloop
  endfacet
  facet normal 0 0 1
    outer loop
      vertex 5.94 55.349 2
      vertex 6.08358 53.1584 2
      vertex 6.08358 55.3396 2
    endloop
  endfacet
  facet normal 0 0 1
    outer loop
      vertex 5.94 55.349 2
      vertex 5.94 53.149 2
      vertex 6.08358 53.1584 2
    endloop
  endfacet
  facet normal -0 0 1
    outer loop
      vertex 5.79642 55.3396 2
      vertex 5.94 53.149 2
      vertex 5.94 55.349 2
    endloop
  endfacet
  facet normal 0 0 1
    outer loop
      vertex 5.79642 55.3396 2
      vertex 5.79642 53.1584 2
      vertex 5.94 53.149 2
    endloop
  endfacet
  facet normal -0 0 1
    outer loop
      vertex 5.6553 55.3115 2
      vertex 5.79642 53.1584 2
      vertex 5.79642 55.3396 2
    endloop
  endfacet
  facet normal 0 0 1
    outer loop
      vertex 5.6553 55.3115 2
      vertex 5.6553 53.1865 2
      vertex 5.79642 53.1584 2
    endloop
  endfacet
  facet normal -0 0 1
    outer loop
      vertex 5.51905 55.2653 2
      vertex 5.6553 53.1865 2
      vertex 5.6553 55.3115 2
    endloop
  endfacet
  facet normal 0 0 1
    outer loop
      vertex 5.51905 55.2653 2
      vertex 5.51905 53.2327 2
      vertex 5.6553 53.1865 2
    endloop
  endfacet
  facet normal -0 0 1
    outer loop
      vertex 5.39 55.2016 2
      vertex 5.51905 53.2327 2
      vertex 5.51905 55.2653 2
    endloop
  endfacet
  facet normal 0 0 1
    outer loop
      vertex 5.39 55.2016 2
      vertex 5.39 53.2964 2
      vertex 5.51905 53.2327 2
    endloop
  endfacet
  facet normal -0 0 1
    outer loop
      vertex 5.27036 55.1217 2
      vertex 5.39 53.2964 2
      vertex 5.39 55.2016 2
    endloop
  endfacet
  facet normal 0 0 1
    outer loop
      vertex 5.27036 55.1217 2
      vertex 5.27036 53.3763 2
      vertex 5.39 53.2964 2
    endloop
  endfacet
  facet normal -0 0 1
    outer loop
      vertex 5.16218 55.0268 2
      vertex 5.27036 53.3763 2
      vertex 5.27036 55.1217 2
    endloop
  endfacet
  facet normal 0 0 1
    outer loop
      vertex 5.16218 55.0268 2
      vertex 5.16218 53.4712 2
      vertex 5.27036 53.3763 2
    endloop
  endfacet
  facet normal -0 0 1
    outer loop
      vertex 5.06731 54.9186 2
      vertex 5.16218 53.4712 2
      vertex 5.16218 55.0268 2
    endloop
  endfacet
  facet normal 0 0 1
    outer loop
      vertex 5.06731 54.9186 2
      vertex 5.06731 53.5794 2
      vertex 5.16218 53.4712 2
    endloop
  endfacet
  facet normal -0 0 1
    outer loop
      vertex 4.98737 54.799 2
      vertex 5.06731 53.5794 2
      vertex 5.06731 54.9186 2
    endloop
  endfacet
  facet normal 0 0 1
    outer loop
      vertex 4.98737 54.799 2
      vertex 4.98737 53.699 2
      vertex 5.06731 53.5794 2
    endloop
  endfacet
  facet normal -0 0 1
    outer loop
      vertex 4.92373 54.67 2
      vertex 4.98737 53.699 2
      vertex 4.98737 54.799 2
    endloop
  endfacet
  facet normal 0 0 1
    outer loop
      vertex 4.92373 54.67 2
      vertex 4.92373 53.828 2
      vertex 4.98737 53.699 2
    endloop
  endfacet
  facet normal -0 0 1
    outer loop
      vertex 4.87748 54.5337 2
      vertex 4.92373 53.828 2
      vertex 4.92373 54.67 2
    endloop
  endfacet
  facet normal 0 0 1
    outer loop
      vertex 4.87748 54.5337 2
      vertex 4.87748 53.9643 2
      vertex 4.92373 53.828 2
    endloop
  endfacet
  facet normal -0 0 1
    outer loop
      vertex 4.84941 54.3926 2
      vertex 4.87748 53.9643 2
      vertex 4.87748 54.5337 2
    endloop
  endfacet
  facet normal 0 0 1
    outer loop
      vertex 4.84941 54.3926 2
      vertex 4.84941 54.1054 2
      vertex 4.87748 53.9643 2
    endloop
  endfacet
  facet normal 0 -0 1
    outer loop
      vertex 4.84941 54.1054 2
      vertex 4.84941 54.3926 2
      vertex 4.84 54.249 2
    endloop
  endfacet
  facet normal -0.659458 0.751741 0
    outer loop
      vertex 6.71782 53.4712 2
      vertex 6.60964 53.3763 4.96
      vertex 6.71782 53.4712 4.96
    endloop
  endfacet
  facet normal -0.659458 0.751741 0
    outer loop
      vertex 6.60964 53.3763 4.96
      vertex 6.71782 53.4712 2
      vertex 6.60964 53.3763 2
    endloop
  endfacet
  facet normal 0.997864 0.0653289 0
    outer loop
      vertex 64.5394 6.60742 4.96
      vertex 64.53 6.751 2
      vertex 64.53 6.751 4.96
    endloop
  endfacet
  facet normal 0.997864 0.0653289 0
    outer loop
      vertex 64.53 6.751 2
      vertex 64.5394 6.60742 4.96
      vertex 64.5394 6.60742 2
    endloop
  endfacet
  facet normal -0.065389 0.99786 0
    outer loop
      vertex 65.7736 5.66041 2
      vertex 65.63 5.651 4.96
      vertex 65.7736 5.66041 4.96
    endloop
  endfacet
  facet normal -0.065389 0.99786 0
    outer loop
      vertex 65.63 5.651 4.96
      vertex 65.7736 5.66041 2
      vertex 65.63 5.651 2
    endloop
  endfacet
  facet normal -0.980746 -0.195287 0
    outer loop
      vertex 66.7206 6.89458 2
      vertex 66.6925 7.0357 4.96
      vertex 66.6925 7.0357 2
    endloop
  endfacet
  facet normal -0.980746 -0.195287 0
    outer loop
      vertex 66.6925 7.0357 4.96
      vertex 66.7206 6.89458 2
      vertex 66.7206 6.89458 4.96
    endloop
  endfacet
  facet normal -0.997864 -0.0653289 0
    outer loop
      vertex 66.73 6.751 2
      vertex 66.7206 6.89458 4.96
      vertex 66.7206 6.89458 2
    endloop
  endfacet
  facet normal -0.997864 -0.0653289 0
    outer loop
      vertex 66.7206 6.89458 4.96
      vertex 66.73 6.751 2
      vertex 66.73 6.751 4.96
    endloop
  endfacet
  facet normal -0.947037 -0.321124 0
    outer loop
      vertex 66.6925 7.0357 2
      vertex 66.6463 7.17195 4.96
      vertex 66.6463 7.17195 2
    endloop
  endfacet
  facet normal -0.947037 -0.321124 0
    outer loop
      vertex 66.6463 7.17195 4.96
      vertex 66.6925 7.0357 2
      vertex 66.6925 7.0357 4.96
    endloop
  endfacet
  facet normal 0.555694 -0.831387 0
    outer loop
      vertex 64.9604 7.62369 2
      vertex 65.08 7.70363 4.96
      vertex 64.9604 7.62369 4.96
    endloop
  endfacet
  facet normal 0.555694 -0.831387 0
    outer loop
      vertex 65.08 7.70363 4.96
      vertex 64.9604 7.62369 2
      vertex 65.08 7.70363 2
    endloop
  endfacet
  facet normal -0.751741 -0.659458 0
    outer loop
      vertex 66.5027 7.42064 2
      vertex 66.4078 7.52882 4.96
      vertex 66.4078 7.52882 2
    endloop
  endfacet
  facet normal -0.751741 -0.659458 0
    outer loop
      vertex 66.4078 7.52882 4.96
      vertex 66.5027 7.42064 2
      vertex 66.5027 7.42064 4.96
    endloop
  endfacet
  facet normal -0.659272 0.751905 0
    outer loop
      vertex 66.4078 5.97318 2
      vertex 66.2996 5.87831 4.96
      vertex 66.4078 5.97318 4.96
    endloop
  endfacet
  facet normal -0.659272 0.751905 0
    outer loop
      vertex 66.2996 5.87831 4.96
      vertex 66.4078 5.97318 2
      vertex 66.2996 5.87831 2
    endloop
  endfacet
  facet normal -0.442149 0.896942 0
    outer loop
      vertex 66.18 5.79837 2
      vertex 66.0509 5.73473 4.96
      vertex 66.18 5.79837 4.96
    endloop
  endfacet
  facet normal -0.442149 0.896942 0
    outer loop
      vertex 66.0509 5.73473 4.96
      vertex 66.18 5.79837 2
      vertex 66.0509 5.73473 2
    endloop
  endfacet
  facet normal 0.831601 -0.555374 0
    outer loop
      vertex 64.6774 7.301 4.96
      vertex 64.7573 7.42064 2
      vertex 64.7573 7.42064 4.96
    endloop
  endfacet
  facet normal 0.831601 -0.555374 0
    outer loop
      vertex 64.7573 7.42064 2
      vertex 64.6774 7.301 4.96
      vertex 64.6774 7.301 2
    endloop
  endfacet
  facet normal -0.831601 -0.555374 0
    outer loop
      vertex 66.5826 7.301 2
      vertex 66.5027 7.42064 4.96
      vertex 66.5027 7.42064 2
    endloop
  endfacet
  facet normal -0.831601 -0.555374 0
    outer loop
      vertex 66.5027 7.42064 4.96
      vertex 66.5826 7.301 2
      vertex 66.5826 7.301 4.96
    endloop
  endfacet
  facet normal -0.947037 0.321124 0
    outer loop
      vertex 66.6463 6.33005 2
      vertex 66.6925 6.4663 4.96
      vertex 66.6925 6.4663 2
    endloop
  endfacet
  facet normal -0.947037 0.321124 0
    outer loop
      vertex 66.6925 6.4663 4.96
      vertex 66.6463 6.33005 2
      vertex 66.6463 6.33005 4.96
    endloop
  endfacet
  facet normal -0.831601 0.555374 0
    outer loop
      vertex 66.5027 6.08136 2
      vertex 66.5826 6.201 4.96
      vertex 66.5826 6.201 2
    endloop
  endfacet
  facet normal -0.831601 0.555374 0
    outer loop
      vertex 66.5826 6.201 4.96
      vertex 66.5027 6.08136 2
      vertex 66.5027 6.08136 4.96
    endloop
  endfacet
  facet normal -0.065389 -0.99786 0
    outer loop
      vertex 65.63 7.851 2
      vertex 65.7736 7.84159 4.96
      vertex 65.63 7.851 4.96
    endloop
  endfacet
  facet normal -0.065389 -0.99786 -0
    outer loop
      vertex 65.7736 7.84159 4.96
      vertex 65.63 7.851 2
      vertex 65.7736 7.84159 2
    endloop
  endfacet
  facet normal -0.442149 -0.896942 0
    outer loop
      vertex 66.0509 7.76727 2
      vertex 66.18 7.70363 4.96
      vertex 66.0509 7.76727 4.96
    endloop
  endfacet
  facet normal -0.442149 -0.896942 -0
    outer loop
      vertex 66.18 7.70363 4.96
      vertex 66.0509 7.76727 2
      vertex 66.18 7.70363 2
    endloop
  endfacet
  facet normal 0.947037 0.321124 0
    outer loop
      vertex 64.6137 6.33005 4.96
      vertex 64.5675 6.4663 2
      vertex 64.5675 6.4663 4.96
    endloop
  endfacet
  facet normal 0.947037 0.321124 0
    outer loop
      vertex 64.5675 6.4663 2
      vertex 64.6137 6.33005 4.96
      vertex 64.6137 6.33005 2
    endloop
  endfacet
  facet normal 0.980746 0.195287 0
    outer loop
      vertex 64.5675 6.4663 4.96
      vertex 64.5394 6.60742 2
      vertex 64.5394 6.60742 4.96
    endloop
  endfacet
  facet normal 0.980746 0.195287 0
    outer loop
      vertex 64.5394 6.60742 2
      vertex 64.5675 6.4663 4.96
      vertex 64.5675 6.4663 2
    endloop
  endfacet
  facet normal -0.896708 -0.442622 0
    outer loop
      vertex 66.6463 7.17195 2
      vertex 66.5826 7.301 4.96
      vertex 66.5826 7.301 2
    endloop
  endfacet
  facet normal -0.896708 -0.442622 0
    outer loop
      vertex 66.5826 7.301 4.96
      vertex 66.6463 7.17195 2
      vertex 66.6463 7.17195 4.96
    endloop
  endfacet
  facet normal 0.980746 -0.195287 0
    outer loop
      vertex 64.5394 6.89458 4.96
      vertex 64.5675 7.0357 2
      vertex 64.5675 7.0357 4.96
    endloop
  endfacet
  facet normal 0.980746 -0.195287 0
    outer loop
      vertex 64.5675 7.0357 2
      vertex 64.5394 6.89458 4.96
      vertex 64.5394 6.89458 2
    endloop
  endfacet
  facet normal 0.659272 -0.751905 0
    outer loop
      vertex 64.8522 7.52882 2
      vertex 64.9604 7.62369 4.96
      vertex 64.8522 7.52882 4.96
    endloop
  endfacet
  facet normal 0.659272 -0.751905 0
    outer loop
      vertex 64.9604 7.62369 4.96
      vertex 64.8522 7.52882 2
      vertex 64.9604 7.62369 2
    endloop
  endfacet
  facet normal -0.997864 0.0653289 0
    outer loop
      vertex 66.7206 6.60742 2
      vertex 66.73 6.751 4.96
      vertex 66.73 6.751 2
    endloop
  endfacet
  facet normal -0.997864 0.0653289 0
    outer loop
      vertex 66.73 6.751 4.96
      vertex 66.7206 6.60742 2
      vertex 66.7206 6.60742 4.96
    endloop
  endfacet
  facet normal -0.980746 0.195287 0
    outer loop
      vertex 66.6925 6.4663 2
      vertex 66.7206 6.60742 4.96
      vertex 66.7206 6.60742 2
    endloop
  endfacet
  facet normal -0.980746 0.195287 0
    outer loop
      vertex 66.7206 6.60742 4.96
      vertex 66.6925 6.4663 2
      vertex 66.6925 6.4663 4.96
    endloop
  endfacet
  facet normal -0.751741 0.659458 0
    outer loop
      vertex 66.4078 5.97318 2
      vertex 66.5027 6.08136 4.96
      vertex 66.5027 6.08136 2
    endloop
  endfacet
  facet normal -0.751741 0.659458 0
    outer loop
      vertex 66.5027 6.08136 4.96
      vertex 66.4078 5.97318 2
      vertex 66.4078 5.97318 4.96
    endloop
  endfacet
  facet normal -0.321541 -0.946896 0
    outer loop
      vertex 65.9147 7.81352 2
      vertex 66.0509 7.76727 4.96
      vertex 65.9147 7.81352 4.96
    endloop
  endfacet
  facet normal -0.321541 -0.946896 -0
    outer loop
      vertex 66.0509 7.76727 4.96
      vertex 65.9147 7.81352 2
      vertex 66.0509 7.76727 2
    endloop
  endfacet
  facet normal 0.195113 0.980781 -0
    outer loop
      vertex 65.4864 5.66041 2
      vertex 65.3453 5.68848 4.96
      vertex 65.4864 5.66041 4.96
    endloop
  endfacet
  facet normal 0.195113 0.980781 0
    outer loop
      vertex 65.3453 5.68848 4.96
      vertex 65.4864 5.66041 2
      vertex 65.3453 5.68848 2
    endloop
  endfacet
  facet normal 0.065389 -0.99786 0
    outer loop
      vertex 65.4864 7.84159 2
      vertex 65.63 7.851 4.96
      vertex 65.4864 7.84159 4.96
    endloop
  endfacet
  facet normal 0.065389 -0.99786 0
    outer loop
      vertex 65.63 7.851 4.96
      vertex 65.4864 7.84159 2
      vertex 65.63 7.851 2
    endloop
  endfacet
  facet normal 0 0 1
    outer loop
      vertex 66.7206 6.89458 2
      vertex 66.7206 6.60742 2
      vertex 66.73 6.751 2
    endloop
  endfacet
  facet normal 0 0 1
    outer loop
      vertex 66.6925 7.0357 2
      vertex 66.7206 6.60742 2
      vertex 66.7206 6.89458 2
    endloop
  endfacet
  facet normal 0 0 1
    outer loop
      vertex 66.6925 7.0357 2
      vertex 66.6925 6.4663 2
      vertex 66.7206 6.60742 2
    endloop
  endfacet
  facet normal 0 0 1
    outer loop
      vertex 66.6463 7.17195 2
      vertex 66.6925 6.4663 2
      vertex 66.6925 7.0357 2
    endloop
  endfacet
  facet normal 0 0 1
    outer loop
      vertex 66.6463 7.17195 2
      vertex 66.6463 6.33005 2
      vertex 66.6925 6.4663 2
    endloop
  endfacet
  facet normal 0 0 1
    outer loop
      vertex 66.5826 7.301 2
      vertex 66.6463 6.33005 2
      vertex 66.6463 7.17195 2
    endloop
  endfacet
  facet normal 0 0 1
    outer loop
      vertex 66.5826 7.301 2
      vertex 66.5826 6.201 2
      vertex 66.6463 6.33005 2
    endloop
  endfacet
  facet normal 0 0 1
    outer loop
      vertex 66.5027 7.42064 2
      vertex 66.5826 6.201 2
      vertex 66.5826 7.301 2
    endloop
  endfacet
  facet normal 0 0 1
    outer loop
      vertex 66.5027 7.42064 2
      vertex 66.5027 6.08136 2
      vertex 66.5826 6.201 2
    endloop
  endfacet
  facet normal 0 0 1
    outer loop
      vertex 66.4078 7.52882 2
      vertex 66.5027 6.08136 2
      vertex 66.5027 7.42064 2
    endloop
  endfacet
  facet normal 0 0 1
    outer loop
      vertex 66.4078 7.52882 2
      vertex 66.4078 5.97318 2
      vertex 66.5027 6.08136 2
    endloop
  endfacet
  facet normal 0 0 1
    outer loop
      vertex 66.2996 7.62369 2
      vertex 66.4078 5.97318 2
      vertex 66.4078 7.52882 2
    endloop
  endfacet
  facet normal 0 0 1
    outer loop
      vertex 66.2996 7.62369 2
      vertex 66.2996 5.87831 2
      vertex 66.4078 5.97318 2
    endloop
  endfacet
  facet normal 0 0 1
    outer loop
      vertex 66.18 7.70363 2
      vertex 66.2996 5.87831 2
      vertex 66.2996 7.62369 2
    endloop
  endfacet
  facet normal 0 0 1
    outer loop
      vertex 66.18 7.70363 2
      vertex 66.18 5.79837 2
      vertex 66.2996 5.87831 2
    endloop
  endfacet
  facet normal 0 0 1
    outer loop
      vertex 66.0509 7.76727 2
      vertex 66.18 5.79837 2
      vertex 66.18 7.70363 2
    endloop
  endfacet
  facet normal 0 0 1
    outer loop
      vertex 66.0509 7.76727 2
      vertex 66.0509 5.73473 2
      vertex 66.18 5.79837 2
    endloop
  endfacet
  facet normal 0 0 1
    outer loop
      vertex 65.9147 7.81352 2
      vertex 66.0509 5.73473 2
      vertex 66.0509 7.76727 2
    endloop
  endfacet
  facet normal 0 0 1
    outer loop
      vertex 65.9147 7.81352 2
      vertex 65.9147 5.68848 2
      vertex 66.0509 5.73473 2
    endloop
  endfacet
  facet normal 0 0 1
    outer loop
      vertex 65.7736 7.84159 2
      vertex 65.9147 5.68848 2
      vertex 65.9147 7.81352 2
    endloop
  endfacet
  facet normal 0 0 1
    outer loop
      vertex 65.7736 7.84159 2
      vertex 65.7736 5.66041 2
      vertex 65.9147 5.68848 2
    endloop
  endfacet
  facet normal 0 0 1
    outer loop
      vertex 65.63 7.851 2
      vertex 65.7736 5.66041 2
      vertex 65.7736 7.84159 2
    endloop
  endfacet
  facet normal 0 0 1
    outer loop
      vertex 65.63 7.851 2
      vertex 65.63 5.651 2
      vertex 65.7736 5.66041 2
    endloop
  endfacet
  facet normal -0 0 1
    outer loop
      vertex 65.4864 7.84159 2
      vertex 65.63 5.651 2
      vertex 65.63 7.851 2
    endloop
  endfacet
  facet normal 0 0 1
    outer loop
      vertex 65.4864 7.84159 2
      vertex 65.4864 5.66041 2
      vertex 65.63 5.651 2
    endloop
  endfacet
  facet normal -0 0 1
    outer loop
      vertex 65.3453 7.81352 2
      vertex 65.4864 5.66041 2
      vertex 65.4864 7.84159 2
    endloop
  endfacet
  facet normal 0 0 1
    outer loop
      vertex 65.3453 7.81352 2
      vertex 65.3453 5.68848 2
      vertex 65.4864 5.66041 2
    endloop
  endfacet
  facet normal -0 0 1
    outer loop
      vertex 65.209 7.76727 2
      vertex 65.3453 5.68848 2
      vertex 65.3453 7.81352 2
    endloop
  endfacet
  facet normal 0 0 1
    outer loop
      vertex 65.209 7.76727 2
      vertex 65.209 5.73473 2
      vertex 65.3453 5.68848 2
    endloop
  endfacet
  facet normal -0 0 1
    outer loop
      vertex 65.08 7.70363 2
      vertex 65.209 5.73473 2
      vertex 65.209 7.76727 2
    endloop
  endfacet
  facet normal 0 0 1
    outer loop
      vertex 65.08 7.70363 2
      vertex 65.08 5.79837 2
      vertex 65.209 5.73473 2
    endloop
  endfacet
  facet normal -0 0 1
    outer loop
      vertex 64.9604 7.62369 2
      vertex 65.08 5.79837 2
      vertex 65.08 7.70363 2
    endloop
  endfacet
  facet normal 0 0 1
    outer loop
      vertex 64.9604 7.62369 2
      vertex 64.9604 5.87831 2
      vertex 65.08 5.79837 2
    endloop
  endfacet
  facet normal -0 0 1
    outer loop
      vertex 64.8522 7.52882 2
      vertex 64.9604 5.87831 2
      vertex 64.9604 7.62369 2
    endloop
  endfacet
  facet normal 0 0 1
    outer loop
      vertex 64.8522 7.52882 2
      vertex 64.8522 5.97318 2
      vertex 64.9604 5.87831 2
    endloop
  endfacet
  facet normal -0 0 1
    outer loop
      vertex 64.7573 7.42064 2
      vertex 64.8522 5.97318 2
      vertex 64.8522 7.52882 2
    endloop
  endfacet
  facet normal 0 0 1
    outer loop
      vertex 64.7573 7.42064 2
      vertex 64.7573 6.08136 2
      vertex 64.8522 5.97318 2
    endloop
  endfacet
  facet normal -0 0 1
    outer loop
      vertex 64.6774 7.301 2
      vertex 64.7573 6.08136 2
      vertex 64.7573 7.42064 2
    endloop
  endfacet
  facet normal 0 0 1
    outer loop
      vertex 64.6774 7.301 2
      vertex 64.6774 6.201 2
      vertex 64.7573 6.08136 2
    endloop
  endfacet
  facet normal -0 0 1
    outer loop
      vertex 64.6137 7.17195 2
      vertex 64.6774 6.201 2
      vertex 64.6774 7.301 2
    endloop
  endfacet
  facet normal 0 0 1
    outer loop
      vertex 64.6137 7.17195 2
      vertex 64.6137 6.33005 2
      vertex 64.6774 6.201 2
    endloop
  endfacet
  facet normal -0 0 1
    outer loop
      vertex 64.5675 7.0357 2
      vertex 64.6137 6.33005 2
      vertex 64.6137 7.17195 2
    endloop
  endfacet
  facet normal 0 0 1
    outer loop
      vertex 64.5675 7.0357 2
      vertex 64.5675 6.4663 2
      vertex 64.6137 6.33005 2
    endloop
  endfacet
  facet normal -0 0 1
    outer loop
      vertex 64.5394 6.89458 2
      vertex 64.5675 6.4663 2
      vertex 64.5675 7.0357 2
    endloop
  endfacet
  facet normal 0 0 1
    outer loop
      vertex 64.5394 6.89458 2
      vertex 64.5394 6.60742 2
      vertex 64.5675 6.4663 2
    endloop
  endfacet
  facet normal 0 -0 1
    outer loop
      vertex 64.5394 6.60742 2
      vertex 64.5394 6.89458 2
      vertex 64.53 6.751 2
    endloop
  endfacet
  facet normal 0.751741 0.659458 0
    outer loop
      vertex 64.8522 5.97318 4.96
      vertex 64.7573 6.08136 2
      vertex 64.7573 6.08136 4.96
    endloop
  endfacet
  facet normal 0.751741 0.659458 0
    outer loop
      vertex 64.7573 6.08136 2
      vertex 64.8522 5.97318 4.96
      vertex 64.8522 5.97318 2
    endloop
  endfacet
  facet normal 0.947037 -0.321124 0
    outer loop
      vertex 64.5675 7.0357 4.96
      vertex 64.6137 7.17195 2
      vertex 64.6137 7.17195 4.96
    endloop
  endfacet
  facet normal 0.947037 -0.321124 0
    outer loop
      vertex 64.6137 7.17195 2
      vertex 64.5675 7.0357 4.96
      vertex 64.5675 7.0357 2
    endloop
  endfacet
  facet normal 0.751741 -0.659458 0
    outer loop
      vertex 64.7573 7.42064 4.96
      vertex 64.8522 7.52882 2
      vertex 64.8522 7.52882 4.96
    endloop
  endfacet
  facet normal 0.751741 -0.659458 0
    outer loop
      vertex 64.8522 7.52882 2
      vertex 64.7573 7.42064 4.96
      vertex 64.7573 7.42064 2
    endloop
  endfacet
  facet normal -0.659272 -0.751905 0
    outer loop
      vertex 66.2996 7.62369 2
      vertex 66.4078 7.52882 4.96
      vertex 66.2996 7.62369 4.96
    endloop
  endfacet
  facet normal -0.659272 -0.751905 -0
    outer loop
      vertex 66.4078 7.52882 4.96
      vertex 66.2996 7.62369 2
      vertex 66.4078 7.52882 2
    endloop
  endfacet
  facet normal 0.32133 -0.946967 0
    outer loop
      vertex 65.209 7.76727 2
      vertex 65.3453 7.81352 4.96
      vertex 65.209 7.76727 4.96
    endloop
  endfacet
  facet normal 0.32133 -0.946967 0
    outer loop
      vertex 65.3453 7.81352 4.96
      vertex 65.209 7.76727 2
      vertex 65.3453 7.81352 2
    endloop
  endfacet
  facet normal 0.659272 0.751905 -0
    outer loop
      vertex 64.9604 5.87831 2
      vertex 64.8522 5.97318 4.96
      vertex 64.9604 5.87831 4.96
    endloop
  endfacet
  facet normal 0.659272 0.751905 0
    outer loop
      vertex 64.8522 5.97318 4.96
      vertex 64.9604 5.87831 2
      vertex 64.8522 5.97318 2
    endloop
  endfacet
  facet normal 0.997864 -0.0653289 0
    outer loop
      vertex 64.53 6.751 4.96
      vertex 64.5394 6.89458 2
      vertex 64.5394 6.89458 4.96
    endloop
  endfacet
  facet normal 0.997864 -0.0653289 0
    outer loop
      vertex 64.5394 6.89458 2
      vertex 64.53 6.751 4.96
      vertex 64.53 6.751 2
    endloop
  endfacet
  facet normal 0.896708 -0.442622 0
    outer loop
      vertex 64.6137 7.17195 4.96
      vertex 64.6774 7.301 2
      vertex 64.6774 7.301 4.96
    endloop
  endfacet
  facet normal 0.896708 -0.442622 0
    outer loop
      vertex 64.6774 7.301 2
      vertex 64.6137 7.17195 4.96
      vertex 64.6137 7.17195 2
    endloop
  endfacet
  facet normal -0.555694 -0.831387 0
    outer loop
      vertex 66.18 7.70363 2
      vertex 66.2996 7.62369 4.96
      vertex 66.18 7.70363 4.96
    endloop
  endfacet
  facet normal -0.555694 -0.831387 -0
    outer loop
      vertex 66.2996 7.62369 4.96
      vertex 66.18 7.70363 2
      vertex 66.2996 7.62369 2
    endloop
  endfacet
  facet normal 0.32133 0.946967 -0
    outer loop
      vertex 65.3453 5.68848 2
      vertex 65.209 5.73473 4.96
      vertex 65.3453 5.68848 4.96
    endloop
  endfacet
  facet normal 0.32133 0.946967 0
    outer loop
      vertex 65.209 5.73473 4.96
      vertex 65.3453 5.68848 2
      vertex 65.209 5.73473 2
    endloop
  endfacet
  facet normal -0.321541 0.946896 0
    outer loop
      vertex 66.0509 5.73473 2
      vertex 65.9147 5.68848 4.96
      vertex 66.0509 5.73473 4.96
    endloop
  endfacet
  facet normal -0.321541 0.946896 0
    outer loop
      vertex 65.9147 5.68848 4.96
      vertex 66.0509 5.73473 2
      vertex 65.9147 5.68848 2
    endloop
  endfacet
  facet normal 0.195113 -0.980781 0
    outer loop
      vertex 65.3453 7.81352 2
      vertex 65.4864 7.84159 4.96
      vertex 65.3453 7.81352 4.96
    endloop
  endfacet
  facet normal 0.195113 -0.980781 0
    outer loop
      vertex 65.4864 7.84159 4.96
      vertex 65.3453 7.81352 2
      vertex 65.4864 7.84159 2
    endloop
  endfacet
  facet normal 0.065389 0.99786 -0
    outer loop
      vertex 65.63 5.651 2
      vertex 65.4864 5.66041 4.96
      vertex 65.63 5.651 4.96
    endloop
  endfacet
  facet normal 0.065389 0.99786 0
    outer loop
      vertex 65.4864 5.66041 4.96
      vertex 65.63 5.651 2
      vertex 65.4864 5.66041 2
    endloop
  endfacet
  facet normal -0.195113 0.980781 0
    outer loop
      vertex 65.9147 5.68848 2
      vertex 65.7736 5.66041 4.96
      vertex 65.9147 5.68848 4.96
    endloop
  endfacet
  facet normal -0.195113 0.980781 0
    outer loop
      vertex 65.7736 5.66041 4.96
      vertex 65.9147 5.68848 2
      vertex 65.7736 5.66041 2
    endloop
  endfacet
  facet normal -0.195113 -0.980781 0
    outer loop
      vertex 65.7736 7.84159 2
      vertex 65.9147 7.81352 4.96
      vertex 65.7736 7.84159 4.96
    endloop
  endfacet
  facet normal -0.195113 -0.980781 -0
    outer loop
      vertex 65.9147 7.81352 4.96
      vertex 65.7736 7.84159 2
      vertex 65.9147 7.81352 2
    endloop
  endfacet
  facet normal 0.442424 -0.896806 0
    outer loop
      vertex 65.08 7.70363 2
      vertex 65.209 7.76727 4.96
      vertex 65.08 7.70363 4.96
    endloop
  endfacet
  facet normal 0.442424 -0.896806 0
    outer loop
      vertex 65.209 7.76727 4.96
      vertex 65.08 7.70363 2
      vertex 65.209 7.76727 2
    endloop
  endfacet
  facet normal -0.555694 0.831387 0
    outer loop
      vertex 66.2996 5.87831 2
      vertex 66.18 5.79837 4.96
      vertex 66.2996 5.87831 4.96
    endloop
  endfacet
  facet normal -0.555694 0.831387 0
    outer loop
      vertex 66.18 5.79837 4.96
      vertex 66.2996 5.87831 2
      vertex 66.18 5.79837 2
    endloop
  endfacet
  facet normal -0.896708 0.442622 0
    outer loop
      vertex 66.5826 6.201 2
      vertex 66.6463 6.33005 4.96
      vertex 66.6463 6.33005 2
    endloop
  endfacet
  facet normal -0.896708 0.442622 0
    outer loop
      vertex 66.6463 6.33005 4.96
      vertex 66.5826 6.201 2
      vertex 66.5826 6.201 4.96
    endloop
  endfacet
  facet normal 0.555694 0.831387 -0
    outer loop
      vertex 65.08 5.79837 2
      vertex 64.9604 5.87831 4.96
      vertex 65.08 5.79837 4.96
    endloop
  endfacet
  facet normal 0.555694 0.831387 0
    outer loop
      vertex 64.9604 5.87831 4.96
      vertex 65.08 5.79837 2
      vertex 64.9604 5.87831 2
    endloop
  endfacet
  facet normal 0.442424 0.896806 -0
    outer loop
      vertex 65.209 5.73473 2
      vertex 65.08 5.79837 4.96
      vertex 65.209 5.73473 4.96
    endloop
  endfacet
  facet normal 0.442424 0.896806 0
    outer loop
      vertex 65.08 5.79837 4.96
      vertex 65.209 5.73473 2
      vertex 65.08 5.79837 2
    endloop
  endfacet
  facet normal 0.896708 0.442622 0
    outer loop
      vertex 64.6774 6.201 4.96
      vertex 64.6137 6.33005 2
      vertex 64.6137 6.33005 4.96
    endloop
  endfacet
  facet normal 0.896708 0.442622 0
    outer loop
      vertex 64.6137 6.33005 2
      vertex 64.6774 6.201 4.96
      vertex 64.6774 6.201 2
    endloop
  endfacet
  facet normal 0.831601 0.555374 0
    outer loop
      vertex 64.7573 6.08136 4.96
      vertex 64.6774 6.201 2
      vertex 64.6774 6.201 4.96
    endloop
  endfacet
  facet normal 0.831601 0.555374 0
    outer loop
      vertex 64.6774 6.201 2
      vertex 64.7573 6.08136 4.96
      vertex 64.7573 6.08136 2
    endloop
  endfacet
  facet normal -0.65939 0.751801 0
    outer loop
      vertex 66.4078 53.4712 2
      vertex 66.2996 53.3763 4.96
      vertex 66.4078 53.4712 4.96
    endloop
  endfacet
  facet normal -0.65939 0.751801 0
    outer loop
      vertex 66.2996 53.3763 4.96
      vertex 66.4078 53.4712 2
      vertex 66.2996 53.3763 2
    endloop
  endfacet
  facet normal -0.980741 -0.195314 0
    outer loop
      vertex 66.7206 54.3926 2
      vertex 66.6925 54.5337 4.96
      vertex 66.6925 54.5337 2
    endloop
  endfacet
  facet normal -0.980741 -0.195314 0
    outer loop
      vertex 66.6925 54.5337 4.96
      vertex 66.7206 54.3926 2
      vertex 66.7206 54.3926 4.96
    endloop
  endfacet
  facet normal 0.555502 -0.831515 0
    outer loop
      vertex 64.9604 55.1217 2
      vertex 65.08 55.2016 4.96
      vertex 64.9604 55.1217 4.96
    endloop
  endfacet
  facet normal 0.555502 -0.831515 0
    outer loop
      vertex 65.08 55.2016 4.96
      vertex 64.9604 55.1217 2
      vertex 65.08 55.2016 2
    endloop
  endfacet
  facet normal 0.89664 0.44276 0
    outer loop
      vertex 64.6774 53.699 4.96
      vertex 64.6137 53.828 2
      vertex 64.6137 53.828 4.96
    endloop
  endfacet
  facet normal 0.89664 0.44276 0
    outer loop
      vertex 64.6137 53.828 2
      vertex 64.6774 53.699 4.96
      vertex 64.6774 53.699 2
    endloop
  endfacet
  facet normal -0.751801 -0.65939 0
    outer loop
      vertex 66.5027 54.9186 2
      vertex 66.4078 55.0268 4.96
      vertex 66.4078 55.0268 2
    endloop
  endfacet
  facet normal -0.751801 -0.65939 0
    outer loop
      vertex 66.4078 55.0268 4.96
      vertex 66.5027 54.9186 2
      vertex 66.5027 54.9186 4.96
    endloop
  endfacet
  facet normal -0.831515 0.555502 0
    outer loop
      vertex 66.5027 53.5794 2
      vertex 66.5826 53.699 4.96
      vertex 66.5826 53.699 2
    endloop
  endfacet
  facet normal -0.831515 0.555502 0
    outer loop
      vertex 66.5826 53.699 4.96
      vertex 66.5027 53.5794 2
      vertex 66.5027 53.5794 4.96
    endloop
  endfacet
  facet normal 0.65939 -0.751801 0
    outer loop
      vertex 64.8522 55.0268 2
      vertex 64.9604 55.1217 4.96
      vertex 64.8522 55.0268 4.96
    endloop
  endfacet
  facet normal 0.65939 -0.751801 0
    outer loop
      vertex 64.9604 55.1217 4.96
      vertex 64.8522 55.0268 2
      vertex 64.9604 55.1217 2
    endloop
  endfacet
  facet normal -0.0653198 0.997864 0
    outer loop
      vertex 65.7736 53.1584 2
      vertex 65.63 53.149 4.96
      vertex 65.7736 53.1584 4.96
    endloop
  endfacet
  facet normal -0.0653198 0.997864 0
    outer loop
      vertex 65.63 53.149 4.96
      vertex 65.7736 53.1584 2
      vertex 65.63 53.149 2
    endloop
  endfacet
  facet normal -0.89664 -0.44276 0
    outer loop
      vertex 66.6463 54.67 2
      vertex 66.5826 54.799 4.96
      vertex 66.5826 54.799 2
    endloop
  endfacet
  facet normal -0.89664 -0.44276 0
    outer loop
      vertex 66.5826 54.799 4.96
      vertex 66.6463 54.67 2
      vertex 66.6463 54.67 4.96
    endloop
  endfacet
  facet normal -0.442484 -0.896776 0
    outer loop
      vertex 66.0509 55.2653 2
      vertex 66.18 55.2016 4.96
      vertex 66.0509 55.2653 4.96
    endloop
  endfacet
  facet normal -0.442484 -0.896776 -0
    outer loop
      vertex 66.18 55.2016 4.96
      vertex 66.0509 55.2653 2
      vertex 66.18 55.2016 2
    endloop
  endfacet
  facet normal -0.997864 -0.0653198 0
    outer loop
      vertex 66.73 54.249 2
      vertex 66.7206 54.3926 4.96
      vertex 66.7206 54.3926 2
    endloop
  endfacet
  facet normal -0.997864 -0.0653198 0
    outer loop
      vertex 66.7206 54.3926 4.96
      vertex 66.73 54.249 2
      vertex 66.73 54.249 4.96
    endloop
  endfacet
  facet normal 0 0 1
    outer loop
      vertex 66.7206 54.3926 2
      vertex 66.7206 54.1054 2
      vertex 66.73 54.249 2
    endloop
  endfacet
  facet normal 0 0 1
    outer loop
      vertex 66.6925 54.5337 2
      vertex 66.7206 54.1054 2
      vertex 66.7206 54.3926 2
    endloop
  endfacet
  facet normal 0 0 1
    outer loop
      vertex 66.6925 54.5337 2
      vertex 66.6925 53.9643 2
      vertex 66.7206 54.1054 2
    endloop
  endfacet
  facet normal 0 0 1
    outer loop
      vertex 66.6463 54.67 2
      vertex 66.6925 53.9643 2
      vertex 66.6925 54.5337 2
    endloop
  endfacet
  facet normal 0 0 1
    outer loop
      vertex 66.6463 54.67 2
      vertex 66.6463 53.828 2
      vertex 66.6925 53.9643 2
    endloop
  endfacet
  facet normal 0 0 1
    outer loop
      vertex 66.5826 54.799 2
      vertex 66.6463 53.828 2
      vertex 66.6463 54.67 2
    endloop
  endfacet
  facet normal 0 0 1
    outer loop
      vertex 66.5826 54.799 2
      vertex 66.5826 53.699 2
      vertex 66.6463 53.828 2
    endloop
  endfacet
  facet normal 0 0 1
    outer loop
      vertex 66.5027 54.9186 2
      vertex 66.5826 53.699 2
      vertex 66.5826 54.799 2
    endloop
  endfacet
  facet normal 0 0 1
    outer loop
      vertex 66.5027 54.9186 2
      vertex 66.5027 53.5794 2
      vertex 66.5826 53.699 2
    endloop
  endfacet
  facet normal 0 0 1
    outer loop
      vertex 66.4078 55.0268 2
      vertex 66.5027 53.5794 2
      vertex 66.5027 54.9186 2
    endloop
  endfacet
  facet normal 0 0 1
    outer loop
      vertex 66.4078 55.0268 2
      vertex 66.4078 53.4712 2
      vertex 66.5027 53.5794 2
    endloop
  endfacet
  facet normal 0 0 1
    outer loop
      vertex 66.2996 55.1217 2
      vertex 66.4078 53.4712 2
      vertex 66.4078 55.0268 2
    endloop
  endfacet
  facet normal 0 0 1
    outer loop
      vertex 66.2996 55.1217 2
      vertex 66.2996 53.3763 2
      vertex 66.4078 53.4712 2
    endloop
  endfacet
  facet normal 0 0 1
    outer loop
      vertex 66.18 55.2016 2
      vertex 66.2996 53.3763 2
      vertex 66.2996 55.1217 2
    endloop
  endfacet
  facet normal 0 0 1
    outer loop
      vertex 66.18 55.2016 2
      vertex 66.18 53.2964 2
      vertex 66.2996 53.3763 2
    endloop
  endfacet
  facet normal 0 0 1
    outer loop
      vertex 66.0509 55.2653 2
      vertex 66.18 53.2964 2
      vertex 66.18 55.2016 2
    endloop
  endfacet
  facet normal 0 0 1
    outer loop
      vertex 66.0509 55.2653 2
      vertex 66.0509 53.2327 2
      vertex 66.18 53.2964 2
    endloop
  endfacet
  facet normal 0 0 1
    outer loop
      vertex 65.9147 55.3115 2
      vertex 66.0509 53.2327 2
      vertex 66.0509 55.2653 2
    endloop
  endfacet
  facet normal 0 0 1
    outer loop
      vertex 65.9147 55.3115 2
      vertex 65.9147 53.1865 2
      vertex 66.0509 53.2327 2
    endloop
  endfacet
  facet normal 0 0 1
    outer loop
      vertex 65.7736 55.3396 2
      vertex 65.9147 53.1865 2
      vertex 65.9147 55.3115 2
    endloop
  endfacet
  facet normal 0 0 1
    outer loop
      vertex 65.7736 55.3396 2
      vertex 65.7736 53.1584 2
      vertex 65.9147 53.1865 2
    endloop
  endfacet
  facet normal 0 0 1
    outer loop
      vertex 65.63 55.349 2
      vertex 65.7736 53.1584 2
      vertex 65.7736 55.3396 2
    endloop
  endfacet
  facet normal 0 0 1
    outer loop
      vertex 65.63 55.349 2
      vertex 65.63 53.149 2
      vertex 65.7736 53.1584 2
    endloop
  endfacet
  facet normal -0 0 1
    outer loop
      vertex 65.4864 55.3396 2
      vertex 65.63 53.149 2
      vertex 65.63 55.349 2
    endloop
  endfacet
  facet normal 0 0 1
    outer loop
      vertex 65.4864 55.3396 2
      vertex 65.4864 53.1584 2
      vertex 65.63 53.149 2
    endloop
  endfacet
  facet normal -0 0 1
    outer loop
      vertex 65.3453 55.3115 2
      vertex 65.4864 53.1584 2
      vertex 65.4864 55.3396 2
    endloop
  endfacet
  facet normal 0 0 1
    outer loop
      vertex 65.3453 55.3115 2
      vertex 65.3453 53.1865 2
      vertex 65.4864 53.1584 2
    endloop
  endfacet
  facet normal -0 0 1
    outer loop
      vertex 65.209 55.2653 2
      vertex 65.3453 53.1865 2
      vertex 65.3453 55.3115 2
    endloop
  endfacet
  facet normal 0 0 1
    outer loop
      vertex 65.209 55.2653 2
      vertex 65.209 53.2327 2
      vertex 65.3453 53.1865 2
    endloop
  endfacet
  facet normal -0 0 1
    outer loop
      vertex 65.08 55.2016 2
      vertex 65.209 53.2327 2
      vertex 65.209 55.2653 2
    endloop
  endfacet
  facet normal 0 0 1
    outer loop
      vertex 65.08 55.2016 2
      vertex 65.08 53.2964 2
      vertex 65.209 53.2327 2
    endloop
  endfacet
  facet normal -0 0 1
    outer loop
      vertex 64.9604 55.1217 2
      vertex 65.08 53.2964 2
      vertex 65.08 55.2016 2
    endloop
  endfacet
  facet normal 0 0 1
    outer loop
      vertex 64.9604 55.1217 2
      vertex 64.9604 53.3763 2
      vertex 65.08 53.2964 2
    endloop
  endfacet
  facet normal -0 0 1
    outer loop
      vertex 64.8522 55.0268 2
      vertex 64.9604 53.3763 2
      vertex 64.9604 55.1217 2
    endloop
  endfacet
  facet normal 0 0 1
    outer loop
      vertex 64.8522 55.0268 2
      vertex 64.8522 53.4712 2
      vertex 64.9604 53.3763 2
    endloop
  endfacet
  facet normal -0 0 1
    outer loop
      vertex 64.7573 54.9186 2
      vertex 64.8522 53.4712 2
      vertex 64.8522 55.0268 2
    endloop
  endfacet
  facet normal 0 0 1
    outer loop
      vertex 64.7573 54.9186 2
      vertex 64.7573 53.5794 2
      vertex 64.8522 53.4712 2
    endloop
  endfacet
  facet normal -0 0 1
    outer loop
      vertex 64.6774 54.799 2
      vertex 64.7573 53.5794 2
      vertex 64.7573 54.9186 2
    endloop
  endfacet
  facet normal 0 0 1
    outer loop
      vertex 64.6774 54.799 2
      vertex 64.6774 53.699 2
      vertex 64.7573 53.5794 2
    endloop
  endfacet
  facet normal -0 0 1
    outer loop
      vertex 64.6137 54.67 2
      vertex 64.6774 53.699 2
      vertex 64.6774 54.799 2
    endloop
  endfacet
  facet normal 0 0 1
    outer loop
      vertex 64.6137 54.67 2
      vertex 64.6137 53.828 2
      vertex 64.6774 53.699 2
    endloop
  endfacet
  facet normal -0 0 1
    outer loop
      vertex 64.5675 54.5337 2
      vertex 64.6137 53.828 2
      vertex 64.6137 54.67 2
    endloop
  endfacet
  facet normal 0 0 1
    outer loop
      vertex 64.5675 54.5337 2
      vertex 64.5675 53.9643 2
      vertex 64.6137 53.828 2
    endloop
  endfacet
  facet normal -0 0 1
    outer loop
      vertex 64.5394 54.3926 2
      vertex 64.5675 53.9643 2
      vertex 64.5675 54.5337 2
    endloop
  endfacet
  facet normal 0 0 1
    outer loop
      vertex 64.5394 54.3926 2
      vertex 64.5394 54.1054 2
      vertex 64.5675 53.9643 2
    endloop
  endfacet
  facet normal 0 -0 1
    outer loop
      vertex 64.5394 54.1054 2
      vertex 64.5394 54.3926 2
      vertex 64.53 54.249 2
    endloop
  endfacet
  facet normal 0.0653198 -0.997864 0
    outer loop
      vertex 65.4864 55.3396 2
      vertex 65.63 55.349 4.96
      vertex 65.4864 55.3396 4.96
    endloop
  endfacet
  facet normal 0.0653198 -0.997864 0
    outer loop
      vertex 65.63 55.349 4.96
      vertex 65.4864 55.3396 2
      vertex 65.63 55.349 2
    endloop
  endfacet
  facet normal 0.947073 0.321018 0
    outer loop
      vertex 64.6137 53.828 4.96
      vertex 64.5675 53.9643 2
      vertex 64.5675 53.9643 4.96
    endloop
  endfacet
  facet normal 0.947073 0.321018 0
    outer loop
      vertex 64.5675 53.9643 2
      vertex 64.6137 53.828 4.96
      vertex 64.6137 53.828 2
    endloop
  endfacet
  facet normal -0.65939 -0.751801 0
    outer loop
      vertex 66.2996 55.1217 2
      vertex 66.4078 55.0268 4.96
      vertex 66.2996 55.1217 4.96
    endloop
  endfacet
  facet normal -0.65939 -0.751801 -0
    outer loop
      vertex 66.4078 55.0268 4.96
      vertex 66.2996 55.1217 2
      vertex 66.4078 55.0268 2
    endloop
  endfacet
  facet normal -0.947073 -0.321018 0
    outer loop
      vertex 66.6925 54.5337 2
      vertex 66.6463 54.67 4.96
      vertex 66.6463 54.67 2
    endloop
  endfacet
  facet normal -0.947073 -0.321018 0
    outer loop
      vertex 66.6463 54.67 4.96
      vertex 66.6925 54.5337 2
      vertex 66.6925 54.5337 4.96
    endloop
  endfacet
  facet normal 0.831515 0.555502 0
    outer loop
      vertex 64.7573 53.5794 4.96
      vertex 64.6774 53.699 2
      vertex 64.6774 53.699 4.96
    endloop
  endfacet
  facet normal 0.831515 0.555502 0
    outer loop
      vertex 64.6774 53.699 2
      vertex 64.7573 53.5794 4.96
      vertex 64.7573 53.5794 2
    endloop
  endfacet
  facet normal -0.89664 0.44276 0
    outer loop
      vertex 66.5826 53.699 2
      vertex 66.6463 53.828 4.96
      vertex 66.6463 53.828 2
    endloop
  endfacet
  facet normal -0.89664 0.44276 0
    outer loop
      vertex 66.6463 53.828 4.96
      vertex 66.5826 53.699 2
      vertex 66.5826 53.699 4.96
    endloop
  endfacet
  facet normal 0.980741 -0.195314 0
    outer loop
      vertex 64.5394 54.3926 4.96
      vertex 64.5675 54.5337 2
      vertex 64.5675 54.5337 4.96
    endloop
  endfacet
  facet normal 0.980741 -0.195314 0
    outer loop
      vertex 64.5675 54.5337 2
      vertex 64.5394 54.3926 4.96
      vertex 64.5394 54.3926 2
    endloop
  endfacet
  facet normal 0.195314 -0.980741 0
    outer loop
      vertex 65.3453 55.3115 2
      vertex 65.4864 55.3396 4.96
      vertex 65.3453 55.3115 4.96
    endloop
  endfacet
  facet normal 0.195314 -0.980741 0
    outer loop
      vertex 65.4864 55.3396 4.96
      vertex 65.3453 55.3115 2
      vertex 65.4864 55.3396 2
    endloop
  endfacet
  facet normal 0.44276 -0.89664 0
    outer loop
      vertex 65.08 55.2016 2
      vertex 65.209 55.2653 4.96
      vertex 65.08 55.2016 4.96
    endloop
  endfacet
  facet normal 0.44276 -0.89664 0
    outer loop
      vertex 65.209 55.2653 4.96
      vertex 65.08 55.2016 2
      vertex 65.209 55.2653 2
    endloop
  endfacet
  facet normal -0.555502 -0.831515 0
    outer loop
      vertex 66.18 55.2016 2
      vertex 66.2996 55.1217 4.96
      vertex 66.18 55.2016 4.96
    endloop
  endfacet
  facet normal -0.555502 -0.831515 -0
    outer loop
      vertex 66.2996 55.1217 4.96
      vertex 66.18 55.2016 2
      vertex 66.2996 55.1217 2
    endloop
  endfacet
  facet normal -0.831515 -0.555502 0
    outer loop
      vertex 66.5826 54.799 2
      vertex 66.5027 54.9186 4.96
      vertex 66.5027 54.9186 2
    endloop
  endfacet
  facet normal -0.831515 -0.555502 0
    outer loop
      vertex 66.5027 54.9186 4.96
      vertex 66.5826 54.799 2
      vertex 66.5826 54.799 4.96
    endloop
  endfacet
  facet normal 0.89664 -0.44276 0
    outer loop
      vertex 64.6137 54.67 4.96
      vertex 64.6774 54.799 2
      vertex 64.6774 54.799 4.96
    endloop
  endfacet
  facet normal 0.89664 -0.44276 0
    outer loop
      vertex 64.6774 54.799 2
      vertex 64.6137 54.67 4.96
      vertex 64.6137 54.67 2
    endloop
  endfacet
  facet normal 0.321018 0.947073 -0
    outer loop
      vertex 65.3453 53.1865 2
      vertex 65.209 53.2327 4.96
      vertex 65.3453 53.1865 4.96
    endloop
  endfacet
  facet normal 0.321018 0.947073 0
    outer loop
      vertex 65.209 53.2327 4.96
      vertex 65.3453 53.1865 2
      vertex 65.209 53.2327 2
    endloop
  endfacet
  facet normal 0.195314 0.980741 -0
    outer loop
      vertex 65.4864 53.1584 2
      vertex 65.3453 53.1865 4.96
      vertex 65.4864 53.1584 4.96
    endloop
  endfacet
  facet normal 0.195314 0.980741 0
    outer loop
      vertex 65.3453 53.1865 4.96
      vertex 65.4864 53.1584 2
      vertex 65.3453 53.1865 2
    endloop
  endfacet
  facet normal 0.980741 0.195314 0
    outer loop
      vertex 64.5675 53.9643 4.96
      vertex 64.5394 54.1054 2
      vertex 64.5394 54.1054 4.96
    endloop
  endfacet
  facet normal 0.980741 0.195314 0
    outer loop
      vertex 64.5394 54.1054 2
      vertex 64.5675 53.9643 4.96
      vertex 64.5675 53.9643 2
    endloop
  endfacet
  facet normal 0.751801 -0.65939 0
    outer loop
      vertex 64.7573 54.9186 4.96
      vertex 64.8522 55.0268 2
      vertex 64.8522 55.0268 4.96
    endloop
  endfacet
  facet normal 0.751801 -0.65939 0
    outer loop
      vertex 64.8522 55.0268 2
      vertex 64.7573 54.9186 4.96
      vertex 64.7573 54.9186 2
    endloop
  endfacet
  facet normal -0.751801 0.65939 0
    outer loop
      vertex 66.4078 53.4712 2
      vertex 66.5027 53.5794 4.96
      vertex 66.5027 53.5794 2
    endloop
  endfacet
  facet normal -0.751801 0.65939 0
    outer loop
      vertex 66.5027 53.5794 4.96
      vertex 66.4078 53.4712 2
      vertex 66.4078 53.4712 4.96
    endloop
  endfacet
  facet normal 0.997864 -0.0653198 0
    outer loop
      vertex 64.53 54.249 4.96
      vertex 64.5394 54.3926 2
      vertex 64.5394 54.3926 4.96
    endloop
  endfacet
  facet normal 0.997864 -0.0653198 0
    outer loop
      vertex 64.5394 54.3926 2
      vertex 64.53 54.249 4.96
      vertex 64.53 54.249 2
    endloop
  endfacet
  facet normal -0.32123 -0.947001 0
    outer loop
      vertex 65.9147 55.3115 2
      vertex 66.0509 55.2653 4.96
      vertex 65.9147 55.3115 4.96
    endloop
  endfacet
  facet normal -0.32123 -0.947001 -0
    outer loop
      vertex 66.0509 55.2653 4.96
      vertex 65.9147 55.3115 2
      vertex 66.0509 55.2653 2
    endloop
  endfacet
  facet normal 0.321018 -0.947073 0
    outer loop
      vertex 65.209 55.2653 2
      vertex 65.3453 55.3115 4.96
      vertex 65.209 55.2653 4.96
    endloop
  endfacet
  facet normal 0.321018 -0.947073 0
    outer loop
      vertex 65.3453 55.3115 4.96
      vertex 65.209 55.2653 2
      vertex 65.3453 55.3115 2
    endloop
  endfacet
  facet normal 0.65939 0.751801 -0
    outer loop
      vertex 64.9604 53.3763 2
      vertex 64.8522 53.4712 4.96
      vertex 64.9604 53.3763 4.96
    endloop
  endfacet
  facet normal 0.65939 0.751801 0
    outer loop
      vertex 64.8522 53.4712 4.96
      vertex 64.9604 53.3763 2
      vertex 64.8522 53.4712 2
    endloop
  endfacet
  facet normal 0.751801 0.65939 0
    outer loop
      vertex 64.8522 53.4712 4.96
      vertex 64.7573 53.5794 2
      vertex 64.7573 53.5794 4.96
    endloop
  endfacet
  facet normal 0.751801 0.65939 0
    outer loop
      vertex 64.7573 53.5794 2
      vertex 64.8522 53.4712 4.96
      vertex 64.8522 53.4712 2
    endloop
  endfacet
  facet normal 0.947073 -0.321018 0
    outer loop
      vertex 64.5675 54.5337 4.96
      vertex 64.6137 54.67 2
      vertex 64.6137 54.67 4.96
    endloop
  endfacet
  facet normal 0.947073 -0.321018 0
    outer loop
      vertex 64.6137 54.67 2
      vertex 64.5675 54.5337 4.96
      vertex 64.5675 54.5337 2
    endloop
  endfacet
  facet normal -0.997864 0.0653198 0
    outer loop
      vertex 66.7206 54.1054 2
      vertex 66.73 54.249 4.96
      vertex 66.73 54.249 2
    endloop
  endfacet
  facet normal -0.997864 0.0653198 0
    outer loop
      vertex 66.73 54.249 4.96
      vertex 66.7206 54.1054 2
      vertex 66.7206 54.1054 4.96
    endloop
  endfacet
  facet normal -0.980741 0.195314 0
    outer loop
      vertex 66.6925 53.9643 2
      vertex 66.7206 54.1054 4.96
      vertex 66.7206 54.1054 2
    endloop
  endfacet
  facet normal -0.980741 0.195314 0
    outer loop
      vertex 66.7206 54.1054 4.96
      vertex 66.6925 53.9643 2
      vertex 66.6925 53.9643 4.96
    endloop
  endfacet
  facet normal -0.947073 0.321018 0
    outer loop
      vertex 66.6463 53.828 2
      vertex 66.6925 53.9643 4.96
      vertex 66.6925 53.9643 2
    endloop
  endfacet
  facet normal -0.947073 0.321018 0
    outer loop
      vertex 66.6925 53.9643 4.96
      vertex 66.6463 53.828 2
      vertex 66.6463 53.828 4.96
    endloop
  endfacet
  facet normal -0.0653198 -0.997864 0
    outer loop
      vertex 65.63 55.349 2
      vertex 65.7736 55.3396 4.96
      vertex 65.63 55.349 4.96
    endloop
  endfacet
  facet normal -0.0653198 -0.997864 -0
    outer loop
      vertex 65.7736 55.3396 4.96
      vertex 65.63 55.349 2
      vertex 65.7736 55.3396 2
    endloop
  endfacet
  facet normal 0.44276 0.89664 -0
    outer loop
      vertex 65.209 53.2327 2
      vertex 65.08 53.2964 4.96
      vertex 65.209 53.2327 4.96
    endloop
  endfacet
  facet normal 0.44276 0.89664 0
    outer loop
      vertex 65.08 53.2964 4.96
      vertex 65.209 53.2327 2
      vertex 65.08 53.2964 2
    endloop
  endfacet
  facet normal -0.195314 0.980741 0
    outer loop
      vertex 65.9147 53.1865 2
      vertex 65.7736 53.1584 4.96
      vertex 65.9147 53.1865 4.96
    endloop
  endfacet
  facet normal -0.195314 0.980741 0
    outer loop
      vertex 65.7736 53.1584 4.96
      vertex 65.9147 53.1865 2
      vertex 65.7736 53.1584 2
    endloop
  endfacet
  facet normal -0.195314 -0.980741 0
    outer loop
      vertex 65.7736 55.3396 2
      vertex 65.9147 55.3115 4.96
      vertex 65.7736 55.3396 4.96
    endloop
  endfacet
  facet normal -0.195314 -0.980741 -0
    outer loop
      vertex 65.9147 55.3115 4.96
      vertex 65.7736 55.3396 2
      vertex 65.9147 55.3115 2
    endloop
  endfacet
  facet normal 0.0653198 0.997864 -0
    outer loop
      vertex 65.63 53.149 2
      vertex 65.4864 53.1584 4.96
      vertex 65.63 53.149 4.96
    endloop
  endfacet
  facet normal 0.0653198 0.997864 0
    outer loop
      vertex 65.4864 53.1584 4.96
      vertex 65.63 53.149 2
      vertex 65.4864 53.1584 2
    endloop
  endfacet
  facet normal 0.831515 -0.555502 0
    outer loop
      vertex 64.6774 54.799 4.96
      vertex 64.7573 54.9186 2
      vertex 64.7573 54.9186 4.96
    endloop
  endfacet
  facet normal 0.831515 -0.555502 0
    outer loop
      vertex 64.7573 54.9186 2
      vertex 64.6774 54.799 4.96
      vertex 64.6774 54.799 2
    endloop
  endfacet
  facet normal -0.32123 0.947001 0
    outer loop
      vertex 66.0509 53.2327 2
      vertex 65.9147 53.1865 4.96
      vertex 66.0509 53.2327 4.96
    endloop
  endfacet
  facet normal -0.32123 0.947001 0
    outer loop
      vertex 65.9147 53.1865 4.96
      vertex 66.0509 53.2327 2
      vertex 65.9147 53.1865 2
    endloop
  endfacet
  facet normal 0.997864 0.0653198 0
    outer loop
      vertex 64.5394 54.1054 4.96
      vertex 64.53 54.249 2
      vertex 64.53 54.249 4.96
    endloop
  endfacet
  facet normal 0.997864 0.0653198 0
    outer loop
      vertex 64.53 54.249 2
      vertex 64.5394 54.1054 4.96
      vertex 64.5394 54.1054 2
    endloop
  endfacet
  facet normal -0.442484 0.896776 0
    outer loop
      vertex 66.18 53.2964 2
      vertex 66.0509 53.2327 4.96
      vertex 66.18 53.2964 4.96
    endloop
  endfacet
  facet normal -0.442484 0.896776 0
    outer loop
      vertex 66.0509 53.2327 4.96
      vertex 66.18 53.2964 2
      vertex 66.0509 53.2327 2
    endloop
  endfacet
  facet normal -0.555502 0.831515 0
    outer loop
      vertex 66.2996 53.3763 2
      vertex 66.18 53.2964 4.96
      vertex 66.2996 53.3763 4.96
    endloop
  endfacet
  facet normal -0.555502 0.831515 0
    outer loop
      vertex 66.18 53.2964 4.96
      vertex 66.2996 53.3763 2
      vertex 66.18 53.2964 2
    endloop
  endfacet
  facet normal 0.555502 0.831515 -0
    outer loop
      vertex 65.08 53.2964 2
      vertex 64.9604 53.3763 4.96
      vertex 65.08 53.2964 4.96
    endloop
  endfacet
  facet normal 0.555502 0.831515 0
    outer loop
      vertex 64.9604 53.3763 4.96
      vertex 65.08 53.2964 2
      vertex 64.9604 53.3763 2
    endloop
  endfacet
  facet normal -0.321481 0.946916 0
    outer loop
      vertex 74.4975 4.79896 2
      vertex 74.3365 4.7443 29.6
      vertex 74.4975 4.79896 29.6
    endloop
  endfacet
  facet normal -0.321481 0.946916 0
    outer loop
      vertex 74.3365 4.7443 29.6
      vertex 74.4975 4.79896 2
      vertex 74.3365 4.7443 2
    endloop
  endfacet
  facet normal -0.980757 -0.195234 0
    outer loop
      vertex 75.2889 6.16968 2
      vertex 75.2557 6.33646 29.6
      vertex 75.2557 6.33646 2
    endloop
  endfacet
  facet normal -0.980757 -0.195234 0
    outer loop
      vertex 75.2557 6.33646 29.6
      vertex 75.2889 6.16968 2
      vertex 75.2889 6.16968 29.6
    endloop
  endfacet
  facet normal -0.997867 -0.0652777 0
    outer loop
      vertex 75.3 6 2
      vertex 75.2889 6.16968 29.6
      vertex 75.2889 6.16968 2
    endloop
  endfacet
  facet normal -0.997867 -0.0652777 0
    outer loop
      vertex 75.2889 6.16968 29.6
      vertex 75.3 6 2
      vertex 75.3 6 29.6
    endloop
  endfacet
  facet normal -0.946863 -0.321638 0
    outer loop
      vertex 75.2557 6.33646 2
      vertex 75.201 6.49749 29.6
      vertex 75.201 6.49749 2
    endloop
  endfacet
  facet normal -0.946863 -0.321638 0
    outer loop
      vertex 75.201 6.49749 29.6
      vertex 75.2557 6.33646 2
      vertex 75.2557 6.33646 29.6
    endloop
  endfacet
  facet normal -0.321481 -0.946916 0
    outer loop
      vertex 74.3365 7.2557 2
      vertex 74.4975 7.20104 29.6
      vertex 74.3365 7.2557 29.6
    endloop
  endfacet
  facet normal -0.321481 -0.946916 -0
    outer loop
      vertex 74.4975 7.20104 29.6
      vertex 74.3365 7.2557 2
      vertex 74.4975 7.20104 2
    endloop
  endfacet
  facet normal 0.896895 -0.442243 0
    outer loop
      vertex 72.799 6.49749 29.6
      vertex 72.8742 6.65 2
      vertex 72.8742 6.65 29.6
    endloop
  endfacet
  facet normal 0.896895 -0.442243 0
    outer loop
      vertex 72.8742 6.65 2
      vertex 72.799 6.49749 29.6
      vertex 72.799 6.49749 2
    endloop
  endfacet
  facet normal 0.751611 0.659607 0
    outer loop
      vertex 73.0808 5.08076 29.6
      vertex 72.9686 5.20861 2
      vertex 72.9686 5.20861 29.6
    endloop
  endfacet
  facet normal 0.751611 0.659607 0
    outer loop
      vertex 72.9686 5.20861 2
      vertex 73.0808 5.08076 29.6
      vertex 73.0808 5.08076 2
    endloop
  endfacet
  facet normal -0.83167 -0.55527 0
    outer loop
      vertex 75.1258 6.65 2
      vertex 75.0314 6.79139 29.6
      vertex 75.0314 6.79139 2
    endloop
  endfacet
  facet normal -0.83167 -0.55527 0
    outer loop
      vertex 75.0314 6.79139 29.6
      vertex 75.1258 6.65 2
      vertex 75.1258 6.65 29.6
    endloop
  endfacet
  facet normal -0.896895 -0.442243 0
    outer loop
      vertex 75.201 6.49749 2
      vertex 75.1258 6.65 29.6
      vertex 75.1258 6.65 2
    endloop
  endfacet
  facet normal -0.896895 -0.442243 0
    outer loop
      vertex 75.1258 6.65 29.6
      vertex 75.201 6.49749 2
      vertex 75.201 6.49749 29.6
    endloop
  endfacet
  facet normal 0.659487 0.751716 -0
    outer loop
      vertex 73.2086 4.96864 2
      vertex 73.0808 5.08076 29.6
      vertex 73.2086 4.96864 29.6
    endloop
  endfacet
  facet normal 0.659487 0.751716 0
    outer loop
      vertex 73.0808 5.08076 29.6
      vertex 73.2086 4.96864 2
      vertex 73.0808 5.08076 2
    endloop
  endfacet
  facet normal 0.751611 -0.659607 0
    outer loop
      vertex 72.9686 6.79139 29.6
      vertex 73.0808 6.91924 2
      vertex 73.0808 6.91924 29.6
    endloop
  endfacet
  facet normal 0.751611 -0.659607 0
    outer loop
      vertex 73.0808 6.91924 2
      vertex 72.9686 6.79139 29.6
      vertex 72.9686 6.79139 2
    endloop
  endfacet
  facet normal 0.83167 -0.55527 0
    outer loop
      vertex 72.8742 6.65 29.6
      vertex 72.9686 6.79139 2
      vertex 72.9686 6.79139 29.6
    endloop
  endfacet
  facet normal 0.83167 -0.55527 0
    outer loop
      vertex 72.9686 6.79139 2
      vertex 72.8742 6.65 29.6
      vertex 72.8742 6.65 2
    endloop
  endfacet
  facet normal 0.195098 -0.980784 0
    outer loop
      vertex 73.6635 7.2557 2
      vertex 73.8303 7.28888 29.6
      vertex 73.6635 7.2557 29.6
    endloop
  endfacet
  facet normal 0.195098 -0.980784 0
    outer loop
      vertex 73.8303 7.28888 29.6
      vertex 73.6635 7.2557 2
      vertex 73.8303 7.28888 2
    endloop
  endfacet
  facet normal -0.442314 0.89686 0
    outer loop
      vertex 74.65 4.87417 2
      vertex 74.4975 4.79896 29.6
      vertex 74.65 4.87417 29.6
    endloop
  endfacet
  facet normal -0.442314 0.89686 0
    outer loop
      vertex 74.4975 4.79896 29.6
      vertex 74.65 4.87417 2
      vertex 74.4975 4.79896 2
    endloop
  endfacet
  facet normal 0.946863 -0.321638 0
    outer loop
      vertex 72.7443 6.33646 29.6
      vertex 72.799 6.49749 2
      vertex 72.799 6.49749 29.6
    endloop
  endfacet
  facet normal 0.946863 -0.321638 0
    outer loop
      vertex 72.799 6.49749 2
      vertex 72.7443 6.33646 29.6
      vertex 72.7443 6.33646 2
    endloop
  endfacet
  facet normal 0.442314 -0.89686 0
    outer loop
      vertex 73.35 7.12583 2
      vertex 73.5025 7.20104 29.6
      vertex 73.35 7.12583 29.6
    endloop
  endfacet
  facet normal 0.442314 -0.89686 0
    outer loop
      vertex 73.5025 7.20104 29.6
      vertex 73.35 7.12583 2
      vertex 73.5025 7.20104 2
    endloop
  endfacet
  facet normal 0.321481 0.946916 -0
    outer loop
      vertex 73.6635 4.7443 2
      vertex 73.5025 4.79896 29.6
      vertex 73.6635 4.7443 29.6
    endloop
  endfacet
  facet normal 0.321481 0.946916 0
    outer loop
      vertex 73.5025 4.79896 29.6
      vertex 73.6635 4.7443 2
      vertex 73.5025 4.79896 2
    endloop
  endfacet
  facet normal -0.83167 0.55527 0
    outer loop
      vertex 75.0314 5.20861 2
      vertex 75.1258 5.35 29.6
      vertex 75.1258 5.35 2
    endloop
  endfacet
  facet normal -0.83167 0.55527 0
    outer loop
      vertex 75.1258 5.35 29.6
      vertex 75.0314 5.20861 2
      vertex 75.0314 5.20861 29.6
    endloop
  endfacet
  facet normal -0.195098 0.980784 0
    outer loop
      vertex 74.3365 4.7443 2
      vertex 74.1697 4.71112 29.6
      vertex 74.3365 4.7443 29.6
    endloop
  endfacet
  facet normal -0.195098 0.980784 0
    outer loop
      vertex 74.1697 4.71112 29.6
      vertex 74.3365 4.7443 2
      vertex 74.1697 4.71112 2
    endloop
  endfacet
  facet normal -0.0653872 -0.99786 0
    outer loop
      vertex 74 7.3 2
      vertex 74.1697 7.28888 29.6
      vertex 74 7.3 29.6
    endloop
  endfacet
  facet normal -0.0653872 -0.99786 -0
    outer loop
      vertex 74.1697 7.28888 29.6
      vertex 74 7.3 2
      vertex 74.1697 7.28888 2
    endloop
  endfacet
  facet normal -0.980757 0.195234 0
    outer loop
      vertex 75.2557 5.66354 2
      vertex 75.2889 5.83032 29.6
      vertex 75.2889 5.83032 2
    endloop
  endfacet
  facet normal -0.980757 0.195234 0
    outer loop
      vertex 75.2889 5.83032 29.6
      vertex 75.2557 5.66354 2
      vertex 75.2557 5.66354 29.6
    endloop
  endfacet
  facet normal -0.555528 0.831498 0
    outer loop
      vertex 74.7914 4.96864 2
      vertex 74.65 4.87417 29.6
      vertex 74.7914 4.96864 29.6
    endloop
  endfacet
  facet normal -0.555528 0.831498 0
    outer loop
      vertex 74.65 4.87417 29.6
      vertex 74.7914 4.96864 2
      vertex 74.65 4.87417 2
    endloop
  endfacet
  facet normal -0.555528 -0.831498 0
    outer loop
      vertex 74.65 7.12583 2
      vertex 74.7914 7.03136 29.6
      vertex 74.65 7.12583 29.6
    endloop
  endfacet
  facet normal -0.555528 -0.831498 -0
    outer loop
      vertex 74.7914 7.03136 29.6
      vertex 74.65 7.12583 2
      vertex 74.7914 7.03136 2
    endloop
  endfacet
  facet normal -0.896895 0.442243 0
    outer loop
      vertex 75.1258 5.35 2
      vertex 75.201 5.50251 29.6
      vertex 75.201 5.50251 2
    endloop
  endfacet
  facet normal -0.896895 0.442243 0
    outer loop
      vertex 75.201 5.50251 29.6
      vertex 75.1258 5.35 2
      vertex 75.1258 5.35 29.6
    endloop
  endfacet
  facet normal 0.555528 -0.831498 0
    outer loop
      vertex 73.2086 7.03136 2
      vertex 73.35 7.12583 29.6
      vertex 73.2086 7.03136 29.6
    endloop
  endfacet
  facet normal 0.555528 -0.831498 0
    outer loop
      vertex 73.35 7.12583 29.6
      vertex 73.2086 7.03136 2
      vertex 73.35 7.12583 2
    endloop
  endfacet
  facet normal -0.751611 0.659607 0
    outer loop
      vertex 74.9192 5.08076 2
      vertex 75.0314 5.20861 29.6
      vertex 75.0314 5.20861 2
    endloop
  endfacet
  facet normal -0.751611 0.659607 0
    outer loop
      vertex 75.0314 5.20861 29.6
      vertex 74.9192 5.08076 2
      vertex 74.9192 5.08076 29.6
    endloop
  endfacet
  facet normal -0.195098 -0.980784 0
    outer loop
      vertex 74.1697 7.28888 2
      vertex 74.3365 7.2557 29.6
      vertex 74.1697 7.28888 29.6
    endloop
  endfacet
  facet normal -0.195098 -0.980784 -0
    outer loop
      vertex 74.3365 7.2557 29.6
      vertex 74.1697 7.28888 2
      vertex 74.3365 7.2557 2
    endloop
  endfacet
  facet normal 0.659487 -0.751716 0
    outer loop
      vertex 73.0808 6.91924 2
      vertex 73.2086 7.03136 29.6
      vertex 73.0808 6.91924 29.6
    endloop
  endfacet
  facet normal 0.659487 -0.751716 0
    outer loop
      vertex 73.2086 7.03136 29.6
      vertex 73.0808 6.91924 2
      vertex 73.2086 7.03136 2
    endloop
  endfacet
  facet normal 0.321481 -0.946916 0
    outer loop
      vertex 73.5025 7.20104 2
      vertex 73.6635 7.2557 29.6
      vertex 73.5025 7.20104 29.6
    endloop
  endfacet
  facet normal 0.321481 -0.946916 0
    outer loop
      vertex 73.6635 7.2557 29.6
      vertex 73.5025 7.20104 2
      vertex 73.6635 7.2557 2
    endloop
  endfacet
  facet normal -0.997867 0.0652777 0
    outer loop
      vertex 75.2889 5.83032 2
      vertex 75.3 6 29.6
      vertex 75.3 6 2
    endloop
  endfacet
  facet normal -0.997867 0.0652777 0
    outer loop
      vertex 75.3 6 29.6
      vertex 75.2889 5.83032 2
      vertex 75.2889 5.83032 29.6
    endloop
  endfacet
  facet normal 0.980757 0.195234 0
    outer loop
      vertex 72.7443 5.66354 29.6
      vertex 72.7111 5.83032 2
      vertex 72.7111 5.83032 29.6
    endloop
  endfacet
  facet normal 0.980757 0.195234 0
    outer loop
      vertex 72.7111 5.83032 2
      vertex 72.7443 5.66354 29.6
      vertex 72.7443 5.66354 2
    endloop
  endfacet
  facet normal -0.659487 -0.751716 0
    outer loop
      vertex 74.7914 7.03136 2
      vertex 74.9192 6.91924 29.6
      vertex 74.7914 7.03136 29.6
    endloop
  endfacet
  facet normal -0.659487 -0.751716 -0
    outer loop
      vertex 74.9192 6.91924 29.6
      vertex 74.7914 7.03136 2
      vertex 74.9192 6.91924 2
    endloop
  endfacet
  facet normal -0.0653872 0.99786 0
    outer loop
      vertex 74.1697 4.71112 2
      vertex 74 4.7 29.6
      vertex 74.1697 4.71112 29.6
    endloop
  endfacet
  facet normal -0.0653872 0.99786 0
    outer loop
      vertex 74 4.7 29.6
      vertex 74.1697 4.71112 2
      vertex 74 4.7 2
    endloop
  endfacet
  facet normal 0.896895 0.442243 0
    outer loop
      vertex 72.8742 5.35 29.6
      vertex 72.799 5.50251 2
      vertex 72.799 5.50251 29.6
    endloop
  endfacet
  facet normal 0.896895 0.442243 0
    outer loop
      vertex 72.799 5.50251 2
      vertex 72.8742 5.35 29.6
      vertex 72.8742 5.35 2
    endloop
  endfacet
  facet normal 0.442314 0.89686 -0
    outer loop
      vertex 73.5025 4.79896 2
      vertex 73.35 4.87417 29.6
      vertex 73.5025 4.79896 29.6
    endloop
  endfacet
  facet normal 0.442314 0.89686 0
    outer loop
      vertex 73.35 4.87417 29.6
      vertex 73.5025 4.79896 2
      vertex 73.35 4.87417 2
    endloop
  endfacet
  facet normal 0.83167 0.55527 0
    outer loop
      vertex 72.9686 5.20861 29.6
      vertex 72.8742 5.35 2
      vertex 72.8742 5.35 29.6
    endloop
  endfacet
  facet normal 0.83167 0.55527 0
    outer loop
      vertex 72.8742 5.35 2
      vertex 72.9686 5.20861 29.6
      vertex 72.9686 5.20861 2
    endloop
  endfacet
  facet normal -0.751611 -0.659607 0
    outer loop
      vertex 75.0314 6.79139 2
      vertex 74.9192 6.91924 29.6
      vertex 74.9192 6.91924 2
    endloop
  endfacet
  facet normal -0.751611 -0.659607 0
    outer loop
      vertex 74.9192 6.91924 29.6
      vertex 75.0314 6.79139 2
      vertex 75.0314 6.79139 29.6
    endloop
  endfacet
  facet normal -0.946863 0.321638 0
    outer loop
      vertex 75.201 5.50251 2
      vertex 75.2557 5.66354 29.6
      vertex 75.2557 5.66354 2
    endloop
  endfacet
  facet normal -0.946863 0.321638 0
    outer loop
      vertex 75.2557 5.66354 29.6
      vertex 75.201 5.50251 2
      vertex 75.201 5.50251 29.6
    endloop
  endfacet
  facet normal 0.0653872 -0.99786 0
    outer loop
      vertex 73.8303 7.28888 2
      vertex 74 7.3 29.6
      vertex 73.8303 7.28888 29.6
    endloop
  endfacet
  facet normal 0.0653872 -0.99786 0
    outer loop
      vertex 74 7.3 29.6
      vertex 73.8303 7.28888 2
      vertex 74 7.3 2
    endloop
  endfacet
  facet normal -0.442314 -0.89686 0
    outer loop
      vertex 74.4975 7.20104 2
      vertex 74.65 7.12583 29.6
      vertex 74.4975 7.20104 29.6
    endloop
  endfacet
  facet normal -0.442314 -0.89686 -0
    outer loop
      vertex 74.65 7.12583 29.6
      vertex 74.4975 7.20104 2
      vertex 74.65 7.12583 2
    endloop
  endfacet
  facet normal 0.980757 -0.195234 0
    outer loop
      vertex 72.7111 6.16968 29.6
      vertex 72.7443 6.33646 2
      vertex 72.7443 6.33646 29.6
    endloop
  endfacet
  facet normal 0.980757 -0.195234 0
    outer loop
      vertex 72.7443 6.33646 2
      vertex 72.7111 6.16968 29.6
      vertex 72.7111 6.16968 2
    endloop
  endfacet
  facet normal 0.946863 0.321638 0
    outer loop
      vertex 72.799 5.50251 29.6
      vertex 72.7443 5.66354 2
      vertex 72.7443 5.66354 29.6
    endloop
  endfacet
  facet normal 0.946863 0.321638 0
    outer loop
      vertex 72.7443 5.66354 2
      vertex 72.799 5.50251 29.6
      vertex 72.799 5.50251 2
    endloop
  endfacet
  facet normal 0.997867 0.0652777 0
    outer loop
      vertex 72.7111 5.83032 29.6
      vertex 72.7 6 2
      vertex 72.7 6 29.6
    endloop
  endfacet
  facet normal 0.997867 0.0652777 0
    outer loop
      vertex 72.7 6 2
      vertex 72.7111 5.83032 29.6
      vertex 72.7111 5.83032 2
    endloop
  endfacet
  facet normal 0.997867 -0.0652777 0
    outer loop
      vertex 72.7 6 29.6
      vertex 72.7111 6.16968 2
      vertex 72.7111 6.16968 29.6
    endloop
  endfacet
  facet normal 0.997867 -0.0652777 0
    outer loop
      vertex 72.7111 6.16968 2
      vertex 72.7 6 29.6
      vertex 72.7 6 2
    endloop
  endfacet
  facet normal 0.555528 0.831498 -0
    outer loop
      vertex 73.35 4.87417 2
      vertex 73.2086 4.96864 29.6
      vertex 73.35 4.87417 29.6
    endloop
  endfacet
  facet normal 0.555528 0.831498 0
    outer loop
      vertex 73.2086 4.96864 29.6
      vertex 73.35 4.87417 2
      vertex 73.2086 4.96864 2
    endloop
  endfacet
  facet normal 0 0 1
    outer loop
      vertex 75.2889 6.16968 2
      vertex 75.2889 5.83032 2
      vertex 75.3 6 2
    endloop
  endfacet
  facet normal 0 0 1
    outer loop
      vertex 75.2557 6.33646 2
      vertex 75.2889 5.83032 2
      vertex 75.2889 6.16968 2
    endloop
  endfacet
  facet normal 0 0 1
    outer loop
      vertex 75.2557 6.33646 2
      vertex 75.2557 5.66354 2
      vertex 75.2889 5.83032 2
    endloop
  endfacet
  facet normal 0 0 1
    outer loop
      vertex 75.201 6.49749 2
      vertex 75.2557 5.66354 2
      vertex 75.2557 6.33646 2
    endloop
  endfacet
  facet normal 0 0 1
    outer loop
      vertex 75.201 6.49749 2
      vertex 75.201 5.50251 2
      vertex 75.2557 5.66354 2
    endloop
  endfacet
  facet normal 0 0 1
    outer loop
      vertex 75.1258 6.65 2
      vertex 75.201 5.50251 2
      vertex 75.201 6.49749 2
    endloop
  endfacet
  facet normal 0 0 1
    outer loop
      vertex 75.1258 6.65 2
      vertex 75.1258 5.35 2
      vertex 75.201 5.50251 2
    endloop
  endfacet
  facet normal 0 0 1
    outer loop
      vertex 75.0314 6.79139 2
      vertex 75.1258 5.35 2
      vertex 75.1258 6.65 2
    endloop
  endfacet
  facet normal 0 0 1
    outer loop
      vertex 75.0314 6.79139 2
      vertex 75.0314 5.20861 2
      vertex 75.1258 5.35 2
    endloop
  endfacet
  facet normal 0 0 1
    outer loop
      vertex 74.9192 6.91924 2
      vertex 75.0314 5.20861 2
      vertex 75.0314 6.79139 2
    endloop
  endfacet
  facet normal 0 0 1
    outer loop
      vertex 74.9192 6.91924 2
      vertex 74.9192 5.08076 2
      vertex 75.0314 5.20861 2
    endloop
  endfacet
  facet normal 0 0 1
    outer loop
      vertex 74.7914 7.03136 2
      vertex 74.9192 5.08076 2
      vertex 74.9192 6.91924 2
    endloop
  endfacet
  facet normal 0 0 1
    outer loop
      vertex 74.7914 7.03136 2
      vertex 74.7914 4.96864 2
      vertex 74.9192 5.08076 2
    endloop
  endfacet
  facet normal 0 0 1
    outer loop
      vertex 74.65 7.12583 2
      vertex 74.7914 4.96864 2
      vertex 74.7914 7.03136 2
    endloop
  endfacet
  facet normal 0 0 1
    outer loop
      vertex 74.65 7.12583 2
      vertex 74.65 4.87417 2
      vertex 74.7914 4.96864 2
    endloop
  endfacet
  facet normal 0 0 1
    outer loop
      vertex 74.4975 7.20104 2
      vertex 74.65 4.87417 2
      vertex 74.65 7.12583 2
    endloop
  endfacet
  facet normal 0 0 1
    outer loop
      vertex 74.4975 7.20104 2
      vertex 74.4975 4.79896 2
      vertex 74.65 4.87417 2
    endloop
  endfacet
  facet normal 0 0 1
    outer loop
      vertex 74.3365 7.2557 2
      vertex 74.4975 4.79896 2
      vertex 74.4975 7.20104 2
    endloop
  endfacet
  facet normal 0 0 1
    outer loop
      vertex 74.3365 7.2557 2
      vertex 74.3365 4.7443 2
      vertex 74.4975 4.79896 2
    endloop
  endfacet
  facet normal 0 0 1
    outer loop
      vertex 74.1697 7.28888 2
      vertex 74.3365 4.7443 2
      vertex 74.3365 7.2557 2
    endloop
  endfacet
  facet normal 0 0 1
    outer loop
      vertex 74.1697 7.28888 2
      vertex 74.1697 4.71112 2
      vertex 74.3365 4.7443 2
    endloop
  endfacet
  facet normal 0 0 1
    outer loop
      vertex 74 7.3 2
      vertex 74.1697 4.71112 2
      vertex 74.1697 7.28888 2
    endloop
  endfacet
  facet normal 0 0 1
    outer loop
      vertex 74 7.3 2
      vertex 74 4.7 2
      vertex 74.1697 4.71112 2
    endloop
  endfacet
  facet normal -0 0 1
    outer loop
      vertex 73.8303 7.28888 2
      vertex 74 4.7 2
      vertex 74 7.3 2
    endloop
  endfacet
  facet normal 0 0 1
    outer loop
      vertex 73.8303 7.28888 2
      vertex 73.8303 4.71112 2
      vertex 74 4.7 2
    endloop
  endfacet
  facet normal -0 0 1
    outer loop
      vertex 73.6635 7.2557 2
      vertex 73.8303 4.71112 2
      vertex 73.8303 7.28888 2
    endloop
  endfacet
  facet normal 0 0 1
    outer loop
      vertex 73.6635 7.2557 2
      vertex 73.6635 4.7443 2
      vertex 73.8303 4.71112 2
    endloop
  endfacet
  facet normal -0 0 1
    outer loop
      vertex 73.5025 7.20104 2
      vertex 73.6635 4.7443 2
      vertex 73.6635 7.2557 2
    endloop
  endfacet
  facet normal 0 0 1
    outer loop
      vertex 73.5025 7.20104 2
      vertex 73.5025 4.79896 2
      vertex 73.6635 4.7443 2
    endloop
  endfacet
  facet normal -0 0 1
    outer loop
      vertex 73.35 7.12583 2
      vertex 73.5025 4.79896 2
      vertex 73.5025 7.20104 2
    endloop
  endfacet
  facet normal 0 0 1
    outer loop
      vertex 73.35 7.12583 2
      vertex 73.35 4.87417 2
      vertex 73.5025 4.79896 2
    endloop
  endfacet
  facet normal -0 0 1
    outer loop
      vertex 73.2086 7.03136 2
      vertex 73.35 4.87417 2
      vertex 73.35 7.12583 2
    endloop
  endfacet
  facet normal 0 0 1
    outer loop
      vertex 73.2086 7.03136 2
      vertex 73.2086 4.96864 2
      vertex 73.35 4.87417 2
    endloop
  endfacet
  facet normal -0 0 1
    outer loop
      vertex 73.0808 6.91924 2
      vertex 73.2086 4.96864 2
      vertex 73.2086 7.03136 2
    endloop
  endfacet
  facet normal 0 0 1
    outer loop
      vertex 73.0808 6.91924 2
      vertex 73.0808 5.08076 2
      vertex 73.2086 4.96864 2
    endloop
  endfacet
  facet normal -0 0 1
    outer loop
      vertex 72.9686 6.79139 2
      vertex 73.0808 5.08076 2
      vertex 73.0808 6.91924 2
    endloop
  endfacet
  facet normal 0 0 1
    outer loop
      vertex 72.9686 6.79139 2
      vertex 72.9686 5.20861 2
      vertex 73.0808 5.08076 2
    endloop
  endfacet
  facet normal -0 0 1
    outer loop
      vertex 72.8742 6.65 2
      vertex 72.9686 5.20861 2
      vertex 72.9686 6.79139 2
    endloop
  endfacet
  facet normal 0 0 1
    outer loop
      vertex 72.8742 6.65 2
      vertex 72.8742 5.35 2
      vertex 72.9686 5.20861 2
    endloop
  endfacet
  facet normal -0 0 1
    outer loop
      vertex 72.799 6.49749 2
      vertex 72.8742 5.35 2
      vertex 72.8742 6.65 2
    endloop
  endfacet
  facet normal 0 0 1
    outer loop
      vertex 72.799 6.49749 2
      vertex 72.799 5.50251 2
      vertex 72.8742 5.35 2
    endloop
  endfacet
  facet normal -0 0 1
    outer loop
      vertex 72.7443 6.33646 2
      vertex 72.799 5.50251 2
      vertex 72.799 6.49749 2
    endloop
  endfacet
  facet normal 0 0 1
    outer loop
      vertex 72.7443 6.33646 2
      vertex 72.7443 5.66354 2
      vertex 72.799 5.50251 2
    endloop
  endfacet
  facet normal -0 0 1
    outer loop
      vertex 72.7111 6.16968 2
      vertex 72.7443 5.66354 2
      vertex 72.7443 6.33646 2
    endloop
  endfacet
  facet normal 0 0 1
    outer loop
      vertex 72.7111 6.16968 2
      vertex 72.7111 5.83032 2
      vertex 72.7443 5.66354 2
    endloop
  endfacet
  facet normal 0 -0 1
    outer loop
      vertex 72.7111 5.83032 2
      vertex 72.7111 6.16968 2
      vertex 72.7 6 2
    endloop
  endfacet
  facet normal 0.0653872 0.99786 -0
    outer loop
      vertex 74 4.7 2
      vertex 73.8303 4.71112 29.6
      vertex 74 4.7 29.6
    endloop
  endfacet
  facet normal 0.0653872 0.99786 0
    outer loop
      vertex 73.8303 4.71112 29.6
      vertex 74 4.7 2
      vertex 73.8303 4.71112 2
    endloop
  endfacet
  facet normal 0.195098 0.980784 -0
    outer loop
      vertex 73.8303 4.71112 2
      vertex 73.6635 4.7443 29.6
      vertex 73.8303 4.71112 29.6
    endloop
  endfacet
  facet normal 0.195098 0.980784 0
    outer loop
      vertex 73.6635 4.7443 29.6
      vertex 73.8303 4.71112 2
      vertex 73.6635 4.7443 2
    endloop
  endfacet
  facet normal -0.659487 0.751716 0
    outer loop
      vertex 74.9192 5.08076 2
      vertex 74.7914 4.96864 29.6
      vertex 74.9192 5.08076 29.6
    endloop
  endfacet
  facet normal -0.659487 0.751716 0
    outer loop
      vertex 74.7914 4.96864 29.6
      vertex 74.9192 5.08076 2
      vertex 74.7914 4.96864 2
    endloop
  endfacet
  facet normal -0.321692 0.946844 0
    outer loop
      vertex 74.4975 53.799 2
      vertex 74.3365 53.7443 29.6
      vertex 74.4975 53.799 29.6
    endloop
  endfacet
  facet normal -0.321692 0.946844 0
    outer loop
      vertex 74.3365 53.7443 29.6
      vertex 74.4975 53.799 2
      vertex 74.3365 53.7443 2
    endloop
  endfacet
  facet normal -0.980761 -0.195211 0
    outer loop
      vertex 75.2889 55.1697 2
      vertex 75.2557 55.3365 29.6
      vertex 75.2557 55.3365 2
    endloop
  endfacet
  facet normal -0.980761 -0.195211 0
    outer loop
      vertex 75.2557 55.3365 29.6
      vertex 75.2889 55.1697 2
      vertex 75.2889 55.1697 29.6
    endloop
  endfacet
  facet normal -0.997868 -0.0652701 0
    outer loop
      vertex 75.3 55 2
      vertex 75.2889 55.1697 29.6
      vertex 75.2889 55.1697 2
    endloop
  endfacet
  facet normal -0.997868 -0.0652701 0
    outer loop
      vertex 75.2889 55.1697 29.6
      vertex 75.3 55 2
      vertex 75.3 55 29.6
    endloop
  endfacet
  facet normal -0.946844 -0.321692 0
    outer loop
      vertex 75.2557 55.3365 2
      vertex 75.201 55.4975 29.6
      vertex 75.201 55.4975 2
    endloop
  endfacet
  facet normal -0.946844 -0.321692 0
    outer loop
      vertex 75.201 55.4975 29.6
      vertex 75.2557 55.3365 2
      vertex 75.2557 55.3365 29.6
    endloop
  endfacet
  facet normal -0.321692 -0.946844 0
    outer loop
      vertex 74.3365 56.2557 2
      vertex 74.4975 56.201 29.6
      vertex 74.3365 56.2557 29.6
    endloop
  endfacet
  facet normal -0.321692 -0.946844 -0
    outer loop
      vertex 74.4975 56.201 29.6
      vertex 74.3365 56.2557 2
      vertex 74.4975 56.201 2
    endloop
  endfacet
  facet normal 0.896884 -0.442267 0
    outer loop
      vertex 72.799 55.4975 29.6
      vertex 72.8742 55.65 2
      vertex 72.8742 55.65 29.6
    endloop
  endfacet
  facet normal 0.896884 -0.442267 0
    outer loop
      vertex 72.8742 55.65 2
      vertex 72.799 55.4975 29.6
      vertex 72.799 55.4975 2
    endloop
  endfacet
  facet normal 0.751483 0.659753 0
    outer loop
      vertex 73.0808 54.0808 29.6
      vertex 72.9686 54.2086 2
      vertex 72.9686 54.2086 29.6
    endloop
  endfacet
  facet normal 0.751483 0.659753 0
    outer loop
      vertex 72.9686 54.2086 2
      vertex 73.0808 54.0808 29.6
      vertex 73.0808 54.0808 2
    endloop
  endfacet
  facet normal -0.831688 -0.555243 0
    outer loop
      vertex 75.1258 55.65 2
      vertex 75.0314 55.7914 29.6
      vertex 75.0314 55.7914 2
    endloop
  endfacet
  facet normal -0.831688 -0.555243 0
    outer loop
      vertex 75.0314 55.7914 29.6
      vertex 75.1258 55.65 2
      vertex 75.1258 55.65 29.6
    endloop
  endfacet
  facet normal -0.896884 -0.442267 0
    outer loop
      vertex 75.201 55.4975 2
      vertex 75.1258 55.65 29.6
      vertex 75.1258 55.65 2
    endloop
  endfacet
  facet normal -0.896884 -0.442267 0
    outer loop
      vertex 75.1258 55.65 29.6
      vertex 75.201 55.4975 2
      vertex 75.201 55.4975 29.6
    endloop
  endfacet
  facet normal 0.659753 0.751483 -0
    outer loop
      vertex 73.2086 53.9686 2
      vertex 73.0808 54.0808 29.6
      vertex 73.2086 53.9686 29.6
    endloop
  endfacet
  facet normal 0.659753 0.751483 0
    outer loop
      vertex 73.0808 54.0808 29.6
      vertex 73.2086 53.9686 2
      vertex 73.0808 54.0808 2
    endloop
  endfacet
  facet normal 0.751483 -0.659753 0
    outer loop
      vertex 72.9686 55.7914 29.6
      vertex 73.0808 55.9192 2
      vertex 73.0808 55.9192 29.6
    endloop
  endfacet
  facet normal 0.751483 -0.659753 0
    outer loop
      vertex 73.0808 55.9192 2
      vertex 72.9686 55.7914 29.6
      vertex 72.9686 55.7914 2
    endloop
  endfacet
  facet normal -0.946844 0.321692 0
    outer loop
      vertex 75.201 54.5025 2
      vertex 75.2557 54.6635 29.6
      vertex 75.2557 54.6635 2
    endloop
  endfacet
  facet normal -0.946844 0.321692 0
    outer loop
      vertex 75.2557 54.6635 29.6
      vertex 75.201 54.5025 2
      vertex 75.201 54.5025 29.6
    endloop
  endfacet
  facet normal 0.831688 -0.555243 0
    outer loop
      vertex 72.8742 55.65 29.6
      vertex 72.9686 55.7914 2
      vertex 72.9686 55.7914 29.6
    endloop
  endfacet
  facet normal 0.831688 -0.555243 0
    outer loop
      vertex 72.9686 55.7914 2
      vertex 72.8742 55.65 29.6
      vertex 72.8742 55.65 2
    endloop
  endfacet
  facet normal 0.195211 -0.980761 0
    outer loop
      vertex 73.6635 56.2557 2
      vertex 73.8303 56.2889 29.6
      vertex 73.6635 56.2557 29.6
    endloop
  endfacet
  facet normal 0.195211 -0.980761 0
    outer loop
      vertex 73.8303 56.2889 29.6
      vertex 73.6635 56.2557 2
      vertex 73.8303 56.2889 2
    endloop
  endfacet
  facet normal -0.442267 0.896884 0
    outer loop
      vertex 74.65 53.8742 2
      vertex 74.4975 53.799 29.6
      vertex 74.65 53.8742 29.6
    endloop
  endfacet
  facet normal -0.442267 0.896884 0
    outer loop
      vertex 74.4975 53.799 29.6
      vertex 74.65 53.8742 2
      vertex 74.4975 53.799 2
    endloop
  endfacet
  facet normal 0.946844 -0.321692 0
    outer loop
      vertex 72.7443 55.3365 29.6
      vertex 72.799 55.4975 2
      vertex 72.799 55.4975 29.6
    endloop
  endfacet
  facet normal 0.946844 -0.321692 0
    outer loop
      vertex 72.799 55.4975 2
      vertex 72.7443 55.3365 29.6
      vertex 72.7443 55.3365 2
    endloop
  endfacet
  facet normal 0.442267 -0.896884 0
    outer loop
      vertex 73.35 56.1258 2
      vertex 73.5025 56.201 29.6
      vertex 73.35 56.1258 29.6
    endloop
  endfacet
  facet normal 0.442267 -0.896884 0
    outer loop
      vertex 73.5025 56.201 29.6
      vertex 73.35 56.1258 2
      vertex 73.5025 56.201 2
    endloop
  endfacet
  facet normal 0.321692 0.946844 -0
    outer loop
      vertex 73.6635 53.7443 2
      vertex 73.5025 53.799 29.6
      vertex 73.6635 53.7443 29.6
    endloop
  endfacet
  facet normal 0.321692 0.946844 0
    outer loop
      vertex 73.5025 53.799 29.6
      vertex 73.6635 53.7443 2
      vertex 73.5025 53.799 2
    endloop
  endfacet
  facet normal -0.831688 0.555243 0
    outer loop
      vertex 75.0314 54.2086 2
      vertex 75.1258 54.35 29.6
      vertex 75.1258 54.35 2
    endloop
  endfacet
  facet normal -0.831688 0.555243 0
    outer loop
      vertex 75.1258 54.35 29.6
      vertex 75.0314 54.2086 2
      vertex 75.0314 54.2086 29.6
    endloop
  endfacet
  facet normal -0.195211 0.980761 0
    outer loop
      vertex 74.3365 53.7443 2
      vertex 74.1697 53.7111 29.6
      vertex 74.3365 53.7443 29.6
    endloop
  endfacet
  facet normal -0.195211 0.980761 0
    outer loop
      vertex 74.1697 53.7111 29.6
      vertex 74.3365 53.7443 2
      vertex 74.1697 53.7111 2
    endloop
  endfacet
  facet normal -0.0652701 -0.997868 0
    outer loop
      vertex 74 56.3 2
      vertex 74.1697 56.2889 29.6
      vertex 74 56.3 29.6
    endloop
  endfacet
  facet normal -0.0652701 -0.997868 -0
    outer loop
      vertex 74.1697 56.2889 29.6
      vertex 74 56.3 2
      vertex 74.1697 56.2889 2
    endloop
  endfacet
  facet normal -0.980761 0.195211 0
    outer loop
      vertex 75.2557 54.6635 2
      vertex 75.2889 54.8303 29.6
      vertex 75.2889 54.8303 2
    endloop
  endfacet
  facet normal -0.980761 0.195211 0
    outer loop
      vertex 75.2889 54.8303 29.6
      vertex 75.2557 54.6635 2
      vertex 75.2557 54.6635 29.6
    endloop
  endfacet
  facet normal -0.555243 0.831688 0
    outer loop
      vertex 74.7914 53.9686 2
      vertex 74.65 53.8742 29.6
      vertex 74.7914 53.9686 29.6
    endloop
  endfacet
  facet normal -0.555243 0.831688 0
    outer loop
      vertex 74.65 53.8742 29.6
      vertex 74.7914 53.9686 2
      vertex 74.65 53.8742 2
    endloop
  endfacet
  facet normal -0.555243 -0.831688 0
    outer loop
      vertex 74.65 56.1258 2
      vertex 74.7914 56.0314 29.6
      vertex 74.65 56.1258 29.6
    endloop
  endfacet
  facet normal -0.555243 -0.831688 -0
    outer loop
      vertex 74.7914 56.0314 29.6
      vertex 74.65 56.1258 2
      vertex 74.7914 56.0314 2
    endloop
  endfacet
  facet normal -0.896884 0.442267 0
    outer loop
      vertex 75.1258 54.35 2
      vertex 75.201 54.5025 29.6
      vertex 75.201 54.5025 2
    endloop
  endfacet
  facet normal -0.896884 0.442267 0
    outer loop
      vertex 75.201 54.5025 29.6
      vertex 75.1258 54.35 2
      vertex 75.1258 54.35 29.6
    endloop
  endfacet
  facet normal 0.555243 -0.831688 0
    outer loop
      vertex 73.2086 56.0314 2
      vertex 73.35 56.1258 29.6
      vertex 73.2086 56.0314 29.6
    endloop
  endfacet
  facet normal 0.555243 -0.831688 0
    outer loop
      vertex 73.35 56.1258 29.6
      vertex 73.2086 56.0314 2
      vertex 73.35 56.1258 2
    endloop
  endfacet
  facet normal -0.751483 0.659753 0
    outer loop
      vertex 74.9192 54.0808 2
      vertex 75.0314 54.2086 29.6
      vertex 75.0314 54.2086 2
    endloop
  endfacet
  facet normal -0.751483 0.659753 0
    outer loop
      vertex 75.0314 54.2086 29.6
      vertex 74.9192 54.0808 2
      vertex 74.9192 54.0808 29.6
    endloop
  endfacet
  facet normal -0.195211 -0.980761 0
    outer loop
      vertex 74.1697 56.2889 2
      vertex 74.3365 56.2557 29.6
      vertex 74.1697 56.2889 29.6
    endloop
  endfacet
  facet normal -0.195211 -0.980761 -0
    outer loop
      vertex 74.3365 56.2557 29.6
      vertex 74.1697 56.2889 2
      vertex 74.3365 56.2557 2
    endloop
  endfacet
  facet normal 0.659753 -0.751483 0
    outer loop
      vertex 73.0808 55.9192 2
      vertex 73.2086 56.0314 29.6
      vertex 73.0808 55.9192 29.6
    endloop
  endfacet
  facet normal 0.659753 -0.751483 0
    outer loop
      vertex 73.2086 56.0314 29.6
      vertex 73.0808 55.9192 2
      vertex 73.2086 56.0314 2
    endloop
  endfacet
  facet normal 0.321692 -0.946844 0
    outer loop
      vertex 73.5025 56.201 2
      vertex 73.6635 56.2557 29.6
      vertex 73.5025 56.201 29.6
    endloop
  endfacet
  facet normal 0.321692 -0.946844 0
    outer loop
      vertex 73.6635 56.2557 29.6
      vertex 73.5025 56.201 2
      vertex 73.6635 56.2557 2
    endloop
  endfacet
  facet normal -0.997868 0.0652701 0
    outer loop
      vertex 75.2889 54.8303 2
      vertex 75.3 55 29.6
      vertex 75.3 55 2
    endloop
  endfacet
  facet normal -0.997868 0.0652701 0
    outer loop
      vertex 75.3 55 29.6
      vertex 75.2889 54.8303 2
      vertex 75.2889 54.8303 29.6
    endloop
  endfacet
  facet normal 0.980761 0.195211 0
    outer loop
      vertex 72.7443 54.6635 29.6
      vertex 72.7111 54.8303 2
      vertex 72.7111 54.8303 29.6
    endloop
  endfacet
  facet normal 0.980761 0.195211 0
    outer loop
      vertex 72.7111 54.8303 2
      vertex 72.7443 54.6635 29.6
      vertex 72.7443 54.6635 2
    endloop
  endfacet
  facet normal -0.659753 -0.751483 0
    outer loop
      vertex 74.7914 56.0314 2
      vertex 74.9192 55.9192 29.6
      vertex 74.7914 56.0314 29.6
    endloop
  endfacet
  facet normal -0.659753 -0.751483 -0
    outer loop
      vertex 74.9192 55.9192 29.6
      vertex 74.7914 56.0314 2
      vertex 74.9192 55.9192 2
    endloop
  endfacet
  facet normal -0.0652701 0.997868 0
    outer loop
      vertex 74.1697 53.7111 2
      vertex 74 53.7 29.6
      vertex 74.1697 53.7111 29.6
    endloop
  endfacet
  facet normal -0.0652701 0.997868 0
    outer loop
      vertex 74 53.7 29.6
      vertex 74.1697 53.7111 2
      vertex 74 53.7 2
    endloop
  endfacet
  facet normal 0.896884 0.442267 0
    outer loop
      vertex 72.8742 54.35 29.6
      vertex 72.799 54.5025 2
      vertex 72.799 54.5025 29.6
    endloop
  endfacet
  facet normal 0.896884 0.442267 0
    outer loop
      vertex 72.799 54.5025 2
      vertex 72.8742 54.35 29.6
      vertex 72.8742 54.35 2
    endloop
  endfacet
  facet normal 0.442267 0.896884 -0
    outer loop
      vertex 73.5025 53.799 2
      vertex 73.35 53.8742 29.6
      vertex 73.5025 53.799 29.6
    endloop
  endfacet
  facet normal 0.442267 0.896884 0
    outer loop
      vertex 73.35 53.8742 29.6
      vertex 73.5025 53.799 2
      vertex 73.35 53.8742 2
    endloop
  endfacet
  facet normal 0.831688 0.555243 0
    outer loop
      vertex 72.9686 54.2086 29.6
      vertex 72.8742 54.35 2
      vertex 72.8742 54.35 29.6
    endloop
  endfacet
  facet normal 0.831688 0.555243 0
    outer loop
      vertex 72.8742 54.35 2
      vertex 72.9686 54.2086 29.6
      vertex 72.9686 54.2086 2
    endloop
  endfacet
  facet normal -0.751483 -0.659753 0
    outer loop
      vertex 75.0314 55.7914 2
      vertex 74.9192 55.9192 29.6
      vertex 74.9192 55.9192 2
    endloop
  endfacet
  facet normal -0.751483 -0.659753 0
    outer loop
      vertex 74.9192 55.9192 29.6
      vertex 75.0314 55.7914 2
      vertex 75.0314 55.7914 29.6
    endloop
  endfacet
  facet normal 0.0652701 -0.997868 0
    outer loop
      vertex 73.8303 56.2889 2
      vertex 74 56.3 29.6
      vertex 73.8303 56.2889 29.6
    endloop
  endfacet
  facet normal 0.0652701 -0.997868 0
    outer loop
      vertex 74 56.3 29.6
      vertex 73.8303 56.2889 2
      vertex 74 56.3 2
    endloop
  endfacet
  facet normal -0.442267 -0.896884 0
    outer loop
      vertex 74.4975 56.201 2
      vertex 74.65 56.1258 29.6
      vertex 74.4975 56.201 29.6
    endloop
  endfacet
  facet normal -0.442267 -0.896884 -0
    outer loop
      vertex 74.65 56.1258 29.6
      vertex 74.4975 56.201 2
      vertex 74.65 56.1258 2
    endloop
  endfacet
  facet normal 0.980761 -0.195211 0
    outer loop
      vertex 72.7111 55.1697 29.6
      vertex 72.7443 55.3365 2
      vertex 72.7443 55.3365 29.6
    endloop
  endfacet
  facet normal 0.980761 -0.195211 0
    outer loop
      vertex 72.7443 55.3365 2
      vertex 72.7111 55.1697 29.6
      vertex 72.7111 55.1697 2
    endloop
  endfacet
  facet normal 0.946844 0.321692 0
    outer loop
      vertex 72.799 54.5025 29.6
      vertex 72.7443 54.6635 2
      vertex 72.7443 54.6635 29.6
    endloop
  endfacet
  facet normal 0.946844 0.321692 0
    outer loop
      vertex 72.7443 54.6635 2
      vertex 72.799 54.5025 29.6
      vertex 72.799 54.5025 2
    endloop
  endfacet
  facet normal 0.997868 0.0652701 0
    outer loop
      vertex 72.7111 54.8303 29.6
      vertex 72.7 55 2
      vertex 72.7 55 29.6
    endloop
  endfacet
  facet normal 0.997868 0.0652701 0
    outer loop
      vertex 72.7 55 2
      vertex 72.7111 54.8303 29.6
      vertex 72.7111 54.8303 2
    endloop
  endfacet
  facet normal 0.997868 -0.0652701 0
    outer loop
      vertex 72.7 55 29.6
      vertex 72.7111 55.1697 2
      vertex 72.7111 55.1697 29.6
    endloop
  endfacet
  facet normal 0.997868 -0.0652701 0
    outer loop
      vertex 72.7111 55.1697 2
      vertex 72.7 55 29.6
      vertex 72.7 55 2
    endloop
  endfacet
  facet normal 0.555243 0.831688 -0
    outer loop
      vertex 73.35 53.8742 2
      vertex 73.2086 53.9686 29.6
      vertex 73.35 53.8742 29.6
    endloop
  endfacet
  facet normal 0.555243 0.831688 0
    outer loop
      vertex 73.2086 53.9686 29.6
      vertex 73.35 53.8742 2
      vertex 73.2086 53.9686 2
    endloop
  endfacet
  facet normal 0 0 1
    outer loop
      vertex 75.2889 55.1697 2
      vertex 75.2889 54.8303 2
      vertex 75.3 55 2
    endloop
  endfacet
  facet normal 0 0 1
    outer loop
      vertex 75.2557 55.3365 2
      vertex 75.2889 54.8303 2
      vertex 75.2889 55.1697 2
    endloop
  endfacet
  facet normal 0 0 1
    outer loop
      vertex 75.2557 55.3365 2
      vertex 75.2557 54.6635 2
      vertex 75.2889 54.8303 2
    endloop
  endfacet
  facet normal 0 0 1
    outer loop
      vertex 75.201 55.4975 2
      vertex 75.2557 54.6635 2
      vertex 75.2557 55.3365 2
    endloop
  endfacet
  facet normal 0 0 1
    outer loop
      vertex 75.201 55.4975 2
      vertex 75.201 54.5025 2
      vertex 75.2557 54.6635 2
    endloop
  endfacet
  facet normal 0 0 1
    outer loop
      vertex 75.1258 55.65 2
      vertex 75.201 54.5025 2
      vertex 75.201 55.4975 2
    endloop
  endfacet
  facet normal 0 0 1
    outer loop
      vertex 75.1258 55.65 2
      vertex 75.1258 54.35 2
      vertex 75.201 54.5025 2
    endloop
  endfacet
  facet normal 0 0 1
    outer loop
      vertex 75.0314 55.7914 2
      vertex 75.1258 54.35 2
      vertex 75.1258 55.65 2
    endloop
  endfacet
  facet normal 0 0 1
    outer loop
      vertex 75.0314 55.7914 2
      vertex 75.0314 54.2086 2
      vertex 75.1258 54.35 2
    endloop
  endfacet
  facet normal 0 0 1
    outer loop
      vertex 74.9192 55.9192 2
      vertex 75.0314 54.2086 2
      vertex 75.0314 55.7914 2
    endloop
  endfacet
  facet normal 0 0 1
    outer loop
      vertex 74.9192 55.9192 2
      vertex 74.9192 54.0808 2
      vertex 75.0314 54.2086 2
    endloop
  endfacet
  facet normal 0 0 1
    outer loop
      vertex 74.7914 56.0314 2
      vertex 74.9192 54.0808 2
      vertex 74.9192 55.9192 2
    endloop
  endfacet
  facet normal 0 0 1
    outer loop
      vertex 74.7914 56.0314 2
      vertex 74.7914 53.9686 2
      vertex 74.9192 54.0808 2
    endloop
  endfacet
  facet normal 0 0 1
    outer loop
      vertex 74.65 56.1258 2
      vertex 74.7914 53.9686 2
      vertex 74.7914 56.0314 2
    endloop
  endfacet
  facet normal 0 0 1
    outer loop
      vertex 74.65 56.1258 2
      vertex 74.65 53.8742 2
      vertex 74.7914 53.9686 2
    endloop
  endfacet
  facet normal 0 0 1
    outer loop
      vertex 74.4975 56.201 2
      vertex 74.65 53.8742 2
      vertex 74.65 56.1258 2
    endloop
  endfacet
  facet normal 0 0 1
    outer loop
      vertex 74.4975 56.201 2
      vertex 74.4975 53.799 2
      vertex 74.65 53.8742 2
    endloop
  endfacet
  facet normal 0 0 1
    outer loop
      vertex 74.3365 56.2557 2
      vertex 74.4975 53.799 2
      vertex 74.4975 56.201 2
    endloop
  endfacet
  facet normal 0 0 1
    outer loop
      vertex 74.3365 56.2557 2
      vertex 74.3365 53.7443 2
      vertex 74.4975 53.799 2
    endloop
  endfacet
  facet normal 0 0 1
    outer loop
      vertex 74.1697 56.2889 2
      vertex 74.3365 53.7443 2
      vertex 74.3365 56.2557 2
    endloop
  endfacet
  facet normal 0 0 1
    outer loop
      vertex 74.1697 56.2889 2
      vertex 74.1697 53.7111 2
      vertex 74.3365 53.7443 2
    endloop
  endfacet
  facet normal 0 0 1
    outer loop
      vertex 74 56.3 2
      vertex 74.1697 53.7111 2
      vertex 74.1697 56.2889 2
    endloop
  endfacet
  facet normal 0 0 1
    outer loop
      vertex 74 56.3 2
      vertex 74 53.7 2
      vertex 74.1697 53.7111 2
    endloop
  endfacet
  facet normal -0 0 1
    outer loop
      vertex 73.8303 56.2889 2
      vertex 74 53.7 2
      vertex 74 56.3 2
    endloop
  endfacet
  facet normal 0 0 1
    outer loop
      vertex 73.8303 56.2889 2
      vertex 73.8303 53.7111 2
      vertex 74 53.7 2
    endloop
  endfacet
  facet normal -0 0 1
    outer loop
      vertex 73.6635 56.2557 2
      vertex 73.8303 53.7111 2
      vertex 73.8303 56.2889 2
    endloop
  endfacet
  facet normal 0 0 1
    outer loop
      vertex 73.6635 56.2557 2
      vertex 73.6635 53.7443 2
      vertex 73.8303 53.7111 2
    endloop
  endfacet
  facet normal -0 0 1
    outer loop
      vertex 73.5025 56.201 2
      vertex 73.6635 53.7443 2
      vertex 73.6635 56.2557 2
    endloop
  endfacet
  facet normal 0 0 1
    outer loop
      vertex 73.5025 56.201 2
      vertex 73.5025 53.799 2
      vertex 73.6635 53.7443 2
    endloop
  endfacet
  facet normal -0 0 1
    outer loop
      vertex 73.35 56.1258 2
      vertex 73.5025 53.799 2
      vertex 73.5025 56.201 2
    endloop
  endfacet
  facet normal 0 0 1
    outer loop
      vertex 73.35 56.1258 2
      vertex 73.35 53.8742 2
      vertex 73.5025 53.799 2
    endloop
  endfacet
  facet normal -0 0 1
    outer loop
      vertex 73.2086 56.0314 2
      vertex 73.35 53.8742 2
      vertex 73.35 56.1258 2
    endloop
  endfacet
  facet normal 0 0 1
    outer loop
      vertex 73.2086 56.0314 2
      vertex 73.2086 53.9686 2
      vertex 73.35 53.8742 2
    endloop
  endfacet
  facet normal -0 0 1
    outer loop
      vertex 73.0808 55.9192 2
      vertex 73.2086 53.9686 2
      vertex 73.2086 56.0314 2
    endloop
  endfacet
  facet normal 0 0 1
    outer loop
      vertex 73.0808 55.9192 2
      vertex 73.0808 54.0808 2
      vertex 73.2086 53.9686 2
    endloop
  endfacet
  facet normal -0 0 1
    outer loop
      vertex 72.9686 55.7914 2
      vertex 73.0808 54.0808 2
      vertex 73.0808 55.9192 2
    endloop
  endfacet
  facet normal 0 0 1
    outer loop
      vertex 72.9686 55.7914 2
      vertex 72.9686 54.2086 2
      vertex 73.0808 54.0808 2
    endloop
  endfacet
  facet normal -0 0 1
    outer loop
      vertex 72.8742 55.65 2
      vertex 72.9686 54.2086 2
      vertex 72.9686 55.7914 2
    endloop
  endfacet
  facet normal 0 0 1
    outer loop
      vertex 72.8742 55.65 2
      vertex 72.8742 54.35 2
      vertex 72.9686 54.2086 2
    endloop
  endfacet
  facet normal -0 0 1
    outer loop
      vertex 72.799 55.4975 2
      vertex 72.8742 54.35 2
      vertex 72.8742 55.65 2
    endloop
  endfacet
  facet normal 0 0 1
    outer loop
      vertex 72.799 55.4975 2
      vertex 72.799 54.5025 2
      vertex 72.8742 54.35 2
    endloop
  endfacet
  facet normal -0 0 1
    outer loop
      vertex 72.7443 55.3365 2
      vertex 72.799 54.5025 2
      vertex 72.799 55.4975 2
    endloop
  endfacet
  facet normal 0 0 1
    outer loop
      vertex 72.7443 55.3365 2
      vertex 72.7443 54.6635 2
      vertex 72.799 54.5025 2
    endloop
  endfacet
  facet normal -0 0 1
    outer loop
      vertex 72.7111 55.1697 2
      vertex 72.7443 54.6635 2
      vertex 72.7443 55.3365 2
    endloop
  endfacet
  facet normal 0 0 1
    outer loop
      vertex 72.7111 55.1697 2
      vertex 72.7111 54.8303 2
      vertex 72.7443 54.6635 2
    endloop
  endfacet
  facet normal 0 -0 1
    outer loop
      vertex 72.7111 54.8303 2
      vertex 72.7111 55.1697 2
      vertex 72.7 55 2
    endloop
  endfacet
  facet normal 0.0652701 0.997868 -0
    outer loop
      vertex 74 53.7 2
      vertex 73.8303 53.7111 29.6
      vertex 74 53.7 29.6
    endloop
  endfacet
  facet normal 0.0652701 0.997868 0
    outer loop
      vertex 73.8303 53.7111 29.6
      vertex 74 53.7 2
      vertex 73.8303 53.7111 2
    endloop
  endfacet
  facet normal 0.195211 0.980761 -0
    outer loop
      vertex 73.8303 53.7111 2
      vertex 73.6635 53.7443 29.6
      vertex 73.8303 53.7111 29.6
    endloop
  endfacet
  facet normal 0.195211 0.980761 0
    outer loop
      vertex 73.6635 53.7443 29.6
      vertex 73.8303 53.7111 2
      vertex 73.6635 53.7443 2
    endloop
  endfacet
  facet normal -0.659753 0.751483 0
    outer loop
      vertex 74.9192 54.0808 2
      vertex 74.7914 53.9686 29.6
      vertex 74.9192 54.0808 29.6
    endloop
  endfacet
  facet normal -0.659753 0.751483 0
    outer loop
      vertex 74.7914 53.9686 29.6
      vertex 74.9192 54.0808 2
      vertex 74.7914 53.9686 2
    endloop
  endfacet
  facet normal 0.896895 0.442243 0
    outer loop
      vertex 96.8742 5.35 29.6
      vertex 96.799 5.50251 2
      vertex 96.799 5.50251 29.6
    endloop
  endfacet
  facet normal 0.896895 0.442243 0
    outer loop
      vertex 96.799 5.50251 2
      vertex 96.8742 5.35 29.6
      vertex 96.8742 5.35 2
    endloop
  endfacet
  facet normal -0.321481 0.946916 0
    outer loop
      vertex 98.4975 4.79896 2
      vertex 98.3365 4.7443 29.6
      vertex 98.4975 4.79896 29.6
    endloop
  endfacet
  facet normal -0.321481 0.946916 0
    outer loop
      vertex 98.3365 4.7443 29.6
      vertex 98.4975 4.79896 2
      vertex 98.3365 4.7443 2
    endloop
  endfacet
  facet normal -0.980757 -0.195234 0
    outer loop
      vertex 99.2889 6.16968 2
      vertex 99.2557 6.33646 29.6
      vertex 99.2557 6.33646 2
    endloop
  endfacet
  facet normal -0.980757 -0.195234 0
    outer loop
      vertex 99.2557 6.33646 29.6
      vertex 99.2889 6.16968 2
      vertex 99.2889 6.16968 29.6
    endloop
  endfacet
  facet normal -0.997867 -0.0652777 0
    outer loop
      vertex 99.3 6 2
      vertex 99.2889 6.16968 29.6
      vertex 99.2889 6.16968 2
    endloop
  endfacet
  facet normal -0.997867 -0.0652777 0
    outer loop
      vertex 99.2889 6.16968 29.6
      vertex 99.3 6 2
      vertex 99.3 6 29.6
    endloop
  endfacet
  facet normal -0.946863 -0.321638 0
    outer loop
      vertex 99.2557 6.33646 2
      vertex 99.201 6.49749 29.6
      vertex 99.201 6.49749 2
    endloop
  endfacet
  facet normal -0.946863 -0.321638 0
    outer loop
      vertex 99.201 6.49749 29.6
      vertex 99.2557 6.33646 2
      vertex 99.2557 6.33646 29.6
    endloop
  endfacet
  facet normal -0.321481 -0.946916 0
    outer loop
      vertex 98.3365 7.2557 2
      vertex 98.4975 7.20104 29.6
      vertex 98.3365 7.2557 29.6
    endloop
  endfacet
  facet normal -0.321481 -0.946916 -0
    outer loop
      vertex 98.4975 7.20104 29.6
      vertex 98.3365 7.2557 2
      vertex 98.4975 7.20104 2
    endloop
  endfacet
  facet normal 0.896895 -0.442243 0
    outer loop
      vertex 96.799 6.49749 29.6
      vertex 96.8742 6.65 2
      vertex 96.8742 6.65 29.6
    endloop
  endfacet
  facet normal 0.896895 -0.442243 0
    outer loop
      vertex 96.8742 6.65 2
      vertex 96.799 6.49749 29.6
      vertex 96.799 6.49749 2
    endloop
  endfacet
  facet normal 0.751611 0.659607 0
    outer loop
      vertex 97.0808 5.08076 29.6
      vertex 96.9686 5.20861 2
      vertex 96.9686 5.20861 29.6
    endloop
  endfacet
  facet normal 0.751611 0.659607 0
    outer loop
      vertex 96.9686 5.20861 2
      vertex 97.0808 5.08076 29.6
      vertex 97.0808 5.08076 2
    endloop
  endfacet
  facet normal -0.83167 -0.55527 0
    outer loop
      vertex 99.1258 6.65 2
      vertex 99.0314 6.79139 29.6
      vertex 99.0314 6.79139 2
    endloop
  endfacet
  facet normal -0.83167 -0.55527 0
    outer loop
      vertex 99.0314 6.79139 29.6
      vertex 99.1258 6.65 2
      vertex 99.1258 6.65 29.6
    endloop
  endfacet
  facet normal -0.896895 -0.442243 0
    outer loop
      vertex 99.201 6.49749 2
      vertex 99.1258 6.65 29.6
      vertex 99.1258 6.65 2
    endloop
  endfacet
  facet normal -0.896895 -0.442243 0
    outer loop
      vertex 99.1258 6.65 29.6
      vertex 99.201 6.49749 2
      vertex 99.201 6.49749 29.6
    endloop
  endfacet
  facet normal 0.659487 0.751716 -0
    outer loop
      vertex 97.2086 4.96864 2
      vertex 97.0808 5.08076 29.6
      vertex 97.2086 4.96864 29.6
    endloop
  endfacet
  facet normal 0.659487 0.751716 0
    outer loop
      vertex 97.0808 5.08076 29.6
      vertex 97.2086 4.96864 2
      vertex 97.0808 5.08076 2
    endloop
  endfacet
  facet normal 0.751611 -0.659607 0
    outer loop
      vertex 96.9686 6.79139 29.6
      vertex 97.0808 6.91924 2
      vertex 97.0808 6.91924 29.6
    endloop
  endfacet
  facet normal 0.751611 -0.659607 0
    outer loop
      vertex 97.0808 6.91924 2
      vertex 96.9686 6.79139 29.6
      vertex 96.9686 6.79139 2
    endloop
  endfacet
  facet normal 0.83167 -0.55527 0
    outer loop
      vertex 96.8742 6.65 29.6
      vertex 96.9686 6.79139 2
      vertex 96.9686 6.79139 29.6
    endloop
  endfacet
  facet normal 0.83167 -0.55527 0
    outer loop
      vertex 96.9686 6.79139 2
      vertex 96.8742 6.65 29.6
      vertex 96.8742 6.65 2
    endloop
  endfacet
  facet normal 0.195098 -0.980784 0
    outer loop
      vertex 97.6635 7.2557 2
      vertex 97.8303 7.28888 29.6
      vertex 97.6635 7.2557 29.6
    endloop
  endfacet
  facet normal 0.195098 -0.980784 0
    outer loop
      vertex 97.8303 7.28888 29.6
      vertex 97.6635 7.2557 2
      vertex 97.8303 7.28888 2
    endloop
  endfacet
  facet normal -0.442314 0.89686 0
    outer loop
      vertex 98.65 4.87417 2
      vertex 98.4975 4.79896 29.6
      vertex 98.65 4.87417 29.6
    endloop
  endfacet
  facet normal -0.442314 0.89686 0
    outer loop
      vertex 98.4975 4.79896 29.6
      vertex 98.65 4.87417 2
      vertex 98.4975 4.79896 2
    endloop
  endfacet
  facet normal 0.946863 -0.321638 0
    outer loop
      vertex 96.7443 6.33646 29.6
      vertex 96.799 6.49749 2
      vertex 96.799 6.49749 29.6
    endloop
  endfacet
  facet normal 0.946863 -0.321638 0
    outer loop
      vertex 96.799 6.49749 2
      vertex 96.7443 6.33646 29.6
      vertex 96.7443 6.33646 2
    endloop
  endfacet
  facet normal 0.442314 -0.89686 0
    outer loop
      vertex 97.35 7.12583 2
      vertex 97.5025 7.20104 29.6
      vertex 97.35 7.12583 29.6
    endloop
  endfacet
  facet normal 0.442314 -0.89686 0
    outer loop
      vertex 97.5025 7.20104 29.6
      vertex 97.35 7.12583 2
      vertex 97.5025 7.20104 2
    endloop
  endfacet
  facet normal 0.321481 0.946916 -0
    outer loop
      vertex 97.6635 4.7443 2
      vertex 97.5025 4.79896 29.6
      vertex 97.6635 4.7443 29.6
    endloop
  endfacet
  facet normal 0.321481 0.946916 0
    outer loop
      vertex 97.5025 4.79896 29.6
      vertex 97.6635 4.7443 2
      vertex 97.5025 4.79896 2
    endloop
  endfacet
  facet normal -0.83167 0.55527 0
    outer loop
      vertex 99.0314 5.20861 2
      vertex 99.1258 5.35 29.6
      vertex 99.1258 5.35 2
    endloop
  endfacet
  facet normal -0.83167 0.55527 0
    outer loop
      vertex 99.1258 5.35 29.6
      vertex 99.0314 5.20861 2
      vertex 99.0314 5.20861 29.6
    endloop
  endfacet
  facet normal -0.195098 0.980784 0
    outer loop
      vertex 98.3365 4.7443 2
      vertex 98.1697 4.71112 29.6
      vertex 98.3365 4.7443 29.6
    endloop
  endfacet
  facet normal -0.195098 0.980784 0
    outer loop
      vertex 98.1697 4.71112 29.6
      vertex 98.3365 4.7443 2
      vertex 98.1697 4.71112 2
    endloop
  endfacet
  facet normal -0.0653872 -0.99786 0
    outer loop
      vertex 98 7.3 2
      vertex 98.1697 7.28888 29.6
      vertex 98 7.3 29.6
    endloop
  endfacet
  facet normal -0.0653872 -0.99786 -0
    outer loop
      vertex 98.1697 7.28888 29.6
      vertex 98 7.3 2
      vertex 98.1697 7.28888 2
    endloop
  endfacet
  facet normal -0.980757 0.195234 0
    outer loop
      vertex 99.2557 5.66354 2
      vertex 99.2889 5.83032 29.6
      vertex 99.2889 5.83032 2
    endloop
  endfacet
  facet normal -0.980757 0.195234 0
    outer loop
      vertex 99.2889 5.83032 29.6
      vertex 99.2557 5.66354 2
      vertex 99.2557 5.66354 29.6
    endloop
  endfacet
  facet normal -0.555528 0.831498 0
    outer loop
      vertex 98.7914 4.96864 2
      vertex 98.65 4.87417 29.6
      vertex 98.7914 4.96864 29.6
    endloop
  endfacet
  facet normal -0.555528 0.831498 0
    outer loop
      vertex 98.65 4.87417 29.6
      vertex 98.7914 4.96864 2
      vertex 98.65 4.87417 2
    endloop
  endfacet
  facet normal -0.555528 -0.831498 0
    outer loop
      vertex 98.65 7.12583 2
      vertex 98.7914 7.03136 29.6
      vertex 98.65 7.12583 29.6
    endloop
  endfacet
  facet normal -0.555528 -0.831498 -0
    outer loop
      vertex 98.7914 7.03136 29.6
      vertex 98.65 7.12583 2
      vertex 98.7914 7.03136 2
    endloop
  endfacet
  facet normal -0.896895 0.442243 0
    outer loop
      vertex 99.1258 5.35 2
      vertex 99.201 5.50251 29.6
      vertex 99.201 5.50251 2
    endloop
  endfacet
  facet normal -0.896895 0.442243 0
    outer loop
      vertex 99.201 5.50251 29.6
      vertex 99.1258 5.35 2
      vertex 99.1258 5.35 29.6
    endloop
  endfacet
  facet normal 0.555528 -0.831498 0
    outer loop
      vertex 97.2086 7.03136 2
      vertex 97.35 7.12583 29.6
      vertex 97.2086 7.03136 29.6
    endloop
  endfacet
  facet normal 0.555528 -0.831498 0
    outer loop
      vertex 97.35 7.12583 29.6
      vertex 97.2086 7.03136 2
      vertex 97.35 7.12583 2
    endloop
  endfacet
  facet normal -0.751611 0.659607 0
    outer loop
      vertex 98.9192 5.08076 2
      vertex 99.0314 5.20861 29.6
      vertex 99.0314 5.20861 2
    endloop
  endfacet
  facet normal -0.751611 0.659607 0
    outer loop
      vertex 99.0314 5.20861 29.6
      vertex 98.9192 5.08076 2
      vertex 98.9192 5.08076 29.6
    endloop
  endfacet
  facet normal -0.195098 -0.980784 0
    outer loop
      vertex 98.1697 7.28888 2
      vertex 98.3365 7.2557 29.6
      vertex 98.1697 7.28888 29.6
    endloop
  endfacet
  facet normal -0.195098 -0.980784 -0
    outer loop
      vertex 98.3365 7.2557 29.6
      vertex 98.1697 7.28888 2
      vertex 98.3365 7.2557 2
    endloop
  endfacet
  facet normal 0.659487 -0.751716 0
    outer loop
      vertex 97.0808 6.91924 2
      vertex 97.2086 7.03136 29.6
      vertex 97.0808 6.91924 29.6
    endloop
  endfacet
  facet normal 0.659487 -0.751716 0
    outer loop
      vertex 97.2086 7.03136 29.6
      vertex 97.0808 6.91924 2
      vertex 97.2086 7.03136 2
    endloop
  endfacet
  facet normal 0.321481 -0.946916 0
    outer loop
      vertex 97.5025 7.20104 2
      vertex 97.6635 7.2557 29.6
      vertex 97.5025 7.20104 29.6
    endloop
  endfacet
  facet normal 0.321481 -0.946916 0
    outer loop
      vertex 97.6635 7.2557 29.6
      vertex 97.5025 7.20104 2
      vertex 97.6635 7.2557 2
    endloop
  endfacet
  facet normal -0.997867 0.0652777 0
    outer loop
      vertex 99.2889 5.83032 2
      vertex 99.3 6 29.6
      vertex 99.3 6 2
    endloop
  endfacet
  facet normal -0.997867 0.0652777 0
    outer loop
      vertex 99.3 6 29.6
      vertex 99.2889 5.83032 2
      vertex 99.2889 5.83032 29.6
    endloop
  endfacet
  facet normal 0.980757 0.195234 0
    outer loop
      vertex 96.7443 5.66354 29.6
      vertex 96.7111 5.83032 2
      vertex 96.7111 5.83032 29.6
    endloop
  endfacet
  facet normal 0.980757 0.195234 0
    outer loop
      vertex 96.7111 5.83032 2
      vertex 96.7443 5.66354 29.6
      vertex 96.7443 5.66354 2
    endloop
  endfacet
  facet normal -0.659487 -0.751716 0
    outer loop
      vertex 98.7914 7.03136 2
      vertex 98.9192 6.91924 29.6
      vertex 98.7914 7.03136 29.6
    endloop
  endfacet
  facet normal -0.659487 -0.751716 -0
    outer loop
      vertex 98.9192 6.91924 29.6
      vertex 98.7914 7.03136 2
      vertex 98.9192 6.91924 2
    endloop
  endfacet
  facet normal -0.0653872 0.99786 0
    outer loop
      vertex 98.1697 4.71112 2
      vertex 98 4.7 29.6
      vertex 98.1697 4.71112 29.6
    endloop
  endfacet
  facet normal -0.0653872 0.99786 0
    outer loop
      vertex 98 4.7 29.6
      vertex 98.1697 4.71112 2
      vertex 98 4.7 2
    endloop
  endfacet
  facet normal 0.442314 0.89686 -0
    outer loop
      vertex 97.5025 4.79896 2
      vertex 97.35 4.87417 29.6
      vertex 97.5025 4.79896 29.6
    endloop
  endfacet
  facet normal 0.442314 0.89686 0
    outer loop
      vertex 97.35 4.87417 29.6
      vertex 97.5025 4.79896 2
      vertex 97.35 4.87417 2
    endloop
  endfacet
  facet normal 0.83167 0.55527 0
    outer loop
      vertex 96.9686 5.20861 29.6
      vertex 96.8742 5.35 2
      vertex 96.8742 5.35 29.6
    endloop
  endfacet
  facet normal 0.83167 0.55527 0
    outer loop
      vertex 96.8742 5.35 2
      vertex 96.9686 5.20861 29.6
      vertex 96.9686 5.20861 2
    endloop
  endfacet
  facet normal -0.751611 -0.659607 0
    outer loop
      vertex 99.0314 6.79139 2
      vertex 98.9192 6.91924 29.6
      vertex 98.9192 6.91924 2
    endloop
  endfacet
  facet normal -0.751611 -0.659607 0
    outer loop
      vertex 98.9192 6.91924 29.6
      vertex 99.0314 6.79139 2
      vertex 99.0314 6.79139 29.6
    endloop
  endfacet
  facet normal -0.946863 0.321638 0
    outer loop
      vertex 99.201 5.50251 2
      vertex 99.2557 5.66354 29.6
      vertex 99.2557 5.66354 2
    endloop
  endfacet
  facet normal -0.946863 0.321638 0
    outer loop
      vertex 99.2557 5.66354 29.6
      vertex 99.201 5.50251 2
      vertex 99.201 5.50251 29.6
    endloop
  endfacet
  facet normal 0.0653872 -0.99786 0
    outer loop
      vertex 97.8303 7.28888 2
      vertex 98 7.3 29.6
      vertex 97.8303 7.28888 29.6
    endloop
  endfacet
  facet normal 0.0653872 -0.99786 0
    outer loop
      vertex 98 7.3 29.6
      vertex 97.8303 7.28888 2
      vertex 98 7.3 2
    endloop
  endfacet
  facet normal -0.442314 -0.89686 0
    outer loop
      vertex 98.4975 7.20104 2
      vertex 98.65 7.12583 29.6
      vertex 98.4975 7.20104 29.6
    endloop
  endfacet
  facet normal -0.442314 -0.89686 -0
    outer loop
      vertex 98.65 7.12583 29.6
      vertex 98.4975 7.20104 2
      vertex 98.65 7.12583 2
    endloop
  endfacet
  facet normal 0.980757 -0.195234 0
    outer loop
      vertex 96.7111 6.16968 29.6
      vertex 96.7443 6.33646 2
      vertex 96.7443 6.33646 29.6
    endloop
  endfacet
  facet normal 0.980757 -0.195234 0
    outer loop
      vertex 96.7443 6.33646 2
      vertex 96.7111 6.16968 29.6
      vertex 96.7111 6.16968 2
    endloop
  endfacet
  facet normal 0.946863 0.321638 0
    outer loop
      vertex 96.799 5.50251 29.6
      vertex 96.7443 5.66354 2
      vertex 96.7443 5.66354 29.6
    endloop
  endfacet
  facet normal 0.946863 0.321638 0
    outer loop
      vertex 96.7443 5.66354 2
      vertex 96.799 5.50251 29.6
      vertex 96.799 5.50251 2
    endloop
  endfacet
  facet normal 0.997867 0.0652777 0
    outer loop
      vertex 96.7111 5.83032 29.6
      vertex 96.7 6 2
      vertex 96.7 6 29.6
    endloop
  endfacet
  facet normal 0.997867 0.0652777 0
    outer loop
      vertex 96.7 6 2
      vertex 96.7111 5.83032 29.6
      vertex 96.7111 5.83032 2
    endloop
  endfacet
  facet normal 0.997867 -0.0652777 0
    outer loop
      vertex 96.7 6 29.6
      vertex 96.7111 6.16968 2
      vertex 96.7111 6.16968 29.6
    endloop
  endfacet
  facet normal 0.997867 -0.0652777 0
    outer loop
      vertex 96.7111 6.16968 2
      vertex 96.7 6 29.6
      vertex 96.7 6 2
    endloop
  endfacet
  facet normal 0.555528 0.831498 -0
    outer loop
      vertex 97.35 4.87417 2
      vertex 97.2086 4.96864 29.6
      vertex 97.35 4.87417 29.6
    endloop
  endfacet
  facet normal 0.555528 0.831498 0
    outer loop
      vertex 97.2086 4.96864 29.6
      vertex 97.35 4.87417 2
      vertex 97.2086 4.96864 2
    endloop
  endfacet
  facet normal 0 0 1
    outer loop
      vertex 99.2889 6.16968 2
      vertex 99.2889 5.83032 2
      vertex 99.3 6 2
    endloop
  endfacet
  facet normal 0 0 1
    outer loop
      vertex 99.2557 6.33646 2
      vertex 99.2889 5.83032 2
      vertex 99.2889 6.16968 2
    endloop
  endfacet
  facet normal 0 0 1
    outer loop
      vertex 99.2557 6.33646 2
      vertex 99.2557 5.66354 2
      vertex 99.2889 5.83032 2
    endloop
  endfacet
  facet normal 0 0 1
    outer loop
      vertex 99.201 6.49749 2
      vertex 99.2557 5.66354 2
      vertex 99.2557 6.33646 2
    endloop
  endfacet
  facet normal 0 0 1
    outer loop
      vertex 99.201 6.49749 2
      vertex 99.201 5.50251 2
      vertex 99.2557 5.66354 2
    endloop
  endfacet
  facet normal 0 0 1
    outer loop
      vertex 99.1258 6.65 2
      vertex 99.201 5.50251 2
      vertex 99.201 6.49749 2
    endloop
  endfacet
  facet normal 0 0 1
    outer loop
      vertex 99.1258 6.65 2
      vertex 99.1258 5.35 2
      vertex 99.201 5.50251 2
    endloop
  endfacet
  facet normal 0 0 1
    outer loop
      vertex 99.0314 6.79139 2
      vertex 99.1258 5.35 2
      vertex 99.1258 6.65 2
    endloop
  endfacet
  facet normal 0 0 1
    outer loop
      vertex 99.0314 6.79139 2
      vertex 99.0314 5.20861 2
      vertex 99.1258 5.35 2
    endloop
  endfacet
  facet normal 0 0 1
    outer loop
      vertex 98.9192 6.91924 2
      vertex 99.0314 5.20861 2
      vertex 99.0314 6.79139 2
    endloop
  endfacet
  facet normal 0 0 1
    outer loop
      vertex 98.9192 6.91924 2
      vertex 98.9192 5.08076 2
      vertex 99.0314 5.20861 2
    endloop
  endfacet
  facet normal 0 0 1
    outer loop
      vertex 98.7914 7.03136 2
      vertex 98.9192 5.08076 2
      vertex 98.9192 6.91924 2
    endloop
  endfacet
  facet normal 0 0 1
    outer loop
      vertex 98.7914 7.03136 2
      vertex 98.7914 4.96864 2
      vertex 98.9192 5.08076 2
    endloop
  endfacet
  facet normal 0 0 1
    outer loop
      vertex 98.65 7.12583 2
      vertex 98.7914 4.96864 2
      vertex 98.7914 7.03136 2
    endloop
  endfacet
  facet normal 0 0 1
    outer loop
      vertex 98.65 7.12583 2
      vertex 98.65 4.87417 2
      vertex 98.7914 4.96864 2
    endloop
  endfacet
  facet normal 0 0 1
    outer loop
      vertex 98.4975 7.20104 2
      vertex 98.65 4.87417 2
      vertex 98.65 7.12583 2
    endloop
  endfacet
  facet normal 0 0 1
    outer loop
      vertex 98.4975 7.20104 2
      vertex 98.4975 4.79896 2
      vertex 98.65 4.87417 2
    endloop
  endfacet
  facet normal 0 0 1
    outer loop
      vertex 98.3365 7.2557 2
      vertex 98.4975 4.79896 2
      vertex 98.4975 7.20104 2
    endloop
  endfacet
  facet normal 0 0 1
    outer loop
      vertex 98.3365 7.2557 2
      vertex 98.3365 4.7443 2
      vertex 98.4975 4.79896 2
    endloop
  endfacet
  facet normal 0 0 1
    outer loop
      vertex 98.1697 7.28888 2
      vertex 98.3365 4.7443 2
      vertex 98.3365 7.2557 2
    endloop
  endfacet
  facet normal 0 0 1
    outer loop
      vertex 98.1697 7.28888 2
      vertex 98.1697 4.71112 2
      vertex 98.3365 4.7443 2
    endloop
  endfacet
  facet normal 0 0 1
    outer loop
      vertex 98 7.3 2
      vertex 98.1697 4.71112 2
      vertex 98.1697 7.28888 2
    endloop
  endfacet
  facet normal 0 0 1
    outer loop
      vertex 98 7.3 2
      vertex 98 4.7 2
      vertex 98.1697 4.71112 2
    endloop
  endfacet
  facet normal -0 0 1
    outer loop
      vertex 97.8303 7.28888 2
      vertex 98 4.7 2
      vertex 98 7.3 2
    endloop
  endfacet
  facet normal 0 0 1
    outer loop
      vertex 97.8303 7.28888 2
      vertex 97.8303 4.71112 2
      vertex 98 4.7 2
    endloop
  endfacet
  facet normal -0 0 1
    outer loop
      vertex 97.6635 7.2557 2
      vertex 97.8303 4.71112 2
      vertex 97.8303 7.28888 2
    endloop
  endfacet
  facet normal 0 0 1
    outer loop
      vertex 97.6635 7.2557 2
      vertex 97.6635 4.7443 2
      vertex 97.8303 4.71112 2
    endloop
  endfacet
  facet normal -0 0 1
    outer loop
      vertex 97.5025 7.20104 2
      vertex 97.6635 4.7443 2
      vertex 97.6635 7.2557 2
    endloop
  endfacet
  facet normal 0 0 1
    outer loop
      vertex 97.5025 7.20104 2
      vertex 97.5025 4.79896 2
      vertex 97.6635 4.7443 2
    endloop
  endfacet
  facet normal -0 0 1
    outer loop
      vertex 97.35 7.12583 2
      vertex 97.5025 4.79896 2
      vertex 97.5025 7.20104 2
    endloop
  endfacet
  facet normal 0 0 1
    outer loop
      vertex 97.35 7.12583 2
      vertex 97.35 4.87417 2
      vertex 97.5025 4.79896 2
    endloop
  endfacet
  facet normal -0 0 1
    outer loop
      vertex 97.2086 7.03136 2
      vertex 97.35 4.87417 2
      vertex 97.35 7.12583 2
    endloop
  endfacet
  facet normal 0 0 1
    outer loop
      vertex 97.2086 7.03136 2
      vertex 97.2086 4.96864 2
      vertex 97.35 4.87417 2
    endloop
  endfacet
  facet normal -0 0 1
    outer loop
      vertex 97.0808 6.91924 2
      vertex 97.2086 4.96864 2
      vertex 97.2086 7.03136 2
    endloop
  endfacet
  facet normal 0 0 1
    outer loop
      vertex 97.0808 6.91924 2
      vertex 97.0808 5.08076 2
      vertex 97.2086 4.96864 2
    endloop
  endfacet
  facet normal -0 0 1
    outer loop
      vertex 96.9686 6.79139 2
      vertex 97.0808 5.08076 2
      vertex 97.0808 6.91924 2
    endloop
  endfacet
  facet normal 0 0 1
    outer loop
      vertex 96.9686 6.79139 2
      vertex 96.9686 5.20861 2
      vertex 97.0808 5.08076 2
    endloop
  endfacet
  facet normal -0 0 1
    outer loop
      vertex 96.8742 6.65 2
      vertex 96.9686 5.20861 2
      vertex 96.9686 6.79139 2
    endloop
  endfacet
  facet normal 0 0 1
    outer loop
      vertex 96.8742 6.65 2
      vertex 96.8742 5.35 2
      vertex 96.9686 5.20861 2
    endloop
  endfacet
  facet normal -0 0 1
    outer loop
      vertex 96.799 6.49749 2
      vertex 96.8742 5.35 2
      vertex 96.8742 6.65 2
    endloop
  endfacet
  facet normal 0 0 1
    outer loop
      vertex 96.799 6.49749 2
      vertex 96.799 5.50251 2
      vertex 96.8742 5.35 2
    endloop
  endfacet
  facet normal -0 0 1
    outer loop
      vertex 96.7443 6.33646 2
      vertex 96.799 5.50251 2
      vertex 96.799 6.49749 2
    endloop
  endfacet
  facet normal 0 0 1
    outer loop
      vertex 96.7443 6.33646 2
      vertex 96.7443 5.66354 2
      vertex 96.799 5.50251 2
    endloop
  endfacet
  facet normal -0 0 1
    outer loop
      vertex 96.7111 6.16968 2
      vertex 96.7443 5.66354 2
      vertex 96.7443 6.33646 2
    endloop
  endfacet
  facet normal 0 0 1
    outer loop
      vertex 96.7111 6.16968 2
      vertex 96.7111 5.83032 2
      vertex 96.7443 5.66354 2
    endloop
  endfacet
  facet normal 0 -0 1
    outer loop
      vertex 96.7111 5.83032 2
      vertex 96.7111 6.16968 2
      vertex 96.7 6 2
    endloop
  endfacet
  facet normal 0.0653872 0.99786 -0
    outer loop
      vertex 98 4.7 2
      vertex 97.8303 4.71112 29.6
      vertex 98 4.7 29.6
    endloop
  endfacet
  facet normal 0.0653872 0.99786 0
    outer loop
      vertex 97.8303 4.71112 29.6
      vertex 98 4.7 2
      vertex 97.8303 4.71112 2
    endloop
  endfacet
  facet normal 0.195098 0.980784 -0
    outer loop
      vertex 97.8303 4.71112 2
      vertex 97.6635 4.7443 29.6
      vertex 97.8303 4.71112 29.6
    endloop
  endfacet
  facet normal 0.195098 0.980784 0
    outer loop
      vertex 97.6635 4.7443 29.6
      vertex 97.8303 4.71112 2
      vertex 97.6635 4.7443 2
    endloop
  endfacet
  facet normal -0.659487 0.751716 0
    outer loop
      vertex 98.9192 5.08076 2
      vertex 98.7914 4.96864 29.6
      vertex 98.9192 5.08076 29.6
    endloop
  endfacet
  facet normal -0.659487 0.751716 0
    outer loop
      vertex 98.7914 4.96864 29.6
      vertex 98.9192 5.08076 2
      vertex 98.7914 4.96864 2
    endloop
  endfacet
  facet normal -0.751483 0.659753 0
    outer loop
      vertex 98.9192 54.0808 2
      vertex 99.0314 54.2086 29.6
      vertex 99.0314 54.2086 2
    endloop
  endfacet
  facet normal -0.751483 0.659753 0
    outer loop
      vertex 99.0314 54.2086 29.6
      vertex 98.9192 54.0808 2
      vertex 98.9192 54.0808 29.6
    endloop
  endfacet
  facet normal -0.831688 -0.555243 0
    outer loop
      vertex 99.1258 55.65 2
      vertex 99.0314 55.7914 29.6
      vertex 99.0314 55.7914 2
    endloop
  endfacet
  facet normal -0.831688 -0.555243 0
    outer loop
      vertex 99.0314 55.7914 29.6
      vertex 99.1258 55.65 2
      vertex 99.1258 55.65 29.6
    endloop
  endfacet
  facet normal 0.321692 0.946844 -0
    outer loop
      vertex 97.6635 53.7443 2
      vertex 97.5025 53.799 29.6
      vertex 97.6635 53.7443 29.6
    endloop
  endfacet
  facet normal 0.321692 0.946844 0
    outer loop
      vertex 97.5025 53.799 29.6
      vertex 97.6635 53.7443 2
      vertex 97.5025 53.799 2
    endloop
  endfacet
  facet normal -0.195211 0.980761 0
    outer loop
      vertex 98.3365 53.7443 2
      vertex 98.1697 53.7111 29.6
      vertex 98.3365 53.7443 29.6
    endloop
  endfacet
  facet normal -0.195211 0.980761 0
    outer loop
      vertex 98.1697 53.7111 29.6
      vertex 98.3365 53.7443 2
      vertex 98.1697 53.7111 2
    endloop
  endfacet
  facet normal -0.896884 -0.442267 0
    outer loop
      vertex 99.201 55.4975 2
      vertex 99.1258 55.65 29.6
      vertex 99.1258 55.65 2
    endloop
  endfacet
  facet normal -0.896884 -0.442267 0
    outer loop
      vertex 99.1258 55.65 29.6
      vertex 99.201 55.4975 2
      vertex 99.201 55.4975 29.6
    endloop
  endfacet
  facet normal -0.659753 -0.751483 0
    outer loop
      vertex 98.7914 56.0314 2
      vertex 98.9192 55.9192 29.6
      vertex 98.7914 56.0314 29.6
    endloop
  endfacet
  facet normal -0.659753 -0.751483 -0
    outer loop
      vertex 98.9192 55.9192 29.6
      vertex 98.7914 56.0314 2
      vertex 98.9192 55.9192 2
    endloop
  endfacet
  facet normal -0.997868 -0.0652701 0
    outer loop
      vertex 99.3 55 2
      vertex 99.2889 55.1697 29.6
      vertex 99.2889 55.1697 2
    endloop
  endfacet
  facet normal -0.997868 -0.0652701 0
    outer loop
      vertex 99.2889 55.1697 29.6
      vertex 99.3 55 2
      vertex 99.3 55 29.6
    endloop
  endfacet
  facet normal 0.980761 -0.195211 0
    outer loop
      vertex 96.7111 55.1697 29.6
      vertex 96.7443 55.3365 2
      vertex 96.7443 55.3365 29.6
    endloop
  endfacet
  facet normal 0.980761 -0.195211 0
    outer loop
      vertex 96.7443 55.3365 2
      vertex 96.7111 55.1697 29.6
      vertex 96.7111 55.1697 2
    endloop
  endfacet
  facet normal 0.896884 0.442267 0
    outer loop
      vertex 96.8742 54.35 29.6
      vertex 96.799 54.5025 2
      vertex 96.799 54.5025 29.6
    endloop
  endfacet
  facet normal 0.896884 0.442267 0
    outer loop
      vertex 96.799 54.5025 2
      vertex 96.8742 54.35 29.6
      vertex 96.8742 54.35 2
    endloop
  endfacet
  facet normal -0.896884 0.442267 0
    outer loop
      vertex 99.1258 54.35 2
      vertex 99.201 54.5025 29.6
      vertex 99.201 54.5025 2
    endloop
  endfacet
  facet normal -0.896884 0.442267 0
    outer loop
      vertex 99.201 54.5025 29.6
      vertex 99.1258 54.35 2
      vertex 99.1258 54.35 29.6
    endloop
  endfacet
  facet normal -0.831688 0.555243 0
    outer loop
      vertex 99.0314 54.2086 2
      vertex 99.1258 54.35 29.6
      vertex 99.1258 54.35 2
    endloop
  endfacet
  facet normal -0.831688 0.555243 0
    outer loop
      vertex 99.1258 54.35 29.6
      vertex 99.0314 54.2086 2
      vertex 99.0314 54.2086 29.6
    endloop
  endfacet
  facet normal 0.997868 -0.0652701 0
    outer loop
      vertex 96.7 55 29.6
      vertex 96.7111 55.1697 2
      vertex 96.7111 55.1697 29.6
    endloop
  endfacet
  facet normal 0.997868 -0.0652701 0
    outer loop
      vertex 96.7111 55.1697 2
      vertex 96.7 55 29.6
      vertex 96.7 55 2
    endloop
  endfacet
  facet normal 0.555243 -0.831688 0
    outer loop
      vertex 97.2086 56.0314 2
      vertex 97.35 56.1258 29.6
      vertex 97.2086 56.0314 29.6
    endloop
  endfacet
  facet normal 0.555243 -0.831688 0
    outer loop
      vertex 97.35 56.1258 29.6
      vertex 97.2086 56.0314 2
      vertex 97.35 56.1258 2
    endloop
  endfacet
  facet normal 0.555243 0.831688 -0
    outer loop
      vertex 97.35 53.8742 2
      vertex 97.2086 53.9686 29.6
      vertex 97.35 53.8742 29.6
    endloop
  endfacet
  facet normal 0.555243 0.831688 0
    outer loop
      vertex 97.2086 53.9686 29.6
      vertex 97.35 53.8742 2
      vertex 97.2086 53.9686 2
    endloop
  endfacet
  facet normal -0.321692 0.946844 0
    outer loop
      vertex 98.4975 53.799 2
      vertex 98.3365 53.7443 29.6
      vertex 98.4975 53.799 29.6
    endloop
  endfacet
  facet normal -0.321692 0.946844 0
    outer loop
      vertex 98.3365 53.7443 29.6
      vertex 98.4975 53.799 2
      vertex 98.3365 53.7443 2
    endloop
  endfacet
  facet normal 0.946844 -0.321692 0
    outer loop
      vertex 96.7443 55.3365 29.6
      vertex 96.799 55.4975 2
      vertex 96.799 55.4975 29.6
    endloop
  endfacet
  facet normal 0.946844 -0.321692 0
    outer loop
      vertex 96.799 55.4975 2
      vertex 96.7443 55.3365 29.6
      vertex 96.7443 55.3365 2
    endloop
  endfacet
  facet normal 0.831688 0.555243 0
    outer loop
      vertex 96.9686 54.2086 29.6
      vertex 96.8742 54.35 2
      vertex 96.8742 54.35 29.6
    endloop
  endfacet
  facet normal 0.831688 0.555243 0
    outer loop
      vertex 96.8742 54.35 2
      vertex 96.9686 54.2086 29.6
      vertex 96.9686 54.2086 2
    endloop
  endfacet
  facet normal -0.751483 -0.659753 0
    outer loop
      vertex 99.0314 55.7914 2
      vertex 98.9192 55.9192 29.6
      vertex 98.9192 55.9192 2
    endloop
  endfacet
  facet normal -0.751483 -0.659753 0
    outer loop
      vertex 98.9192 55.9192 29.6
      vertex 99.0314 55.7914 2
      vertex 99.0314 55.7914 29.6
    endloop
  endfacet
  facet normal 0.980761 0.195211 0
    outer loop
      vertex 96.7443 54.6635 29.6
      vertex 96.7111 54.8303 2
      vertex 96.7111 54.8303 29.6
    endloop
  endfacet
  facet normal 0.980761 0.195211 0
    outer loop
      vertex 96.7111 54.8303 2
      vertex 96.7443 54.6635 29.6
      vertex 96.7443 54.6635 2
    endloop
  endfacet
  facet normal -0.946844 -0.321692 0
    outer loop
      vertex 99.2557 55.3365 2
      vertex 99.201 55.4975 29.6
      vertex 99.201 55.4975 2
    endloop
  endfacet
  facet normal -0.946844 -0.321692 0
    outer loop
      vertex 99.201 55.4975 29.6
      vertex 99.2557 55.3365 2
      vertex 99.2557 55.3365 29.6
    endloop
  endfacet
  facet normal -0.0652701 -0.997868 0
    outer loop
      vertex 98 56.3 2
      vertex 98.1697 56.2889 29.6
      vertex 98 56.3 29.6
    endloop
  endfacet
  facet normal -0.0652701 -0.997868 -0
    outer loop
      vertex 98.1697 56.2889 29.6
      vertex 98 56.3 2
      vertex 98.1697 56.2889 2
    endloop
  endfacet
  facet normal 0.997868 0.0652701 0
    outer loop
      vertex 96.7111 54.8303 29.6
      vertex 96.7 55 2
      vertex 96.7 55 29.6
    endloop
  endfacet
  facet normal 0.997868 0.0652701 0
    outer loop
      vertex 96.7 55 2
      vertex 96.7111 54.8303 29.6
      vertex 96.7111 54.8303 2
    endloop
  endfacet
  facet normal -0.555243 -0.831688 0
    outer loop
      vertex 98.65 56.1258 2
      vertex 98.7914 56.0314 29.6
      vertex 98.65 56.1258 29.6
    endloop
  endfacet
  facet normal -0.555243 -0.831688 -0
    outer loop
      vertex 98.7914 56.0314 29.6
      vertex 98.65 56.1258 2
      vertex 98.7914 56.0314 2
    endloop
  endfacet
  facet normal -0.997868 0.0652701 0
    outer loop
      vertex 99.2889 54.8303 2
      vertex 99.3 55 29.6
      vertex 99.3 55 2
    endloop
  endfacet
  facet normal -0.997868 0.0652701 0
    outer loop
      vertex 99.3 55 29.6
      vertex 99.2889 54.8303 2
      vertex 99.2889 54.8303 29.6
    endloop
  endfacet
  facet normal -0.980761 -0.195211 0
    outer loop
      vertex 99.2889 55.1697 2
      vertex 99.2557 55.3365 29.6
      vertex 99.2557 55.3365 2
    endloop
  endfacet
  facet normal -0.980761 -0.195211 0
    outer loop
      vertex 99.2557 55.3365 29.6
      vertex 99.2889 55.1697 2
      vertex 99.2889 55.1697 29.6
    endloop
  endfacet
  facet normal -0.555243 0.831688 0
    outer loop
      vertex 98.7914 53.9686 2
      vertex 98.65 53.8742 29.6
      vertex 98.7914 53.9686 29.6
    endloop
  endfacet
  facet normal -0.555243 0.831688 0
    outer loop
      vertex 98.65 53.8742 29.6
      vertex 98.7914 53.9686 2
      vertex 98.65 53.8742 2
    endloop
  endfacet
  facet normal -0.0652701 0.997868 0
    outer loop
      vertex 98.1697 53.7111 2
      vertex 98 53.7 29.6
      vertex 98.1697 53.7111 29.6
    endloop
  endfacet
  facet normal -0.0652701 0.997868 0
    outer loop
      vertex 98 53.7 29.6
      vertex 98.1697 53.7111 2
      vertex 98 53.7 2
    endloop
  endfacet
  facet normal -0.659753 0.751483 0
    outer loop
      vertex 98.9192 54.0808 2
      vertex 98.7914 53.9686 29.6
      vertex 98.9192 54.0808 29.6
    endloop
  endfacet
  facet normal -0.659753 0.751483 0
    outer loop
      vertex 98.7914 53.9686 29.6
      vertex 98.9192 54.0808 2
      vertex 98.7914 53.9686 2
    endloop
  endfacet
  facet normal 0.751483 0.659753 0
    outer loop
      vertex 97.0808 54.0808 29.6
      vertex 96.9686 54.2086 2
      vertex 96.9686 54.2086 29.6
    endloop
  endfacet
  facet normal 0.751483 0.659753 0
    outer loop
      vertex 96.9686 54.2086 2
      vertex 97.0808 54.0808 29.6
      vertex 97.0808 54.0808 2
    endloop
  endfacet
  facet normal 0.321692 -0.946844 0
    outer loop
      vertex 97.5025 56.201 2
      vertex 97.6635 56.2557 29.6
      vertex 97.5025 56.201 29.6
    endloop
  endfacet
  facet normal 0.321692 -0.946844 0
    outer loop
      vertex 97.6635 56.2557 29.6
      vertex 97.5025 56.201 2
      vertex 97.6635 56.2557 2
    endloop
  endfacet
  facet normal -0.321692 -0.946844 0
    outer loop
      vertex 98.3365 56.2557 2
      vertex 98.4975 56.201 29.6
      vertex 98.3365 56.2557 29.6
    endloop
  endfacet
  facet normal -0.321692 -0.946844 -0
    outer loop
      vertex 98.4975 56.201 29.6
      vertex 98.3365 56.2557 2
      vertex 98.4975 56.201 2
    endloop
  endfacet
  facet normal 0.0652701 -0.997868 0
    outer loop
      vertex 97.8303 56.2889 2
      vertex 98 56.3 29.6
      vertex 97.8303 56.2889 29.6
    endloop
  endfacet
  facet normal 0.0652701 -0.997868 0
    outer loop
      vertex 98 56.3 29.6
      vertex 97.8303 56.2889 2
      vertex 98 56.3 2
    endloop
  endfacet
  facet normal 0.195211 -0.980761 0
    outer loop
      vertex 97.6635 56.2557 2
      vertex 97.8303 56.2889 29.6
      vertex 97.6635 56.2557 29.6
    endloop
  endfacet
  facet normal 0.195211 -0.980761 0
    outer loop
      vertex 97.8303 56.2889 29.6
      vertex 97.6635 56.2557 2
      vertex 97.8303 56.2889 2
    endloop
  endfacet
  facet normal 0.946844 0.321692 0
    outer loop
      vertex 96.799 54.5025 29.6
      vertex 96.7443 54.6635 2
      vertex 96.7443 54.6635 29.6
    endloop
  endfacet
  facet normal 0.946844 0.321692 0
    outer loop
      vertex 96.7443 54.6635 2
      vertex 96.799 54.5025 29.6
      vertex 96.799 54.5025 2
    endloop
  endfacet
  facet normal 0.442267 0.896884 -0
    outer loop
      vertex 97.5025 53.799 2
      vertex 97.35 53.8742 29.6
      vertex 97.5025 53.799 29.6
    endloop
  endfacet
  facet normal 0.442267 0.896884 0
    outer loop
      vertex 97.35 53.8742 29.6
      vertex 97.5025 53.799 2
      vertex 97.35 53.8742 2
    endloop
  endfacet
  facet normal -0.442267 0.896884 0
    outer loop
      vertex 98.65 53.8742 2
      vertex 98.4975 53.799 29.6
      vertex 98.65 53.8742 29.6
    endloop
  endfacet
  facet normal -0.442267 0.896884 0
    outer loop
      vertex 98.4975 53.799 29.6
      vertex 98.65 53.8742 2
      vertex 98.4975 53.799 2
    endloop
  endfacet
  facet normal 0.442267 -0.896884 0
    outer loop
      vertex 97.35 56.1258 2
      vertex 97.5025 56.201 29.6
      vertex 97.35 56.1258 29.6
    endloop
  endfacet
  facet normal 0.442267 -0.896884 0
    outer loop
      vertex 97.5025 56.201 29.6
      vertex 97.35 56.1258 2
      vertex 97.5025 56.201 2
    endloop
  endfacet
  facet normal -0.442267 -0.896884 0
    outer loop
      vertex 98.4975 56.201 2
      vertex 98.65 56.1258 29.6
      vertex 98.4975 56.201 29.6
    endloop
  endfacet
  facet normal -0.442267 -0.896884 -0
    outer loop
      vertex 98.65 56.1258 29.6
      vertex 98.4975 56.201 2
      vertex 98.65 56.1258 2
    endloop
  endfacet
  facet normal -0.980761 0.195211 0
    outer loop
      vertex 99.2557 54.6635 2
      vertex 99.2889 54.8303 29.6
      vertex 99.2889 54.8303 2
    endloop
  endfacet
  facet normal -0.980761 0.195211 0
    outer loop
      vertex 99.2889 54.8303 29.6
      vertex 99.2557 54.6635 2
      vertex 99.2557 54.6635 29.6
    endloop
  endfacet
  facet normal 0.896884 -0.442267 0
    outer loop
      vertex 96.799 55.4975 29.6
      vertex 96.8742 55.65 2
      vertex 96.8742 55.65 29.6
    endloop
  endfacet
  facet normal 0.896884 -0.442267 0
    outer loop
      vertex 96.8742 55.65 2
      vertex 96.799 55.4975 29.6
      vertex 96.799 55.4975 2
    endloop
  endfacet
  facet normal 0.0652701 0.997868 -0
    outer loop
      vertex 98 53.7 2
      vertex 97.8303 53.7111 29.6
      vertex 98 53.7 29.6
    endloop
  endfacet
  facet normal 0.0652701 0.997868 0
    outer loop
      vertex 97.8303 53.7111 29.6
      vertex 98 53.7 2
      vertex 97.8303 53.7111 2
    endloop
  endfacet
  facet normal 0.751483 -0.659753 0
    outer loop
      vertex 96.9686 55.7914 29.6
      vertex 97.0808 55.9192 2
      vertex 97.0808 55.9192 29.6
    endloop
  endfacet
  facet normal 0.751483 -0.659753 0
    outer loop
      vertex 97.0808 55.9192 2
      vertex 96.9686 55.7914 29.6
      vertex 96.9686 55.7914 2
    endloop
  endfacet
  facet normal 0.659753 -0.751483 0
    outer loop
      vertex 97.0808 55.9192 2
      vertex 97.2086 56.0314 29.6
      vertex 97.0808 55.9192 29.6
    endloop
  endfacet
  facet normal 0.659753 -0.751483 0
    outer loop
      vertex 97.2086 56.0314 29.6
      vertex 97.0808 55.9192 2
      vertex 97.2086 56.0314 2
    endloop
  endfacet
  facet normal -0.946844 0.321692 0
    outer loop
      vertex 99.201 54.5025 2
      vertex 99.2557 54.6635 29.6
      vertex 99.2557 54.6635 2
    endloop
  endfacet
  facet normal -0.946844 0.321692 0
    outer loop
      vertex 99.2557 54.6635 29.6
      vertex 99.201 54.5025 2
      vertex 99.201 54.5025 29.6
    endloop
  endfacet
  facet normal 0.659753 0.751483 -0
    outer loop
      vertex 97.2086 53.9686 2
      vertex 97.0808 54.0808 29.6
      vertex 97.2086 53.9686 29.6
    endloop
  endfacet
  facet normal 0.659753 0.751483 0
    outer loop
      vertex 97.0808 54.0808 29.6
      vertex 97.2086 53.9686 2
      vertex 97.0808 54.0808 2
    endloop
  endfacet
  facet normal 0.831688 -0.555243 0
    outer loop
      vertex 96.8742 55.65 29.6
      vertex 96.9686 55.7914 2
      vertex 96.9686 55.7914 29.6
    endloop
  endfacet
  facet normal 0.831688 -0.555243 0
    outer loop
      vertex 96.9686 55.7914 2
      vertex 96.8742 55.65 29.6
      vertex 96.8742 55.65 2
    endloop
  endfacet
  facet normal -0.195211 -0.980761 0
    outer loop
      vertex 98.1697 56.2889 2
      vertex 98.3365 56.2557 29.6
      vertex 98.1697 56.2889 29.6
    endloop
  endfacet
  facet normal -0.195211 -0.980761 -0
    outer loop
      vertex 98.3365 56.2557 29.6
      vertex 98.1697 56.2889 2
      vertex 98.3365 56.2557 2
    endloop
  endfacet
  facet normal 0.195211 0.980761 -0
    outer loop
      vertex 97.8303 53.7111 2
      vertex 97.6635 53.7443 29.6
      vertex 97.8303 53.7111 29.6
    endloop
  endfacet
  facet normal 0.195211 0.980761 0
    outer loop
      vertex 97.6635 53.7443 29.6
      vertex 97.8303 53.7111 2
      vertex 97.6635 53.7443 2
    endloop
  endfacet
  facet normal 0 0 1
    outer loop
      vertex 99.2889 55.1697 2
      vertex 99.2889 54.8303 2
      vertex 99.3 55 2
    endloop
  endfacet
  facet normal 0 0 1
    outer loop
      vertex 99.2557 55.3365 2
      vertex 99.2889 54.8303 2
      vertex 99.2889 55.1697 2
    endloop
  endfacet
  facet normal 0 0 1
    outer loop
      vertex 99.2557 55.3365 2
      vertex 99.2557 54.6635 2
      vertex 99.2889 54.8303 2
    endloop
  endfacet
  facet normal 0 0 1
    outer loop
      vertex 99.201 55.4975 2
      vertex 99.2557 54.6635 2
      vertex 99.2557 55.3365 2
    endloop
  endfacet
  facet normal 0 0 1
    outer loop
      vertex 99.201 55.4975 2
      vertex 99.201 54.5025 2
      vertex 99.2557 54.6635 2
    endloop
  endfacet
  facet normal 0 0 1
    outer loop
      vertex 99.1258 55.65 2
      vertex 99.201 54.5025 2
      vertex 99.201 55.4975 2
    endloop
  endfacet
  facet normal 0 0 1
    outer loop
      vertex 99.1258 55.65 2
      vertex 99.1258 54.35 2
      vertex 99.201 54.5025 2
    endloop
  endfacet
  facet normal 0 0 1
    outer loop
      vertex 99.0314 55.7914 2
      vertex 99.1258 54.35 2
      vertex 99.1258 55.65 2
    endloop
  endfacet
  facet normal 0 0 1
    outer loop
      vertex 99.0314 55.7914 2
      vertex 99.0314 54.2086 2
      vertex 99.1258 54.35 2
    endloop
  endfacet
  facet normal 0 0 1
    outer loop
      vertex 98.9192 55.9192 2
      vertex 99.0314 54.2086 2
      vertex 99.0314 55.7914 2
    endloop
  endfacet
  facet normal 0 0 1
    outer loop
      vertex 98.9192 55.9192 2
      vertex 98.9192 54.0808 2
      vertex 99.0314 54.2086 2
    endloop
  endfacet
  facet normal 0 0 1
    outer loop
      vertex 98.7914 56.0314 2
      vertex 98.9192 54.0808 2
      vertex 98.9192 55.9192 2
    endloop
  endfacet
  facet normal 0 0 1
    outer loop
      vertex 98.7914 56.0314 2
      vertex 98.7914 53.9686 2
      vertex 98.9192 54.0808 2
    endloop
  endfacet
  facet normal 0 0 1
    outer loop
      vertex 98.65 56.1258 2
      vertex 98.7914 53.9686 2
      vertex 98.7914 56.0314 2
    endloop
  endfacet
  facet normal 0 0 1
    outer loop
      vertex 98.65 56.1258 2
      vertex 98.65 53.8742 2
      vertex 98.7914 53.9686 2
    endloop
  endfacet
  facet normal 0 0 1
    outer loop
      vertex 98.4975 56.201 2
      vertex 98.65 53.8742 2
      vertex 98.65 56.1258 2
    endloop
  endfacet
  facet normal 0 0 1
    outer loop
      vertex 98.4975 56.201 2
      vertex 98.4975 53.799 2
      vertex 98.65 53.8742 2
    endloop
  endfacet
  facet normal 0 0 1
    outer loop
      vertex 98.3365 56.2557 2
      vertex 98.4975 53.799 2
      vertex 98.4975 56.201 2
    endloop
  endfacet
  facet normal 0 0 1
    outer loop
      vertex 98.3365 56.2557 2
      vertex 98.3365 53.7443 2
      vertex 98.4975 53.799 2
    endloop
  endfacet
  facet normal 0 0 1
    outer loop
      vertex 98.1697 56.2889 2
      vertex 98.3365 53.7443 2
      vertex 98.3365 56.2557 2
    endloop
  endfacet
  facet normal 0 0 1
    outer loop
      vertex 98.1697 56.2889 2
      vertex 98.1697 53.7111 2
      vertex 98.3365 53.7443 2
    endloop
  endfacet
  facet normal 0 0 1
    outer loop
      vertex 98 56.3 2
      vertex 98.1697 53.7111 2
      vertex 98.1697 56.2889 2
    endloop
  endfacet
  facet normal 0 0 1
    outer loop
      vertex 98 56.3 2
      vertex 98 53.7 2
      vertex 98.1697 53.7111 2
    endloop
  endfacet
  facet normal -0 0 1
    outer loop
      vertex 97.8303 56.2889 2
      vertex 98 53.7 2
      vertex 98 56.3 2
    endloop
  endfacet
  facet normal 0 0 1
    outer loop
      vertex 97.8303 56.2889 2
      vertex 97.8303 53.7111 2
      vertex 98 53.7 2
    endloop
  endfacet
  facet normal -0 0 1
    outer loop
      vertex 97.6635 56.2557 2
      vertex 97.8303 53.7111 2
      vertex 97.8303 56.2889 2
    endloop
  endfacet
  facet normal 0 0 1
    outer loop
      vertex 97.6635 56.2557 2
      vertex 97.6635 53.7443 2
      vertex 97.8303 53.7111 2
    endloop
  endfacet
  facet normal -0 0 1
    outer loop
      vertex 97.5025 56.201 2
      vertex 97.6635 53.7443 2
      vertex 97.6635 56.2557 2
    endloop
  endfacet
  facet normal 0 0 1
    outer loop
      vertex 97.5025 56.201 2
      vertex 97.5025 53.799 2
      vertex 97.6635 53.7443 2
    endloop
  endfacet
  facet normal -0 0 1
    outer loop
      vertex 97.35 56.1258 2
      vertex 97.5025 53.799 2
      vertex 97.5025 56.201 2
    endloop
  endfacet
  facet normal 0 0 1
    outer loop
      vertex 97.35 56.1258 2
      vertex 97.35 53.8742 2
      vertex 97.5025 53.799 2
    endloop
  endfacet
  facet normal -0 0 1
    outer loop
      vertex 97.2086 56.0314 2
      vertex 97.35 53.8742 2
      vertex 97.35 56.1258 2
    endloop
  endfacet
  facet normal 0 0 1
    outer loop
      vertex 97.2086 56.0314 2
      vertex 97.2086 53.9686 2
      vertex 97.35 53.8742 2
    endloop
  endfacet
  facet normal -0 0 1
    outer loop
      vertex 97.0808 55.9192 2
      vertex 97.2086 53.9686 2
      vertex 97.2086 56.0314 2
    endloop
  endfacet
  facet normal 0 0 1
    outer loop
      vertex 97.0808 55.9192 2
      vertex 97.0808 54.0808 2
      vertex 97.2086 53.9686 2
    endloop
  endfacet
  facet normal -0 0 1
    outer loop
      vertex 96.9686 55.7914 2
      vertex 97.0808 54.0808 2
      vertex 97.0808 55.9192 2
    endloop
  endfacet
  facet normal 0 0 1
    outer loop
      vertex 96.9686 55.7914 2
      vertex 96.9686 54.2086 2
      vertex 97.0808 54.0808 2
    endloop
  endfacet
  facet normal -0 0 1
    outer loop
      vertex 96.8742 55.65 2
      vertex 96.9686 54.2086 2
      vertex 96.9686 55.7914 2
    endloop
  endfacet
  facet normal 0 0 1
    outer loop
      vertex 96.8742 55.65 2
      vertex 96.8742 54.35 2
      vertex 96.9686 54.2086 2
    endloop
  endfacet
  facet normal -0 0 1
    outer loop
      vertex 96.799 55.4975 2
      vertex 96.8742 54.35 2
      vertex 96.8742 55.65 2
    endloop
  endfacet
  facet normal 0 0 1
    outer loop
      vertex 96.799 55.4975 2
      vertex 96.799 54.5025 2
      vertex 96.8742 54.35 2
    endloop
  endfacet
  facet normal -0 0 1
    outer loop
      vertex 96.7443 55.3365 2
      vertex 96.799 54.5025 2
      vertex 96.799 55.4975 2
    endloop
  endfacet
  facet normal 0 0 1
    outer loop
      vertex 96.7443 55.3365 2
      vertex 96.7443 54.6635 2
      vertex 96.799 54.5025 2
    endloop
  endfacet
  facet normal -0 0 1
    outer loop
      vertex 96.7111 55.1697 2
      vertex 96.7443 54.6635 2
      vertex 96.7443 55.3365 2
    endloop
  endfacet
  facet normal 0 0 1
    outer loop
      vertex 96.7111 55.1697 2
      vertex 96.7111 54.8303 2
      vertex 96.7443 54.6635 2
    endloop
  endfacet
  facet normal 0 -0 1
    outer loop
      vertex 96.7111 54.8303 2
      vertex 96.7111 55.1697 2
      vertex 96.7 55 2
    endloop
  endfacet
  facet normal -1 0 0
    outer loop
      vertex 59.22 11.101 0
      vertex 59.22 50.001 2
      vertex 59.22 50.001 0
    endloop
  endfacet
  facet normal -1 -0 0
    outer loop
      vertex 59.22 50.001 2
      vertex 59.22 11.101 0
      vertex 59.22 11.101 2
    endloop
  endfacet
  facet normal 1 -0 0
    outer loop
      vertex 8.72 11.101 2
      vertex 8.72 50.001 0
      vertex 8.72 50.001 2
    endloop
  endfacet
  facet normal 1 0 0
    outer loop
      vertex 8.72 50.001 0
      vertex 8.72 11.101 2
      vertex 8.72 11.101 0
    endloop
  endfacet
  facet normal 0 -1 0
    outer loop
      vertex 8.72 50.001 0
      vertex 59.22 50.001 2
      vertex 8.72 50.001 2
    endloop
  endfacet
  facet normal 0 -1 -0
    outer loop
      vertex 59.22 50.001 2
      vertex 8.72 50.001 0
      vertex 59.22 50.001 0
    endloop
  endfacet
  facet normal 0 1 -0
    outer loop
      vertex 59.22 11.101 0
      vertex 8.72 11.101 2
      vertex 59.22 11.101 2
    endloop
  endfacet
  facet normal 0 1 0
    outer loop
      vertex 8.72 11.101 2
      vertex 59.22 11.101 0
      vertex 8.72 11.101 0
    endloop
  endfacet
  facet normal -0.659309 -0.751872 0
    outer loop
      vertex 87.2524 33.4354 0
      vertex 87.6163 33.1163 2
      vertex 87.2524 33.4354 2
    endloop
  endfacet
  facet normal -0.659309 -0.751872 -0
    outer loop
      vertex 87.6163 33.1163 2
      vertex 87.2524 33.4354 0
      vertex 87.6163 33.1163 0
    endloop
  endfacet
  facet normal -0.321306 0.946975 0
    outer loop
      vertex 86.4159 27.0816 0
      vertex 85.9576 26.9261 2
      vertex 86.4159 27.0816 2
    endloop
  endfacet
  facet normal -0.321306 0.946975 0
    outer loop
      vertex 85.9576 26.9261 2
      vertex 86.4159 27.0816 0
      vertex 85.9576 26.9261 0
    endloop
  endfacet
  facet normal -0.980795 -0.195043 0
    outer loop
      vertex 88.6683 30.9829 0
      vertex 88.5739 31.4576 2
      vertex 88.5739 31.4576 0
    endloop
  endfacet
  facet normal -0.980795 -0.195043 0
    outer loop
      vertex 88.5739 31.4576 2
      vertex 88.6683 30.9829 0
      vertex 88.6683 30.9829 2
    endloop
  endfacet
  facet normal -0.997852 -0.0655041 0
    outer loop
      vertex 88.7 30.5 0
      vertex 88.6683 30.9829 2
      vertex 88.6683 30.9829 0
    endloop
  endfacet
  facet normal -0.997852 -0.0655041 0
    outer loop
      vertex 88.6683 30.9829 2
      vertex 88.7 30.5 0
      vertex 88.7 30.5 2
    endloop
  endfacet
  facet normal -0.946975 -0.321306 0
    outer loop
      vertex 88.5739 31.4576 0
      vertex 88.4184 31.9159 2
      vertex 88.4184 31.9159 0
    endloop
  endfacet
  facet normal -0.946975 -0.321306 0
    outer loop
      vertex 88.4184 31.9159 2
      vertex 88.5739 31.4576 0
      vertex 88.5739 31.4576 2
    endloop
  endfacet
  facet normal -0.442331 0.896852 0
    outer loop
      vertex 86.85 27.2957 0
      vertex 86.4159 27.0816 2
      vertex 86.85 27.2957 2
    endloop
  endfacet
  facet normal -0.442331 0.896852 0
    outer loop
      vertex 86.4159 27.0816 2
      vertex 86.85 27.2957 0
      vertex 86.4159 27.0816 0
    endloop
  endfacet
  facet normal -0.321306 -0.946975 0
    outer loop
      vertex 85.9576 34.0739 0
      vertex 86.4159 33.9184 2
      vertex 85.9576 34.0739 2
    endloop
  endfacet
  facet normal -0.321306 -0.946975 -0
    outer loop
      vertex 86.4159 33.9184 2
      vertex 85.9576 34.0739 0
      vertex 86.4159 33.9184 0
    endloop
  endfacet
  facet normal -0.555606 0.831446 0
    outer loop
      vertex 87.2524 27.5646 0
      vertex 86.85 27.2957 2
      vertex 87.2524 27.5646 2
    endloop
  endfacet
  facet normal -0.555606 0.831446 0
    outer loop
      vertex 86.85 27.2957 2
      vertex 87.2524 27.5646 0
      vertex 86.85 27.2957 0
    endloop
  endfacet
  facet normal 0.831446 -0.555606 0
    outer loop
      vertex 81.7957 32.35 2
      vertex 82.0646 32.7524 0
      vertex 82.0646 32.7524 2
    endloop
  endfacet
  facet normal 0.831446 -0.555606 0
    outer loop
      vertex 82.0646 32.7524 0
      vertex 81.7957 32.35 2
      vertex 81.7957 32.35 0
    endloop
  endfacet
  facet normal -0.896852 -0.442331 0
    outer loop
      vertex 88.4184 31.9159 0
      vertex 88.2043 32.35 2
      vertex 88.2043 32.35 0
    endloop
  endfacet
  facet normal -0.896852 -0.442331 0
    outer loop
      vertex 88.2043 32.35 2
      vertex 88.4184 31.9159 0
      vertex 88.4184 31.9159 2
    endloop
  endfacet
  facet normal -0.195043 -0.980795 0
    outer loop
      vertex 85.4829 34.1683 0
      vertex 85.9576 34.0739 2
      vertex 85.4829 34.1683 2
    endloop
  endfacet
  facet normal -0.195043 -0.980795 -0
    outer loop
      vertex 85.9576 34.0739 2
      vertex 85.4829 34.1683 0
      vertex 85.9576 34.0739 0
    endloop
  endfacet
  facet normal 0.946975 -0.321306 0
    outer loop
      vertex 81.4261 31.4576 2
      vertex 81.5816 31.9159 0
      vertex 81.5816 31.9159 2
    endloop
  endfacet
  facet normal 0.946975 -0.321306 0
    outer loop
      vertex 81.5816 31.9159 0
      vertex 81.4261 31.4576 2
      vertex 81.4261 31.4576 0
    endloop
  endfacet
  facet normal 0.751872 0.659309 0
    outer loop
      vertex 82.3837 27.8837 2
      vertex 82.0646 28.2476 0
      vertex 82.0646 28.2476 2
    endloop
  endfacet
  facet normal 0.751872 0.659309 0
    outer loop
      vertex 82.0646 28.2476 0
      vertex 82.3837 27.8837 2
      vertex 82.3837 27.8837 0
    endloop
  endfacet
  facet normal 0.0655041 -0.997852 0
    outer loop
      vertex 84.5171 34.1683 0
      vertex 85 34.2 2
      vertex 84.5171 34.1683 2
    endloop
  endfacet
  facet normal 0.0655041 -0.997852 0
    outer loop
      vertex 85 34.2 2
      vertex 84.5171 34.1683 0
      vertex 85 34.2 0
    endloop
  endfacet
  facet normal -0.946975 0.321306 0
    outer loop
      vertex 88.4184 29.0841 0
      vertex 88.5739 29.5424 2
      vertex 88.5739 29.5424 0
    endloop
  endfacet
  facet normal -0.946975 0.321306 0
    outer loop
      vertex 88.5739 29.5424 2
      vertex 88.4184 29.0841 0
      vertex 88.4184 29.0841 2
    endloop
  endfacet
  facet normal 0.997866 -0.0652983 0
    outer loop
      vertex 81.3 30.5 2
      vertex 81.3316 30.9829 0
      vertex 81.3316 30.9829 2
    endloop
  endfacet
  facet normal 0.997866 -0.0652983 0
    outer loop
      vertex 81.3316 30.9829 0
      vertex 81.3 30.5 2
      vertex 81.3 30.5 0
    endloop
  endfacet
  facet normal -0.555606 -0.831446 0
    outer loop
      vertex 86.85 33.7043 0
      vertex 87.2524 33.4354 2
      vertex 86.85 33.7043 2
    endloop
  endfacet
  facet normal -0.555606 -0.831446 -0
    outer loop
      vertex 87.2524 33.4354 2
      vertex 86.85 33.7043 0
      vertex 87.2524 33.4354 0
    endloop
  endfacet
  facet normal 0.751872 -0.659309 0
    outer loop
      vertex 82.0646 32.7524 2
      vertex 82.3837 33.1163 0
      vertex 82.3837 33.1163 2
    endloop
  endfacet
  facet normal 0.751872 -0.659309 0
    outer loop
      vertex 82.3837 33.1163 0
      vertex 82.0646 32.7524 2
      vertex 82.0646 32.7524 0
    endloop
  endfacet
  facet normal -0.751872 0.659309 0
    outer loop
      vertex 87.6163 27.8837 0
      vertex 87.9354 28.2476 2
      vertex 87.9354 28.2476 0
    endloop
  endfacet
  facet normal -0.751872 0.659309 0
    outer loop
      vertex 87.9354 28.2476 2
      vertex 87.6163 27.8837 0
      vertex 87.6163 27.8837 2
    endloop
  endfacet
  facet normal -0.896852 0.442331 0
    outer loop
      vertex 88.2043 28.65 0
      vertex 88.4184 29.0841 2
      vertex 88.4184 29.0841 0
    endloop
  endfacet
  facet normal -0.896852 0.442331 0
    outer loop
      vertex 88.4184 29.0841 2
      vertex 88.2043 28.65 0
      vertex 88.2043 28.65 2
    endloop
  endfacet
  facet normal 0.321306 -0.946975 0
    outer loop
      vertex 83.5841 33.9184 0
      vertex 84.0424 34.0739 2
      vertex 83.5841 33.9184 2
    endloop
  endfacet
  facet normal 0.321306 -0.946975 0
    outer loop
      vertex 84.0424 34.0739 2
      vertex 83.5841 33.9184 0
      vertex 84.0424 34.0739 0
    endloop
  endfacet
  facet normal 0.659309 -0.751872 0
    outer loop
      vertex 82.3837 33.1163 0
      vertex 82.7476 33.4354 2
      vertex 82.3837 33.1163 2
    endloop
  endfacet
  facet normal 0.659309 -0.751872 0
    outer loop
      vertex 82.7476 33.4354 2
      vertex 82.3837 33.1163 0
      vertex 82.7476 33.4354 0
    endloop
  endfacet
  facet normal 0.442331 -0.896852 0
    outer loop
      vertex 83.15 33.7043 0
      vertex 83.5841 33.9184 2
      vertex 83.15 33.7043 2
    endloop
  endfacet
  facet normal 0.442331 -0.896852 0
    outer loop
      vertex 83.5841 33.9184 2
      vertex 83.15 33.7043 0
      vertex 83.5841 33.9184 0
    endloop
  endfacet
  facet normal -0.831446 -0.555606 0
    outer loop
      vertex 88.2043 32.35 0
      vertex 87.9354 32.7524 2
      vertex 87.9354 32.7524 0
    endloop
  endfacet
  facet normal -0.831446 -0.555606 0
    outer loop
      vertex 87.9354 32.7524 2
      vertex 88.2043 32.35 0
      vertex 88.2043 32.35 2
    endloop
  endfacet
  facet normal -0.195043 0.980795 0
    outer loop
      vertex 85.9576 26.9261 0
      vertex 85.4829 26.8317 2
      vertex 85.9576 26.9261 2
    endloop
  endfacet
  facet normal -0.195043 0.980795 0
    outer loop
      vertex 85.4829 26.8317 2
      vertex 85.9576 26.9261 0
      vertex 85.4829 26.8317 0
    endloop
  endfacet
  facet normal -0.980795 0.195043 0
    outer loop
      vertex 88.5739 29.5424 0
      vertex 88.6683 30.0171 2
      vertex 88.6683 30.0171 0
    endloop
  endfacet
  facet normal -0.980795 0.195043 0
    outer loop
      vertex 88.6683 30.0171 2
      vertex 88.5739 29.5424 0
      vertex 88.5739 29.5424 2
    endloop
  endfacet
  facet normal 0.896852 0.442331 0
    outer loop
      vertex 81.7957 28.65 2
      vertex 81.5816 29.0841 0
      vertex 81.5816 29.0841 2
    endloop
  endfacet
  facet normal 0.896852 0.442331 0
    outer loop
      vertex 81.5816 29.0841 0
      vertex 81.7957 28.65 2
      vertex 81.7957 28.65 0
    endloop
  endfacet
  facet normal 0.321306 0.946975 -0
    outer loop
      vertex 84.0424 26.9261 0
      vertex 83.5841 27.0816 2
      vertex 84.0424 26.9261 2
    endloop
  endfacet
  facet normal 0.321306 0.946975 0
    outer loop
      vertex 83.5841 27.0816 2
      vertex 84.0424 26.9261 0
      vertex 83.5841 27.0816 0
    endloop
  endfacet
  facet normal -0.659309 0.751872 0
    outer loop
      vertex 87.6163 27.8837 0
      vertex 87.2524 27.5646 2
      vertex 87.6163 27.8837 2
    endloop
  endfacet
  facet normal -0.659309 0.751872 0
    outer loop
      vertex 87.2524 27.5646 2
      vertex 87.6163 27.8837 0
      vertex 87.2524 27.5646 0
    endloop
  endfacet
  facet normal 0.946975 0.321306 0
    outer loop
      vertex 81.5816 29.0841 2
      vertex 81.4261 29.5424 0
      vertex 81.4261 29.5424 2
    endloop
  endfacet
  facet normal 0.946975 0.321306 0
    outer loop
      vertex 81.4261 29.5424 0
      vertex 81.5816 29.0841 2
      vertex 81.5816 29.0841 0
    endloop
  endfacet
  facet normal 0.555606 0.831446 -0
    outer loop
      vertex 83.15 27.2957 0
      vertex 82.7476 27.5646 2
      vertex 83.15 27.2957 2
    endloop
  endfacet
  facet normal 0.555606 0.831446 0
    outer loop
      vertex 82.7476 27.5646 2
      vertex 83.15 27.2957 0
      vertex 82.7476 27.5646 0
    endloop
  endfacet
  facet normal -0.442331 -0.896852 0
    outer loop
      vertex 86.4159 33.9184 0
      vertex 86.85 33.7043 2
      vertex 86.4159 33.9184 2
    endloop
  endfacet
  facet normal -0.442331 -0.896852 -0
    outer loop
      vertex 86.85 33.7043 2
      vertex 86.4159 33.9184 0
      vertex 86.85 33.7043 0
    endloop
  endfacet
  facet normal -0.997852 0.0655041 0
    outer loop
      vertex 88.6683 30.0171 0
      vertex 88.7 30.5 2
      vertex 88.7 30.5 0
    endloop
  endfacet
  facet normal -0.997852 0.0655041 0
    outer loop
      vertex 88.7 30.5 2
      vertex 88.6683 30.0171 0
      vertex 88.6683 30.0171 2
    endloop
  endfacet
  facet normal 0.896852 -0.442331 0
    outer loop
      vertex 81.5816 31.9159 2
      vertex 81.7957 32.35 0
      vertex 81.7957 32.35 2
    endloop
  endfacet
  facet normal 0.896852 -0.442331 0
    outer loop
      vertex 81.7957 32.35 0
      vertex 81.5816 31.9159 2
      vertex 81.5816 31.9159 0
    endloop
  endfacet
  facet normal 0.555606 -0.831446 0
    outer loop
      vertex 82.7476 33.4354 0
      vertex 83.15 33.7043 2
      vertex 82.7476 33.4354 2
    endloop
  endfacet
  facet normal 0.555606 -0.831446 0
    outer loop
      vertex 83.15 33.7043 2
      vertex 82.7476 33.4354 0
      vertex 83.15 33.7043 0
    endloop
  endfacet
  facet normal 0.980755 0.195242 0
    outer loop
      vertex 81.4261 29.5424 2
      vertex 81.3316 30.0171 0
      vertex 81.3316 30.0171 2
    endloop
  endfacet
  facet normal 0.980755 0.195242 0
    outer loop
      vertex 81.3316 30.0171 0
      vertex 81.4261 29.5424 2
      vertex 81.4261 29.5424 0
    endloop
  endfacet
  facet normal 0.980755 -0.195242 0
    outer loop
      vertex 81.3316 30.9829 2
      vertex 81.4261 31.4576 0
      vertex 81.4261 31.4576 2
    endloop
  endfacet
  facet normal 0.980755 -0.195242 0
    outer loop
      vertex 81.4261 31.4576 0
      vertex 81.3316 30.9829 2
      vertex 81.3316 30.9829 0
    endloop
  endfacet
  facet normal -0.0655041 0.997852 0
    outer loop
      vertex 85.4829 26.8317 0
      vertex 85 26.8 2
      vertex 85.4829 26.8317 2
    endloop
  endfacet
  facet normal -0.0655041 0.997852 0
    outer loop
      vertex 85 26.8 2
      vertex 85.4829 26.8317 0
      vertex 85 26.8 0
    endloop
  endfacet
  facet normal -0.0655041 -0.997852 0
    outer loop
      vertex 85 34.2 0
      vertex 85.4829 34.1683 2
      vertex 85 34.2 2
    endloop
  endfacet
  facet normal -0.0655041 -0.997852 -0
    outer loop
      vertex 85.4829 34.1683 2
      vertex 85 34.2 0
      vertex 85.4829 34.1683 0
    endloop
  endfacet
  facet normal 0.195043 -0.980795 0
    outer loop
      vertex 84.0424 34.0739 0
      vertex 84.5171 34.1683 2
      vertex 84.0424 34.0739 2
    endloop
  endfacet
  facet normal 0.195043 -0.980795 0
    outer loop
      vertex 84.5171 34.1683 2
      vertex 84.0424 34.0739 0
      vertex 84.5171 34.1683 0
    endloop
  endfacet
  facet normal -0.751872 -0.659309 0
    outer loop
      vertex 87.9354 32.7524 0
      vertex 87.6163 33.1163 2
      vertex 87.6163 33.1163 0
    endloop
  endfacet
  facet normal -0.751872 -0.659309 0
    outer loop
      vertex 87.6163 33.1163 2
      vertex 87.9354 32.7524 0
      vertex 87.9354 32.7524 2
    endloop
  endfacet
  facet normal 0.195043 0.980795 -0
    outer loop
      vertex 84.5171 26.8317 0
      vertex 84.0424 26.9261 2
      vertex 84.5171 26.8317 2
    endloop
  endfacet
  facet normal 0.195043 0.980795 0
    outer loop
      vertex 84.0424 26.9261 2
      vertex 84.5171 26.8317 0
      vertex 84.0424 26.9261 0
    endloop
  endfacet
  facet normal -0.831446 0.555606 0
    outer loop
      vertex 87.9354 28.2476 0
      vertex 88.2043 28.65 2
      vertex 88.2043 28.65 0
    endloop
  endfacet
  facet normal -0.831446 0.555606 0
    outer loop
      vertex 88.2043 28.65 2
      vertex 87.9354 28.2476 0
      vertex 87.9354 28.2476 2
    endloop
  endfacet
  facet normal 0.997866 0.0652983 0
    outer loop
      vertex 81.3316 30.0171 2
      vertex 81.3 30.5 0
      vertex 81.3 30.5 2
    endloop
  endfacet
  facet normal 0.997866 0.0652983 0
    outer loop
      vertex 81.3 30.5 0
      vertex 81.3316 30.0171 2
      vertex 81.3316 30.0171 0
    endloop
  endfacet
  facet normal 0.442331 0.896852 -0
    outer loop
      vertex 83.5841 27.0816 0
      vertex 83.15 27.2957 2
      vertex 83.5841 27.0816 2
    endloop
  endfacet
  facet normal 0.442331 0.896852 0
    outer loop
      vertex 83.15 27.2957 2
      vertex 83.5841 27.0816 0
      vertex 83.15 27.2957 0
    endloop
  endfacet
  facet normal 0.831446 0.555606 0
    outer loop
      vertex 82.0646 28.2476 2
      vertex 81.7957 28.65 0
      vertex 81.7957 28.65 2
    endloop
  endfacet
  facet normal 0.831446 0.555606 0
    outer loop
      vertex 81.7957 28.65 0
      vertex 82.0646 28.2476 2
      vertex 82.0646 28.2476 0
    endloop
  endfacet
  facet normal 0.0655041 0.997852 -0
    outer loop
      vertex 85 26.8 0
      vertex 84.5171 26.8317 2
      vertex 85 26.8 2
    endloop
  endfacet
  facet normal 0.0655041 0.997852 0
    outer loop
      vertex 84.5171 26.8317 2
      vertex 85 26.8 0
      vertex 84.5171 26.8317 0
    endloop
  endfacet
  facet normal 0.659309 0.751872 -0
    outer loop
      vertex 82.7476 27.5646 0
      vertex 82.3837 27.8837 2
      vertex 82.7476 27.5646 2
    endloop
  endfacet
  facet normal 0.659309 0.751872 0
    outer loop
      vertex 82.3837 27.8837 2
      vertex 82.7476 27.5646 0
      vertex 82.3837 27.8837 0
    endloop
  endfacet
  facet normal -1 0 0
    outer loop
      vertex 62.4 58.6 10
      vertex 62.4 61 27
      vertex 62.4 61 10
    endloop
  endfacet
  facet normal -1 -0 0
    outer loop
      vertex 62.4 61 27
      vertex 62.4 58.6 10
      vertex 62.4 58.6 27
    endloop
  endfacet
  facet normal 0 0 -1
    outer loop
      vertex 11.4 58.6 27
      vertex 62.4 61 27
      vertex 62.4 58.6 27
    endloop
  endfacet
  facet normal -0 0 -1
    outer loop
      vertex 62.4 61 27
      vertex 11.4 58.6 27
      vertex 11.4 61 27
    endloop
  endfacet
  facet normal -0 0 1
    outer loop
      vertex 11.4 61 10
      vertex 62.4 58.6 10
      vertex 62.4 61 10
    endloop
  endfacet
  facet normal 0 0 1
    outer loop
      vertex 62.4 58.6 10
      vertex 11.4 61 10
      vertex 11.4 58.6 10
    endloop
  endfacet
  facet normal 1 -0 0
    outer loop
      vertex 11.4 58.6 27
      vertex 11.4 61 10
      vertex 11.4 61 27
    endloop
  endfacet
  facet normal 1 0 0
    outer loop
      vertex 11.4 61 10
      vertex 11.4 58.6 27
      vertex 11.4 58.6 10
    endloop
  endfacet
endsolid OpenSCAD_Model
