solid OpenSCAD_Model
  facet normal -0.44223 -0.634205 -0.634205
    outer loop
      vertex 75.8815 62.1547 46.9214
      vertex 75.9 60.734 48.3292
      vertex 75.8815 60.7405 48.3356
    endloop
  endfacet
  facet normal -0.44223 -0.634205 -0.634205
    outer loop
      vertex 75.9 60.734 48.3292
      vertex 75.8815 62.1547 46.9214
      vertex 75.9 62.1483 46.9149
    endloop
  endfacet
  facet normal -0.831286 -0.393042 -0.393042
    outer loop
      vertex 77.1573 61.3062 46.0729
      vertex 77.0147 60.0428 47.6379
      vertex 77.0147 61.457 46.2237
    endloop
  endfacet
  facet normal -0.831371 -0.392938 -0.392966
    outer loop
      vertex 77.0147 60.0428 47.6379
      vertex 77.1573 61.3062 46.0729
      vertex 77.1573 59.8919 47.4871
    endloop
  endfacet
  facet normal 0.659447 -0.531569 -0.531569
    outer loop
      vertex 71.6867 60.5388 48.1339
      vertex 71.313 61.7212 46.4879
      vertex 71.6867 61.953 46.7197
    endloop
  endfacet
  facet normal 0.659447 -0.531569 -0.531569
    outer loop
      vertex 71.313 61.7212 46.4879
      vertex 71.6867 60.5388 48.1339
      vertex 71.313 60.307 47.9021
    endloop
  endfacet
  facet normal 0.831286 -0.393042 -0.393042
    outer loop
      vertex 70.9853 60.0428 47.6379
      vertex 70.8427 61.3062 46.0729
      vertex 70.9853 61.457 46.2237
    endloop
  endfacet
  facet normal 0.831371 -0.392938 -0.392966
    outer loop
      vertex 70.8427 61.3062 46.0729
      vertex 70.9853 60.0428 47.6379
      vertex 70.8427 59.8919 47.4871
    endloop
  endfacet
  facet normal 0.44223 -0.634205 -0.634205
    outer loop
      vertex 72.1 60.734 48.3292
      vertex 72.1185 62.1547 46.9214
      vertex 72.1185 60.7405 48.3356
    endloop
  endfacet
  facet normal 0.44223 -0.634205 -0.634205
    outer loop
      vertex 72.1185 62.1547 46.9214
      vertex 72.1 60.734 48.3292
      vertex 72.1 62.1483 46.9149
    endloop
  endfacet
  facet normal -0.555524 -0.58796 -0.58796
    outer loop
      vertex 75.9 62.1483 46.9149
      vertex 76.3133 60.5388 48.1339
      vertex 75.9 60.734 48.3292
    endloop
  endfacet
  facet normal -0.555524 -0.58796 -0.58796
    outer loop
      vertex 76.3133 60.5388 48.1339
      vertex 75.9 62.1483 46.9149
      vertex 76.3133 61.953 46.7197
    endloop
  endfacet
  facet normal 0.555524 -0.58796 -0.58796
    outer loop
      vertex 71.6867 60.5388 48.1339
      vertex 72.1 62.1483 46.9149
      vertex 72.1 60.734 48.3292
    endloop
  endfacet
  facet normal 0.555524 -0.58796 -0.58796
    outer loop
      vertex 72.1 62.1483 46.9149
      vertex 71.6867 60.5388 48.1339
      vertex 71.6867 61.953 46.7197
    endloop
  endfacet
  facet normal -0.751809 -0.466253 -0.466253
    outer loop
      vertex 77.0147 61.457 46.2237
      vertex 76.687 60.307 47.9021
      vertex 76.687 61.7212 46.4879
    endloop
  endfacet
  facet normal -0.751809 -0.466253 -0.466253
    outer loop
      vertex 76.687 60.307 47.9021
      vertex 77.0147 61.457 46.2237
      vertex 77.0147 60.0428 47.6379
    endloop
  endfacet
  facet normal 0.751809 -0.466253 -0.466253
    outer loop
      vertex 71.313 60.307 47.9021
      vertex 70.9853 61.457 46.2237
      vertex 71.313 61.7212 46.4879
    endloop
  endfacet
  facet normal 0.751809 -0.466253 -0.466253
    outer loop
      vertex 70.9853 61.457 46.2237
      vertex 71.313 60.307 47.9021
      vertex 70.9853 60.0428 47.6379
    endloop
  endfacet
  facet normal -0.659447 -0.531569 -0.531569
    outer loop
      vertex 76.687 61.7212 46.4879
      vertex 76.3133 60.5388 48.1339
      vertex 76.3133 61.953 46.7197
    endloop
  endfacet
  facet normal -0.659447 -0.531569 -0.531569
    outer loop
      vertex 76.3133 60.5388 48.1339
      vertex 76.687 61.7212 46.4879
      vertex 76.687 60.307 47.9021
    endloop
  endfacet
  facet normal -0.555495 0.587957 0.58799
    outer loop
      vertex 76.3133 23.0413 7.80795
      vertex 75.9 21.4318 9.0269
      vertex 76.3133 21.627 9.22217
    endloop
  endfacet
  facet normal -0.555593 0.587931 0.587923
    outer loop
      vertex 75.9 21.4318 9.0269
      vertex 76.3133 23.0413 7.80795
      vertex 75.9 22.846 7.61268
    endloop
  endfacet
  facet normal 0.831312 0.393016 0.393013
    outer loop
      vertex 70.8427 22.2739 9.86899
      vertex 70.9853 23.5373 8.30395
      vertex 70.8427 23.6881 8.45478
    endloop
  endfacet
  facet normal 0.831388 0.392923 0.392945
    outer loop
      vertex 70.9853 23.5373 8.30395
      vertex 70.8427 22.2739 9.86899
      vertex 70.9853 22.123 9.71817
    endloop
  endfacet
  facet normal 0.751902 0.466165 0.466191
    outer loop
      vertex 70.9853 22.123 9.71817
      vertex 71.313 23.273 8.0397
      vertex 70.9853 23.5373 8.30395
    endloop
  endfacet
  facet normal 0.751846 0.466224 0.466221
    outer loop
      vertex 71.313 23.273 8.0397
      vertex 70.9853 22.123 9.71817
      vertex 71.313 21.8588 9.45391
    endloop
  endfacet
  facet normal -0.445265 0.633147 0.633138
    outer loop
      vertex 75.9 22.846 7.61268
      vertex 75.8816 21.4253 9.02046
      vertex 75.9 21.4318 9.0269
    endloop
  endfacet
  facet normal -0.442222 0.634188 0.634228
    outer loop
      vertex 75.8816 21.4253 9.02046
      vertex 75.9 22.846 7.61268
      vertex 75.8816 22.8396 7.60625
    endloop
  endfacet
  facet normal -0.831312 0.393016 0.393013
    outer loop
      vertex 77.0147 23.5373 8.30395
      vertex 77.1573 22.2739 9.86899
      vertex 77.1573 23.6881 8.45478
    endloop
  endfacet
  facet normal -0.831388 0.392923 0.392945
    outer loop
      vertex 77.1573 22.2739 9.86899
      vertex 77.0147 23.5373 8.30395
      vertex 77.0147 22.123 9.71817
    endloop
  endfacet
  facet normal -0.751902 0.466165 0.466191
    outer loop
      vertex 76.687 23.273 8.0397
      vertex 77.0147 22.123 9.71817
      vertex 77.0147 23.5373 8.30395
    endloop
  endfacet
  facet normal -0.751846 0.466224 0.466221
    outer loop
      vertex 77.0147 22.123 9.71817
      vertex 76.687 23.273 8.0397
      vertex 76.687 21.8588 9.45391
    endloop
  endfacet
  facet normal -0.659326 0.531645 0.531641
    outer loop
      vertex 76.3133 23.0413 7.80795
      vertex 76.687 21.8588 9.45391
      vertex 76.687 23.273 8.0397
    endloop
  endfacet
  facet normal -0.659398 0.531583 0.531614
    outer loop
      vertex 76.687 21.8588 9.45391
      vertex 76.3133 23.0413 7.80795
      vertex 76.3133 21.627 9.22217
    endloop
  endfacet
  facet normal 0.445265 0.633147 0.633138
    outer loop
      vertex 72.1184 21.4253 9.02046
      vertex 72.1 22.846 7.61268
      vertex 72.1 21.4318 9.0269
    endloop
  endfacet
  facet normal 0.442222 0.634188 0.634228
    outer loop
      vertex 72.1 22.846 7.61268
      vertex 72.1184 21.4253 9.02046
      vertex 72.1184 22.8396 7.60625
    endloop
  endfacet
  facet normal 0.659326 0.531645 0.531641
    outer loop
      vertex 71.313 21.8588 9.45391
      vertex 71.6867 23.0413 7.80795
      vertex 71.313 23.273 8.0397
    endloop
  endfacet
  facet normal 0.659398 0.531583 0.531614
    outer loop
      vertex 71.6867 23.0413 7.80795
      vertex 71.313 21.8588 9.45391
      vertex 71.6867 21.627 9.22217
    endloop
  endfacet
  facet normal 0.555495 0.587957 0.58799
    outer loop
      vertex 72.1 21.4318 9.0269
      vertex 71.6867 23.0413 7.80795
      vertex 71.6867 21.627 9.22217
    endloop
  endfacet
  facet normal 0.555593 0.587931 0.587923
    outer loop
      vertex 71.6867 23.0413 7.80795
      vertex 72.1 21.4318 9.0269
      vertex 72.1 22.846 7.61268
    endloop
  endfacet
  facet normal -0.556192 0.587644 0.587644
    outer loop
      vertex 100.313 57.6895 42.4562
      vertex 100.1 56.1745 43.7696
      vertex 100.313 56.2753 43.8704
    endloop
  endfacet
  facet normal -0.556192 0.587644 0.587644
    outer loop
      vertex 100.1 56.1745 43.7696
      vertex 100.313 57.6895 42.4562
      vertex 100.1 57.5887 42.3554
    endloop
  endfacet
  facet normal -0.899478 0.308981 0.308981
    outer loop
      vertex 101.291 58.4777 43.2444
      vertex 101.3 57.0766 44.6717
      vertex 101.3 58.4908 43.2575
    endloop
  endfacet
  facet normal -0.899478 0.308981 0.308981
    outer loop
      vertex 101.3 57.0766 44.6717
      vertex 101.291 58.4777 43.2444
      vertex 101.291 57.0635 44.6586
    endloop
  endfacet
  facet normal -0.831832 -0.392464 -0.392464
    outer loop
      vertex 101.056 61.4136 46.1802
      vertex 101.015 60.0428 47.6379
      vertex 101.015 61.457 46.2237
    endloop
  endfacet
  facet normal -0.831832 -0.392464 -0.392464
    outer loop
      vertex 101.015 60.0428 47.6379
      vertex 101.056 61.4136 46.1802
      vertex 101.056 59.9993 47.5945
    endloop
  endfacet
  facet normal 0.659447 -0.531569 -0.531569
    outer loop
      vertex 95.6867 60.5388 48.1339
      vertex 95.313 61.7212 46.4879
      vertex 95.6867 61.953 46.7197
    endloop
  endfacet
  facet normal 0.659447 -0.531569 -0.531569
    outer loop
      vertex 95.313 61.7212 46.4879
      vertex 95.6867 60.5388 48.1339
      vertex 95.313 60.307 47.9021
    endloop
  endfacet
  facet normal -0.831575 0.392736 0.392736
    outer loop
      vertex 101.015 58.1855 42.9522
      vertex 101.291 57.0635 44.6586
      vertex 101.291 58.4777 43.2444
    endloop
  endfacet
  facet normal -0.831575 0.392736 0.392736
    outer loop
      vertex 101.291 57.0635 44.6586
      vertex 101.015 58.1855 42.9522
      vertex 101.015 56.7713 44.3664
    endloop
  endfacet
  facet normal 0.831286 -0.393042 -0.393042
    outer loop
      vertex 94.9853 60.0428 47.6379
      vertex 94.8427 61.3062 46.0729
      vertex 94.9853 61.457 46.2237
    endloop
  endfacet
  facet normal 0.831371 -0.392938 -0.392966
    outer loop
      vertex 94.8427 61.3062 46.0729
      vertex 94.9853 60.0428 47.6379
      vertex 94.8427 59.8919 47.4871
    endloop
  endfacet
  facet normal -0.751634 0.466394 0.466394
    outer loop
      vertex 100.687 57.9212 42.6879
      vertex 101.015 56.7713 44.3664
      vertex 101.015 58.1855 42.9522
    endloop
  endfacet
  facet normal -0.751634 0.466394 0.466394
    outer loop
      vertex 101.015 56.7713 44.3664
      vertex 100.687 57.9212 42.6879
      vertex 100.687 56.507 44.1021
    endloop
  endfacet
  facet normal -0.658987 0.531854 0.531854
    outer loop
      vertex 100.313 57.6895 42.4562
      vertex 100.687 56.507 44.1021
      vertex 100.687 57.9212 42.6879
    endloop
  endfacet
  facet normal -0.658987 0.531854 0.531854
    outer loop
      vertex 100.687 56.507 44.1021
      vertex 100.313 57.6895 42.4562
      vertex 100.313 56.2753 43.8704
    endloop
  endfacet
  facet normal 0.44223 -0.634205 -0.634205
    outer loop
      vertex 96.1 60.734 48.3292
      vertex 96.1185 62.1547 46.9214
      vertex 96.1185 60.7405 48.3356
    endloop
  endfacet
  facet normal 0.44223 -0.634205 -0.634205
    outer loop
      vertex 96.1185 62.1547 46.9214
      vertex 96.1 60.734 48.3292
      vertex 96.1 62.1483 46.9149
    endloop
  endfacet
  facet normal -0.55795 -0.58681 -0.58681
    outer loop
      vertex 100.252 61.982 46.7487
      vertex 100.313 60.5388 48.1339
      vertex 100.252 60.5678 48.1629
    endloop
  endfacet
  facet normal -0.55795 -0.58681 -0.58681
    outer loop
      vertex 100.313 60.5388 48.1339
      vertex 100.252 61.982 46.7487
      vertex 100.313 61.953 46.7197
    endloop
  endfacet
  facet normal 0.555524 -0.58796 -0.58796
    outer loop
      vertex 95.6867 60.5388 48.1339
      vertex 96.1 62.1483 46.9149
      vertex 96.1 60.734 48.3292
    endloop
  endfacet
  facet normal 0.555524 -0.58796 -0.58796
    outer loop
      vertex 96.1 62.1483 46.9149
      vertex 95.6867 60.5388 48.1339
      vertex 95.6867 61.953 46.7197
    endloop
  endfacet
  facet normal -0.75151 -0.466494 -0.466494
    outer loop
      vertex 101.015 61.457 46.2237
      vertex 100.687 60.307 47.9021
      vertex 100.687 61.7212 46.4879
    endloop
  endfacet
  facet normal -0.75151 -0.466494 -0.466494
    outer loop
      vertex 100.687 60.307 47.9021
      vertex 101.015 61.457 46.2237
      vertex 101.015 60.0428 47.6379
    endloop
  endfacet
  facet normal 0.751809 -0.466253 -0.466253
    outer loop
      vertex 95.313 60.307 47.9021
      vertex 94.9853 61.457 46.2237
      vertex 95.313 61.7212 46.4879
    endloop
  endfacet
  facet normal 0.751809 -0.466253 -0.466253
    outer loop
      vertex 94.9853 61.457 46.2237
      vertex 95.313 60.307 47.9021
      vertex 94.9853 60.0428 47.6379
    endloop
  endfacet
  facet normal -0.659147 -0.531754 -0.531754
    outer loop
      vertex 100.687 61.7212 46.4879
      vertex 100.313 60.5388 48.1339
      vertex 100.313 61.953 46.7197
    endloop
  endfacet
  facet normal -0.659147 -0.531754 -0.531754
    outer loop
      vertex 100.313 60.5388 48.1339
      vertex 100.687 61.7212 46.4879
      vertex 100.687 60.307 47.9021
    endloop
  endfacet
  facet normal -0.898155 -0.3109 -0.3109
    outer loop
      vertex 101.3 26.5035 11.2702
      vertex 101.291 25.1023 12.6974
      vertex 101.291 26.5165 11.2832
    endloop
  endfacet
  facet normal -0.898155 -0.3109 -0.3109
    outer loop
      vertex 101.291 25.1023 12.6974
      vertex 101.3 26.5035 11.2702
      vertex 101.3 25.0893 12.6844
    endloop
  endfacet
  facet normal 0.831312 0.393016 0.393013
    outer loop
      vertex 94.8427 22.2739 9.86899
      vertex 94.9853 23.5373 8.30395
      vertex 94.8427 23.6881 8.45478
    endloop
  endfacet
  facet normal 0.831388 0.392923 0.392945
    outer loop
      vertex 94.9853 23.5373 8.30395
      vertex 94.8427 22.2739 9.86899
      vertex 94.9853 22.123 9.71817
    endloop
  endfacet
  facet normal 0.751902 0.466165 0.466191
    outer loop
      vertex 94.9853 22.123 9.71817
      vertex 95.313 23.273 8.0397
      vertex 94.9853 23.5373 8.30395
    endloop
  endfacet
  facet normal 0.751846 0.466224 0.466221
    outer loop
      vertex 95.313 23.273 8.0397
      vertex 94.9853 22.123 9.71817
      vertex 95.313 21.8588 9.45391
    endloop
  endfacet
  facet normal -0.831575 -0.39275 -0.392722
    outer loop
      vertex 101.291 26.5165 11.2832
      vertex 101.015 25.3945 12.9897
      vertex 101.015 26.8087 11.5754
    endloop
  endfacet
  facet normal -0.831619 -0.392689 -0.392689
    outer loop
      vertex 101.015 25.3945 12.9897
      vertex 101.291 26.5165 11.2832
      vertex 101.291 25.1023 12.6974
    endloop
  endfacet
  facet normal -0.831566 0.392733 0.392758
    outer loop
      vertex 101.015 23.5373 8.30395
      vertex 101.056 22.1664 9.76157
      vertex 101.056 23.5807 8.34736
    endloop
  endfacet
  facet normal -0.831537 0.392765 0.392788
    outer loop
      vertex 101.056 22.1664 9.76157
      vertex 101.015 23.5373 8.30395
      vertex 101.015 22.123 9.71817
    endloop
  endfacet
  facet normal -0.751603 0.466406 0.466432
    outer loop
      vertex 100.687 23.273 8.0397
      vertex 101.015 22.123 9.71817
      vertex 101.015 23.5373 8.30395
    endloop
  endfacet
  facet normal -0.751547 0.466465 0.466462
    outer loop
      vertex 101.015 22.123 9.71817
      vertex 100.687 23.273 8.0397
      vertex 100.687 21.8588 9.45391
    endloop
  endfacet
  facet normal -0.659027 0.531831 0.531827
    outer loop
      vertex 100.313 23.0413 7.80795
      vertex 100.687 21.8588 9.45391
      vertex 100.687 23.273 8.0397
    endloop
  endfacet
  facet normal -0.659099 0.531769 0.531799
    outer loop
      vertex 100.687 21.8588 9.45391
      vertex 100.313 23.0413 7.80795
      vertex 100.313 21.627 9.22217
    endloop
  endfacet
  facet normal -0.558017 0.586762 0.586795
    outer loop
      vertex 100.313 23.0413 7.80795
      vertex 100.252 21.598 9.19316
      vertex 100.313 21.627 9.22217
    endloop
  endfacet
  facet normal -0.55795 0.586791 0.586828
    outer loop
      vertex 100.252 21.598 9.19316
      vertex 100.313 23.0413 7.80795
      vertex 100.252 23.0123 7.77895
    endloop
  endfacet
  facet normal -0.556002 -0.587734 -0.587734
    outer loop
      vertex 100.1 27.4055 12.1722
      vertex 100.313 25.8905 13.4857
      vertex 100.1 25.9913 13.5864
    endloop
  endfacet
  facet normal -0.556192 -0.587664 -0.587623
    outer loop
      vertex 100.313 25.8905 13.4857
      vertex 100.1 27.4055 12.1722
      vertex 100.313 27.3047 12.0714
    endloop
  endfacet
  facet normal 0.445265 0.633147 0.633138
    outer loop
      vertex 96.1184 21.4253 9.02046
      vertex 96.1 22.846 7.61268
      vertex 96.1 21.4318 9.0269
    endloop
  endfacet
  facet normal 0.442222 0.634188 0.634228
    outer loop
      vertex 96.1 22.846 7.61268
      vertex 96.1184 21.4253 9.02046
      vertex 96.1184 22.8396 7.60625
    endloop
  endfacet
  facet normal -0.751634 -0.466394 -0.466394
    outer loop
      vertex 101.015 26.8087 11.5754
      vertex 100.687 25.6588 13.2539
      vertex 100.687 27.073 11.8397
    endloop
  endfacet
  facet normal -0.751572 -0.46646 -0.466427
    outer loop
      vertex 100.687 25.6588 13.2539
      vertex 101.015 26.8087 11.5754
      vertex 101.015 25.3945 12.9897
    endloop
  endfacet
  facet normal 0.659326 0.531645 0.531641
    outer loop
      vertex 95.313 21.8588 9.45391
      vertex 95.6867 23.0413 7.80795
      vertex 95.313 23.273 8.0397
    endloop
  endfacet
  facet normal 0.659398 0.531583 0.531614
    outer loop
      vertex 95.6867 23.0413 7.80795
      vertex 95.313 21.8588 9.45391
      vertex 95.6867 21.627 9.22217
    endloop
  endfacet
  facet normal 0.555495 0.587957 0.58799
    outer loop
      vertex 96.1 21.4318 9.0269
      vertex 95.6867 23.0413 7.80795
      vertex 95.6867 21.627 9.22217
    endloop
  endfacet
  facet normal 0.555593 0.587931 0.587923
    outer loop
      vertex 95.6867 23.0413 7.80795
      vertex 96.1 21.4318 9.0269
      vertex 96.1 22.846 7.61268
    endloop
  endfacet
  facet normal -0.658987 -0.531872 -0.531835
    outer loop
      vertex 100.687 27.073 11.8397
      vertex 100.313 25.8905 13.4857
      vertex 100.313 27.3047 12.0714
    endloop
  endfacet
  facet normal -0.659067 -0.531804 -0.531804
    outer loop
      vertex 100.313 25.8905 13.4857
      vertex 100.687 27.073 11.8397
      vertex 100.687 25.6588 13.2539
    endloop
  endfacet
  facet normal 1.66921e-13 -0.707107 0.707107
    outer loop
      vertex 100.313 60.5388 48.1339
      vertex 100.3 60.551 48.1461
      vertex 100.252 60.5678 48.1629
    endloop
  endfacet
  facet normal -0.000651637 -0.707454 0.706759
    outer loop
      vertex 100.313 60.5388 48.1339
      vertex 100.518 60.4482 48.0434
      vertex 100.3 60.551 48.1461
    endloop
  endfacet
  facet normal -0.00120049 -0.708074 0.706137
    outer loop
      vertex 100.687 60.307 47.9021
      vertex 100.518 60.4482 48.0434
      vertex 100.313 60.5388 48.1339
    endloop
  endfacet
  facet normal 0.00019288 -0.707242 0.706972
    outer loop
      vertex 100.518 60.4482 48.0434
      vertex 100.687 60.307 47.9021
      vertex 100.714 60.3263 47.9214
    endloop
  endfacet
  facet normal -1.36589e-14 -0.707107 0.707107
    outer loop
      vertex 100.687 60.307 47.9021
      vertex 100.887 60.1872 47.7823
      vertex 100.714 60.3263 47.9214
    endloop
  endfacet
  facet normal -5.36091e-14 -0.707107 0.707107
    outer loop
      vertex 101.015 60.0428 47.6379
      vertex 100.887 60.1872 47.7823
      vertex 100.687 60.307 47.9021
    endloop
  endfacet
  facet normal 0 -0.707107 0.707107
    outer loop
      vertex 101.015 60.0428 47.6379
      vertex 101.032 60.0334 47.6285
      vertex 100.887 60.1872 47.7823
    endloop
  endfacet
  facet normal 0.00188161 -0.705402 0.708805
    outer loop
      vertex 101.032 60.0334 47.6285
      vertex 101.015 60.0428 47.6379
      vertex 101.056 59.9993 47.5945
    endloop
  endfacet
  facet normal 3.35027e-14 -0.707107 0.707107
    outer loop
      vertex 101.015 22.123 9.71817
      vertex 101.032 22.1324 9.72757
      vertex 101.056 22.1664 9.76157
    endloop
  endfacet
  facet normal 5.31028e-05 -0.707155 0.707059
    outer loop
      vertex 101.015 22.123 9.71817
      vertex 100.887 21.9786 9.57376
      vertex 101.032 22.1324 9.72757
    endloop
  endfacet
  facet normal -0.000314411 -0.706992 0.707222
    outer loop
      vertex 100.687 21.8588 9.45391
      vertex 100.887 21.9786 9.57376
      vertex 101.015 22.123 9.71817
    endloop
  endfacet
  facet normal 0.000263132 -0.707474 0.70674
    outer loop
      vertex 100.887 21.9786 9.57376
      vertex 100.687 21.8588 9.45391
      vertex 100.714 21.8396 9.43468
    endloop
  endfacet
  facet normal 0.000405041 -0.707374 0.706839
    outer loop
      vertex 100.687 21.8588 9.45391
      vertex 100.518 21.7176 9.3127
      vertex 100.714 21.8396 9.43468
    endloop
  endfacet
  facet normal 0.000559298 -0.707466 0.706747
    outer loop
      vertex 100.313 21.627 9.22217
      vertex 100.518 21.7176 9.3127
      vertex 100.687 21.8588 9.45391
    endloop
  endfacet
  facet normal 0.00238477 -0.709526 0.704675
    outer loop
      vertex 100.313 21.627 9.22217
      vertex 100.3 21.6148 9.20993
      vertex 100.518 21.7176 9.3127
    endloop
  endfacet
  facet normal 0.00199257 -0.709319 0.704885
    outer loop
      vertex 100.3 21.6148 9.20993
      vertex 100.313 21.627 9.22217
      vertex 100.252 21.598 9.19316
    endloop
  endfacet
  facet normal -0.000539645 -0.707129 0.707085
    outer loop
      vertex 4.7 60.7405 48.3356
      vertex 4.76946 59.8859 47.481
      vertex 4.9 59.8919 47.4871
    endloop
  endfacet
  facet normal 0 -0.707107 0.707107
    outer loop
      vertex 3.11328 60.1872 47.7823
      vertex 4.64118 59.8679 47.463
      vertex 4.76946 59.8859 47.481
    endloop
  endfacet
  facet normal 0 -0.707107 0.707107
    outer loop
      vertex 3.93407 59.3679 46.963
      vertex 2.96794 60.0334 47.6285
      vertex 2.85224 59.8675 47.4626
    endloop
  endfacet
  facet normal 0.000265601 -0.706471 0.707742
    outer loop
      vertex 3.11328 60.1872 47.7823
      vertex 4.51731 59.8381 47.4333
      vertex 4.64118 59.8679 47.463
    endloop
  endfacet
  facet normal -0.000280136 -0.707569 0.706644
    outer loop
      vertex 3.11328 60.1872 47.7823
      vertex 4.4 59.7972 47.3923
      vertex 4.51731 59.8381 47.4333
    endloop
  endfacet
  facet normal 0.000254183 -0.706687 0.707526
    outer loop
      vertex 3.11328 60.1872 47.7823
      vertex 4.29123 59.7458 47.341
      vertex 4.4 59.7972 47.3923
    endloop
  endfacet
  facet normal -1.08494e-14 -0.707107 0.707107
    outer loop
      vertex 3.93407 59.3679 46.963
      vertex 2.85224 59.8675 47.4626
      vertex 2.76815 59.6923 47.2874
    endloop
  endfacet
  facet normal -3.74237e-05 -0.707077 0.707137
    outer loop
      vertex 3.11328 60.1872 47.7823
      vertex 4.19289 59.6848 47.28
      vertex 4.29123 59.7458 47.341
    endloop
  endfacet
  facet normal -0.000341493 -0.707403 0.70681
    outer loop
      vertex 3.11328 60.1872 47.7823
      vertex 4.10663 59.6153 47.2104
      vertex 4.19289 59.6848 47.28
    endloop
  endfacet
  facet normal -2.4295e-14 -0.707107 0.707107
    outer loop
      vertex 3.11328 60.1872 47.7823
      vertex 4.03397 59.5384 47.1335
      vertex 4.10663 59.6153 47.2104
    endloop
  endfacet
  facet normal -5.62436e-05 -0.707099 0.707115
    outer loop
      vertex 3.90854 59.2771 46.8723
      vertex 2.76815 59.6923 47.2874
      vertex 2.7171 59.5109 47.106
    endloop
  endfacet
  facet normal 0.000402746 -0.706821 0.707392
    outer loop
      vertex 3.11328 60.1872 47.7823
      vertex 3.97611 59.4554 47.0506
      vertex 4.03397 59.5384 47.1335
    endloop
  endfacet
  facet normal -0.000418061 -0.70741 0.706803
    outer loop
      vertex 2.96794 60.0334 47.6285
      vertex 3.93407 59.3679 46.963
      vertex 3.97611 59.4554 47.0506
    endloop
  endfacet
  facet normal -5.82896e-05 -0.707104 0.707109
    outer loop
      vertex 3.90854 59.2771 46.8723
      vertex 2.7171 59.5109 47.106
      vertex 2.7 59.3263 46.9214
    endloop
  endfacet
  facet normal 0.000201058 -0.706745 0.707468
    outer loop
      vertex 2.76815 59.6923 47.2874
      vertex 3.90854 59.2771 46.8723
      vertex 3.93407 59.3679 46.963
    endloop
  endfacet
  facet normal -5.82898e-05 -0.707104 0.707109
    outer loop
      vertex 2.7 59.3263 46.9214
      vertex 3.9 59.1848 46.78
      vertex 3.90854 59.2771 46.8723
    endloop
  endfacet
  facet normal -5.91558e-05 -0.707108 0.707106
    outer loop
      vertex 2.7 59.3263 46.9214
      vertex 3.9 22.981 10.5761
      vertex 3.9 59.1848 46.78
    endloop
  endfacet
  facet normal 0 -0.707107 0.707107
    outer loop
      vertex 2.7 22.8396 10.4347
      vertex 3.9 22.981 10.5761
      vertex 2.7 59.3263 46.9214
    endloop
  endfacet
  facet normal -1.58851e-15 -0.707107 0.707107
    outer loop
      vertex 2.7 22.8396 10.4347
      vertex 3.90854 22.8887 10.4838
      vertex 3.9 22.981 10.5761
    endloop
  endfacet
  facet normal -1.02979e-15 -0.707107 0.707107
    outer loop
      vertex 2.7171 22.655 10.2501
      vertex 3.90854 22.8887 10.4838
      vertex 2.7 22.8396 10.4347
    endloop
  endfacet
  facet normal -7.24412e-05 -0.706922 0.707291
    outer loop
      vertex 2.76815 22.4735 10.0687
      vertex 3.90854 22.8887 10.4838
      vertex 2.7171 22.655 10.2501
    endloop
  endfacet
  facet normal 5.62425e-05 -0.707099 0.707115
    outer loop
      vertex 3.90854 22.8887 10.4838
      vertex 2.76815 22.4735 10.0687
      vertex 3.93407 22.798 10.3931
    endloop
  endfacet
  facet normal 0.00017242 -0.707308 0.706906
    outer loop
      vertex 2.85224 22.2984 9.89348
      vertex 3.93407 22.798 10.3931
      vertex 2.76815 22.4735 10.0687
    endloop
  endfacet
  facet normal -0.000143852 -0.706965 0.707248
    outer loop
      vertex 2.96794 22.1324 9.72757
      vertex 3.93407 22.798 10.3931
      vertex 2.85224 22.2984 9.89348
    endloop
  endfacet
  facet normal 3.85032e-05 -0.707098 0.707116
    outer loop
      vertex 3.93407 22.798 10.3931
      vertex 2.96794 22.1324 9.72757
      vertex 3.97611 22.7104 10.3055
    endloop
  endfacet
  facet normal 4.89402e-05 -0.707107 0.707107
    outer loop
      vertex 3.11328 21.9786 9.57376
      vertex 3.97611 22.7104 10.3055
      vertex 2.96794 22.1324 9.72757
    endloop
  endfacet
  facet normal 3.09016e-05 -0.707096 0.707118
    outer loop
      vertex 3.97611 22.7104 10.3055
      vertex 3.11328 21.9786 9.57376
      vertex 4.03397 22.6274 10.2225
    endloop
  endfacet
  facet normal 0.000177551 -0.7072 0.707013
    outer loop
      vertex 3.28578 21.8396 9.43468
      vertex 4.03397 22.6274 10.2225
      vertex 3.11328 21.9786 9.57376
    endloop
  endfacet
  facet normal -5.22549e-05 -0.707091 0.707123
    outer loop
      vertex 3.48247 21.7176 9.3127
      vertex 4.03397 22.6274 10.2225
      vertex 3.28578 21.8396 9.43468
    endloop
  endfacet
  facet normal -1.04898e-14 -0.707107 0.707107
    outer loop
      vertex 4.03397 22.6274 10.2225
      vertex 3.48247 21.7176 9.3127
      vertex 4.10663 22.5505 10.1456
    endloop
  endfacet
  facet normal -7.20178e-05 -0.70708 0.707134
    outer loop
      vertex 3.7 21.6148 9.20993
      vertex 4.10663 22.5505 10.1456
      vertex 3.48247 21.7176 9.3127
    endloop
  endfacet
  facet normal 1.35292e-05 -0.707098 0.707115
    outer loop
      vertex 4.10663 22.5505 10.1456
      vertex 3.7 21.6148 9.20993
      vertex 4.19289 22.481 10.0761
    endloop
  endfacet
  facet normal 1.12281e-05 -0.707098 0.707116
    outer loop
      vertex 4.19289 22.481 10.0761
      vertex 3.7 21.6148 9.20993
      vertex 4.29123 22.42 10.0151
    endloop
  endfacet
  facet normal 5.53036e-05 -0.707114 0.7071
    outer loop
      vertex 3.93462 21.533 9.12811
      vertex 4.29123 22.42 10.0151
      vertex 3.7 21.6148 9.20993
    endloop
  endfacet
  facet normal -0.000106099 -0.707081 0.707132
    outer loop
      vertex 4.29123 22.42 10.0151
      vertex 3.93462 21.533 9.12811
      vertex 4.4 22.3686 9.96372
    endloop
  endfacet
  facet normal 0 -0.707078 0.707136
    outer loop
      vertex 4.9 22.2739 9.86899
      vertex 4.7 21.4253 9.02046
      vertex 70.8427 22.2739 9.86899
    endloop
  endfacet
  facet normal -0.000102496 -0.707082 0.707131
    outer loop
      vertex 4.18236 21.4735 9.06865
      vertex 4.4 22.3686 9.96372
      vertex 3.93462 21.533 9.12811
    endloop
  endfacet
  facet normal -4.01364e-06 -0.706921 0.707292
    outer loop
      vertex 70.8427 22.2739 9.86899
      vertex 4.7 21.4253 9.02046
      vertex 70.9853 22.123 9.71817
    endloop
  endfacet
  facet normal 7.61712e-06 -0.707096 0.707118
    outer loop
      vertex 4.4 22.3686 9.96372
      vertex 4.18236 21.4735 9.06865
      vertex 4.51731 22.3277 9.92282
    endloop
  endfacet
  facet normal -2.28072e-05 -0.70709 0.707124
    outer loop
      vertex 4.43894 21.4374 9.03256
      vertex 4.51731 22.3277 9.92282
      vertex 4.18236 21.4735 9.06865
    endloop
  endfacet
  facet normal 1.56301e-06 -0.707186 0.707027
    outer loop
      vertex 70.9853 22.123 9.71817
      vertex 4.7 21.4253 9.02046
      vertex 71.313 21.8588 9.45391
    endloop
  endfacet
  facet normal 0.00023108 -0.707101 0.707112
    outer loop
      vertex 4.51731 22.3277 9.92282
      vertex 4.43894 21.4374 9.03256
      vertex 4.64118 22.298 9.89308
    endloop
  endfacet
  facet normal 3.01393e-06 -0.707074 0.707139
    outer loop
      vertex 4.7 21.4253 9.02046
      vertex 4.64118 22.298 9.89308
      vertex 4.43894 21.4374 9.03256
    endloop
  endfacet
  facet normal -0.000324684 -0.707085 0.707128
    outer loop
      vertex 4.64118 22.298 9.89308
      vertex 4.7 21.4253 9.02046
      vertex 4.76946 22.2799 9.87504
    endloop
  endfacet
  facet normal 0.000270588 -0.707109 0.707104
    outer loop
      vertex 4.76946 22.2799 9.87504
      vertex 4.7 21.4253 9.02046
      vertex 4.9 22.2739 9.86899
    endloop
  endfacet
  facet normal -6.53583e-07 -0.707016 0.707198
    outer loop
      vertex 71.313 21.8588 9.45391
      vertex 4.7 21.4253 9.02046
      vertex 71.6867 21.627 9.22217
    endloop
  endfacet
  facet normal 6.53676e-07 -0.707233 0.706981
    outer loop
      vertex 71.6867 21.627 9.22217
      vertex 4.7 21.4253 9.02046
      vertex 72.1 21.4318 9.0269
    endloop
  endfacet
  facet normal 0 -0.703821 0.710378
    outer loop
      vertex 72.1 21.4318 9.0269
      vertex 4.7 21.4253 9.02046
      vertex 72.1184 21.4253 9.02046
    endloop
  endfacet
  facet normal 0 -0.701604 0.712567
    outer loop
      vertex 4.7 60.7405 48.3356
      vertex 72.1 60.734 48.3292
      vertex 72.1185 60.7405 48.3356
    endloop
  endfacet
  facet normal 0 -0.707107 0.707107
    outer loop
      vertex 4.76946 59.8859 47.481
      vertex 4.7 60.7405 48.3356
      vertex 4.43894 60.7284 48.3235
    endloop
  endfacet
  facet normal -1.8585e-14 -0.707107 0.707107
    outer loop
      vertex 4.76946 59.8859 47.481
      vertex 4.43894 60.7284 48.3235
      vertex 4.18236 60.6923 48.2874
    endloop
  endfacet
  facet normal -1.3379e-15 -0.707107 0.707107
    outer loop
      vertex 4.76946 59.8859 47.481
      vertex 4.18236 60.6923 48.2874
      vertex 3.93462 60.6328 48.2279
    endloop
  endfacet
  facet normal -1.773e-15 -0.707107 0.707107
    outer loop
      vertex 4.76946 59.8859 47.481
      vertex 3.93462 60.6328 48.2279
      vertex 3.7 60.551 48.1461
    endloop
  endfacet
  facet normal -1.08356e-06 -0.707287 0.706927
    outer loop
      vertex 4.7 60.7405 48.3356
      vertex 71.6867 60.5388 48.1339
      vertex 72.1 60.734 48.3292
    endloop
  endfacet
  facet normal 0.000184744 -0.706958 0.707255
    outer loop
      vertex 4.76946 59.8859 47.481
      vertex 3.7 60.551 48.1461
      vertex 3.48247 60.4482 48.0434
    endloop
  endfacet
  facet normal -0.00011639 -0.707303 0.706911
    outer loop
      vertex 4.76946 59.8859 47.481
      vertex 3.48247 60.4482 48.0434
      vertex 3.28578 60.3263 47.9214
    endloop
  endfacet
  facet normal 0 -0.707065 0.707148
    outer loop
      vertex 4.7 60.7405 48.3356
      vertex 4.9 59.8919 47.4871
      vertex 70.8427 59.8919 47.4871
    endloop
  endfacet
  facet normal 5.35229e-15 -0.707107 0.707107
    outer loop
      vertex 4.76946 59.8859 47.481
      vertex 3.28578 60.3263 47.9214
      vertex 3.11328 60.1872 47.7823
    endloop
  endfacet
  facet normal 7.48423e-17 -0.707107 0.707107
    outer loop
      vertex 4.7 60.7405 48.3356
      vertex 71.313 60.307 47.9021
      vertex 71.6867 60.5388 48.1339
    endloop
  endfacet
  facet normal -4.54927e-05 -0.707085 0.707128
    outer loop
      vertex 3.97611 59.4554 47.0506
      vertex 3.11328 60.1872 47.7823
      vertex 2.96794 60.0334 47.6285
    endloop
  endfacet
  facet normal 1.99124e-16 -0.707107 0.707107
    outer loop
      vertex 4.7 60.7405 48.3356
      vertex 70.9853 60.0428 47.6379
      vertex 71.313 60.307 47.9021
    endloop
  endfacet
  facet normal 4.8853e-06 -0.706875 0.707339
    outer loop
      vertex 4.7 60.7405 48.3356
      vertex 70.8427 59.8919 47.4871
      vertex 70.9853 60.0428 47.6379
    endloop
  endfacet
  facet normal 0 -0.706919 0.707294
    outer loop
      vertex 77.0147 22.123 9.71817
      vertex 94.8427 22.2739 9.86899
      vertex 77.1573 22.2739 9.86899
    endloop
  endfacet
  facet normal 0 -0.706919 0.707294
    outer loop
      vertex 77.0147 22.123 9.71817
      vertex 94.9853 22.123 9.71817
      vertex 94.8427 22.2739 9.86899
    endloop
  endfacet
  facet normal 0 -0.707187 0.707026
    outer loop
      vertex 76.687 21.8588 9.45391
      vertex 94.9853 22.123 9.71817
      vertex 77.0147 22.123 9.71817
    endloop
  endfacet
  facet normal 0 -0.707187 0.707026
    outer loop
      vertex 76.687 21.8588 9.45391
      vertex 95.313 21.8588 9.45391
      vertex 94.9853 22.123 9.71817
    endloop
  endfacet
  facet normal 0 -0.707015 0.707198
    outer loop
      vertex 76.3133 21.627 9.22217
      vertex 95.313 21.8588 9.45391
      vertex 76.687 21.8588 9.45391
    endloop
  endfacet
  facet normal 0 -0.707015 0.707198
    outer loop
      vertex 76.3133 21.627 9.22217
      vertex 95.6867 21.627 9.22217
      vertex 95.313 21.8588 9.45391
    endloop
  endfacet
  facet normal 0 -0.707234 0.70698
    outer loop
      vertex 75.9 21.4318 9.0269
      vertex 95.6867 21.627 9.22217
      vertex 76.3133 21.627 9.22217
    endloop
  endfacet
  facet normal 0 -0.707234 0.70698
    outer loop
      vertex 75.9 21.4318 9.0269
      vertex 96.1 21.4318 9.0269
      vertex 95.6867 21.627 9.22217
    endloop
  endfacet
  facet normal 0 -0.703821 0.710378
    outer loop
      vertex 75.8816 21.4253 9.02046
      vertex 96.1 21.4318 9.0269
      vertex 75.9 21.4318 9.0269
    endloop
  endfacet
  facet normal 0 -0.703821 0.710378
    outer loop
      vertex 96.1 21.4318 9.0269
      vertex 75.8816 21.4253 9.02046
      vertex 96.1184 21.4253 9.02046
    endloop
  endfacet
  facet normal 0 -0.701604 0.712567
    outer loop
      vertex 75.9 60.734 48.3292
      vertex 96.1185 60.7405 48.3356
      vertex 75.8815 60.7405 48.3356
    endloop
  endfacet
  facet normal 0 -0.701604 0.712567
    outer loop
      vertex 75.9 60.734 48.3292
      vertex 96.1 60.734 48.3292
      vertex 96.1185 60.7405 48.3356
    endloop
  endfacet
  facet normal 0 -0.707288 0.706926
    outer loop
      vertex 76.3133 60.5388 48.1339
      vertex 96.1 60.734 48.3292
      vertex 75.9 60.734 48.3292
    endloop
  endfacet
  facet normal 0 -0.707288 0.706926
    outer loop
      vertex 76.3133 60.5388 48.1339
      vertex 95.6867 60.5388 48.1339
      vertex 96.1 60.734 48.3292
    endloop
  endfacet
  facet normal 0 -0.707107 0.707107
    outer loop
      vertex 76.687 60.307 47.9021
      vertex 95.6867 60.5388 48.1339
      vertex 76.3133 60.5388 48.1339
    endloop
  endfacet
  facet normal 0 -0.707107 0.707107
    outer loop
      vertex 76.687 60.307 47.9021
      vertex 95.313 60.307 47.9021
      vertex 95.6867 60.5388 48.1339
    endloop
  endfacet
  facet normal 0 -0.707107 0.707107
    outer loop
      vertex 77.0147 60.0428 47.6379
      vertex 95.313 60.307 47.9021
      vertex 76.687 60.307 47.9021
    endloop
  endfacet
  facet normal 0 -0.707107 0.707107
    outer loop
      vertex 77.0147 60.0428 47.6379
      vertex 94.9853 60.0428 47.6379
      vertex 95.313 60.307 47.9021
    endloop
  endfacet
  facet normal 0 -0.706872 0.707341
    outer loop
      vertex 77.1573 59.8919 47.4871
      vertex 94.9853 60.0428 47.6379
      vertex 77.0147 60.0428 47.6379
    endloop
  endfacet
  facet normal 0 -0.706872 0.707341
    outer loop
      vertex 94.9853 60.0428 47.6379
      vertex 77.1573 59.8919 47.4871
      vertex 94.8427 59.8919 47.4871
    endloop
  endfacet
  facet normal 0 -0.707107 0.707107
    outer loop
      vertex 100.1 25.9913 13.5864
      vertex 100.313 56.2753 43.8704
      vertex 100.1 56.1745 43.7696
    endloop
  endfacet
  facet normal -0.000330874 -0.707106 0.707108
    outer loop
      vertex 100.313 25.8905 13.4857
      vertex 100.313 56.2753 43.8704
      vertex 100.1 25.9913 13.5864
    endloop
  endfacet
  facet normal -1.44173e-06 -0.707106 0.707108
    outer loop
      vertex 100.313 56.2753 43.8704
      vertex 100.313 25.8905 13.4857
      vertex 100.687 56.507 44.1021
    endloop
  endfacet
  facet normal 0.000189066 -0.707107 0.707107
    outer loop
      vertex 100.687 25.6588 13.2539
      vertex 100.687 56.507 44.1021
      vertex 100.313 25.8905 13.4857
    endloop
  endfacet
  facet normal 0 -0.707107 0.707107
    outer loop
      vertex 100.687 56.507 44.1021
      vertex 100.687 25.6588 13.2539
      vertex 101.015 56.7713 44.3664
    endloop
  endfacet
  facet normal -0.000213766 -0.707106 0.707108
    outer loop
      vertex 101.015 25.3945 12.9897
      vertex 101.015 56.7713 44.3664
      vertex 100.687 25.6588 13.2539
    endloop
  endfacet
  facet normal -2.38588e-06 -0.707106 0.707108
    outer loop
      vertex 101.015 56.7713 44.3664
      vertex 101.015 25.3945 12.9897
      vertex 101.291 57.0635 44.6586
    endloop
  endfacet
  facet normal 0.000256198 -0.707107 0.707107
    outer loop
      vertex 101.291 25.1023 12.6974
      vertex 101.291 57.0635 44.6586
      vertex 101.015 25.3945 12.9897
    endloop
  endfacet
  facet normal 0 -0.707107 0.707107
    outer loop
      vertex 101.291 57.0635 44.6586
      vertex 101.291 25.1023 12.6974
      vertex 101.3 57.0766 44.6717
    endloop
  endfacet
  facet normal 2.79238e-13 -0.707107 0.707107
    outer loop
      vertex 101.3 57.0766 44.6717
      vertex 101.291 25.1023 12.6974
      vertex 101.3 25.0893 12.6844
    endloop
  endfacet
  facet normal 0.443607 0.633724 0.633724
    outer loop
      vertex 100.3 60.551 48.1461
      vertex 100.252 61.982 46.7487
      vertex 100.252 60.5678 48.1629
    endloop
  endfacet
  facet normal 0.443607 0.633724 0.633724
    outer loop
      vertex 100.252 61.982 46.7487
      vertex 100.3 60.551 48.1461
      vertex 100.3 61.9652 46.7319
    endloop
  endfacet
  facet normal 0.55464 0.588377 0.588377
    outer loop
      vertex 100.518 60.4482 48.0434
      vertex 100.3 61.9652 46.7319
      vertex 100.3 60.551 48.1461
    endloop
  endfacet
  facet normal 0.554827 0.58831 0.588268
    outer loop
      vertex 100.3 61.9652 46.7319
      vertex 100.518 60.4482 48.0434
      vertex 100.518 61.8624 46.6291
    endloop
  endfacet
  facet normal 0.660439 0.530971 0.530933
    outer loop
      vertex 100.518 60.4482 48.0434
      vertex 100.714 61.7405 46.5072
      vertex 100.518 61.8624 46.6291
    endloop
  endfacet
  facet normal 0.660592 0.530857 0.530857
    outer loop
      vertex 100.714 61.7405 46.5072
      vertex 100.518 60.4482 48.0434
      vertex 100.714 60.3263 47.9214
    endloop
  endfacet
  facet normal 0.750924 0.466966 0.466966
    outer loop
      vertex 100.714 60.3263 47.9214
      vertex 100.887 61.6014 46.3681
      vertex 100.714 61.7405 46.5072
    endloop
  endfacet
  facet normal 0.750924 0.466966 0.466966
    outer loop
      vertex 100.887 61.6014 46.3681
      vertex 100.714 60.3263 47.9214
      vertex 100.887 60.1872 47.7823
    endloop
  endfacet
  facet normal 0.832057 0.392225 0.392225
    outer loop
      vertex 100.887 60.1872 47.7823
      vertex 101.032 61.4476 46.2143
      vertex 100.887 61.6014 46.3681
    endloop
  endfacet
  facet normal 0.832057 0.392225 0.392225
    outer loop
      vertex 101.032 61.4476 46.2143
      vertex 100.887 60.1872 47.7823
      vertex 101.032 60.0334 47.6285
    endloop
  endfacet
  facet normal 0.894999 0.315418 0.315418
    outer loop
      vertex 101.032 60.0334 47.6285
      vertex 101.056 61.4136 46.1802
      vertex 101.032 61.4476 46.2143
    endloop
  endfacet
  facet normal 0.894999 0.315418 0.315418
    outer loop
      vertex 101.056 61.4136 46.1802
      vertex 101.032 60.0334 47.6285
      vertex 101.056 59.9993 47.5945
    endloop
  endfacet
  facet normal 1 0 0
    outer loop
      vertex 101.3 57.0766 44.6717
      vertex 101.3 26.5035 11.2702
      vertex 101.3 58.4908 43.2575
    endloop
  endfacet
  facet normal 1 0 -0
    outer loop
      vertex 101.3 26.5035 11.2702
      vertex 101.3 57.0766 44.6717
      vertex 101.3 25.0893 12.6844
    endloop
  endfacet
  facet normal 0.894737 -0.315779 -0.3158
    outer loop
      vertex 101.056 22.1664 9.76157
      vertex 101.032 23.5467 8.31336
      vertex 101.056 23.5807 8.34736
    endloop
  endfacet
  facet normal 0.894737 -0.315779 -0.3158
    outer loop
      vertex 101.032 23.5467 8.31336
      vertex 101.056 22.1664 9.76157
      vertex 101.032 22.1324 9.72757
    endloop
  endfacet
  facet normal 0.832157 -0.392106 -0.392131
    outer loop
      vertex 101.032 22.1324 9.72757
      vertex 100.887 23.3928 8.15954
      vertex 101.032 23.5467 8.31336
    endloop
  endfacet
  facet normal 0.832066 -0.392219 -0.392213
    outer loop
      vertex 100.887 23.3928 8.15954
      vertex 101.032 22.1324 9.72757
      vertex 100.887 21.9786 9.57376
    endloop
  endfacet
  facet normal 0.750782 -0.467082 -0.467076
    outer loop
      vertex 100.887 21.9786 9.57376
      vertex 100.714 23.2538 8.02046
      vertex 100.887 23.3928 8.15954
    endloop
  endfacet
  facet normal 0.750782 -0.467082 -0.467076
    outer loop
      vertex 100.714 23.2538 8.02046
      vertex 100.887 21.9786 9.57376
      vertex 100.714 21.8396 9.43468
    endloop
  endfacet
  facet normal 0.660699 -0.530794 -0.530787
    outer loop
      vertex 100.714 21.8396 9.43468
      vertex 100.518 23.1318 7.89849
      vertex 100.714 23.2538 8.02046
    endloop
  endfacet
  facet normal 0.660714 -0.530783 -0.530779
    outer loop
      vertex 100.518 23.1318 7.89849
      vertex 100.714 21.8396 9.43468
      vertex 100.518 21.7176 9.3127
    endloop
  endfacet
  facet normal 0.55477 -0.588317 -0.588313
    outer loop
      vertex 100.3 21.6148 9.20993
      vertex 100.518 23.1318 7.89849
      vertex 100.518 21.7176 9.3127
    endloop
  endfacet
  facet normal 0.55477 -0.588317 -0.588313
    outer loop
      vertex 100.518 23.1318 7.89849
      vertex 100.3 21.6148 9.20993
      vertex 100.3 23.029 7.79572
    endloop
  endfacet
  facet normal 0.443289 -0.633838 -0.633833
    outer loop
      vertex 100.252 21.598 9.19316
      vertex 100.3 23.029 7.79572
      vertex 100.3 21.6148 9.20993
    endloop
  endfacet
  facet normal 0.442227 -0.634186 -0.634227
    outer loop
      vertex 100.3 23.029 7.79572
      vertex 100.252 21.598 9.19316
      vertex 100.252 23.0123 7.77895
    endloop
  endfacet
  facet normal 0 -0.707084 -0.707129
    outer loop
      vertex 4.7 22.8396 7.60625
      vertex 72.1184 21.4253 9.02046
      vertex 4.7 21.4253 9.02046
    endloop
  endfacet
  facet normal 0 -0.707084 -0.707129
    outer loop
      vertex 72.1184 21.4253 9.02046
      vertex 4.7 22.8396 7.60625
      vertex 72.1184 22.8396 7.60625
    endloop
  endfacet
  facet normal 0 -0.707084 -0.707129
    outer loop
      vertex 75.8816 22.8396 7.60625
      vertex 96.1184 21.4253 9.02046
      vertex 75.8816 21.4253 9.02046
    endloop
  endfacet
  facet normal 0 -0.707084 -0.707129
    outer loop
      vertex 96.1184 21.4253 9.02046
      vertex 75.8816 22.8396 7.60625
      vertex 96.1184 22.8396 7.60625
    endloop
  endfacet
  facet normal -0.0654077 -0.70557 -0.705615
    outer loop
      vertex 4.43894 22.8517 7.61835
      vertex 4.7 21.4253 9.02046
      vertex 4.43894 21.4374 9.03256
    endloop
  endfacet
  facet normal -0.0654077 -0.70557 -0.705615
    outer loop
      vertex 4.7 21.4253 9.02046
      vertex 4.43894 22.8517 7.61835
      vertex 4.7 22.8396 7.60625
    endloop
  endfacet
  facet normal -0.195124 -0.693518 -0.693513
    outer loop
      vertex 4.18236 22.8877 7.65444
      vertex 4.43894 21.4374 9.03256
      vertex 4.18236 21.4735 9.06865
    endloop
  endfacet
  facet normal -0.194864 -0.69353 -0.693574
    outer loop
      vertex 4.43894 21.4374 9.03256
      vertex 4.18236 22.8877 7.65444
      vertex 4.43894 22.8517 7.61835
    endloop
  endfacet
  facet normal -0.321512 -0.669566 -0.669561
    outer loop
      vertex 3.93462 22.9472 7.7139
      vertex 4.18236 21.4735 9.06865
      vertex 3.93462 21.533 9.12811
    endloop
  endfacet
  facet normal -0.321512 -0.669566 -0.669561
    outer loop
      vertex 4.18236 21.4735 9.06865
      vertex 3.93462 22.9472 7.7139
      vertex 4.18236 22.8877 7.65444
    endloop
  endfacet
  facet normal -0.442273 -0.634192 -0.634188
    outer loop
      vertex 3.7 23.029 7.79572
      vertex 3.93462 21.533 9.12811
      vertex 3.7 21.6148 9.20993
    endloop
  endfacet
  facet normal -0.442273 -0.634192 -0.634188
    outer loop
      vertex 3.93462 21.533 9.12811
      vertex 3.7 23.029 7.79572
      vertex 3.93462 22.9472 7.7139
    endloop
  endfacet
  facet normal -0.555599 -0.587926 -0.587922
    outer loop
      vertex 3.48247 23.1318 7.89849
      vertex 3.7 21.6148 9.20993
      vertex 3.48247 21.7176 9.3127
    endloop
  endfacet
  facet normal -0.555599 -0.587926 -0.587922
    outer loop
      vertex 3.7 21.6148 9.20993
      vertex 3.48247 23.1318 7.89849
      vertex 3.7 23.029 7.79572
    endloop
  endfacet
  facet normal -0.65939 -0.531608 -0.5316
    outer loop
      vertex 3.48247 23.1318 7.89849
      vertex 3.28578 21.8396 9.43468
      vertex 3.28578 23.2538 8.02046
    endloop
  endfacet
  facet normal -0.659405 -0.531596 -0.531592
    outer loop
      vertex 3.28578 21.8396 9.43468
      vertex 3.48247 23.1318 7.89849
      vertex 3.48247 21.7176 9.3127
    endloop
  endfacet
  facet normal -0.75173 -0.46632 -0.466313
    outer loop
      vertex 3.28578 23.2538 8.02046
      vertex 3.11328 21.9786 9.57376
      vertex 3.11328 23.3928 8.15954
    endloop
  endfacet
  facet normal -0.75173 -0.46632 -0.466313
    outer loop
      vertex 3.11328 21.9786 9.57376
      vertex 3.28578 23.2538 8.02046
      vertex 3.28578 21.8396 9.43468
    endloop
  endfacet
  facet normal -0.831557 -0.392742 -0.392767
    outer loop
      vertex 3.11328 23.3928 8.15954
      vertex 2.96794 22.1324 9.72757
      vertex 2.96794 23.5467 8.31336
    endloop
  endfacet
  facet normal -0.831465 -0.392855 -0.392849
    outer loop
      vertex 2.96794 22.1324 9.72757
      vertex 3.11328 23.3928 8.15954
      vertex 3.11328 21.9786 9.57376
    endloop
  endfacet
  facet normal -0.896879 -0.312737 -0.312735
    outer loop
      vertex 2.96794 23.5467 8.31336
      vertex 2.85224 22.2984 9.89348
      vertex 2.85224 23.7126 8.47927
    endloop
  endfacet
  facet normal -0.896932 -0.31265 -0.31267
    outer loop
      vertex 2.85224 22.2984 9.89348
      vertex 2.96794 23.5467 8.31336
      vertex 2.96794 22.1324 9.72757
    endloop
  endfacet
  facet normal -0.946913 -0.227332 -0.227322
    outer loop
      vertex 2.85224 23.7126 8.47927
      vertex 2.76815 22.4735 10.0687
      vertex 2.76815 23.8877 8.65444
    endloop
  endfacet
  facet normal -0.946927 -0.227299 -0.227297
    outer loop
      vertex 2.76815 22.4735 10.0687
      vertex 2.85224 23.7126 8.47927
      vertex 2.85224 22.2984 9.89348
    endloop
  endfacet
  facet normal -0.980784 -0.137955 -0.137953
    outer loop
      vertex 2.76815 23.8877 8.65444
      vertex 2.7171 22.655 10.2501
      vertex 2.7171 24.0692 8.83588
    endloop
  endfacet
  facet normal -0.98078 -0.137972 -0.137966
    outer loop
      vertex 2.7171 22.655 10.2501
      vertex 2.76815 23.8877 8.65444
      vertex 2.76815 22.4735 10.0687
    endloop
  endfacet
  facet normal -0.997861 -0.0462205 -0.0462192
    outer loop
      vertex 2.7171 24.0692 8.83588
      vertex 2.7 22.8396 10.4347
      vertex 2.7 24.2538 9.02046
    endloop
  endfacet
  facet normal -0.997862 -0.0462176 -0.046217
    outer loop
      vertex 2.7 22.8396 10.4347
      vertex 2.7171 24.0692 8.83588
      vertex 2.7171 22.655 10.2501
    endloop
  endfacet
  facet normal -1 0 0
    outer loop
      vertex 2.7 24.2538 9.02046
      vertex 2.7 59.3263 46.9214
      vertex 2.7 60.7405 45.5072
    endloop
  endfacet
  facet normal -1 0 0
    outer loop
      vertex 2.7 59.3263 46.9214
      vertex 2.7 24.2538 9.02046
      vertex 2.7 22.8396 10.4347
    endloop
  endfacet
  facet normal -0.997862 0.0462173 0.0462173
    outer loop
      vertex 2.7 60.7405 45.5072
      vertex 2.7171 59.5109 47.106
      vertex 2.7171 60.9251 45.6918
    endloop
  endfacet
  facet normal -0.997862 0.0462173 0.0462173
    outer loop
      vertex 2.7171 59.5109 47.106
      vertex 2.7 60.7405 45.5072
      vertex 2.7 59.3263 46.9214
    endloop
  endfacet
  facet normal -0.98077 0.138005 0.138005
    outer loop
      vertex 2.7171 60.9251 45.6918
      vertex 2.76815 59.6923 47.2874
      vertex 2.76815 61.1065 45.8732
    endloop
  endfacet
  facet normal -0.98077 0.138005 0.138005
    outer loop
      vertex 2.76815 59.6923 47.2874
      vertex 2.7171 60.9251 45.6918
      vertex 2.7171 59.5109 47.106
    endloop
  endfacet
  facet normal -0.94695 0.227252 0.227252
    outer loop
      vertex 2.76815 61.1065 45.8732
      vertex 2.85224 59.8675 47.4626
      vertex 2.85224 61.2817 46.0484
    endloop
  endfacet
  facet normal -0.94695 0.227252 0.227252
    outer loop
      vertex 2.85224 59.8675 47.4626
      vertex 2.76815 61.1065 45.8732
      vertex 2.76815 59.6923 47.2874
    endloop
  endfacet
  facet normal -0.896874 0.312744 0.312744
    outer loop
      vertex 2.85224 61.2817 46.0484
      vertex 2.96794 60.0334 47.6285
      vertex 2.96794 61.4476 46.2143
    endloop
  endfacet
  facet normal -0.896874 0.312744 0.312744
    outer loop
      vertex 2.96794 60.0334 47.6285
      vertex 2.85224 61.2817 46.0484
      vertex 2.85224 59.8675 47.4626
    endloop
  endfacet
  facet normal -0.831457 0.392861 0.392861
    outer loop
      vertex 2.96794 61.4476 46.2143
      vertex 3.11328 60.1872 47.7823
      vertex 3.11328 61.6014 46.3681
    endloop
  endfacet
  facet normal -0.831457 0.392861 0.392861
    outer loop
      vertex 3.11328 60.1872 47.7823
      vertex 2.96794 61.4476 46.2143
      vertex 2.96794 60.0334 47.6285
    endloop
  endfacet
  facet normal -0.751871 0.466203 0.466203
    outer loop
      vertex 3.11328 61.6014 46.3681
      vertex 3.28578 60.3263 47.9214
      vertex 3.28578 61.7405 46.5072
    endloop
  endfacet
  facet normal -0.751871 0.466203 0.466203
    outer loop
      vertex 3.28578 60.3263 47.9214
      vertex 3.11328 61.6014 46.3681
      vertex 3.11328 60.1872 47.7823
    endloop
  endfacet
  facet normal -0.65913 0.531784 0.531746
    outer loop
      vertex 3.28578 61.7405 46.5072
      vertex 3.48247 60.4482 48.0434
      vertex 3.48247 61.8624 46.6291
    endloop
  endfacet
  facet normal -0.659283 0.53167 0.53167
    outer loop
      vertex 3.48247 60.4482 48.0434
      vertex 3.28578 61.7405 46.5072
      vertex 3.28578 60.3263 47.9214
    endloop
  endfacet
  facet normal -0.555469 0.587986 0.587986
    outer loop
      vertex 3.7 61.9652 46.7319
      vertex 3.48247 60.4482 48.0434
      vertex 3.7 60.551 48.1461
    endloop
  endfacet
  facet normal -0.555655 0.587918 0.587877
    outer loop
      vertex 3.48247 60.4482 48.0434
      vertex 3.7 61.9652 46.7319
      vertex 3.48247 61.8624 46.6291
    endloop
  endfacet
  facet normal -0.44223 0.634205 0.634205
    outer loop
      vertex 3.93462 62.047 46.8137
      vertex 3.7 60.551 48.1461
      vertex 3.93462 60.6328 48.2279
    endloop
  endfacet
  facet normal -0.44223 0.634205 0.634205
    outer loop
      vertex 3.7 60.551 48.1461
      vertex 3.93462 62.047 46.8137
      vertex 3.7 61.9652 46.7319
    endloop
  endfacet
  facet normal -0.321608 0.66954 0.66954
    outer loop
      vertex 4.18236 62.1065 46.8732
      vertex 3.93462 60.6328 48.2279
      vertex 4.18236 60.6923 48.2874
    endloop
  endfacet
  facet normal -0.321608 0.66954 0.66954
    outer loop
      vertex 3.93462 60.6328 48.2279
      vertex 4.18236 62.1065 46.8732
      vertex 3.93462 62.047 46.8137
    endloop
  endfacet
  facet normal -0.19515 0.693512 0.693512
    outer loop
      vertex 4.43894 62.1426 46.9093
      vertex 4.18236 60.6923 48.2874
      vertex 4.43894 60.7284 48.3235
    endloop
  endfacet
  facet normal -0.19515 0.693512 0.693512
    outer loop
      vertex 4.18236 60.6923 48.2874
      vertex 4.43894 62.1426 46.9093
      vertex 4.18236 62.1065 46.8732
    endloop
  endfacet
  facet normal -0.0654077 0.705593 0.705593
    outer loop
      vertex 4.7 62.1547 46.9214
      vertex 4.43894 60.7284 48.3235
      vertex 4.7 60.7405 48.3356
    endloop
  endfacet
  facet normal -0.0654077 0.705593 0.705593
    outer loop
      vertex 4.43894 60.7284 48.3235
      vertex 4.7 62.1547 46.9214
      vertex 4.43894 62.1426 46.9093
    endloop
  endfacet
  facet normal -0 0.707107 0.707107
    outer loop
      vertex 4.7 62.1547 46.9214
      vertex 72.1185 60.7405 48.3356
      vertex 72.1185 62.1547 46.9214
    endloop
  endfacet
  facet normal 0 0.707107 0.707107
    outer loop
      vertex 72.1185 60.7405 48.3356
      vertex 4.7 62.1547 46.9214
      vertex 4.7 60.7405 48.3356
    endloop
  endfacet
  facet normal -0 0.707107 0.707107
    outer loop
      vertex 75.8815 62.1547 46.9214
      vertex 96.1185 60.7405 48.3356
      vertex 96.1185 62.1547 46.9214
    endloop
  endfacet
  facet normal 0 0.707107 0.707107
    outer loop
      vertex 96.1185 60.7405 48.3356
      vertex 75.8815 62.1547 46.9214
      vertex 75.8815 60.7405 48.3356
    endloop
  endfacet
  facet normal 0.0654027 -0.705593 -0.705593
    outer loop
      vertex 4.76946 61.3001 46.0668
      vertex 4.9 59.8919 47.4871
      vertex 4.76946 59.8859 47.481
    endloop
  endfacet
  facet normal 0.0659409 -0.705543 -0.705593
    outer loop
      vertex 4.9 59.8919 47.4871
      vertex 4.76946 61.3001 46.0668
      vertex 4.9 61.3062 46.0729
    endloop
  endfacet
  facet normal 0.194644 -0.693583 -0.693583
    outer loop
      vertex 4.64118 59.8679 47.463
      vertex 4.76946 61.3001 46.0668
      vertex 4.76946 59.8859 47.481
    endloop
  endfacet
  facet normal 0.194644 -0.693583 -0.693583
    outer loop
      vertex 4.76946 61.3001 46.0668
      vertex 4.64118 59.8679 47.463
      vertex 4.64118 61.2821 46.0488
    endloop
  endfacet
  facet normal 0.321608 -0.66954 -0.66954
    outer loop
      vertex 4.51731 59.8381 47.4333
      vertex 4.64118 61.2821 46.0488
      vertex 4.64118 59.8679 47.463
    endloop
  endfacet
  facet normal 0.322093 -0.669447 -0.6694
    outer loop
      vertex 4.64118 61.2821 46.0488
      vertex 4.51731 59.8381 47.4333
      vertex 4.51731 61.2523 46.019
    endloop
  endfacet
  facet normal 0.442665 -0.634076 -0.634031
    outer loop
      vertex 4.4 59.7972 47.3923
      vertex 4.51731 61.2523 46.019
      vertex 4.51731 59.8381 47.4333
    endloop
  endfacet
  facet normal 0.44223 -0.634205 -0.634205
    outer loop
      vertex 4.51731 61.2523 46.019
      vertex 4.4 59.7972 47.3923
      vertex 4.4 61.2114 45.9781
    endloop
  endfacet
  facet normal 0.555264 -0.588082 -0.588082
    outer loop
      vertex 4.29123 59.7458 47.341
      vertex 4.4 61.2114 45.9781
      vertex 4.4 59.7972 47.3923
    endloop
  endfacet
  facet normal 0.555638 -0.587927 -0.587885
    outer loop
      vertex 4.4 61.2114 45.9781
      vertex 4.29123 59.7458 47.341
      vertex 4.29123 61.16 45.9267
    endloop
  endfacet
  facet normal 0.659149 -0.531772 -0.531734
    outer loop
      vertex 4.29123 59.7458 47.341
      vertex 4.19289 61.0991 45.8657
      vertex 4.29123 61.16 45.9267
    endloop
  endfacet
  facet normal 0.659455 -0.531564 -0.531564
    outer loop
      vertex 4.19289 61.0991 45.8657
      vertex 4.29123 59.7458 47.341
      vertex 4.19289 59.6848 47.28
    endloop
  endfacet
  facet normal 0.751833 -0.466234 -0.466234
    outer loop
      vertex 4.19289 59.6848 47.28
      vertex 4.10663 61.0295 45.7962
      vertex 4.19289 61.0991 45.8657
    endloop
  endfacet
  facet normal 0.751833 -0.466234 -0.466234
    outer loop
      vertex 4.10663 61.0295 45.7962
      vertex 4.19289 59.6848 47.28
      vertex 4.10663 59.6153 47.2104
    endloop
  endfacet
  facet normal 0.831492 -0.392823 -0.392823
    outer loop
      vertex 4.10663 59.6153 47.2104
      vertex 4.03397 60.9526 45.7193
      vertex 4.10663 61.0295 45.7962
    endloop
  endfacet
  facet normal 0.831492 -0.392823 -0.392823
    outer loop
      vertex 4.03397 60.9526 45.7193
      vertex 4.10663 59.6153 47.2104
      vertex 4.03397 59.5384 47.1335
    endloop
  endfacet
  facet normal 0.896738 -0.312939 -0.312939
    outer loop
      vertex 4.03397 59.5384 47.1335
      vertex 3.97611 60.8697 45.6364
      vertex 4.03397 60.9526 45.7193
    endloop
  endfacet
  facet normal 0.896844 -0.312776 -0.312798
    outer loop
      vertex 3.97611 60.8697 45.6364
      vertex 4.03397 59.5384 47.1335
      vertex 3.97611 59.4554 47.0506
    endloop
  endfacet
  facet normal 0.946961 -0.227219 -0.227235
    outer loop
      vertex 3.97611 59.4554 47.0506
      vertex 3.93407 60.7821 45.5488
      vertex 3.97611 60.8697 45.6364
    endloop
  endfacet
  facet normal 0.946905 -0.227344 -0.227344
    outer loop
      vertex 3.93407 60.7821 45.5488
      vertex 3.97611 59.4554 47.0506
      vertex 3.93407 59.3679 46.963
    endloop
  endfacet
  facet normal 0.980762 -0.138031 -0.138031
    outer loop
      vertex 3.93407 59.3679 46.963
      vertex 3.90854 60.6914 45.4581
      vertex 3.93407 60.7821 45.5488
    endloop
  endfacet
  facet normal 0.980783 -0.137953 -0.137963
    outer loop
      vertex 3.90854 60.6914 45.4581
      vertex 3.93407 59.3679 46.963
      vertex 3.90854 59.2771 46.8723
    endloop
  endfacet
  facet normal 0.997869 -0.046137 -0.0461402
    outer loop
      vertex 3.90854 59.2771 46.8723
      vertex 3.9 60.5991 45.3657
      vertex 3.90854 60.6914 45.4581
    endloop
  endfacet
  facet normal 0.997867 -0.0461635 -0.0461635
    outer loop
      vertex 3.9 60.5991 45.3657
      vertex 3.90854 59.2771 46.8723
      vertex 3.9 59.1848 46.78
    endloop
  endfacet
  facet normal 1 0 0
    outer loop
      vertex 3.9 59.1848 46.78
      vertex 3.9 24.3952 9.16188
      vertex 3.9 60.5991 45.3657
    endloop
  endfacet
  facet normal 1 0 -0
    outer loop
      vertex 3.9 24.3952 9.16188
      vertex 3.9 59.1848 46.78
      vertex 3.9 22.981 10.5761
    endloop
  endfacet
  facet normal 0.997866 0.0461663 0.0461657
    outer loop
      vertex 3.9 22.981 10.5761
      vertex 3.90854 24.3029 9.06959
      vertex 3.9 24.3952 9.16188
    endloop
  endfacet
  facet normal 0.997867 0.0461637 0.0461633
    outer loop
      vertex 3.90854 24.3029 9.06959
      vertex 3.9 22.981 10.5761
      vertex 3.90854 22.8887 10.4838
    endloop
  endfacet
  facet normal 0.980766 0.138017 0.138016
    outer loop
      vertex 3.90854 22.8887 10.4838
      vertex 3.93407 24.2122 8.97887
      vertex 3.90854 24.3029 9.06959
    endloop
  endfacet
  facet normal 0.980762 0.138033 0.13803
    outer loop
      vertex 3.93407 24.2122 8.97887
      vertex 3.90854 22.8887 10.4838
      vertex 3.93407 22.798 10.3931
    endloop
  endfacet
  facet normal 0.94695 0.227253 0.227248
    outer loop
      vertex 3.93407 22.798 10.3931
      vertex 3.97611 24.1246 8.89129
      vertex 3.93407 24.2122 8.97887
    endloop
  endfacet
  facet normal 0.946961 0.227228 0.227227
    outer loop
      vertex 3.97611 24.1246 8.89129
      vertex 3.93407 22.798 10.3931
      vertex 3.97611 22.7104 10.3055
    endloop
  endfacet
  facet normal 0.896907 0.312697 0.312695
    outer loop
      vertex 3.97611 22.7104 10.3055
      vertex 4.03397 24.0416 8.80833
      vertex 3.97611 24.1246 8.89129
    endloop
  endfacet
  facet normal 0.896949 0.312632 0.312639
    outer loop
      vertex 4.03397 24.0416 8.80833
      vertex 3.97611 22.7104 10.3055
      vertex 4.03397 22.6274 10.2225
    endloop
  endfacet
  facet normal 0.831492 0.392819 0.392828
    outer loop
      vertex 4.03397 22.6274 10.2225
      vertex 4.10663 23.9647 8.73143
      vertex 4.03397 24.0416 8.80833
    endloop
  endfacet
  facet normal 0.831492 0.392819 0.392828
    outer loop
      vertex 4.10663 23.9647 8.73143
      vertex 4.03397 22.6274 10.2225
      vertex 4.10663 22.5505 10.1456
    endloop
  endfacet
  facet normal 0.751715 0.466323 0.466333
    outer loop
      vertex 4.10663 22.5505 10.1456
      vertex 4.19289 23.8952 8.66188
      vertex 4.10663 23.9647 8.73143
    endloop
  endfacet
  facet normal 0.751598 0.466426 0.46642
    outer loop
      vertex 4.19289 23.8952 8.66188
      vertex 4.10663 22.5505 10.1456
      vertex 4.19289 22.481 10.0761
    endloop
  endfacet
  facet normal 0.659393 0.531605 0.531598
    outer loop
      vertex 4.19289 22.481 10.0761
      vertex 4.29123 23.8342 8.6009
      vertex 4.19289 23.8952 8.66188
    endloop
  endfacet
  facet normal 0.659455 0.531564 0.531564
    outer loop
      vertex 4.29123 23.8342 8.6009
      vertex 4.19289 22.481 10.0761
      vertex 4.29123 22.42 10.0151
    endloop
  endfacet
  facet normal 0.555563 0.587941 0.587941
    outer loop
      vertex 4.4 22.3686 9.96372
      vertex 4.29123 23.8342 8.6009
      vertex 4.29123 22.42 10.0151
    endloop
  endfacet
  facet normal 0.5556 0.587926 0.587921
    outer loop
      vertex 4.29123 23.8342 8.6009
      vertex 4.4 22.3686 9.96372
      vertex 4.4 23.7828 8.54951
    endloop
  endfacet
  facet normal 0.44223 0.634208 0.634203
    outer loop
      vertex 4.51731 22.3277 9.92282
      vertex 4.4 23.7828 8.54951
      vertex 4.4 22.3686 9.96372
    endloop
  endfacet
  facet normal 0.44223 0.634208 0.634203
    outer loop
      vertex 4.4 23.7828 8.54951
      vertex 4.51731 22.3277 9.92282
      vertex 4.51731 23.7419 8.50861
    endloop
  endfacet
  facet normal 0.321318 0.669612 0.669608
    outer loop
      vertex 4.64118 22.298 9.89308
      vertex 4.51731 23.7419 8.50861
      vertex 4.51731 22.3277 9.92282
    endloop
  endfacet
  facet normal 0.321318 0.669612 0.669608
    outer loop
      vertex 4.51731 23.7419 8.50861
      vertex 4.64118 22.298 9.89308
      vertex 4.64118 23.7122 8.47887
    endloop
  endfacet
  facet normal 0.195372 0.693483 0.693478
    outer loop
      vertex 4.76946 22.2799 9.87504
      vertex 4.64118 23.7122 8.47887
      vertex 4.64118 22.298 9.89308
    endloop
  endfacet
  facet normal 0.195372 0.693483 0.693478
    outer loop
      vertex 4.64118 23.7122 8.47887
      vertex 4.76946 22.2799 9.87504
      vertex 4.76946 23.6941 8.46083
    endloop
  endfacet
  facet normal 0.0651336 0.705608 0.705603
    outer loop
      vertex 4.9 22.2739 9.86899
      vertex 4.76946 23.6941 8.46083
      vertex 4.76946 22.2799 9.87504
    endloop
  endfacet
  facet normal 0.0651336 0.705608 0.705603
    outer loop
      vertex 4.76946 23.6941 8.46083
      vertex 4.9 22.2739 9.86899
      vertex 4.9 23.6881 8.45478
    endloop
  endfacet
  facet normal 0 0.707109 0.707104
    outer loop
      vertex 70.8427 23.6881 8.45478
      vertex 4.9 22.2739 9.86899
      vertex 70.8427 22.2739 9.86899
    endloop
  endfacet
  facet normal 0 0.707109 0.707104
    outer loop
      vertex 4.9 22.2739 9.86899
      vertex 70.8427 23.6881 8.45478
      vertex 4.9 23.6881 8.45478
    endloop
  endfacet
  facet normal 0 0.707109 0.707104
    outer loop
      vertex 94.8427 23.6881 8.45478
      vertex 77.1573 22.2739 9.86899
      vertex 94.8427 22.2739 9.86899
    endloop
  endfacet
  facet normal 0 0.707109 0.707104
    outer loop
      vertex 77.1573 22.2739 9.86899
      vertex 94.8427 23.6881 8.45478
      vertex 77.1573 23.6881 8.45478
    endloop
  endfacet
  facet normal -1 0 0
    outer loop
      vertex 100.1 27.4055 12.1722
      vertex 100.1 56.1745 43.7696
      vertex 100.1 57.5887 42.3554
    endloop
  endfacet
  facet normal -1 0 0
    outer loop
      vertex 100.1 56.1745 43.7696
      vertex 100.1 27.4055 12.1722
      vertex 100.1 25.9913 13.5864
    endloop
  endfacet
  facet normal 0 -0.707082 -0.707132
    outer loop
      vertex 4.9 59.8919 47.4871
      vertex 70.8427 61.3062 46.0729
      vertex 70.8427 59.8919 47.4871
    endloop
  endfacet
  facet normal -0 -0.707082 -0.707132
    outer loop
      vertex 70.8427 61.3062 46.0729
      vertex 4.9 59.8919 47.4871
      vertex 4.9 61.3062 46.0729
    endloop
  endfacet
  facet normal 0 -0.707082 -0.707132
    outer loop
      vertex 77.1573 59.8919 47.4871
      vertex 94.8427 61.3062 46.0729
      vertex 94.8427 59.8919 47.4871
    endloop
  endfacet
  facet normal -0 -0.707082 -0.707132
    outer loop
      vertex 94.8427 61.3062 46.0729
      vertex 77.1573 59.8919 47.4871
      vertex 77.1573 61.3062 46.0729
    endloop
  endfacet
  facet normal -0.980783 0.137958 0.137958
    outer loop
      vertex 0.0427704 62.6619 44.0845
      vertex 0.170364 61.4434 46.2101
      vertex 0.170364 63.1155 44.538
    endloop
  endfacet
  facet normal -0.980787 0.137939 0.137947
    outer loop
      vertex 0.170364 61.4434 46.2101
      vertex 0.0427704 62.6619 44.0845
      vertex 0.0427704 60.9898 45.7565
    endloop
  endfacet
  facet normal -0.99786 0.0462379 0.0462407
    outer loop
      vertex 0 62.2004 43.623
      vertex 0.0427704 60.9898 45.7565
      vertex 0.0427704 62.6619 44.0845
    endloop
  endfacet
  facet normal -0.99786 0.0462379 0.0462407
    outer loop
      vertex 0.0427704 60.9898 45.7565
      vertex 0 62.2004 43.623
      vertex 0 60.5283 45.295
    endloop
  endfacet
  facet normal 0.442044 0.63427 0.63427
    outer loop
      vertex 101.5 63.5902 48.3569
      vertex 100.913 65.4668 46.8894
      vertex 100.913 63.7948 48.5614
    endloop
  endfacet
  facet normal 0.442044 0.63427 0.63427
    outer loop
      vertex 100.913 65.4668 46.8894
      vertex 101.5 63.5902 48.3569
      vertex 101.5 65.2623 46.6848
    endloop
  endfacet
  facet normal 0.831738 0.392552 0.392575
    outer loop
      vertex 102.967 62.6806 47.4473
      vertex 103.33 63.9682 45.3907
      vertex 102.967 64.3527 45.7753
    endloop
  endfacet
  facet normal 0.831704 0.392599 0.392599
    outer loop
      vertex 103.33 63.9682 45.3907
      vertex 102.967 62.6806 47.4473
      vertex 103.33 62.2961 47.0628
    endloop
  endfacet
  facet normal -0.195144 0.693492 0.693533
    outer loop
      vertex 3.7059 65.6155 47.038
      vertex 4.34737 64.0336 48.8003
      vertex 4.34737 65.7057 47.1283
    endloop
  endfacet
  facet normal -0.19504 0.693527 0.693527
    outer loop
      vertex 4.34737 64.0336 48.8003
      vertex 3.7059 65.6155 47.038
      vertex 3.7059 63.9434 48.7101
    endloop
  endfacet
  facet normal 0.98096 -0.137327 -0.13733
    outer loop
      vertex 103.957 24.0044 8.77112
      vertex 103.83 25.2229 6.64548
      vertex 103.957 25.6765 7.09906
    endloop
  endfacet
  facet normal 0.98096 -0.137327 -0.13733
    outer loop
      vertex 103.83 25.2229 6.64548
      vertex 103.957 24.0044 8.77112
      vertex 103.83 23.5508 8.31754
    endloop
  endfacet
  facet normal 0.997837 -0.0464874 -0.0464885
    outer loop
      vertex 104 24.4659 9.23259
      vertex 103.957 25.6765 7.09906
      vertex 104 26.138 7.56053
    endloop
  endfacet
  facet normal 0.997837 -0.0464874 -0.0464885
    outer loop
      vertex 103.957 25.6765 7.09906
      vertex 104 24.4659 9.23259
      vertex 103.957 24.0044 8.77112
    endloop
  endfacet
  facet normal 0.752013 -0.466083 -0.466094
    outer loop
      vertex 102.967 22.3136 7.0803
      vertex 102.536 23.638 5.06054
      vertex 102.967 23.9857 5.40824
    endloop
  endfacet
  facet normal 0.752013 -0.466083 -0.466094
    outer loop
      vertex 102.536 23.638 5.06054
      vertex 102.967 22.3136 7.0803
      vertex 102.536 21.9659 6.7326
    endloop
  endfacet
  facet normal -0.65931 0.531669 0.531638
    outer loop
      vertex 1.46446 64.7004 46.123
      vertex 1.95619 63.3333 48.1
      vertex 1.95619 65.0053 46.4279
    endloop
  endfacet
  facet normal -0.659432 0.531562 0.531594
    outer loop
      vertex 1.95619 63.3333 48.1
      vertex 1.46446 64.7004 46.123
      vertex 1.46446 63.0283 47.795
    endloop
  endfacet
  facet normal 0 -0.707117 -0.707096
    outer loop
      vertex 5 22.6274 4.00001
      vertex 99 20.9304 5.69706
      vertex 5 20.9304 5.69706
    endloop
  endfacet
  facet normal 0 -0.707117 -0.707096
    outer loop
      vertex 99 20.9304 5.69706
      vertex 5 22.6274 4.00001
      vertex 99 22.6274 4.00001
    endloop
  endfacet
  facet normal -1 0 0
    outer loop
      vertex 0 65.7609 0
      vertex 0 62.2004 43.623
      vertex 0 65.7609 47.1835
    endloop
  endfacet
  facet normal -1 0 0
    outer loop
      vertex 0 26.138 7.56053
      vertex 0 62.2004 43.623
      vertex 0 65.7609 0
    endloop
  endfacet
  facet normal -1 -0 0
    outer loop
      vertex 0 62.2004 43.623
      vertex 0 26.138 7.56053
      vertex 0 60.5283 45.295
    endloop
  endfacet
  facet normal -1 0 0
    outer loop
      vertex 0 22.6274 0
      vertex 0 26.138 7.56053
      vertex 0 65.7609 0
    endloop
  endfacet
  facet normal -1 0 0
    outer loop
      vertex 0 26.138 7.56053
      vertex 0 22.6274 0
      vertex 0 22.6274 4.04999
    endloop
  endfacet
  facet normal -1 0 0
    outer loop
      vertex 0 60.5283 45.295
      vertex 0 26.138 7.56053
      vertex 0 24.4659 9.23259
    endloop
  endfacet
  facet normal 0.897026 0.312526 0.312526
    outer loop
      vertex 103.33 62.2961 47.0628
      vertex 103.619 63.5534 44.976
      vertex 103.33 63.9682 45.3907
    endloop
  endfacet
  facet normal 0.897047 0.312486 0.312505
    outer loop
      vertex 103.619 63.5534 44.976
      vertex 103.33 62.2961 47.0628
      vertex 103.619 61.8813 46.648
    endloop
  endfacet
  facet normal -0.321487 -0.669561 -0.669577
    outer loop
      vertex 3.08658 21.1995 5.96619
      vertex 3.7059 22.7229 4.14547
      vertex 3.7059 21.0508 5.81753
    endloop
  endfacet
  facet normal -0.321487 -0.669561 -0.669577
    outer loop
      vertex 3.7059 22.7229 4.14547
      vertex 3.08658 21.1995 5.96619
      vertex 3.08658 22.8716 4.29413
    endloop
  endfacet
  facet normal -0.946925 -0.227299 -0.227305
    outer loop
      vertex 0.3806 24.785 6.20755
      vertex 0.170364 23.5508 8.31754
      vertex 0.170364 25.2229 6.64548
    endloop
  endfacet
  facet normal -0.946925 -0.227299 -0.227305
    outer loop
      vertex 0.170364 23.5508 8.31754
      vertex 0.3806 24.785 6.20755
      vertex 0.3806 23.1129 7.87961
    endloop
  endfacet
  facet normal -0.659395 -0.531594 -0.531607
    outer loop
      vertex 1.95619 23.333 4.7556
      vertex 1.46446 21.9659 6.7326
      vertex 1.46446 23.638 5.06054
    endloop
  endfacet
  facet normal -0.659334 -0.531648 -0.531629
    outer loop
      vertex 1.46446 21.9659 6.7326
      vertex 1.95619 23.333 4.7556
      vertex 1.95619 21.661 6.42766
    endloop
  endfacet
  facet normal 0 0.707128 0.707086
    outer loop
      vertex 99 65.7359 47.1585
      vertex 5 64.0639 48.8306
      vertex 99 64.0639 48.8306
    endloop
  endfacet
  facet normal 0 0.707128 0.707086
    outer loop
      vertex 5 64.0639 48.8306
      vertex 99 65.7359 47.1585
      vertex 5 65.7359 47.1585
    endloop
  endfacet
  facet normal 1 0 0
    outer loop
      vertex 104 60.5283 45.295
      vertex 104 24.4659 9.23259
      vertex 104 26.138 7.56053
    endloop
  endfacet
  facet normal 1 -0 0
    outer loop
      vertex 104 62.2004 43.623
      vertex 104 65.7609 0
      vertex 104 65.7609 47.1835
    endloop
  endfacet
  facet normal 1 0 0
    outer loop
      vertex 104 26.138 7.56053
      vertex 104 62.2004 43.623
      vertex 104 60.5283 45.295
    endloop
  endfacet
  facet normal 1 0 0
    outer loop
      vertex 104 62.2004 43.623
      vertex 104 26.138 7.56053
      vertex 104 65.7609 0
    endloop
  endfacet
  facet normal 1 0 0
    outer loop
      vertex 104 22.6274 0
      vertex 104 26.138 7.56053
      vertex 104 22.6274 4.04999
    endloop
  endfacet
  facet normal 1 0 0
    outer loop
      vertex 104 26.138 7.56053
      vertex 104 22.6274 0
      vertex 104 65.7609 0
    endloop
  endfacet
  facet normal -0.831457 -0.392856 -0.392865
    outer loop
      vertex 1.03322 23.9857 5.40824
      vertex 0.669861 22.6981 7.46482
      vertex 0.669861 24.3702 5.79276
    endloop
  endfacet
  facet normal -0.831457 -0.392856 -0.392865
    outer loop
      vertex 0.669861 22.6981 7.46482
      vertex 1.03322 23.9857 5.40824
      vertex 1.03322 22.3136 7.0803
    endloop
  endfacet
  facet normal 0.946577 0.228019 0.228033
    outer loop
      vertex 103.619 61.8813 46.648
      vertex 103.83 63.1155 44.538
      vertex 103.619 63.5534 44.976
    endloop
  endfacet
  facet normal 0.946566 0.228049 0.228049
    outer loop
      vertex 103.83 63.1155 44.538
      vertex 103.619 61.8813 46.648
      vertex 103.83 61.4434 46.2101
    endloop
  endfacet
  facet normal 0.555382 0.588027 0.588027
    outer loop
      vertex 102.044 63.3333 48.1
      vertex 101.5 65.2623 46.6848
      vertex 101.5 63.5902 48.3569
    endloop
  endfacet
  facet normal 0.555457 0.588009 0.587974
    outer loop
      vertex 101.5 65.2623 46.6848
      vertex 102.044 63.3333 48.1
      vertex 102.044 65.0053 46.4279
    endloop
  endfacet
  facet normal 0.831711 -0.392587 -0.392597
    outer loop
      vertex 103.33 22.6981 7.46482
      vertex 102.967 23.9857 5.40824
      vertex 103.33 24.3702 5.79276
    endloop
  endfacet
  facet normal 0.831711 -0.392587 -0.392597
    outer loop
      vertex 102.967 23.9857 5.40824
      vertex 103.33 22.6981 7.46482
      vertex 102.967 22.3136 7.0803
    endloop
  endfacet
  facet normal 0.0653589 -0.705596 -0.705593
    outer loop
      vertex 99.5391 22.6274 4.04999
      vertex 99.6526 20.9606 5.72731
      vertex 99 20.9304 5.69706
    endloop
  endfacet
  facet normal 0.065647 -0.705573 -0.70559
    outer loop
      vertex 99.6526 20.9606 5.72731
      vertex 99.5391 22.6274 4.04999
      vertex 99.6526 22.6327 4.05525
    endloop
  endfacet
  facet normal 0.0654145 -0.705603 -0.705582
    outer loop
      vertex 99.5391 22.6274 4.04999
      vertex 99 20.9304 5.69706
      vertex 99 22.6274 4.00001
    endloop
  endfacet
  facet normal -0.442247 -0.634192 -0.634207
    outer loop
      vertex 2.5 23.0761 4.49867
      vertex 3.08658 21.1995 5.96619
      vertex 2.5 21.404 6.17073
    endloop
  endfacet
  facet normal -0.442247 -0.634192 -0.634207
    outer loop
      vertex 3.08658 21.1995 5.96619
      vertex 2.5 23.0761 4.49867
      vertex 3.08658 22.8716 4.29413
    endloop
  endfacet
  facet normal -0.896886 -0.312722 -0.31273
    outer loop
      vertex 0.669861 24.3702 5.79276
      vertex 0.3806 23.1129 7.87961
      vertex 0.3806 24.785 6.20755
    endloop
  endfacet
  facet normal -0.896886 -0.312722 -0.31273
    outer loop
      vertex 0.3806 23.1129 7.87961
      vertex 0.669861 24.3702 5.79276
      vertex 0.669861 22.6981 7.46482
    endloop
  endfacet
  facet normal 0.195081 -0.693513 -0.693529
    outer loop
      vertex 99.6526 22.6327 4.05525
      vertex 100.294 21.0508 5.81753
      vertex 99.6526 20.9606 5.72731
    endloop
  endfacet
  facet normal 0.195081 -0.693513 -0.693529
    outer loop
      vertex 100.294 21.0508 5.81753
      vertex 99.6526 22.6327 4.05525
      vertex 100.294 22.7229 4.14547
    endloop
  endfacet
  facet normal 0.980956 0.13734 0.13734
    outer loop
      vertex 103.83 61.4434 46.2101
      vertex 103.957 62.6619 44.0845
      vertex 103.83 63.1155 44.538
    endloop
  endfacet
  facet normal 0.98096 0.137322 0.13733
    outer loop
      vertex 103.957 62.6619 44.0845
      vertex 103.83 61.4434 46.2101
      vertex 103.957 60.9898 45.7565
    endloop
  endfacet
  facet normal -0.0654145 -0.705603 -0.705582
    outer loop
      vertex 5 20.9304 5.69706
      vertex 4.4609 22.6274 4.04999
      vertex 5 22.6274 4.00001
    endloop
  endfacet
  facet normal -0.0653559 -0.705596 -0.705594
    outer loop
      vertex 4.34737 20.9606 5.72731
      vertex 4.4609 22.6274 4.04999
      vertex 5 20.9304 5.69706
    endloop
  endfacet
  facet normal -0.0656298 -0.705574 -0.705591
    outer loop
      vertex 4.4609 22.6274 4.04999
      vertex 4.34737 20.9606 5.72731
      vertex 4.34737 22.6327 4.05525
    endloop
  endfacet
  facet normal -0.751831 0.466221 0.466249
    outer loop
      vertex 1.03322 64.3527 45.7753
      vertex 1.46446 63.0283 47.795
      vertex 1.46446 64.7004 46.123
    endloop
  endfacet
  facet normal -0.751831 0.466221 0.466249
    outer loop
      vertex 1.46446 63.0283 47.795
      vertex 1.03322 64.3527 45.7753
      vertex 1.03322 62.6806 47.4473
    endloop
  endfacet
  facet normal -0.946933 0.227279 0.227292
    outer loop
      vertex 0.170364 63.1155 44.538
      vertex 0.3806 61.8813 46.648
      vertex 0.3806 63.5534 44.976
    endloop
  endfacet
  facet normal -0.946922 0.227309 0.227309
    outer loop
      vertex 0.3806 61.8813 46.648
      vertex 0.170364 63.1155 44.538
      vertex 0.170364 61.4434 46.2101
    endloop
  endfacet
  facet normal 0.321578 0.669548 0.669548
    outer loop
      vertex 100.913 63.7948 48.5614
      vertex 100.294 65.6155 47.038
      vertex 100.294 63.9434 48.7101
    endloop
  endfacet
  facet normal 0.321578 0.669548 0.669548
    outer loop
      vertex 100.294 65.6155 47.038
      vertex 100.913 63.7948 48.5614
      vertex 100.913 65.4668 46.8894
    endloop
  endfacet
  facet normal -0.980786 -0.137945 -0.137948
    outer loop
      vertex 0.170364 25.2229 6.64548
      vertex 0.0427704 24.0044 8.77112
      vertex 0.0427704 25.6765 7.09906
    endloop
  endfacet
  facet normal -0.980786 -0.137945 -0.137948
    outer loop
      vertex 0.0427704 24.0044 8.77112
      vertex 0.170364 25.2229 6.64548
      vertex 0.170364 23.5508 8.31754
    endloop
  endfacet
  facet normal -0.997859 -0.0462402 -0.0462413
    outer loop
      vertex 0.0427704 25.6765 7.09906
      vertex 0 24.4659 9.23259
      vertex 0 26.138 7.56053
    endloop
  endfacet
  facet normal -0.997859 -0.0462402 -0.0462413
    outer loop
      vertex 0 24.4659 9.23259
      vertex 0.0427704 25.6765 7.09906
      vertex 0.0427704 24.0044 8.77112
    endloop
  endfacet
  facet normal -0.0655174 0.705609 0.705566
    outer loop
      vertex 5 65.7359 47.1585
      vertex 4.34737 64.0336 48.8003
      vertex 5 64.0639 48.8306
    endloop
  endfacet
  facet normal -0.0653021 0.705576 0.705619
    outer loop
      vertex 4.34737 64.0336 48.8003
      vertex 5 65.7359 47.1585
      vertex 4.34737 65.7057 47.1283
    endloop
  endfacet
  facet normal 0.997837 0.046485 0.0464878
    outer loop
      vertex 103.957 60.9898 45.7565
      vertex 104 62.2004 43.623
      vertex 103.957 62.6619 44.0845
    endloop
  endfacet
  facet normal 0.997837 0.046485 0.0464878
    outer loop
      vertex 104 62.2004 43.623
      vertex 103.957 60.9898 45.7565
      vertex 104 60.5283 45.295
    endloop
  endfacet
  facet normal 0.195164 0.693489 0.69353
    outer loop
      vertex 99.6526 64.0336 48.8003
      vertex 100.294 65.6155 47.038
      vertex 99.6526 65.7057 47.1283
    endloop
  endfacet
  facet normal 0.19506 0.693524 0.693524
    outer loop
      vertex 100.294 65.6155 47.038
      vertex 99.6526 64.0336 48.8003
      vertex 100.294 63.9434 48.7101
    endloop
  endfacet
  facet normal 0 -0.70711 0.707103
    outer loop
      vertex 39 51.336 36.1026
      vertex 70.8427 61.3062 46.0729
      vertex 4.9 61.3062 46.0729
    endloop
  endfacet
  facet normal 0 -0.707107 0.707107
    outer loop
      vertex 74 60.988 45.7547
      vertex 70.8427 61.3062 46.0729
      vertex 73.7846 60.978 45.7447
    endloop
  endfacet
  facet normal 5.00323e-06 -0.70716 0.707053
    outer loop
      vertex 3.9 60.5991 45.3657
      vertex 4.9 61.3062 46.0729
      vertex 4.76946 61.3001 46.0668
    endloop
  endfacet
  facet normal -0.00328026 -0.70788 0.706325
    outer loop
      vertex 96.1 62.1483 46.9149
      vertex 96.8333 60.6462 45.4129
      vertex 96.1185 62.1547 46.9214
    endloop
  endfacet
  facet normal 0 -0.707107 0.707107
    outer loop
      vertex 96.1185 62.1547 46.9214
      vertex 98 60.988 45.7547
      vertex 100.252 61.982 46.7487
    endloop
  endfacet
  facet normal 0 -0.707107 0.707107
    outer loop
      vertex 96.691 60.5315 45.2982
      vertex 95.6867 61.953 46.7197
      vertex 95.313 61.7212 46.4879
    endloop
  endfacet
  facet normal 0 -0.707107 0.707107
    outer loop
      vertex 96.1185 62.1547 46.9214
      vertex 97.7846 60.978 45.7447
      vertex 98 60.988 45.7547
    endloop
  endfacet
  facet normal 0 -0.707107 0.707107
    outer loop
      vertex 96.4756 60.2677 45.0344
      vertex 95.313 61.7212 46.4879
      vertex 94.9853 61.457 46.2237
    endloop
  endfacet
  facet normal 0 -0.707107 0.707107
    outer loop
      vertex 98.427 60.9482 45.7149
      vertex 100.252 61.982 46.7487
      vertex 98.2154 60.978 45.7447
    endloop
  endfacet
  facet normal 0 -0.707107 0.707107
    outer loop
      vertex 98.6314 60.8991 45.6658
      vertex 100.252 61.982 46.7487
      vertex 98.427 60.9482 45.7149
    endloop
  endfacet
  facet normal 0 -0.707107 0.707107
    outer loop
      vertex 96.4756 60.2677 45.0344
      vertex 94.9853 61.457 46.2237
      vertex 94.8427 61.3062 46.0729
    endloop
  endfacet
  facet normal -0.0150654 -0.690717 0.722969
    outer loop
      vertex 71.6867 61.953 46.7197
      vertex 72.1185 62.1547 46.9214
      vertex 72.1 62.1483 46.9149
    endloop
  endfacet
  facet normal 0 -0.707107 0.707107
    outer loop
      vertex 72.1185 62.1547 46.9214
      vertex 70.8427 61.3062 46.0729
      vertex 75.8815 62.1547 46.9214
    endloop
  endfacet
  facet normal 0 -0.707107 0.707107
    outer loop
      vertex 72.1185 62.1547 46.9214
      vertex 71.6867 61.953 46.7197
      vertex 70.8427 61.3062 46.0729
    endloop
  endfacet
  facet normal 0 -0.707107 0.707107
    outer loop
      vertex 77.1573 61.3062 46.0729
      vertex 75.8815 62.1547 46.9214
      vertex 70.8427 61.3062 46.0729
    endloop
  endfacet
  facet normal 0 -0.707107 0.707107
    outer loop
      vertex 70.8427 61.3062 46.0729
      vertex 71.6867 61.953 46.7197
      vertex 71.313 61.7212 46.4879
    endloop
  endfacet
  facet normal 0 -0.707107 0.707107
    outer loop
      vertex 76.3133 61.953 46.7197
      vertex 75.8815 62.1547 46.9214
      vertex 77.1573 61.3062 46.0729
    endloop
  endfacet
  facet normal 0 -0.707107 0.707107
    outer loop
      vertex 70.8427 61.3062 46.0729
      vertex 71.313 61.7212 46.4879
      vertex 70.9853 61.457 46.2237
    endloop
  endfacet
  facet normal 0.0150654 -0.690717 0.722969
    outer loop
      vertex 75.8815 62.1547 46.9214
      vertex 76.3133 61.953 46.7197
      vertex 75.9 62.1483 46.9149
    endloop
  endfacet
  facet normal 0 -0.707107 0.707107
    outer loop
      vertex 76.3133 61.953 46.7197
      vertex 77.1573 61.3062 46.0729
      vertex 76.687 61.7212 46.4879
    endloop
  endfacet
  facet normal 0 -0.707107 0.707107
    outer loop
      vertex 76.687 61.7212 46.4879
      vertex 77.1573 61.3062 46.0729
      vertex 77.0147 61.457 46.2237
    endloop
  endfacet
  facet normal 0 -0.707107 0.707107
    outer loop
      vertex 4.7 62.1547 46.9214
      vertex 5 64.0639 48.8306
      vertex 4.34737 64.0336 48.8003
    endloop
  endfacet
  facet normal 0 -0.707107 0.707107
    outer loop
      vertex 5 64.0639 48.8306
      vertex 72.1185 62.1547 46.9214
      vertex 99 64.0639 48.8306
    endloop
  endfacet
  facet normal 7.71359e-15 -0.707107 0.707107
    outer loop
      vertex 4.18236 62.1065 46.8732
      vertex 4.34737 64.0336 48.8003
      vertex 3.7059 63.9434 48.7101
    endloop
  endfacet
  facet normal 0 -0.707107 0.707107
    outer loop
      vertex 75.8815 62.1547 46.9214
      vertex 99 64.0639 48.8306
      vertex 72.1185 62.1547 46.9214
    endloop
  endfacet
  facet normal -0.000110963 -0.707113 0.7071
    outer loop
      vertex 3.93462 62.047 46.8137
      vertex 3.7059 63.9434 48.7101
      vertex 3.08658 63.7948 48.5614
    endloop
  endfacet
  facet normal 0 -0.707107 0.707107
    outer loop
      vertex 96.1185 62.1547 46.9214
      vertex 99 64.0639 48.8306
      vertex 75.8815 62.1547 46.9214
    endloop
  endfacet
  facet normal 0.0001006 -0.707078 0.707135
    outer loop
      vertex 3.48247 61.8624 46.6291
      vertex 3.08658 63.7948 48.5614
      vertex 2.5 63.5902 48.3569
    endloop
  endfacet
  facet normal 1.02935e-16 -0.707107 0.707107
    outer loop
      vertex 100.252 61.982 46.7487
      vertex 99 64.0639 48.8306
      vertex 96.1185 62.1547 46.9214
    endloop
  endfacet
  facet normal 0 -0.707107 0.707107
    outer loop
      vertex 3.28578 61.7405 46.5072
      vertex 2.5 63.5902 48.3569
      vertex 1.95619 63.3333 48.1
    endloop
  endfacet
  facet normal 1.11452e-16 -0.707107 0.707107
    outer loop
      vertex 99 64.0639 48.8306
      vertex 100.252 61.982 46.7487
      vertex 99.6526 64.0336 48.8003
    endloop
  endfacet
  facet normal 0 -0.707107 0.707107
    outer loop
      vertex 3.11328 61.6014 46.3681
      vertex 1.95619 63.3333 48.1
      vertex 1.46446 63.0283 47.795
    endloop
  endfacet
  facet normal -7.80797e-15 -0.707107 0.707107
    outer loop
      vertex 99.6526 64.0336 48.8003
      vertex 100.252 61.982 46.7487
      vertex 100.294 63.9434 48.7101
    endloop
  endfacet
  facet normal 0 -0.707107 0.707107
    outer loop
      vertex 2.85224 61.2817 46.0484
      vertex 1.46446 63.0283 47.795
      vertex 1.03322 62.6806 47.4473
    endloop
  endfacet
  facet normal 0.000113649 -0.707108 0.707106
    outer loop
      vertex 100.294 63.9434 48.7101
      vertex 100.252 61.982 46.7487
      vertex 100.913 63.7948 48.5614
    endloop
  endfacet
  facet normal 0 -0.707107 0.707107
    outer loop
      vertex 2.76815 61.1065 45.8732
      vertex 1.03322 62.6806 47.4473
      vertex 0.669861 62.2961 47.0628
    endloop
  endfacet
  facet normal 1.21074e-05 -0.707089 0.707124
    outer loop
      vertex 100.3 61.9652 46.7319
      vertex 100.913 63.7948 48.5614
      vertex 100.252 61.982 46.7487
    endloop
  endfacet
  facet normal 0 -0.707107 0.707107
    outer loop
      vertex 5 64.0639 48.8306
      vertex 4.7 62.1547 46.9214
      vertex 72.1185 62.1547 46.9214
    endloop
  endfacet
  facet normal 0 -0.707107 0.707107
    outer loop
      vertex 4.34737 64.0336 48.8003
      vertex 4.43894 62.1426 46.9093
      vertex 4.7 62.1547 46.9214
    endloop
  endfacet
  facet normal -6.42824e-16 -0.707107 0.707107
    outer loop
      vertex 4.34737 64.0336 48.8003
      vertex 4.18236 62.1065 46.8732
      vertex 4.43894 62.1426 46.9093
    endloop
  endfacet
  facet normal 0 -0.707107 0.707107
    outer loop
      vertex 3.7059 63.9434 48.7101
      vertex 3.93462 62.047 46.8137
      vertex 4.18236 62.1065 46.8732
    endloop
  endfacet
  facet normal -1.20647e-05 -0.707089 0.707124
    outer loop
      vertex 3.08658 63.7948 48.5614
      vertex 3.7 61.9652 46.7319
      vertex 3.93462 62.047 46.8137
    endloop
  endfacet
  facet normal 0 -0.707107 0.707107
    outer loop
      vertex 2.76815 61.1065 45.8732
      vertex 0.669861 62.2961 47.0628
      vertex 0.3806 61.8813 46.648
    endloop
  endfacet
  facet normal -1.57666e-05 -0.70709 0.707123
    outer loop
      vertex 3.08658 63.7948 48.5614
      vertex 3.48247 61.8624 46.6291
      vertex 3.7 61.9652 46.7319
    endloop
  endfacet
  facet normal 0 -0.707107 0.707107
    outer loop
      vertex 2.5 63.5902 48.3569
      vertex 3.28578 61.7405 46.5072
      vertex 3.48247 61.8624 46.6291
    endloop
  endfacet
  facet normal 0 -0.707107 0.707107
    outer loop
      vertex 1.95619 63.3333 48.1
      vertex 3.11328 61.6014 46.3681
      vertex 3.28578 61.7405 46.5072
    endloop
  endfacet
  facet normal 0 -0.707107 0.707107
    outer loop
      vertex 1.46446 63.0283 47.795
      vertex 2.96794 61.4476 46.2143
      vertex 3.11328 61.6014 46.3681
    endloop
  endfacet
  facet normal 0 -0.707107 0.707107
    outer loop
      vertex 2.7171 60.9251 45.6918
      vertex 0.3806 61.8813 46.648
      vertex 0.170364 61.4434 46.2101
    endloop
  endfacet
  facet normal 0 -0.707107 0.707107
    outer loop
      vertex 1.46446 63.0283 47.795
      vertex 2.85224 61.2817 46.0484
      vertex 2.96794 61.4476 46.2143
    endloop
  endfacet
  facet normal 0 -0.707107 0.707107
    outer loop
      vertex 1.03322 62.6806 47.4473
      vertex 2.76815 61.1065 45.8732
      vertex 2.85224 61.2817 46.0484
    endloop
  endfacet
  facet normal 0 -0.707107 0.707107
    outer loop
      vertex 2.7 60.7405 45.5072
      vertex 0.170364 61.4434 46.2101
      vertex 0.0427704 60.9898 45.7565
    endloop
  endfacet
  facet normal 0 -0.707107 0.707107
    outer loop
      vertex 0.3806 61.8813 46.648
      vertex 2.7171 60.9251 45.6918
      vertex 2.76815 61.1065 45.8732
    endloop
  endfacet
  facet normal 0 -0.707107 0.707107
    outer loop
      vertex 0.170364 61.4434 46.2101
      vertex 2.7 60.7405 45.5072
      vertex 2.7171 60.9251 45.6918
    endloop
  endfacet
  facet normal 0 -0.707107 0.707107
    outer loop
      vertex 0 60.5283 45.295
      vertex 2.7 60.7405 45.5072
      vertex 0.0427704 60.9898 45.7565
    endloop
  endfacet
  facet normal 1.54103e-08 -0.707107 0.707107
    outer loop
      vertex 0 24.4659 9.23259
      vertex 2.7 60.7405 45.5072
      vertex 0 60.5283 45.295
    endloop
  endfacet
  facet normal 7.79584e-06 -0.707107 0.707106
    outer loop
      vertex 0 24.4659 9.23259
      vertex 2.7 24.2538 9.02046
      vertex 2.7 60.7405 45.5072
    endloop
  endfacet
  facet normal 1.15521e-05 -0.707083 0.70713
    outer loop
      vertex 0.0427704 24.0044 8.77112
      vertex 2.7 24.2538 9.02046
      vertex 0 24.4659 9.23259
    endloop
  endfacet
  facet normal 1.27051e-05 -0.707089 0.707124
    outer loop
      vertex 0.170364 23.5508 8.31754
      vertex 2.7 24.2538 9.02046
      vertex 0.0427704 24.0044 8.77112
    endloop
  endfacet
  facet normal 1.04523e-06 -0.707068 0.707145
    outer loop
      vertex 2.7 24.2538 9.02046
      vertex 0.170364 23.5508 8.31754
      vertex 2.7171 24.0692 8.83588
    endloop
  endfacet
  facet normal 2.41583e-05 -0.707125 0.707088
    outer loop
      vertex 0.3806 23.1129 7.87961
      vertex 2.7171 24.0692 8.83588
      vertex 0.170364 23.5508 8.31754
    endloop
  endfacet
  facet normal -7.76658e-05 -0.707001 0.707213
    outer loop
      vertex 2.7171 24.0692 8.83588
      vertex 0.3806 23.1129 7.87961
      vertex 2.76815 23.8877 8.65444
    endloop
  endfacet
  facet normal -1.17565e-05 -0.707102 0.707111
    outer loop
      vertex 0.669861 22.6981 7.46482
      vertex 2.76815 23.8877 8.65444
      vertex 0.3806 23.1129 7.87961
    endloop
  endfacet
  facet normal 9.18903e-06 -0.707121 0.707093
    outer loop
      vertex 1.03322 22.3136 7.0803
      vertex 2.76815 23.8877 8.65444
      vertex 0.669861 22.6981 7.46482
    endloop
  endfacet
  facet normal 0.00016726 -0.707208 0.707006
    outer loop
      vertex 2.76815 23.8877 8.65444
      vertex 1.03322 22.3136 7.0803
      vertex 2.85224 23.7126 8.47927
    endloop
  endfacet
  facet normal 5.9686e-06 -0.707103 0.70711
    outer loop
      vertex 1.46446 21.9659 6.7326
      vertex 2.85224 23.7126 8.47927
      vertex 1.03322 22.3136 7.0803
    endloop
  endfacet
  facet normal 3.67087e-05 -0.707115 0.707098
    outer loop
      vertex 2.85224 23.7126 8.47927
      vertex 1.46446 21.9659 6.7326
      vertex 2.96794 23.5467 8.31336
    endloop
  endfacet
  facet normal -0.000184505 -0.70701 0.707203
    outer loop
      vertex 2.96794 23.5467 8.31336
      vertex 1.46446 21.9659 6.7326
      vertex 3.11328 23.3928 8.15954
    endloop
  endfacet
  facet normal 2.63488e-05 -0.707132 0.707082
    outer loop
      vertex 1.95619 21.661 6.42766
      vertex 3.11328 23.3928 8.15954
      vertex 1.46446 21.9659 6.7326
    endloop
  endfacet
  facet normal 0.000196035 -0.707189 0.707025
    outer loop
      vertex 3.11328 23.3928 8.15954
      vertex 1.95619 21.661 6.42766
      vertex 3.28578 23.2538 8.02046
    endloop
  endfacet
  facet normal -6.52733e-05 -0.70708 0.707134
    outer loop
      vertex 2.5 21.404 6.17073
      vertex 3.28578 23.2538 8.02046
      vertex 1.95619 21.661 6.42766
    endloop
  endfacet
  facet normal 0 -0.707105 0.707109
    outer loop
      vertex 5 20.9304 5.69706
      vertex 72.1184 22.8396 7.60625
      vertex 4.7 22.8396 7.60625
    endloop
  endfacet
  facet normal 0 -0.707105 0.707109
    outer loop
      vertex 99 20.9304 5.69706
      vertex 72.1184 22.8396 7.60625
      vertex 5 20.9304 5.69706
    endloop
  endfacet
  facet normal -8.89112e-05 -0.707098 0.707116
    outer loop
      vertex 3.48247 23.1318 7.89849
      vertex 3.08658 21.1995 5.96619
      vertex 3.7 23.029 7.79572
    endloop
  endfacet
  facet normal 4.50041e-05 -0.707111 0.707102
    outer loop
      vertex 3.08658 21.1995 5.96619
      vertex 3.48247 23.1318 7.89849
      vertex 2.5 21.404 6.17073
    endloop
  endfacet
  facet normal -7.22268e-05 -0.707078 0.707135
    outer loop
      vertex 3.28578 23.2538 8.02046
      vertex 2.5 21.404 6.17073
      vertex 3.48247 23.1318 7.89849
    endloop
  endfacet
  facet normal 1.57387e-05 -0.70709 0.707123
    outer loop
      vertex 100.518 61.8624 46.6291
      vertex 100.913 63.7948 48.5614
      vertex 100.3 61.9652 46.7319
    endloop
  endfacet
  facet normal -0.000100547 -0.707078 0.707135
    outer loop
      vertex 100.913 63.7948 48.5614
      vertex 100.518 61.8624 46.6291
      vertex 101.5 63.5902 48.3569
    endloop
  endfacet
  facet normal 0 -0.707107 0.707107
    outer loop
      vertex 100.714 61.7405 46.5072
      vertex 101.5 63.5902 48.3569
      vertex 100.518 61.8624 46.6291
    endloop
  endfacet
  facet normal 0.000120953 -0.707054 0.70716
    outer loop
      vertex 96.8333 60.6462 45.4129
      vertex 96.1 62.1483 46.9149
      vertex 95.6867 61.953 46.7197
    endloop
  endfacet
  facet normal 0 -0.707107 0.707107
    outer loop
      vertex 101.5 63.5902 48.3569
      vertex 100.714 61.7405 46.5072
      vertex 102.044 63.3333 48.1
    endloop
  endfacet
  facet normal 0 -0.707107 0.707107
    outer loop
      vertex 100.887 61.6014 46.3681
      vertex 102.044 63.3333 48.1
      vertex 100.714 61.7405 46.5072
    endloop
  endfacet
  facet normal 0 -0.707107 0.707107
    outer loop
      vertex 102.044 63.3333 48.1
      vertex 100.887 61.6014 46.3681
      vertex 102.536 63.0283 47.795
    endloop
  endfacet
  facet normal 0 -0.707107 0.707107
    outer loop
      vertex 101.032 61.4476 46.2143
      vertex 102.536 63.0283 47.795
      vertex 100.887 61.6014 46.3681
    endloop
  endfacet
  facet normal 0.00125378 -0.707702 0.70651
    outer loop
      vertex 101.056 61.4136 46.1802
      vertex 102.536 63.0283 47.795
      vertex 101.032 61.4476 46.2143
    endloop
  endfacet
  facet normal -2.03098e-05 -0.707119 0.707094
    outer loop
      vertex 102.536 63.0283 47.795
      vertex 101.056 61.4136 46.1802
      vertex 102.967 62.6806 47.4473
    endloop
  endfacet
  facet normal -2.2757e-05 -0.707118 0.707096
    outer loop
      vertex 102.967 62.6806 47.4473
      vertex 101.056 61.4136 46.1802
      vertex 103.33 62.2961 47.0628
    endloop
  endfacet
  facet normal -2.44768e-05 -0.707115 0.707098
    outer loop
      vertex 103.33 62.2961 47.0628
      vertex 101.056 61.4136 46.1802
      vertex 103.619 61.8813 46.648
    endloop
  endfacet
  facet normal -2.5359e-05 -0.707113 0.707101
    outer loop
      vertex 103.619 61.8813 46.648
      vertex 101.056 61.4136 46.1802
      vertex 103.83 61.4434 46.2101
    endloop
  endfacet
  facet normal 0 -0.707107 0.707107
    outer loop
      vertex 98.825 60.8316 45.5983
      vertex 100.252 61.982 46.7487
      vertex 98.6314 60.8991 45.6658
    endloop
  endfacet
  facet normal 1.7135e-05 -0.707168 0.707046
    outer loop
      vertex 3.9 60.5991 45.3657
      vertex 4.76946 61.3001 46.0668
      vertex 4.64118 61.2821 46.0488
    endloop
  endfacet
  facet normal 3.37029e-05 -0.707177 0.707037
    outer loop
      vertex 3.9 60.5991 45.3657
      vertex 4.64118 61.2821 46.0488
      vertex 4.51731 61.2523 46.019
    endloop
  endfacet
  facet normal 5.62826e-05 -0.707187 0.707026
    outer loop
      vertex 3.9 60.5991 45.3657
      vertex 4.51731 61.2523 46.019
      vertex 4.4 61.2114 45.9781
    endloop
  endfacet
  facet normal 8.88523e-05 -0.707201 0.707013
    outer loop
      vertex 3.9 60.5991 45.3657
      vertex 4.4 61.2114 45.9781
      vertex 4.29123 61.16 45.9267
    endloop
  endfacet
  facet normal -0.0011289 -0.706776 0.707437
    outer loop
      vertex 3.9 60.5991 45.3657
      vertex 4.29123 61.16 45.9267
      vertex 4.19289 61.0991 45.8657
    endloop
  endfacet
  facet normal 0.00155343 -0.707561 0.706651
    outer loop
      vertex 3.9 60.5991 45.3657
      vertex 4.19289 61.0991 45.8657
      vertex 4.10663 61.0295 45.7962
    endloop
  endfacet
  facet normal 0 -0.707107 0.707107
    outer loop
      vertex 99.0045 60.7469 45.5136
      vertex 100.252 61.982 46.7487
      vertex 98.825 60.8316 45.5983
    endloop
  endfacet
  facet normal 0 -0.707107 0.707107
    outer loop
      vertex 74.2154 60.978 45.7447
      vertex 77.1573 61.3062 46.0729
      vertex 74 60.988 45.7547
    endloop
  endfacet
  facet normal 0 -0.707107 0.707107
    outer loop
      vertex 74.427 60.9482 45.7149
      vertex 77.1573 61.3062 46.0729
      vertex 74.2154 60.978 45.7447
    endloop
  endfacet
  facet normal 0 -0.707107 0.707107
    outer loop
      vertex 70.8427 61.3062 46.0729
      vertex 74 60.988 45.7547
      vertex 77.1573 61.3062 46.0729
    endloop
  endfacet
  facet normal 0.000353401 -0.707274 0.70694
    outer loop
      vertex 3.9 60.5991 45.3657
      vertex 4.10663 61.0295 45.7962
      vertex 4.03397 60.9526 45.7193
    endloop
  endfacet
  facet normal 0 -0.707107 0.707107
    outer loop
      vertex 70.8427 61.3062 46.0729
      vertex 73.573 60.9482 45.7149
      vertex 73.7846 60.978 45.7447
    endloop
  endfacet
  facet normal 0 -0.707107 0.707107
    outer loop
      vertex 70.8427 61.3062 46.0729
      vertex 73.3686 60.8991 45.6658
      vertex 73.573 60.9482 45.7149
    endloop
  endfacet
  facet normal 0.000626923 -0.707325 0.706888
    outer loop
      vertex 3.9 60.5991 45.3657
      vertex 4.03397 60.9526 45.7193
      vertex 3.97611 60.8697 45.6364
    endloop
  endfacet
  facet normal 0 -0.707107 0.707107
    outer loop
      vertex 70.8427 61.3062 46.0729
      vertex 73.175 60.8316 45.5983
      vertex 73.3686 60.8991 45.6658
    endloop
  endfacet
  facet normal 0.00131488 -0.707422 0.706791
    outer loop
      vertex 3.9 60.5991 45.3657
      vertex 3.97611 60.8697 45.6364
      vertex 3.93407 60.7821 45.5488
    endloop
  endfacet
  facet normal 0 -0.707107 0.707107
    outer loop
      vertex 70.8427 61.3062 46.0729
      vertex 72.9955 60.7469 45.5136
      vertex 73.175 60.8316 45.5983
    endloop
  endfacet
  facet normal 0.00405112 -0.707671 0.706531
    outer loop
      vertex 3.9 60.5991 45.3657
      vertex 3.93407 60.7821 45.5488
      vertex 3.90854 60.6914 45.4581
    endloop
  endfacet
  facet normal 0 -0.70711 0.707103
    outer loop
      vertex 41 51.336 36.1026
      vertex 70.8427 61.3062 46.0729
      vertex 39 51.336 36.1026
    endloop
  endfacet
  facet normal -3.40544e-05 -0.707133 0.707081
    outer loop
      vertex 4.9 61.3062 46.0729
      vertex 3.9 60.5991 45.3657
      vertex 18 51.336 36.1026
    endloop
  endfacet
  facet normal 0 -0.707107 0.707107
    outer loop
      vertex 70.8427 61.3062 46.0729
      vertex 72.8333 60.6462 45.4129
      vertex 72.9955 60.7469 45.5136
    endloop
  endfacet
  facet normal 0 -0.70711 0.707103
    outer loop
      vertex 46 51.336 36.1026
      vertex 70.8427 61.3062 46.0729
      vertex 41 51.336 36.1026
    endloop
  endfacet
  facet normal 0 -0.70711 0.707103
    outer loop
      vertex 48 51.336 36.1026
      vertex 70.8427 61.3062 46.0729
      vertex 46 51.336 36.1026
    endloop
  endfacet
  facet normal 0 -0.707107 0.707107
    outer loop
      vertex 70.8427 61.3062 46.0729
      vertex 72.691 60.5315 45.2982
      vertex 72.8333 60.6462 45.4129
    endloop
  endfacet
  facet normal 0 -0.70711 0.707103
    outer loop
      vertex 53 51.336 36.1026
      vertex 70.8427 61.3062 46.0729
      vertex 48 51.336 36.1026
    endloop
  endfacet
  facet normal 0 -0.70711 0.707103
    outer loop
      vertex 55 51.336 36.1026
      vertex 70.8427 61.3062 46.0729
      vertex 53 51.336 36.1026
    endloop
  endfacet
  facet normal 0 -0.707107 0.707107
    outer loop
      vertex 70.8427 61.3062 46.0729
      vertex 72.5711 60.4046 45.1713
      vertex 72.691 60.5315 45.2982
    endloop
  endfacet
  facet normal 0 -0.70711 0.707103
    outer loop
      vertex 60 51.336 36.1026
      vertex 70.8427 61.3062 46.0729
      vertex 55 51.336 36.1026
    endloop
  endfacet
  facet normal 0 -0.707107 0.707107
    outer loop
      vertex 70.8427 61.3062 46.0729
      vertex 72.4756 60.2677 45.0344
      vertex 72.5711 60.4046 45.1713
    endloop
  endfacet
  facet normal 0 -0.707107 0.707107
    outer loop
      vertex 70.8427 61.3062 46.0729
      vertex 72.4062 60.1232 44.8899
      vertex 72.4756 60.2677 45.0344
    endloop
  endfacet
  facet normal 0 -0.707107 0.707107
    outer loop
      vertex 70.8427 61.3062 46.0729
      vertex 72.3641 59.9735 44.7402
      vertex 72.4062 60.1232 44.8899
    endloop
  endfacet
  facet normal -4.09404e-06 -0.707109 0.707105
    outer loop
      vertex 72.4756 59.3747 44.1414
      vertex 70.8427 61.3062 46.0729
      vertex 62 51.336 36.1026
    endloop
  endfacet
  facet normal 0 -0.707107 0.707107
    outer loop
      vertex 70.8427 61.3062 46.0729
      vertex 72.35 59.8212 44.5879
      vertex 72.3641 59.9735 44.7402
    endloop
  endfacet
  facet normal 0 -0.707107 0.707107
    outer loop
      vertex 70.8427 61.3062 46.0729
      vertex 72.3641 59.6689 44.4356
      vertex 72.35 59.8212 44.5879
    endloop
  endfacet
  facet normal 0 -0.707107 0.707107
    outer loop
      vertex 70.8427 61.3062 46.0729
      vertex 72.4062 59.5193 44.286
      vertex 72.3641 59.6689 44.4356
    endloop
  endfacet
  facet normal 0 -0.707107 0.707107
    outer loop
      vertex 70.8427 61.3062 46.0729
      vertex 72.4756 59.3747 44.1414
      vertex 72.4062 59.5193 44.286
    endloop
  endfacet
  facet normal -4.39539e-06 -0.707108 0.707105
    outer loop
      vertex 72.4756 59.3747 44.1414
      vertex 62 51.336 36.1026
      vertex 72.5711 59.2379 44.0046
    endloop
  endfacet
  facet normal -3.92028e-06 -0.707109 0.707105
    outer loop
      vertex 72.5711 59.2379 44.0046
      vertex 62 51.336 36.1026
      vertex 72.691 59.111 43.8777
    endloop
  endfacet
  facet normal 1.2979e-14 -0.707107 0.707107
    outer loop
      vertex 97.3686 26.2509 11.0176
      vertex 97.3686 58.7433 43.51
      vertex 97.175 26.1834 10.9501
    endloop
  endfacet
  facet normal 0 -0.707107 0.707107
    outer loop
      vertex 100.313 57.6895 42.4562
      vertex 98 58.6545 43.4212
      vertex 100.1 57.5887 42.3554
    endloop
  endfacet
  facet normal 0 -0.707107 0.707107
    outer loop
      vertex 101.015 58.1855 42.9522
      vertex 98 58.6545 43.4212
      vertex 100.687 57.9212 42.6879
    endloop
  endfacet
  facet normal 0 -0.707107 0.707107
    outer loop
      vertex 101.3 58.4908 43.2575
      vertex 101.015 58.1855 42.9522
      vertex 101.291 58.4777 43.2444
    endloop
  endfacet
  facet normal 0 -0.707107 0.707107
    outer loop
      vertex 98 58.6545 43.4212
      vertex 101.015 58.1855 42.9522
      vertex 101.3 58.4908 43.2575
    endloop
  endfacet
  facet normal -3.47839e-06 -0.707109 0.707105
    outer loop
      vertex 72.691 59.111 43.8777
      vertex 62 51.336 36.1026
      vertex 72.8333 58.9962 43.7629
    endloop
  endfacet
  facet normal -1.10793e-06 -0.707111 0.707103
    outer loop
      vertex 73.573 58.6943 43.461
      vertex 62 51.336 36.1026
      vertex 73.7846 58.6645 43.4312
    endloop
  endfacet
  facet normal 0 -0.70711 0.707103
    outer loop
      vertex 4.9 61.3062 46.0729
      vertex 18 51.336 36.1026
      vertex 20 51.336 36.1026
    endloop
  endfacet
  facet normal 4.69257e-06 -0.707103 0.70711
    outer loop
      vertex 3.9 60.5991 45.3657
      vertex 18 41.4365 26.2032
      vertex 18 51.336 36.1026
    endloop
  endfacet
  facet normal 0 -0.707107 0.707107
    outer loop
      vertex 21.97 33.6583 18.425
      vertex 20 41.4365 26.2032
      vertex 18 41.4365 26.2032
    endloop
  endfacet
  facet normal 0 -0.707107 0.707107
    outer loop
      vertex 20 41.4365 26.2032
      vertex 21.97 33.6583 18.425
      vertex 25 41.4365 26.2032
    endloop
  endfacet
  facet normal 0 -0.707107 0.707107
    outer loop
      vertex 25 41.4365 26.2032
      vertex 21.97 33.6583 18.425
      vertex 27 41.4365 26.2032
    endloop
  endfacet
  facet normal 0 -0.707107 0.707107
    outer loop
      vertex 27 41.4365 26.2032
      vertex 21.97 33.6583 18.425
      vertex 32 41.4365 26.2032
    endloop
  endfacet
  facet normal 0 -0.707107 0.707107
    outer loop
      vertex 32 41.4365 26.2032
      vertex 21.97 33.6583 18.425
      vertex 34 41.4365 26.2032
    endloop
  endfacet
  facet normal 0 -0.707107 0.707107
    outer loop
      vertex 45.97 33.6583 18.425
      vertex 34 41.4365 26.2032
      vertex 21.97 33.6583 18.425
    endloop
  endfacet
  facet normal 0 -0.707107 0.707107
    outer loop
      vertex 34 41.4365 26.2032
      vertex 45.97 33.6583 18.425
      vertex 39 41.4365 26.2032
    endloop
  endfacet
  facet normal 0 -0.707107 0.707107
    outer loop
      vertex 39 41.4365 26.2032
      vertex 45.97 33.6583 18.425
      vertex 41 41.4365 26.2032
    endloop
  endfacet
  facet normal 0 -0.707107 0.707107
    outer loop
      vertex 41 41.4365 26.2032
      vertex 45.97 33.6583 18.425
      vertex 46 41.4365 26.2032
    endloop
  endfacet
  facet normal 0 -0.707107 0.707107
    outer loop
      vertex 48 41.4365 26.2032
      vertex 45.97 33.6583 18.425
      vertex 53 41.4365 26.2032
    endloop
  endfacet
  facet normal 0 -0.707107 0.707107
    outer loop
      vertex 53 41.4365 26.2032
      vertex 45.97 33.6583 18.425
      vertex 55 41.4365 26.2032
    endloop
  endfacet
  facet normal 0 -0.707107 0.707107
    outer loop
      vertex 55 41.4365 26.2032
      vertex 45.97 33.6583 18.425
      vertex 60 41.4365 26.2032
    endloop
  endfacet
  facet normal 0 -0.707107 0.707107
    outer loop
      vertex 46 41.4365 26.2032
      vertex 45.97 33.6583 18.425
      vertex 48 41.4365 26.2032
    endloop
  endfacet
  facet normal -2.89143e-06 -0.707106 0.707108
    outer loop
      vertex 3.9 24.3952 9.16188
      vertex 18 41.4365 26.2032
      vertex 3.9 60.5991 45.3657
    endloop
  endfacet
  facet normal -3.7021e-07 -0.707107 0.707107
    outer loop
      vertex 4.9 23.6881 8.45478
      vertex 18 41.4365 26.2032
      vertex 3.9 24.3952 9.16188
    endloop
  endfacet
  facet normal 0 -0.707112 0.707102
    outer loop
      vertex 4.9 23.6881 8.45478
      vertex 45.97 25.173 9.9397
      vertex 21.97 25.173 9.9397
    endloop
  endfacet
  facet normal 0 -0.707112 0.707102
    outer loop
      vertex 45.97 25.173 9.9397
      vertex 70.8427 23.6881 8.45478
      vertex 72.35 25.173 9.9397
    endloop
  endfacet
  facet normal -5.05154e-05 -0.707086 0.707128
    outer loop
      vertex 72.35 25.173 9.9397
      vertex 70.8427 23.6881 8.45478
      vertex 72.3641 25.0207 9.78741
    endloop
  endfacet
  facet normal -7.75835e-05 -0.70707 0.707143
    outer loop
      vertex 72.3641 25.0207 9.78741
      vertex 70.8427 23.6881 8.45478
      vertex 72.4062 24.871 9.63773
    endloop
  endfacet
  facet normal 3.77224e-05 -0.707147 0.707067
    outer loop
      vertex 72.4062 24.871 9.63773
      vertex 70.8427 23.6881 8.45478
      vertex 72.4756 24.7265 9.49321
    endloop
  endfacet
  facet normal 4.77473e-05 -0.707155 0.707059
    outer loop
      vertex 70.9853 23.5373 8.30395
      vertex 72.4756 24.7265 9.49321
      vertex 70.8427 23.6881 8.45478
    endloop
  endfacet
  facet normal -6.38217e-07 -0.707107 0.707107
    outer loop
      vertex 18 41.4365 26.2032
      vertex 4.9 23.6881 8.45478
      vertex 21.97 33.6583 18.425
    endloop
  endfacet
  facet normal -8.28479e-07 -0.707107 0.707107
    outer loop
      vertex 21.97 33.6583 18.425
      vertex 4.9 23.6881 8.45478
      vertex 21.97 25.173 9.9397
    endloop
  endfacet
  facet normal -6.79691e-05 -0.707082 0.707132
    outer loop
      vertex 71.313 23.273 8.0397
      vertex 72.4756 24.7265 9.49321
      vertex 70.9853 23.5373 8.30395
    endloop
  endfacet
  facet normal 0.00026747 -0.707056 0.707157
    outer loop
      vertex 3.97611 24.1246 8.89129
      vertex 3.9 24.3952 9.16188
      vertex 3.90854 24.3029 9.06959
    endloop
  endfacet
  facet normal -7.22371e-05 -0.70708 0.707133
    outer loop
      vertex 72.4756 24.7265 9.49321
      vertex 71.313 23.273 8.0397
      vertex 72.5711 24.5896 9.35633
    endloop
  endfacet
  facet normal -0.00159867 -0.707409 0.706803
    outer loop
      vertex 3.97611 24.1246 8.89129
      vertex 3.90854 24.3029 9.06959
      vertex 3.93407 24.2122 8.97887
    endloop
  endfacet
  facet normal -3.77997e-05 -0.707097 0.707117
    outer loop
      vertex 72.5711 24.5896 9.35633
      vertex 71.313 23.273 8.0397
      vertex 72.691 24.4627 9.22944
    endloop
  endfacet
  facet normal -0.000756537 -0.7072 0.707013
    outer loop
      vertex 3.9 24.3952 9.16188
      vertex 3.97611 24.1246 8.89129
      vertex 4.03397 24.0416 8.80833
    endloop
  endfacet
  facet normal 4.64826e-05 -0.707146 0.707068
    outer loop
      vertex 71.6867 23.0413 7.80795
      vertex 72.691 24.4627 9.22944
      vertex 71.313 23.273 8.0397
    endloop
  endfacet
  facet normal 0.000103639 -0.707166 0.707048
    outer loop
      vertex 72.691 24.4627 9.22944
      vertex 71.6867 23.0413 7.80795
      vertex 72.8333 24.348 9.1147
    endloop
  endfacet
  facet normal 0.000176679 -0.707023 0.70719
    outer loop
      vertex 3.9 24.3952 9.16188
      vertex 4.03397 24.0416 8.80833
      vertex 4.10663 23.9647 8.73143
    endloop
  endfacet
  facet normal -4.53206e-05 -0.7071 0.707113
    outer loop
      vertex 72.1 22.846 7.61268
      vertex 72.8333 24.348 9.1147
      vertex 71.6867 23.0413 7.80795
    endloop
  endfacet
  facet normal 0.000982394 -0.707351 0.706862
    outer loop
      vertex 72.1184 22.8396 7.60625
      vertex 72.8333 24.348 9.1147
      vertex 72.1 22.846 7.61268
    endloop
  endfacet
  facet normal 8.98345e-05 -0.70714 0.707074
    outer loop
      vertex 96.8333 24.348 9.1147
      vertex 96.1184 22.8396 7.60625
      vertex 96.9955 24.2474 9.01407
    endloop
  endfacet
  facet normal 0.000776466 -0.706879 0.707334
    outer loop
      vertex 3.9 24.3952 9.16188
      vertex 4.10663 23.9647 8.73143
      vertex 4.19289 23.8952 8.66188
    endloop
  endfacet
  facet normal 8.98345e-05 -0.70714 0.707074
    outer loop
      vertex 72.8333 24.348 9.1147
      vertex 72.1184 22.8396 7.60625
      vertex 72.9955 24.2474 9.01407
    endloop
  endfacet
  facet normal -0.000225865 -0.707173 0.707041
    outer loop
      vertex 3.9 24.3952 9.16188
      vertex 4.19289 23.8952 8.66188
      vertex 4.29123 23.8342 8.6009
    endloop
  endfacet
  facet normal -7.91942e-05 -0.707122 0.707092
    outer loop
      vertex 3.9 24.3952 9.16188
      vertex 4.29123 23.8342 8.6009
      vertex 4.4 23.7828 8.54951
    endloop
  endfacet
  facet normal 1.68834e-05 -0.707083 0.707131
    outer loop
      vertex 3.9 24.3952 9.16188
      vertex 4.4 23.7828 8.54951
      vertex 4.51731 23.7419 8.50861
    endloop
  endfacet
  facet normal 0.000305359 -0.706946 0.707267
    outer loop
      vertex 3.9 24.3952 9.16188
      vertex 4.51731 23.7419 8.50861
      vertex 4.64118 23.7122 8.47887
    endloop
  endfacet
  facet normal -0.000392133 -0.707325 0.706889
    outer loop
      vertex 3.9 24.3952 9.16188
      vertex 4.64118 23.7122 8.47887
      vertex 4.76946 23.6941 8.46083
    endloop
  endfacet
  facet normal 0.000289752 -0.706902 0.707312
    outer loop
      vertex 3.9 24.3952 9.16188
      vertex 4.76946 23.6941 8.46083
      vertex 4.9 23.6881 8.45478
    endloop
  endfacet
  facet normal 0 -0.707112 0.707102
    outer loop
      vertex 45.97 25.173 9.9397
      vertex 4.9 23.6881 8.45478
      vertex 70.8427 23.6881 8.45478
    endloop
  endfacet
  facet normal -3.41019e-05 -0.707101 0.707112
    outer loop
      vertex 72.9955 24.2474 9.01407
      vertex 72.1184 22.8396 7.60625
      vertex 73.175 24.1626 8.92928
    endloop
  endfacet
  facet normal 0 -0.707096 0.707118
    outer loop
      vertex 94.8427 23.6881 8.45478
      vertex 74 24.0063 8.77297
      vertex 77.1573 23.6881 8.45478
    endloop
  endfacet
  facet normal -3.41019e-05 -0.707101 0.707112
    outer loop
      vertex 96.9955 24.2474 9.01407
      vertex 96.1184 22.8396 7.60625
      vertex 97.175 24.1626 8.92928
    endloop
  endfacet
  facet normal -5.95378e-06 -0.707136 0.707077
    outer loop
      vertex 98 24.0063 8.77297
      vertex 101.056 23.5807 8.34736
      vertex 103.957 24.0044 8.77112
    endloop
  endfacet
  facet normal -1.99965e-05 -0.707088 0.707125
    outer loop
      vertex 101.056 23.5807 8.34736
      vertex 103.83 23.5508 8.31754
      vertex 103.957 24.0044 8.77112
    endloop
  endfacet
  facet normal -1.07962e-05 -0.707103 0.707111
    outer loop
      vertex 102.536 21.9659 6.7326
      vertex 101.056 23.5807 8.34736
      vertex 101.032 23.5467 8.31336
    endloop
  endfacet
  facet normal 0.000184688 -0.70701 0.707204
    outer loop
      vertex 102.536 21.9659 6.7326
      vertex 101.032 23.5467 8.31336
      vertex 100.887 23.3928 8.15954
    endloop
  endfacet
  facet normal -0.000195672 -0.707188 0.707025
    outer loop
      vertex 102.044 21.661 6.42766
      vertex 100.887 23.3928 8.15954
      vertex 100.714 23.2538 8.02046
    endloop
  endfacet
  facet normal 7.24237e-05 -0.707078 0.707136
    outer loop
      vertex 101.5 21.404 6.17073
      vertex 100.714 23.2538 8.02046
      vertex 100.518 23.1318 7.89849
    endloop
  endfacet
  facet normal -2.08059e-05 -0.707126 0.707088
    outer loop
      vertex 101.056 23.5807 8.34736
      vertex 103.619 23.1129 7.87961
      vertex 103.83 23.5508 8.31754
    endloop
  endfacet
  facet normal 8.8754e-05 -0.707098 0.707116
    outer loop
      vertex 100.913 21.1995 5.96619
      vertex 100.518 23.1318 7.89849
      vertex 100.3 23.029 7.79572
    endloop
  endfacet
  facet normal -0.000919715 -0.707266 0.706947
    outer loop
      vertex 100.913 21.1995 5.96619
      vertex 100.3 23.029 7.79572
      vertex 100.252 23.0123 7.77895
    endloop
  endfacet
  facet normal 3.25642e-06 -0.70711 0.707103
    outer loop
      vertex 100.313 23.0413 7.80795
      vertex 98 24.0063 8.77297
      vertex 100.252 23.0123 7.77895
    endloop
  endfacet
  facet normal 6.14724e-06 -0.707107 0.707107
    outer loop
      vertex 98 24.0063 8.77297
      vertex 99 20.9304 5.69706
      vertex 100.252 23.0123 7.77895
    endloop
  endfacet
  facet normal 6.52512e-05 -0.70708 0.707134
    outer loop
      vertex 100.714 23.2538 8.02046
      vertex 101.5 21.404 6.17073
      vertex 102.044 21.661 6.42766
    endloop
  endfacet
  facet normal 0 -0.707105 0.707109
    outer loop
      vertex 72.1184 22.8396 7.60625
      vertex 99 20.9304 5.69706
      vertex 75.8816 22.8396 7.60625
    endloop
  endfacet
  facet normal 5.03474e-05 -0.707121 0.707093
    outer loop
      vertex 3.7 23.029 7.79572
      vertex 3.08658 21.1995 5.96619
      vertex 3.93462 22.9472 7.7139
    endloop
  endfacet
  facet normal 0 -0.707105 0.707109
    outer loop
      vertex 75.8816 22.8396 7.60625
      vertex 99 20.9304 5.69706
      vertex 96.1184 22.8396 7.60625
    endloop
  endfacet
  facet normal -4.17749e-05 -0.707099 0.707115
    outer loop
      vertex 3.7059 21.0508 5.81753
      vertex 3.93462 22.9472 7.7139
      vertex 3.08658 21.1995 5.96619
    endloop
  endfacet
  facet normal -5.58901e-05 -0.707088 0.707125
    outer loop
      vertex 100.252 23.0123 7.77895
      vertex 99 20.9304 5.69706
      vertex 99.6526 20.9606 5.72731
    endloop
  endfacet
  facet normal -0.000108346 -0.707095 0.707119
    outer loop
      vertex 3.93462 22.9472 7.7139
      vertex 3.7059 21.0508 5.81753
      vertex 4.18236 22.8877 7.65444
    endloop
  endfacet
  facet normal -2.60267e-05 -0.707093 0.707121
    outer loop
      vertex 100.252 23.0123 7.77895
      vertex 99.6526 20.9606 5.72731
      vertex 100.294 21.0508 5.81753
    endloop
  endfacet
  facet normal 2.07483e-05 -0.707111 0.707102
    outer loop
      vertex 4.34737 20.9606 5.72731
      vertex 4.18236 22.8877 7.65444
      vertex 3.7059 21.0508 5.81753
    endloop
  endfacet
  facet normal 3.85679e-05 -0.707092 0.707122
    outer loop
      vertex 100.252 23.0123 7.77895
      vertex 100.294 21.0508 5.81753
      vertex 100.913 21.1995 5.96619
    endloop
  endfacet
  facet normal 0.000249485 -0.707102 0.707112
    outer loop
      vertex 4.18236 22.8877 7.65444
      vertex 4.34737 20.9606 5.72731
      vertex 4.43894 22.8517 7.61835
    endloop
  endfacet
  facet normal -2.63392e-05 -0.707132 0.707082
    outer loop
      vertex 100.887 23.3928 8.15954
      vertex 102.044 21.661 6.42766
      vertex 102.536 21.9659 6.7326
    endloop
  endfacet
  facet normal 1.03753e-06 -0.707096 0.707118
    outer loop
      vertex 4.43894 22.8517 7.61835
      vertex 4.34737 20.9606 5.72731
      vertex 4.7 22.8396 7.60625
    endloop
  endfacet
  facet normal -9.478e-06 -0.707095 0.707119
    outer loop
      vertex 101.056 23.5807 8.34736
      vertex 103.33 22.6981 7.46482
      vertex 103.619 23.1129 7.87961
    endloop
  endfacet
  facet normal 5.47435e-05 -0.707101 0.707113
    outer loop
      vertex 4.7 22.8396 7.60625
      vertex 4.34737 20.9606 5.72731
      vertex 5 20.9304 5.69706
    endloop
  endfacet
  facet normal -2.41011e-05 -0.707114 0.7071
    outer loop
      vertex 101.056 23.5807 8.34736
      vertex 102.967 22.3136 7.0803
      vertex 103.33 22.6981 7.46482
    endloop
  endfacet
  facet normal -8.12384e-06 -0.707102 0.707112
    outer loop
      vertex 101.056 23.5807 8.34736
      vertex 102.536 21.9659 6.7326
      vertex 102.967 22.3136 7.0803
    endloop
  endfacet
  facet normal -4.49808e-05 -0.707111 0.707102
    outer loop
      vertex 100.518 23.1318 7.89849
      vertex 100.913 21.1995 5.96619
      vertex 101.5 21.404 6.17073
    endloop
  endfacet
  facet normal -4.37277e-06 -0.707113 0.707101
    outer loop
      vertex 97.175 24.1626 8.92928
      vertex 96.1184 22.8396 7.60625
      vertex 97.3686 24.0951 8.86178
    endloop
  endfacet
  facet normal 0.000222964 -0.707265 0.706949
    outer loop
      vertex 97.573 24.046 8.81273
      vertex 96.1184 22.8396 7.60625
      vertex 97.7846 24.0163 8.78295
    endloop
  endfacet
  facet normal -0.000142871 -0.707044 0.707169
    outer loop
      vertex 97.3686 24.0951 8.86178
      vertex 96.1184 22.8396 7.60625
      vertex 97.573 24.046 8.81273
    endloop
  endfacet
  facet normal -6.67686e-05 -0.707119 0.707095
    outer loop
      vertex 97.7846 24.0163 8.78295
      vertex 99 20.9304 5.69706
      vertex 98 24.0063 8.77297
    endloop
  endfacet
  facet normal -1.26608e-06 -0.707106 0.707108
    outer loop
      vertex 99 20.9304 5.69706
      vertex 97.7846 24.0163 8.78295
      vertex 96.1184 22.8396 7.60625
    endloop
  endfacet
  facet normal 1.2953e-05 -0.707069 0.707145
    outer loop
      vertex 98 24.0063 8.77297
      vertex 100.687 23.273 8.0397
      vertex 101.056 23.5807 8.34736
    endloop
  endfacet
  facet normal -3.43867e-05 -0.707155 0.707058
    outer loop
      vertex 98 24.0063 8.77297
      vertex 100.313 23.0413 7.80795
      vertex 100.687 23.273 8.0397
    endloop
  endfacet
  facet normal 0.00100051 -0.70766 0.706552
    outer loop
      vertex 101.056 23.5807 8.34736
      vertex 100.687 23.273 8.0397
      vertex 101.015 23.5373 8.30395
    endloop
  endfacet
  facet normal -4.37277e-06 -0.707113 0.707101
    outer loop
      vertex 73.175 24.1626 8.92928
      vertex 72.1184 22.8396 7.60625
      vertex 73.3686 24.0951 8.86178
    endloop
  endfacet
  facet normal 0 -0.707113 0.707101
    outer loop
      vertex 75.8816 22.8396 7.60625
      vertex 74 24.0063 8.77297
      vertex 72.1184 22.8396 7.60625
    endloop
  endfacet
  facet normal -0.000142871 -0.707044 0.707169
    outer loop
      vertex 73.3686 24.0951 8.86178
      vertex 72.1184 22.8396 7.60625
      vertex 73.573 24.046 8.81273
    endloop
  endfacet
  facet normal -0.000735255 -0.707705 0.706507
    outer loop
      vertex 75.9 22.846 7.61268
      vertex 74 24.0063 8.77297
      vertex 75.8816 22.8396 7.60625
    endloop
  endfacet
  facet normal 0.000222964 -0.707265 0.706949
    outer loop
      vertex 73.573 24.046 8.81273
      vertex 72.1184 22.8396 7.60625
      vertex 73.7846 24.0163 8.78295
    endloop
  endfacet
  facet normal -3.43951e-05 -0.707155 0.707058
    outer loop
      vertex 76.687 23.273 8.0397
      vertex 74 24.0063 8.77297
      vertex 76.3133 23.0413 7.80795
    endloop
  endfacet
  facet normal -6.16092e-05 -0.707063 0.70715
    outer loop
      vertex 73.7846 24.0163 8.78295
      vertex 72.1184 22.8396 7.60625
      vertex 74 24.0063 8.77297
    endloop
  endfacet
  facet normal -1.4987e-05 -0.70717 0.707044
    outer loop
      vertex 74 24.0063 8.77297
      vertex 77.0147 23.5373 8.30395
      vertex 77.1573 23.6881 8.45478
    endloop
  endfacet
  facet normal 2.13798e-05 -0.707053 0.70716
    outer loop
      vertex 77.0147 23.5373 8.30395
      vertex 74 24.0063 8.77297
      vertex 76.687 23.273 8.0397
    endloop
  endfacet
  facet normal 2.73136e-05 -0.707081 0.707132
    outer loop
      vertex 74 24.0063 8.77297
      vertex 75.9 22.846 7.61268
      vertex 76.3133 23.0413 7.80795
    endloop
  endfacet
  facet normal 7.71223e-15 -0.707107 0.707107
    outer loop
      vertex 74.6314 26.2509 11.0176
      vertex 62 41.4365 26.2032
      vertex 74.427 26.3 11.0667
    endloop
  endfacet
  facet normal 0 -0.707107 0.707107
    outer loop
      vertex 100.1 57.5887 42.3554
      vertex 97.7846 26.3297 11.0964
      vertex 98 26.3397 11.1064
    endloop
  endfacet
  facet normal 0 -0.707107 0.707107
    outer loop
      vertex 74 58.6545 43.4212
      vertex 74.6314 26.2509 11.0176
      vertex 74.825 26.1834 10.9501
    endloop
  endfacet
  facet normal 0 -0.707107 0.707107
    outer loop
      vertex 100.1 57.5887 42.3554
      vertex 97.573 26.3 11.0667
      vertex 97.7846 26.3297 11.0964
    endloop
  endfacet
  facet normal 1.41234e-14 -0.707107 0.707107
    outer loop
      vertex 75.0045 26.0986 10.8653
      vertex 74 58.6545 43.4212
      vertex 74.825 26.1834 10.9501
    endloop
  endfacet
  facet normal 0 -0.707107 0.707107
    outer loop
      vertex 100.1 57.5887 42.3554
      vertex 97.3686 26.2509 11.0176
      vertex 97.573 26.3 11.0667
    endloop
  endfacet
  facet normal -6.0627e-17 -0.707107 0.707107
    outer loop
      vertex 75.1667 25.998 10.7647
      vertex 74 58.6545 43.4212
      vertex 75.0045 26.0986 10.8653
    endloop
  endfacet
  facet normal 0 -0.707107 0.707107
    outer loop
      vertex 97.3686 58.7433 43.51
      vertex 100.1 57.5887 42.3554
      vertex 97.573 58.6943 43.461
    endloop
  endfacet
  facet normal 0 -0.707107 0.707107
    outer loop
      vertex 96.8333 25.998 10.7647
      vertex 74 58.6545 43.4212
      vertex 75.1667 25.998 10.7647
    endloop
  endfacet
  facet normal 0 -0.707107 0.707107
    outer loop
      vertex 97.7846 58.6645 43.4312
      vertex 100.1 57.5887 42.3554
      vertex 98 58.6545 43.4212
    endloop
  endfacet
  facet normal 0 -0.707107 0.707107
    outer loop
      vertex 100.1 57.5887 42.3554
      vertex 97.3686 58.7433 43.51
      vertex 97.3686 26.2509 11.0176
    endloop
  endfacet
  facet normal 0 -0.707107 0.707107
    outer loop
      vertex 97.573 58.6943 43.461
      vertex 100.1 57.5887 42.3554
      vertex 97.7846 58.6645 43.4312
    endloop
  endfacet
  facet normal 0 -0.707107 0.707107
    outer loop
      vertex 75.309 25.8833 10.65
      vertex 96.8333 25.998 10.7647
      vertex 75.1667 25.998 10.7647
    endloop
  endfacet
  facet normal 0 -0.707107 0.707107
    outer loop
      vertex 75.309 25.8833 10.65
      vertex 96.691 25.8833 10.65
      vertex 96.8333 25.998 10.7647
    endloop
  endfacet
  facet normal 0 -0.707107 0.707107
    outer loop
      vertex 75.4289 25.7564 10.5231
      vertex 96.691 25.8833 10.65
      vertex 75.309 25.8833 10.65
    endloop
  endfacet
  facet normal 0 -0.707107 0.707107
    outer loop
      vertex 75.4289 25.7564 10.5231
      vertex 96.5711 25.7564 10.5231
      vertex 96.691 25.8833 10.65
    endloop
  endfacet
  facet normal 0 -0.707107 0.707107
    outer loop
      vertex 75.5244 25.6195 10.3862
      vertex 96.5711 25.7564 10.5231
      vertex 75.4289 25.7564 10.5231
    endloop
  endfacet
  facet normal 0 -0.707107 0.707107
    outer loop
      vertex 75.5244 25.6195 10.3862
      vertex 96.4756 25.6195 10.3862
      vertex 96.5711 25.7564 10.5231
    endloop
  endfacet
  facet normal 7.68983e-07 -0.707107 0.707107
    outer loop
      vertex 94.8427 23.6881 8.45478
      vertex 75.5244 25.6195 10.3862
      vertex 75.5938 25.475 10.2417
    endloop
  endfacet
  facet normal 0 -0.70711 0.707103
    outer loop
      vertex 75.5244 25.6195 10.3862
      vertex 94.8427 23.6881 8.45478
      vertex 96.4756 25.6195 10.3862
    endloop
  endfacet
  facet normal 7.54393e-07 -0.707107 0.707107
    outer loop
      vertex 94.8427 23.6881 8.45478
      vertex 75.5938 25.475 10.2417
      vertex 75.6359 25.3253 10.092
    endloop
  endfacet
  facet normal -2.00516e-05 -0.707102 0.707112
    outer loop
      vertex 96.4756 25.6195 10.3862
      vertex 94.8427 23.6881 8.45478
      vertex 96.4062 25.475 10.2417
    endloop
  endfacet
  facet normal 7.42166e-07 -0.707107 0.707107
    outer loop
      vertex 94.8427 23.6881 8.45478
      vertex 75.6359 25.3253 10.092
      vertex 75.65 25.173 9.9397
    endloop
  endfacet
  facet normal -1.33295e-05 -0.707105 0.707109
    outer loop
      vertex 96.4062 25.475 10.2417
      vertex 94.8427 23.6881 8.45478
      vertex 96.3641 25.3253 10.092
    endloop
  endfacet
  facet normal 4.29828e-06 -0.707084 0.70713
    outer loop
      vertex 94.8427 23.6881 8.45478
      vertex 75.65 25.173 9.9397
      vertex 75.6359 25.0207 9.78741
    endloop
  endfacet
  facet normal -1.0324e-05 -0.707106 0.707107
    outer loop
      vertex 96.3641 25.3253 10.092
      vertex 94.8427 23.6881 8.45478
      vertex 96.35 25.173 9.9397
    endloop
  endfacet
  facet normal 7.51285e-06 -0.707061 0.707153
    outer loop
      vertex 94.8427 23.6881 8.45478
      vertex 75.6359 25.0207 9.78741
      vertex 75.5938 24.871 9.63773
    endloop
  endfacet
  facet normal -5.05154e-05 -0.707086 0.707128
    outer loop
      vertex 96.35 25.173 9.9397
      vertex 94.8427 23.6881 8.45478
      vertex 96.3641 25.0207 9.78741
    endloop
  endfacet
  facet normal -4.05757e-06 -0.707155 0.707059
    outer loop
      vertex 94.8427 23.6881 8.45478
      vertex 75.5938 24.871 9.63773
      vertex 75.5244 24.7265 9.49321
    endloop
  endfacet
  facet normal -7.75835e-05 -0.70707 0.707143
    outer loop
      vertex 96.3641 25.0207 9.78741
      vertex 94.8427 23.6881 8.45478
      vertex 96.4062 24.871 9.63773
    endloop
  endfacet
  facet normal 6.4109e-06 -0.707057 0.707156
    outer loop
      vertex 94.8427 23.6881 8.45478
      vertex 75.5244 24.7265 9.49321
      vertex 75.4289 24.5896 9.35633
    endloop
  endfacet
  facet normal 3.77224e-05 -0.707147 0.707067
    outer loop
      vertex 96.4062 24.871 9.63773
      vertex 94.8427 23.6881 8.45478
      vertex 96.4756 24.7265 9.49321
    endloop
  endfacet
  facet normal 4.22349e-06 -0.707081 0.707133
    outer loop
      vertex 94.8427 23.6881 8.45478
      vertex 75.4289 24.5896 9.35633
      vertex 75.309 24.4627 9.22944
    endloop
  endfacet
  facet normal 4.77473e-05 -0.707155 0.707059
    outer loop
      vertex 94.9853 23.5373 8.30395
      vertex 96.4756 24.7265 9.49321
      vertex 94.8427 23.6881 8.45478
    endloop
  endfacet
  facet normal -7.2487e-06 -0.707226 0.706988
    outer loop
      vertex 94.8427 23.6881 8.45478
      vertex 75.309 24.4627 9.22944
      vertex 75.1667 24.348 9.1147
    endloop
  endfacet
  facet normal -6.79691e-05 -0.707082 0.707132
    outer loop
      vertex 95.313 23.273 8.0397
      vertex 96.4756 24.7265 9.49321
      vertex 94.9853 23.5373 8.30395
    endloop
  endfacet
  facet normal -6.02658e-06 -0.707207 0.707006
    outer loop
      vertex 94.8427 23.6881 8.45478
      vertex 75.1667 24.348 9.1147
      vertex 75.0045 24.2474 9.01407
    endloop
  endfacet
  facet normal -7.22371e-05 -0.70708 0.707133
    outer loop
      vertex 96.4756 24.7265 9.49321
      vertex 95.313 23.273 8.0397
      vertex 96.5711 24.5896 9.35633
    endloop
  endfacet
  facet normal 1.88223e-06 -0.707067 0.707146
    outer loop
      vertex 94.8427 23.6881 8.45478
      vertex 75.0045 24.2474 9.01407
      vertex 74.825 24.1626 8.92928
    endloop
  endfacet
  facet normal -3.77997e-05 -0.707097 0.707117
    outer loop
      vertex 96.5711 24.5896 9.35633
      vertex 95.313 23.273 8.0397
      vertex 96.691 24.4627 9.22944
    endloop
  endfacet
  facet normal 3.5361e-16 -0.707107 0.707107
    outer loop
      vertex 94.8427 23.6881 8.45478
      vertex 74.825 24.1626 8.92928
      vertex 74.6314 24.0951 8.86178
    endloop
  endfacet
  facet normal 4.64826e-05 -0.707146 0.707068
    outer loop
      vertex 95.6867 23.0413 7.80795
      vertex 96.691 24.4627 9.22944
      vertex 95.313 23.273 8.0397
    endloop
  endfacet
  facet normal 1.33849e-05 -0.706774 0.707439
    outer loop
      vertex 94.8427 23.6881 8.45478
      vertex 74.6314 24.0951 8.86178
      vertex 74.427 24.046 8.81273
    endloop
  endfacet
  facet normal 0.000103639 -0.707166 0.707048
    outer loop
      vertex 96.691 24.4627 9.22944
      vertex 95.6867 23.0413 7.80795
      vertex 96.8333 24.348 9.1147
    endloop
  endfacet
  facet normal -2.81093e-05 -0.707957 0.706255
    outer loop
      vertex 94.8427 23.6881 8.45478
      vertex 74.427 24.046 8.81273
      vertex 74.2154 24.0163 8.78295
    endloop
  endfacet
  facet normal -4.53206e-05 -0.7071 0.707113
    outer loop
      vertex 96.1 22.846 7.61268
      vertex 96.8333 24.348 9.1147
      vertex 95.6867 23.0413 7.80795
    endloop
  endfacet
  facet normal 1.60043e-05 -0.706571 0.707642
    outer loop
      vertex 94.8427 23.6881 8.45478
      vertex 74.2154 24.0163 8.78295
      vertex 74 24.0063 8.77297
    endloop
  endfacet
  facet normal 0.000982394 -0.707351 0.706862
    outer loop
      vertex 96.1184 22.8396 7.60625
      vertex 96.8333 24.348 9.1147
      vertex 96.1 22.846 7.61268
    endloop
  endfacet
  facet normal 0 -0.707103 0.70711
    outer loop
      vertex 55 41.4365 26.2032
      vertex 60 51.336 36.1026
      vertex 55 51.336 36.1026
    endloop
  endfacet
  facet normal 0 -0.707103 0.70711
    outer loop
      vertex 60 51.336 36.1026
      vertex 55 41.4365 26.2032
      vertex 60 41.4365 26.2032
    endloop
  endfacet
  facet normal 0 -0.707103 0.70711
    outer loop
      vertex 48 41.4365 26.2032
      vertex 53 51.336 36.1026
      vertex 48 51.336 36.1026
    endloop
  endfacet
  facet normal 0 -0.707103 0.70711
    outer loop
      vertex 53 51.336 36.1026
      vertex 48 41.4365 26.2032
      vertex 53 41.4365 26.2032
    endloop
  endfacet
  facet normal 0 -0.707103 0.70711
    outer loop
      vertex 41 41.4365 26.2032
      vertex 46 51.336 36.1026
      vertex 41 51.336 36.1026
    endloop
  endfacet
  facet normal 0 -0.707103 0.70711
    outer loop
      vertex 46 51.336 36.1026
      vertex 41 41.4365 26.2032
      vertex 46 41.4365 26.2032
    endloop
  endfacet
  facet normal 0 -0.707103 0.70711
    outer loop
      vertex 34 41.4365 26.2032
      vertex 39 51.336 36.1026
      vertex 34 51.336 36.1026
    endloop
  endfacet
  facet normal 0 -0.707103 0.70711
    outer loop
      vertex 39 51.336 36.1026
      vertex 34 41.4365 26.2032
      vertex 39 41.4365 26.2032
    endloop
  endfacet
  facet normal 0 -0.707103 0.70711
    outer loop
      vertex 27 41.4365 26.2032
      vertex 32 51.336 36.1026
      vertex 27 51.336 36.1026
    endloop
  endfacet
  facet normal 0 -0.707103 0.70711
    outer loop
      vertex 32 51.336 36.1026
      vertex 27 41.4365 26.2032
      vertex 32 41.4365 26.2032
    endloop
  endfacet
  facet normal 0 -0.707103 0.70711
    outer loop
      vertex 20 41.4365 26.2032
      vertex 25 51.336 36.1026
      vertex 20 51.336 36.1026
    endloop
  endfacet
  facet normal 0 -0.707103 0.70711
    outer loop
      vertex 25 51.336 36.1026
      vertex 20 41.4365 26.2032
      vertex 25 41.4365 26.2032
    endloop
  endfacet
  facet normal 0 -0.707107 0.707107
    outer loop
      vertex 74.6314 60.8991 45.6658
      vertex 77.1573 61.3062 46.0729
      vertex 74.427 60.9482 45.7149
    endloop
  endfacet
  facet normal 0 -0.707107 0.707107
    outer loop
      vertex 98.2154 60.978 45.7447
      vertex 100.252 61.982 46.7487
      vertex 98 60.988 45.7547
    endloop
  endfacet
  facet normal 0 -0.707107 0.707107
    outer loop
      vertex 74.825 60.8316 45.5983
      vertex 77.1573 61.3062 46.0729
      vertex 74.6314 60.8991 45.6658
    endloop
  endfacet
  facet normal 0 -0.707107 0.707107
    outer loop
      vertex 96.1185 62.1547 46.9214
      vertex 97.573 60.9482 45.7149
      vertex 97.7846 60.978 45.7447
    endloop
  endfacet
  facet normal 0 -0.707107 0.707107
    outer loop
      vertex 75.0045 60.7469 45.5136
      vertex 77.1573 61.3062 46.0729
      vertex 74.825 60.8316 45.5983
    endloop
  endfacet
  facet normal 0 -0.707107 0.707107
    outer loop
      vertex 96.1185 62.1547 46.9214
      vertex 97.3686 60.8991 45.6658
      vertex 97.573 60.9482 45.7149
    endloop
  endfacet
  facet normal 0 -0.707107 0.707107
    outer loop
      vertex 75.1667 60.6462 45.4129
      vertex 77.1573 61.3062 46.0729
      vertex 75.0045 60.7469 45.5136
    endloop
  endfacet
  facet normal 0 -0.707107 0.707107
    outer loop
      vertex 96.1185 62.1547 46.9214
      vertex 97.175 60.8316 45.5983
      vertex 97.3686 60.8991 45.6658
    endloop
  endfacet
  facet normal 0 -0.707107 0.707107
    outer loop
      vertex 75.309 60.5315 45.2982
      vertex 77.1573 61.3062 46.0729
      vertex 75.1667 60.6462 45.4129
    endloop
  endfacet
  facet normal 0 -0.707107 0.707107
    outer loop
      vertex 96.1185 62.1547 46.9214
      vertex 96.9955 60.7469 45.5136
      vertex 97.175 60.8316 45.5983
    endloop
  endfacet
  facet normal 0 -0.707107 0.707107
    outer loop
      vertex 75.4289 60.4046 45.1713
      vertex 77.1573 61.3062 46.0729
      vertex 75.309 60.5315 45.2982
    endloop
  endfacet
  facet normal 0 -0.707107 0.707107
    outer loop
      vertex 96.1185 62.1547 46.9214
      vertex 96.8333 60.6462 45.4129
      vertex 96.9955 60.7469 45.5136
    endloop
  endfacet
  facet normal 0 -0.707107 0.707107
    outer loop
      vertex 75.5244 60.2677 45.0344
      vertex 77.1573 61.3062 46.0729
      vertex 75.4289 60.4046 45.1713
    endloop
  endfacet
  facet normal 0 -0.707107 0.707107
    outer loop
      vertex 95.6867 61.953 46.7197
      vertex 96.691 60.5315 45.2982
      vertex 96.8333 60.6462 45.4129
    endloop
  endfacet
  facet normal 0 -0.707107 0.707107
    outer loop
      vertex 75.5938 60.1232 44.8899
      vertex 77.1573 61.3062 46.0729
      vertex 75.5244 60.2677 45.0344
    endloop
  endfacet
  facet normal 0 -0.707107 0.707107
    outer loop
      vertex 95.313 61.7212 46.4879
      vertex 96.5711 60.4046 45.1713
      vertex 96.691 60.5315 45.2982
    endloop
  endfacet
  facet normal 0 -0.707107 0.707107
    outer loop
      vertex 75.6359 59.9735 44.7402
      vertex 77.1573 61.3062 46.0729
      vertex 75.5938 60.1232 44.8899
    endloop
  endfacet
  facet normal 0 -0.707107 0.707107
    outer loop
      vertex 95.313 61.7212 46.4879
      vertex 96.4756 60.2677 45.0344
      vertex 96.5711 60.4046 45.1713
    endloop
  endfacet
  facet normal 0 -0.707107 0.707107
    outer loop
      vertex 75.65 59.8212 44.5879
      vertex 77.1573 61.3062 46.0729
      vertex 75.6359 59.9735 44.7402
    endloop
  endfacet
  facet normal 0 -0.707107 0.707107
    outer loop
      vertex 94.8427 61.3062 46.0729
      vertex 96.4062 60.1232 44.8899
      vertex 96.4756 60.2677 45.0344
    endloop
  endfacet
  facet normal 0 -0.707107 0.707107
    outer loop
      vertex 75.6359 59.6689 44.4356
      vertex 77.1573 61.3062 46.0729
      vertex 75.65 59.8212 44.5879
    endloop
  endfacet
  facet normal 0 -0.707107 0.707107
    outer loop
      vertex 94.8427 61.3062 46.0729
      vertex 96.3641 59.9735 44.7402
      vertex 96.4062 60.1232 44.8899
    endloop
  endfacet
  facet normal 0 -0.707107 0.707107
    outer loop
      vertex 75.5938 59.5193 44.286
      vertex 77.1573 61.3062 46.0729
      vertex 75.6359 59.6689 44.4356
    endloop
  endfacet
  facet normal 0 -0.707107 0.707107
    outer loop
      vertex 94.8427 61.3062 46.0729
      vertex 96.35 59.8212 44.5879
      vertex 96.3641 59.9735 44.7402
    endloop
  endfacet
  facet normal 0 -0.707107 0.707107
    outer loop
      vertex 75.5244 59.3747 44.1414
      vertex 77.1573 61.3062 46.0729
      vertex 75.5938 59.5193 44.286
    endloop
  endfacet
  facet normal 0 -0.707107 0.707107
    outer loop
      vertex 94.8427 61.3062 46.0729
      vertex 96.3641 59.6689 44.4356
      vertex 96.35 59.8212 44.5879
    endloop
  endfacet
  facet normal 0 -0.707107 0.707107
    outer loop
      vertex 77.1573 61.3062 46.0729
      vertex 75.5244 59.3747 44.1414
      vertex 94.8427 61.3062 46.0729
    endloop
  endfacet
  facet normal 0 -0.707107 0.707107
    outer loop
      vertex 94.8427 61.3062 46.0729
      vertex 96.4062 59.5193 44.286
      vertex 96.3641 59.6689 44.4356
    endloop
  endfacet
  facet normal 0 -0.707107 0.707107
    outer loop
      vertex 96.4756 59.3747 44.1414
      vertex 94.8427 61.3062 46.0729
      vertex 75.5244 59.3747 44.1414
    endloop
  endfacet
  facet normal 0 -0.707107 0.707107
    outer loop
      vertex 94.8427 61.3062 46.0729
      vertex 96.4756 59.3747 44.1414
      vertex 96.4062 59.5193 44.286
    endloop
  endfacet
  facet normal 0 -0.707107 0.707107
    outer loop
      vertex 75.4289 59.2379 44.0046
      vertex 96.4756 59.3747 44.1414
      vertex 75.5244 59.3747 44.1414
    endloop
  endfacet
  facet normal 0 -0.707107 0.707107
    outer loop
      vertex 75.4289 59.2379 44.0046
      vertex 96.5711 59.2379 44.0046
      vertex 96.4756 59.3747 44.1414
    endloop
  endfacet
  facet normal 0 -0.707107 0.707107
    outer loop
      vertex 75.309 59.111 43.8777
      vertex 96.5711 59.2379 44.0046
      vertex 75.4289 59.2379 44.0046
    endloop
  endfacet
  facet normal 0 -0.707107 0.707107
    outer loop
      vertex 75.309 59.111 43.8777
      vertex 96.691 59.111 43.8777
      vertex 96.5711 59.2379 44.0046
    endloop
  endfacet
  facet normal 0 -0.707107 0.707107
    outer loop
      vertex 75.1667 58.9962 43.7629
      vertex 96.691 59.111 43.8777
      vertex 75.309 59.111 43.8777
    endloop
  endfacet
  facet normal 0 -0.707107 0.707107
    outer loop
      vertex 75.1667 58.9962 43.7629
      vertex 96.8333 58.9962 43.7629
      vertex 96.691 59.111 43.8777
    endloop
  endfacet
  facet normal 0 -0.707107 0.707107
    outer loop
      vertex 96.8333 25.998 10.7647
      vertex 75.1667 58.9962 43.7629
      vertex 75.0045 58.8956 43.6623
    endloop
  endfacet
  facet normal 0 -0.707107 0.707107
    outer loop
      vertex 75.1667 58.9962 43.7629
      vertex 96.8333 25.998 10.7647
      vertex 96.8333 58.9962 43.7629
    endloop
  endfacet
  facet normal 0 -0.707107 0.707107
    outer loop
      vertex 96.8333 25.998 10.7647
      vertex 75.0045 58.8956 43.6623
      vertex 74.825 58.8108 43.5775
    endloop
  endfacet
  facet normal -1.17339e-16 -0.707107 0.707107
    outer loop
      vertex 96.8333 58.9962 43.7629
      vertex 96.8333 25.998 10.7647
      vertex 96.9955 58.8956 43.6623
    endloop
  endfacet
  facet normal -2.05123e-14 -0.707107 0.707107
    outer loop
      vertex 96.8333 25.998 10.7647
      vertex 74.825 58.8108 43.5775
      vertex 74.6314 58.7433 43.51
    endloop
  endfacet
  facet normal 1.18059e-16 -0.707107 0.707107
    outer loop
      vertex 96.9955 26.0986 10.8653
      vertex 96.9955 58.8956 43.6623
      vertex 96.8333 25.998 10.7647
    endloop
  endfacet
  facet normal 2.06627e-14 -0.707107 0.707107
    outer loop
      vertex 96.8333 25.998 10.7647
      vertex 74.6314 58.7433 43.51
      vertex 74.427 58.6943 43.461
    endloop
  endfacet
  facet normal -1.06681e-16 -0.707107 0.707107
    outer loop
      vertex 96.9955 58.8956 43.6623
      vertex 96.9955 26.0986 10.8653
      vertex 97.175 58.8108 43.5775
    endloop
  endfacet
  facet normal -2.11933e-14 -0.707107 0.707107
    outer loop
      vertex 96.8333 25.998 10.7647
      vertex 74.427 58.6943 43.461
      vertex 74.2154 58.6645 43.4312
    endloop
  endfacet
  facet normal -1.40478e-14 -0.707107 0.707107
    outer loop
      vertex 97.175 26.1834 10.9501
      vertex 97.175 58.8108 43.5775
      vertex 96.9955 26.0986 10.8653
    endloop
  endfacet
  facet normal 2.21379e-14 -0.707107 0.707107
    outer loop
      vertex 96.8333 25.998 10.7647
      vertex 74.2154 58.6645 43.4312
      vertex 74 58.6545 43.4212
    endloop
  endfacet
  facet normal 0 -0.707107 0.707107
    outer loop
      vertex 97.175 58.8108 43.5775
      vertex 97.175 26.1834 10.9501
      vertex 97.3686 58.7433 43.51
    endloop
  endfacet
  facet normal 0 -0.707107 0.707107
    outer loop
      vertex 99.1667 60.6462 45.4129
      vertex 100.252 61.982 46.7487
      vertex 99.0045 60.7469 45.5136
    endloop
  endfacet
  facet normal 0 -0.707107 0.707107
    outer loop
      vertex 99.309 60.5315 45.2982
      vertex 100.252 61.982 46.7487
      vertex 99.1667 60.6462 45.4129
    endloop
  endfacet
  facet normal 0 -0.707107 0.707107
    outer loop
      vertex 100.252 61.982 46.7487
      vertex 99.309 60.5315 45.2982
      vertex 100.313 61.953 46.7197
    endloop
  endfacet
  facet normal 0 -0.707107 0.707107
    outer loop
      vertex 100.313 61.953 46.7197
      vertex 99.309 60.5315 45.2982
      vertex 100.687 61.7212 46.4879
    endloop
  endfacet
  facet normal 0 -0.707107 0.707107
    outer loop
      vertex 99.4289 60.4046 45.1713
      vertex 100.687 61.7212 46.4879
      vertex 99.309 60.5315 45.2982
    endloop
  endfacet
  facet normal 0 -0.707107 0.707107
    outer loop
      vertex 99.5244 60.2677 45.0344
      vertex 100.687 61.7212 46.4879
      vertex 99.4289 60.4046 45.1713
    endloop
  endfacet
  facet normal 0 -0.707107 0.707107
    outer loop
      vertex 100.687 61.7212 46.4879
      vertex 99.5244 60.2677 45.0344
      vertex 101.015 61.457 46.2237
    endloop
  endfacet
  facet normal 0.000740754 -0.707571 0.706642
    outer loop
      vertex 101.015 61.457 46.2237
      vertex 99.5244 60.2677 45.0344
      vertex 101.056 61.4136 46.1802
    endloop
  endfacet
  facet normal 3.39641e-05 -0.707099 0.707115
    outer loop
      vertex 99.5938 60.1232 44.8899
      vertex 101.056 61.4136 46.1802
      vertex 99.5244 60.2677 45.0344
    endloop
  endfacet
  facet normal 3.87438e-05 -0.707101 0.707112
    outer loop
      vertex 99.6359 59.9735 44.7402
      vertex 101.056 61.4136 46.1802
      vertex 99.5938 60.1232 44.8899
    endloop
  endfacet
  facet normal -1.71749e-05 -0.707095 0.707118
    outer loop
      vertex 104 60.5283 45.295
      vertex 101.056 61.4136 46.1802
      vertex 101.3 58.4908 43.2575
    endloop
  endfacet
  facet normal -2.54139e-05 -0.70711 0.707103
    outer loop
      vertex 101.056 61.4136 46.1802
      vertex 103.957 60.9898 45.7565
      vertex 103.83 61.4434 46.2101
    endloop
  endfacet
  facet normal 4.55193e-05 -0.707105 0.707109
    outer loop
      vertex 99.65 59.8212 44.5879
      vertex 101.056 61.4136 46.1802
      vertex 99.6359 59.9735 44.7402
    endloop
  endfacet
  facet normal 2.09149e-05 -0.707094 0.70712
    outer loop
      vertex 101.056 61.4136 46.1802
      vertex 99.65 59.8212 44.5879
      vertex 101.3 58.4908 43.2575
    endloop
  endfacet
  facet normal 0 -0.707107 0.707107
    outer loop
      vertex 101.3 58.4908 43.2575
      vertex 99.65 59.8212 44.5879
      vertex 99.6359 59.6689 44.4356
    endloop
  endfacet
  facet normal 0 -0.707107 0.707107
    outer loop
      vertex 101.3 58.4908 43.2575
      vertex 99.6359 59.6689 44.4356
      vertex 99.5938 59.5193 44.286
    endloop
  endfacet
  facet normal 0 -0.707107 0.707107
    outer loop
      vertex 101.3 58.4908 43.2575
      vertex 99.5938 59.5193 44.286
      vertex 99.5244 59.3747 44.1414
    endloop
  endfacet
  facet normal 0 -0.707107 0.707107
    outer loop
      vertex 101.3 58.4908 43.2575
      vertex 99.5244 59.3747 44.1414
      vertex 99.4289 59.2379 44.0046
    endloop
  endfacet
  facet normal 0 -0.707107 0.707107
    outer loop
      vertex 101.3 58.4908 43.2575
      vertex 99.4289 59.2379 44.0046
      vertex 99.309 59.111 43.8777
    endloop
  endfacet
  facet normal 0 -0.707107 0.707107
    outer loop
      vertex 101.3 58.4908 43.2575
      vertex 99.309 59.111 43.8777
      vertex 99.1667 58.9962 43.7629
    endloop
  endfacet
  facet normal 0 -0.707107 0.707107
    outer loop
      vertex 101.3 58.4908 43.2575
      vertex 99.1667 58.9962 43.7629
      vertex 99.0045 58.8956 43.6623
    endloop
  endfacet
  facet normal 0 -0.707107 0.707107
    outer loop
      vertex 101.3 58.4908 43.2575
      vertex 99.0045 58.8956 43.6623
      vertex 98.825 58.8108 43.5775
    endloop
  endfacet
  facet normal 0 -0.707107 0.707107
    outer loop
      vertex 101.3 58.4908 43.2575
      vertex 98.825 58.8108 43.5775
      vertex 98.6314 58.7433 43.51
    endloop
  endfacet
  facet normal 0 -0.707107 0.707107
    outer loop
      vertex 101.3 58.4908 43.2575
      vertex 98.2154 58.6645 43.4312
      vertex 98 58.6545 43.4212
    endloop
  endfacet
  facet normal 0 -0.707107 0.707107
    outer loop
      vertex 101.3 58.4908 43.2575
      vertex 98.427 58.6943 43.461
      vertex 98.2154 58.6645 43.4312
    endloop
  endfacet
  facet normal 0 -0.707107 0.707107
    outer loop
      vertex 101.3 58.4908 43.2575
      vertex 98.6314 58.7433 43.51
      vertex 98.427 58.6943 43.461
    endloop
  endfacet
  facet normal -2.47109e-05 -0.707108 0.707106
    outer loop
      vertex 101.056 61.4136 46.1802
      vertex 104 60.5283 45.295
      vertex 103.957 60.9898 45.7565
    endloop
  endfacet
  facet normal 0 -0.707107 0.707107
    outer loop
      vertex 101.3 26.5035 11.2702
      vertex 104 60.5283 45.295
      vertex 101.3 58.4908 43.2575
    endloop
  endfacet
  facet normal -9.27595e-15 -0.707107 0.707107
    outer loop
      vertex 98.825 26.1834 10.9501
      vertex 100.1 27.4055 12.1722
      vertex 98.6314 26.2509 11.0176
    endloop
  endfacet
  facet normal 9.70859e-15 -0.707107 0.707107
    outer loop
      vertex 99.0045 26.0986 10.8653
      vertex 100.1 27.4055 12.1722
      vertex 98.825 26.1834 10.9501
    endloop
  endfacet
  facet normal -3.65493e-16 -0.707107 0.707107
    outer loop
      vertex 99.1667 25.998 10.7647
      vertex 100.1 27.4055 12.1722
      vertex 99.0045 26.0986 10.8653
    endloop
  endfacet
  facet normal -1.20055e-14 -0.707107 0.707107
    outer loop
      vertex 99.309 25.8833 10.65
      vertex 100.1 27.4055 12.1722
      vertex 99.1667 25.998 10.7647
    endloop
  endfacet
  facet normal 2.91505e-16 -0.707107 0.707107
    outer loop
      vertex 100.1 27.4055 12.1722
      vertex 99.309 25.8833 10.65
      vertex 100.313 27.3047 12.0714
    endloop
  endfacet
  facet normal 3.59533e-16 -0.707107 0.707107
    outer loop
      vertex 100.313 27.3047 12.0714
      vertex 99.309 25.8833 10.65
      vertex 100.687 27.073 11.8397
    endloop
  endfacet
  facet normal 5.19222e-15 -0.707107 0.707107
    outer loop
      vertex 99.4289 25.7564 10.5231
      vertex 100.687 27.073 11.8397
      vertex 99.309 25.8833 10.65
    endloop
  endfacet
  facet normal -5.53278e-15 -0.707107 0.707107
    outer loop
      vertex 99.5244 25.6195 10.3862
      vertex 100.687 27.073 11.8397
      vertex 99.4289 25.7564 10.5231
    endloop
  endfacet
  facet normal 2.75359e-15 -0.707107 0.707107
    outer loop
      vertex 100.687 27.073 11.8397
      vertex 99.5244 25.6195 10.3862
      vertex 101.015 26.8087 11.5754
    endloop
  endfacet
  facet normal -2.76894e-15 -0.707107 0.707107
    outer loop
      vertex 101.015 26.8087 11.5754
      vertex 99.5244 25.6195 10.3862
      vertex 101.3 26.5035 11.2702
    endloop
  endfacet
  facet normal 6.97575e-15 -0.707107 0.707107
    outer loop
      vertex 99.5938 25.475 10.2417
      vertex 101.3 26.5035 11.2702
      vertex 99.5244 25.6195 10.3862
    endloop
  endfacet
  facet normal -9.92089e-15 -0.707107 0.707107
    outer loop
      vertex 99.6359 25.3253 10.092
      vertex 101.3 26.5035 11.2702
      vertex 99.5938 25.475 10.2417
    endloop
  endfacet
  facet normal 0 -0.707107 0.707107
    outer loop
      vertex 99.65 25.173 9.9397
      vertex 101.3 26.5035 11.2702
      vertex 99.6359 25.3253 10.092
    endloop
  endfacet
  facet normal -4.04601e-05 -0.707082 0.707132
    outer loop
      vertex 99.6359 25.0207 9.78741
      vertex 101.3 26.5035 11.2702
      vertex 99.65 25.173 9.9397
    endloop
  endfacet
  facet normal -0.000106664 -0.707045 0.707169
    outer loop
      vertex 99.5938 24.871 9.63773
      vertex 101.3 26.5035 11.2702
      vertex 99.6359 25.0207 9.78741
    endloop
  endfacet
  facet normal -1.62651e-05 -0.707152 0.707062
    outer loop
      vertex 103.957 24.0044 8.77112
      vertex 99.5938 24.871 9.63773
      vertex 99.5244 24.7265 9.49321
    endloop
  endfacet
  facet normal 1.36799e-05 -0.70706 0.707154
    outer loop
      vertex 103.957 24.0044 8.77112
      vertex 99.5244 24.7265 9.49321
      vertex 99.4289 24.5896 9.35633
    endloop
  endfacet
  facet normal 2.47094e-06 -0.707107 0.707107
    outer loop
      vertex 101.3 26.5035 11.2702
      vertex 104 24.4659 9.23259
      vertex 104 60.5283 45.295
    endloop
  endfacet
  facet normal 3.47928e-06 -0.707102 0.707111
    outer loop
      vertex 99.5938 24.871 9.63773
      vertex 103.957 24.0044 8.77112
      vertex 101.3 26.5035 11.2702
    endloop
  endfacet
  facet normal 7.80959e-06 -0.707083 0.707131
    outer loop
      vertex 103.957 24.0044 8.77112
      vertex 99.4289 24.5896 9.35633
      vertex 99.309 24.4627 9.22944
    endloop
  endfacet
  facet normal -1.89504e-05 -0.707218 0.706995
    outer loop
      vertex 103.957 24.0044 8.77112
      vertex 99.309 24.4627 9.22944
      vertex 99.1667 24.348 9.1147
    endloop
  endfacet
  facet normal -1.62013e-05 -0.707199 0.707014
    outer loop
      vertex 103.957 24.0044 8.77112
      vertex 99.1667 24.348 9.1147
      vertex 99.0045 24.2474 9.01407
    endloop
  endfacet
  facet normal -2.76094e-06 -0.707062 0.707151
    outer loop
      vertex 103.957 24.0044 8.77112
      vertex 99.0045 24.2474 9.01407
      vertex 98.825 24.1626 8.92928
    endloop
  endfacet
  facet normal -5.06371e-06 -0.7071 0.707114
    outer loop
      vertex 103.957 24.0044 8.77112
      vertex 98.825 24.1626 8.92928
      vertex 98.6314 24.0951 8.86178
    endloop
  endfacet
  facet normal 6.49533e-06 -0.70676 0.707453
    outer loop
      vertex 103.957 24.0044 8.77112
      vertex 98.6314 24.0951 8.86178
      vertex 98.427 24.046 8.81273
    endloop
  endfacet
  facet normal -1.23697e-05 -0.708013 0.706199
    outer loop
      vertex 103.957 24.0044 8.77112
      vertex 98.427 24.046 8.81273
      vertex 98.2154 24.0163 8.78295
    endloop
  endfacet
  facet normal 3.48578e-05 -0.707085 0.707128
    outer loop
      vertex 101.3 26.5035 11.2702
      vertex 103.957 24.0044 8.77112
      vertex 104 24.4659 9.23259
    endloop
  endfacet
  facet normal -5.45251e-06 -0.70634 0.707873
    outer loop
      vertex 103.957 24.0044 8.77112
      vertex 98.2154 24.0163 8.78295
      vertex 98 24.0063 8.77297
    endloop
  endfacet
  facet normal 0 -0.70711 0.707103
    outer loop
      vertex 4.9 61.3062 46.0729
      vertex 20 51.336 36.1026
      vertex 25 51.336 36.1026
    endloop
  endfacet
  facet normal 0 -0.70711 0.707103
    outer loop
      vertex 4.9 61.3062 46.0729
      vertex 25 51.336 36.1026
      vertex 27 51.336 36.1026
    endloop
  endfacet
  facet normal 0 -0.70711 0.707103
    outer loop
      vertex 4.9 61.3062 46.0729
      vertex 27 51.336 36.1026
      vertex 32 51.336 36.1026
    endloop
  endfacet
  facet normal 0 -0.70711 0.707103
    outer loop
      vertex 4.9 61.3062 46.0729
      vertex 32 51.336 36.1026
      vertex 34 51.336 36.1026
    endloop
  endfacet
  facet normal 0 -0.70711 0.707103
    outer loop
      vertex 4.9 61.3062 46.0729
      vertex 34 51.336 36.1026
      vertex 39 51.336 36.1026
    endloop
  endfacet
  facet normal 0 -0.70711 0.707103
    outer loop
      vertex 62 51.336 36.1026
      vertex 70.8427 61.3062 46.0729
      vertex 60 51.336 36.1026
    endloop
  endfacet
  facet normal -3.04996e-06 -0.707109 0.707104
    outer loop
      vertex 72.8333 58.9962 43.7629
      vertex 62 51.336 36.1026
      vertex 72.9955 58.8956 43.6623
    endloop
  endfacet
  facet normal -2.61917e-06 -0.70711 0.707104
    outer loop
      vertex 72.9955 58.8956 43.6623
      vertex 62 51.336 36.1026
      vertex 73.175 58.8108 43.5775
    endloop
  endfacet
  facet normal -2.16811e-06 -0.70711 0.707104
    outer loop
      vertex 73.175 58.8108 43.5775
      vertex 62 51.336 36.1026
      vertex 73.3686 58.7433 43.51
    endloop
  endfacet
  facet normal -1.67292e-06 -0.70711 0.707103
    outer loop
      vertex 73.3686 58.7433 43.51
      vertex 62 51.336 36.1026
      vertex 73.573 58.6943 43.461
    endloop
  endfacet
  facet normal -4.16824e-07 -0.707111 0.707102
    outer loop
      vertex 73.7846 58.6645 43.4312
      vertex 62 51.336 36.1026
      vertex 74 58.6545 43.4212
    endloop
  endfacet
  facet normal -1.02489e-05 -0.707103 0.70711
    outer loop
      vertex 62 41.4365 26.2032
      vertex 74 58.6545 43.4212
      vertex 62 51.336 36.1026
    endloop
  endfacet
  facet normal 0 -0.707107 0.707107
    outer loop
      vertex 98 58.6545 43.4212
      vertex 100.313 57.6895 42.4562
      vertex 100.687 57.9212 42.6879
    endloop
  endfacet
  facet normal -1.00558e-16 -0.707107 0.707107
    outer loop
      vertex 74.6314 26.2509 11.0176
      vertex 74 58.6545 43.4212
      vertex 62 41.4365 26.2032
    endloop
  endfacet
  facet normal 3.37629e-16 -0.707107 0.707107
    outer loop
      vertex 45.97 25.173 9.9397
      vertex 60 41.4365 26.2032
      vertex 45.97 33.6583 18.425
    endloop
  endfacet
  facet normal -1.47039e-18 -0.707107 0.707107
    outer loop
      vertex 72.3641 25.3253 10.092
      vertex 60 41.4365 26.2032
      vertex 45.97 25.173 9.9397
    endloop
  endfacet
  facet normal -2.21352e-17 -0.707107 0.707107
    outer loop
      vertex 73.7846 26.3297 11.0964
      vertex 62 41.4365 26.2032
      vertex 73.573 26.3 11.0667
    endloop
  endfacet
  facet normal 2.77029e-17 -0.707107 0.707107
    outer loop
      vertex 74.427 26.3 11.0667
      vertex 62 41.4365 26.2032
      vertex 74.2154 26.3297 11.0964
    endloop
  endfacet
  facet normal 0 -0.707107 0.707107
    outer loop
      vertex 100.1 57.5887 42.3554
      vertex 98 26.3397 11.1064
      vertex 100.1 27.4055 12.1722
    endloop
  endfacet
  facet normal 0 -0.707107 0.707107
    outer loop
      vertex 98.2154 26.3297 11.0964
      vertex 100.1 27.4055 12.1722
      vertex 98 26.3397 11.1064
    endloop
  endfacet
  facet normal 0 -0.707107 0.707107
    outer loop
      vertex 98.427 26.3 11.0667
      vertex 100.1 27.4055 12.1722
      vertex 98.2154 26.3297 11.0964
    endloop
  endfacet
  facet normal 4.50669e-15 -0.707107 0.707107
    outer loop
      vertex 98.6314 26.2509 11.0176
      vertex 100.1 27.4055 12.1722
      vertex 98.427 26.3 11.0667
    endloop
  endfacet
  facet normal 3.68682e-13 -0.707107 0.707107
    outer loop
      vertex 101.015 26.8087 11.5754
      vertex 101.3 26.5035 11.2702
      vertex 101.291 26.5165 11.2832
    endloop
  endfacet
  facet normal 1.25333e-17 -0.707107 0.707107
    outer loop
      vertex 74.2154 26.3297 11.0964
      vertex 62 41.4365 26.2032
      vertex 74 26.3397 11.1064
    endloop
  endfacet
  facet normal -5.82059e-18 -0.707107 0.707107
    outer loop
      vertex 74 26.3397 11.1064
      vertex 62 41.4365 26.2032
      vertex 73.7846 26.3297 11.0964
    endloop
  endfacet
  facet normal 0 -0.707107 0.707107
    outer loop
      vertex 62 41.4365 26.2032
      vertex 73.3686 26.2509 11.0176
      vertex 73.573 26.3 11.0667
    endloop
  endfacet
  facet normal 1.08419e-14 -0.707107 0.707107
    outer loop
      vertex 62 41.4365 26.2032
      vertex 73.175 26.1834 10.9501
      vertex 73.3686 26.2509 11.0176
    endloop
  endfacet
  facet normal -1.09059e-14 -0.707107 0.707107
    outer loop
      vertex 62 41.4365 26.2032
      vertex 72.9955 26.0986 10.8653
      vertex 73.175 26.1834 10.9501
    endloop
  endfacet
  facet normal 0 -0.707107 0.707107
    outer loop
      vertex 62 41.4365 26.2032
      vertex 72.8333 25.998 10.7647
      vertex 72.9955 26.0986 10.8653
    endloop
  endfacet
  facet normal 1.16862e-14 -0.707107 0.707107
    outer loop
      vertex 62 41.4365 26.2032
      vertex 72.691 25.8833 10.65
      vertex 72.8333 25.998 10.7647
    endloop
  endfacet
  facet normal -6.23842e-15 -0.707107 0.707107
    outer loop
      vertex 62 41.4365 26.2032
      vertex 72.5711 25.7564 10.5231
      vertex 72.691 25.8833 10.65
    endloop
  endfacet
  facet normal 6.82502e-15 -0.707107 0.707107
    outer loop
      vertex 62 41.4365 26.2032
      vertex 72.4756 25.6195 10.3862
      vertex 72.5711 25.7564 10.5231
    endloop
  endfacet
  facet normal -1.53917e-14 -0.707107 0.707107
    outer loop
      vertex 62 41.4365 26.2032
      vertex 72.4062 25.475 10.2417
      vertex 72.4756 25.6195 10.3862
    endloop
  endfacet
  facet normal 1.5768e-14 -0.707107 0.707107
    outer loop
      vertex 72.4062 25.475 10.2417
      vertex 60 41.4365 26.2032
      vertex 72.3641 25.3253 10.092
    endloop
  endfacet
  facet normal 0 -0.707107 0.707107
    outer loop
      vertex 60 41.4365 26.2032
      vertex 72.4062 25.475 10.2417
      vertex 62 41.4365 26.2032
    endloop
  endfacet
  facet normal 0 -0.707107 0.707107
    outer loop
      vertex 72.3641 25.3253 10.092
      vertex 45.97 25.173 9.9397
      vertex 72.35 25.173 9.9397
    endloop
  endfacet
  facet normal 0.0655204 0.705608 0.705566
    outer loop
      vertex 99.6526 64.0336 48.8003
      vertex 99 65.7359 47.1585
      vertex 99 64.0639 48.8306
    endloop
  endfacet
  facet normal 0.0653051 0.705576 0.705618
    outer loop
      vertex 99 65.7359 47.1585
      vertex 99.6526 64.0336 48.8003
      vertex 99.6526 65.7057 47.1283
    endloop
  endfacet
  facet normal -0.896867 0.312753 0.312753
    outer loop
      vertex 0.3806 63.5534 44.976
      vertex 0.669861 62.2961 47.0628
      vertex 0.669861 63.9682 45.3907
    endloop
  endfacet
  facet normal -0.896888 0.312713 0.312732
    outer loop
      vertex 0.669861 62.2961 47.0628
      vertex 0.3806 63.5534 44.976
      vertex 0.3806 61.8813 46.648
    endloop
  endfacet
  facet normal -0.831484 0.39282 0.392844
    outer loop
      vertex 0.669861 63.9682 45.3907
      vertex 1.03322 62.6806 47.4473
      vertex 1.03322 64.3527 45.7753
    endloop
  endfacet
  facet normal -0.831451 0.392867 0.392867
    outer loop
      vertex 1.03322 62.6806 47.4473
      vertex 0.669861 63.9682 45.3907
      vertex 0.669861 62.2961 47.0628
    endloop
  endfacet
  facet normal -0.442299 0.634181 0.634181
    outer loop
      vertex 2.5 65.2623 46.6848
      vertex 3.08658 63.7948 48.5614
      vertex 3.08658 65.4668 46.8894
    endloop
  endfacet
  facet normal -0.442299 0.634181 0.634181
    outer loop
      vertex 3.08658 63.7948 48.5614
      vertex 2.5 65.2623 46.6848
      vertex 2.5 63.5902 48.3569
    endloop
  endfacet
  facet normal 0.752013 0.466074 0.466102
    outer loop
      vertex 102.536 63.0283 47.795
      vertex 102.967 64.3527 45.7753
      vertex 102.536 64.7004 46.123
    endloop
  endfacet
  facet normal 0.752013 0.466074 0.466102
    outer loop
      vertex 102.967 64.3527 45.7753
      vertex 102.536 63.0283 47.795
      vertex 102.967 62.6806 47.4473
    endloop
  endfacet
  facet normal 0.55548 -0.587974 -0.587988
    outer loop
      vertex 101.5 23.0761 4.49867
      vertex 102.044 21.661 6.42766
      vertex 101.5 21.404 6.17073
    endloop
  endfacet
  facet normal 0.555405 -0.588026 -0.588005
    outer loop
      vertex 102.044 21.661 6.42766
      vertex 101.5 23.0761 4.49867
      vertex 102.044 23.333 4.7556
    endloop
  endfacet
  facet normal -0.195061 -0.693516 -0.693532
    outer loop
      vertex 3.7059 21.0508 5.81753
      vertex 4.34737 22.6327 4.05525
      vertex 4.34737 20.9606 5.72731
    endloop
  endfacet
  facet normal -0.195061 -0.693516 -0.693532
    outer loop
      vertex 4.34737 22.6327 4.05525
      vertex 3.7059 21.0508 5.81753
      vertex 3.7059 22.7229 4.14547
    endloop
  endfacet
  facet normal 0.897045 -0.312495 -0.312503
    outer loop
      vertex 103.619 23.1129 7.87961
      vertex 103.33 24.3702 5.79276
      vertex 103.619 24.785 6.20755
    endloop
  endfacet
  facet normal 0.897045 -0.312495 -0.312503
    outer loop
      vertex 103.33 24.3702 5.79276
      vertex 103.619 23.1129 7.87961
      vertex 103.33 22.6981 7.46482
    endloop
  endfacet
  facet normal -0.555517 0.587963 0.587963
    outer loop
      vertex 2.5 65.2623 46.6848
      vertex 1.95619 63.3333 48.1
      vertex 2.5 63.5902 48.3569
    endloop
  endfacet
  facet normal -0.555591 0.587945 0.58791
    outer loop
      vertex 1.95619 63.3333 48.1
      vertex 2.5 65.2623 46.6848
      vertex 1.95619 65.0053 46.4279
    endloop
  endfacet
  facet normal 0.659105 0.531796 0.531764
    outer loop
      vertex 102.044 63.3333 48.1
      vertex 102.536 64.7004 46.123
      vertex 102.044 65.0053 46.4279
    endloop
  endfacet
  facet normal 0.659227 0.531689 0.53172
    outer loop
      vertex 102.536 64.7004 46.123
      vertex 102.044 63.3333 48.1
      vertex 102.536 63.0283 47.795
    endloop
  endfacet
  facet normal 0.441992 -0.634281 -0.634296
    outer loop
      vertex 100.913 21.1995 5.96619
      vertex 101.5 23.0761 4.49867
      vertex 101.5 21.404 6.17073
    endloop
  endfacet
  facet normal 0.441992 -0.634281 -0.634296
    outer loop
      vertex 101.5 23.0761 4.49867
      vertex 100.913 21.1995 5.96619
      vertex 100.913 22.8716 4.29413
    endloop
  endfacet
  facet normal 0.946569 -0.228039 -0.228045
    outer loop
      vertex 103.83 23.5508 8.31754
      vertex 103.619 24.785 6.20755
      vertex 103.83 25.2229 6.64548
    endloop
  endfacet
  facet normal 0.946569 -0.228039 -0.228045
    outer loop
      vertex 103.619 24.785 6.20755
      vertex 103.83 23.5508 8.31754
      vertex 103.619 23.1129 7.87961
    endloop
  endfacet
  facet normal 0.321636 -0.669526 -0.669542
    outer loop
      vertex 100.294 22.7229 4.14547
      vertex 100.913 21.1995 5.96619
      vertex 100.294 21.0508 5.81753
    endloop
  endfacet
  facet normal 0.321636 -0.669526 -0.669542
    outer loop
      vertex 100.913 21.1995 5.96619
      vertex 100.294 22.7229 4.14547
      vertex 100.913 22.8716 4.29413
    endloop
  endfacet
  facet normal -0.555614 -0.58791 -0.587924
    outer loop
      vertex 1.95619 21.661 6.42766
      vertex 2.5 23.0761 4.49867
      vertex 2.5 21.404 6.17073
    endloop
  endfacet
  facet normal -0.555539 -0.587963 -0.587942
    outer loop
      vertex 2.5 23.0761 4.49867
      vertex 1.95619 21.661 6.42766
      vertex 1.95619 23.333 4.7556
    endloop
  endfacet
  facet normal -0.321429 0.669583 0.669583
    outer loop
      vertex 3.7059 65.6155 47.038
      vertex 3.08658 63.7948 48.5614
      vertex 3.7059 63.9434 48.7101
    endloop
  endfacet
  facet normal -0.321429 0.669583 0.669583
    outer loop
      vertex 3.08658 63.7948 48.5614
      vertex 3.7059 65.6155 47.038
      vertex 3.08658 65.4668 46.8894
    endloop
  endfacet
  facet normal 0.659191 -0.531721 -0.531734
    outer loop
      vertex 102.536 21.9659 6.7326
      vertex 102.044 23.333 4.7556
      vertex 102.536 23.638 5.06054
    endloop
  endfacet
  facet normal 0.659129 -0.531775 -0.531756
    outer loop
      vertex 102.044 23.333 4.7556
      vertex 102.536 21.9659 6.7326
      vertex 102.044 21.661 6.42766
    endloop
  endfacet
  facet normal -0.751831 -0.466229 -0.46624
    outer loop
      vertex 1.46446 23.638 5.06054
      vertex 1.03322 22.3136 7.0803
      vertex 1.03322 23.9857 5.40824
    endloop
  endfacet
  facet normal -0.751831 -0.466229 -0.46624
    outer loop
      vertex 1.03322 22.3136 7.0803
      vertex 1.46446 23.638 5.06054
      vertex 1.46446 21.9659 6.7326
    endloop
  endfacet
  facet normal 0 0 0
    outer loop
      vertex 99.0001 65.7609 47.1335
      vertex 5 65.7609 47.1335
      vertex 99 65.7609 47.1335
    endloop
  endfacet
  facet normal 0 -0 0
    outer loop
      vertex 5 65.7609 47.1335
      vertex 99.0001 65.7609 47.1335
      vertex 4.99989 65.7609 47.1335
    endloop
  endfacet
  facet normal -3.02246e-07 0.707107 -0.707106
    outer loop
      vertex 97.175 27.8805 9.25306
      vertex 97.175 60.5079 41.8805
      vertex 97.3686 27.948 9.32056
    endloop
  endfacet
  facet normal 6.36222e-05 0.707085 -0.707129
    outer loop
      vertex 96.8333 60.6933 42.0659
      vertex 74.2154 28.0268 9.39939
      vertex 74 28.0368 9.40937
    endloop
  endfacet
  facet normal 0.000394341 0.707107 -0.707106
    outer loop
      vertex 97.175 60.5079 41.8805
      vertex 97.175 27.8805 9.25306
      vertex 96.9955 60.5927 41.9652
    endloop
  endfacet
  facet normal 6.09259e-05 0.707086 -0.707128
    outer loop
      vertex 96.8333 60.6933 42.0659
      vertex 74.427 27.997 9.36961
      vertex 74.2154 28.0268 9.39939
    endloop
  endfacet
  facet normal -3.86802e-05 0.707106 -0.707108
    outer loop
      vertex 96.9955 27.7957 9.16827
      vertex 96.9955 60.5927 41.9652
      vertex 97.175 27.8805 9.25306
    endloop
  endfacet
  facet normal -0.000148599 0.707158 -0.707056
    outer loop
      vertex 96.8333 60.6933 42.0659
      vertex 74.6314 27.948 9.32056
      vertex 74.427 27.997 9.36961
    endloop
  endfacet
  facet normal -0.000436884 0.707106 -0.707107
    outer loop
      vertex 96.9955 60.5927 41.9652
      vertex 96.9955 27.7957 9.16827
      vertex 96.8333 60.6933 42.0659
    endloop
  endfacet
  facet normal 2.43577e-07 0.707107 -0.707106
    outer loop
      vertex 96.8333 60.6933 42.0659
      vertex 74.825 27.8805 9.25306
      vertex 74.6314 27.948 9.32056
    endloop
  endfacet
  facet normal 0.000129987 0.707107 -0.707106
    outer loop
      vertex 96.8333 27.6951 9.06764
      vertex 96.8333 60.6933 42.0659
      vertex 96.9955 27.7957 9.16827
    endloop
  endfacet
  facet normal 3.0224e-05 0.707097 -0.707116
    outer loop
      vertex 96.8333 60.6933 42.0659
      vertex 75.0045 27.7957 9.16827
      vertex 74.825 27.8805 9.25306
    endloop
  endfacet
  facet normal 0 0.707107 -0.707106
    outer loop
      vertex 75.1667 27.6951 9.06764
      vertex 96.8333 60.6933 42.0659
      vertex 96.8333 27.6951 9.06764
    endloop
  endfacet
  facet normal -9.23662e-05 0.707138 -0.707076
    outer loop
      vertex 96.8333 60.6933 42.0659
      vertex 75.1667 27.6951 9.06764
      vertex 75.0045 27.7957 9.16827
    endloop
  endfacet
  facet normal 0 0.706922 -0.707292
    outer loop
      vertex 96.691 27.5803 8.9529
      vertex 75.1667 27.6951 9.06764
      vertex 96.8333 27.6951 9.06764
    endloop
  endfacet
  facet normal 0 0.706922 -0.707292
    outer loop
      vertex 96.691 27.5803 8.9529
      vertex 75.309 27.5803 8.9529
      vertex 75.1667 27.6951 9.06764
    endloop
  endfacet
  facet normal 0 0.707107 -0.707107
    outer loop
      vertex 96.5711 27.4534 8.826
      vertex 75.309 27.5803 8.9529
      vertex 96.691 27.5803 8.9529
    endloop
  endfacet
  facet normal 0 0.707107 -0.707107
    outer loop
      vertex 96.5711 27.4534 8.826
      vertex 75.4289 27.4534 8.826
      vertex 75.309 27.5803 8.9529
    endloop
  endfacet
  facet normal 0 0.707029 -0.707184
    outer loop
      vertex 96.4756 27.3165 8.68913
      vertex 75.4289 27.4534 8.826
      vertex 96.5711 27.4534 8.826
    endloop
  endfacet
  facet normal 0 0.707029 -0.707184
    outer loop
      vertex 96.4756 27.3165 8.68913
      vertex 75.5244 27.3165 8.68913
      vertex 75.4289 27.4534 8.826
    endloop
  endfacet
  facet normal 0 0.707156 -0.707058
    outer loop
      vertex 96.4062 27.172 8.54461
      vertex 75.5244 27.3165 8.68913
      vertex 96.4756 27.3165 8.68913
    endloop
  endfacet
  facet normal 0 0.707156 -0.707058
    outer loop
      vertex 96.4062 27.172 8.54461
      vertex 75.5938 27.172 8.54461
      vertex 75.5244 27.3165 8.68913
    endloop
  endfacet
  facet normal 0 0.70706 -0.707154
    outer loop
      vertex 96.3641 27.0223 8.39493
      vertex 75.5938 27.172 8.54461
      vertex 96.4062 27.172 8.54461
    endloop
  endfacet
  facet normal 0 0.70706 -0.707154
    outer loop
      vertex 96.3641 27.0223 8.39493
      vertex 75.6359 27.0223 8.39493
      vertex 75.5938 27.172 8.54461
    endloop
  endfacet
  facet normal 0 0.707316 -0.706898
    outer loop
      vertex 96.35 26.8701 8.24264
      vertex 75.6359 27.0223 8.39493
      vertex 96.3641 27.0223 8.39493
    endloop
  endfacet
  facet normal 0 0.707316 -0.706898
    outer loop
      vertex 96.35 26.8701 8.24264
      vertex 75.65 26.8701 8.24264
      vertex 75.6359 27.0223 8.39493
    endloop
  endfacet
  facet normal 0 0.707084 -0.70713
    outer loop
      vertex 96.3641 26.7178 8.09035
      vertex 75.65 26.8701 8.24264
      vertex 96.35 26.8701 8.24264
    endloop
  endfacet
  facet normal 0 0.707084 -0.70713
    outer loop
      vertex 96.3641 26.7178 8.09035
      vertex 75.6359 26.7178 8.09035
      vertex 75.65 26.8701 8.24264
    endloop
  endfacet
  facet normal 0 0.70706 -0.707154
    outer loop
      vertex 96.4062 26.5681 7.94067
      vertex 75.6359 26.7178 8.09035
      vertex 96.3641 26.7178 8.09035
    endloop
  endfacet
  facet normal 0 0.70706 -0.707154
    outer loop
      vertex 96.4062 26.5681 7.94067
      vertex 75.5938 26.5681 7.94067
      vertex 75.6359 26.7178 8.09035
    endloop
  endfacet
  facet normal 0 0.707156 -0.707058
    outer loop
      vertex 96.4756 26.4236 7.79615
      vertex 75.5938 26.5681 7.94067
      vertex 96.4062 26.5681 7.94067
    endloop
  endfacet
  facet normal 0 0.707156 -0.707058
    outer loop
      vertex 96.4756 26.4236 7.79615
      vertex 75.5244 26.4236 7.79615
      vertex 75.5938 26.5681 7.94067
    endloop
  endfacet
  facet normal 0 0.707029 -0.707184
    outer loop
      vertex 96.5711 26.2867 7.65928
      vertex 75.5244 26.4236 7.79615
      vertex 96.4756 26.4236 7.79615
    endloop
  endfacet
  facet normal 0 0.707029 -0.707184
    outer loop
      vertex 96.5711 26.2867 7.65928
      vertex 75.4289 26.2867 7.65928
      vertex 75.5244 26.4236 7.79615
    endloop
  endfacet
  facet normal 0 0.707107 -0.707107
    outer loop
      vertex 96.691 26.1598 7.53238
      vertex 75.4289 26.2867 7.65928
      vertex 96.5711 26.2867 7.65928
    endloop
  endfacet
  facet normal 0 0.707107 -0.707107
    outer loop
      vertex 96.691 26.1598 7.53238
      vertex 75.309 26.1598 7.53238
      vertex 75.4289 26.2867 7.65928
    endloop
  endfacet
  facet normal 0 0.70723 -0.706983
    outer loop
      vertex 96.8333 26.0451 7.41764
      vertex 75.309 26.1598 7.53238
      vertex 96.691 26.1598 7.53238
    endloop
  endfacet
  facet normal 0 0.70723 -0.706983
    outer loop
      vertex 96.8333 26.0451 7.41764
      vertex 75.1667 26.0451 7.41764
      vertex 75.309 26.1598 7.53238
    endloop
  endfacet
  facet normal 0 0.706826 -0.707388
    outer loop
      vertex 96.9955 25.9444 7.31702
      vertex 75.1667 26.0451 7.41764
      vertex 96.8333 26.0451 7.41764
    endloop
  endfacet
  facet normal 0 0.706826 -0.707388
    outer loop
      vertex 96.9955 25.9444 7.31702
      vertex 75.0045 25.9444 7.31702
      vertex 75.1667 26.0451 7.41764
    endloop
  endfacet
  facet normal 0 0.707065 -0.707148
    outer loop
      vertex 97.175 25.8596 7.23223
      vertex 75.0045 25.9444 7.31702
      vertex 96.9955 25.9444 7.31702
    endloop
  endfacet
  facet normal 0 0.707065 -0.707148
    outer loop
      vertex 97.175 25.8596 7.23223
      vertex 74.825 25.8596 7.23223
      vertex 75.0045 25.9444 7.31702
    endloop
  endfacet
  facet normal 0 0.707107 -0.707107
    outer loop
      vertex 97.3686 25.7921 7.16473
      vertex 74.825 25.8596 7.23223
      vertex 97.175 25.8596 7.23223
    endloop
  endfacet
  facet normal 0 0.707107 -0.707107
    outer loop
      vertex 97.3686 25.7921 7.16473
      vertex 74.6314 25.7921 7.16473
      vertex 74.825 25.8596 7.23223
    endloop
  endfacet
  facet normal 0 0.707539 -0.706674
    outer loop
      vertex 97.573 25.7431 7.11567
      vertex 74.6314 25.7921 7.16473
      vertex 97.3686 25.7921 7.16473
    endloop
  endfacet
  facet normal 0 0.707539 -0.706674
    outer loop
      vertex 97.573 25.7431 7.11567
      vertex 74.427 25.7431 7.11567
      vertex 74.6314 25.7921 7.16473
    endloop
  endfacet
  facet normal 0 0.706751 -0.707463
    outer loop
      vertex 97.7846 25.7133 7.0859
      vertex 74.427 25.7431 7.11567
      vertex 97.573 25.7431 7.11567
    endloop
  endfacet
  facet normal 0 0.706751 -0.707463
    outer loop
      vertex 97.7846 25.7133 7.0859
      vertex 74.2154 25.7133 7.0859
      vertex 74.427 25.7431 7.11567
    endloop
  endfacet
  facet normal 0 0.706753 -0.70746
    outer loop
      vertex 98 25.7033 7.07591
      vertex 74.2154 25.7133 7.0859
      vertex 97.7846 25.7133 7.0859
    endloop
  endfacet
  facet normal 0 0.706753 -0.70746
    outer loop
      vertex 74.2154 25.7133 7.0859
      vertex 98 25.7033 7.07591
      vertex 74 25.7033 7.07591
    endloop
  endfacet
  facet normal 0 0.707107 -0.707107
    outer loop
      vertex 25 43.1335 24.5061
      vertex 20 53.033 34.4056
      vertex 25 53.033 34.4056
    endloop
  endfacet
  facet normal 0 0.707107 -0.707107
    outer loop
      vertex 20 53.033 34.4056
      vertex 25 43.1335 24.5061
      vertex 20 43.1335 24.5061
    endloop
  endfacet
  facet normal 0 0.707107 -0.707107
    outer loop
      vertex 32 43.1335 24.5061
      vertex 27 53.033 34.4056
      vertex 32 53.033 34.4056
    endloop
  endfacet
  facet normal 0 0.707107 -0.707107
    outer loop
      vertex 27 53.033 34.4056
      vertex 32 43.1335 24.5061
      vertex 27 43.1335 24.5061
    endloop
  endfacet
  facet normal 0 0.707107 -0.707107
    outer loop
      vertex 39 43.1335 24.5061
      vertex 34 53.033 34.4056
      vertex 39 53.033 34.4056
    endloop
  endfacet
  facet normal 0 0.707107 -0.707107
    outer loop
      vertex 34 53.033 34.4056
      vertex 39 43.1335 24.5061
      vertex 34 43.1335 24.5061
    endloop
  endfacet
  facet normal 0 0.707107 -0.707107
    outer loop
      vertex 46 43.1335 24.5061
      vertex 41 53.033 34.4056
      vertex 46 53.033 34.4056
    endloop
  endfacet
  facet normal 0 0.707107 -0.707107
    outer loop
      vertex 41 53.033 34.4056
      vertex 46 43.1335 24.5061
      vertex 41 43.1335 24.5061
    endloop
  endfacet
  facet normal 0 0.707107 -0.707107
    outer loop
      vertex 53 43.1335 24.5061
      vertex 48 53.033 34.4056
      vertex 53 53.033 34.4056
    endloop
  endfacet
  facet normal 0 0.707107 -0.707107
    outer loop
      vertex 48 53.033 34.4056
      vertex 53 43.1335 24.5061
      vertex 48 43.1335 24.5061
    endloop
  endfacet
  facet normal 0 0.707107 -0.707107
    outer loop
      vertex 60 43.1335 24.5061
      vertex 55 53.033 34.4056
      vertex 60 53.033 34.4056
    endloop
  endfacet
  facet normal 0 0.707107 -0.707107
    outer loop
      vertex 55 53.033 34.4056
      vertex 60 43.1335 24.5061
      vertex 55 43.1335 24.5061
    endloop
  endfacet
  facet normal 0 0.707107 -0.707107
    outer loop
      vertex 97.7846 62.675 44.0476
      vertex 74 62.685 44.0576
      vertex 98 62.685 44.0576
    endloop
  endfacet
  facet normal 0 0.707107 -0.707107
    outer loop
      vertex 97.7846 62.675 44.0476
      vertex 74.2154 62.675 44.0476
      vertex 74 62.685 44.0576
    endloop
  endfacet
  facet normal 0 0.708294 -0.705917
    outer loop
      vertex 97.573 62.6453 44.0178
      vertex 74.2154 62.675 44.0476
      vertex 97.7846 62.675 44.0476
    endloop
  endfacet
  facet normal 0 0.708294 -0.705917
    outer loop
      vertex 97.573 62.6453 44.0178
      vertex 74.427 62.6453 44.0178
      vertex 74.2154 62.675 44.0476
    endloop
  endfacet
  facet normal 0 0.706386 -0.707827
    outer loop
      vertex 97.3686 62.5962 43.9688
      vertex 74.427 62.6453 44.0178
      vertex 97.573 62.6453 44.0178
    endloop
  endfacet
  facet normal 0 0.706386 -0.707827
    outer loop
      vertex 97.3686 62.5962 43.9688
      vertex 74.6314 62.5962 43.9688
      vertex 74.427 62.6453 44.0178
    endloop
  endfacet
  facet normal 0 0.707107 -0.707107
    outer loop
      vertex 97.175 62.5287 43.9013
      vertex 74.6314 62.5962 43.9688
      vertex 97.3686 62.5962 43.9688
    endloop
  endfacet
  facet normal 0 0.707107 -0.707107
    outer loop
      vertex 97.175 62.5287 43.9013
      vertex 74.825 62.5287 43.9013
      vertex 74.6314 62.5962 43.9688
    endloop
  endfacet
  facet normal 0 0.707107 -0.707107
    outer loop
      vertex 96.9955 62.4439 43.8165
      vertex 74.825 62.5287 43.9013
      vertex 97.175 62.5287 43.9013
    endloop
  endfacet
  facet normal 0 0.707107 -0.707107
    outer loop
      vertex 96.9955 62.4439 43.8165
      vertex 75.0045 62.4439 43.8165
      vertex 74.825 62.5287 43.9013
    endloop
  endfacet
  facet normal 0 0.707107 -0.707107
    outer loop
      vertex 96.8333 62.3433 43.7159
      vertex 75.0045 62.4439 43.8165
      vertex 96.9955 62.4439 43.8165
    endloop
  endfacet
  facet normal 0 0.707107 -0.707107
    outer loop
      vertex 96.8333 62.3433 43.7159
      vertex 75.1667 62.3433 43.7159
      vertex 75.0045 62.4439 43.8165
    endloop
  endfacet
  facet normal 0 0.707107 -0.707107
    outer loop
      vertex 96.691 62.2285 43.6011
      vertex 75.1667 62.3433 43.7159
      vertex 96.8333 62.3433 43.7159
    endloop
  endfacet
  facet normal 0 0.707107 -0.707107
    outer loop
      vertex 96.691 62.2285 43.6011
      vertex 75.309 62.2285 43.6011
      vertex 75.1667 62.3433 43.7159
    endloop
  endfacet
  facet normal 0 0.707385 -0.706828
    outer loop
      vertex 96.5711 62.1017 43.4742
      vertex 75.309 62.2285 43.6011
      vertex 96.691 62.2285 43.6011
    endloop
  endfacet
  facet normal 0 0.707385 -0.706828
    outer loop
      vertex 96.5711 62.1017 43.4742
      vertex 75.4289 62.1017 43.4742
      vertex 75.309 62.2285 43.6011
    endloop
  endfacet
  facet normal 0 0.706848 -0.707365
    outer loop
      vertex 96.4756 61.9648 43.3374
      vertex 75.4289 62.1017 43.4742
      vertex 96.5711 62.1017 43.4742
    endloop
  endfacet
  facet normal 0 0.706848 -0.707365
    outer loop
      vertex 96.4756 61.9648 43.3374
      vertex 75.5244 61.9648 43.3374
      vertex 75.4289 62.1017 43.4742
    endloop
  endfacet
  facet normal 0 0.707351 -0.706862
    outer loop
      vertex 96.4062 61.8203 43.1928
      vertex 75.5244 61.9648 43.3374
      vertex 96.4756 61.9648 43.3374
    endloop
  endfacet
  facet normal 0 0.707351 -0.706862
    outer loop
      vertex 96.4062 61.8203 43.1928
      vertex 75.5938 61.8203 43.1928
      vertex 75.5244 61.9648 43.3374
    endloop
  endfacet
  facet normal 0 0.70687 -0.707343
    outer loop
      vertex 96.3641 61.6706 43.0432
      vertex 75.5938 61.8203 43.1928
      vertex 96.4062 61.8203 43.1928
    endloop
  endfacet
  facet normal 0 0.70687 -0.707343
    outer loop
      vertex 96.3641 61.6706 43.0432
      vertex 75.6359 61.6706 43.0432
      vertex 75.5938 61.8203 43.1928
    endloop
  endfacet
  facet normal 0 0.707107 -0.707107
    outer loop
      vertex 96.35 61.5183 42.8909
      vertex 75.6359 61.6706 43.0432
      vertex 96.3641 61.6706 43.0432
    endloop
  endfacet
  facet normal 0 0.707107 -0.707107
    outer loop
      vertex 96.35 61.5183 42.8909
      vertex 75.65 61.5183 42.8909
      vertex 75.6359 61.6706 43.0432
    endloop
  endfacet
  facet normal 0 0.707107 -0.707107
    outer loop
      vertex 96.3641 61.366 42.7386
      vertex 75.65 61.5183 42.8909
      vertex 96.35 61.5183 42.8909
    endloop
  endfacet
  facet normal 0 0.707107 -0.707107
    outer loop
      vertex 96.3641 61.366 42.7386
      vertex 75.6359 61.366 42.7386
      vertex 75.65 61.5183 42.8909
    endloop
  endfacet
  facet normal 0 0.707107 -0.707107
    outer loop
      vertex 96.4062 61.2163 42.5889
      vertex 75.6359 61.366 42.7386
      vertex 96.3641 61.366 42.7386
    endloop
  endfacet
  facet normal 0 0.707107 -0.707107
    outer loop
      vertex 96.4062 61.2163 42.5889
      vertex 75.5938 61.2163 42.5889
      vertex 75.6359 61.366 42.7386
    endloop
  endfacet
  facet normal 0 0.707107 -0.707107
    outer loop
      vertex 96.4756 61.0718 42.4444
      vertex 75.5938 61.2163 42.5889
      vertex 96.4062 61.2163 42.5889
    endloop
  endfacet
  facet normal 0 0.707107 -0.707107
    outer loop
      vertex 96.4756 61.0718 42.4444
      vertex 75.5244 61.0718 42.4444
      vertex 75.5938 61.2163 42.5889
    endloop
  endfacet
  facet normal 0 0.707107 -0.707107
    outer loop
      vertex 96.5711 60.9349 42.3075
      vertex 75.5244 61.0718 42.4444
      vertex 96.4756 61.0718 42.4444
    endloop
  endfacet
  facet normal 0 0.707107 -0.707107
    outer loop
      vertex 96.5711 60.9349 42.3075
      vertex 75.4289 60.9349 42.3075
      vertex 75.5244 61.0718 42.4444
    endloop
  endfacet
  facet normal 0 0.707107 -0.707107
    outer loop
      vertex 96.691 60.808 42.1806
      vertex 75.4289 60.9349 42.3075
      vertex 96.5711 60.9349 42.3075
    endloop
  endfacet
  facet normal 0 0.707107 -0.707107
    outer loop
      vertex 96.691 60.808 42.1806
      vertex 75.309 60.808 42.1806
      vertex 75.4289 60.9349 42.3075
    endloop
  endfacet
  facet normal 0 0.707107 -0.707107
    outer loop
      vertex 96.8333 60.6933 42.0659
      vertex 75.309 60.808 42.1806
      vertex 96.691 60.808 42.1806
    endloop
  endfacet
  facet normal 0 0.707107 -0.707107
    outer loop
      vertex 96.8333 60.6933 42.0659
      vertex 75.1667 60.6933 42.0659
      vertex 75.309 60.808 42.1806
    endloop
  endfacet
  facet normal 0.000172763 0.707107 -0.707106
    outer loop
      vertex 97.3686 27.948 9.32056
      vertex 97.3686 60.4404 41.813
      vertex 97.573 27.997 9.36961
    endloop
  endfacet
  facet normal 0 0.707107 -0.707106
    outer loop
      vertex 96.8333 60.6933 42.0659
      vertex 74 28.0368 9.40937
      vertex 75.1667 60.6933 42.0659
    endloop
  endfacet
  facet normal -5.24345e-08 0.707107 -0.707107
    outer loop
      vertex 97.573 60.3913 41.7639
      vertex 97.573 27.997 9.36961
      vertex 97.3686 60.4404 41.813
    endloop
  endfacet
  facet normal 0.000445419 0.707099 -0.707114
    outer loop
      vertex 75.1667 60.6933 42.0659
      vertex 74 28.0368 9.40937
      vertex 75.0045 60.5927 41.9652
    endloop
  endfacet
  facet normal -6.68036e-05 0.707107 -0.707107
    outer loop
      vertex 97.573 27.997 9.36961
      vertex 97.573 60.3913 41.7639
      vertex 97.7846 28.0268 9.39939
    endloop
  endfacet
  facet normal -0.000399026 0.707112 -0.707101
    outer loop
      vertex 75.0045 60.5927 41.9652
      vertex 74 28.0368 9.40937
      vertex 74.825 60.5079 41.8805
    endloop
  endfacet
  facet normal 3.07976e-08 0.707107 -0.707107
    outer loop
      vertex 97.7846 60.3615 41.7341
      vertex 97.7846 28.0268 9.39939
      vertex 97.573 60.3913 41.7639
    endloop
  endfacet
  facet normal -2.29812e-07 0.707107 -0.707106
    outer loop
      vertex 74.825 60.5079 41.8805
      vertex 74 28.0368 9.40937
      vertex 74.6314 60.4404 41.813
    endloop
  endfacet
  facet normal -6.56654e-05 0.707107 -0.707107
    outer loop
      vertex 97.7846 28.0268 9.39939
      vertex 97.7846 60.3615 41.7341
      vertex 98 28.0368 9.40937
    endloop
  endfacet
  facet normal -9.2158e-07 0.707107 -0.707106
    outer loop
      vertex 62 43.1335 24.5061
      vertex 74.6314 60.4404 41.813
      vertex 74 28.0368 9.40937
    endloop
  endfacet
  facet normal -0.000328347 0.707106 -0.707108
    outer loop
      vertex 98 28.0368 9.40937
      vertex 97.7846 60.3615 41.7341
      vertex 98 60.3516 41.7241
    endloop
  endfacet
  facet normal 2.97622e-14 0.707107 -0.707107
    outer loop
      vertex 74.6314 60.4404 41.813
      vertex 62 43.1335 24.5061
      vertex 74.427 60.3913 41.7639
    endloop
  endfacet
  facet normal 0 0.707107 -0.707107
    outer loop
      vertex 74 62.685 44.0576
      vertex 101 62.7609 44.1335
      vertex 98 62.685 44.0576
    endloop
  endfacet
  facet normal 8.2307e-15 0.707107 -0.707107
    outer loop
      vertex 101 62.7609 44.1335
      vertex 98.2154 62.675 44.0476
      vertex 98 62.685 44.0576
    endloop
  endfacet
  facet normal -6.01281e-05 0.708081 -0.706132
    outer loop
      vertex 101 62.7609 44.1335
      vertex 98.427 62.6453 44.0178
      vertex 98.2154 62.675 44.0476
    endloop
  endfacet
  facet normal 7.77209e-05 0.706548 -0.707665
    outer loop
      vertex 101 62.7609 44.1335
      vertex 98.6314 62.5962 43.9688
      vertex 98.427 62.6453 44.0178
    endloop
  endfacet
  facet normal 0 0.707107 -0.707107
    outer loop
      vertex 101 62.7609 44.1335
      vertex 98.825 62.5287 43.9013
      vertex 98.6314 62.5962 43.9688
    endloop
  endfacet
  facet normal 0 0.707107 -0.707107
    outer loop
      vertex 101 62.7609 44.1335
      vertex 99.0045 62.4439 43.8165
      vertex 98.825 62.5287 43.9013
    endloop
  endfacet
  facet normal 0 0.707107 -0.707107
    outer loop
      vertex 101 62.7609 44.1335
      vertex 99.1667 62.3433 43.7159
      vertex 99.0045 62.4439 43.8165
    endloop
  endfacet
  facet normal 7.78102e-15 0.707107 -0.707107
    outer loop
      vertex 101 62.7609 44.1335
      vertex 99.309 62.2285 43.6011
      vertex 99.1667 62.3433 43.7159
    endloop
  endfacet
  facet normal -0.000135254 0.707322 -0.706892
    outer loop
      vertex 101 62.7609 44.1335
      vertex 99.4289 62.1017 43.4742
      vertex 99.309 62.2285 43.6011
    endloop
  endfacet
  facet normal 0.000202519 0.706919 -0.707294
    outer loop
      vertex 101 62.7609 44.1335
      vertex 99.5244 61.9648 43.3374
      vertex 99.4289 62.1017 43.4742
    endloop
  endfacet
  facet normal -0.00020962 0.707301 -0.706912
    outer loop
      vertex 101 62.7609 44.1335
      vertex 99.5938 61.8203 43.1928
      vertex 99.5244 61.9648 43.3374
    endloop
  endfacet
  facet normal 0.000308335 0.706914 -0.7073
    outer loop
      vertex 101 62.7609 44.1335
      vertex 99.6359 61.6706 43.0432
      vertex 99.5938 61.8203 43.1928
    endloop
  endfacet
  facet normal 0 0.707107 -0.707107
    outer loop
      vertex 101 62.7609 44.1335
      vertex 99.65 61.5183 42.8909
      vertex 99.6359 61.6706 43.0432
    endloop
  endfacet
  facet normal 0 0.707107 -0.707107
    outer loop
      vertex 101 62.7609 44.1335
      vertex 99.6359 61.366 42.7386
      vertex 99.65 61.5183 42.8909
    endloop
  endfacet
  facet normal 4.74868e-14 0.707107 -0.707107
    outer loop
      vertex 101 62.7609 44.1335
      vertex 99.5938 61.2163 42.5889
      vertex 99.6359 61.366 42.7386
    endloop
  endfacet
  facet normal -8.83171e-14 0.707107 -0.707107
    outer loop
      vertex 101 62.7609 44.1335
      vertex 99.5244 61.0718 42.4444
      vertex 99.5938 61.2163 42.5889
    endloop
  endfacet
  facet normal 0 0.707107 -0.707107
    outer loop
      vertex 101 62.7609 44.1335
      vertex 99.4289 60.9349 42.3075
      vertex 99.5244 61.0718 42.4444
    endloop
  endfacet
  facet normal 2.39239e-17 0.707107 -0.707107
    outer loop
      vertex 74.427 60.3913 41.7639
      vertex 62 43.1335 24.5061
      vertex 74.2154 60.3615 41.7341
    endloop
  endfacet
  facet normal 0.000328347 0.707106 -0.707108
    outer loop
      vertex 98 28.0368 9.40937
      vertex 98 60.3516 41.7241
      vertex 98.2154 60.3615 41.7341
    endloop
  endfacet
  facet normal -3.07976e-08 0.707107 -0.707107
    outer loop
      vertex 98.2154 28.0268 9.39939
      vertex 98.2154 60.3615 41.7341
      vertex 98.427 60.3913 41.7639
    endloop
  endfacet
  facet normal -5.89256e-06 0.707107 -0.707107
    outer loop
      vertex 74 60.3516 41.7241
      vertex 62 43.1335 24.5061
      vertex 62 53.033 34.4056
    endloop
  endfacet
  facet normal 5.24345e-08 0.707107 -0.707107
    outer loop
      vertex 98.427 27.997 9.36961
      vertex 98.427 60.3913 41.7639
      vertex 98.6314 60.4404 41.813
    endloop
  endfacet
  facet normal -3.03502e-07 0.707107 -0.707106
    outer loop
      vertex 98.6314 27.948 9.32056
      vertex 98.6314 60.4404 41.813
      vertex 98.825 60.5079 41.8805
    endloop
  endfacet
  facet normal 0 0.707107 -0.707107
    outer loop
      vertex 72.4062 27.172 8.54461
      vertex 60 43.1335 24.5061
      vertex 62 43.1335 24.5061
    endloop
  endfacet
  facet normal 0 0.707108 -0.707105
    outer loop
      vertex 60 43.1335 24.5061
      vertex 45.97 26.8701 8.24264
      vertex 55 43.1335 24.5061
    endloop
  endfacet
  facet normal 0 0.707107 -0.707107
    outer loop
      vertex 55 43.1335 24.5061
      vertex 45.97 35.3553 16.7279
      vertex 53 43.1335 24.5061
    endloop
  endfacet
  facet normal 0 0.707107 -0.707107
    outer loop
      vertex 53 43.1335 24.5061
      vertex 45.97 35.3553 16.7279
      vertex 48 43.1335 24.5061
    endloop
  endfacet
  facet normal 0 0.707107 -0.707107
    outer loop
      vertex 48 43.1335 24.5061
      vertex 45.97 35.3553 16.7279
      vertex 46 43.1335 24.5061
    endloop
  endfacet
  facet normal 0 0.707107 -0.707107
    outer loop
      vertex 46 43.1335 24.5061
      vertex 45.97 35.3553 16.7279
      vertex 41 43.1335 24.5061
    endloop
  endfacet
  facet normal 0 0.707107 -0.707107
    outer loop
      vertex 41 43.1335 24.5061
      vertex 45.97 35.3553 16.7279
      vertex 39 43.1335 24.5061
    endloop
  endfacet
  facet normal 0 0.707107 -0.707107
    outer loop
      vertex 39 43.1335 24.5061
      vertex 45.97 35.3553 16.7279
      vertex 34 43.1335 24.5061
    endloop
  endfacet
  facet normal 0 0.707107 -0.707107
    outer loop
      vertex 21.97 35.3553 16.7279
      vertex 34 43.1335 24.5061
      vertex 45.97 35.3553 16.7279
    endloop
  endfacet
  facet normal 0 0.707107 -0.707107
    outer loop
      vertex 34 43.1335 24.5061
      vertex 21.97 35.3553 16.7279
      vertex 32 43.1335 24.5061
    endloop
  endfacet
  facet normal 0 0.707107 -0.707107
    outer loop
      vertex 32 43.1335 24.5061
      vertex 21.97 35.3553 16.7279
      vertex 27 43.1335 24.5061
    endloop
  endfacet
  facet normal 0 0.707107 -0.707107
    outer loop
      vertex 27 43.1335 24.5061
      vertex 21.97 35.3553 16.7279
      vertex 25 43.1335 24.5061
    endloop
  endfacet
  facet normal 0 0.707107 -0.707107
    outer loop
      vertex 25 43.1335 24.5061
      vertex 21.97 35.3553 16.7279
      vertex 20 43.1335 24.5061
    endloop
  endfacet
  facet normal 0.000339392 0.706986 -0.707227
    outer loop
      vertex 74.2154 60.3615 41.7341
      vertex 62 43.1335 24.5061
      vertex 74 60.3516 41.7241
    endloop
  endfacet
  facet normal -0.000394341 0.707107 -0.707106
    outer loop
      vertex 98.825 27.8805 9.25306
      vertex 98.825 60.5079 41.8805
      vertex 99.0045 60.5927 41.9652
    endloop
  endfacet
  facet normal 3.03502e-07 0.707107 -0.707106
    outer loop
      vertex 97.3686 60.4404 41.813
      vertex 97.3686 27.948 9.32056
      vertex 97.175 60.5079 41.8805
    endloop
  endfacet
  facet normal 0.000436884 0.707106 -0.707107
    outer loop
      vertex 99.0045 27.7957 9.16827
      vertex 99.0045 60.5927 41.9652
      vertex 99.1667 60.6933 42.0659
    endloop
  endfacet
  facet normal -1.03634e-06 0.707107 -0.707106
    outer loop
      vertex 99.1667 27.6951 9.06764
      vertex 99.1667 60.6933 42.0659
      vertex 99.309 60.808 42.1806
    endloop
  endfacet
  facet normal 0 0.707107 -0.707107
    outer loop
      vertex 99.309 27.5803 8.9529
      vertex 99.309 60.808 42.1806
      vertex 99.4289 60.9349 42.3075
    endloop
  endfacet
  facet normal -3.05644e-15 0.707107 -0.707107
    outer loop
      vertex 99.4289 27.4534 8.826
      vertex 99.4289 60.9349 42.3075
      vertex 101 62.7609 44.1335
    endloop
  endfacet
  facet normal 6.56654e-05 0.707107 -0.707107
    outer loop
      vertex 98.2154 60.3615 41.7341
      vertex 98.2154 28.0268 9.39939
      vertex 98 28.0368 9.40937
    endloop
  endfacet
  facet normal 6.68036e-05 0.707107 -0.707107
    outer loop
      vertex 98.427 60.3913 41.7639
      vertex 98.427 27.997 9.36961
      vertex 98.2154 28.0268 9.39939
    endloop
  endfacet
  facet normal -0.000172763 0.707107 -0.707106
    outer loop
      vertex 98.6314 60.4404 41.813
      vertex 98.6314 27.948 9.32056
      vertex 98.427 27.997 9.36961
    endloop
  endfacet
  facet normal 3.02246e-07 0.707107 -0.707106
    outer loop
      vertex 98.825 60.5079 41.8805
      vertex 98.825 27.8805 9.25306
      vertex 98.6314 27.948 9.32056
    endloop
  endfacet
  facet normal 3.86802e-05 0.707106 -0.707108
    outer loop
      vertex 99.0045 60.5927 41.9652
      vertex 99.0045 27.7957 9.16827
      vertex 98.825 27.8805 9.25306
    endloop
  endfacet
  facet normal -0.000129987 0.707107 -0.707106
    outer loop
      vertex 99.1667 60.6933 42.0659
      vertex 99.1667 27.6951 9.06764
      vertex 99.0045 27.7957 9.16827
    endloop
  endfacet
  facet normal 0.000298148 0.707107 -0.707107
    outer loop
      vertex 99.309 60.808 42.1806
      vertex 99.309 27.5803 8.9529
      vertex 99.1667 27.6951 9.06764
    endloop
  endfacet
  facet normal 0 0.707107 -0.707107
    outer loop
      vertex 99.4289 60.9349 42.3075
      vertex 99.4289 27.4534 8.826
      vertex 99.309 27.5803 8.9529
    endloop
  endfacet
  facet normal -1.72241e-15 0.707107 -0.707107
    outer loop
      vertex 101 25.6274 7
      vertex 99.4289 27.4534 8.826
      vertex 101 62.7609 44.1335
    endloop
  endfacet
  facet normal -0.000952264 0.706697 -0.707516
    outer loop
      vertex 99.4289 27.4534 8.826
      vertex 101 25.6274 7
      vertex 99.5244 27.3165 8.68913
    endloop
  endfacet
  facet normal 0.000216865 0.707208 -0.707006
    outer loop
      vertex 99.5244 27.3165 8.68913
      vertex 101 25.6274 7
      vertex 99.5938 27.172 8.54461
    endloop
  endfacet
  facet normal -0.000157442 0.707037 -0.707176
    outer loop
      vertex 99.5938 27.172 8.54461
      vertex 101 25.6274 7
      vertex 99.6359 27.0223 8.39493
    endloop
  endfacet
  facet normal 0 0.707153 -0.70706
    outer loop
      vertex 98 25.7033 7.07591
      vertex 101 25.6274 7
      vertex 74 25.7033 7.07591
    endloop
  endfacet
  facet normal -1.3109e-05 0.706894 -0.707319
    outer loop
      vertex 98.2154 25.7133 7.0859
      vertex 101 25.6274 7
      vertex 98 25.7033 7.07591
    endloop
  endfacet
  facet normal -1.80211e-05 0.706815 -0.707399
    outer loop
      vertex 98.427 25.7431 7.11567
      vertex 101 25.6274 7
      vertex 98.2154 25.7133 7.0859
    endloop
  endfacet
  facet normal 3.97074e-05 0.707457 -0.706757
    outer loop
      vertex 98.6314 25.7921 7.16473
      vertex 101 25.6274 7
      vertex 98.427 25.7431 7.11567
    endloop
  endfacet
  facet normal -7.46674e-06 0.707117 -0.707096
    outer loop
      vertex 98.825 25.8596 7.23223
      vertex 101 25.6274 7
      vertex 98.6314 25.7921 7.16473
    endloop
  endfacet
  facet normal -1.52172e-05 0.707081 -0.707132
    outer loop
      vertex 99.0045 25.9444 7.31702
      vertex 101 25.6274 7
      vertex 98.825 25.8596 7.23223
    endloop
  endfacet
  facet normal -7.67238e-05 0.706888 -0.707326
    outer loop
      vertex 99.1667 26.0451 7.41764
      vertex 101 25.6274 7
      vertex 99.0045 25.9444 7.31702
    endloop
  endfacet
  facet normal 6.18373e-05 0.707192 -0.707022
    outer loop
      vertex 99.309 26.1598 7.53238
      vertex 101 25.6274 7
      vertex 99.1667 26.0451 7.41764
    endloop
  endfacet
  facet normal 6.44576e-06 0.707104 -0.70711
    outer loop
      vertex 99.4289 26.2867 7.65928
      vertex 101 25.6274 7
      vertex 99.309 26.1598 7.53238
    endloop
  endfacet
  facet normal -4.33412e-05 0.707044 -0.707169
    outer loop
      vertex 99.5244 26.4236 7.79615
      vertex 101 25.6274 7
      vertex 99.4289 26.2867 7.65928
    endloop
  endfacet
  facet normal 6.09654e-05 0.707141 -0.707072
    outer loop
      vertex 99.5938 26.5681 7.94067
      vertex 101 25.6274 7
      vertex 99.5244 26.4236 7.79615
    endloop
  endfacet
  facet normal -4.04959e-05 0.707065 -0.707148
    outer loop
      vertex 99.6359 26.7178 8.09035
      vertex 101 25.6274 7
      vertex 99.5938 26.5681 7.94067
    endloop
  endfacet
  facet normal -1.04234e-05 0.707084 -0.70713
    outer loop
      vertex 99.65 26.8701 8.24264
      vertex 101 25.6274 7
      vertex 99.6359 26.7178 8.09035
    endloop
  endfacet
  facet normal 0.00045499 0.707337 -0.706877
    outer loop
      vertex 99.6359 27.0223 8.39493
      vertex 101 25.6274 7
      vertex 99.65 26.8701 8.24264
    endloop
  endfacet
  facet normal 0 0.707107 -0.707107
    outer loop
      vertex 101 62.7609 44.1335
      vertex 74 62.685 44.0576
      vertex 3 62.7609 44.1335
    endloop
  endfacet
  facet normal -5.24996e-16 0.707107 -0.707107
    outer loop
      vertex 73.7846 62.675 44.0476
      vertex 3 62.7609 44.1335
      vertex 74 62.685 44.0576
    endloop
  endfacet
  facet normal 2.85969e-06 0.708284 -0.705928
    outer loop
      vertex 73.573 62.6453 44.0178
      vertex 3 62.7609 44.1335
      vertex 73.7846 62.675 44.0476
    endloop
  endfacet
  facet normal -3.34153e-06 0.706393 -0.70782
    outer loop
      vertex 73.3686 62.5962 43.9688
      vertex 3 62.7609 44.1335
      vertex 73.573 62.6453 44.0178
    endloop
  endfacet
  facet normal 0 0.707107 -0.707107
    outer loop
      vertex 73.175 62.5287 43.9013
      vertex 3 62.7609 44.1335
      vertex 73.3686 62.5962 43.9688
    endloop
  endfacet
  facet normal 0 0.707107 -0.707107
    outer loop
      vertex 72.9955 62.4439 43.8165
      vertex 3 62.7609 44.1335
      vertex 73.175 62.5287 43.9013
    endloop
  endfacet
  facet normal 0 0.707107 -0.707107
    outer loop
      vertex 39 53.033 34.4056
      vertex 72.9955 62.4439 43.8165
      vertex 72.8333 62.3433 43.7159
    endloop
  endfacet
  facet normal 2.86186e-14 0.707107 -0.707107
    outer loop
      vertex 46 53.033 34.4056
      vertex 72.8333 62.3433 43.7159
      vertex 72.691 62.2285 43.6011
    endloop
  endfacet
  facet normal -0.00046602 0.707605 -0.706608
    outer loop
      vertex 53 53.033 34.4056
      vertex 72.691 62.2285 43.6011
      vertex 72.5711 62.1017 43.4742
    endloop
  endfacet
  facet normal 0.000410499 0.706705 -0.707508
    outer loop
      vertex 55 53.033 34.4056
      vertex 72.5711 62.1017 43.4742
      vertex 72.4756 61.9648 43.3374
    endloop
  endfacet
  facet normal -0.000533657 0.707479 -0.706734
    outer loop
      vertex 60 53.033 34.4056
      vertex 72.4756 61.9648 43.3374
      vertex 72.4062 61.8203 43.1928
    endloop
  endfacet
  facet normal 0.000410838 0.706813 -0.707401
    outer loop
      vertex 60 53.033 34.4056
      vertex 72.4062 61.8203 43.1928
      vertex 72.3641 61.6706 43.0432
    endloop
  endfacet
  facet normal 0 0.707107 -0.707107
    outer loop
      vertex 62 53.033 34.4056
      vertex 72.3641 61.6706 43.0432
      vertex 72.35 61.5183 42.8909
    endloop
  endfacet
  facet normal 0 0.707107 -0.707107
    outer loop
      vertex 62 53.033 34.4056
      vertex 72.35 61.5183 42.8909
      vertex 72.3641 61.366 42.7386
    endloop
  endfacet
  facet normal 2.11291e-14 0.707107 -0.707107
    outer loop
      vertex 62 53.033 34.4056
      vertex 72.3641 61.366 42.7386
      vertex 72.4062 61.2163 42.5889
    endloop
  endfacet
  facet normal -1.94024e-14 0.707107 -0.707107
    outer loop
      vertex 62 53.033 34.4056
      vertex 72.4062 61.2163 42.5889
      vertex 72.4756 61.0718 42.4444
    endloop
  endfacet
  facet normal 0 0.707107 -0.707107
    outer loop
      vertex 62 53.033 34.4056
      vertex 72.4756 61.0718 42.4444
      vertex 72.5711 60.9349 42.3075
    endloop
  endfacet
  facet normal 0 0.707107 -0.707107
    outer loop
      vertex 62 53.033 34.4056
      vertex 72.5711 60.9349 42.3075
      vertex 72.691 60.808 42.1806
    endloop
  endfacet
  facet normal 0 0.707107 -0.707107
    outer loop
      vertex 62 53.033 34.4056
      vertex 72.691 60.808 42.1806
      vertex 72.8333 60.6933 42.0659
    endloop
  endfacet
  facet normal -0.000232188 0.707271 -0.706943
    outer loop
      vertex 62 53.033 34.4056
      vertex 72.8333 60.6933 42.0659
      vertex 72.9955 60.5927 41.9652
    endloop
  endfacet
  facet normal 0.000230929 0.706934 -0.707279
    outer loop
      vertex 62 53.033 34.4056
      vertex 72.9955 60.5927 41.9652
      vertex 73.175 60.5079 41.8805
    endloop
  endfacet
  facet normal 1.82581e-14 0.707107 -0.707107
    outer loop
      vertex 62 53.033 34.4056
      vertex 73.175 60.5079 41.8805
      vertex 73.3686 60.4404 41.813
    endloop
  endfacet
  facet normal -1.93963e-14 0.707107 -0.707107
    outer loop
      vertex 62 53.033 34.4056
      vertex 73.3686 60.4404 41.813
      vertex 73.573 60.3913 41.7639
    endloop
  endfacet
  facet normal 0 0.707107 -0.707107
    outer loop
      vertex 62 53.033 34.4056
      vertex 73.573 60.3913 41.7639
      vertex 73.7846 60.3615 41.7341
    endloop
  endfacet
  facet normal -0.000305578 0.707352 -0.706861
    outer loop
      vertex 62 53.033 34.4056
      vertex 73.7846 60.3615 41.7341
      vertex 74 60.3516 41.7241
    endloop
  endfacet
  facet normal 0 0.707107 -0.707107
    outer loop
      vertex 72.3641 61.6706 43.0432
      vertex 62 53.033 34.4056
      vertex 60 53.033 34.4056
    endloop
  endfacet
  facet normal 0 0.707107 -0.707107
    outer loop
      vertex 72.4756 61.9648 43.3374
      vertex 60 53.033 34.4056
      vertex 55 53.033 34.4056
    endloop
  endfacet
  facet normal 0 0.707103 -0.707111
    outer loop
      vertex 72.5711 62.1017 43.4742
      vertex 55 53.033 34.4056
      vertex 53 53.033 34.4056
    endloop
  endfacet
  facet normal 0 0.707107 -0.707107
    outer loop
      vertex 72.691 62.2285 43.6011
      vertex 53 53.033 34.4056
      vertex 48 53.033 34.4056
    endloop
  endfacet
  facet normal 0 0.707107 -0.707107
    outer loop
      vertex 72.691 62.2285 43.6011
      vertex 48 53.033 34.4056
      vertex 46 53.033 34.4056
    endloop
  endfacet
  facet normal 0 0.707107 -0.707107
    outer loop
      vertex 72.8333 62.3433 43.7159
      vertex 46 53.033 34.4056
      vertex 41 53.033 34.4056
    endloop
  endfacet
  facet normal 0 0.707107 -0.707107
    outer loop
      vertex 72.8333 62.3433 43.7159
      vertex 41 53.033 34.4056
      vertex 39 53.033 34.4056
    endloop
  endfacet
  facet normal 0 0.707107 -0.707107
    outer loop
      vertex 72.9955 62.4439 43.8165
      vertex 39 53.033 34.4056
      vertex 3 62.7609 44.1335
    endloop
  endfacet
  facet normal 0 0.707107 -0.707107
    outer loop
      vertex 34 53.033 34.4056
      vertex 3 62.7609 44.1335
      vertex 39 53.033 34.4056
    endloop
  endfacet
  facet normal 0 0.707107 -0.707107
    outer loop
      vertex 32 53.033 34.4056
      vertex 3 62.7609 44.1335
      vertex 34 53.033 34.4056
    endloop
  endfacet
  facet normal 0 0.707107 -0.707107
    outer loop
      vertex 27 53.033 34.4056
      vertex 3 62.7609 44.1335
      vertex 32 53.033 34.4056
    endloop
  endfacet
  facet normal 0 0.707107 -0.707107
    outer loop
      vertex 25 53.033 34.4056
      vertex 3 62.7609 44.1335
      vertex 27 53.033 34.4056
    endloop
  endfacet
  facet normal 0 0.707107 -0.707107
    outer loop
      vertex 20 53.033 34.4056
      vertex 3 62.7609 44.1335
      vertex 25 53.033 34.4056
    endloop
  endfacet
  facet normal 0 0.707107 -0.707107
    outer loop
      vertex 18 53.033 34.4056
      vertex 3 62.7609 44.1335
      vertex 20 53.033 34.4056
    endloop
  endfacet
  facet normal -1.35341e-16 0.707107 -0.707107
    outer loop
      vertex 18 43.1335 24.5061
      vertex 3 62.7609 44.1335
      vertex 18 53.033 34.4056
    endloop
  endfacet
  facet normal 0 0.707107 -0.707107
    outer loop
      vertex 20 43.1335 24.5061
      vertex 21.97 35.3553 16.7279
      vertex 18 43.1335 24.5061
    endloop
  endfacet
  facet normal 1.07949e-16 0.707107 -0.707107
    outer loop
      vertex 3 25.6274 7
      vertex 18 43.1335 24.5061
      vertex 21.97 35.3553 16.7279
    endloop
  endfacet
  facet normal -2.56404e-06 0.707109 -0.707104
    outer loop
      vertex 3 25.6274 7
      vertex 21.97 35.3553 16.7279
      vertex 21.97 26.8701 8.24264
    endloop
  endfacet
  facet normal 1.93092e-06 0.707156 -0.707057
    outer loop
      vertex 72.4756 26.4236 7.79615
      vertex 45.97 26.8701 8.24264
      vertex 72.4062 26.5681 7.94067
    endloop
  endfacet
  facet normal -2.37163e-06 0.707028 -0.707185
    outer loop
      vertex 72.5711 26.2867 7.65928
      vertex 45.97 26.8701 8.24264
      vertex 72.4756 26.4236 7.79615
    endloop
  endfacet
  facet normal 1.08577e-06 0.707107 -0.707106
    outer loop
      vertex 72.691 26.1598 7.53238
      vertex 45.97 26.8701 8.24264
      vertex 72.5711 26.2867 7.65928
    endloop
  endfacet
  facet normal 7.87169e-06 0.707235 -0.706979
    outer loop
      vertex 72.8333 26.0451 7.41764
      vertex 45.97 26.8701 8.24264
      vertex 72.691 26.1598 7.53238
    endloop
  endfacet
  facet normal -1.81574e-05 0.706811 -0.707402
    outer loop
      vertex 72.9955 25.9444 7.31702
      vertex 45.97 26.8701 8.24264
      vertex 72.8333 26.0451 7.41764
    endloop
  endfacet
  facet normal -8.22723e-07 0.707064 -0.707149
    outer loop
      vertex 73.175 25.8596 7.23223
      vertex 45.97 26.8701 8.24264
      vertex 72.9955 25.9444 7.31702
    endloop
  endfacet
  facet normal 2.61817e-06 0.707111 -0.707103
    outer loop
      vertex 73.3686 25.7921 7.16473
      vertex 45.97 26.8701 8.24264
      vertex 73.175 25.8596 7.23223
    endloop
  endfacet
  facet normal 4.35024e-05 0.70763 -0.706583
    outer loop
      vertex 73.573 25.7431 7.11567
      vertex 45.97 26.8701 8.24264
      vertex 73.3686 25.7921 7.16473
    endloop
  endfacet
  facet normal -3.98761e-05 0.706609 -0.707604
    outer loop
      vertex 73.7846 25.7133 7.0859
      vertex 45.97 26.8701 8.24264
      vertex 73.573 25.7431 7.11567
    endloop
  endfacet
  facet normal 4.32466e-08 0.707089 -0.707125
    outer loop
      vertex 3 25.6274 7
      vertex 45.97 26.8701 8.24264
      vertex 73.7846 25.7133 7.0859
    endloop
  endfacet
  facet normal 8.36651e-07 0.706762 -0.707451
    outer loop
      vertex 3 25.6274 7
      vertex 73.7846 25.7133 7.0859
      vertex 74 25.7033 7.07591
    endloop
  endfacet
  facet normal 2.16486e-16 0.707107 -0.707107
    outer loop
      vertex 18 43.1335 24.5061
      vertex 3 25.6274 7
      vertex 3 62.7609 44.1335
    endloop
  endfacet
  facet normal 0 0.70709 -0.707124
    outer loop
      vertex 45.97 26.8701 8.24264
      vertex 3 25.6274 7
      vertex 21.97 26.8701 8.24264
    endloop
  endfacet
  facet normal 0 0.707153 -0.70706
    outer loop
      vertex 3 25.6274 7
      vertex 74 25.7033 7.07591
      vertex 101 25.6274 7
    endloop
  endfacet
  facet normal -6.33837e-05 0.707082 -0.707131
    outer loop
      vertex 62 43.1335 24.5061
      vertex 74 28.0368 9.40937
      vertex 73.7846 28.0268 9.39939
    endloop
  endfacet
  facet normal -6.028e-05 0.707084 -0.70713
    outer loop
      vertex 62 43.1335 24.5061
      vertex 73.7846 28.0268 9.39939
      vertex 73.573 27.997 9.36961
    endloop
  endfacet
  facet normal 0.000146262 0.707162 -0.707051
    outer loop
      vertex 73.3686 27.948 9.32056
      vertex 62 43.1335 24.5061
      vertex 73.573 27.997 9.36961
    endloop
  endfacet
  facet normal -5.14981e-07 0.707108 -0.707106
    outer loop
      vertex 73.175 27.8805 9.25306
      vertex 62 43.1335 24.5061
      vertex 73.3686 27.948 9.32056
    endloop
  endfacet
  facet normal -2.99155e-05 0.707097 -0.707117
    outer loop
      vertex 72.9955 27.7957 9.16827
      vertex 62 43.1335 24.5061
      vertex 73.175 27.8805 9.25306
    endloop
  endfacet
  facet normal 8.99333e-05 0.70714 -0.707074
    outer loop
      vertex 72.8333 27.6951 9.06764
      vertex 62 43.1335 24.5061
      vertex 72.9955 27.7957 9.16827
    endloop
  endfacet
  facet normal -0.000191809 0.707041 -0.707173
    outer loop
      vertex 72.691 27.5803 8.9529
      vertex 62 43.1335 24.5061
      vertex 72.8333 27.6951 9.06764
    endloop
  endfacet
  facet normal -1.22332e-14 0.707107 -0.707107
    outer loop
      vertex 72.5711 27.4534 8.826
      vertex 62 43.1335 24.5061
      vertex 72.691 27.5803 8.9529
    endloop
  endfacet
  facet normal -0.000112966 0.707069 -0.707145
    outer loop
      vertex 72.4756 27.3165 8.68913
      vertex 62 43.1335 24.5061
      vertex 72.5711 27.4534 8.826
    endloop
  endfacet
  facet normal 8.68271e-05 0.707135 -0.707079
    outer loop
      vertex 72.4062 27.172 8.54461
      vertex 62 43.1335 24.5061
      vertex 72.4756 27.3165 8.68913
    endloop
  endfacet
  facet normal -8.88357e-05 0.707072 -0.707142
    outer loop
      vertex 60 43.1335 24.5061
      vertex 72.4062 27.172 8.54461
      vertex 72.3641 27.0223 8.39493
    endloop
  endfacet
  facet normal 2.40807e-06 0.707107 -0.707107
    outer loop
      vertex 60 43.1335 24.5061
      vertex 72.3641 27.0223 8.39493
      vertex 45.97 26.8701 8.24264
    endloop
  endfacet
  facet normal 0 0.707316 -0.706898
    outer loop
      vertex 45.97 26.8701 8.24264
      vertex 72.3641 27.0223 8.39493
      vertex 72.35 26.8701 8.24264
    endloop
  endfacet
  facet normal -4.30689e-06 0.707109 -0.707104
    outer loop
      vertex 55 43.1335 24.5061
      vertex 45.97 26.8701 8.24264
      vertex 45.97 35.3553 16.7279
    endloop
  endfacet
  facet normal 0 0.707084 -0.70713
    outer loop
      vertex 72.3641 26.7178 8.09035
      vertex 45.97 26.8701 8.24264
      vertex 72.35 26.8701 8.24264
    endloop
  endfacet
  facet normal -2.77678e-07 0.70706 -0.707154
    outer loop
      vertex 72.4062 26.5681 7.94067
      vertex 45.97 26.8701 8.24264
      vertex 72.3641 26.7178 8.09035
    endloop
  endfacet
  facet normal -0.980795 0.13791 0.137918
    outer loop
      vertex 75.5938 61.2163 42.5889
      vertex 75.6359 59.6689 44.4356
      vertex 75.6359 61.366 42.7386
    endloop
  endfacet
  facet normal -0.98077 0.138007 0.137999
    outer loop
      vertex 75.6359 59.6689 44.4356
      vertex 75.5938 61.2163 42.5889
      vertex 75.5938 59.5193 44.286
    endloop
  endfacet
  facet normal -0.997864 0.04619 0.0461927
    outer loop
      vertex 75.6359 61.366 42.7386
      vertex 75.65 59.8212 44.5879
      vertex 75.65 61.5183 42.8909
    endloop
  endfacet
  facet normal -0.997864 0.04619 0.0461927
    outer loop
      vertex 75.65 59.8212 44.5879
      vertex 75.6359 61.366 42.7386
      vertex 75.6359 59.6689 44.4356
    endloop
  endfacet
  facet normal -0.946886 0.22739 0.227377
    outer loop
      vertex 75.5244 61.0718 42.4444
      vertex 75.5938 59.5193 44.286
      vertex 75.5938 61.2163 42.5889
    endloop
  endfacet
  facet normal -0.946954 0.227236 0.227249
    outer loop
      vertex 75.5938 59.5193 44.286
      vertex 75.5244 61.0718 42.4444
      vertex 75.5244 59.3747 44.1414
    endloop
  endfacet
  facet normal 0.997864 -0.04619 -0.0461927
    outer loop
      vertex 72.3641 59.9735 44.7402
      vertex 72.35 61.5183 42.8909
      vertex 72.3641 61.6706 43.0432
    endloop
  endfacet
  facet normal 0.997864 -0.04619 -0.0461927
    outer loop
      vertex 72.35 61.5183 42.8909
      vertex 72.3641 59.9735 44.7402
      vertex 72.35 59.8212 44.5879
    endloop
  endfacet
  facet normal 0.831398 -0.392935 -0.392912
    outer loop
      vertex 72.691 60.5315 45.2982
      vertex 72.5711 62.1017 43.4742
      vertex 72.691 62.2285 43.6011
    endloop
  endfacet
  facet normal 0.831499 -0.392816 -0.392816
    outer loop
      vertex 72.5711 62.1017 43.4742
      vertex 72.691 60.5315 45.2982
      vertex 72.5711 60.4046 45.1713
    endloop
  endfacet
  facet normal 0.980783 -0.137958 -0.137958
    outer loop
      vertex 72.4062 60.1232 44.8899
      vertex 72.3641 61.6706 43.0432
      vertex 72.4062 61.8203 43.1928
    endloop
  endfacet
  facet normal 0.980795 -0.13791 -0.137918
    outer loop
      vertex 72.3641 61.6706 43.0432
      vertex 72.4062 60.1232 44.8899
      vertex 72.3641 59.9735 44.7402
    endloop
  endfacet
  facet normal 0.896764 -0.312901 -0.312901
    outer loop
      vertex 72.5711 60.4046 45.1713
      vertex 72.4756 61.9648 43.3374
      vertex 72.5711 62.1017 43.4742
    endloop
  endfacet
  facet normal 0.896828 -0.3128 -0.312818
    outer loop
      vertex 72.4756 61.9648 43.3374
      vertex 72.5711 60.4046 45.1713
      vertex 72.4756 60.2677 45.0344
    endloop
  endfacet
  facet normal -0.321074 0.669649 0.669688
    outer loop
      vertex 74.6314 60.4404 41.813
      vertex 74.427 58.6943 43.461
      vertex 74.6314 58.7433 43.51
    endloop
  endfacet
  facet normal -0.321661 0.669547 0.669508
    outer loop
      vertex 74.427 58.6943 43.461
      vertex 74.6314 60.4404 41.813
      vertex 74.427 60.3913 41.7639
    endloop
  endfacet
  facet normal -0.442238 -0.634184 -0.634221
    outer loop
      vertex 74.6314 62.5962 43.9688
      vertex 74.825 60.8316 45.5983
      vertex 74.6314 60.8991 45.6658
    endloop
  endfacet
  facet normal -0.442238 -0.634184 -0.634221
    outer loop
      vertex 74.825 60.8316 45.5983
      vertex 74.6314 62.5962 43.9688
      vertex 74.825 62.5287 43.9013
    endloop
  endfacet
  facet normal -0.321661 -0.669527 -0.669527
    outer loop
      vertex 74.427 62.6453 44.0178
      vertex 74.6314 60.8991 45.6658
      vertex 74.427 60.9482 45.7149
    endloop
  endfacet
  facet normal -0.321368 -0.669578 -0.669618
    outer loop
      vertex 74.6314 60.8991 45.6658
      vertex 74.427 62.6453 44.0178
      vertex 74.6314 62.5962 43.9688
    endloop
  endfacet
  facet normal -0.896828 0.3128 0.312818
    outer loop
      vertex 75.4289 60.9349 42.3075
      vertex 75.5244 59.3747 44.1414
      vertex 75.5244 61.0718 42.4444
    endloop
  endfacet
  facet normal -0.8967 0.313002 0.312984
    outer loop
      vertex 75.5244 59.3747 44.1414
      vertex 75.4289 60.9349 42.3075
      vertex 75.4289 59.2379 44.0046
    endloop
  endfacet
  facet normal 0.997864 0.04619 0.0461927
    outer loop
      vertex 72.35 59.8212 44.5879
      vertex 72.3641 61.366 42.7386
      vertex 72.35 61.5183 42.8909
    endloop
  endfacet
  facet normal 0.997864 0.04619 0.0461927
    outer loop
      vertex 72.3641 61.366 42.7386
      vertex 72.35 59.8212 44.5879
      vertex 72.3641 59.6689 44.4356
    endloop
  endfacet
  facet normal -0.19533 -0.693486 -0.693486
    outer loop
      vertex 74.2154 60.978 45.7447
      vertex 74.427 62.6453 44.0178
      vertex 74.427 60.9482 45.7149
    endloop
  endfacet
  facet normal -0.195014 -0.693551 -0.69351
    outer loop
      vertex 74.427 62.6453 44.0178
      vertex 74.2154 60.978 45.7447
      vertex 74.2154 62.675 44.0476
    endloop
  endfacet
  facet normal 0.751736 0.466326 0.466298
    outer loop
      vertex 72.691 59.111 43.8777
      vertex 72.8333 60.6933 42.0659
      vertex 72.691 60.808 42.1806
    endloop
  endfacet
  facet normal 0.75202 0.466069 0.466096
    outer loop
      vertex 72.8333 60.6933 42.0659
      vertex 72.691 59.111 43.8777
      vertex 72.8333 58.9962 43.7629
    endloop
  endfacet
  facet normal -0.555529 0.587957 0.587957
    outer loop
      vertex 75.0045 60.5927 41.9652
      vertex 74.825 58.8108 43.5775
      vertex 75.0045 58.8956 43.6623
    endloop
  endfacet
  facet normal -0.555303 0.588047 0.588081
    outer loop
      vertex 74.825 58.8108 43.5775
      vertex 75.0045 60.5927 41.9652
      vertex 74.825 60.5079 41.8805
    endloop
  endfacet
  facet normal -0.19533 0.693507 0.693466
    outer loop
      vertex 74.2154 60.3615 41.7341
      vertex 74.427 58.6943 43.461
      vertex 74.427 60.3913 41.7639
    endloop
  endfacet
  facet normal -0.19533 0.693507 0.693466
    outer loop
      vertex 74.427 58.6943 43.461
      vertex 74.2154 60.3615 41.7341
      vertex 74.2154 58.6645 43.4312
    endloop
  endfacet
  facet normal -0.94692 -0.227306 -0.22732
    outer loop
      vertex 75.5938 61.8203 43.1928
      vertex 75.5244 60.2677 45.0344
      vertex 75.5244 61.9648 43.3374
    endloop
  endfacet
  facet normal -0.946886 -0.227384 -0.227384
    outer loop
      vertex 75.5244 60.2677 45.0344
      vertex 75.5938 61.8203 43.1928
      vertex 75.5938 60.1232 44.8899
    endloop
  endfacet
  facet normal -0.896764 -0.312901 -0.312901
    outer loop
      vertex 75.5244 61.9648 43.3374
      vertex 75.4289 60.4046 45.1713
      vertex 75.4289 62.1017 43.4742
    endloop
  endfacet
  facet normal -0.896828 -0.3128 -0.312818
    outer loop
      vertex 75.4289 60.4046 45.1713
      vertex 75.5244 61.9648 43.3374
      vertex 75.5244 60.2677 45.0344
    endloop
  endfacet
  facet normal -0.997864 -0.04619 -0.0461927
    outer loop
      vertex 75.65 61.5183 42.8909
      vertex 75.6359 59.9735 44.7402
      vertex 75.6359 61.6706 43.0432
    endloop
  endfacet
  facet normal -0.997864 -0.04619 -0.0461927
    outer loop
      vertex 75.6359 59.9735 44.7402
      vertex 75.65 61.5183 42.8909
      vertex 75.65 59.8212 44.5879
    endloop
  endfacet
  facet normal -0.751736 0.466326 0.466298
    outer loop
      vertex 75.1667 60.6933 42.0659
      vertex 75.309 59.111 43.8777
      vertex 75.309 60.808 42.1806
    endloop
  endfacet
  facet normal -0.75202 0.466069 0.466096
    outer loop
      vertex 75.309 59.111 43.8777
      vertex 75.1667 60.6933 42.0659
      vertex 75.1667 58.9962 43.7629
    endloop
  endfacet
  facet normal 0.659595 0.531461 0.531492
    outer loop
      vertex 72.8333 58.9962 43.7629
      vertex 72.9955 60.5927 41.9652
      vertex 72.8333 60.6933 42.0659
    endloop
  endfacet
  facet normal 0.659409 0.531592 0.531592
    outer loop
      vertex 72.9955 60.5927 41.9652
      vertex 72.8333 58.9962 43.7629
      vertex 72.9955 58.8956 43.6623
    endloop
  endfacet
  facet normal 0.19533 0.693507 0.693466
    outer loop
      vertex 73.573 58.6943 43.461
      vertex 73.7846 60.3615 41.7341
      vertex 73.573 60.3913 41.7639
    endloop
  endfacet
  facet normal 0.19533 0.693507 0.693466
    outer loop
      vertex 73.7846 60.3615 41.7341
      vertex 73.573 58.6943 43.461
      vertex 73.7846 58.6645 43.4312
    endloop
  endfacet
  facet normal -0.659409 -0.531607 -0.531576
    outer loop
      vertex 75.1667 62.3433 43.7159
      vertex 75.0045 60.7469 45.5136
      vertex 75.0045 62.4439 43.8165
    endloop
  endfacet
  facet normal -0.65978 -0.531346 -0.531377
    outer loop
      vertex 75.0045 60.7469 45.5136
      vertex 75.1667 62.3433 43.7159
      vertex 75.1667 60.6462 45.4129
    endloop
  endfacet
  facet normal 0.75202 -0.466069 -0.466096
    outer loop
      vertex 72.8333 60.6462 45.4129
      vertex 72.691 62.2285 43.6011
      vertex 72.8333 62.3433 43.7159
    endloop
  endfacet
  facet normal 0.751736 -0.466326 -0.466298
    outer loop
      vertex 72.691 62.2285 43.6011
      vertex 72.8333 60.6462 45.4129
      vertex 72.691 60.5315 45.2982
    endloop
  endfacet
  facet normal 0.442238 0.634184 0.634221
    outer loop
      vertex 73.3686 58.7433 43.51
      vertex 73.175 60.5079 41.8805
      vertex 73.175 58.8108 43.5775
    endloop
  endfacet
  facet normal 0.442238 0.634184 0.634221
    outer loop
      vertex 73.175 60.5079 41.8805
      vertex 73.3686 58.7433 43.51
      vertex 73.3686 60.4404 41.813
    endloop
  endfacet
  facet normal -0.555076 -0.588154 -0.588188
    outer loop
      vertex 74.825 62.5287 43.9013
      vertex 75.0045 60.7469 45.5136
      vertex 74.825 60.8316 45.5983
    endloop
  endfacet
  facet normal -0.555529 -0.587974 -0.58794
    outer loop
      vertex 75.0045 60.7469 45.5136
      vertex 74.825 62.5287 43.9013
      vertex 75.0045 62.4439 43.8165
    endloop
  endfacet
  facet normal -0.659595 0.531461 0.531492
    outer loop
      vertex 75.0045 60.5927 41.9652
      vertex 75.1667 58.9962 43.7629
      vertex 75.1667 60.6933 42.0659
    endloop
  endfacet
  facet normal -0.659409 0.531592 0.531592
    outer loop
      vertex 75.1667 58.9962 43.7629
      vertex 75.0045 60.5927 41.9652
      vertex 75.0045 58.8956 43.6623
    endloop
  endfacet
  facet normal -0.831499 0.392828 0.392805
    outer loop
      vertex 75.309 60.808 42.1806
      vertex 75.4289 59.2379 44.0046
      vertex 75.4289 60.9349 42.3075
    endloop
  endfacet
  facet normal -0.831499 0.392828 0.392805
    outer loop
      vertex 75.4289 59.2379 44.0046
      vertex 75.309 60.808 42.1806
      vertex 75.309 59.111 43.8777
    endloop
  endfacet
  facet normal -0.442238 0.634184 0.634221
    outer loop
      vertex 74.825 60.5079 41.8805
      vertex 74.6314 58.7433 43.51
      vertex 74.825 58.8108 43.5775
    endloop
  endfacet
  facet normal -0.442238 0.634184 0.634221
    outer loop
      vertex 74.6314 58.7433 43.51
      vertex 74.825 60.5079 41.8805
      vertex 74.6314 60.4404 41.813
    endloop
  endfacet
  facet normal -0.980783 -0.137958 -0.137958
    outer loop
      vertex 75.6359 61.6706 43.0432
      vertex 75.5938 60.1232 44.8899
      vertex 75.5938 61.8203 43.1928
    endloop
  endfacet
  facet normal -0.980795 -0.13791 -0.137918
    outer loop
      vertex 75.5938 60.1232 44.8899
      vertex 75.6359 61.6706 43.0432
      vertex 75.6359 59.9735 44.7402
    endloop
  endfacet
  facet normal 0.321661 -0.669527 -0.669527
    outer loop
      vertex 73.3686 60.8991 45.6658
      vertex 73.573 62.6453 44.0178
      vertex 73.573 60.9482 45.7149
    endloop
  endfacet
  facet normal 0.321368 -0.669578 -0.669618
    outer loop
      vertex 73.573 62.6453 44.0178
      vertex 73.3686 60.8991 45.6658
      vertex 73.3686 62.5962 43.9688
    endloop
  endfacet
  facet normal -0.75202 -0.466069 -0.466096
    outer loop
      vertex 75.309 62.2285 43.6011
      vertex 75.1667 60.6462 45.4129
      vertex 75.1667 62.3433 43.7159
    endloop
  endfacet
  facet normal -0.751736 -0.466326 -0.466298
    outer loop
      vertex 75.1667 60.6462 45.4129
      vertex 75.309 62.2285 43.6011
      vertex 75.309 60.5315 45.2982
    endloop
  endfacet
  facet normal -0.831398 -0.392935 -0.392912
    outer loop
      vertex 75.4289 62.1017 43.4742
      vertex 75.309 60.5315 45.2982
      vertex 75.309 62.2285 43.6011
    endloop
  endfacet
  facet normal -0.831499 -0.392816 -0.392816
    outer loop
      vertex 75.309 60.5315 45.2982
      vertex 75.4289 62.1017 43.4742
      vertex 75.4289 60.4046 45.1713
    endloop
  endfacet
  facet normal 0.0655142 -0.705608 -0.705567
    outer loop
      vertex 73.7846 60.978 45.7447
      vertex 74 62.685 44.0576
      vertex 74 60.988 45.7547
    endloop
  endfacet
  facet normal 0.0655142 -0.705608 -0.705567
    outer loop
      vertex 74 62.685 44.0576
      vertex 73.7846 60.978 45.7447
      vertex 73.7846 62.675 44.0476
    endloop
  endfacet
  facet normal 0.0655142 0.705608 0.705567
    outer loop
      vertex 74 58.6545 43.4212
      vertex 73.7846 60.3615 41.7341
      vertex 73.7846 58.6645 43.4312
    endloop
  endfacet
  facet normal 0.065188 0.705603 0.705603
    outer loop
      vertex 73.7846 60.3615 41.7341
      vertex 74 58.6545 43.4212
      vertex 74 60.3516 41.7241
    endloop
  endfacet
  facet normal 0.659409 -0.531607 -0.531576
    outer loop
      vertex 72.9955 60.7469 45.5136
      vertex 72.8333 62.3433 43.7159
      vertex 72.9955 62.4439 43.8165
    endloop
  endfacet
  facet normal 0.65978 -0.531346 -0.531377
    outer loop
      vertex 72.8333 62.3433 43.7159
      vertex 72.9955 60.7469 45.5136
      vertex 72.8333 60.6462 45.4129
    endloop
  endfacet
  facet normal 0.555076 -0.588154 -0.588188
    outer loop
      vertex 72.9955 60.7469 45.5136
      vertex 73.175 62.5287 43.9013
      vertex 73.175 60.8316 45.5983
    endloop
  endfacet
  facet normal 0.555529 -0.587974 -0.58794
    outer loop
      vertex 73.175 62.5287 43.9013
      vertex 72.9955 60.7469 45.5136
      vertex 72.9955 62.4439 43.8165
    endloop
  endfacet
  facet normal -0.0655142 -0.705608 -0.705567
    outer loop
      vertex 74 62.685 44.0576
      vertex 74.2154 60.978 45.7447
      vertex 74 60.988 45.7547
    endloop
  endfacet
  facet normal -0.0655142 -0.705608 -0.705567
    outer loop
      vertex 74.2154 60.978 45.7447
      vertex 74 62.685 44.0576
      vertex 74.2154 62.675 44.0476
    endloop
  endfacet
  facet normal -0.0655142 0.705608 0.705567
    outer loop
      vertex 74.2154 60.3615 41.7341
      vertex 74 58.6545 43.4212
      vertex 74.2154 58.6645 43.4312
    endloop
  endfacet
  facet normal -0.065188 0.705603 0.705603
    outer loop
      vertex 74 58.6545 43.4212
      vertex 74.2154 60.3615 41.7341
      vertex 74 60.3516 41.7241
    endloop
  endfacet
  facet normal 0.980795 0.13791 0.137918
    outer loop
      vertex 72.3641 59.6689 44.4356
      vertex 72.4062 61.2163 42.5889
      vertex 72.3641 61.366 42.7386
    endloop
  endfacet
  facet normal 0.98077 0.138007 0.137999
    outer loop
      vertex 72.4062 61.2163 42.5889
      vertex 72.3641 59.6689 44.4356
      vertex 72.4062 59.5193 44.286
    endloop
  endfacet
  facet normal 0.442238 -0.634184 -0.634221
    outer loop
      vertex 73.175 60.8316 45.5983
      vertex 73.3686 62.5962 43.9688
      vertex 73.3686 60.8991 45.6658
    endloop
  endfacet
  facet normal 0.442238 -0.634184 -0.634221
    outer loop
      vertex 73.3686 62.5962 43.9688
      vertex 73.175 60.8316 45.5983
      vertex 73.175 62.5287 43.9013
    endloop
  endfacet
  facet normal 0.555529 0.587957 0.587957
    outer loop
      vertex 73.175 58.8108 43.5775
      vertex 72.9955 60.5927 41.9652
      vertex 72.9955 58.8956 43.6623
    endloop
  endfacet
  facet normal 0.555303 0.588047 0.588081
    outer loop
      vertex 72.9955 60.5927 41.9652
      vertex 73.175 58.8108 43.5775
      vertex 73.175 60.5079 41.8805
    endloop
  endfacet
  facet normal 0.321074 0.669649 0.669688
    outer loop
      vertex 73.573 58.6943 43.461
      vertex 73.3686 60.4404 41.813
      vertex 73.3686 58.7433 43.51
    endloop
  endfacet
  facet normal 0.321661 0.669547 0.669508
    outer loop
      vertex 73.3686 60.4404 41.813
      vertex 73.573 58.6943 43.461
      vertex 73.573 60.3913 41.7639
    endloop
  endfacet
  facet normal 0.19533 -0.693486 -0.693486
    outer loop
      vertex 73.573 62.6453 44.0178
      vertex 73.7846 60.978 45.7447
      vertex 73.573 60.9482 45.7149
    endloop
  endfacet
  facet normal 0.195014 -0.693551 -0.69351
    outer loop
      vertex 73.7846 60.978 45.7447
      vertex 73.573 62.6453 44.0178
      vertex 73.7846 62.675 44.0476
    endloop
  endfacet
  facet normal 0.946886 0.22739 0.227377
    outer loop
      vertex 72.4062 59.5193 44.286
      vertex 72.4756 61.0718 42.4444
      vertex 72.4062 61.2163 42.5889
    endloop
  endfacet
  facet normal 0.946954 0.227236 0.227249
    outer loop
      vertex 72.4756 61.0718 42.4444
      vertex 72.4062 59.5193 44.286
      vertex 72.4756 59.3747 44.1414
    endloop
  endfacet
  facet normal 0.831499 0.392828 0.392805
    outer loop
      vertex 72.5711 59.2379 44.0046
      vertex 72.691 60.808 42.1806
      vertex 72.5711 60.9349 42.3075
    endloop
  endfacet
  facet normal 0.831499 0.392828 0.392805
    outer loop
      vertex 72.691 60.808 42.1806
      vertex 72.5711 59.2379 44.0046
      vertex 72.691 59.111 43.8777
    endloop
  endfacet
  facet normal 0.94692 -0.227306 -0.22732
    outer loop
      vertex 72.4756 60.2677 45.0344
      vertex 72.4062 61.8203 43.1928
      vertex 72.4756 61.9648 43.3374
    endloop
  endfacet
  facet normal 0.946886 -0.227384 -0.227384
    outer loop
      vertex 72.4062 61.8203 43.1928
      vertex 72.4756 60.2677 45.0344
      vertex 72.4062 60.1232 44.8899
    endloop
  endfacet
  facet normal 0.896828 0.3128 0.312818
    outer loop
      vertex 72.4756 59.3747 44.1414
      vertex 72.5711 60.9349 42.3075
      vertex 72.4756 61.0718 42.4444
    endloop
  endfacet
  facet normal 0.8967 0.313002 0.312984
    outer loop
      vertex 72.5711 60.9349 42.3075
      vertex 72.4756 59.3747 44.1414
      vertex 72.5711 59.2379 44.0046
    endloop
  endfacet
  facet normal -0.980793 0.137921 0.137925
    outer loop
      vertex 75.5938 26.5681 7.94067
      vertex 75.6359 25.0207 9.78741
      vertex 75.6359 26.7178 8.09035
    endloop
  endfacet
  facet normal -0.980793 0.137921 0.137925
    outer loop
      vertex 75.6359 25.0207 9.78741
      vertex 75.5938 26.5681 7.94067
      vertex 75.5938 24.871 9.63773
    endloop
  endfacet
  facet normal -0.997864 0.0461923 0.0461934
    outer loop
      vertex 75.6359 26.7178 8.09035
      vertex 75.65 25.173 9.9397
      vertex 75.65 26.8701 8.24264
    endloop
  endfacet
  facet normal -0.997864 0.0461923 0.0461934
    outer loop
      vertex 75.65 25.173 9.9397
      vertex 75.6359 26.7178 8.09035
      vertex 75.6359 25.0207 9.78741
    endloop
  endfacet
  facet normal -0.946893 0.227367 0.227372
    outer loop
      vertex 75.5244 26.4236 7.79615
      vertex 75.5938 24.871 9.63773
      vertex 75.5938 26.5681 7.94067
    endloop
  endfacet
  facet normal -0.946893 0.227367 0.227372
    outer loop
      vertex 75.5938 24.871 9.63773
      vertex 75.5244 26.4236 7.79615
      vertex 75.5244 24.7265 9.49321
    endloop
  endfacet
  facet normal 0.997863 -0.0462089 -0.046207
    outer loop
      vertex 72.3641 25.3253 10.092
      vertex 72.35 26.8701 8.24264
      vertex 72.3641 27.0223 8.39493
    endloop
  endfacet
  facet normal 0.997864 -0.0461908 -0.0461919
    outer loop
      vertex 72.35 26.8701 8.24264
      vertex 72.3641 25.3253 10.092
      vertex 72.35 25.173 9.9397
    endloop
  endfacet
  facet normal 0.831499 -0.392828 -0.392805
    outer loop
      vertex 72.691 25.8833 10.65
      vertex 72.5711 27.4534 8.826
      vertex 72.691 27.5803 8.9529
    endloop
  endfacet
  facet normal 0.831499 -0.392828 -0.392805
    outer loop
      vertex 72.5711 27.4534 8.826
      vertex 72.691 25.8833 10.65
      vertex 72.5711 25.7564 10.5231
    endloop
  endfacet
  facet normal 0.980793 -0.137927 -0.137919
    outer loop
      vertex 72.4062 25.475 10.2417
      vertex 72.3641 27.0223 8.39493
      vertex 72.4062 27.172 8.54461
    endloop
  endfacet
  facet normal 0.980795 -0.137917 -0.137911
    outer loop
      vertex 72.3641 27.0223 8.39493
      vertex 72.4062 25.475 10.2417
      vertex 72.3641 25.3253 10.092
    endloop
  endfacet
  facet normal 0.896809 -0.312846 -0.312827
    outer loop
      vertex 72.5711 25.7564 10.5231
      vertex 72.4756 27.3165 8.68913
      vertex 72.5711 27.4534 8.826
    endloop
  endfacet
  facet normal 0.896828 -0.312815 -0.312803
    outer loop
      vertex 72.4756 27.3165 8.68913
      vertex 72.5711 25.7564 10.5231
      vertex 72.4756 25.6195 10.3862
    endloop
  endfacet
  facet normal -0.321515 0.669573 0.669553
    outer loop
      vertex 74.6314 25.7921 7.16473
      vertex 74.427 24.046 8.81273
      vertex 74.6314 24.0951 8.86178
    endloop
  endfacet
  facet normal -0.32125 0.669618 0.669634
    outer loop
      vertex 74.427 24.046 8.81273
      vertex 74.6314 25.7921 7.16473
      vertex 74.427 25.7431 7.11567
    endloop
  endfacet
  facet normal -0.442238 -0.634191 -0.634214
    outer loop
      vertex 74.6314 27.948 9.32056
      vertex 74.825 26.1834 10.9501
      vertex 74.6314 26.2509 11.0176
    endloop
  endfacet
  facet normal -0.442238 -0.634191 -0.634214
    outer loop
      vertex 74.825 26.1834 10.9501
      vertex 74.6314 27.948 9.32056
      vertex 74.825 27.8805 9.25306
    endloop
  endfacet
  facet normal -0.321661 -0.669545 -0.66951
    outer loop
      vertex 74.427 27.997 9.36961
      vertex 74.6314 26.2509 11.0176
      vertex 74.427 26.3 11.0667
    endloop
  endfacet
  facet normal -0.321221 -0.669621 -0.669645
    outer loop
      vertex 74.6314 26.2509 11.0176
      vertex 74.427 27.997 9.36961
      vertex 74.6314 27.948 9.32056
    endloop
  endfacet
  facet normal -0.896809 0.312833 0.31284
    outer loop
      vertex 75.4289 26.2867 7.65928
      vertex 75.5244 24.7265 9.49321
      vertex 75.5244 26.4236 7.79615
    endloop
  endfacet
  facet normal -0.896816 0.312823 0.312832
    outer loop
      vertex 75.5244 24.7265 9.49321
      vertex 75.4289 26.2867 7.65928
      vertex 75.4289 24.5896 9.35633
    endloop
  endfacet
  facet normal 0.997864 0.0461923 0.0461934
    outer loop
      vertex 72.35 25.173 9.9397
      vertex 72.3641 26.7178 8.09035
      vertex 72.35 26.8701 8.24264
    endloop
  endfacet
  facet normal 0.997864 0.0461923 0.0461934
    outer loop
      vertex 72.3641 26.7178 8.09035
      vertex 72.35 25.173 9.9397
      vertex 72.3641 25.0207 9.78741
    endloop
  endfacet
  facet normal -0.194699 -0.693556 -0.693593
    outer loop
      vertex 74.2154 28.0268 9.39939
      vertex 74.427 26.3 11.0667
      vertex 74.2154 26.3297 11.0964
    endloop
  endfacet
  facet normal -0.195267 -0.693513 -0.693477
    outer loop
      vertex 74.427 26.3 11.0667
      vertex 74.2154 28.0268 9.39939
      vertex 74.427 27.997 9.36961
    endloop
  endfacet
  facet normal 0.751793 0.466261 0.466272
    outer loop
      vertex 72.691 24.4627 9.22944
      vertex 72.8333 26.0451 7.41764
      vertex 72.691 26.1598 7.53238
    endloop
  endfacet
  facet normal 0.751793 0.466261 0.466272
    outer loop
      vertex 72.8333 26.0451 7.41764
      vertex 72.691 24.4627 9.22944
      vertex 72.8333 24.348 9.1147
    endloop
  endfacet
  facet normal -0.555507 0.587976 0.587959
    outer loop
      vertex 75.0045 25.9444 7.31702
      vertex 74.825 24.1626 8.92928
      vertex 75.0045 24.2474 9.01407
    endloop
  endfacet
  facet normal -0.555507 0.587976 0.587959
    outer loop
      vertex 74.825 24.1626 8.92928
      vertex 75.0045 25.9444 7.31702
      vertex 74.825 25.8596 7.23223
    endloop
  endfacet
  facet normal -0.194951 0.693531 0.693548
    outer loop
      vertex 74.427 25.7431 7.11567
      vertex 74.2154 24.0163 8.78295
      vertex 74.427 24.046 8.81273
    endloop
  endfacet
  facet normal -0.195235 0.69351 0.693489
    outer loop
      vertex 74.2154 24.0163 8.78295
      vertex 74.427 25.7431 7.11567
      vertex 74.2154 25.7133 7.0859
    endloop
  endfacet
  facet normal -0.946893 -0.227374 -0.227365
    outer loop
      vertex 75.5938 27.172 8.54461
      vertex 75.5244 25.6195 10.3862
      vertex 75.5244 27.3165 8.68913
    endloop
  endfacet
  facet normal -0.946886 -0.22739 -0.227378
    outer loop
      vertex 75.5244 25.6195 10.3862
      vertex 75.5938 27.172 8.54461
      vertex 75.5938 25.475 10.2417
    endloop
  endfacet
  facet normal -0.896809 -0.312846 -0.312827
    outer loop
      vertex 75.5244 27.3165 8.68913
      vertex 75.4289 25.7564 10.5231
      vertex 75.4289 27.4534 8.826
    endloop
  endfacet
  facet normal -0.896828 -0.312815 -0.312803
    outer loop
      vertex 75.4289 25.7564 10.5231
      vertex 75.5244 27.3165 8.68913
      vertex 75.5244 25.6195 10.3862
    endloop
  endfacet
  facet normal -0.997863 -0.0462089 -0.046207
    outer loop
      vertex 75.65 26.8701 8.24264
      vertex 75.6359 25.3253 10.092
      vertex 75.6359 27.0223 8.39493
    endloop
  endfacet
  facet normal -0.997864 -0.0461908 -0.0461919
    outer loop
      vertex 75.6359 25.3253 10.092
      vertex 75.65 26.8701 8.24264
      vertex 75.65 25.173 9.9397
    endloop
  endfacet
  facet normal -0.751793 0.466261 0.466272
    outer loop
      vertex 75.1667 26.0451 7.41764
      vertex 75.309 24.4627 9.22944
      vertex 75.309 26.1598 7.53238
    endloop
  endfacet
  facet normal -0.751793 0.466261 0.466272
    outer loop
      vertex 75.309 24.4627 9.22944
      vertex 75.1667 26.0451 7.41764
      vertex 75.1667 24.348 9.1147
    endloop
  endfacet
  facet normal 0.659632 0.531447 0.53146
    outer loop
      vertex 72.8333 24.348 9.1147
      vertex 72.9955 25.9444 7.31702
      vertex 72.8333 26.0451 7.41764
    endloop
  endfacet
  facet normal 0.659465 0.531565 0.531549
    outer loop
      vertex 72.9955 25.9444 7.31702
      vertex 72.8333 24.348 9.1147
      vertex 72.9955 24.2474 9.01407
    endloop
  endfacet
  facet normal -0.659465 -0.531546 -0.531568
    outer loop
      vertex 75.1667 27.6951 9.06764
      vertex 75.0045 26.0986 10.8653
      vertex 75.0045 27.7957 9.16827
    endloop
  endfacet
  facet normal -0.659409 -0.531585 -0.531598
    outer loop
      vertex 75.0045 26.0986 10.8653
      vertex 75.1667 27.6951 9.06764
      vertex 75.1667 25.998 10.7647
    endloop
  endfacet
  facet normal 0.751935 -0.466146 -0.466157
    outer loop
      vertex 72.8333 25.998 10.7647
      vertex 72.691 27.5803 8.9529
      vertex 72.8333 27.6951 9.06764
    endloop
  endfacet
  facet normal 0.751736 -0.466326 -0.466298
    outer loop
      vertex 72.691 27.5803 8.9529
      vertex 72.8333 25.998 10.7647
      vertex 72.691 25.8833 10.65
    endloop
  endfacet
  facet normal 0.442238 0.634212 0.634193
    outer loop
      vertex 73.3686 24.0951 8.86178
      vertex 73.175 25.8596 7.23223
      vertex 73.175 24.1626 8.92928
    endloop
  endfacet
  facet normal 0.442238 0.634212 0.634193
    outer loop
      vertex 73.175 25.8596 7.23223
      vertex 73.3686 24.0951 8.86178
      vertex 73.3686 25.7921 7.16473
    endloop
  endfacet
  facet normal -0.555529 -0.587947 -0.587967
    outer loop
      vertex 74.825 27.8805 9.25306
      vertex 75.0045 26.0986 10.8653
      vertex 74.825 26.1834 10.9501
    endloop
  endfacet
  facet normal -0.555507 -0.587956 -0.58798
    outer loop
      vertex 75.0045 26.0986 10.8653
      vertex 74.825 27.8805 9.25306
      vertex 75.0045 27.7957 9.16827
    endloop
  endfacet
  facet normal -0.659632 0.531447 0.53146
    outer loop
      vertex 75.0045 25.9444 7.31702
      vertex 75.1667 24.348 9.1147
      vertex 75.1667 26.0451 7.41764
    endloop
  endfacet
  facet normal -0.659465 0.531565 0.531549
    outer loop
      vertex 75.1667 24.348 9.1147
      vertex 75.0045 25.9444 7.31702
      vertex 75.0045 24.2474 9.01407
    endloop
  endfacet
  facet normal -0.831499 0.39281 0.392822
    outer loop
      vertex 75.309 26.1598 7.53238
      vertex 75.4289 24.5896 9.35633
      vertex 75.4289 26.2867 7.65928
    endloop
  endfacet
  facet normal -0.831489 0.392822 0.392832
    outer loop
      vertex 75.4289 24.5896 9.35633
      vertex 75.309 26.1598 7.53238
      vertex 75.309 24.4627 9.22944
    endloop
  endfacet
  facet normal -0.442238 0.634212 0.634193
    outer loop
      vertex 74.825 25.8596 7.23223
      vertex 74.6314 24.0951 8.86178
      vertex 74.825 24.1626 8.92928
    endloop
  endfacet
  facet normal -0.442238 0.634212 0.634193
    outer loop
      vertex 74.6314 24.0951 8.86178
      vertex 74.825 25.8596 7.23223
      vertex 74.6314 25.7921 7.16473
    endloop
  endfacet
  facet normal -0.980793 -0.137927 -0.137919
    outer loop
      vertex 75.6359 27.0223 8.39493
      vertex 75.5938 25.475 10.2417
      vertex 75.5938 27.172 8.54461
    endloop
  endfacet
  facet normal -0.980795 -0.137917 -0.137911
    outer loop
      vertex 75.5938 25.475 10.2417
      vertex 75.6359 27.0223 8.39493
      vertex 75.6359 25.3253 10.092
    endloop
  endfacet
  facet normal 0.321661 -0.669545 -0.66951
    outer loop
      vertex 73.3686 26.2509 11.0176
      vertex 73.573 27.997 9.36961
      vertex 73.573 26.3 11.0667
    endloop
  endfacet
  facet normal 0.321221 -0.669621 -0.669645
    outer loop
      vertex 73.573 27.997 9.36961
      vertex 73.3686 26.2509 11.0176
      vertex 73.3686 27.948 9.32056
    endloop
  endfacet
  facet normal -0.751935 -0.466146 -0.466157
    outer loop
      vertex 75.309 27.5803 8.9529
      vertex 75.1667 25.998 10.7647
      vertex 75.1667 27.6951 9.06764
    endloop
  endfacet
  facet normal -0.751736 -0.466326 -0.466298
    outer loop
      vertex 75.1667 25.998 10.7647
      vertex 75.309 27.5803 8.9529
      vertex 75.309 25.8833 10.65
    endloop
  endfacet
  facet normal -0.831499 -0.392828 -0.392805
    outer loop
      vertex 75.4289 27.4534 8.826
      vertex 75.309 25.8833 10.65
      vertex 75.309 27.5803 8.9529
    endloop
  endfacet
  facet normal -0.831499 -0.392828 -0.392805
    outer loop
      vertex 75.309 25.8833 10.65
      vertex 75.4289 27.4534 8.826
      vertex 75.4289 25.7564 10.5231
    endloop
  endfacet
  facet normal 0.0655142 -0.705573 -0.705602
    outer loop
      vertex 73.7846 26.3297 11.0964
      vertex 74 28.0368 9.40937
      vertex 74 26.3397 11.1064
    endloop
  endfacet
  facet normal 0.0654489 -0.705572 -0.705609
    outer loop
      vertex 74 28.0368 9.40937
      vertex 73.7846 26.3297 11.0964
      vertex 73.7846 28.0268 9.39939
    endloop
  endfacet
  facet normal 0.0654489 0.705601 0.70558
    outer loop
      vertex 74 24.0063 8.77297
      vertex 73.7846 25.7133 7.0859
      vertex 73.7846 24.0163 8.78295
    endloop
  endfacet
  facet normal 0.0654816 0.705602 0.705577
    outer loop
      vertex 73.7846 25.7133 7.0859
      vertex 74 24.0063 8.77297
      vertex 74 25.7033 7.07591
    endloop
  endfacet
  facet normal 0.659465 -0.531546 -0.531568
    outer loop
      vertex 72.9955 26.0986 10.8653
      vertex 72.8333 27.6951 9.06764
      vertex 72.9955 27.7957 9.16827
    endloop
  endfacet
  facet normal 0.659409 -0.531585 -0.531598
    outer loop
      vertex 72.8333 27.6951 9.06764
      vertex 72.9955 26.0986 10.8653
      vertex 72.8333 25.998 10.7647
    endloop
  endfacet
  facet normal 0.555529 -0.587947 -0.587967
    outer loop
      vertex 72.9955 26.0986 10.8653
      vertex 73.175 27.8805 9.25306
      vertex 73.175 26.1834 10.9501
    endloop
  endfacet
  facet normal 0.555507 -0.587956 -0.58798
    outer loop
      vertex 73.175 27.8805 9.25306
      vertex 72.9955 26.0986 10.8653
      vertex 72.9955 27.7957 9.16827
    endloop
  endfacet
  facet normal -0.0655142 -0.705573 -0.705602
    outer loop
      vertex 74 28.0368 9.40937
      vertex 74.2154 26.3297 11.0964
      vertex 74 26.3397 11.1064
    endloop
  endfacet
  facet normal -0.0654489 -0.705572 -0.705609
    outer loop
      vertex 74.2154 26.3297 11.0964
      vertex 74 28.0368 9.40937
      vertex 74.2154 28.0268 9.39939
    endloop
  endfacet
  facet normal -0.0654489 0.705601 0.70558
    outer loop
      vertex 74.2154 25.7133 7.0859
      vertex 74 24.0063 8.77297
      vertex 74.2154 24.0163 8.78295
    endloop
  endfacet
  facet normal -0.0654816 0.705602 0.705577
    outer loop
      vertex 74 24.0063 8.77297
      vertex 74.2154 25.7133 7.0859
      vertex 74 25.7033 7.07591
    endloop
  endfacet
  facet normal 0.980793 0.137921 0.137925
    outer loop
      vertex 72.3641 25.0207 9.78741
      vertex 72.4062 26.5681 7.94067
      vertex 72.3641 26.7178 8.09035
    endloop
  endfacet
  facet normal 0.980793 0.137921 0.137925
    outer loop
      vertex 72.4062 26.5681 7.94067
      vertex 72.3641 25.0207 9.78741
      vertex 72.4062 24.871 9.63773
    endloop
  endfacet
  facet normal 0.442238 -0.634191 -0.634214
    outer loop
      vertex 73.175 26.1834 10.9501
      vertex 73.3686 27.948 9.32056
      vertex 73.3686 26.2509 11.0176
    endloop
  endfacet
  facet normal 0.442238 -0.634191 -0.634214
    outer loop
      vertex 73.3686 27.948 9.32056
      vertex 73.175 26.1834 10.9501
      vertex 73.175 27.8805 9.25306
    endloop
  endfacet
  facet normal 0.555507 0.587976 0.587959
    outer loop
      vertex 73.175 24.1626 8.92928
      vertex 72.9955 25.9444 7.31702
      vertex 72.9955 24.2474 9.01407
    endloop
  endfacet
  facet normal 0.555507 0.587976 0.587959
    outer loop
      vertex 72.9955 25.9444 7.31702
      vertex 73.175 24.1626 8.92928
      vertex 73.175 25.8596 7.23223
    endloop
  endfacet
  facet normal 0.194951 0.693531 0.693548
    outer loop
      vertex 73.7846 24.0163 8.78295
      vertex 73.573 25.7431 7.11567
      vertex 73.573 24.046 8.81273
    endloop
  endfacet
  facet normal 0.195235 0.69351 0.693489
    outer loop
      vertex 73.573 25.7431 7.11567
      vertex 73.7846 24.0163 8.78295
      vertex 73.7846 25.7133 7.0859
    endloop
  endfacet
  facet normal 0.321515 0.669573 0.669553
    outer loop
      vertex 73.573 24.046 8.81273
      vertex 73.3686 25.7921 7.16473
      vertex 73.3686 24.0951 8.86178
    endloop
  endfacet
  facet normal 0.32125 0.669618 0.669634
    outer loop
      vertex 73.3686 25.7921 7.16473
      vertex 73.573 24.046 8.81273
      vertex 73.573 25.7431 7.11567
    endloop
  endfacet
  facet normal 0.194699 -0.693556 -0.693593
    outer loop
      vertex 73.573 26.3 11.0667
      vertex 73.7846 28.0268 9.39939
      vertex 73.7846 26.3297 11.0964
    endloop
  endfacet
  facet normal 0.195267 -0.693513 -0.693477
    outer loop
      vertex 73.7846 28.0268 9.39939
      vertex 73.573 26.3 11.0667
      vertex 73.573 27.997 9.36961
    endloop
  endfacet
  facet normal 0.946893 0.227367 0.227372
    outer loop
      vertex 72.4062 24.871 9.63773
      vertex 72.4756 26.4236 7.79615
      vertex 72.4062 26.5681 7.94067
    endloop
  endfacet
  facet normal 0.946893 0.227367 0.227372
    outer loop
      vertex 72.4756 26.4236 7.79615
      vertex 72.4062 24.871 9.63773
      vertex 72.4756 24.7265 9.49321
    endloop
  endfacet
  facet normal 0.831499 0.39281 0.392822
    outer loop
      vertex 72.5711 24.5896 9.35633
      vertex 72.691 26.1598 7.53238
      vertex 72.5711 26.2867 7.65928
    endloop
  endfacet
  facet normal 0.831489 0.392822 0.392832
    outer loop
      vertex 72.691 26.1598 7.53238
      vertex 72.5711 24.5896 9.35633
      vertex 72.691 24.4627 9.22944
    endloop
  endfacet
  facet normal 0.946893 -0.227374 -0.227365
    outer loop
      vertex 72.4756 25.6195 10.3862
      vertex 72.4062 27.172 8.54461
      vertex 72.4756 27.3165 8.68913
    endloop
  endfacet
  facet normal 0.946886 -0.22739 -0.227378
    outer loop
      vertex 72.4062 27.172 8.54461
      vertex 72.4756 25.6195 10.3862
      vertex 72.4062 25.475 10.2417
    endloop
  endfacet
  facet normal 0.896809 0.312833 0.31284
    outer loop
      vertex 72.4756 24.7265 9.49321
      vertex 72.5711 26.2867 7.65928
      vertex 72.4756 26.4236 7.79615
    endloop
  endfacet
  facet normal 0.896816 0.312823 0.312832
    outer loop
      vertex 72.5711 26.2867 7.65928
      vertex 72.4756 24.7265 9.49321
      vertex 72.5711 24.5896 9.35633
    endloop
  endfacet
  facet normal -0.980795 0.13791 0.137918
    outer loop
      vertex 99.5938 61.2163 42.5889
      vertex 99.6359 59.6689 44.4356
      vertex 99.6359 61.366 42.7386
    endloop
  endfacet
  facet normal -0.98077 0.138007 0.137999
    outer loop
      vertex 99.6359 59.6689 44.4356
      vertex 99.5938 61.2163 42.5889
      vertex 99.5938 59.5193 44.286
    endloop
  endfacet
  facet normal -0.997864 0.04619 0.0461927
    outer loop
      vertex 99.6359 61.366 42.7386
      vertex 99.65 59.8212 44.5879
      vertex 99.65 61.5183 42.8909
    endloop
  endfacet
  facet normal -0.997864 0.04619 0.0461927
    outer loop
      vertex 99.65 59.8212 44.5879
      vertex 99.6359 61.366 42.7386
      vertex 99.6359 59.6689 44.4356
    endloop
  endfacet
  facet normal -0.946886 0.22739 0.227377
    outer loop
      vertex 99.5244 61.0718 42.4444
      vertex 99.5938 59.5193 44.286
      vertex 99.5938 61.2163 42.5889
    endloop
  endfacet
  facet normal -0.946954 0.227236 0.227249
    outer loop
      vertex 99.5938 59.5193 44.286
      vertex 99.5244 61.0718 42.4444
      vertex 99.5244 59.3747 44.1414
    endloop
  endfacet
  facet normal 0.997864 -0.04619 -0.0461927
    outer loop
      vertex 96.3641 59.9735 44.7402
      vertex 96.35 61.5183 42.8909
      vertex 96.3641 61.6706 43.0432
    endloop
  endfacet
  facet normal 0.997864 -0.04619 -0.0461927
    outer loop
      vertex 96.35 61.5183 42.8909
      vertex 96.3641 59.9735 44.7402
      vertex 96.35 59.8212 44.5879
    endloop
  endfacet
  facet normal 0.831398 -0.392935 -0.392912
    outer loop
      vertex 96.691 60.5315 45.2982
      vertex 96.5711 62.1017 43.4742
      vertex 96.691 62.2285 43.6011
    endloop
  endfacet
  facet normal 0.831499 -0.392816 -0.392816
    outer loop
      vertex 96.5711 62.1017 43.4742
      vertex 96.691 60.5315 45.2982
      vertex 96.5711 60.4046 45.1713
    endloop
  endfacet
  facet normal 0.980783 -0.137958 -0.137958
    outer loop
      vertex 96.4062 60.1232 44.8899
      vertex 96.3641 61.6706 43.0432
      vertex 96.4062 61.8203 43.1928
    endloop
  endfacet
  facet normal 0.980795 -0.13791 -0.137918
    outer loop
      vertex 96.3641 61.6706 43.0432
      vertex 96.4062 60.1232 44.8899
      vertex 96.3641 59.9735 44.7402
    endloop
  endfacet
  facet normal 0.896764 -0.312901 -0.312901
    outer loop
      vertex 96.5711 60.4046 45.1713
      vertex 96.4756 61.9648 43.3374
      vertex 96.5711 62.1017 43.4742
    endloop
  endfacet
  facet normal 0.896828 -0.3128 -0.312818
    outer loop
      vertex 96.4756 61.9648 43.3374
      vertex 96.5711 60.4046 45.1713
      vertex 96.4756 60.2677 45.0344
    endloop
  endfacet
  facet normal -0.321074 0.669649 0.669688
    outer loop
      vertex 98.6314 60.4404 41.813
      vertex 98.427 58.6943 43.461
      vertex 98.6314 58.7433 43.51
    endloop
  endfacet
  facet normal -0.321661 0.669547 0.669508
    outer loop
      vertex 98.427 58.6943 43.461
      vertex 98.6314 60.4404 41.813
      vertex 98.427 60.3913 41.7639
    endloop
  endfacet
  facet normal -0.442238 -0.634184 -0.634221
    outer loop
      vertex 98.6314 62.5962 43.9688
      vertex 98.825 60.8316 45.5983
      vertex 98.6314 60.8991 45.6658
    endloop
  endfacet
  facet normal -0.442238 -0.634184 -0.634221
    outer loop
      vertex 98.825 60.8316 45.5983
      vertex 98.6314 62.5962 43.9688
      vertex 98.825 62.5287 43.9013
    endloop
  endfacet
  facet normal -0.321661 -0.669527 -0.669527
    outer loop
      vertex 98.427 62.6453 44.0178
      vertex 98.6314 60.8991 45.6658
      vertex 98.427 60.9482 45.7149
    endloop
  endfacet
  facet normal -0.321368 -0.669578 -0.669618
    outer loop
      vertex 98.6314 60.8991 45.6658
      vertex 98.427 62.6453 44.0178
      vertex 98.6314 62.5962 43.9688
    endloop
  endfacet
  facet normal -0.896828 0.3128 0.312818
    outer loop
      vertex 99.4289 60.9349 42.3075
      vertex 99.5244 59.3747 44.1414
      vertex 99.5244 61.0718 42.4444
    endloop
  endfacet
  facet normal -0.8967 0.313002 0.312984
    outer loop
      vertex 99.5244 59.3747 44.1414
      vertex 99.4289 60.9349 42.3075
      vertex 99.4289 59.2379 44.0046
    endloop
  endfacet
  facet normal 0.997864 0.04619 0.0461927
    outer loop
      vertex 96.35 59.8212 44.5879
      vertex 96.3641 61.366 42.7386
      vertex 96.35 61.5183 42.8909
    endloop
  endfacet
  facet normal 0.997864 0.04619 0.0461927
    outer loop
      vertex 96.3641 61.366 42.7386
      vertex 96.35 59.8212 44.5879
      vertex 96.3641 59.6689 44.4356
    endloop
  endfacet
  facet normal -0.19533 -0.693486 -0.693486
    outer loop
      vertex 98.2154 60.978 45.7447
      vertex 98.427 62.6453 44.0178
      vertex 98.427 60.9482 45.7149
    endloop
  endfacet
  facet normal -0.195014 -0.693551 -0.69351
    outer loop
      vertex 98.427 62.6453 44.0178
      vertex 98.2154 60.978 45.7447
      vertex 98.2154 62.675 44.0476
    endloop
  endfacet
  facet normal 0.751736 0.466326 0.466298
    outer loop
      vertex 96.691 59.111 43.8777
      vertex 96.8333 60.6933 42.0659
      vertex 96.691 60.808 42.1806
    endloop
  endfacet
  facet normal 0.75202 0.466069 0.466096
    outer loop
      vertex 96.8333 60.6933 42.0659
      vertex 96.691 59.111 43.8777
      vertex 96.8333 58.9962 43.7629
    endloop
  endfacet
  facet normal -0.555529 0.587957 0.587957
    outer loop
      vertex 99.0045 60.5927 41.9652
      vertex 98.825 58.8108 43.5775
      vertex 99.0045 58.8956 43.6623
    endloop
  endfacet
  facet normal -0.555303 0.588047 0.588081
    outer loop
      vertex 98.825 58.8108 43.5775
      vertex 99.0045 60.5927 41.9652
      vertex 98.825 60.5079 41.8805
    endloop
  endfacet
  facet normal -0.19533 0.693507 0.693466
    outer loop
      vertex 98.2154 60.3615 41.7341
      vertex 98.427 58.6943 43.461
      vertex 98.427 60.3913 41.7639
    endloop
  endfacet
  facet normal -0.19533 0.693507 0.693466
    outer loop
      vertex 98.427 58.6943 43.461
      vertex 98.2154 60.3615 41.7341
      vertex 98.2154 58.6645 43.4312
    endloop
  endfacet
  facet normal -0.94692 -0.227306 -0.22732
    outer loop
      vertex 99.5938 61.8203 43.1928
      vertex 99.5244 60.2677 45.0344
      vertex 99.5244 61.9648 43.3374
    endloop
  endfacet
  facet normal -0.946886 -0.227384 -0.227384
    outer loop
      vertex 99.5244 60.2677 45.0344
      vertex 99.5938 61.8203 43.1928
      vertex 99.5938 60.1232 44.8899
    endloop
  endfacet
  facet normal -0.896764 -0.312901 -0.312901
    outer loop
      vertex 99.5244 61.9648 43.3374
      vertex 99.4289 60.4046 45.1713
      vertex 99.4289 62.1017 43.4742
    endloop
  endfacet
  facet normal -0.896828 -0.3128 -0.312818
    outer loop
      vertex 99.4289 60.4046 45.1713
      vertex 99.5244 61.9648 43.3374
      vertex 99.5244 60.2677 45.0344
    endloop
  endfacet
  facet normal -0.997864 -0.04619 -0.0461927
    outer loop
      vertex 99.65 61.5183 42.8909
      vertex 99.6359 59.9735 44.7402
      vertex 99.6359 61.6706 43.0432
    endloop
  endfacet
  facet normal -0.997864 -0.04619 -0.0461927
    outer loop
      vertex 99.6359 59.9735 44.7402
      vertex 99.65 61.5183 42.8909
      vertex 99.65 59.8212 44.5879
    endloop
  endfacet
  facet normal -0.751736 0.466326 0.466298
    outer loop
      vertex 99.1667 60.6933 42.0659
      vertex 99.309 59.111 43.8777
      vertex 99.309 60.808 42.1806
    endloop
  endfacet
  facet normal -0.75202 0.466069 0.466096
    outer loop
      vertex 99.309 59.111 43.8777
      vertex 99.1667 60.6933 42.0659
      vertex 99.1667 58.9962 43.7629
    endloop
  endfacet
  facet normal 0.659595 0.531461 0.531492
    outer loop
      vertex 96.8333 58.9962 43.7629
      vertex 96.9955 60.5927 41.9652
      vertex 96.8333 60.6933 42.0659
    endloop
  endfacet
  facet normal 0.659409 0.531592 0.531592
    outer loop
      vertex 96.9955 60.5927 41.9652
      vertex 96.8333 58.9962 43.7629
      vertex 96.9955 58.8956 43.6623
    endloop
  endfacet
  facet normal -0.659409 -0.531607 -0.531576
    outer loop
      vertex 99.1667 62.3433 43.7159
      vertex 99.0045 60.7469 45.5136
      vertex 99.0045 62.4439 43.8165
    endloop
  endfacet
  facet normal -0.65978 -0.531346 -0.531377
    outer loop
      vertex 99.0045 60.7469 45.5136
      vertex 99.1667 62.3433 43.7159
      vertex 99.1667 60.6462 45.4129
    endloop
  endfacet
  facet normal 0.75202 -0.466069 -0.466096
    outer loop
      vertex 96.8333 60.6462 45.4129
      vertex 96.691 62.2285 43.6011
      vertex 96.8333 62.3433 43.7159
    endloop
  endfacet
  facet normal 0.751736 -0.466326 -0.466298
    outer loop
      vertex 96.691 62.2285 43.6011
      vertex 96.8333 60.6462 45.4129
      vertex 96.691 60.5315 45.2982
    endloop
  endfacet
  facet normal 0.442238 0.634184 0.634221
    outer loop
      vertex 97.3686 58.7433 43.51
      vertex 97.175 60.5079 41.8805
      vertex 97.175 58.8108 43.5775
    endloop
  endfacet
  facet normal 0.442238 0.634184 0.634221
    outer loop
      vertex 97.175 60.5079 41.8805
      vertex 97.3686 58.7433 43.51
      vertex 97.3686 60.4404 41.813
    endloop
  endfacet
  facet normal -0.555076 -0.588154 -0.588188
    outer loop
      vertex 98.825 62.5287 43.9013
      vertex 99.0045 60.7469 45.5136
      vertex 98.825 60.8316 45.5983
    endloop
  endfacet
  facet normal -0.555529 -0.587974 -0.58794
    outer loop
      vertex 99.0045 60.7469 45.5136
      vertex 98.825 62.5287 43.9013
      vertex 99.0045 62.4439 43.8165
    endloop
  endfacet
  facet normal -0.659595 0.531461 0.531492
    outer loop
      vertex 99.0045 60.5927 41.9652
      vertex 99.1667 58.9962 43.7629
      vertex 99.1667 60.6933 42.0659
    endloop
  endfacet
  facet normal -0.659409 0.531592 0.531592
    outer loop
      vertex 99.1667 58.9962 43.7629
      vertex 99.0045 60.5927 41.9652
      vertex 99.0045 58.8956 43.6623
    endloop
  endfacet
  facet normal -0.831499 0.392828 0.392805
    outer loop
      vertex 99.309 60.808 42.1806
      vertex 99.4289 59.2379 44.0046
      vertex 99.4289 60.9349 42.3075
    endloop
  endfacet
  facet normal -0.831499 0.392828 0.392805
    outer loop
      vertex 99.4289 59.2379 44.0046
      vertex 99.309 60.808 42.1806
      vertex 99.309 59.111 43.8777
    endloop
  endfacet
  facet normal -0.442238 0.634184 0.634221
    outer loop
      vertex 98.825 60.5079 41.8805
      vertex 98.6314 58.7433 43.51
      vertex 98.825 58.8108 43.5775
    endloop
  endfacet
  facet normal -0.442238 0.634184 0.634221
    outer loop
      vertex 98.6314 58.7433 43.51
      vertex 98.825 60.5079 41.8805
      vertex 98.6314 60.4404 41.813
    endloop
  endfacet
  facet normal -0.980783 -0.137958 -0.137958
    outer loop
      vertex 99.6359 61.6706 43.0432
      vertex 99.5938 60.1232 44.8899
      vertex 99.5938 61.8203 43.1928
    endloop
  endfacet
  facet normal -0.980795 -0.13791 -0.137918
    outer loop
      vertex 99.5938 60.1232 44.8899
      vertex 99.6359 61.6706 43.0432
      vertex 99.6359 59.9735 44.7402
    endloop
  endfacet
  facet normal 0.321661 -0.669527 -0.669527
    outer loop
      vertex 97.3686 60.8991 45.6658
      vertex 97.573 62.6453 44.0178
      vertex 97.573 60.9482 45.7149
    endloop
  endfacet
  facet normal 0.321368 -0.669578 -0.669618
    outer loop
      vertex 97.573 62.6453 44.0178
      vertex 97.3686 60.8991 45.6658
      vertex 97.3686 62.5962 43.9688
    endloop
  endfacet
  facet normal -0.75202 -0.466069 -0.466096
    outer loop
      vertex 99.309 62.2285 43.6011
      vertex 99.1667 60.6462 45.4129
      vertex 99.1667 62.3433 43.7159
    endloop
  endfacet
  facet normal -0.751736 -0.466326 -0.466298
    outer loop
      vertex 99.1667 60.6462 45.4129
      vertex 99.309 62.2285 43.6011
      vertex 99.309 60.5315 45.2982
    endloop
  endfacet
  facet normal -0.831398 -0.392935 -0.392912
    outer loop
      vertex 99.4289 62.1017 43.4742
      vertex 99.309 60.5315 45.2982
      vertex 99.309 62.2285 43.6011
    endloop
  endfacet
  facet normal -0.831499 -0.392816 -0.392816
    outer loop
      vertex 99.309 60.5315 45.2982
      vertex 99.4289 62.1017 43.4742
      vertex 99.4289 60.4046 45.1713
    endloop
  endfacet
  facet normal 0.0655142 -0.705608 -0.705567
    outer loop
      vertex 97.7846 60.978 45.7447
      vertex 98 62.685 44.0576
      vertex 98 60.988 45.7547
    endloop
  endfacet
  facet normal 0.0655142 -0.705608 -0.705567
    outer loop
      vertex 98 62.685 44.0576
      vertex 97.7846 60.978 45.7447
      vertex 97.7846 62.675 44.0476
    endloop
  endfacet
  facet normal 0.0655142 0.705608 0.705567
    outer loop
      vertex 98 58.6545 43.4212
      vertex 97.7846 60.3615 41.7341
      vertex 97.7846 58.6645 43.4312
    endloop
  endfacet
  facet normal 0.065188 0.705603 0.705603
    outer loop
      vertex 97.7846 60.3615 41.7341
      vertex 98 58.6545 43.4212
      vertex 98 60.3516 41.7241
    endloop
  endfacet
  facet normal 0.659409 -0.531607 -0.531576
    outer loop
      vertex 96.9955 60.7469 45.5136
      vertex 96.8333 62.3433 43.7159
      vertex 96.9955 62.4439 43.8165
    endloop
  endfacet
  facet normal 0.65978 -0.531346 -0.531377
    outer loop
      vertex 96.8333 62.3433 43.7159
      vertex 96.9955 60.7469 45.5136
      vertex 96.8333 60.6462 45.4129
    endloop
  endfacet
  facet normal 0.555076 -0.588154 -0.588188
    outer loop
      vertex 96.9955 60.7469 45.5136
      vertex 97.175 62.5287 43.9013
      vertex 97.175 60.8316 45.5983
    endloop
  endfacet
  facet normal 0.555529 -0.587974 -0.58794
    outer loop
      vertex 97.175 62.5287 43.9013
      vertex 96.9955 60.7469 45.5136
      vertex 96.9955 62.4439 43.8165
    endloop
  endfacet
  facet normal -0.0655142 -0.705608 -0.705567
    outer loop
      vertex 98 62.685 44.0576
      vertex 98.2154 60.978 45.7447
      vertex 98 60.988 45.7547
    endloop
  endfacet
  facet normal -0.0655142 -0.705608 -0.705567
    outer loop
      vertex 98.2154 60.978 45.7447
      vertex 98 62.685 44.0576
      vertex 98.2154 62.675 44.0476
    endloop
  endfacet
  facet normal -0.0655142 0.705608 0.705567
    outer loop
      vertex 98.2154 60.3615 41.7341
      vertex 98 58.6545 43.4212
      vertex 98.2154 58.6645 43.4312
    endloop
  endfacet
  facet normal -0.065188 0.705603 0.705603
    outer loop
      vertex 98 58.6545 43.4212
      vertex 98.2154 60.3615 41.7341
      vertex 98 60.3516 41.7241
    endloop
  endfacet
  facet normal 0.980795 0.13791 0.137918
    outer loop
      vertex 96.3641 59.6689 44.4356
      vertex 96.4062 61.2163 42.5889
      vertex 96.3641 61.366 42.7386
    endloop
  endfacet
  facet normal 0.98077 0.138007 0.137999
    outer loop
      vertex 96.4062 61.2163 42.5889
      vertex 96.3641 59.6689 44.4356
      vertex 96.4062 59.5193 44.286
    endloop
  endfacet
  facet normal 0.442238 -0.634184 -0.634221
    outer loop
      vertex 97.175 60.8316 45.5983
      vertex 97.3686 62.5962 43.9688
      vertex 97.3686 60.8991 45.6658
    endloop
  endfacet
  facet normal 0.442238 -0.634184 -0.634221
    outer loop
      vertex 97.3686 62.5962 43.9688
      vertex 97.175 60.8316 45.5983
      vertex 97.175 62.5287 43.9013
    endloop
  endfacet
  facet normal 0.555529 0.587957 0.587957
    outer loop
      vertex 97.175 58.8108 43.5775
      vertex 96.9955 60.5927 41.9652
      vertex 96.9955 58.8956 43.6623
    endloop
  endfacet
  facet normal 0.555303 0.588047 0.588081
    outer loop
      vertex 96.9955 60.5927 41.9652
      vertex 97.175 58.8108 43.5775
      vertex 97.175 60.5079 41.8805
    endloop
  endfacet
  facet normal 0.19533 0.693507 0.693466
    outer loop
      vertex 97.573 58.6943 43.461
      vertex 97.7846 60.3615 41.7341
      vertex 97.573 60.3913 41.7639
    endloop
  endfacet
  facet normal 0.19533 0.693507 0.693466
    outer loop
      vertex 97.7846 60.3615 41.7341
      vertex 97.573 58.6943 43.461
      vertex 97.7846 58.6645 43.4312
    endloop
  endfacet
  facet normal 0.321074 0.669649 0.669688
    outer loop
      vertex 97.573 58.6943 43.461
      vertex 97.3686 60.4404 41.813
      vertex 97.3686 58.7433 43.51
    endloop
  endfacet
  facet normal 0.321661 0.669547 0.669508
    outer loop
      vertex 97.3686 60.4404 41.813
      vertex 97.573 58.6943 43.461
      vertex 97.573 60.3913 41.7639
    endloop
  endfacet
  facet normal 0.19533 -0.693486 -0.693486
    outer loop
      vertex 97.573 62.6453 44.0178
      vertex 97.7846 60.978 45.7447
      vertex 97.573 60.9482 45.7149
    endloop
  endfacet
  facet normal 0.195014 -0.693551 -0.69351
    outer loop
      vertex 97.7846 60.978 45.7447
      vertex 97.573 62.6453 44.0178
      vertex 97.7846 62.675 44.0476
    endloop
  endfacet
  facet normal 0.946886 0.22739 0.227377
    outer loop
      vertex 96.4062 59.5193 44.286
      vertex 96.4756 61.0718 42.4444
      vertex 96.4062 61.2163 42.5889
    endloop
  endfacet
  facet normal 0.946954 0.227236 0.227249
    outer loop
      vertex 96.4756 61.0718 42.4444
      vertex 96.4062 59.5193 44.286
      vertex 96.4756 59.3747 44.1414
    endloop
  endfacet
  facet normal 0.831499 0.392828 0.392805
    outer loop
      vertex 96.5711 59.2379 44.0046
      vertex 96.691 60.808 42.1806
      vertex 96.5711 60.9349 42.3075
    endloop
  endfacet
  facet normal 0.831499 0.392828 0.392805
    outer loop
      vertex 96.691 60.808 42.1806
      vertex 96.5711 59.2379 44.0046
      vertex 96.691 59.111 43.8777
    endloop
  endfacet
  facet normal 0.94692 -0.227306 -0.22732
    outer loop
      vertex 96.4756 60.2677 45.0344
      vertex 96.4062 61.8203 43.1928
      vertex 96.4756 61.9648 43.3374
    endloop
  endfacet
  facet normal 0.946886 -0.227384 -0.227384
    outer loop
      vertex 96.4062 61.8203 43.1928
      vertex 96.4756 60.2677 45.0344
      vertex 96.4062 60.1232 44.8899
    endloop
  endfacet
  facet normal 0.896828 0.3128 0.312818
    outer loop
      vertex 96.4756 59.3747 44.1414
      vertex 96.5711 60.9349 42.3075
      vertex 96.4756 61.0718 42.4444
    endloop
  endfacet
  facet normal 0.8967 0.313002 0.312984
    outer loop
      vertex 96.5711 60.9349 42.3075
      vertex 96.4756 59.3747 44.1414
      vertex 96.5711 59.2379 44.0046
    endloop
  endfacet
  facet normal -0.659632 0.531447 0.53146
    outer loop
      vertex 99.0045 25.9444 7.31702
      vertex 99.1667 24.348 9.1147
      vertex 99.1667 26.0451 7.41764
    endloop
  endfacet
  facet normal -0.659465 0.531565 0.531549
    outer loop
      vertex 99.1667 24.348 9.1147
      vertex 99.0045 25.9444 7.31702
      vertex 99.0045 24.2474 9.01407
    endloop
  endfacet
  facet normal -0.831499 0.39281 0.392822
    outer loop
      vertex 99.309 26.1598 7.53238
      vertex 99.4289 24.5896 9.35633
      vertex 99.4289 26.2867 7.65928
    endloop
  endfacet
  facet normal -0.831489 0.392822 0.392832
    outer loop
      vertex 99.4289 24.5896 9.35633
      vertex 99.309 26.1598 7.53238
      vertex 99.309 24.4627 9.22944
    endloop
  endfacet
  facet normal -0.555507 0.587976 0.587959
    outer loop
      vertex 99.0045 25.9444 7.31702
      vertex 98.825 24.1626 8.92928
      vertex 99.0045 24.2474 9.01407
    endloop
  endfacet
  facet normal -0.555507 0.587976 0.587959
    outer loop
      vertex 98.825 24.1626 8.92928
      vertex 99.0045 25.9444 7.31702
      vertex 98.825 25.8596 7.23223
    endloop
  endfacet
  facet normal 0.555529 -0.587947 -0.587967
    outer loop
      vertex 96.9955 26.0986 10.8653
      vertex 97.175 27.8805 9.25306
      vertex 97.175 26.1834 10.9501
    endloop
  endfacet
  facet normal 0.555507 -0.587956 -0.58798
    outer loop
      vertex 97.175 27.8805 9.25306
      vertex 96.9955 26.0986 10.8653
      vertex 96.9955 27.7957 9.16827
    endloop
  endfacet
  facet normal -0.896809 0.312833 0.31284
    outer loop
      vertex 99.4289 26.2867 7.65928
      vertex 99.5244 24.7265 9.49321
      vertex 99.5244 26.4236 7.79615
    endloop
  endfacet
  facet normal -0.896816 0.312823 0.312832
    outer loop
      vertex 99.5244 24.7265 9.49321
      vertex 99.4289 26.2867 7.65928
      vertex 99.4289 24.5896 9.35633
    endloop
  endfacet
  facet normal -0.442238 -0.634191 -0.634214
    outer loop
      vertex 98.6314 27.948 9.32056
      vertex 98.825 26.1834 10.9501
      vertex 98.6314 26.2509 11.0176
    endloop
  endfacet
  facet normal -0.442238 -0.634191 -0.634214
    outer loop
      vertex 98.825 26.1834 10.9501
      vertex 98.6314 27.948 9.32056
      vertex 98.825 27.8805 9.25306
    endloop
  endfacet
  facet normal -0.946893 0.227367 0.227372
    outer loop
      vertex 99.5244 26.4236 7.79615
      vertex 99.5938 24.871 9.63773
      vertex 99.5938 26.5681 7.94067
    endloop
  endfacet
  facet normal -0.946893 0.227367 0.227372
    outer loop
      vertex 99.5938 24.871 9.63773
      vertex 99.5244 26.4236 7.79615
      vertex 99.5244 24.7265 9.49321
    endloop
  endfacet
  facet normal -0.997864 0.0461923 0.0461934
    outer loop
      vertex 99.6359 26.7178 8.09035
      vertex 99.65 25.173 9.9397
      vertex 99.65 26.8701 8.24264
    endloop
  endfacet
  facet normal -0.997864 0.0461923 0.0461934
    outer loop
      vertex 99.65 25.173 9.9397
      vertex 99.6359 26.7178 8.09035
      vertex 99.6359 25.0207 9.78741
    endloop
  endfacet
  facet normal -0.194951 0.693531 0.693548
    outer loop
      vertex 98.427 25.7431 7.11567
      vertex 98.2154 24.0163 8.78295
      vertex 98.427 24.046 8.81273
    endloop
  endfacet
  facet normal -0.195235 0.69351 0.693489
    outer loop
      vertex 98.2154 24.0163 8.78295
      vertex 98.427 25.7431 7.11567
      vertex 98.2154 25.7133 7.0859
    endloop
  endfacet
  facet normal -0.659465 -0.531546 -0.531568
    outer loop
      vertex 99.1667 27.6951 9.06764
      vertex 99.0045 26.0986 10.8653
      vertex 99.0045 27.7957 9.16827
    endloop
  endfacet
  facet normal -0.659409 -0.531585 -0.531598
    outer loop
      vertex 99.0045 26.0986 10.8653
      vertex 99.1667 27.6951 9.06764
      vertex 99.1667 25.998 10.7647
    endloop
  endfacet
  facet normal 0.659465 -0.531546 -0.531568
    outer loop
      vertex 96.9955 26.0986 10.8653
      vertex 96.8333 27.6951 9.06764
      vertex 96.9955 27.7957 9.16827
    endloop
  endfacet
  facet normal 0.659409 -0.531585 -0.531598
    outer loop
      vertex 96.8333 27.6951 9.06764
      vertex 96.9955 26.0986 10.8653
      vertex 96.8333 25.998 10.7647
    endloop
  endfacet
  facet normal 0.0654489 0.705601 0.70558
    outer loop
      vertex 98 24.0063 8.77297
      vertex 97.7846 25.7133 7.0859
      vertex 97.7846 24.0163 8.78295
    endloop
  endfacet
  facet normal 0.0654816 0.705602 0.705577
    outer loop
      vertex 97.7846 25.7133 7.0859
      vertex 98 24.0063 8.77297
      vertex 98 25.7033 7.07591
    endloop
  endfacet
  facet normal 0.997864 0.0461923 0.0461934
    outer loop
      vertex 96.35 25.173 9.9397
      vertex 96.3641 26.7178 8.09035
      vertex 96.35 26.8701 8.24264
    endloop
  endfacet
  facet normal 0.997864 0.0461923 0.0461934
    outer loop
      vertex 96.3641 26.7178 8.09035
      vertex 96.35 25.173 9.9397
      vertex 96.3641 25.0207 9.78741
    endloop
  endfacet
  facet normal -0.980793 0.137921 0.137925
    outer loop
      vertex 99.5938 26.5681 7.94067
      vertex 99.6359 25.0207 9.78741
      vertex 99.6359 26.7178 8.09035
    endloop
  endfacet
  facet normal -0.980793 0.137921 0.137925
    outer loop
      vertex 99.6359 25.0207 9.78741
      vertex 99.5938 26.5681 7.94067
      vertex 99.5938 24.871 9.63773
    endloop
  endfacet
  facet normal -0.555529 -0.587947 -0.587967
    outer loop
      vertex 98.825 27.8805 9.25306
      vertex 99.0045 26.0986 10.8653
      vertex 98.825 26.1834 10.9501
    endloop
  endfacet
  facet normal -0.555507 -0.587956 -0.58798
    outer loop
      vertex 99.0045 26.0986 10.8653
      vertex 98.825 27.8805 9.25306
      vertex 99.0045 27.7957 9.16827
    endloop
  endfacet
  facet normal 0.896809 0.312833 0.31284
    outer loop
      vertex 96.4756 24.7265 9.49321
      vertex 96.5711 26.2867 7.65928
      vertex 96.4756 26.4236 7.79615
    endloop
  endfacet
  facet normal 0.896816 0.312823 0.312832
    outer loop
      vertex 96.5711 26.2867 7.65928
      vertex 96.4756 24.7265 9.49321
      vertex 96.5711 24.5896 9.35633
    endloop
  endfacet
  facet normal 0.0655142 -0.705573 -0.705602
    outer loop
      vertex 97.7846 26.3297 11.0964
      vertex 98 28.0368 9.40937
      vertex 98 26.3397 11.1064
    endloop
  endfacet
  facet normal 0.0654489 -0.705572 -0.705609
    outer loop
      vertex 98 28.0368 9.40937
      vertex 97.7846 26.3297 11.0964
      vertex 97.7846 28.0268 9.39939
    endloop
  endfacet
  facet normal 0.751793 0.466261 0.466272
    outer loop
      vertex 96.691 24.4627 9.22944
      vertex 96.8333 26.0451 7.41764
      vertex 96.691 26.1598 7.53238
    endloop
  endfacet
  facet normal 0.751793 0.466261 0.466272
    outer loop
      vertex 96.8333 26.0451 7.41764
      vertex 96.691 24.4627 9.22944
      vertex 96.8333 24.348 9.1147
    endloop
  endfacet
  facet normal 0.946893 0.227367 0.227372
    outer loop
      vertex 96.4062 24.871 9.63773
      vertex 96.4756 26.4236 7.79615
      vertex 96.4062 26.5681 7.94067
    endloop
  endfacet
  facet normal 0.946893 0.227367 0.227372
    outer loop
      vertex 96.4756 26.4236 7.79615
      vertex 96.4062 24.871 9.63773
      vertex 96.4756 24.7265 9.49321
    endloop
  endfacet
  facet normal -0.751793 0.466261 0.466272
    outer loop
      vertex 99.1667 26.0451 7.41764
      vertex 99.309 24.4627 9.22944
      vertex 99.309 26.1598 7.53238
    endloop
  endfacet
  facet normal -0.751793 0.466261 0.466272
    outer loop
      vertex 99.309 24.4627 9.22944
      vertex 99.1667 26.0451 7.41764
      vertex 99.1667 24.348 9.1147
    endloop
  endfacet
  facet normal -0.0654489 0.705601 0.70558
    outer loop
      vertex 98.2154 25.7133 7.0859
      vertex 98 24.0063 8.77297
      vertex 98.2154 24.0163 8.78295
    endloop
  endfacet
  facet normal -0.0654816 0.705602 0.705577
    outer loop
      vertex 98 24.0063 8.77297
      vertex 98.2154 25.7133 7.0859
      vertex 98 25.7033 7.07591
    endloop
  endfacet
  facet normal -0.442238 0.634212 0.634193
    outer loop
      vertex 98.825 25.8596 7.23223
      vertex 98.6314 24.0951 8.86178
      vertex 98.825 24.1626 8.92928
    endloop
  endfacet
  facet normal -0.442238 0.634212 0.634193
    outer loop
      vertex 98.6314 24.0951 8.86178
      vertex 98.825 25.8596 7.23223
      vertex 98.6314 25.7921 7.16473
    endloop
  endfacet
  facet normal -0.831499 -0.392828 -0.392805
    outer loop
      vertex 99.4289 27.4534 8.826
      vertex 99.309 25.8833 10.65
      vertex 99.309 27.5803 8.9529
    endloop
  endfacet
  facet normal -0.831499 -0.392828 -0.392805
    outer loop
      vertex 99.309 25.8833 10.65
      vertex 99.4289 27.4534 8.826
      vertex 99.4289 25.7564 10.5231
    endloop
  endfacet
  facet normal -0.751935 -0.466146 -0.466157
    outer loop
      vertex 99.309 27.5803 8.9529
      vertex 99.1667 25.998 10.7647
      vertex 99.1667 27.6951 9.06764
    endloop
  endfacet
  facet normal -0.751736 -0.466326 -0.466298
    outer loop
      vertex 99.1667 25.998 10.7647
      vertex 99.309 27.5803 8.9529
      vertex 99.309 25.8833 10.65
    endloop
  endfacet
  facet normal 0.194951 0.693531 0.693548
    outer loop
      vertex 97.7846 24.0163 8.78295
      vertex 97.573 25.7431 7.11567
      vertex 97.573 24.046 8.81273
    endloop
  endfacet
  facet normal 0.195235 0.69351 0.693489
    outer loop
      vertex 97.573 25.7431 7.11567
      vertex 97.7846 24.0163 8.78295
      vertex 97.7846 25.7133 7.0859
    endloop
  endfacet
  facet normal 0.980793 0.137921 0.137925
    outer loop
      vertex 96.3641 25.0207 9.78741
      vertex 96.4062 26.5681 7.94067
      vertex 96.3641 26.7178 8.09035
    endloop
  endfacet
  facet normal 0.980793 0.137921 0.137925
    outer loop
      vertex 96.4062 26.5681 7.94067
      vertex 96.3641 25.0207 9.78741
      vertex 96.4062 24.871 9.63773
    endloop
  endfacet
  facet normal -0.997863 -0.0462089 -0.046207
    outer loop
      vertex 99.65 26.8701 8.24264
      vertex 99.6359 25.3253 10.092
      vertex 99.6359 27.0223 8.39493
    endloop
  endfacet
  facet normal -0.997864 -0.0461908 -0.0461919
    outer loop
      vertex 99.6359 25.3253 10.092
      vertex 99.65 26.8701 8.24264
      vertex 99.65 25.173 9.9397
    endloop
  endfacet
  facet normal -0.194699 -0.693556 -0.693593
    outer loop
      vertex 98.2154 28.0268 9.39939
      vertex 98.427 26.3 11.0667
      vertex 98.2154 26.3297 11.0964
    endloop
  endfacet
  facet normal -0.195267 -0.693513 -0.693477
    outer loop
      vertex 98.427 26.3 11.0667
      vertex 98.2154 28.0268 9.39939
      vertex 98.427 27.997 9.36961
    endloop
  endfacet
  facet normal 0.997863 -0.0462089 -0.046207
    outer loop
      vertex 96.3641 25.3253 10.092
      vertex 96.35 26.8701 8.24264
      vertex 96.3641 27.0223 8.39493
    endloop
  endfacet
  facet normal 0.997864 -0.0461908 -0.0461919
    outer loop
      vertex 96.35 26.8701 8.24264
      vertex 96.3641 25.3253 10.092
      vertex 96.35 25.173 9.9397
    endloop
  endfacet
  facet normal 0.321515 0.669573 0.669553
    outer loop
      vertex 97.573 24.046 8.81273
      vertex 97.3686 25.7921 7.16473
      vertex 97.3686 24.0951 8.86178
    endloop
  endfacet
  facet normal 0.32125 0.669618 0.669634
    outer loop
      vertex 97.3686 25.7921 7.16473
      vertex 97.573 24.046 8.81273
      vertex 97.573 25.7431 7.11567
    endloop
  endfacet
  facet normal 0.442238 0.634212 0.634193
    outer loop
      vertex 97.3686 24.0951 8.86178
      vertex 97.175 25.8596 7.23223
      vertex 97.175 24.1626 8.92928
    endloop
  endfacet
  facet normal 0.442238 0.634212 0.634193
    outer loop
      vertex 97.175 25.8596 7.23223
      vertex 97.3686 24.0951 8.86178
      vertex 97.3686 25.7921 7.16473
    endloop
  endfacet
  facet normal -0.321661 -0.669545 -0.66951
    outer loop
      vertex 98.427 27.997 9.36961
      vertex 98.6314 26.2509 11.0176
      vertex 98.427 26.3 11.0667
    endloop
  endfacet
  facet normal -0.321221 -0.669621 -0.669645
    outer loop
      vertex 98.6314 26.2509 11.0176
      vertex 98.427 27.997 9.36961
      vertex 98.6314 27.948 9.32056
    endloop
  endfacet
  facet normal 0.194699 -0.693556 -0.693593
    outer loop
      vertex 97.573 26.3 11.0667
      vertex 97.7846 28.0268 9.39939
      vertex 97.7846 26.3297 11.0964
    endloop
  endfacet
  facet normal 0.195267 -0.693513 -0.693477
    outer loop
      vertex 97.7846 28.0268 9.39939
      vertex 97.573 26.3 11.0667
      vertex 97.573 27.997 9.36961
    endloop
  endfacet
  facet normal -0.980793 -0.137927 -0.137919
    outer loop
      vertex 99.6359 27.0223 8.39493
      vertex 99.5938 25.475 10.2417
      vertex 99.5938 27.172 8.54461
    endloop
  endfacet
  facet normal -0.980795 -0.137917 -0.137911
    outer loop
      vertex 99.5938 25.475 10.2417
      vertex 99.6359 27.0223 8.39493
      vertex 99.6359 25.3253 10.092
    endloop
  endfacet
  facet normal -0.0655142 -0.705573 -0.705602
    outer loop
      vertex 98 28.0368 9.40937
      vertex 98.2154 26.3297 11.0964
      vertex 98 26.3397 11.1064
    endloop
  endfacet
  facet normal -0.0654489 -0.705572 -0.705609
    outer loop
      vertex 98.2154 26.3297 11.0964
      vertex 98 28.0368 9.40937
      vertex 98.2154 28.0268 9.39939
    endloop
  endfacet
  facet normal 0.831499 0.39281 0.392822
    outer loop
      vertex 96.5711 24.5896 9.35633
      vertex 96.691 26.1598 7.53238
      vertex 96.5711 26.2867 7.65928
    endloop
  endfacet
  facet normal 0.831489 0.392822 0.392832
    outer loop
      vertex 96.691 26.1598 7.53238
      vertex 96.5711 24.5896 9.35633
      vertex 96.691 24.4627 9.22944
    endloop
  endfacet
  facet normal 0.831499 -0.392828 -0.392805
    outer loop
      vertex 96.691 25.8833 10.65
      vertex 96.5711 27.4534 8.826
      vertex 96.691 27.5803 8.9529
    endloop
  endfacet
  facet normal 0.831499 -0.392828 -0.392805
    outer loop
      vertex 96.5711 27.4534 8.826
      vertex 96.691 25.8833 10.65
      vertex 96.5711 25.7564 10.5231
    endloop
  endfacet
  facet normal 0.442238 -0.634191 -0.634214
    outer loop
      vertex 97.175 26.1834 10.9501
      vertex 97.3686 27.948 9.32056
      vertex 97.3686 26.2509 11.0176
    endloop
  endfacet
  facet normal 0.442238 -0.634191 -0.634214
    outer loop
      vertex 97.3686 27.948 9.32056
      vertex 97.175 26.1834 10.9501
      vertex 97.175 27.8805 9.25306
    endloop
  endfacet
  facet normal -0.321515 0.669573 0.669553
    outer loop
      vertex 98.6314 25.7921 7.16473
      vertex 98.427 24.046 8.81273
      vertex 98.6314 24.0951 8.86178
    endloop
  endfacet
  facet normal -0.32125 0.669618 0.669634
    outer loop
      vertex 98.427 24.046 8.81273
      vertex 98.6314 25.7921 7.16473
      vertex 98.427 25.7431 7.11567
    endloop
  endfacet
  facet normal 0.751935 -0.466146 -0.466157
    outer loop
      vertex 96.8333 25.998 10.7647
      vertex 96.691 27.5803 8.9529
      vertex 96.8333 27.6951 9.06764
    endloop
  endfacet
  facet normal 0.751736 -0.466326 -0.466298
    outer loop
      vertex 96.691 27.5803 8.9529
      vertex 96.8333 25.998 10.7647
      vertex 96.691 25.8833 10.65
    endloop
  endfacet
  facet normal 0.980793 -0.137927 -0.137919
    outer loop
      vertex 96.4062 25.475 10.2417
      vertex 96.3641 27.0223 8.39493
      vertex 96.4062 27.172 8.54461
    endloop
  endfacet
  facet normal 0.980795 -0.137917 -0.137911
    outer loop
      vertex 96.3641 27.0223 8.39493
      vertex 96.4062 25.475 10.2417
      vertex 96.3641 25.3253 10.092
    endloop
  endfacet
  facet normal 0.555507 0.587976 0.587959
    outer loop
      vertex 97.175 24.1626 8.92928
      vertex 96.9955 25.9444 7.31702
      vertex 96.9955 24.2474 9.01407
    endloop
  endfacet
  facet normal 0.555507 0.587976 0.587959
    outer loop
      vertex 96.9955 25.9444 7.31702
      vertex 97.175 24.1626 8.92928
      vertex 97.175 25.8596 7.23223
    endloop
  endfacet
  facet normal 0.659632 0.531447 0.53146
    outer loop
      vertex 96.8333 24.348 9.1147
      vertex 96.9955 25.9444 7.31702
      vertex 96.8333 26.0451 7.41764
    endloop
  endfacet
  facet normal 0.659465 0.531565 0.531549
    outer loop
      vertex 96.9955 25.9444 7.31702
      vertex 96.8333 24.348 9.1147
      vertex 96.9955 24.2474 9.01407
    endloop
  endfacet
  facet normal 0.896809 -0.312846 -0.312827
    outer loop
      vertex 96.5711 25.7564 10.5231
      vertex 96.4756 27.3165 8.68913
      vertex 96.5711 27.4534 8.826
    endloop
  endfacet
  facet normal 0.896828 -0.312815 -0.312803
    outer loop
      vertex 96.4756 27.3165 8.68913
      vertex 96.5711 25.7564 10.5231
      vertex 96.4756 25.6195 10.3862
    endloop
  endfacet
  facet normal 0.946893 -0.227374 -0.227365
    outer loop
      vertex 96.4756 25.6195 10.3862
      vertex 96.4062 27.172 8.54461
      vertex 96.4756 27.3165 8.68913
    endloop
  endfacet
  facet normal 0.946886 -0.22739 -0.227378
    outer loop
      vertex 96.4062 27.172 8.54461
      vertex 96.4756 25.6195 10.3862
      vertex 96.4062 25.475 10.2417
    endloop
  endfacet
  facet normal -0.896809 -0.312846 -0.312827
    outer loop
      vertex 99.5244 27.3165 8.68913
      vertex 99.4289 25.7564 10.5231
      vertex 99.4289 27.4534 8.826
    endloop
  endfacet
  facet normal -0.896828 -0.312815 -0.312803
    outer loop
      vertex 99.4289 25.7564 10.5231
      vertex 99.5244 27.3165 8.68913
      vertex 99.5244 25.6195 10.3862
    endloop
  endfacet
  facet normal -0.946893 -0.227374 -0.227365
    outer loop
      vertex 99.5938 27.172 8.54461
      vertex 99.5244 25.6195 10.3862
      vertex 99.5244 27.3165 8.68913
    endloop
  endfacet
  facet normal -0.946886 -0.22739 -0.227378
    outer loop
      vertex 99.5244 25.6195 10.3862
      vertex 99.5938 27.172 8.54461
      vertex 99.5938 25.475 10.2417
    endloop
  endfacet
  facet normal 0.321661 -0.669545 -0.66951
    outer loop
      vertex 97.3686 26.2509 11.0176
      vertex 97.573 27.997 9.36961
      vertex 97.573 26.3 11.0667
    endloop
  endfacet
  facet normal 0.321221 -0.669621 -0.669645
    outer loop
      vertex 97.573 27.997 9.36961
      vertex 97.3686 26.2509 11.0176
      vertex 97.3686 27.948 9.32056
    endloop
  endfacet
  facet normal -1 0 0
    outer loop
      vertex 20 43.1335 24.5061
      vertex 20 51.336 36.1026
      vertex 20 53.033 34.4056
    endloop
  endfacet
  facet normal -1 0 0
    outer loop
      vertex 20 51.336 36.1026
      vertex 20 43.1335 24.5061
      vertex 20 41.4365 26.2032
    endloop
  endfacet
  facet normal 1 0 0
    outer loop
      vertex 18 51.336 36.1026
      vertex 18 43.1335 24.5061
      vertex 18 53.033 34.4056
    endloop
  endfacet
  facet normal 1 0 -0
    outer loop
      vertex 18 43.1335 24.5061
      vertex 18 51.336 36.1026
      vertex 18 41.4365 26.2032
    endloop
  endfacet
  facet normal 0 0.707128 0.707086
    outer loop
      vertex 20 43.1335 24.5061
      vertex 18 41.4365 26.2032
      vertex 20 41.4365 26.2032
    endloop
  endfacet
  facet normal 0 0.707128 0.707086
    outer loop
      vertex 18 41.4365 26.2032
      vertex 20 43.1335 24.5061
      vertex 18 43.1335 24.5061
    endloop
  endfacet
  facet normal 0 -0.707107 -0.707107
    outer loop
      vertex 18 53.033 34.4056
      vertex 20 51.336 36.1026
      vertex 18 51.336 36.1026
    endloop
  endfacet
  facet normal 0 -0.707107 -0.707107
    outer loop
      vertex 20 51.336 36.1026
      vertex 18 53.033 34.4056
      vertex 20 53.033 34.4056
    endloop
  endfacet
  facet normal -1 0 0
    outer loop
      vertex 27 43.1335 24.5061
      vertex 27 51.336 36.1026
      vertex 27 53.033 34.4056
    endloop
  endfacet
  facet normal -1 0 0
    outer loop
      vertex 27 51.336 36.1026
      vertex 27 43.1335 24.5061
      vertex 27 41.4365 26.2032
    endloop
  endfacet
  facet normal 1 0 0
    outer loop
      vertex 25 51.336 36.1026
      vertex 25 43.1335 24.5061
      vertex 25 53.033 34.4056
    endloop
  endfacet
  facet normal 1 0 -0
    outer loop
      vertex 25 43.1335 24.5061
      vertex 25 51.336 36.1026
      vertex 25 41.4365 26.2032
    endloop
  endfacet
  facet normal 0 0.707128 0.707086
    outer loop
      vertex 27 43.1335 24.5061
      vertex 25 41.4365 26.2032
      vertex 27 41.4365 26.2032
    endloop
  endfacet
  facet normal 0 0.707128 0.707086
    outer loop
      vertex 25 41.4365 26.2032
      vertex 27 43.1335 24.5061
      vertex 25 43.1335 24.5061
    endloop
  endfacet
  facet normal 0 -0.707107 -0.707107
    outer loop
      vertex 25 53.033 34.4056
      vertex 27 51.336 36.1026
      vertex 25 51.336 36.1026
    endloop
  endfacet
  facet normal 0 -0.707107 -0.707107
    outer loop
      vertex 27 51.336 36.1026
      vertex 25 53.033 34.4056
      vertex 27 53.033 34.4056
    endloop
  endfacet
  facet normal -1 0 0
    outer loop
      vertex 34 43.1335 24.5061
      vertex 34 51.336 36.1026
      vertex 34 53.033 34.4056
    endloop
  endfacet
  facet normal -1 0 0
    outer loop
      vertex 34 51.336 36.1026
      vertex 34 43.1335 24.5061
      vertex 34 41.4365 26.2032
    endloop
  endfacet
  facet normal 1 0 0
    outer loop
      vertex 32 51.336 36.1026
      vertex 32 43.1335 24.5061
      vertex 32 53.033 34.4056
    endloop
  endfacet
  facet normal 1 0 -0
    outer loop
      vertex 32 43.1335 24.5061
      vertex 32 51.336 36.1026
      vertex 32 41.4365 26.2032
    endloop
  endfacet
  facet normal 0 0.707128 0.707086
    outer loop
      vertex 34 43.1335 24.5061
      vertex 32 41.4365 26.2032
      vertex 34 41.4365 26.2032
    endloop
  endfacet
  facet normal 0 0.707128 0.707086
    outer loop
      vertex 32 41.4365 26.2032
      vertex 34 43.1335 24.5061
      vertex 32 43.1335 24.5061
    endloop
  endfacet
  facet normal 0 -0.707107 -0.707107
    outer loop
      vertex 32 53.033 34.4056
      vertex 34 51.336 36.1026
      vertex 32 51.336 36.1026
    endloop
  endfacet
  facet normal 0 -0.707107 -0.707107
    outer loop
      vertex 34 51.336 36.1026
      vertex 32 53.033 34.4056
      vertex 34 53.033 34.4056
    endloop
  endfacet
  facet normal -1 0 0
    outer loop
      vertex 41 43.1335 24.5061
      vertex 41 51.336 36.1026
      vertex 41 53.033 34.4056
    endloop
  endfacet
  facet normal -1 0 0
    outer loop
      vertex 41 51.336 36.1026
      vertex 41 43.1335 24.5061
      vertex 41 41.4365 26.2032
    endloop
  endfacet
  facet normal 1 0 0
    outer loop
      vertex 39 51.336 36.1026
      vertex 39 43.1335 24.5061
      vertex 39 53.033 34.4056
    endloop
  endfacet
  facet normal 1 0 -0
    outer loop
      vertex 39 43.1335 24.5061
      vertex 39 51.336 36.1026
      vertex 39 41.4365 26.2032
    endloop
  endfacet
  facet normal 0 0.707128 0.707086
    outer loop
      vertex 41 43.1335 24.5061
      vertex 39 41.4365 26.2032
      vertex 41 41.4365 26.2032
    endloop
  endfacet
  facet normal 0 0.707128 0.707086
    outer loop
      vertex 39 41.4365 26.2032
      vertex 41 43.1335 24.5061
      vertex 39 43.1335 24.5061
    endloop
  endfacet
  facet normal 0 -0.707107 -0.707107
    outer loop
      vertex 39 53.033 34.4056
      vertex 41 51.336 36.1026
      vertex 39 51.336 36.1026
    endloop
  endfacet
  facet normal 0 -0.707107 -0.707107
    outer loop
      vertex 41 51.336 36.1026
      vertex 39 53.033 34.4056
      vertex 41 53.033 34.4056
    endloop
  endfacet
  facet normal -1 0 0
    outer loop
      vertex 48 43.1335 24.5061
      vertex 48 51.336 36.1026
      vertex 48 53.033 34.4056
    endloop
  endfacet
  facet normal -1 0 0
    outer loop
      vertex 48 51.336 36.1026
      vertex 48 43.1335 24.5061
      vertex 48 41.4365 26.2032
    endloop
  endfacet
  facet normal 1 0 0
    outer loop
      vertex 46 51.336 36.1026
      vertex 46 43.1335 24.5061
      vertex 46 53.033 34.4056
    endloop
  endfacet
  facet normal 1 0 -0
    outer loop
      vertex 46 43.1335 24.5061
      vertex 46 51.336 36.1026
      vertex 46 41.4365 26.2032
    endloop
  endfacet
  facet normal 0 0.707128 0.707086
    outer loop
      vertex 48 43.1335 24.5061
      vertex 46 41.4365 26.2032
      vertex 48 41.4365 26.2032
    endloop
  endfacet
  facet normal 0 0.707128 0.707086
    outer loop
      vertex 46 41.4365 26.2032
      vertex 48 43.1335 24.5061
      vertex 46 43.1335 24.5061
    endloop
  endfacet
  facet normal 0 -0.707107 -0.707107
    outer loop
      vertex 46 53.033 34.4056
      vertex 48 51.336 36.1026
      vertex 46 51.336 36.1026
    endloop
  endfacet
  facet normal 0 -0.707107 -0.707107
    outer loop
      vertex 48 51.336 36.1026
      vertex 46 53.033 34.4056
      vertex 48 53.033 34.4056
    endloop
  endfacet
  facet normal -1 0 0
    outer loop
      vertex 55 43.1335 24.5061
      vertex 55 51.336 36.1026
      vertex 55 53.033 34.4056
    endloop
  endfacet
  facet normal -1 0 0
    outer loop
      vertex 55 51.336 36.1026
      vertex 55 43.1335 24.5061
      vertex 55 41.4365 26.2032
    endloop
  endfacet
  facet normal 1 0 0
    outer loop
      vertex 53 51.336 36.1026
      vertex 53 43.1335 24.5061
      vertex 53 53.033 34.4056
    endloop
  endfacet
  facet normal 1 0 -0
    outer loop
      vertex 53 43.1335 24.5061
      vertex 53 51.336 36.1026
      vertex 53 41.4365 26.2032
    endloop
  endfacet
  facet normal 0 0.707128 0.707086
    outer loop
      vertex 55 43.1335 24.5061
      vertex 53 41.4365 26.2032
      vertex 55 41.4365 26.2032
    endloop
  endfacet
  facet normal 0 0.707128 0.707086
    outer loop
      vertex 53 41.4365 26.2032
      vertex 55 43.1335 24.5061
      vertex 53 43.1335 24.5061
    endloop
  endfacet
  facet normal 0 -0.707107 -0.707107
    outer loop
      vertex 53 53.033 34.4056
      vertex 55 51.336 36.1026
      vertex 53 51.336 36.1026
    endloop
  endfacet
  facet normal 0 -0.707107 -0.707107
    outer loop
      vertex 55 51.336 36.1026
      vertex 53 53.033 34.4056
      vertex 55 53.033 34.4056
    endloop
  endfacet
  facet normal -1 0 0
    outer loop
      vertex 62 43.1335 24.5061
      vertex 62 51.336 36.1026
      vertex 62 53.033 34.4056
    endloop
  endfacet
  facet normal -1 0 0
    outer loop
      vertex 62 51.336 36.1026
      vertex 62 43.1335 24.5061
      vertex 62 41.4365 26.2032
    endloop
  endfacet
  facet normal 1 0 0
    outer loop
      vertex 60 51.336 36.1026
      vertex 60 43.1335 24.5061
      vertex 60 53.033 34.4056
    endloop
  endfacet
  facet normal 1 0 -0
    outer loop
      vertex 60 43.1335 24.5061
      vertex 60 51.336 36.1026
      vertex 60 41.4365 26.2032
    endloop
  endfacet
  facet normal 0 0.707128 0.707086
    outer loop
      vertex 62 43.1335 24.5061
      vertex 60 41.4365 26.2032
      vertex 62 41.4365 26.2032
    endloop
  endfacet
  facet normal 0 0.707128 0.707086
    outer loop
      vertex 60 41.4365 26.2032
      vertex 62 43.1335 24.5061
      vertex 60 43.1335 24.5061
    endloop
  endfacet
  facet normal 0 -0.707107 -0.707107
    outer loop
      vertex 60 53.033 34.4056
      vertex 62 51.336 36.1026
      vertex 60 51.336 36.1026
    endloop
  endfacet
  facet normal 0 -0.707107 -0.707107
    outer loop
      vertex 62 51.336 36.1026
      vertex 60 53.033 34.4056
      vertex 62 53.033 34.4056
    endloop
  endfacet
  facet normal -1 0 0
    outer loop
      vertex 45.97 26.8701 8.24264
      vertex 45.97 33.6583 18.425
      vertex 45.97 35.3553 16.7279
    endloop
  endfacet
  facet normal -1 0 0
    outer loop
      vertex 45.97 33.6583 18.425
      vertex 45.97 26.8701 8.24264
      vertex 45.97 25.173 9.9397
    endloop
  endfacet
  facet normal 1 0 0
    outer loop
      vertex 21.97 33.6583 18.425
      vertex 21.97 26.8701 8.24264
      vertex 21.97 35.3553 16.7279
    endloop
  endfacet
  facet normal 1 0 -0
    outer loop
      vertex 21.97 26.8701 8.24264
      vertex 21.97 33.6583 18.425
      vertex 21.97 25.173 9.9397
    endloop
  endfacet
  facet normal 0 0.707098 0.707115
    outer loop
      vertex 45.97 26.8701 8.24264
      vertex 21.97 25.173 9.9397
      vertex 45.97 25.173 9.9397
    endloop
  endfacet
  facet normal 0 0.707098 0.707115
    outer loop
      vertex 21.97 25.173 9.9397
      vertex 45.97 26.8701 8.24264
      vertex 21.97 26.8701 8.24264
    endloop
  endfacet
  facet normal 0 -0.707128 -0.707086
    outer loop
      vertex 21.97 35.3553 16.7279
      vertex 45.97 33.6583 18.425
      vertex 21.97 33.6583 18.425
    endloop
  endfacet
  facet normal 0 -0.707128 -0.707086
    outer loop
      vertex 45.97 33.6583 18.425
      vertex 21.97 35.3553 16.7279
      vertex 45.97 35.3553 16.7279
    endloop
  endfacet
  facet normal 0 1 0
    outer loop
      vertex 22 65.7609 27
      vertex 18.1697 65.7609 19.2889
      vertex 18 65.7609 19.3
    endloop
  endfacet
  facet normal 0 1 0
    outer loop
      vertex 22 65.7609 27
      vertex 18.3365 65.7609 19.2557
      vertex 18.1697 65.7609 19.2889
    endloop
  endfacet
  facet normal 0 1 0
    outer loop
      vertex 22 65.7609 27
      vertex 18.4975 65.7609 19.201
      vertex 18.3365 65.7609 19.2557
    endloop
  endfacet
  facet normal 0 1 0
    outer loop
      vertex 22 65.7609 27
      vertex 18.65 65.7609 19.1258
      vertex 18.4975 65.7609 19.201
    endloop
  endfacet
  facet normal 0 1 0
    outer loop
      vertex 22 65.7609 27
      vertex 18.7914 65.7609 19.0314
      vertex 18.65 65.7609 19.1258
    endloop
  endfacet
  facet normal 0 1 0
    outer loop
      vertex 22 65.7609 27
      vertex 18.9192 65.7609 18.9192
      vertex 18.7914 65.7609 19.0314
    endloop
  endfacet
  facet normal 0 1 0
    outer loop
      vertex 22 65.7609 27
      vertex 19.0314 65.7609 18.7914
      vertex 18.9192 65.7609 18.9192
    endloop
  endfacet
  facet normal 0 1 0
    outer loop
      vertex 22 65.7609 27
      vertex 19.1258 65.7609 18.65
      vertex 19.0314 65.7609 18.7914
    endloop
  endfacet
  facet normal 0 1 0
    outer loop
      vertex 22 65.7609 27
      vertex 19.201 65.7609 18.4975
      vertex 19.1258 65.7609 18.65
    endloop
  endfacet
  facet normal 0 1 0
    outer loop
      vertex 22 65.7609 27
      vertex 19.2557 65.7609 18.3365
      vertex 19.201 65.7609 18.4975
    endloop
  endfacet
  facet normal 0 1 0
    outer loop
      vertex 22 65.7609 27
      vertex 19.2889 65.7609 18.1697
      vertex 19.2557 65.7609 18.3365
    endloop
  endfacet
  facet normal 0 1 0
    outer loop
      vertex 22 65.7609 27
      vertex 19.3 65.7609 18
      vertex 19.2889 65.7609 18.1697
    endloop
  endfacet
  facet normal 0 1 -0
    outer loop
      vertex 22 65.7609 9
      vertex 19.3 65.7609 18
      vertex 22 65.7609 27
    endloop
  endfacet
  facet normal 0 1 0
    outer loop
      vertex 19.3 65.7609 18
      vertex 22 65.7609 9
      vertex 19.2889 65.7609 17.8303
    endloop
  endfacet
  facet normal 0 1 0
    outer loop
      vertex 18.1697 65.7609 16.7111
      vertex 22 65.7609 9
      vertex 18 65.7609 16.7
    endloop
  endfacet
  facet normal 0 1 0
    outer loop
      vertex 18.3365 65.7609 16.7443
      vertex 22 65.7609 9
      vertex 18.1697 65.7609 16.7111
    endloop
  endfacet
  facet normal 0 1 0
    outer loop
      vertex 18.4975 65.7609 16.799
      vertex 22 65.7609 9
      vertex 18.3365 65.7609 16.7443
    endloop
  endfacet
  facet normal 0 1 0
    outer loop
      vertex 18.65 65.7609 16.8742
      vertex 22 65.7609 9
      vertex 18.4975 65.7609 16.799
    endloop
  endfacet
  facet normal 0 1 0
    outer loop
      vertex 18.7914 65.7609 16.9686
      vertex 22 65.7609 9
      vertex 18.65 65.7609 16.8742
    endloop
  endfacet
  facet normal 0 1 0
    outer loop
      vertex 18.9192 65.7609 17.0808
      vertex 22 65.7609 9
      vertex 18.7914 65.7609 16.9686
    endloop
  endfacet
  facet normal 0 1 0
    outer loop
      vertex 19.0314 65.7609 17.2086
      vertex 22 65.7609 9
      vertex 18.9192 65.7609 17.0808
    endloop
  endfacet
  facet normal 0 1 0
    outer loop
      vertex 19.1258 65.7609 17.35
      vertex 22 65.7609 9
      vertex 19.0314 65.7609 17.2086
    endloop
  endfacet
  facet normal 0 1 0
    outer loop
      vertex 19.201 65.7609 17.5025
      vertex 22 65.7609 9
      vertex 19.1258 65.7609 17.35
    endloop
  endfacet
  facet normal 0 1 0
    outer loop
      vertex 19.2557 65.7609 17.6635
      vertex 22 65.7609 9
      vertex 19.201 65.7609 17.5025
    endloop
  endfacet
  facet normal 0 1 0
    outer loop
      vertex 19.2889 65.7609 17.8303
      vertex 22 65.7609 9
      vertex 19.2557 65.7609 17.6635
    endloop
  endfacet
  facet normal 0 1 0
    outer loop
      vertex 97.0294 65.7609 43.7708
      vertex 99.0001 65.7609 47.1335
      vertex 97.5105 65.7609 43.9062
    endloop
  endfacet
  facet normal 0 1 0
    outer loop
      vertex 99.0001 65.7609 47.1335
      vertex 74.4895 65.7609 43.9062
      vertex 74 65.7609 43.9515
    endloop
  endfacet
  facet normal 0 1 0
    outer loop
      vertex 96.5649 65.7609 43.5479
      vertex 99.0001 65.7609 47.1335
      vertex 97.0294 65.7609 43.7708
    endloop
  endfacet
  facet normal 0 1 0
    outer loop
      vertex 99.0001 65.7609 47.1335
      vertex 74.9706 65.7609 43.7708
      vertex 74.4895 65.7609 43.9062
    endloop
  endfacet
  facet normal 0 1 0
    outer loop
      vertex 96.125 65.7609 43.241
      vertex 99.0001 65.7609 47.1335
      vertex 96.5649 65.7609 43.5479
    endloop
  endfacet
  facet normal 0 1 0
    outer loop
      vertex 99.0001 65.7609 47.1335
      vertex 75.4351 65.7609 43.5479
      vertex 74.9706 65.7609 43.7708
    endloop
  endfacet
  facet normal 0 1 0
    outer loop
      vertex 75.875 65.7609 43.241
      vertex 99.0001 65.7609 47.1335
      vertex 96.125 65.7609 43.241
    endloop
  endfacet
  facet normal 0 1 0
    outer loop
      vertex 99.0001 65.7609 47.1335
      vertex 75.875 65.7609 43.241
      vertex 75.4351 65.7609 43.5479
    endloop
  endfacet
  facet normal 0 1 -0
    outer loop
      vertex 95.7171 65.7609 42.8556
      vertex 75.875 65.7609 43.241
      vertex 96.125 65.7609 43.241
    endloop
  endfacet
  facet normal 0 1 0
    outer loop
      vertex 95.7171 65.7609 42.8556
      vertex 76.2829 65.7609 42.8556
      vertex 75.875 65.7609 43.241
    endloop
  endfacet
  facet normal 0 1 -0
    outer loop
      vertex 95.3484 65.7609 42.3982
      vertex 76.2829 65.7609 42.8556
      vertex 95.7171 65.7609 42.8556
    endloop
  endfacet
  facet normal 0 1 0
    outer loop
      vertex 95.3484 65.7609 42.3982
      vertex 76.6516 65.7609 42.3982
      vertex 76.2829 65.7609 42.8556
    endloop
  endfacet
  facet normal 0 1 -0
    outer loop
      vertex 95.0249 65.7609 41.8767
      vertex 76.6516 65.7609 42.3982
      vertex 95.3484 65.7609 42.3982
    endloop
  endfacet
  facet normal 0 1 0
    outer loop
      vertex 95.0249 65.7609 41.8767
      vertex 76.9751 65.7609 41.8767
      vertex 76.6516 65.7609 42.3982
    endloop
  endfacet
  facet normal 0 1 -0
    outer loop
      vertex 94.7524 65.7609 41.2999
      vertex 76.9751 65.7609 41.8767
      vertex 95.0249 65.7609 41.8767
    endloop
  endfacet
  facet normal 0 1 0
    outer loop
      vertex 94.7524 65.7609 41.2999
      vertex 77.2476 65.7609 41.2999
      vertex 76.9751 65.7609 41.8767
    endloop
  endfacet
  facet normal 0 1 -0
    outer loop
      vertex 94.5355 65.7609 40.6777
      vertex 77.2476 65.7609 41.2999
      vertex 94.7524 65.7609 41.2999
    endloop
  endfacet
  facet normal 0 1 0
    outer loop
      vertex 94.5355 65.7609 40.6777
      vertex 77.4645 65.7609 40.6777
      vertex 77.2476 65.7609 41.2999
    endloop
  endfacet
  facet normal 0 1 -0
    outer loop
      vertex 94.3778 65.7609 40.0208
      vertex 77.4645 65.7609 40.6777
      vertex 94.5355 65.7609 40.6777
    endloop
  endfacet
  facet normal 0 1 0
    outer loop
      vertex 94.3778 65.7609 40.0208
      vertex 77.6222 65.7609 40.0208
      vertex 77.4645 65.7609 40.6777
    endloop
  endfacet
  facet normal 0 1 -0
    outer loop
      vertex 94.2821 65.7609 39.3405
      vertex 77.6222 65.7609 40.0208
      vertex 94.3778 65.7609 40.0208
    endloop
  endfacet
  facet normal 0 1 0
    outer loop
      vertex 94.2821 65.7609 39.3405
      vertex 77.7179 65.7609 39.3405
      vertex 77.6222 65.7609 40.0208
    endloop
  endfacet
  facet normal 0 1 -0
    outer loop
      vertex 94.25 65.7609 38.6482
      vertex 77.7179 65.7609 39.3405
      vertex 94.2821 65.7609 39.3405
    endloop
  endfacet
  facet normal 0 1 0
    outer loop
      vertex 94.25 65.7609 38.6482
      vertex 77.75 65.7609 38.6482
      vertex 77.7179 65.7609 39.3405
    endloop
  endfacet
  facet normal 0 1 0
    outer loop
      vertex 94.2821 65.7609 37.956
      vertex 77.75 65.7609 38.6482
      vertex 94.25 65.7609 38.6482
    endloop
  endfacet
  facet normal 0 1 0
    outer loop
      vertex 94.2821 65.7609 37.956
      vertex 77.7179 65.7609 37.956
      vertex 77.75 65.7609 38.6482
    endloop
  endfacet
  facet normal 0 1 0
    outer loop
      vertex 94.3778 65.7609 37.2756
      vertex 77.7179 65.7609 37.956
      vertex 94.2821 65.7609 37.956
    endloop
  endfacet
  facet normal 0 1 0
    outer loop
      vertex 94.3778 65.7609 37.2756
      vertex 77.6222 65.7609 37.2756
      vertex 77.7179 65.7609 37.956
    endloop
  endfacet
  facet normal 0 1 0
    outer loop
      vertex 94.5355 65.7609 36.6188
      vertex 77.6222 65.7609 37.2756
      vertex 94.3778 65.7609 37.2756
    endloop
  endfacet
  facet normal 0 1 0
    outer loop
      vertex 94.5355 65.7609 36.6188
      vertex 77.4645 65.7609 36.6188
      vertex 77.6222 65.7609 37.2756
    endloop
  endfacet
  facet normal 0 1 0
    outer loop
      vertex 94.7524 65.7609 35.9966
      vertex 77.4645 65.7609 36.6188
      vertex 94.5355 65.7609 36.6188
    endloop
  endfacet
  facet normal 0 1 0
    outer loop
      vertex 94.7524 65.7609 35.9966
      vertex 77.2476 65.7609 35.9966
      vertex 77.4645 65.7609 36.6188
    endloop
  endfacet
  facet normal 0 1 0
    outer loop
      vertex 95.0249 65.7609 35.4198
      vertex 77.2476 65.7609 35.9966
      vertex 94.7524 65.7609 35.9966
    endloop
  endfacet
  facet normal 0 1 0
    outer loop
      vertex 95.0249 65.7609 35.4198
      vertex 76.9751 65.7609 35.4198
      vertex 77.2476 65.7609 35.9966
    endloop
  endfacet
  facet normal 0 1 0
    outer loop
      vertex 95.3484 65.7609 34.8982
      vertex 76.9751 65.7609 35.4198
      vertex 95.0249 65.7609 35.4198
    endloop
  endfacet
  facet normal 0 1 0
    outer loop
      vertex 95.3484 65.7609 34.8982
      vertex 76.6516 65.7609 34.8982
      vertex 76.9751 65.7609 35.4198
    endloop
  endfacet
  facet normal 0 1 0
    outer loop
      vertex 95.7171 65.7609 34.4408
      vertex 76.6516 65.7609 34.8982
      vertex 95.3484 65.7609 34.8982
    endloop
  endfacet
  facet normal 0 1 0
    outer loop
      vertex 95.7171 65.7609 34.4408
      vertex 76.2829 65.7609 34.4408
      vertex 76.6516 65.7609 34.8982
    endloop
  endfacet
  facet normal 0 1 0
    outer loop
      vertex 96.125 65.7609 34.0554
      vertex 76.2829 65.7609 34.4408
      vertex 95.7171 65.7609 34.4408
    endloop
  endfacet
  facet normal 0 1 0
    outer loop
      vertex 96.125 65.7609 34.0554
      vertex 75.875 65.7609 34.0554
      vertex 76.2829 65.7609 34.4408
    endloop
  endfacet
  facet normal 0 1 0
    outer loop
      vertex 96.5649 65.7609 33.7486
      vertex 75.875 65.7609 34.0554
      vertex 96.125 65.7609 34.0554
    endloop
  endfacet
  facet normal 0 1 0
    outer loop
      vertex 96.5649 65.7609 33.7486
      vertex 75.4351 65.7609 33.7486
      vertex 75.875 65.7609 34.0554
    endloop
  endfacet
  facet normal 0 1 0
    outer loop
      vertex 104 65.7609 0
      vertex 96.5649 65.7609 33.7486
      vertex 97.0294 65.7609 33.5256
    endloop
  endfacet
  facet normal 0 1 0
    outer loop
      vertex 96.5649 65.7609 33.7486
      vertex 104 65.7609 0
      vertex 75.4351 65.7609 33.7486
    endloop
  endfacet
  facet normal 0 1 0
    outer loop
      vertex 104 65.7609 0
      vertex 97.0294 65.7609 33.5256
      vertex 97.5105 65.7609 33.3903
    endloop
  endfacet
  facet normal 0 1 0
    outer loop
      vertex 75.4351 65.7609 33.7486
      vertex 104 65.7609 0
      vertex 74.9706 65.7609 33.5256
    endloop
  endfacet
  facet normal 0 1 0
    outer loop
      vertex 104 65.7609 0
      vertex 97.5105 65.7609 33.3903
      vertex 98 65.7609 33.3449
    endloop
  endfacet
  facet normal -0 1 0
    outer loop
      vertex 59.2557 65.7609 17.6635
      vertex 74.9706 65.7609 33.5256
      vertex 104 65.7609 0
    endloop
  endfacet
  facet normal 0 1 0
    outer loop
      vertex 104 65.7609 47.1835
      vertex 99 65.7609 47.1335
      vertex 0 65.7609 47.1835
    endloop
  endfacet
  facet normal 0 1 0
    outer loop
      vertex 104 65.7609 47.1835
      vertex 99.0001 65.7609 47.1335
      vertex 99 65.7609 47.1335
    endloop
  endfacet
  facet normal 0 1 0
    outer loop
      vertex 97.5105 65.7609 43.9062
      vertex 99.0001 65.7609 47.1335
      vertex 98 65.7609 43.9515
    endloop
  endfacet
  facet normal 0 1 -0
    outer loop
      vertex 99.875 65.7609 43.241
      vertex 99.0001 65.7609 47.1335
      vertex 104 65.7609 47.1835
    endloop
  endfacet
  facet normal 0 1 0
    outer loop
      vertex 99.0001 65.7609 47.1335
      vertex 98.4895 65.7609 43.9062
      vertex 98 65.7609 43.9515
    endloop
  endfacet
  facet normal 0 1 0
    outer loop
      vertex 99.0001 65.7609 47.1335
      vertex 98.9706 65.7609 43.7708
      vertex 98.4895 65.7609 43.9062
    endloop
  endfacet
  facet normal 0 1 0
    outer loop
      vertex 99.0001 65.7609 47.1335
      vertex 99.4351 65.7609 43.5479
      vertex 98.9706 65.7609 43.7708
    endloop
  endfacet
  facet normal 0 1 0
    outer loop
      vertex 99.0001 65.7609 47.1335
      vertex 99.875 65.7609 43.241
      vertex 99.4351 65.7609 43.5479
    endloop
  endfacet
  facet normal 0 1 0
    outer loop
      vertex 104 65.7609 47.1835
      vertex 100.283 65.7609 42.8556
      vertex 99.875 65.7609 43.241
    endloop
  endfacet
  facet normal 0 1 0
    outer loop
      vertex 104 65.7609 47.1835
      vertex 100.652 65.7609 42.3982
      vertex 100.283 65.7609 42.8556
    endloop
  endfacet
  facet normal 0 1 0
    outer loop
      vertex 104 65.7609 47.1835
      vertex 100.975 65.7609 41.8767
      vertex 100.652 65.7609 42.3982
    endloop
  endfacet
  facet normal 0 1 0
    outer loop
      vertex 104 65.7609 47.1835
      vertex 101.248 65.7609 41.2999
      vertex 100.975 65.7609 41.8767
    endloop
  endfacet
  facet normal 0 1 0
    outer loop
      vertex 104 65.7609 47.1835
      vertex 101.465 65.7609 40.6777
      vertex 101.248 65.7609 41.2999
    endloop
  endfacet
  facet normal 0 1 0
    outer loop
      vertex 104 65.7609 47.1835
      vertex 101.622 65.7609 40.0208
      vertex 101.465 65.7609 40.6777
    endloop
  endfacet
  facet normal 0 1 0
    outer loop
      vertex 104 65.7609 47.1835
      vertex 101.718 65.7609 39.3405
      vertex 101.622 65.7609 40.0208
    endloop
  endfacet
  facet normal 0 1 0
    outer loop
      vertex 104 65.7609 47.1835
      vertex 101.75 65.7609 38.6482
      vertex 101.718 65.7609 39.3405
    endloop
  endfacet
  facet normal 0 1 0
    outer loop
      vertex 104 65.7609 47.1835
      vertex 101.718 65.7609 37.956
      vertex 101.75 65.7609 38.6482
    endloop
  endfacet
  facet normal 0 1 0
    outer loop
      vertex 104 65.7609 47.1835
      vertex 101.622 65.7609 37.2756
      vertex 101.718 65.7609 37.956
    endloop
  endfacet
  facet normal 0 1 0
    outer loop
      vertex 74.9706 65.7609 33.5256
      vertex 59.2557 65.7609 17.6635
      vertex 74.4895 65.7609 33.3903
    endloop
  endfacet
  facet normal 0 1 0
    outer loop
      vertex 104 65.7609 0
      vertex 98 65.7609 33.3449
      vertex 98.4895 65.7609 33.3903
    endloop
  endfacet
  facet normal -0 1 0
    outer loop
      vertex 58.7914 65.7609 19.0314
      vertex 74 65.7609 33.3449
      vertex 58.9192 65.7609 18.9192
    endloop
  endfacet
  facet normal 0 1 0
    outer loop
      vertex 104 65.7609 0
      vertex 98.4895 65.7609 33.3903
      vertex 98.9706 65.7609 33.5256
    endloop
  endfacet
  facet normal 0 1 0
    outer loop
      vertex 54 65.7609 27
      vertex 58.1697 65.7609 19.2889
      vertex 58 65.7609 19.3
    endloop
  endfacet
  facet normal 0 1 0
    outer loop
      vertex 54 65.7609 27
      vertex 58.3365 65.7609 19.2557
      vertex 58.1697 65.7609 19.2889
    endloop
  endfacet
  facet normal 0 1 0
    outer loop
      vertex 54 65.7609 27
      vertex 58.4975 65.7609 19.201
      vertex 58.3365 65.7609 19.2557
    endloop
  endfacet
  facet normal 0 1 0
    outer loop
      vertex 54 65.7609 27
      vertex 58.65 65.7609 19.1258
      vertex 58.4975 65.7609 19.201
    endloop
  endfacet
  facet normal 0 1 0
    outer loop
      vertex 54 65.7609 27
      vertex 58.7914 65.7609 19.0314
      vertex 58.65 65.7609 19.1258
    endloop
  endfacet
  facet normal 0 1 0
    outer loop
      vertex 74 65.7609 33.3449
      vertex 58.7914 65.7609 19.0314
      vertex 54 65.7609 27
    endloop
  endfacet
  facet normal 0 1 0
    outer loop
      vertex 74 65.7609 33.3449
      vertex 59.0314 65.7609 18.7914
      vertex 58.9192 65.7609 18.9192
    endloop
  endfacet
  facet normal 0 1 0
    outer loop
      vertex 74 65.7609 33.3449
      vertex 59.1258 65.7609 18.65
      vertex 59.0314 65.7609 18.7914
    endloop
  endfacet
  facet normal 0 1 0
    outer loop
      vertex 74 65.7609 33.3449
      vertex 59.201 65.7609 18.4975
      vertex 59.1258 65.7609 18.65
    endloop
  endfacet
  facet normal 0 1 0
    outer loop
      vertex 74 65.7609 33.3449
      vertex 59.2557 65.7609 18.3365
      vertex 59.201 65.7609 18.4975
    endloop
  endfacet
  facet normal 0 1 0
    outer loop
      vertex 74 65.7609 33.3449
      vertex 59.2889 65.7609 18.1697
      vertex 59.2557 65.7609 18.3365
    endloop
  endfacet
  facet normal 0 1 0
    outer loop
      vertex 74 65.7609 33.3449
      vertex 59.3 65.7609 18
      vertex 59.2889 65.7609 18.1697
    endloop
  endfacet
  facet normal 0 1 0
    outer loop
      vertex 74 65.7609 33.3449
      vertex 59.2889 65.7609 17.8303
      vertex 59.3 65.7609 18
    endloop
  endfacet
  facet normal -0 1 0
    outer loop
      vertex 59.2889 65.7609 17.8303
      vertex 74.4895 65.7609 33.3903
      vertex 59.2557 65.7609 17.6635
    endloop
  endfacet
  facet normal 0 1 0
    outer loop
      vertex 74.4895 65.7609 33.3903
      vertex 59.2889 65.7609 17.8303
      vertex 74 65.7609 33.3449
    endloop
  endfacet
  facet normal 0 1 0
    outer loop
      vertex 59.2557 65.7609 17.6635
      vertex 104 65.7609 0
      vertex 59.201 65.7609 17.5025
    endloop
  endfacet
  facet normal 0 1 0
    outer loop
      vertex 59.201 65.7609 17.5025
      vertex 104 65.7609 0
      vertex 59.1258 65.7609 17.35
    endloop
  endfacet
  facet normal 0 1 0
    outer loop
      vertex 59.1258 65.7609 17.35
      vertex 104 65.7609 0
      vertex 59.0314 65.7609 17.2086
    endloop
  endfacet
  facet normal 0 1 0
    outer loop
      vertex 59.0314 65.7609 17.2086
      vertex 104 65.7609 0
      vertex 58.9192 65.7609 17.0808
    endloop
  endfacet
  facet normal -0 1 0
    outer loop
      vertex 54 65.7609 9
      vertex 58.9192 65.7609 17.0808
      vertex 104 65.7609 0
    endloop
  endfacet
  facet normal 0 1 0
    outer loop
      vertex 58.9192 65.7609 17.0808
      vertex 54 65.7609 9
      vertex 58.7914 65.7609 16.9686
    endloop
  endfacet
  facet normal 0 1 0
    outer loop
      vertex 58.1697 65.7609 16.7111
      vertex 54 65.7609 9
      vertex 58 65.7609 16.7
    endloop
  endfacet
  facet normal 0 1 0
    outer loop
      vertex 58.3365 65.7609 16.7443
      vertex 54 65.7609 9
      vertex 58.1697 65.7609 16.7111
    endloop
  endfacet
  facet normal 0 1 0
    outer loop
      vertex 58.4975 65.7609 16.799
      vertex 54 65.7609 9
      vertex 58.3365 65.7609 16.7443
    endloop
  endfacet
  facet normal 0 1 0
    outer loop
      vertex 58.7914 65.7609 16.9686
      vertex 54 65.7609 9
      vertex 58.65 65.7609 16.8742
    endloop
  endfacet
  facet normal 0 1 0
    outer loop
      vertex 104 65.7609 0
      vertex 98.9706 65.7609 33.5256
      vertex 99.4351 65.7609 33.7486
    endloop
  endfacet
  facet normal 0 1 0
    outer loop
      vertex 0 65.7609 0
      vertex 54 65.7609 9
      vertex 104 65.7609 0
    endloop
  endfacet
  facet normal 0 1 0
    outer loop
      vertex 58.65 65.7609 16.8742
      vertex 54 65.7609 9
      vertex 58.4975 65.7609 16.799
    endloop
  endfacet
  facet normal 0 1 0
    outer loop
      vertex 99.875 65.7609 34.0554
      vertex 104 65.7609 0
      vertex 99.4351 65.7609 33.7486
    endloop
  endfacet
  facet normal 0 1 0
    outer loop
      vertex 100.283 65.7609 34.4408
      vertex 104 65.7609 0
      vertex 99.875 65.7609 34.0554
    endloop
  endfacet
  facet normal 0 1 0
    outer loop
      vertex 100.652 65.7609 34.8982
      vertex 104 65.7609 0
      vertex 100.283 65.7609 34.4408
    endloop
  endfacet
  facet normal 0 1 0
    outer loop
      vertex 100.975 65.7609 35.4198
      vertex 104 65.7609 0
      vertex 100.652 65.7609 34.8982
    endloop
  endfacet
  facet normal 0 1 0
    outer loop
      vertex 101.248 65.7609 35.9966
      vertex 104 65.7609 0
      vertex 100.975 65.7609 35.4198
    endloop
  endfacet
  facet normal 0 1 0
    outer loop
      vertex 101.465 65.7609 36.6188
      vertex 104 65.7609 0
      vertex 101.248 65.7609 35.9966
    endloop
  endfacet
  facet normal 0 1 0
    outer loop
      vertex 101.622 65.7609 37.2756
      vertex 104 65.7609 0
      vertex 101.465 65.7609 36.6188
    endloop
  endfacet
  facet normal 0 1 -0
    outer loop
      vertex 104 65.7609 0
      vertex 101.622 65.7609 37.2756
      vertex 104 65.7609 47.1835
    endloop
  endfacet
  facet normal 0 1 -0
    outer loop
      vertex 5 65.7609 47.1335
      vertex 0 65.7609 47.1835
      vertex 99 65.7609 47.1335
    endloop
  endfacet
  facet normal 0 1 -0
    outer loop
      vertex 4.99989 65.7609 47.1335
      vertex 0 65.7609 47.1835
      vertex 5 65.7609 47.1335
    endloop
  endfacet
  facet normal 0 1 0
    outer loop
      vertex 99.0001 65.7609 47.1335
      vertex 74 65.7609 43.9515
      vertex 4.99989 65.7609 47.1335
    endloop
  endfacet
  facet normal 0 1 -0
    outer loop
      vertex 73.5105 65.7609 43.9062
      vertex 4.99989 65.7609 47.1335
      vertex 74 65.7609 43.9515
    endloop
  endfacet
  facet normal 0 1 -0
    outer loop
      vertex 73.0294 65.7609 43.7708
      vertex 4.99989 65.7609 47.1335
      vertex 73.5105 65.7609 43.9062
    endloop
  endfacet
  facet normal 0 1 -0
    outer loop
      vertex 72.5649 65.7609 43.5479
      vertex 4.99989 65.7609 47.1335
      vertex 73.0294 65.7609 43.7708
    endloop
  endfacet
  facet normal 0 1 -0
    outer loop
      vertex 72.125 65.7609 43.241
      vertex 4.99989 65.7609 47.1335
      vertex 72.5649 65.7609 43.5479
    endloop
  endfacet
  facet normal 0 1 -0
    outer loop
      vertex 71.7171 65.7609 42.8556
      vertex 4.99989 65.7609 47.1335
      vertex 72.125 65.7609 43.241
    endloop
  endfacet
  facet normal 0 1 -0
    outer loop
      vertex 71.3484 65.7609 42.3982
      vertex 4.99989 65.7609 47.1335
      vertex 71.7171 65.7609 42.8556
    endloop
  endfacet
  facet normal 0 1 -0
    outer loop
      vertex 71.0249 65.7609 41.8767
      vertex 4.99989 65.7609 47.1335
      vertex 71.3484 65.7609 42.3982
    endloop
  endfacet
  facet normal 0 1 -0
    outer loop
      vertex 54 65.7609 27
      vertex 4.99989 65.7609 47.1335
      vertex 71.0249 65.7609 41.8767
    endloop
  endfacet
  facet normal 0 1 0
    outer loop
      vertex 54 65.7609 27
      vertex 71.0249 65.7609 41.8767
      vertex 70.7524 65.7609 41.2999
    endloop
  endfacet
  facet normal 0 1 0
    outer loop
      vertex 54 65.7609 27
      vertex 70.7524 65.7609 41.2999
      vertex 70.5355 65.7609 40.6777
    endloop
  endfacet
  facet normal 0 1 0
    outer loop
      vertex 54 65.7609 27
      vertex 70.5355 65.7609 40.6777
      vertex 70.3778 65.7609 40.0208
    endloop
  endfacet
  facet normal 0 1 0
    outer loop
      vertex 54 65.7609 27
      vertex 70.3778 65.7609 40.0208
      vertex 70.2821 65.7609 39.3405
    endloop
  endfacet
  facet normal 0 1 0
    outer loop
      vertex 54 65.7609 27
      vertex 70.2821 65.7609 39.3405
      vertex 70.25 65.7609 38.6482
    endloop
  endfacet
  facet normal 0 1 0
    outer loop
      vertex 54 65.7609 27
      vertex 70.25 65.7609 38.6482
      vertex 70.2821 65.7609 37.956
    endloop
  endfacet
  facet normal 0 1 0
    outer loop
      vertex 54 65.7609 27
      vertex 70.2821 65.7609 37.956
      vertex 70.3778 65.7609 37.2756
    endloop
  endfacet
  facet normal 0 1 0
    outer loop
      vertex 54 65.7609 27
      vertex 70.3778 65.7609 37.2756
      vertex 70.5355 65.7609 36.6188
    endloop
  endfacet
  facet normal 0 1 0
    outer loop
      vertex 54 65.7609 27
      vertex 70.5355 65.7609 36.6188
      vertex 70.7524 65.7609 35.9966
    endloop
  endfacet
  facet normal 0 1 0
    outer loop
      vertex 54 65.7609 27
      vertex 70.7524 65.7609 35.9966
      vertex 71.0249 65.7609 35.4198
    endloop
  endfacet
  facet normal 0 1 0
    outer loop
      vertex 54 65.7609 27
      vertex 71.0249 65.7609 35.4198
      vertex 71.3484 65.7609 34.8982
    endloop
  endfacet
  facet normal 0 1 0
    outer loop
      vertex 54 65.7609 27
      vertex 71.3484 65.7609 34.8982
      vertex 71.7171 65.7609 34.4408
    endloop
  endfacet
  facet normal 0 1 0
    outer loop
      vertex 54 65.7609 27
      vertex 71.7171 65.7609 34.4408
      vertex 72.125 65.7609 34.0554
    endloop
  endfacet
  facet normal 0 1 0
    outer loop
      vertex 54 65.7609 27
      vertex 72.125 65.7609 34.0554
      vertex 72.5649 65.7609 33.7486
    endloop
  endfacet
  facet normal 0 1 0
    outer loop
      vertex 54 65.7609 27
      vertex 72.5649 65.7609 33.7486
      vertex 73.0294 65.7609 33.5256
    endloop
  endfacet
  facet normal 0 1 0
    outer loop
      vertex 54 65.7609 27
      vertex 73.0294 65.7609 33.5256
      vertex 73.5105 65.7609 33.3903
    endloop
  endfacet
  facet normal 0 1 0
    outer loop
      vertex 54 65.7609 27
      vertex 73.5105 65.7609 33.3903
      vertex 74 65.7609 33.3449
    endloop
  endfacet
  facet normal 0 1 0
    outer loop
      vertex 4.99989 65.7609 47.1335
      vertex 54 65.7609 27
      vertex 22 65.7609 27
    endloop
  endfacet
  facet normal 0 1 -0
    outer loop
      vertex 17.0808 65.7609 18.9192
      vertex 4.99989 65.7609 47.1335
      vertex 22 65.7609 27
    endloop
  endfacet
  facet normal 0 1 0
    outer loop
      vertex 17.8303 65.7609 19.2889
      vertex 22 65.7609 27
      vertex 18 65.7609 19.3
    endloop
  endfacet
  facet normal 0 1 0
    outer loop
      vertex 17.6635 65.7609 19.2557
      vertex 22 65.7609 27
      vertex 17.8303 65.7609 19.2889
    endloop
  endfacet
  facet normal 0 1 0
    outer loop
      vertex 17.5025 65.7609 19.201
      vertex 22 65.7609 27
      vertex 17.6635 65.7609 19.2557
    endloop
  endfacet
  facet normal 0 1 0
    outer loop
      vertex 17.35 65.7609 19.1258
      vertex 22 65.7609 27
      vertex 17.5025 65.7609 19.201
    endloop
  endfacet
  facet normal 0 1 0
    outer loop
      vertex 17.2086 65.7609 19.0314
      vertex 22 65.7609 27
      vertex 17.35 65.7609 19.1258
    endloop
  endfacet
  facet normal 0 1 0
    outer loop
      vertex 17.0808 65.7609 18.9192
      vertex 22 65.7609 27
      vertex 17.2086 65.7609 19.0314
    endloop
  endfacet
  facet normal 0 1 -0
    outer loop
      vertex 16.9686 65.7609 18.7914
      vertex 4.99989 65.7609 47.1335
      vertex 17.0808 65.7609 18.9192
    endloop
  endfacet
  facet normal 0 1 0
    outer loop
      vertex 4.99989 65.7609 47.1335
      vertex 16.9686 65.7609 18.7914
      vertex 0 65.7609 47.1835
    endloop
  endfacet
  facet normal 0 1 -0
    outer loop
      vertex 16.8742 65.7609 18.65
      vertex 0 65.7609 47.1835
      vertex 16.9686 65.7609 18.7914
    endloop
  endfacet
  facet normal 0 1 -0
    outer loop
      vertex 16.799 65.7609 18.4975
      vertex 0 65.7609 47.1835
      vertex 16.8742 65.7609 18.65
    endloop
  endfacet
  facet normal 0 1 -0
    outer loop
      vertex 16.7443 65.7609 18.3365
      vertex 0 65.7609 47.1835
      vertex 16.799 65.7609 18.4975
    endloop
  endfacet
  facet normal 0 1 0
    outer loop
      vertex 0 65.7609 0
      vertex 16.7443 65.7609 18.3365
      vertex 16.7111 65.7609 18.1697
    endloop
  endfacet
  facet normal 0 1 0
    outer loop
      vertex 0 65.7609 0
      vertex 16.7111 65.7609 18.1697
      vertex 16.7 65.7609 18
    endloop
  endfacet
  facet normal 0 1 0
    outer loop
      vertex 0 65.7609 0
      vertex 16.7 65.7609 18
      vertex 16.7111 65.7609 17.8303
    endloop
  endfacet
  facet normal 0 1 0
    outer loop
      vertex 0 65.7609 0
      vertex 16.7111 65.7609 17.8303
      vertex 16.7443 65.7609 17.6635
    endloop
  endfacet
  facet normal 0 1 0
    outer loop
      vertex 0 65.7609 0
      vertex 16.7443 65.7609 17.6635
      vertex 16.799 65.7609 17.5025
    endloop
  endfacet
  facet normal 0 1 0
    outer loop
      vertex 0 65.7609 0
      vertex 16.799 65.7609 17.5025
      vertex 16.8742 65.7609 17.35
    endloop
  endfacet
  facet normal 0 1 0
    outer loop
      vertex 22 65.7609 9
      vertex 17.8303 65.7609 16.7111
      vertex 18 65.7609 16.7
    endloop
  endfacet
  facet normal 0 1 0
    outer loop
      vertex 22 65.7609 9
      vertex 17.6635 65.7609 16.7443
      vertex 17.8303 65.7609 16.7111
    endloop
  endfacet
  facet normal 0 1 0
    outer loop
      vertex 22 65.7609 9
      vertex 17.5025 65.7609 16.799
      vertex 17.6635 65.7609 16.7443
    endloop
  endfacet
  facet normal 0 1 0
    outer loop
      vertex 22 65.7609 9
      vertex 17.35 65.7609 16.8742
      vertex 17.5025 65.7609 16.799
    endloop
  endfacet
  facet normal 0 1 0
    outer loop
      vertex 22 65.7609 9
      vertex 17.2086 65.7609 16.9686
      vertex 17.35 65.7609 16.8742
    endloop
  endfacet
  facet normal 0 1 0
    outer loop
      vertex 0 65.7609 0
      vertex 17.2086 65.7609 16.9686
      vertex 22 65.7609 9
    endloop
  endfacet
  facet normal 0 1 0
    outer loop
      vertex 17.2086 65.7609 16.9686
      vertex 0 65.7609 0
      vertex 17.0808 65.7609 17.0808
    endloop
  endfacet
  facet normal 0 1 0
    outer loop
      vertex 17.0808 65.7609 17.0808
      vertex 0 65.7609 0
      vertex 16.9686 65.7609 17.2086
    endloop
  endfacet
  facet normal 0 1 0
    outer loop
      vertex 16.7443 65.7609 18.3365
      vertex 0 65.7609 0
      vertex 0 65.7609 47.1835
    endloop
  endfacet
  facet normal 0 1 0
    outer loop
      vertex 16.9686 65.7609 17.2086
      vertex 0 65.7609 0
      vertex 16.8742 65.7609 17.35
    endloop
  endfacet
  facet normal 0 1 0
    outer loop
      vertex 54 65.7609 9
      vertex 0 65.7609 0
      vertex 22 65.7609 9
    endloop
  endfacet
  facet normal 0 1 -0
    outer loop
      vertex 57.8303 65.7609 19.2889
      vertex 54 65.7609 27
      vertex 58 65.7609 19.3
    endloop
  endfacet
  facet normal 0 1 -0
    outer loop
      vertex 57.6635 65.7609 19.2557
      vertex 54 65.7609 27
      vertex 57.8303 65.7609 19.2889
    endloop
  endfacet
  facet normal 0 1 -0
    outer loop
      vertex 57.5025 65.7609 19.201
      vertex 54 65.7609 27
      vertex 57.6635 65.7609 19.2557
    endloop
  endfacet
  facet normal 0 1 -0
    outer loop
      vertex 57.35 65.7609 19.1258
      vertex 54 65.7609 27
      vertex 57.5025 65.7609 19.201
    endloop
  endfacet
  facet normal 0 1 -0
    outer loop
      vertex 57.2086 65.7609 19.0314
      vertex 54 65.7609 27
      vertex 57.35 65.7609 19.1258
    endloop
  endfacet
  facet normal 0 1 -0
    outer loop
      vertex 57.0808 65.7609 18.9192
      vertex 54 65.7609 27
      vertex 57.2086 65.7609 19.0314
    endloop
  endfacet
  facet normal 0 1 -0
    outer loop
      vertex 56.9686 65.7609 18.7914
      vertex 54 65.7609 27
      vertex 57.0808 65.7609 18.9192
    endloop
  endfacet
  facet normal 0 1 -0
    outer loop
      vertex 56.8742 65.7609 18.65
      vertex 54 65.7609 27
      vertex 56.9686 65.7609 18.7914
    endloop
  endfacet
  facet normal 0 1 -0
    outer loop
      vertex 56.799 65.7609 18.4975
      vertex 54 65.7609 27
      vertex 56.8742 65.7609 18.65
    endloop
  endfacet
  facet normal 0 1 -0
    outer loop
      vertex 56.7443 65.7609 18.3365
      vertex 54 65.7609 27
      vertex 56.799 65.7609 18.4975
    endloop
  endfacet
  facet normal 0 1 -0
    outer loop
      vertex 56.7111 65.7609 18.1697
      vertex 54 65.7609 27
      vertex 56.7443 65.7609 18.3365
    endloop
  endfacet
  facet normal 0 1 -0
    outer loop
      vertex 56.7 65.7609 18
      vertex 54 65.7609 27
      vertex 56.7111 65.7609 18.1697
    endloop
  endfacet
  facet normal 0 1 0
    outer loop
      vertex 54 65.7609 9
      vertex 56.7 65.7609 18
      vertex 56.7111 65.7609 17.8303
    endloop
  endfacet
  facet normal 0 1 0
    outer loop
      vertex 54 65.7609 9
      vertex 56.7111 65.7609 17.8303
      vertex 56.7443 65.7609 17.6635
    endloop
  endfacet
  facet normal 0 1 0
    outer loop
      vertex 56.7 65.7609 18
      vertex 54 65.7609 9
      vertex 54 65.7609 27
    endloop
  endfacet
  facet normal 0 1 0
    outer loop
      vertex 56.799 65.7609 17.5025
      vertex 54 65.7609 9
      vertex 56.7443 65.7609 17.6635
    endloop
  endfacet
  facet normal 0 1 0
    outer loop
      vertex 56.8742 65.7609 17.35
      vertex 54 65.7609 9
      vertex 56.799 65.7609 17.5025
    endloop
  endfacet
  facet normal 0 1 0
    outer loop
      vertex 56.9686 65.7609 17.2086
      vertex 54 65.7609 9
      vertex 56.8742 65.7609 17.35
    endloop
  endfacet
  facet normal 0 1 0
    outer loop
      vertex 57.0808 65.7609 17.0808
      vertex 54 65.7609 9
      vertex 56.9686 65.7609 17.2086
    endloop
  endfacet
  facet normal 0 1 0
    outer loop
      vertex 57.2086 65.7609 16.9686
      vertex 54 65.7609 9
      vertex 57.0808 65.7609 17.0808
    endloop
  endfacet
  facet normal 0 1 0
    outer loop
      vertex 57.35 65.7609 16.8742
      vertex 54 65.7609 9
      vertex 57.2086 65.7609 16.9686
    endloop
  endfacet
  facet normal 0 1 0
    outer loop
      vertex 57.5025 65.7609 16.799
      vertex 54 65.7609 9
      vertex 57.35 65.7609 16.8742
    endloop
  endfacet
  facet normal 0 1 0
    outer loop
      vertex 57.6635 65.7609 16.7443
      vertex 54 65.7609 9
      vertex 57.5025 65.7609 16.799
    endloop
  endfacet
  facet normal 0 1 0
    outer loop
      vertex 57.8303 65.7609 16.7111
      vertex 54 65.7609 9
      vertex 57.6635 65.7609 16.7443
    endloop
  endfacet
  facet normal 0 1 0
    outer loop
      vertex 54 65.7609 9
      vertex 57.8303 65.7609 16.7111
      vertex 58 65.7609 16.7
    endloop
  endfacet
  facet normal 0 0 -1
    outer loop
      vertex 101.718 35.8049 0
      vertex 104 22.6274 0
      vertex 101.75 35.1127 0
    endloop
  endfacet
  facet normal 0 0 -1
    outer loop
      vertex 104 22.6274 0
      vertex 101.718 34.4205 0
      vertex 101.75 35.1127 0
    endloop
  endfacet
  facet normal 0 0 -1
    outer loop
      vertex 104 22.6274 0
      vertex 101.622 33.7401 0
      vertex 101.718 34.4205 0
    endloop
  endfacet
  facet normal 0 0 -1
    outer loop
      vertex 104 22.6274 0
      vertex 101.465 33.0832 0
      vertex 101.622 33.7401 0
    endloop
  endfacet
  facet normal 0 0 -1
    outer loop
      vertex 104 22.6274 0
      vertex 101.248 32.461 0
      vertex 101.465 33.0832 0
    endloop
  endfacet
  facet normal 0 0 -1
    outer loop
      vertex 104 22.6274 0
      vertex 100.975 31.8843 0
      vertex 101.248 32.461 0
    endloop
  endfacet
  facet normal 0 0 -1
    outer loop
      vertex 104 22.6274 0
      vertex 100.652 31.3627 0
      vertex 100.975 31.8843 0
    endloop
  endfacet
  facet normal 0 0 -1
    outer loop
      vertex 104 22.6274 0
      vertex 100.283 30.9053 0
      vertex 100.652 31.3627 0
    endloop
  endfacet
  facet normal 0 0 -1
    outer loop
      vertex 104 22.6274 0
      vertex 99.875 30.5199 0
      vertex 100.283 30.9053 0
    endloop
  endfacet
  facet normal 0 0 -1
    outer loop
      vertex 104 22.6274 0
      vertex 99.4351 30.2131 0
      vertex 99.875 30.5199 0
    endloop
  endfacet
  facet normal 0 0 -1
    outer loop
      vertex 104 22.6274 0
      vertex 98.9706 29.9901 0
      vertex 99.4351 30.2131 0
    endloop
  endfacet
  facet normal 0 0 -1
    outer loop
      vertex 104 22.6274 0
      vertex 98.4895 29.8548 0
      vertex 98.9706 29.9901 0
    endloop
  endfacet
  facet normal 0 0 -1
    outer loop
      vertex 104 22.6274 0
      vertex 98 29.8094 0
      vertex 98.4895 29.8548 0
    endloop
  endfacet
  facet normal 0 0 -1
    outer loop
      vertex 104 22.6274 0
      vertex 97.5105 29.8548 0
      vertex 98 29.8094 0
    endloop
  endfacet
  facet normal 0 0 -1
    outer loop
      vertex 94 29.6274 0
      vertex 97.5105 29.8548 0
      vertex 104 22.6274 0
    endloop
  endfacet
  facet normal -0 0 -1
    outer loop
      vertex 97.5105 29.8548 0
      vertex 94 29.6274 0
      vertex 97.0294 29.9901 0
    endloop
  endfacet
  facet normal -0 0 -1
    outer loop
      vertex 97.0294 29.9901 0
      vertex 94 29.6274 0
      vertex 96.5649 30.2131 0
    endloop
  endfacet
  facet normal -0 0 -1
    outer loop
      vertex 96.5649 30.2131 0
      vertex 94 29.6274 0
      vertex 96.125 30.5199 0
    endloop
  endfacet
  facet normal -0 0 -1
    outer loop
      vertex 94.2821 34.4205 0
      vertex 94 29.6274 0
      vertex 94.25 35.1127 0
    endloop
  endfacet
  facet normal -0 0 -1
    outer loop
      vertex 94.3778 33.7401 0
      vertex 94 29.6274 0
      vertex 94.2821 34.4205 0
    endloop
  endfacet
  facet normal -0 0 -1
    outer loop
      vertex 94.5355 33.0832 0
      vertex 94 29.6274 0
      vertex 94.3778 33.7401 0
    endloop
  endfacet
  facet normal -0 0 -1
    outer loop
      vertex 94.7524 32.461 0
      vertex 94 29.6274 0
      vertex 94.5355 33.0832 0
    endloop
  endfacet
  facet normal -0 0 -1
    outer loop
      vertex 95.0249 31.8843 0
      vertex 94 29.6274 0
      vertex 94.7524 32.461 0
    endloop
  endfacet
  facet normal -0 0 -1
    outer loop
      vertex 95.3484 31.3627 0
      vertex 94 29.6274 0
      vertex 95.0249 31.8843 0
    endloop
  endfacet
  facet normal -0 0 -1
    outer loop
      vertex 95.7171 30.9053 0
      vertex 94 29.6274 0
      vertex 95.3484 31.3627 0
    endloop
  endfacet
  facet normal -0 0 -1
    outer loop
      vertex 96.125 30.5199 0
      vertex 94 29.6274 0
      vertex 95.7171 30.9053 0
    endloop
  endfacet
  facet normal 0 0 -1
    outer loop
      vertex 104 22.6274 0
      vertex 10 29.6274 0
      vertex 94 29.6274 0
    endloop
  endfacet
  facet normal -0 0 -1
    outer loop
      vertex 10 29.6274 0
      vertex 0 22.6274 0
      vertex 10 58.7609 0
    endloop
  endfacet
  facet normal 0 0 -1
    outer loop
      vertex 0 22.6274 0
      vertex 10 29.6274 0
      vertex 104 22.6274 0
    endloop
  endfacet
  facet normal 0 0 -1
    outer loop
      vertex 104 22.6274 0
      vertex 101.718 35.8049 0
      vertex 104 65.7609 0
    endloop
  endfacet
  facet normal 0 0 -1
    outer loop
      vertex 101.622 36.4853 0
      vertex 104 65.7609 0
      vertex 101.718 35.8049 0
    endloop
  endfacet
  facet normal 0 0 -1
    outer loop
      vertex 101.465 37.1422 0
      vertex 104 65.7609 0
      vertex 101.622 36.4853 0
    endloop
  endfacet
  facet normal 0 0 -1
    outer loop
      vertex 101.248 37.7643 0
      vertex 104 65.7609 0
      vertex 101.465 37.1422 0
    endloop
  endfacet
  facet normal 0 0 -1
    outer loop
      vertex 100.975 38.3411 0
      vertex 104 65.7609 0
      vertex 101.248 37.7643 0
    endloop
  endfacet
  facet normal 0 0 -1
    outer loop
      vertex 100.652 38.8627 0
      vertex 104 65.7609 0
      vertex 100.975 38.3411 0
    endloop
  endfacet
  facet normal 0 0 -1
    outer loop
      vertex 100.283 39.3201 0
      vertex 104 65.7609 0
      vertex 100.652 38.8627 0
    endloop
  endfacet
  facet normal 0 0 -1
    outer loop
      vertex 99.875 39.7055 0
      vertex 104 65.7609 0
      vertex 100.283 39.3201 0
    endloop
  endfacet
  facet normal 0 0 -1
    outer loop
      vertex 99.4351 40.0123 0
      vertex 104 65.7609 0
      vertex 99.875 39.7055 0
    endloop
  endfacet
  facet normal 0 0 -1
    outer loop
      vertex 94 58.7609 0
      vertex 99.4351 40.0123 0
      vertex 98.9706 40.2353 0
    endloop
  endfacet
  facet normal 0 0 -1
    outer loop
      vertex 94 58.7609 0
      vertex 98.9706 40.2353 0
      vertex 98.4895 40.3706 0
    endloop
  endfacet
  facet normal 0 0 -1
    outer loop
      vertex 94 58.7609 0
      vertex 98.4895 40.3706 0
      vertex 98 40.416 0
    endloop
  endfacet
  facet normal 0 0 -1
    outer loop
      vertex 94 58.7609 0
      vertex 98 40.416 0
      vertex 97.5105 40.3706 0
    endloop
  endfacet
  facet normal 0 0 -1
    outer loop
      vertex 94 58.7609 0
      vertex 97.5105 40.3706 0
      vertex 97.0294 40.2353 0
    endloop
  endfacet
  facet normal 0 0 -1
    outer loop
      vertex 94 58.7609 0
      vertex 97.0294 40.2353 0
      vertex 96.5649 40.0123 0
    endloop
  endfacet
  facet normal 0 0 -1
    outer loop
      vertex 94 58.7609 0
      vertex 96.5649 40.0123 0
      vertex 96.125 39.7055 0
    endloop
  endfacet
  facet normal 0 0 -1
    outer loop
      vertex 94 58.7609 0
      vertex 96.125 39.7055 0
      vertex 95.7171 39.3201 0
    endloop
  endfacet
  facet normal 0 0 -1
    outer loop
      vertex 94 58.7609 0
      vertex 95.7171 39.3201 0
      vertex 95.3484 38.8627 0
    endloop
  endfacet
  facet normal 0 0 -1
    outer loop
      vertex 94 58.7609 0
      vertex 95.3484 38.8627 0
      vertex 95.0249 38.3411 0
    endloop
  endfacet
  facet normal 0 0 -1
    outer loop
      vertex 94 58.7609 0
      vertex 95.0249 38.3411 0
      vertex 94.7524 37.7643 0
    endloop
  endfacet
  facet normal 0 0 -1
    outer loop
      vertex 94 58.7609 0
      vertex 94.7524 37.7643 0
      vertex 94.5355 37.1422 0
    endloop
  endfacet
  facet normal 0 0 -1
    outer loop
      vertex 94 58.7609 0
      vertex 94.25 35.1127 0
      vertex 94 29.6274 0
    endloop
  endfacet
  facet normal 0 0 -1
    outer loop
      vertex 94 58.7609 0
      vertex 94.2821 35.8049 0
      vertex 94.25 35.1127 0
    endloop
  endfacet
  facet normal 0 0 -1
    outer loop
      vertex 94 58.7609 0
      vertex 94.3778 36.4853 0
      vertex 94.2821 35.8049 0
    endloop
  endfacet
  facet normal 0 0 -1
    outer loop
      vertex 94 58.7609 0
      vertex 94.5355 37.1422 0
      vertex 94.3778 36.4853 0
    endloop
  endfacet
  facet normal 0 0 -1
    outer loop
      vertex 99.4351 40.0123 0
      vertex 94 58.7609 0
      vertex 104 65.7609 0
    endloop
  endfacet
  facet normal 0 0 -1
    outer loop
      vertex 10 58.7609 0
      vertex 104 65.7609 0
      vertex 94 58.7609 0
    endloop
  endfacet
  facet normal 0 0 -1
    outer loop
      vertex 10 58.7609 0
      vertex 0 65.7609 0
      vertex 104 65.7609 0
    endloop
  endfacet
  facet normal 0 0 -1
    outer loop
      vertex 0 65.7609 0
      vertex 10 58.7609 0
      vertex 0 22.6274 0
    endloop
  endfacet
  facet normal 0 -1 0
    outer loop
      vertex 0 22.6274 0
      vertex 4.4609 22.6274 4.04999
      vertex 0 22.6274 4.04999
    endloop
  endfacet
  facet normal 0 -1 -0
    outer loop
      vertex 5 22.6274 4.00001
      vertex 0 22.6274 0
      vertex 99 22.6274 4.00001
    endloop
  endfacet
  facet normal 0 -1 -0
    outer loop
      vertex 4.4609 22.6274 4.04999
      vertex 0 22.6274 0
      vertex 5 22.6274 4.00001
    endloop
  endfacet
  facet normal 0 -1 0
    outer loop
      vertex 104 22.6274 0
      vertex 99.5391 22.6274 4.04999
      vertex 99 22.6274 4.00001
    endloop
  endfacet
  facet normal 0 -1 0
    outer loop
      vertex 104 22.6274 0
      vertex 99 22.6274 4.00001
      vertex 0 22.6274 0
    endloop
  endfacet
  facet normal 0 -1 0
    outer loop
      vertex 99.5391 22.6274 4.04999
      vertex 104 22.6274 0
      vertex 104 22.6274 4.04999
    endloop
  endfacet
  facet normal 0 -0.704423 0.70978
    outer loop
      vertex 4.34737 22.6327 4.05525
      vertex 0 22.6274 4.04999
      vertex 4.4609 22.6274 4.04999
    endloop
  endfacet
  facet normal 6.63913e-06 -0.707162 0.707052
    outer loop
      vertex 3.7059 22.7229 4.14547
      vertex 0 22.6274 4.04999
      vertex 4.34737 22.6327 4.05525
    endloop
  endfacet
  facet normal -9.80464e-07 -0.707014 0.7072
    outer loop
      vertex 3.08658 22.8716 4.29413
      vertex 0 22.6274 4.04999
      vertex 3.7059 22.7229 4.14547
    endloop
  endfacet
  facet normal 2.01206e-05 -0.707147 0.707066
    outer loop
      vertex 2.5 23.0761 4.49867
      vertex 0 22.6274 4.04999
      vertex 3.08658 22.8716 4.29413
    endloop
  endfacet
  facet normal 1.48388e-05 -0.707132 0.707081
    outer loop
      vertex 1.95619 23.333 4.7556
      vertex 0 22.6274 4.04999
      vertex 2.5 23.0761 4.49867
    endloop
  endfacet
  facet normal -3.40129e-05 -0.707065 0.707149
    outer loop
      vertex 1.46446 23.638 5.06054
      vertex 0 22.6274 4.04999
      vertex 1.95619 23.333 4.7556
    endloop
  endfacet
  facet normal 1.30086e-05 -0.707099 0.707115
    outer loop
      vertex 1.03322 23.9857 5.40824
      vertex 0 22.6274 4.04999
      vertex 1.46446 23.638 5.06054
    endloop
  endfacet
  facet normal 3.68236e-05 -0.707108 0.707106
    outer loop
      vertex 0.669861 24.3702 5.79276
      vertex 0 22.6274 4.04999
      vertex 1.03322 23.9857 5.40824
    endloop
  endfacet
  facet normal -4.50682e-06 -0.7071 0.707114
    outer loop
      vertex 0.3806 24.785 6.20755
      vertex 0 22.6274 4.04999
      vertex 0.669861 24.3702 5.79276
    endloop
  endfacet
  facet normal 9.37578e-05 -0.707108 0.707105
    outer loop
      vertex 0.170364 25.2229 6.64548
      vertex 0 22.6274 4.04999
      vertex 0.3806 24.785 6.20755
    endloop
  endfacet
  facet normal -8.20149e-05 -0.707103 0.707111
    outer loop
      vertex 0.0427704 25.6765 7.09906
      vertex 0 22.6274 4.04999
      vertex 0.170364 25.2229 6.64548
    endloop
  endfacet
  facet normal -0.00036558 -0.707101 0.707113
    outer loop
      vertex 0 22.6274 4.04999
      vertex 0.0427704 25.6765 7.09906
      vertex 0 26.138 7.56053
    endloop
  endfacet
  facet normal 0 -0.707107 0.707107
    outer loop
      vertex 0 65.7609 47.1835
      vertex 5 65.7359 47.1585
      vertex 104 65.7609 47.1835
    endloop
  endfacet
  facet normal 1.50107e-15 -0.707107 0.707107
    outer loop
      vertex 0 65.7609 47.1835
      vertex 4.34737 65.7057 47.1283
      vertex 5 65.7359 47.1585
    endloop
  endfacet
  facet normal -9.12483e-06 -0.707466 0.706747
    outer loop
      vertex 0 65.7609 47.1835
      vertex 3.7059 65.6155 47.038
      vertex 4.34737 65.7057 47.1283
    endloop
  endfacet
  facet normal 3.2445e-05 -0.706937 0.707277
    outer loop
      vertex 0 65.7609 47.1835
      vertex 3.08658 65.4668 46.8894
      vertex 3.7059 65.6155 47.038
    endloop
  endfacet
  facet normal -2.58698e-05 -0.707243 0.706971
    outer loop
      vertex 0 65.7609 47.1835
      vertex 2.5 65.2623 46.6848
      vertex 3.08658 65.4668 46.8894
    endloop
  endfacet
  facet normal 5.84853e-05 -0.707031 0.707182
    outer loop
      vertex 0 65.7609 47.1835
      vertex 1.95619 65.0053 46.4279
      vertex 2.5 65.2623 46.6848
    endloop
  endfacet
  facet normal 0 -0.707107 0.707107
    outer loop
      vertex 0 65.7609 47.1835
      vertex 1.46446 64.7004 46.123
      vertex 1.95619 65.0053 46.4279
    endloop
  endfacet
  facet normal 5.52322e-15 -0.707107 0.707107
    outer loop
      vertex 0 65.7609 47.1835
      vertex 1.03322 64.3527 45.7753
      vertex 1.46446 64.7004 46.123
    endloop
  endfacet
  facet normal -0.000109542 -0.707147 0.707067
    outer loop
      vertex 0 65.7609 47.1835
      vertex 0.669861 63.9682 45.3907
      vertex 1.03322 64.3527 45.7753
    endloop
  endfacet
  facet normal 0.000196 -0.70709 0.707124
    outer loop
      vertex 0 65.7609 47.1835
      vertex 0.3806 63.5534 44.976
      vertex 0.669861 63.9682 45.3907
    endloop
  endfacet
  facet normal -0.000247462 -0.707128 0.707085
    outer loop
      vertex 0 65.7609 47.1835
      vertex 0.170364 63.1155 44.538
      vertex 0.3806 63.5534 44.976
    endloop
  endfacet
  facet normal 0.00052827 -0.707103 0.70711
    outer loop
      vertex 0 65.7609 47.1835
      vertex 0.0427704 62.6619 44.0845
      vertex 0.170364 63.1155 44.538
    endloop
  endfacet
  facet normal 0 -0.707107 0.707107
    outer loop
      vertex 0.0427704 62.6619 44.0845
      vertex 0 65.7609 47.1835
      vertex 0 62.2004 43.623
    endloop
  endfacet
  facet normal 0 -0.707107 0.707107
    outer loop
      vertex 99 65.7359 47.1585
      vertex 104 65.7609 47.1835
      vertex 5 65.7359 47.1585
    endloop
  endfacet
  facet normal -1.502e-15 -0.707107 0.707107
    outer loop
      vertex 99.6526 65.7057 47.1283
      vertex 104 65.7609 47.1835
      vertex 99 65.7359 47.1585
    endloop
  endfacet
  facet normal 9.12485e-06 -0.707466 0.706747
    outer loop
      vertex 100.294 65.6155 47.038
      vertex 104 65.7609 47.1835
      vertex 99.6526 65.7057 47.1283
    endloop
  endfacet
  facet normal -3.24466e-05 -0.706936 0.707277
    outer loop
      vertex 100.913 65.4668 46.8894
      vertex 104 65.7609 47.1835
      vertex 100.294 65.6155 47.038
    endloop
  endfacet
  facet normal 2.5863e-05 -0.707243 0.706971
    outer loop
      vertex 101.5 65.2623 46.6848
      vertex 104 65.7609 47.1835
      vertex 100.913 65.4668 46.8894
    endloop
  endfacet
  facet normal -5.84792e-05 -0.707031 0.707182
    outer loop
      vertex 102.044 65.0053 46.4279
      vertex 104 65.7609 47.1835
      vertex 101.5 65.2623 46.6848
    endloop
  endfacet
  facet normal 0 -0.707107 0.707107
    outer loop
      vertex 102.536 64.7004 46.123
      vertex 104 65.7609 47.1835
      vertex 102.044 65.0053 46.4279
    endloop
  endfacet
  facet normal -5.48496e-15 -0.707107 0.707107
    outer loop
      vertex 102.967 64.3527 45.7753
      vertex 104 65.7609 47.1835
      vertex 102.536 64.7004 46.123
    endloop
  endfacet
  facet normal 0.000109614 -0.707147 0.707067
    outer loop
      vertex 103.33 63.9682 45.3907
      vertex 104 65.7609 47.1835
      vertex 102.967 64.3527 45.7753
    endloop
  endfacet
  facet normal -0.000196101 -0.70709 0.707124
    outer loop
      vertex 103.619 63.5534 44.976
      vertex 104 65.7609 47.1835
      vertex 103.33 63.9682 45.3907
    endloop
  endfacet
  facet normal 0.000246733 -0.707128 0.707085
    outer loop
      vertex 103.83 63.1155 44.538
      vertex 104 65.7609 47.1835
      vertex 103.619 63.5534 44.976
    endloop
  endfacet
  facet normal -0.00053049 -0.707103 0.70711
    outer loop
      vertex 103.957 62.6619 44.0845
      vertex 104 65.7609 47.1835
      vertex 103.83 63.1155 44.538
    endloop
  endfacet
  facet normal 0 -0.707107 0.707107
    outer loop
      vertex 104 65.7609 47.1835
      vertex 103.957 62.6619 44.0845
      vertex 104 62.2004 43.623
    endloop
  endfacet
  facet normal 0.000363628 -0.707101 0.707113
    outer loop
      vertex 103.957 25.6765 7.09906
      vertex 104 22.6274 4.04999
      vertex 104 26.138 7.56053
    endloop
  endfacet
  facet normal 8.23588e-05 -0.707103 0.707111
    outer loop
      vertex 103.83 25.2229 6.64548
      vertex 104 22.6274 4.04999
      vertex 103.957 25.6765 7.09906
    endloop
  endfacet
  facet normal -9.3483e-05 -0.707108 0.707105
    outer loop
      vertex 103.619 24.785 6.20755
      vertex 104 22.6274 4.04999
      vertex 103.83 25.2229 6.64548
    endloop
  endfacet
  facet normal 4.50911e-06 -0.7071 0.707114
    outer loop
      vertex 103.33 24.3702 5.79276
      vertex 104 22.6274 4.04999
      vertex 103.619 24.785 6.20755
    endloop
  endfacet
  facet normal -3.68473e-05 -0.707108 0.707106
    outer loop
      vertex 102.967 23.9857 5.40824
      vertex 104 22.6274 4.04999
      vertex 103.33 24.3702 5.79276
    endloop
  endfacet
  facet normal -1.30142e-05 -0.707099 0.707115
    outer loop
      vertex 102.536 23.638 5.06054
      vertex 104 22.6274 4.04999
      vertex 102.967 23.9857 5.40824
    endloop
  endfacet
  facet normal 3.40081e-05 -0.707065 0.707149
    outer loop
      vertex 102.044 23.333 4.7556
      vertex 104 22.6274 4.04999
      vertex 102.536 23.638 5.06054
    endloop
  endfacet
  facet normal -1.48374e-05 -0.707132 0.707081
    outer loop
      vertex 101.5 23.0761 4.49867
      vertex 104 22.6274 4.04999
      vertex 102.044 23.333 4.7556
    endloop
  endfacet
  facet normal -2.01157e-05 -0.707147 0.707066
    outer loop
      vertex 100.913 22.8716 4.29413
      vertex 104 22.6274 4.04999
      vertex 101.5 23.0761 4.49867
    endloop
  endfacet
  facet normal 9.80489e-07 -0.707014 0.7072
    outer loop
      vertex 100.294 22.7229 4.14547
      vertex 104 22.6274 4.04999
      vertex 100.913 22.8716 4.29413
    endloop
  endfacet
  facet normal -6.63909e-06 -0.707162 0.707052
    outer loop
      vertex 99.6526 22.6327 4.05525
      vertex 104 22.6274 4.04999
      vertex 100.294 22.7229 4.14547
    endloop
  endfacet
  facet normal 0 -0.704423 0.70978
    outer loop
      vertex 104 22.6274 4.04999
      vertex 99.6526 22.6327 4.05525
      vertex 99.5391 22.6274 4.04999
    endloop
  endfacet
  facet normal -1 0 0
    outer loop
      vertex 101 35.2884 3
      vertex 101 62.7609 38.4725
      vertex 101 62.7609 3
    endloop
  endfacet
  facet normal -1 0 0
    outer loop
      vertex 101 28.5286 9.75978
      vertex 101 62.7609 38.4725
      vertex 101 35.2884 3
    endloop
  endfacet
  facet normal -1 0 0
    outer loop
      vertex 101 60.0012 41.2323
      vertex 101 62.7609 44.1335
      vertex 101 62.7609 43.9921
    endloop
  endfacet
  facet normal -1 -0 0
    outer loop
      vertex 101 62.7609 38.4725
      vertex 101 28.5286 9.75978
      vertex 101 60.0012 41.2323
    endloop
  endfacet
  facet normal -1 0 0
    outer loop
      vertex 101 28.5286 9.75978
      vertex 101 62.7609 44.1335
      vertex 101 60.0012 41.2323
    endloop
  endfacet
  facet normal -1 0 0
    outer loop
      vertex 101 25.6274 7
      vertex 101 28.5286 9.75978
      vertex 101 25.6274 6.85858
    endloop
  endfacet
  facet normal -1 -0 0
    outer loop
      vertex 101 28.5286 9.75978
      vertex 101 25.6274 7
      vertex 101 62.7609 44.1335
    endloop
  endfacet
  facet normal -1 0 0
    outer loop
      vertex 101 25.6274 6.30959
      vertex 101 28.937 3
      vertex 101 25.6274 3
    endloop
  endfacet
  facet normal 0 0 1
    outer loop
      vertex 101 62.7609 3
      vertex 100.975 35.3411 3
      vertex 101 35.2884 3
    endloop
  endfacet
  facet normal 0 0 1
    outer loop
      vertex 101 62.7609 3
      vertex 100.652 35.8627 3
      vertex 100.975 35.3411 3
    endloop
  endfacet
  facet normal 0 0 1
    outer loop
      vertex 101 62.7609 3
      vertex 100.283 36.3201 3
      vertex 100.652 35.8627 3
    endloop
  endfacet
  facet normal 0 0 1
    outer loop
      vertex 101 62.7609 3
      vertex 99.875 36.7055 3
      vertex 100.283 36.3201 3
    endloop
  endfacet
  facet normal 0 0 1
    outer loop
      vertex 101 62.7609 3
      vertex 99.4351 37.0123 3
      vertex 99.875 36.7055 3
    endloop
  endfacet
  facet normal 0 0 1
    outer loop
      vertex 101 62.7609 3
      vertex 98.9706 37.2353 3
      vertex 99.4351 37.0123 3
    endloop
  endfacet
  facet normal -0 0 1
    outer loop
      vertex 94 58.7609 3
      vertex 98.9706 37.2353 3
      vertex 101 62.7609 3
    endloop
  endfacet
  facet normal 0 0 1
    outer loop
      vertex 98.9706 37.2353 3
      vertex 94 58.7609 3
      vertex 98.4895 37.3706 3
    endloop
  endfacet
  facet normal 0 0 1
    outer loop
      vertex 98.4895 37.3706 3
      vertex 94 58.7609 3
      vertex 98 37.416 3
    endloop
  endfacet
  facet normal 0 0 1
    outer loop
      vertex 98 37.416 3
      vertex 94 58.7609 3
      vertex 97.5105 37.3706 3
    endloop
  endfacet
  facet normal 0 0 1
    outer loop
      vertex 97.5105 37.3706 3
      vertex 94 58.7609 3
      vertex 97.0294 37.2353 3
    endloop
  endfacet
  facet normal 0 0 1
    outer loop
      vertex 97.0294 37.2353 3
      vertex 94 58.7609 3
      vertex 96.5649 37.0123 3
    endloop
  endfacet
  facet normal 0 0 1
    outer loop
      vertex 96.5649 37.0123 3
      vertex 94 58.7609 3
      vertex 96.125 36.7055 3
    endloop
  endfacet
  facet normal 0 0 1
    outer loop
      vertex 96.125 36.7055 3
      vertex 94 58.7609 3
      vertex 95.7171 36.3201 3
    endloop
  endfacet
  facet normal 0 0 1
    outer loop
      vertex 95.7171 36.3201 3
      vertex 94 58.7609 3
      vertex 95.3484 35.8627 3
    endloop
  endfacet
  facet normal 0 0 1
    outer loop
      vertex 95.3484 35.8627 3
      vertex 94 58.7609 3
      vertex 95.0249 35.3411 3
    endloop
  endfacet
  facet normal 0 0 1
    outer loop
      vertex 95.0249 35.3411 3
      vertex 94 58.7609 3
      vertex 94.7524 34.7643 3
    endloop
  endfacet
  facet normal 0 0 1
    outer loop
      vertex 94.7524 34.7643 3
      vertex 94 58.7609 3
      vertex 94.5355 34.1422 3
    endloop
  endfacet
  facet normal 0 0 1
    outer loop
      vertex 94 29.6274 3
      vertex 94.2821 32.8049 3
      vertex 94 58.7609 3
    endloop
  endfacet
  facet normal 0 0 1
    outer loop
      vertex 94.3778 33.4853 3
      vertex 94 58.7609 3
      vertex 94.2821 32.8049 3
    endloop
  endfacet
  facet normal 0 0 1
    outer loop
      vertex 94.5355 34.1422 3
      vertex 94 58.7609 3
      vertex 94.3778 33.4853 3
    endloop
  endfacet
  facet normal 0 0 1
    outer loop
      vertex 101 62.7609 3
      vertex 10 58.7609 3
      vertex 94 58.7609 3
    endloop
  endfacet
  facet normal 0 0 1
    outer loop
      vertex 10 58.7609 3
      vertex 3 62.7609 3
      vertex 10 29.6274 3
    endloop
  endfacet
  facet normal -0 0 1
    outer loop
      vertex 3 62.7609 3
      vertex 10 58.7609 3
      vertex 101 62.7609 3
    endloop
  endfacet
  facet normal -0 0 1
    outer loop
      vertex 100.975 28.8843 3
      vertex 101 25.6274 3
      vertex 101 28.937 3
    endloop
  endfacet
  facet normal -0 0 1
    outer loop
      vertex 100.652 28.3627 3
      vertex 101 25.6274 3
      vertex 100.975 28.8843 3
    endloop
  endfacet
  facet normal -0 0 1
    outer loop
      vertex 100.283 27.9053 3
      vertex 101 25.6274 3
      vertex 100.652 28.3627 3
    endloop
  endfacet
  facet normal -0 0 1
    outer loop
      vertex 99.875 27.5199 3
      vertex 101 25.6274 3
      vertex 100.283 27.9053 3
    endloop
  endfacet
  facet normal -0 0 1
    outer loop
      vertex 99.4351 27.2131 3
      vertex 101 25.6274 3
      vertex 99.875 27.5199 3
    endloop
  endfacet
  facet normal -0 0 1
    outer loop
      vertex 98.9706 26.9901 3
      vertex 101 25.6274 3
      vertex 99.4351 27.2131 3
    endloop
  endfacet
  facet normal -0 0 1
    outer loop
      vertex 98.4895 26.8548 3
      vertex 101 25.6274 3
      vertex 98.9706 26.9901 3
    endloop
  endfacet
  facet normal -0 0 1
    outer loop
      vertex 98 26.8094 3
      vertex 101 25.6274 3
      vertex 98.4895 26.8548 3
    endloop
  endfacet
  facet normal 0 0 1
    outer loop
      vertex 97.5105 26.8548 3
      vertex 101 25.6274 3
      vertex 98 26.8094 3
    endloop
  endfacet
  facet normal 0 0 1
    outer loop
      vertex 97.0294 26.9901 3
      vertex 101 25.6274 3
      vertex 97.5105 26.8548 3
    endloop
  endfacet
  facet normal 0 0 1
    outer loop
      vertex 94.2821 32.8049 3
      vertex 94 29.6274 3
      vertex 94.25 32.1127 3
    endloop
  endfacet
  facet normal 0 0 1
    outer loop
      vertex 94 29.6274 3
      vertex 94.2821 31.4205 3
      vertex 94.25 32.1127 3
    endloop
  endfacet
  facet normal 0 0 1
    outer loop
      vertex 94 29.6274 3
      vertex 94.3778 30.7401 3
      vertex 94.2821 31.4205 3
    endloop
  endfacet
  facet normal 0 0 1
    outer loop
      vertex 94 29.6274 3
      vertex 94.5355 30.0832 3
      vertex 94.3778 30.7401 3
    endloop
  endfacet
  facet normal -0 0 1
    outer loop
      vertex 94 29.6274 3
      vertex 94.7524 29.461 3
      vertex 94.5355 30.0832 3
    endloop
  endfacet
  facet normal 0 0 1
    outer loop
      vertex 94 29.6274 3
      vertex 95.0249 28.8843 3
      vertex 94.7524 29.461 3
    endloop
  endfacet
  facet normal 0 0 1
    outer loop
      vertex 94 29.6274 3
      vertex 95.3484 28.3627 3
      vertex 95.0249 28.8843 3
    endloop
  endfacet
  facet normal 0 0 1
    outer loop
      vertex 94 29.6274 3
      vertex 95.7171 27.9053 3
      vertex 95.3484 28.3627 3
    endloop
  endfacet
  facet normal 0 0 1
    outer loop
      vertex 77.2476 29.461 3
      vertex 94 29.6274 3
      vertex 77.3056 29.6274 3
    endloop
  endfacet
  facet normal 0 0 1
    outer loop
      vertex 76.9751 28.8843 3
      vertex 94 29.6274 3
      vertex 77.2476 29.461 3
    endloop
  endfacet
  facet normal 0 0 1
    outer loop
      vertex 76.6516 28.3627 3
      vertex 94 29.6274 3
      vertex 76.9751 28.8843 3
    endloop
  endfacet
  facet normal 0 0 1
    outer loop
      vertex 76.2829 27.9053 3
      vertex 94 29.6274 3
      vertex 76.6516 28.3627 3
    endloop
  endfacet
  facet normal 0 0 1
    outer loop
      vertex 94 29.6274 3
      vertex 76.2829 27.9053 3
      vertex 95.7171 27.9053 3
    endloop
  endfacet
  facet normal 0 0 1
    outer loop
      vertex 95.7171 27.9053 3
      vertex 76.2829 27.9053 3
      vertex 96.125 27.5199 3
    endloop
  endfacet
  facet normal 0 0 1
    outer loop
      vertex 75.875 27.5199 3
      vertex 96.125 27.5199 3
      vertex 76.2829 27.9053 3
    endloop
  endfacet
  facet normal 0 0 1
    outer loop
      vertex 96.125 27.5199 3
      vertex 75.875 27.5199 3
      vertex 96.5649 27.2131 3
    endloop
  endfacet
  facet normal 0 0 1
    outer loop
      vertex 75.4351 27.2131 3
      vertex 96.5649 27.2131 3
      vertex 75.875 27.5199 3
    endloop
  endfacet
  facet normal 0 0 1
    outer loop
      vertex 96.5649 27.2131 3
      vertex 75.4351 27.2131 3
      vertex 97.0294 26.9901 3
    endloop
  endfacet
  facet normal 0 0 1
    outer loop
      vertex 74.9706 26.9901 3
      vertex 97.0294 26.9901 3
      vertex 75.4351 27.2131 3
    endloop
  endfacet
  facet normal 0 0 1
    outer loop
      vertex 97.0294 26.9901 3
      vertex 74.9706 26.9901 3
      vertex 101 25.6274 3
    endloop
  endfacet
  facet normal -0 0 1
    outer loop
      vertex 74.4895 26.8548 3
      vertex 101 25.6274 3
      vertex 74.9706 26.9901 3
    endloop
  endfacet
  facet normal -0 0 1
    outer loop
      vertex 74 26.8094 3
      vertex 101 25.6274 3
      vertex 74.4895 26.8548 3
    endloop
  endfacet
  facet normal -0 0 1
    outer loop
      vertex 10 29.6274 3
      vertex 70.7524 29.461 3
      vertex 70.6944 29.6274 3
    endloop
  endfacet
  facet normal 0 0 1
    outer loop
      vertex 10 29.6274 3
      vertex 71.0249 28.8843 3
      vertex 70.7524 29.461 3
    endloop
  endfacet
  facet normal 0 0 1
    outer loop
      vertex 10 29.6274 3
      vertex 71.3484 28.3627 3
      vertex 71.0249 28.8843 3
    endloop
  endfacet
  facet normal 0 0 1
    outer loop
      vertex 10 29.6274 3
      vertex 71.7171 27.9053 3
      vertex 71.3484 28.3627 3
    endloop
  endfacet
  facet normal 0 0 1
    outer loop
      vertex 10 29.6274 3
      vertex 72.125 27.5199 3
      vertex 71.7171 27.9053 3
    endloop
  endfacet
  facet normal 0 0 1
    outer loop
      vertex 10 29.6274 3
      vertex 72.5649 27.2131 3
      vertex 72.125 27.5199 3
    endloop
  endfacet
  facet normal 0 0 1
    outer loop
      vertex 3 25.6274 3
      vertex 72.5649 27.2131 3
      vertex 10 29.6274 3
    endloop
  endfacet
  facet normal 0 0 1
    outer loop
      vertex 72.5649 27.2131 3
      vertex 3 25.6274 3
      vertex 73.0294 26.9901 3
    endloop
  endfacet
  facet normal 0 0 1
    outer loop
      vertex 73.0294 26.9901 3
      vertex 3 25.6274 3
      vertex 73.5105 26.8548 3
    endloop
  endfacet
  facet normal 0 0 1
    outer loop
      vertex 74 26.8094 3
      vertex 3 25.6274 3
      vertex 101 25.6274 3
    endloop
  endfacet
  facet normal 0 0 1
    outer loop
      vertex 73.5105 26.8548 3
      vertex 3 25.6274 3
      vertex 74 26.8094 3
    endloop
  endfacet
  facet normal 0 0 1
    outer loop
      vertex 3 25.6274 3
      vertex 10 29.6274 3
      vertex 3 62.7609 3
    endloop
  endfacet
  facet normal 1 -0 0
    outer loop
      vertex 3 25.6274 7
      vertex 3 62.7609 3
      vertex 3 62.7609 44.1335
    endloop
  endfacet
  facet normal 1 0 0
    outer loop
      vertex 3 62.7609 3
      vertex 3 25.6274 7
      vertex 3 25.6274 3
    endloop
  endfacet
  facet normal 0 -1 0
    outer loop
      vertex 54 62.7609 27
      vertex 57.8303 62.7609 19.2889
      vertex 58 62.7609 19.3
    endloop
  endfacet
  facet normal 0 -1 0
    outer loop
      vertex 54 62.7609 27
      vertex 57.6635 62.7609 19.2557
      vertex 57.8303 62.7609 19.2889
    endloop
  endfacet
  facet normal 0 -1 0
    outer loop
      vertex 54 62.7609 27
      vertex 57.5025 62.7609 19.201
      vertex 57.6635 62.7609 19.2557
    endloop
  endfacet
  facet normal 0 -1 0
    outer loop
      vertex 54 62.7609 27
      vertex 57.35 62.7609 19.1258
      vertex 57.5025 62.7609 19.201
    endloop
  endfacet
  facet normal 0 -1 0
    outer loop
      vertex 54 62.7609 27
      vertex 57.2086 62.7609 19.0314
      vertex 57.35 62.7609 19.1258
    endloop
  endfacet
  facet normal 0 -1 0
    outer loop
      vertex 54 62.7609 27
      vertex 57.0808 62.7609 18.9192
      vertex 57.2086 62.7609 19.0314
    endloop
  endfacet
  facet normal 0 -1 0
    outer loop
      vertex 54 62.7609 27
      vertex 56.9686 62.7609 18.7914
      vertex 57.0808 62.7609 18.9192
    endloop
  endfacet
  facet normal 0 -1 0
    outer loop
      vertex 54 62.7609 27
      vertex 56.8742 62.7609 18.65
      vertex 56.9686 62.7609 18.7914
    endloop
  endfacet
  facet normal 0 -1 0
    outer loop
      vertex 54 62.7609 27
      vertex 56.799 62.7609 18.4975
      vertex 56.8742 62.7609 18.65
    endloop
  endfacet
  facet normal 0 -1 0
    outer loop
      vertex 54 62.7609 27
      vertex 56.7443 62.7609 18.3365
      vertex 56.799 62.7609 18.4975
    endloop
  endfacet
  facet normal 0 -1 0
    outer loop
      vertex 54 62.7609 27
      vertex 56.7111 62.7609 18.1697
      vertex 56.7443 62.7609 18.3365
    endloop
  endfacet
  facet normal 0 -1 0
    outer loop
      vertex 54 62.7609 27
      vertex 56.7 62.7609 18
      vertex 56.7111 62.7609 18.1697
    endloop
  endfacet
  facet normal 0 -1 0
    outer loop
      vertex 54 62.7609 9
      vertex 56.7 62.7609 18
      vertex 54 62.7609 27
    endloop
  endfacet
  facet normal 0 -1 -0
    outer loop
      vertex 56.7 62.7609 18
      vertex 54 62.7609 9
      vertex 56.7111 62.7609 17.8303
    endloop
  endfacet
  facet normal 0 -1 -0
    outer loop
      vertex 57.8303 62.7609 16.7111
      vertex 54 62.7609 9
      vertex 58 62.7609 16.7
    endloop
  endfacet
  facet normal 0 -1 -0
    outer loop
      vertex 57.6635 62.7609 16.7443
      vertex 54 62.7609 9
      vertex 57.8303 62.7609 16.7111
    endloop
  endfacet
  facet normal 0 -1 -0
    outer loop
      vertex 57.5025 62.7609 16.799
      vertex 54 62.7609 9
      vertex 57.6635 62.7609 16.7443
    endloop
  endfacet
  facet normal 0 -1 -0
    outer loop
      vertex 57.35 62.7609 16.8742
      vertex 54 62.7609 9
      vertex 57.5025 62.7609 16.799
    endloop
  endfacet
  facet normal 0 -1 -0
    outer loop
      vertex 57.2086 62.7609 16.9686
      vertex 54 62.7609 9
      vertex 57.35 62.7609 16.8742
    endloop
  endfacet
  facet normal 0 -1 -0
    outer loop
      vertex 57.0808 62.7609 17.0808
      vertex 54 62.7609 9
      vertex 57.2086 62.7609 16.9686
    endloop
  endfacet
  facet normal 0 -1 -0
    outer loop
      vertex 56.9686 62.7609 17.2086
      vertex 54 62.7609 9
      vertex 57.0808 62.7609 17.0808
    endloop
  endfacet
  facet normal 0 -1 -0
    outer loop
      vertex 56.8742 62.7609 17.35
      vertex 54 62.7609 9
      vertex 56.9686 62.7609 17.2086
    endloop
  endfacet
  facet normal 0 -1 -0
    outer loop
      vertex 56.799 62.7609 17.5025
      vertex 54 62.7609 9
      vertex 56.8742 62.7609 17.35
    endloop
  endfacet
  facet normal 0 -1 -0
    outer loop
      vertex 56.7443 62.7609 17.6635
      vertex 54 62.7609 9
      vertex 56.799 62.7609 17.5025
    endloop
  endfacet
  facet normal 0 -1 -0
    outer loop
      vertex 56.7111 62.7609 17.8303
      vertex 54 62.7609 9
      vertex 56.7443 62.7609 17.6635
    endloop
  endfacet
  facet normal 0 -1 0
    outer loop
      vertex 77.4645 62.7609 43.6777
      vertex 94.6451 62.7609 43.9921
      vertex 77.3549 62.7609 43.9921
    endloop
  endfacet
  facet normal 0 -1 0
    outer loop
      vertex 77.4645 62.7609 43.6777
      vertex 94.5355 62.7609 43.6777
      vertex 94.6451 62.7609 43.9921
    endloop
  endfacet
  facet normal 0 -1 0
    outer loop
      vertex 77.6222 62.7609 43.0208
      vertex 94.5355 62.7609 43.6777
      vertex 77.4645 62.7609 43.6777
    endloop
  endfacet
  facet normal 0 -1 0
    outer loop
      vertex 77.6222 62.7609 43.0208
      vertex 94.3778 62.7609 43.0208
      vertex 94.5355 62.7609 43.6777
    endloop
  endfacet
  facet normal 0 -1 0
    outer loop
      vertex 77.7179 62.7609 42.3405
      vertex 94.3778 62.7609 43.0208
      vertex 77.6222 62.7609 43.0208
    endloop
  endfacet
  facet normal 0 -1 0
    outer loop
      vertex 77.7179 62.7609 42.3405
      vertex 94.2821 62.7609 42.3405
      vertex 94.3778 62.7609 43.0208
    endloop
  endfacet
  facet normal 0 -1 0
    outer loop
      vertex 77.75 62.7609 41.6482
      vertex 94.2821 62.7609 42.3405
      vertex 77.7179 62.7609 42.3405
    endloop
  endfacet
  facet normal 0 -1 0
    outer loop
      vertex 77.75 62.7609 41.6482
      vertex 94.25 62.7609 41.6482
      vertex 94.2821 62.7609 42.3405
    endloop
  endfacet
  facet normal 0 -1 0
    outer loop
      vertex 77.7179 62.7609 40.956
      vertex 94.25 62.7609 41.6482
      vertex 77.75 62.7609 41.6482
    endloop
  endfacet
  facet normal 0 -1 0
    outer loop
      vertex 77.7179 62.7609 40.956
      vertex 94.2821 62.7609 40.956
      vertex 94.25 62.7609 41.6482
    endloop
  endfacet
  facet normal 0 -1 0
    outer loop
      vertex 77.6222 62.7609 40.2756
      vertex 94.2821 62.7609 40.956
      vertex 77.7179 62.7609 40.956
    endloop
  endfacet
  facet normal 0 -1 0
    outer loop
      vertex 77.6222 62.7609 40.2756
      vertex 94.3778 62.7609 40.2756
      vertex 94.2821 62.7609 40.956
    endloop
  endfacet
  facet normal 0 -1 0
    outer loop
      vertex 77.4645 62.7609 39.6187
      vertex 94.3778 62.7609 40.2756
      vertex 77.6222 62.7609 40.2756
    endloop
  endfacet
  facet normal 0 -1 0
    outer loop
      vertex 77.4645 62.7609 39.6187
      vertex 94.5355 62.7609 39.6187
      vertex 94.3778 62.7609 40.2756
    endloop
  endfacet
  facet normal 0 -1 0
    outer loop
      vertex 77.2476 62.7609 38.9966
      vertex 94.5355 62.7609 39.6187
      vertex 77.4645 62.7609 39.6187
    endloop
  endfacet
  facet normal 0 -1 0
    outer loop
      vertex 77.2476 62.7609 38.9966
      vertex 94.7524 62.7609 38.9966
      vertex 94.5355 62.7609 39.6187
    endloop
  endfacet
  facet normal 0 -1 0
    outer loop
      vertex 76.9751 62.7609 38.4198
      vertex 94.7524 62.7609 38.9966
      vertex 77.2476 62.7609 38.9966
    endloop
  endfacet
  facet normal 0 -1 0
    outer loop
      vertex 76.9751 62.7609 38.4198
      vertex 95.0249 62.7609 38.4198
      vertex 94.7524 62.7609 38.9966
    endloop
  endfacet
  facet normal 0 -1 0
    outer loop
      vertex 76.6516 62.7609 37.8982
      vertex 95.0249 62.7609 38.4198
      vertex 76.9751 62.7609 38.4198
    endloop
  endfacet
  facet normal 0 -1 0
    outer loop
      vertex 76.6516 62.7609 37.8982
      vertex 95.3484 62.7609 37.8982
      vertex 95.0249 62.7609 38.4198
    endloop
  endfacet
  facet normal 0 -1 0
    outer loop
      vertex 76.2829 62.7609 37.4408
      vertex 95.3484 62.7609 37.8982
      vertex 76.6516 62.7609 37.8982
    endloop
  endfacet
  facet normal 0 -1 0
    outer loop
      vertex 76.2829 62.7609 37.4408
      vertex 95.7171 62.7609 37.4408
      vertex 95.3484 62.7609 37.8982
    endloop
  endfacet
  facet normal 0 -1 0
    outer loop
      vertex 75.875 62.7609 37.0554
      vertex 95.7171 62.7609 37.4408
      vertex 76.2829 62.7609 37.4408
    endloop
  endfacet
  facet normal 0 -1 0
    outer loop
      vertex 75.875 62.7609 37.0554
      vertex 96.125 62.7609 37.0554
      vertex 95.7171 62.7609 37.4408
    endloop
  endfacet
  facet normal 0 -1 0
    outer loop
      vertex 75.4351 62.7609 36.7486
      vertex 96.125 62.7609 37.0554
      vertex 75.875 62.7609 37.0554
    endloop
  endfacet
  facet normal 0 -1 0
    outer loop
      vertex 75.4351 62.7609 36.7486
      vertex 96.5649 62.7609 36.7486
      vertex 96.125 62.7609 37.0554
    endloop
  endfacet
  facet normal 0 -1 0
    outer loop
      vertex 101 62.7609 3
      vertex 75.4351 62.7609 36.7486
      vertex 74.9706 62.7609 36.5256
    endloop
  endfacet
  facet normal 0 -1 0
    outer loop
      vertex 75.4351 62.7609 36.7486
      vertex 101 62.7609 3
      vertex 96.5649 62.7609 36.7486
    endloop
  endfacet
  facet normal 0 -1 0
    outer loop
      vertex 59.2889 62.7609 17.8303
      vertex 74.9706 62.7609 36.5256
      vertex 74.4895 62.7609 36.3903
    endloop
  endfacet
  facet normal 0 -1 0
    outer loop
      vertex 96.5649 62.7609 36.7486
      vertex 101 62.7609 3
      vertex 97.0294 62.7609 36.5256
    endloop
  endfacet
  facet normal 0 -1 0
    outer loop
      vertex 59.2889 62.7609 18.1697
      vertex 74.4895 62.7609 36.3903
      vertex 74 62.7609 36.3449
    endloop
  endfacet
  facet normal 0 -1 0
    outer loop
      vertex 97.0294 62.7609 36.5256
      vertex 101 62.7609 3
      vertex 97.5105 62.7609 36.3903
    endloop
  endfacet
  facet normal 0 -1 0
    outer loop
      vertex 3 62.7609 44.1335
      vertex 70.6451 62.7609 43.9921
      vertex 101 62.7609 44.1335
    endloop
  endfacet
  facet normal 0 -1 0
    outer loop
      vertex 22 62.7609 27
      vertex 70.6451 62.7609 43.9921
      vertex 3 62.7609 44.1335
    endloop
  endfacet
  facet normal 0 -1 0
    outer loop
      vertex 54 62.7609 27
      vertex 70.6451 62.7609 43.9921
      vertex 22 62.7609 27
    endloop
  endfacet
  facet normal 0 -1 0
    outer loop
      vertex 70.6451 62.7609 43.9921
      vertex 54 62.7609 27
      vertex 70.5355 62.7609 43.6777
    endloop
  endfacet
  facet normal 0 -1 0
    outer loop
      vertex 70.5355 62.7609 43.6777
      vertex 54 62.7609 27
      vertex 70.3778 62.7609 43.0208
    endloop
  endfacet
  facet normal 0 -1 0
    outer loop
      vertex 70.3778 62.7609 43.0208
      vertex 54 62.7609 27
      vertex 70.2821 62.7609 42.3405
    endloop
  endfacet
  facet normal 0 -1 0
    outer loop
      vertex 70.2821 62.7609 42.3405
      vertex 54 62.7609 27
      vertex 70.25 62.7609 41.6482
    endloop
  endfacet
  facet normal 0 -1 -0
    outer loop
      vertex 70.2821 62.7609 40.956
      vertex 54 62.7609 27
      vertex 70.3778 62.7609 40.2756
    endloop
  endfacet
  facet normal 0 -1 -0
    outer loop
      vertex 70.3778 62.7609 40.2756
      vertex 54 62.7609 27
      vertex 70.5355 62.7609 39.6187
    endloop
  endfacet
  facet normal 0 -1 -0
    outer loop
      vertex 70.5355 62.7609 39.6187
      vertex 54 62.7609 27
      vertex 70.7524 62.7609 38.9966
    endloop
  endfacet
  facet normal 0 -1 -0
    outer loop
      vertex 70.7524 62.7609 38.9966
      vertex 54 62.7609 27
      vertex 71.0249 62.7609 38.4198
    endloop
  endfacet
  facet normal 0 -1 -0
    outer loop
      vertex 71.0249 62.7609 38.4198
      vertex 54 62.7609 27
      vertex 71.3484 62.7609 37.8982
    endloop
  endfacet
  facet normal 0 -1 -0
    outer loop
      vertex 71.3484 62.7609 37.8982
      vertex 54 62.7609 27
      vertex 71.7171 62.7609 37.4408
    endloop
  endfacet
  facet normal 0 -1 -0
    outer loop
      vertex 71.7171 62.7609 37.4408
      vertex 54 62.7609 27
      vertex 72.125 62.7609 37.0554
    endloop
  endfacet
  facet normal 0 -1 0
    outer loop
      vertex 58.7914 62.7609 19.0314
      vertex 72.125 62.7609 37.0554
      vertex 54 62.7609 27
    endloop
  endfacet
  facet normal 0 -1 -0
    outer loop
      vertex 72.125 62.7609 37.0554
      vertex 58.7914 62.7609 19.0314
      vertex 72.5649 62.7609 36.7486
    endloop
  endfacet
  facet normal 0 -1 0
    outer loop
      vertex 59.0314 62.7609 18.7914
      vertex 72.5649 62.7609 36.7486
      vertex 58.9192 62.7609 18.9192
    endloop
  endfacet
  facet normal 0 -1 0
    outer loop
      vertex 58.9192 62.7609 18.9192
      vertex 72.5649 62.7609 36.7486
      vertex 58.7914 62.7609 19.0314
    endloop
  endfacet
  facet normal 0 -1 -0
    outer loop
      vertex 70.25 62.7609 41.6482
      vertex 54 62.7609 27
      vertex 70.2821 62.7609 40.956
    endloop
  endfacet
  facet normal 0 -1 0
    outer loop
      vertex 17.2086 62.7609 19.0314
      vertex 22 62.7609 27
      vertex 3 62.7609 44.1335
    endloop
  endfacet
  facet normal 0 -1 0
    outer loop
      vertex 22 62.7609 27
      vertex 17.8303 62.7609 19.2889
      vertex 18 62.7609 19.3
    endloop
  endfacet
  facet normal 0 -1 0
    outer loop
      vertex 22 62.7609 27
      vertex 17.6635 62.7609 19.2557
      vertex 17.8303 62.7609 19.2889
    endloop
  endfacet
  facet normal 0 -1 0
    outer loop
      vertex 22 62.7609 27
      vertex 17.5025 62.7609 19.201
      vertex 17.6635 62.7609 19.2557
    endloop
  endfacet
  facet normal 0 -1 0
    outer loop
      vertex 22 62.7609 27
      vertex 17.35 62.7609 19.1258
      vertex 17.5025 62.7609 19.201
    endloop
  endfacet
  facet normal 0 -1 0
    outer loop
      vertex 22 62.7609 27
      vertex 17.2086 62.7609 19.0314
      vertex 17.35 62.7609 19.1258
    endloop
  endfacet
  facet normal 0 -1 0
    outer loop
      vertex 3 62.7609 44.1335
      vertex 17.0808 62.7609 18.9192
      vertex 17.2086 62.7609 19.0314
    endloop
  endfacet
  facet normal 0 -1 0
    outer loop
      vertex 3 62.7609 44.1335
      vertex 16.9686 62.7609 18.7914
      vertex 17.0808 62.7609 18.9192
    endloop
  endfacet
  facet normal 0 -1 0
    outer loop
      vertex 3 62.7609 44.1335
      vertex 16.8742 62.7609 18.65
      vertex 16.9686 62.7609 18.7914
    endloop
  endfacet
  facet normal 0 -1 0
    outer loop
      vertex 3 62.7609 44.1335
      vertex 16.799 62.7609 18.4975
      vertex 16.8742 62.7609 18.65
    endloop
  endfacet
  facet normal 0 -1 0
    outer loop
      vertex 3 62.7609 44.1335
      vertex 16.7443 62.7609 18.3365
      vertex 16.799 62.7609 18.4975
    endloop
  endfacet
  facet normal 0 -1 0
    outer loop
      vertex 3 62.7609 3
      vertex 16.7443 62.7609 18.3365
      vertex 3 62.7609 44.1335
    endloop
  endfacet
  facet normal 0 -1 0
    outer loop
      vertex 16.7443 62.7609 18.3365
      vertex 3 62.7609 3
      vertex 16.7111 62.7609 18.1697
    endloop
  endfacet
  facet normal 0 -1 0
    outer loop
      vertex 16.7111 62.7609 18.1697
      vertex 3 62.7609 3
      vertex 16.7 62.7609 18
    endloop
  endfacet
  facet normal 0 -1 -0
    outer loop
      vertex 16.7 62.7609 18
      vertex 3 62.7609 3
      vertex 16.7111 62.7609 17.8303
    endloop
  endfacet
  facet normal 0 -1 -0
    outer loop
      vertex 16.7111 62.7609 17.8303
      vertex 3 62.7609 3
      vertex 16.7443 62.7609 17.6635
    endloop
  endfacet
  facet normal 0 -1 -0
    outer loop
      vertex 16.7443 62.7609 17.6635
      vertex 3 62.7609 3
      vertex 16.799 62.7609 17.5025
    endloop
  endfacet
  facet normal 0 -1 0
    outer loop
      vertex 17.8303 62.7609 16.7111
      vertex 22 62.7609 9
      vertex 18 62.7609 16.7
    endloop
  endfacet
  facet normal 0 -1 0
    outer loop
      vertex 17.6635 62.7609 16.7443
      vertex 22 62.7609 9
      vertex 17.8303 62.7609 16.7111
    endloop
  endfacet
  facet normal 0 -1 0
    outer loop
      vertex 17.5025 62.7609 16.799
      vertex 22 62.7609 9
      vertex 17.6635 62.7609 16.7443
    endloop
  endfacet
  facet normal 0 -1 0
    outer loop
      vertex 17.35 62.7609 16.8742
      vertex 22 62.7609 9
      vertex 17.5025 62.7609 16.799
    endloop
  endfacet
  facet normal 0 -1 0
    outer loop
      vertex 3 62.7609 3
      vertex 17.35 62.7609 16.8742
      vertex 17.2086 62.7609 16.9686
    endloop
  endfacet
  facet normal 0 -1 0
    outer loop
      vertex 3 62.7609 3
      vertex 17.2086 62.7609 16.9686
      vertex 17.0808 62.7609 17.0808
    endloop
  endfacet
  facet normal 0 -1 0
    outer loop
      vertex 3 62.7609 3
      vertex 17.0808 62.7609 17.0808
      vertex 16.9686 62.7609 17.2086
    endloop
  endfacet
  facet normal 0 -1 0
    outer loop
      vertex 3 62.7609 3
      vertex 16.9686 62.7609 17.2086
      vertex 16.8742 62.7609 17.35
    endloop
  endfacet
  facet normal 0 -1 -0
    outer loop
      vertex 22 62.7609 9
      vertex 3 62.7609 3
      vertex 54 62.7609 9
    endloop
  endfacet
  facet normal 0 -1 -0
    outer loop
      vertex 17.35 62.7609 16.8742
      vertex 3 62.7609 3
      vertex 22 62.7609 9
    endloop
  endfacet
  facet normal 0 -1 -0
    outer loop
      vertex 16.799 62.7609 17.5025
      vertex 3 62.7609 3
      vertex 16.8742 62.7609 17.35
    endloop
  endfacet
  facet normal 0 -1 0
    outer loop
      vertex 77.3549 62.7609 43.9921
      vertex 101 62.7609 44.1335
      vertex 70.6451 62.7609 43.9921
    endloop
  endfacet
  facet normal 0 -1 0
    outer loop
      vertex 94.6451 62.7609 43.9921
      vertex 101 62.7609 44.1335
      vertex 77.3549 62.7609 43.9921
    endloop
  endfacet
  facet normal 0 -1 -0
    outer loop
      vertex 101 62.7609 44.1335
      vertex 94.6451 62.7609 43.9921
      vertex 101 62.7609 43.9921
    endloop
  endfacet
  facet normal 0 -1 -0
    outer loop
      vertex 72.5649 62.7609 36.7486
      vertex 59.0314 62.7609 18.7914
      vertex 73.0294 62.7609 36.5256
    endloop
  endfacet
  facet normal 0 -1 -0
    outer loop
      vertex 73.0294 62.7609 36.5256
      vertex 59.1258 62.7609 18.65
      vertex 73.5105 62.7609 36.3903
    endloop
  endfacet
  facet normal 0 -1 0
    outer loop
      vertex 58.1697 62.7609 19.2889
      vertex 54 62.7609 27
      vertex 58 62.7609 19.3
    endloop
  endfacet
  facet normal 0 -1 0
    outer loop
      vertex 58.3365 62.7609 19.2557
      vertex 54 62.7609 27
      vertex 58.1697 62.7609 19.2889
    endloop
  endfacet
  facet normal 0 -1 0
    outer loop
      vertex 58.4975 62.7609 19.201
      vertex 54 62.7609 27
      vertex 58.3365 62.7609 19.2557
    endloop
  endfacet
  facet normal 0 -1 0
    outer loop
      vertex 58.65 62.7609 19.1258
      vertex 54 62.7609 27
      vertex 58.4975 62.7609 19.201
    endloop
  endfacet
  facet normal 0 -1 0
    outer loop
      vertex 58.7914 62.7609 19.0314
      vertex 54 62.7609 27
      vertex 58.65 62.7609 19.1258
    endloop
  endfacet
  facet normal 0 -1 0
    outer loop
      vertex 59.1258 62.7609 18.65
      vertex 73.0294 62.7609 36.5256
      vertex 59.0314 62.7609 18.7914
    endloop
  endfacet
  facet normal 0 -1 0
    outer loop
      vertex 59.201 62.7609 18.4975
      vertex 73.5105 62.7609 36.3903
      vertex 59.1258 62.7609 18.65
    endloop
  endfacet
  facet normal 0 -1 0
    outer loop
      vertex 59.2557 62.7609 18.3365
      vertex 73.5105 62.7609 36.3903
      vertex 59.201 62.7609 18.4975
    endloop
  endfacet
  facet normal 0 -1 -0
    outer loop
      vertex 73.5105 62.7609 36.3903
      vertex 59.2557 62.7609 18.3365
      vertex 74 62.7609 36.3449
    endloop
  endfacet
  facet normal 0 -1 0
    outer loop
      vertex 59.2889 62.7609 18.1697
      vertex 74 62.7609 36.3449
      vertex 59.2557 62.7609 18.3365
    endloop
  endfacet
  facet normal 0 -1 0
    outer loop
      vertex 74.4895 62.7609 36.3903
      vertex 59.2889 62.7609 18.1697
      vertex 59.3 62.7609 18
    endloop
  endfacet
  facet normal 0 -1 0
    outer loop
      vertex 74.4895 62.7609 36.3903
      vertex 59.3 62.7609 18
      vertex 59.2889 62.7609 17.8303
    endloop
  endfacet
  facet normal 0 -1 0
    outer loop
      vertex 97.5105 62.7609 36.3903
      vertex 101 62.7609 3
      vertex 98 62.7609 36.3449
    endloop
  endfacet
  facet normal 0 -1 0
    outer loop
      vertex 98 62.7609 36.3449
      vertex 101 62.7609 3
      vertex 98.4895 62.7609 36.3903
    endloop
  endfacet
  facet normal 0 -1 -0
    outer loop
      vertex 74.9706 62.7609 36.5256
      vertex 59.2889 62.7609 17.8303
      vertex 101 62.7609 3
    endloop
  endfacet
  facet normal 0 -1 0
    outer loop
      vertex 101 62.7609 3
      vertex 59.2889 62.7609 17.8303
      vertex 59.2557 62.7609 17.6635
    endloop
  endfacet
  facet normal 0 -1 0
    outer loop
      vertex 101 62.7609 3
      vertex 59.2557 62.7609 17.6635
      vertex 59.201 62.7609 17.5025
    endloop
  endfacet
  facet normal 0 -1 0
    outer loop
      vertex 101 62.7609 3
      vertex 59.201 62.7609 17.5025
      vertex 59.1258 62.7609 17.35
    endloop
  endfacet
  facet normal 0 -1 0
    outer loop
      vertex 98.4895 62.7609 36.3903
      vertex 101 62.7609 3
      vertex 98.9706 62.7609 36.5256
    endloop
  endfacet
  facet normal 0 -1 0
    outer loop
      vertex 101 62.7609 3
      vertex 59.1258 62.7609 17.35
      vertex 59.0314 62.7609 17.2086
    endloop
  endfacet
  facet normal 0 -1 0
    outer loop
      vertex 101 62.7609 3
      vertex 59.0314 62.7609 17.2086
      vertex 58.9192 62.7609 17.0808
    endloop
  endfacet
  facet normal 0 -1 0
    outer loop
      vertex 54 62.7609 9
      vertex 58.9192 62.7609 17.0808
      vertex 58.7914 62.7609 16.9686
    endloop
  endfacet
  facet normal 0 -1 0
    outer loop
      vertex 54 62.7609 9
      vertex 58.7914 62.7609 16.9686
      vertex 58.65 62.7609 16.8742
    endloop
  endfacet
  facet normal 0 -1 0
    outer loop
      vertex 54 62.7609 9
      vertex 58.65 62.7609 16.8742
      vertex 58.4975 62.7609 16.799
    endloop
  endfacet
  facet normal 0 -1 0
    outer loop
      vertex 54 62.7609 9
      vertex 58.1697 62.7609 16.7111
      vertex 58 62.7609 16.7
    endloop
  endfacet
  facet normal 0 -1 0
    outer loop
      vertex 54 62.7609 9
      vertex 58.3365 62.7609 16.7443
      vertex 58.1697 62.7609 16.7111
    endloop
  endfacet
  facet normal 0 -1 0
    outer loop
      vertex 54 62.7609 9
      vertex 58.4975 62.7609 16.799
      vertex 58.3365 62.7609 16.7443
    endloop
  endfacet
  facet normal 0 -1 -0
    outer loop
      vertex 58.9192 62.7609 17.0808
      vertex 54 62.7609 9
      vertex 101 62.7609 3
    endloop
  endfacet
  facet normal 0 -1 0
    outer loop
      vertex 100.975 62.7609 38.4198
      vertex 101 62.7609 3
      vertex 101 62.7609 38.4725
    endloop
  endfacet
  facet normal 0 -1 0
    outer loop
      vertex 100.652 62.7609 37.8982
      vertex 101 62.7609 3
      vertex 100.975 62.7609 38.4198
    endloop
  endfacet
  facet normal 0 -1 0
    outer loop
      vertex 100.283 62.7609 37.4408
      vertex 101 62.7609 3
      vertex 100.652 62.7609 37.8982
    endloop
  endfacet
  facet normal 0 -1 0
    outer loop
      vertex 99.875 62.7609 37.0554
      vertex 101 62.7609 3
      vertex 100.283 62.7609 37.4408
    endloop
  endfacet
  facet normal 0 -1 0
    outer loop
      vertex 99.4351 62.7609 36.7486
      vertex 101 62.7609 3
      vertex 99.875 62.7609 37.0554
    endloop
  endfacet
  facet normal 0 -1 0
    outer loop
      vertex 98.9706 62.7609 36.5256
      vertex 101 62.7609 3
      vertex 99.4351 62.7609 36.7486
    endloop
  endfacet
  facet normal 0 -1 0
    outer loop
      vertex 101 62.7609 3
      vertex 54 62.7609 9
      vertex 3 62.7609 3
    endloop
  endfacet
  facet normal 0 -1 0
    outer loop
      vertex 18.1697 62.7609 19.2889
      vertex 22 62.7609 27
      vertex 18 62.7609 19.3
    endloop
  endfacet
  facet normal 0 -1 0
    outer loop
      vertex 18.3365 62.7609 19.2557
      vertex 22 62.7609 27
      vertex 18.1697 62.7609 19.2889
    endloop
  endfacet
  facet normal 0 -1 0
    outer loop
      vertex 18.4975 62.7609 19.201
      vertex 22 62.7609 27
      vertex 18.3365 62.7609 19.2557
    endloop
  endfacet
  facet normal 0 -1 0
    outer loop
      vertex 18.65 62.7609 19.1258
      vertex 22 62.7609 27
      vertex 18.4975 62.7609 19.201
    endloop
  endfacet
  facet normal 0 -1 0
    outer loop
      vertex 18.7914 62.7609 19.0314
      vertex 22 62.7609 27
      vertex 18.65 62.7609 19.1258
    endloop
  endfacet
  facet normal 0 -1 0
    outer loop
      vertex 18.9192 62.7609 18.9192
      vertex 22 62.7609 27
      vertex 18.7914 62.7609 19.0314
    endloop
  endfacet
  facet normal 0 -1 0
    outer loop
      vertex 19.0314 62.7609 18.7914
      vertex 22 62.7609 27
      vertex 18.9192 62.7609 18.9192
    endloop
  endfacet
  facet normal 0 -1 0
    outer loop
      vertex 19.1258 62.7609 18.65
      vertex 22 62.7609 27
      vertex 19.0314 62.7609 18.7914
    endloop
  endfacet
  facet normal 0 -1 0
    outer loop
      vertex 19.201 62.7609 18.4975
      vertex 22 62.7609 27
      vertex 19.1258 62.7609 18.65
    endloop
  endfacet
  facet normal 0 -1 0
    outer loop
      vertex 19.2557 62.7609 18.3365
      vertex 22 62.7609 27
      vertex 19.201 62.7609 18.4975
    endloop
  endfacet
  facet normal 0 -1 0
    outer loop
      vertex 19.2889 62.7609 18.1697
      vertex 22 62.7609 27
      vertex 19.2557 62.7609 18.3365
    endloop
  endfacet
  facet normal 0 -1 0
    outer loop
      vertex 19.3 62.7609 18
      vertex 22 62.7609 27
      vertex 19.2889 62.7609 18.1697
    endloop
  endfacet
  facet normal 0 -1 0
    outer loop
      vertex 22 62.7609 9
      vertex 19.3 62.7609 18
      vertex 19.2889 62.7609 17.8303
    endloop
  endfacet
  facet normal 0 -1 0
    outer loop
      vertex 22 62.7609 9
      vertex 19.2889 62.7609 17.8303
      vertex 19.2557 62.7609 17.6635
    endloop
  endfacet
  facet normal 0 -1 0
    outer loop
      vertex 19.3 62.7609 18
      vertex 22 62.7609 9
      vertex 22 62.7609 27
    endloop
  endfacet
  facet normal 0 -1 0
    outer loop
      vertex 19.201 62.7609 17.5025
      vertex 22 62.7609 9
      vertex 19.2557 62.7609 17.6635
    endloop
  endfacet
  facet normal 0 -1 0
    outer loop
      vertex 19.1258 62.7609 17.35
      vertex 22 62.7609 9
      vertex 19.201 62.7609 17.5025
    endloop
  endfacet
  facet normal 0 -1 0
    outer loop
      vertex 19.0314 62.7609 17.2086
      vertex 22 62.7609 9
      vertex 19.1258 62.7609 17.35
    endloop
  endfacet
  facet normal 0 -1 0
    outer loop
      vertex 18.9192 62.7609 17.0808
      vertex 22 62.7609 9
      vertex 19.0314 62.7609 17.2086
    endloop
  endfacet
  facet normal 0 -1 0
    outer loop
      vertex 18.7914 62.7609 16.9686
      vertex 22 62.7609 9
      vertex 18.9192 62.7609 17.0808
    endloop
  endfacet
  facet normal 0 -1 0
    outer loop
      vertex 18.65 62.7609 16.8742
      vertex 22 62.7609 9
      vertex 18.7914 62.7609 16.9686
    endloop
  endfacet
  facet normal 0 -1 0
    outer loop
      vertex 18.4975 62.7609 16.799
      vertex 22 62.7609 9
      vertex 18.65 62.7609 16.8742
    endloop
  endfacet
  facet normal 0 -1 0
    outer loop
      vertex 18.3365 62.7609 16.7443
      vertex 22 62.7609 9
      vertex 18.4975 62.7609 16.799
    endloop
  endfacet
  facet normal 0 -1 0
    outer loop
      vertex 18.1697 62.7609 16.7111
      vertex 22 62.7609 9
      vertex 18.3365 62.7609 16.7443
    endloop
  endfacet
  facet normal 0 -1 0
    outer loop
      vertex 22 62.7609 9
      vertex 18.1697 62.7609 16.7111
      vertex 18 62.7609 16.7
    endloop
  endfacet
  facet normal 0 1 0
    outer loop
      vertex 74.4895 25.6274 4.22735
      vertex 101 25.6274 3
      vertex 74 25.6274 4.18198
    endloop
  endfacet
  facet normal 0 1 0
    outer loop
      vertex 98.4895 25.6274 4.22735
      vertex 101 25.6274 3
      vertex 98 25.6274 4.18198
    endloop
  endfacet
  facet normal 0 1 0
    outer loop
      vertex 98.9706 25.6274 4.36269
      vertex 101 25.6274 3
      vertex 98.4895 25.6274 4.22735
    endloop
  endfacet
  facet normal 0 1 0
    outer loop
      vertex 99.4351 25.6274 4.58567
      vertex 101 25.6274 3
      vertex 98.9706 25.6274 4.36269
    endloop
  endfacet
  facet normal 0 1 0
    outer loop
      vertex 99.875 25.6274 4.89249
      vertex 101 25.6274 3
      vertex 99.4351 25.6274 4.58567
    endloop
  endfacet
  facet normal 0 1 0
    outer loop
      vertex 100.283 25.6274 5.27789
      vertex 101 25.6274 3
      vertex 99.875 25.6274 4.89249
    endloop
  endfacet
  facet normal 0 1 0
    outer loop
      vertex 100.652 25.6274 5.73528
      vertex 101 25.6274 3
      vertex 100.283 25.6274 5.27789
    endloop
  endfacet
  facet normal 0 1 0
    outer loop
      vertex 100.975 25.6274 6.25684
      vertex 101 25.6274 3
      vertex 100.652 25.6274 5.73528
    endloop
  endfacet
  facet normal 0 1 -0
    outer loop
      vertex 101 25.6274 3
      vertex 100.975 25.6274 6.25684
      vertex 101 25.6274 6.30959
    endloop
  endfacet
  facet normal 0 1 0
    outer loop
      vertex 94.7524 25.6274 6.83363
      vertex 77.2563 25.6274 6.85858
      vertex 94.7437 25.6274 6.85858
    endloop
  endfacet
  facet normal 0 1 0
    outer loop
      vertex 94.7524 25.6274 6.83363
      vertex 77.2476 25.6274 6.83363
      vertex 77.2563 25.6274 6.85858
    endloop
  endfacet
  facet normal 0 1 0
    outer loop
      vertex 95.0249 25.6274 6.25684
      vertex 77.2476 25.6274 6.83363
      vertex 94.7524 25.6274 6.83363
    endloop
  endfacet
  facet normal 0 1 0
    outer loop
      vertex 95.0249 25.6274 6.25684
      vertex 76.9751 25.6274 6.25684
      vertex 77.2476 25.6274 6.83363
    endloop
  endfacet
  facet normal 0 1 0
    outer loop
      vertex 95.3484 25.6274 5.73528
      vertex 76.9751 25.6274 6.25684
      vertex 95.0249 25.6274 6.25684
    endloop
  endfacet
  facet normal 0 1 0
    outer loop
      vertex 95.3484 25.6274 5.73528
      vertex 76.6516 25.6274 5.73528
      vertex 76.9751 25.6274 6.25684
    endloop
  endfacet
  facet normal 0 1 0
    outer loop
      vertex 95.7171 25.6274 5.27789
      vertex 76.6516 25.6274 5.73528
      vertex 95.3484 25.6274 5.73528
    endloop
  endfacet
  facet normal 0 1 0
    outer loop
      vertex 95.7171 25.6274 5.27789
      vertex 76.2829 25.6274 5.27789
      vertex 76.6516 25.6274 5.73528
    endloop
  endfacet
  facet normal 0 1 0
    outer loop
      vertex 96.125 25.6274 4.89249
      vertex 76.2829 25.6274 5.27789
      vertex 95.7171 25.6274 5.27789
    endloop
  endfacet
  facet normal 0 1 0
    outer loop
      vertex 96.125 25.6274 4.89249
      vertex 75.875 25.6274 4.89249
      vertex 76.2829 25.6274 5.27789
    endloop
  endfacet
  facet normal 0 1 0
    outer loop
      vertex 96.5649 25.6274 4.58567
      vertex 75.875 25.6274 4.89249
      vertex 96.125 25.6274 4.89249
    endloop
  endfacet
  facet normal 0 1 0
    outer loop
      vertex 96.5649 25.6274 4.58567
      vertex 75.4351 25.6274 4.58567
      vertex 75.875 25.6274 4.89249
    endloop
  endfacet
  facet normal 0 1 0
    outer loop
      vertex 97.0294 25.6274 4.36269
      vertex 75.4351 25.6274 4.58567
      vertex 96.5649 25.6274 4.58567
    endloop
  endfacet
  facet normal 0 1 0
    outer loop
      vertex 97.0294 25.6274 4.36269
      vertex 74.9706 25.6274 4.36269
      vertex 75.4351 25.6274 4.58567
    endloop
  endfacet
  facet normal 0 1 0
    outer loop
      vertex 101 25.6274 3
      vertex 97.0294 25.6274 4.36269
      vertex 97.5105 25.6274 4.22735
    endloop
  endfacet
  facet normal 0 1 0
    outer loop
      vertex 97.0294 25.6274 4.36269
      vertex 101 25.6274 3
      vertex 74.9706 25.6274 4.36269
    endloop
  endfacet
  facet normal 0 1 0
    outer loop
      vertex 101 25.6274 3
      vertex 97.5105 25.6274 4.22735
      vertex 98 25.6274 4.18198
    endloop
  endfacet
  facet normal 0 1 0
    outer loop
      vertex 74.9706 25.6274 4.36269
      vertex 101 25.6274 3
      vertex 74.4895 25.6274 4.22735
    endloop
  endfacet
  facet normal 0 1 0
    outer loop
      vertex 94.7437 25.6274 6.85858
      vertex 101 25.6274 7
      vertex 101 25.6274 6.85858
    endloop
  endfacet
  facet normal 0 1 0
    outer loop
      vertex 77.2563 25.6274 6.85858
      vertex 101 25.6274 7
      vertex 94.7437 25.6274 6.85858
    endloop
  endfacet
  facet normal 0 1 0
    outer loop
      vertex 101 25.6274 7
      vertex 77.2563 25.6274 6.85858
      vertex 3 25.6274 7
    endloop
  endfacet
  facet normal 0 1 -0
    outer loop
      vertex 70.7437 25.6274 6.85858
      vertex 3 25.6274 7
      vertex 77.2563 25.6274 6.85858
    endloop
  endfacet
  facet normal 0 1 0
    outer loop
      vertex 3 25.6274 3
      vertex 70.7437 25.6274 6.85858
      vertex 70.7524 25.6274 6.83363
    endloop
  endfacet
  facet normal 0 1 0
    outer loop
      vertex 3 25.6274 3
      vertex 70.7524 25.6274 6.83363
      vertex 71.0249 25.6274 6.25684
    endloop
  endfacet
  facet normal 0 1 0
    outer loop
      vertex 3 25.6274 3
      vertex 71.0249 25.6274 6.25684
      vertex 71.3484 25.6274 5.73528
    endloop
  endfacet
  facet normal 0 1 0
    outer loop
      vertex 3 25.6274 3
      vertex 71.3484 25.6274 5.73528
      vertex 71.7171 25.6274 5.27789
    endloop
  endfacet
  facet normal 0 1 0
    outer loop
      vertex 3 25.6274 3
      vertex 71.7171 25.6274 5.27789
      vertex 72.125 25.6274 4.89249
    endloop
  endfacet
  facet normal 0 1 0
    outer loop
      vertex 3 25.6274 3
      vertex 72.125 25.6274 4.89249
      vertex 72.5649 25.6274 4.58567
    endloop
  endfacet
  facet normal 0 1 0
    outer loop
      vertex 3 25.6274 3
      vertex 72.5649 25.6274 4.58567
      vertex 73.0294 25.6274 4.36269
    endloop
  endfacet
  facet normal 0 1 0
    outer loop
      vertex 3 25.6274 3
      vertex 73.0294 25.6274 4.36269
      vertex 73.5105 25.6274 4.22735
    endloop
  endfacet
  facet normal 0 1 0
    outer loop
      vertex 3 25.6274 3
      vertex 73.5105 25.6274 4.22735
      vertex 74 25.6274 4.18198
    endloop
  endfacet
  facet normal 0 1 0
    outer loop
      vertex 3 25.6274 3
      vertex 74 25.6274 4.18198
      vertex 101 25.6274 3
    endloop
  endfacet
  facet normal 0 1 0
    outer loop
      vertex 70.7437 25.6274 6.85858
      vertex 3 25.6274 3
      vertex 3 25.6274 7
    endloop
  endfacet
  facet normal -1 0 0
    outer loop
      vertex 94 29.6274 0
      vertex 94 58.7609 3
      vertex 94 58.7609 0
    endloop
  endfacet
  facet normal -1 -0 0
    outer loop
      vertex 94 58.7609 3
      vertex 94 29.6274 0
      vertex 94 29.6274 3
    endloop
  endfacet
  facet normal 1 -0 0
    outer loop
      vertex 10 29.6274 3
      vertex 10 58.7609 0
      vertex 10 58.7609 3
    endloop
  endfacet
  facet normal 1 0 0
    outer loop
      vertex 10 58.7609 0
      vertex 10 29.6274 3
      vertex 10 29.6274 0
    endloop
  endfacet
  facet normal 0 -1 0
    outer loop
      vertex 10 58.7609 0
      vertex 94 58.7609 3
      vertex 10 58.7609 3
    endloop
  endfacet
  facet normal 0 -1 -0
    outer loop
      vertex 94 58.7609 3
      vertex 10 58.7609 0
      vertex 94 58.7609 0
    endloop
  endfacet
  facet normal 0 1 -0
    outer loop
      vertex 94 29.6274 0
      vertex 77.3056 29.6274 3
      vertex 94 29.6274 3
    endloop
  endfacet
  facet normal 0 1 0
    outer loop
      vertex 77.3056 29.6274 3
      vertex 94 29.6274 0
      vertex 77.2476 29.6274 2.83363
    endloop
  endfacet
  facet normal 0 1 0
    outer loop
      vertex 77.2476 29.6274 2.83363
      vertex 94 29.6274 0
      vertex 76.9751 29.6274 2.25684
    endloop
  endfacet
  facet normal 0 1 0
    outer loop
      vertex 76.9751 29.6274 2.25684
      vertex 94 29.6274 0
      vertex 76.6516 29.6274 1.73528
    endloop
  endfacet
  facet normal 0 1 0
    outer loop
      vertex 76.6516 29.6274 1.73528
      vertex 94 29.6274 0
      vertex 76.2829 29.6274 1.27789
    endloop
  endfacet
  facet normal 0 1 0
    outer loop
      vertex 76.2829 29.6274 1.27789
      vertex 94 29.6274 0
      vertex 75.875 29.6274 0.892489
    endloop
  endfacet
  facet normal 0 1 0
    outer loop
      vertex 75.875 29.6274 0.892489
      vertex 94 29.6274 0
      vertex 75.4351 29.6274 0.585671
    endloop
  endfacet
  facet normal 0 1 0
    outer loop
      vertex 75.4351 29.6274 0.585671
      vertex 94 29.6274 0
      vertex 74.9706 29.6274 0.362688
    endloop
  endfacet
  facet normal 0 1 0
    outer loop
      vertex 74.4895 29.6274 0.227352
      vertex 94 29.6274 0
      vertex 74 29.6274 0.181981
    endloop
  endfacet
  facet normal 0 1 0
    outer loop
      vertex 74.9706 29.6274 0.362688
      vertex 94 29.6274 0
      vertex 74.4895 29.6274 0.227352
    endloop
  endfacet
  facet normal 0 1 0
    outer loop
      vertex 10 29.6274 0
      vertex 70.6944 29.6274 3
      vertex 70.7524 29.6274 2.83363
    endloop
  endfacet
  facet normal 0 1 0
    outer loop
      vertex 10 29.6274 0
      vertex 70.7524 29.6274 2.83363
      vertex 71.0249 29.6274 2.25684
    endloop
  endfacet
  facet normal 0 1 0
    outer loop
      vertex 10 29.6274 0
      vertex 71.0249 29.6274 2.25684
      vertex 71.3484 29.6274 1.73528
    endloop
  endfacet
  facet normal 0 1 0
    outer loop
      vertex 10 29.6274 0
      vertex 71.3484 29.6274 1.73528
      vertex 71.7171 29.6274 1.27789
    endloop
  endfacet
  facet normal 0 1 0
    outer loop
      vertex 10 29.6274 0
      vertex 71.7171 29.6274 1.27789
      vertex 72.125 29.6274 0.892489
    endloop
  endfacet
  facet normal 0 1 0
    outer loop
      vertex 10 29.6274 0
      vertex 72.125 29.6274 0.892489
      vertex 72.5649 29.6274 0.585671
    endloop
  endfacet
  facet normal 0 1 0
    outer loop
      vertex 10 29.6274 0
      vertex 72.5649 29.6274 0.585671
      vertex 73.0294 29.6274 0.362688
    endloop
  endfacet
  facet normal 0 1 0
    outer loop
      vertex 10 29.6274 0
      vertex 73.0294 29.6274 0.362688
      vertex 73.5105 29.6274 0.227352
    endloop
  endfacet
  facet normal 0 1 0
    outer loop
      vertex 10 29.6274 0
      vertex 73.5105 29.6274 0.227352
      vertex 74 29.6274 0.181981
    endloop
  endfacet
  facet normal 0 1 0
    outer loop
      vertex 70.6944 29.6274 3
      vertex 10 29.6274 0
      vertex 10 29.6274 3
    endloop
  endfacet
  facet normal 0 1 0
    outer loop
      vertex 10 29.6274 0
      vertex 74 29.6274 0.181981
      vertex 94 29.6274 0
    endloop
  endfacet
  facet normal 0.896884 -0 0.442267
    outer loop
      vertex 16.799 62.7609 17.5025
      vertex 16.8742 65.7609 17.35
      vertex 16.799 65.7609 17.5025
    endloop
  endfacet
  facet normal 0.896884 0 0.442267
    outer loop
      vertex 16.8742 65.7609 17.35
      vertex 16.799 62.7609 17.5025
      vertex 16.8742 62.7609 17.35
    endloop
  endfacet
  facet normal -0.321692 0 0.946844
    outer loop
      vertex 18.3365 65.7609 16.7443
      vertex 18.4975 62.7609 16.799
      vertex 18.4975 65.7609 16.799
    endloop
  endfacet
  facet normal -0.321692 0 0.946844
    outer loop
      vertex 18.4975 62.7609 16.799
      vertex 18.3365 65.7609 16.7443
      vertex 18.3365 62.7609 16.7443
    endloop
  endfacet
  facet normal -0.980761 0 -0.195211
    outer loop
      vertex 19.2889 62.7609 18.1697
      vertex 19.2557 65.7609 18.3365
      vertex 19.2889 65.7609 18.1697
    endloop
  endfacet
  facet normal -0.980761 -0 -0.195211
    outer loop
      vertex 19.2557 65.7609 18.3365
      vertex 19.2889 62.7609 18.1697
      vertex 19.2557 62.7609 18.3365
    endloop
  endfacet
  facet normal -0.997868 0 -0.0652701
    outer loop
      vertex 19.3 62.7609 18
      vertex 19.2889 65.7609 18.1697
      vertex 19.3 65.7609 18
    endloop
  endfacet
  facet normal -0.997868 -0 -0.0652701
    outer loop
      vertex 19.2889 65.7609 18.1697
      vertex 19.3 62.7609 18
      vertex 19.2889 62.7609 18.1697
    endloop
  endfacet
  facet normal -0.946844 0 -0.321692
    outer loop
      vertex 19.2557 62.7609 18.3365
      vertex 19.201 65.7609 18.4975
      vertex 19.2557 65.7609 18.3365
    endloop
  endfacet
  facet normal -0.946844 -0 -0.321692
    outer loop
      vertex 19.201 65.7609 18.4975
      vertex 19.2557 62.7609 18.3365
      vertex 19.201 62.7609 18.4975
    endloop
  endfacet
  facet normal -0.442267 0 0.896884
    outer loop
      vertex 18.4975 65.7609 16.799
      vertex 18.65 62.7609 16.8742
      vertex 18.65 65.7609 16.8742
    endloop
  endfacet
  facet normal -0.442267 0 0.896884
    outer loop
      vertex 18.65 62.7609 16.8742
      vertex 18.4975 65.7609 16.799
      vertex 18.4975 62.7609 16.799
    endloop
  endfacet
  facet normal -0.321692 0 -0.946844
    outer loop
      vertex 18.3365 62.7609 19.2557
      vertex 18.4975 65.7609 19.201
      vertex 18.4975 62.7609 19.201
    endloop
  endfacet
  facet normal -0.321692 0 -0.946844
    outer loop
      vertex 18.4975 65.7609 19.201
      vertex 18.3365 62.7609 19.2557
      vertex 18.3365 65.7609 19.2557
    endloop
  endfacet
  facet normal -0.442267 0 -0.896884
    outer loop
      vertex 18.4975 62.7609 19.201
      vertex 18.65 65.7609 19.1258
      vertex 18.65 62.7609 19.1258
    endloop
  endfacet
  facet normal -0.442267 0 -0.896884
    outer loop
      vertex 18.65 65.7609 19.1258
      vertex 18.4975 62.7609 19.201
      vertex 18.4975 65.7609 19.201
    endloop
  endfacet
  facet normal 0.831688 0 -0.555243
    outer loop
      vertex 16.9686 62.7609 18.7914
      vertex 16.8742 65.7609 18.65
      vertex 16.9686 65.7609 18.7914
    endloop
  endfacet
  facet normal 0.831688 0 -0.555243
    outer loop
      vertex 16.8742 65.7609 18.65
      vertex 16.9686 62.7609 18.7914
      vertex 16.8742 62.7609 18.65
    endloop
  endfacet
  facet normal 0.896884 0 -0.442267
    outer loop
      vertex 16.8742 62.7609 18.65
      vertex 16.799 65.7609 18.4975
      vertex 16.8742 65.7609 18.65
    endloop
  endfacet
  facet normal 0.896884 0 -0.442267
    outer loop
      vertex 16.799 65.7609 18.4975
      vertex 16.8742 62.7609 18.65
      vertex 16.799 62.7609 18.4975
    endloop
  endfacet
  facet normal 0.659753 0 0.751483
    outer loop
      vertex 17.0808 65.7609 17.0808
      vertex 17.2086 62.7609 16.9686
      vertex 17.2086 65.7609 16.9686
    endloop
  endfacet
  facet normal 0.659753 0 0.751483
    outer loop
      vertex 17.2086 62.7609 16.9686
      vertex 17.0808 65.7609 17.0808
      vertex 17.0808 62.7609 17.0808
    endloop
  endfacet
  facet normal 0.997868 0 -0.0652701
    outer loop
      vertex 16.7111 62.7609 18.1697
      vertex 16.7 65.7609 18
      vertex 16.7111 65.7609 18.1697
    endloop
  endfacet
  facet normal 0.997868 0 -0.0652701
    outer loop
      vertex 16.7 65.7609 18
      vertex 16.7111 62.7609 18.1697
      vertex 16.7 62.7609 18
    endloop
  endfacet
  facet normal -0.946844 0 0.321692
    outer loop
      vertex 19.201 62.7609 17.5025
      vertex 19.2557 65.7609 17.6635
      vertex 19.201 65.7609 17.5025
    endloop
  endfacet
  facet normal -0.946844 0 0.321692
    outer loop
      vertex 19.2557 65.7609 17.6635
      vertex 19.201 62.7609 17.5025
      vertex 19.2557 62.7609 17.6635
    endloop
  endfacet
  facet normal 0.980761 -0 0.195211
    outer loop
      vertex 16.7111 62.7609 17.8303
      vertex 16.7443 65.7609 17.6635
      vertex 16.7111 65.7609 17.8303
    endloop
  endfacet
  facet normal 0.980761 0 0.195211
    outer loop
      vertex 16.7443 65.7609 17.6635
      vertex 16.7111 62.7609 17.8303
      vertex 16.7443 62.7609 17.6635
    endloop
  endfacet
  facet normal 0.195211 0 -0.980761
    outer loop
      vertex 17.6635 62.7609 19.2557
      vertex 17.8303 65.7609 19.2889
      vertex 17.8303 62.7609 19.2889
    endloop
  endfacet
  facet normal 0.195211 0 -0.980761
    outer loop
      vertex 17.8303 65.7609 19.2889
      vertex 17.6635 62.7609 19.2557
      vertex 17.6635 65.7609 19.2557
    endloop
  endfacet
  facet normal 0.946844 0 -0.321692
    outer loop
      vertex 16.799 62.7609 18.4975
      vertex 16.7443 65.7609 18.3365
      vertex 16.799 65.7609 18.4975
    endloop
  endfacet
  facet normal 0.946844 0 -0.321692
    outer loop
      vertex 16.7443 65.7609 18.3365
      vertex 16.799 62.7609 18.4975
      vertex 16.7443 62.7609 18.3365
    endloop
  endfacet
  facet normal 0.442267 0 -0.896884
    outer loop
      vertex 17.35 62.7609 19.1258
      vertex 17.5025 65.7609 19.201
      vertex 17.5025 62.7609 19.201
    endloop
  endfacet
  facet normal 0.442267 0 -0.896884
    outer loop
      vertex 17.5025 65.7609 19.201
      vertex 17.35 62.7609 19.1258
      vertex 17.35 65.7609 19.1258
    endloop
  endfacet
  facet normal -0.896884 0 -0.442267
    outer loop
      vertex 19.201 62.7609 18.4975
      vertex 19.1258 65.7609 18.65
      vertex 19.201 65.7609 18.4975
    endloop
  endfacet
  facet normal -0.896884 -0 -0.442267
    outer loop
      vertex 19.1258 65.7609 18.65
      vertex 19.201 62.7609 18.4975
      vertex 19.1258 62.7609 18.65
    endloop
  endfacet
  facet normal 0.321692 0 0.946844
    outer loop
      vertex 17.5025 65.7609 16.799
      vertex 17.6635 62.7609 16.7443
      vertex 17.6635 65.7609 16.7443
    endloop
  endfacet
  facet normal 0.321692 0 0.946844
    outer loop
      vertex 17.6635 62.7609 16.7443
      vertex 17.5025 65.7609 16.799
      vertex 17.5025 62.7609 16.799
    endloop
  endfacet
  facet normal -0.980761 0 0.195211
    outer loop
      vertex 19.2557 62.7609 17.6635
      vertex 19.2889 65.7609 17.8303
      vertex 19.2557 65.7609 17.6635
    endloop
  endfacet
  facet normal -0.980761 0 0.195211
    outer loop
      vertex 19.2889 65.7609 17.8303
      vertex 19.2557 62.7609 17.6635
      vertex 19.2889 62.7609 17.8303
    endloop
  endfacet
  facet normal -0.831688 0 0.555243
    outer loop
      vertex 19.0314 62.7609 17.2086
      vertex 19.1258 65.7609 17.35
      vertex 19.0314 65.7609 17.2086
    endloop
  endfacet
  facet normal -0.831688 0 0.555243
    outer loop
      vertex 19.1258 65.7609 17.35
      vertex 19.0314 62.7609 17.2086
      vertex 19.1258 62.7609 17.35
    endloop
  endfacet
  facet normal -0.195211 0 0.980761
    outer loop
      vertex 18.1697 65.7609 16.7111
      vertex 18.3365 62.7609 16.7443
      vertex 18.3365 65.7609 16.7443
    endloop
  endfacet
  facet normal -0.195211 0 0.980761
    outer loop
      vertex 18.3365 62.7609 16.7443
      vertex 18.1697 65.7609 16.7111
      vertex 18.1697 62.7609 16.7111
    endloop
  endfacet
  facet normal -0.0652701 0 -0.997868
    outer loop
      vertex 18 62.7609 19.3
      vertex 18.1697 65.7609 19.2889
      vertex 18.1697 62.7609 19.2889
    endloop
  endfacet
  facet normal -0.0652701 0 -0.997868
    outer loop
      vertex 18.1697 65.7609 19.2889
      vertex 18 62.7609 19.3
      vertex 18 65.7609 19.3
    endloop
  endfacet
  facet normal 0.751483 -0 0.659753
    outer loop
      vertex 16.9686 62.7609 17.2086
      vertex 17.0808 65.7609 17.0808
      vertex 16.9686 65.7609 17.2086
    endloop
  endfacet
  facet normal 0.751483 0 0.659753
    outer loop
      vertex 17.0808 65.7609 17.0808
      vertex 16.9686 62.7609 17.2086
      vertex 17.0808 62.7609 17.0808
    endloop
  endfacet
  facet normal 0.659753 0 -0.751483
    outer loop
      vertex 17.0808 62.7609 18.9192
      vertex 17.2086 65.7609 19.0314
      vertex 17.2086 62.7609 19.0314
    endloop
  endfacet
  facet normal 0.659753 0 -0.751483
    outer loop
      vertex 17.2086 65.7609 19.0314
      vertex 17.0808 62.7609 18.9192
      vertex 17.0808 65.7609 18.9192
    endloop
  endfacet
  facet normal 0.555243 0 -0.831688
    outer loop
      vertex 17.2086 62.7609 19.0314
      vertex 17.35 65.7609 19.1258
      vertex 17.35 62.7609 19.1258
    endloop
  endfacet
  facet normal 0.555243 0 -0.831688
    outer loop
      vertex 17.35 65.7609 19.1258
      vertex 17.2086 62.7609 19.0314
      vertex 17.2086 65.7609 19.0314
    endloop
  endfacet
  facet normal 0.0652701 0 0.997868
    outer loop
      vertex 17.8303 65.7609 16.7111
      vertex 18 62.7609 16.7
      vertex 18 65.7609 16.7
    endloop
  endfacet
  facet normal 0.0652701 0 0.997868
    outer loop
      vertex 18 62.7609 16.7
      vertex 17.8303 65.7609 16.7111
      vertex 17.8303 62.7609 16.7111
    endloop
  endfacet
  facet normal -0.751483 0 0.659753
    outer loop
      vertex 18.9192 62.7609 17.0808
      vertex 19.0314 65.7609 17.2086
      vertex 18.9192 65.7609 17.0808
    endloop
  endfacet
  facet normal -0.751483 0 0.659753
    outer loop
      vertex 19.0314 65.7609 17.2086
      vertex 18.9192 62.7609 17.0808
      vertex 19.0314 62.7609 17.2086
    endloop
  endfacet
  facet normal -0.659753 0 -0.751483
    outer loop
      vertex 18.7914 62.7609 19.0314
      vertex 18.9192 65.7609 18.9192
      vertex 18.9192 62.7609 18.9192
    endloop
  endfacet
  facet normal -0.659753 0 -0.751483
    outer loop
      vertex 18.9192 65.7609 18.9192
      vertex 18.7914 62.7609 19.0314
      vertex 18.7914 65.7609 19.0314
    endloop
  endfacet
  facet normal -0.831688 0 -0.555243
    outer loop
      vertex 19.1258 62.7609 18.65
      vertex 19.0314 65.7609 18.7914
      vertex 19.1258 65.7609 18.65
    endloop
  endfacet
  facet normal -0.831688 -0 -0.555243
    outer loop
      vertex 19.0314 65.7609 18.7914
      vertex 19.1258 62.7609 18.65
      vertex 19.0314 62.7609 18.7914
    endloop
  endfacet
  facet normal -0.555243 0 -0.831688
    outer loop
      vertex 18.65 62.7609 19.1258
      vertex 18.7914 65.7609 19.0314
      vertex 18.7914 62.7609 19.0314
    endloop
  endfacet
  facet normal -0.555243 0 -0.831688
    outer loop
      vertex 18.7914 65.7609 19.0314
      vertex 18.65 62.7609 19.1258
      vertex 18.65 65.7609 19.1258
    endloop
  endfacet
  facet normal 0.321692 0 -0.946844
    outer loop
      vertex 17.5025 62.7609 19.201
      vertex 17.6635 65.7609 19.2557
      vertex 17.6635 62.7609 19.2557
    endloop
  endfacet
  facet normal 0.321692 0 -0.946844
    outer loop
      vertex 17.6635 65.7609 19.2557
      vertex 17.5025 62.7609 19.201
      vertex 17.5025 65.7609 19.201
    endloop
  endfacet
  facet normal 0.0652701 0 -0.997868
    outer loop
      vertex 17.8303 62.7609 19.2889
      vertex 18 65.7609 19.3
      vertex 18 62.7609 19.3
    endloop
  endfacet
  facet normal 0.0652701 0 -0.997868
    outer loop
      vertex 18 65.7609 19.3
      vertex 17.8303 62.7609 19.2889
      vertex 17.8303 65.7609 19.2889
    endloop
  endfacet
  facet normal 0.195211 0 0.980761
    outer loop
      vertex 17.6635 65.7609 16.7443
      vertex 17.8303 62.7609 16.7111
      vertex 17.8303 65.7609 16.7111
    endloop
  endfacet
  facet normal 0.195211 0 0.980761
    outer loop
      vertex 17.8303 62.7609 16.7111
      vertex 17.6635 65.7609 16.7443
      vertex 17.6635 62.7609 16.7443
    endloop
  endfacet
  facet normal -0.555243 0 0.831688
    outer loop
      vertex 18.65 65.7609 16.8742
      vertex 18.7914 62.7609 16.9686
      vertex 18.7914 65.7609 16.9686
    endloop
  endfacet
  facet normal -0.555243 0 0.831688
    outer loop
      vertex 18.7914 62.7609 16.9686
      vertex 18.65 65.7609 16.8742
      vertex 18.65 62.7609 16.8742
    endloop
  endfacet
  facet normal -0.896884 0 0.442267
    outer loop
      vertex 19.1258 62.7609 17.35
      vertex 19.201 65.7609 17.5025
      vertex 19.1258 65.7609 17.35
    endloop
  endfacet
  facet normal -0.896884 0 0.442267
    outer loop
      vertex 19.201 65.7609 17.5025
      vertex 19.1258 62.7609 17.35
      vertex 19.201 62.7609 17.5025
    endloop
  endfacet
  facet normal -0.0652701 0 0.997868
    outer loop
      vertex 18 65.7609 16.7
      vertex 18.1697 62.7609 16.7111
      vertex 18.1697 65.7609 16.7111
    endloop
  endfacet
  facet normal -0.0652701 0 0.997868
    outer loop
      vertex 18.1697 62.7609 16.7111
      vertex 18 65.7609 16.7
      vertex 18 62.7609 16.7
    endloop
  endfacet
  facet normal -0.997868 0 0.0652701
    outer loop
      vertex 19.2889 62.7609 17.8303
      vertex 19.3 65.7609 18
      vertex 19.2889 65.7609 17.8303
    endloop
  endfacet
  facet normal -0.997868 0 0.0652701
    outer loop
      vertex 19.3 65.7609 18
      vertex 19.2889 62.7609 17.8303
      vertex 19.3 62.7609 18
    endloop
  endfacet
  facet normal 0.442267 0 0.896884
    outer loop
      vertex 17.35 65.7609 16.8742
      vertex 17.5025 62.7609 16.799
      vertex 17.5025 65.7609 16.799
    endloop
  endfacet
  facet normal 0.442267 0 0.896884
    outer loop
      vertex 17.5025 62.7609 16.799
      vertex 17.35 65.7609 16.8742
      vertex 17.35 62.7609 16.8742
    endloop
  endfacet
  facet normal 0.831688 -0 0.555243
    outer loop
      vertex 16.8742 62.7609 17.35
      vertex 16.9686 65.7609 17.2086
      vertex 16.8742 65.7609 17.35
    endloop
  endfacet
  facet normal 0.831688 0 0.555243
    outer loop
      vertex 16.9686 65.7609 17.2086
      vertex 16.8742 62.7609 17.35
      vertex 16.9686 62.7609 17.2086
    endloop
  endfacet
  facet normal -0.751483 0 -0.659753
    outer loop
      vertex 19.0314 62.7609 18.7914
      vertex 18.9192 65.7609 18.9192
      vertex 19.0314 65.7609 18.7914
    endloop
  endfacet
  facet normal -0.751483 -0 -0.659753
    outer loop
      vertex 18.9192 65.7609 18.9192
      vertex 19.0314 62.7609 18.7914
      vertex 18.9192 62.7609 18.9192
    endloop
  endfacet
  facet normal 0.751483 0 -0.659753
    outer loop
      vertex 17.0808 62.7609 18.9192
      vertex 16.9686 65.7609 18.7914
      vertex 17.0808 65.7609 18.9192
    endloop
  endfacet
  facet normal 0.751483 0 -0.659753
    outer loop
      vertex 16.9686 65.7609 18.7914
      vertex 17.0808 62.7609 18.9192
      vertex 16.9686 62.7609 18.7914
    endloop
  endfacet
  facet normal 0.980761 0 -0.195211
    outer loop
      vertex 16.7443 62.7609 18.3365
      vertex 16.7111 65.7609 18.1697
      vertex 16.7443 65.7609 18.3365
    endloop
  endfacet
  facet normal 0.980761 0 -0.195211
    outer loop
      vertex 16.7111 65.7609 18.1697
      vertex 16.7443 62.7609 18.3365
      vertex 16.7111 62.7609 18.1697
    endloop
  endfacet
  facet normal 0.946844 -0 0.321692
    outer loop
      vertex 16.7443 62.7609 17.6635
      vertex 16.799 65.7609 17.5025
      vertex 16.7443 65.7609 17.6635
    endloop
  endfacet
  facet normal 0.946844 0 0.321692
    outer loop
      vertex 16.799 65.7609 17.5025
      vertex 16.7443 62.7609 17.6635
      vertex 16.799 62.7609 17.5025
    endloop
  endfacet
  facet normal -0.195211 0 -0.980761
    outer loop
      vertex 18.1697 62.7609 19.2889
      vertex 18.3365 65.7609 19.2557
      vertex 18.3365 62.7609 19.2557
    endloop
  endfacet
  facet normal -0.195211 0 -0.980761
    outer loop
      vertex 18.3365 65.7609 19.2557
      vertex 18.1697 62.7609 19.2889
      vertex 18.1697 65.7609 19.2889
    endloop
  endfacet
  facet normal 0.997868 -0 0.0652701
    outer loop
      vertex 16.7 62.7609 18
      vertex 16.7111 65.7609 17.8303
      vertex 16.7 65.7609 18
    endloop
  endfacet
  facet normal 0.997868 0 0.0652701
    outer loop
      vertex 16.7111 65.7609 17.8303
      vertex 16.7 62.7609 18
      vertex 16.7111 62.7609 17.8303
    endloop
  endfacet
  facet normal 0.555243 0 0.831688
    outer loop
      vertex 17.2086 65.7609 16.9686
      vertex 17.35 62.7609 16.8742
      vertex 17.35 65.7609 16.8742
    endloop
  endfacet
  facet normal 0.555243 0 0.831688
    outer loop
      vertex 17.35 62.7609 16.8742
      vertex 17.2086 65.7609 16.9686
      vertex 17.2086 62.7609 16.9686
    endloop
  endfacet
  facet normal -0.659753 0 0.751483
    outer loop
      vertex 18.7914 65.7609 16.9686
      vertex 18.9192 62.7609 17.0808
      vertex 18.9192 65.7609 17.0808
    endloop
  endfacet
  facet normal -0.659753 0 0.751483
    outer loop
      vertex 18.9192 62.7609 17.0808
      vertex 18.7914 65.7609 16.9686
      vertex 18.7914 62.7609 16.9686
    endloop
  endfacet
  facet normal 0.896884 -0 0.442267
    outer loop
      vertex 56.799 62.7609 17.5025
      vertex 56.8742 65.7609 17.35
      vertex 56.799 65.7609 17.5025
    endloop
  endfacet
  facet normal 0.896884 0 0.442267
    outer loop
      vertex 56.8742 65.7609 17.35
      vertex 56.799 62.7609 17.5025
      vertex 56.8742 62.7609 17.35
    endloop
  endfacet
  facet normal -0.321692 0 0.946844
    outer loop
      vertex 58.3365 65.7609 16.7443
      vertex 58.4975 62.7609 16.799
      vertex 58.4975 65.7609 16.799
    endloop
  endfacet
  facet normal -0.321692 0 0.946844
    outer loop
      vertex 58.4975 62.7609 16.799
      vertex 58.3365 65.7609 16.7443
      vertex 58.3365 62.7609 16.7443
    endloop
  endfacet
  facet normal -0.980761 0 -0.195211
    outer loop
      vertex 59.2889 62.7609 18.1697
      vertex 59.2557 65.7609 18.3365
      vertex 59.2889 65.7609 18.1697
    endloop
  endfacet
  facet normal -0.980761 -0 -0.195211
    outer loop
      vertex 59.2557 65.7609 18.3365
      vertex 59.2889 62.7609 18.1697
      vertex 59.2557 62.7609 18.3365
    endloop
  endfacet
  facet normal -0.997868 0 -0.0652701
    outer loop
      vertex 59.3 62.7609 18
      vertex 59.2889 65.7609 18.1697
      vertex 59.3 65.7609 18
    endloop
  endfacet
  facet normal -0.997868 -0 -0.0652701
    outer loop
      vertex 59.2889 65.7609 18.1697
      vertex 59.3 62.7609 18
      vertex 59.2889 62.7609 18.1697
    endloop
  endfacet
  facet normal -0.946844 0 -0.321692
    outer loop
      vertex 59.2557 62.7609 18.3365
      vertex 59.201 65.7609 18.4975
      vertex 59.2557 65.7609 18.3365
    endloop
  endfacet
  facet normal -0.946844 -0 -0.321692
    outer loop
      vertex 59.201 65.7609 18.4975
      vertex 59.2557 62.7609 18.3365
      vertex 59.201 62.7609 18.4975
    endloop
  endfacet
  facet normal -0.442267 0 0.896884
    outer loop
      vertex 58.4975 65.7609 16.799
      vertex 58.65 62.7609 16.8742
      vertex 58.65 65.7609 16.8742
    endloop
  endfacet
  facet normal -0.442267 0 0.896884
    outer loop
      vertex 58.65 62.7609 16.8742
      vertex 58.4975 65.7609 16.799
      vertex 58.4975 62.7609 16.799
    endloop
  endfacet
  facet normal -0.321692 0 -0.946844
    outer loop
      vertex 58.3365 62.7609 19.2557
      vertex 58.4975 65.7609 19.201
      vertex 58.4975 62.7609 19.201
    endloop
  endfacet
  facet normal -0.321692 0 -0.946844
    outer loop
      vertex 58.4975 65.7609 19.201
      vertex 58.3365 62.7609 19.2557
      vertex 58.3365 65.7609 19.2557
    endloop
  endfacet
  facet normal 0.831688 0 -0.555243
    outer loop
      vertex 56.9686 62.7609 18.7914
      vertex 56.8742 65.7609 18.65
      vertex 56.9686 65.7609 18.7914
    endloop
  endfacet
  facet normal 0.831688 0 -0.555243
    outer loop
      vertex 56.8742 65.7609 18.65
      vertex 56.9686 62.7609 18.7914
      vertex 56.8742 62.7609 18.65
    endloop
  endfacet
  facet normal 0.896884 0 -0.442267
    outer loop
      vertex 56.8742 62.7609 18.65
      vertex 56.799 65.7609 18.4975
      vertex 56.8742 65.7609 18.65
    endloop
  endfacet
  facet normal 0.896884 0 -0.442267
    outer loop
      vertex 56.799 65.7609 18.4975
      vertex 56.8742 62.7609 18.65
      vertex 56.799 62.7609 18.4975
    endloop
  endfacet
  facet normal 0.659753 0 0.751483
    outer loop
      vertex 57.0808 65.7609 17.0808
      vertex 57.2086 62.7609 16.9686
      vertex 57.2086 65.7609 16.9686
    endloop
  endfacet
  facet normal 0.659753 0 0.751483
    outer loop
      vertex 57.2086 62.7609 16.9686
      vertex 57.0808 65.7609 17.0808
      vertex 57.0808 62.7609 17.0808
    endloop
  endfacet
  facet normal 0.997868 0 -0.0652701
    outer loop
      vertex 56.7111 62.7609 18.1697
      vertex 56.7 65.7609 18
      vertex 56.7111 65.7609 18.1697
    endloop
  endfacet
  facet normal 0.997868 0 -0.0652701
    outer loop
      vertex 56.7 65.7609 18
      vertex 56.7111 62.7609 18.1697
      vertex 56.7 62.7609 18
    endloop
  endfacet
  facet normal -0.946844 0 0.321692
    outer loop
      vertex 59.201 62.7609 17.5025
      vertex 59.2557 65.7609 17.6635
      vertex 59.201 65.7609 17.5025
    endloop
  endfacet
  facet normal -0.946844 0 0.321692
    outer loop
      vertex 59.2557 65.7609 17.6635
      vertex 59.201 62.7609 17.5025
      vertex 59.2557 62.7609 17.6635
    endloop
  endfacet
  facet normal 0.980761 -0 0.195211
    outer loop
      vertex 56.7111 62.7609 17.8303
      vertex 56.7443 65.7609 17.6635
      vertex 56.7111 65.7609 17.8303
    endloop
  endfacet
  facet normal 0.980761 0 0.195211
    outer loop
      vertex 56.7443 65.7609 17.6635
      vertex 56.7111 62.7609 17.8303
      vertex 56.7443 62.7609 17.6635
    endloop
  endfacet
  facet normal 0.195211 0 -0.980761
    outer loop
      vertex 57.6635 62.7609 19.2557
      vertex 57.8303 65.7609 19.2889
      vertex 57.8303 62.7609 19.2889
    endloop
  endfacet
  facet normal 0.195211 0 -0.980761
    outer loop
      vertex 57.8303 65.7609 19.2889
      vertex 57.6635 62.7609 19.2557
      vertex 57.6635 65.7609 19.2557
    endloop
  endfacet
  facet normal 0.946844 0 -0.321692
    outer loop
      vertex 56.799 62.7609 18.4975
      vertex 56.7443 65.7609 18.3365
      vertex 56.799 65.7609 18.4975
    endloop
  endfacet
  facet normal 0.946844 0 -0.321692
    outer loop
      vertex 56.7443 65.7609 18.3365
      vertex 56.799 62.7609 18.4975
      vertex 56.7443 62.7609 18.3365
    endloop
  endfacet
  facet normal 0.442267 0 -0.896884
    outer loop
      vertex 57.35 62.7609 19.1258
      vertex 57.5025 65.7609 19.201
      vertex 57.5025 62.7609 19.201
    endloop
  endfacet
  facet normal 0.442267 0 -0.896884
    outer loop
      vertex 57.5025 65.7609 19.201
      vertex 57.35 62.7609 19.1258
      vertex 57.35 65.7609 19.1258
    endloop
  endfacet
  facet normal -0.896884 0 -0.442267
    outer loop
      vertex 59.201 62.7609 18.4975
      vertex 59.1258 65.7609 18.65
      vertex 59.201 65.7609 18.4975
    endloop
  endfacet
  facet normal -0.896884 -0 -0.442267
    outer loop
      vertex 59.1258 65.7609 18.65
      vertex 59.201 62.7609 18.4975
      vertex 59.1258 62.7609 18.65
    endloop
  endfacet
  facet normal 0.321692 0 0.946844
    outer loop
      vertex 57.5025 65.7609 16.799
      vertex 57.6635 62.7609 16.7443
      vertex 57.6635 65.7609 16.7443
    endloop
  endfacet
  facet normal 0.321692 0 0.946844
    outer loop
      vertex 57.6635 62.7609 16.7443
      vertex 57.5025 65.7609 16.799
      vertex 57.5025 62.7609 16.799
    endloop
  endfacet
  facet normal -0.980761 0 0.195211
    outer loop
      vertex 59.2557 62.7609 17.6635
      vertex 59.2889 65.7609 17.8303
      vertex 59.2557 65.7609 17.6635
    endloop
  endfacet
  facet normal -0.980761 0 0.195211
    outer loop
      vertex 59.2889 65.7609 17.8303
      vertex 59.2557 62.7609 17.6635
      vertex 59.2889 62.7609 17.8303
    endloop
  endfacet
  facet normal -0.831688 0 0.555243
    outer loop
      vertex 59.0314 62.7609 17.2086
      vertex 59.1258 65.7609 17.35
      vertex 59.0314 65.7609 17.2086
    endloop
  endfacet
  facet normal -0.831688 0 0.555243
    outer loop
      vertex 59.1258 65.7609 17.35
      vertex 59.0314 62.7609 17.2086
      vertex 59.1258 62.7609 17.35
    endloop
  endfacet
  facet normal -0.195211 0 0.980761
    outer loop
      vertex 58.1697 65.7609 16.7111
      vertex 58.3365 62.7609 16.7443
      vertex 58.3365 65.7609 16.7443
    endloop
  endfacet
  facet normal -0.195211 0 0.980761
    outer loop
      vertex 58.3365 62.7609 16.7443
      vertex 58.1697 65.7609 16.7111
      vertex 58.1697 62.7609 16.7111
    endloop
  endfacet
  facet normal -0.0652701 0 -0.997868
    outer loop
      vertex 58 62.7609 19.3
      vertex 58.1697 65.7609 19.2889
      vertex 58.1697 62.7609 19.2889
    endloop
  endfacet
  facet normal -0.0652701 0 -0.997868
    outer loop
      vertex 58.1697 65.7609 19.2889
      vertex 58 62.7609 19.3
      vertex 58 65.7609 19.3
    endloop
  endfacet
  facet normal 0.751483 -0 0.659753
    outer loop
      vertex 56.9686 62.7609 17.2086
      vertex 57.0808 65.7609 17.0808
      vertex 56.9686 65.7609 17.2086
    endloop
  endfacet
  facet normal 0.751483 0 0.659753
    outer loop
      vertex 57.0808 65.7609 17.0808
      vertex 56.9686 62.7609 17.2086
      vertex 57.0808 62.7609 17.0808
    endloop
  endfacet
  facet normal 0.659753 0 -0.751483
    outer loop
      vertex 57.0808 62.7609 18.9192
      vertex 57.2086 65.7609 19.0314
      vertex 57.2086 62.7609 19.0314
    endloop
  endfacet
  facet normal 0.659753 0 -0.751483
    outer loop
      vertex 57.2086 65.7609 19.0314
      vertex 57.0808 62.7609 18.9192
      vertex 57.0808 65.7609 18.9192
    endloop
  endfacet
  facet normal 0.555243 0 -0.831688
    outer loop
      vertex 57.2086 62.7609 19.0314
      vertex 57.35 65.7609 19.1258
      vertex 57.35 62.7609 19.1258
    endloop
  endfacet
  facet normal 0.555243 0 -0.831688
    outer loop
      vertex 57.35 65.7609 19.1258
      vertex 57.2086 62.7609 19.0314
      vertex 57.2086 65.7609 19.0314
    endloop
  endfacet
  facet normal 0.0652701 0 0.997868
    outer loop
      vertex 57.8303 65.7609 16.7111
      vertex 58 62.7609 16.7
      vertex 58 65.7609 16.7
    endloop
  endfacet
  facet normal 0.0652701 0 0.997868
    outer loop
      vertex 58 62.7609 16.7
      vertex 57.8303 65.7609 16.7111
      vertex 57.8303 62.7609 16.7111
    endloop
  endfacet
  facet normal -0.751483 0 0.659753
    outer loop
      vertex 58.9192 62.7609 17.0808
      vertex 59.0314 65.7609 17.2086
      vertex 58.9192 65.7609 17.0808
    endloop
  endfacet
  facet normal -0.751483 0 0.659753
    outer loop
      vertex 59.0314 65.7609 17.2086
      vertex 58.9192 62.7609 17.0808
      vertex 59.0314 62.7609 17.2086
    endloop
  endfacet
  facet normal -0.659753 0 -0.751483
    outer loop
      vertex 58.7914 62.7609 19.0314
      vertex 58.9192 65.7609 18.9192
      vertex 58.9192 62.7609 18.9192
    endloop
  endfacet
  facet normal -0.659753 0 -0.751483
    outer loop
      vertex 58.9192 65.7609 18.9192
      vertex 58.7914 62.7609 19.0314
      vertex 58.7914 65.7609 19.0314
    endloop
  endfacet
  facet normal -0.831688 0 -0.555243
    outer loop
      vertex 59.1258 62.7609 18.65
      vertex 59.0314 65.7609 18.7914
      vertex 59.1258 65.7609 18.65
    endloop
  endfacet
  facet normal -0.831688 -0 -0.555243
    outer loop
      vertex 59.0314 65.7609 18.7914
      vertex 59.1258 62.7609 18.65
      vertex 59.0314 62.7609 18.7914
    endloop
  endfacet
  facet normal -0.555243 0 -0.831688
    outer loop
      vertex 58.65 62.7609 19.1258
      vertex 58.7914 65.7609 19.0314
      vertex 58.7914 62.7609 19.0314
    endloop
  endfacet
  facet normal -0.555243 0 -0.831688
    outer loop
      vertex 58.7914 65.7609 19.0314
      vertex 58.65 62.7609 19.1258
      vertex 58.65 65.7609 19.1258
    endloop
  endfacet
  facet normal 0.321692 0 -0.946844
    outer loop
      vertex 57.5025 62.7609 19.201
      vertex 57.6635 65.7609 19.2557
      vertex 57.6635 62.7609 19.2557
    endloop
  endfacet
  facet normal 0.321692 0 -0.946844
    outer loop
      vertex 57.6635 65.7609 19.2557
      vertex 57.5025 62.7609 19.201
      vertex 57.5025 65.7609 19.201
    endloop
  endfacet
  facet normal 0.0652701 0 -0.997868
    outer loop
      vertex 57.8303 62.7609 19.2889
      vertex 58 65.7609 19.3
      vertex 58 62.7609 19.3
    endloop
  endfacet
  facet normal 0.0652701 0 -0.997868
    outer loop
      vertex 58 65.7609 19.3
      vertex 57.8303 62.7609 19.2889
      vertex 57.8303 65.7609 19.2889
    endloop
  endfacet
  facet normal -0.997868 0 0.0652701
    outer loop
      vertex 59.2889 62.7609 17.8303
      vertex 59.3 65.7609 18
      vertex 59.2889 65.7609 17.8303
    endloop
  endfacet
  facet normal -0.997868 0 0.0652701
    outer loop
      vertex 59.3 65.7609 18
      vertex 59.2889 62.7609 17.8303
      vertex 59.3 62.7609 18
    endloop
  endfacet
  facet normal 0.195211 0 0.980761
    outer loop
      vertex 57.6635 65.7609 16.7443
      vertex 57.8303 62.7609 16.7111
      vertex 57.8303 65.7609 16.7111
    endloop
  endfacet
  facet normal 0.195211 0 0.980761
    outer loop
      vertex 57.8303 62.7609 16.7111
      vertex 57.6635 65.7609 16.7443
      vertex 57.6635 62.7609 16.7443
    endloop
  endfacet
  facet normal -0.555243 0 0.831688
    outer loop
      vertex 58.65 65.7609 16.8742
      vertex 58.7914 62.7609 16.9686
      vertex 58.7914 65.7609 16.9686
    endloop
  endfacet
  facet normal -0.555243 0 0.831688
    outer loop
      vertex 58.7914 62.7609 16.9686
      vertex 58.65 65.7609 16.8742
      vertex 58.65 62.7609 16.8742
    endloop
  endfacet
  facet normal -0.896884 0 0.442267
    outer loop
      vertex 59.1258 62.7609 17.35
      vertex 59.201 65.7609 17.5025
      vertex 59.1258 65.7609 17.35
    endloop
  endfacet
  facet normal -0.896884 0 0.442267
    outer loop
      vertex 59.201 65.7609 17.5025
      vertex 59.1258 62.7609 17.35
      vertex 59.201 62.7609 17.5025
    endloop
  endfacet
  facet normal -0.0652701 0 0.997868
    outer loop
      vertex 58 65.7609 16.7
      vertex 58.1697 62.7609 16.7111
      vertex 58.1697 65.7609 16.7111
    endloop
  endfacet
  facet normal -0.0652701 0 0.997868
    outer loop
      vertex 58.1697 62.7609 16.7111
      vertex 58 65.7609 16.7
      vertex 58 62.7609 16.7
    endloop
  endfacet
  facet normal 0.442267 0 0.896884
    outer loop
      vertex 57.35 65.7609 16.8742
      vertex 57.5025 62.7609 16.799
      vertex 57.5025 65.7609 16.799
    endloop
  endfacet
  facet normal 0.442267 0 0.896884
    outer loop
      vertex 57.5025 62.7609 16.799
      vertex 57.35 65.7609 16.8742
      vertex 57.35 62.7609 16.8742
    endloop
  endfacet
  facet normal 0.831688 -0 0.555243
    outer loop
      vertex 56.8742 62.7609 17.35
      vertex 56.9686 65.7609 17.2086
      vertex 56.8742 65.7609 17.35
    endloop
  endfacet
  facet normal 0.831688 0 0.555243
    outer loop
      vertex 56.9686 65.7609 17.2086
      vertex 56.8742 62.7609 17.35
      vertex 56.9686 62.7609 17.2086
    endloop
  endfacet
  facet normal -0.751483 0 -0.659753
    outer loop
      vertex 59.0314 62.7609 18.7914
      vertex 58.9192 65.7609 18.9192
      vertex 59.0314 65.7609 18.7914
    endloop
  endfacet
  facet normal -0.751483 -0 -0.659753
    outer loop
      vertex 58.9192 65.7609 18.9192
      vertex 59.0314 62.7609 18.7914
      vertex 58.9192 62.7609 18.9192
    endloop
  endfacet
  facet normal 0.751483 0 -0.659753
    outer loop
      vertex 57.0808 62.7609 18.9192
      vertex 56.9686 65.7609 18.7914
      vertex 57.0808 65.7609 18.9192
    endloop
  endfacet
  facet normal 0.751483 0 -0.659753
    outer loop
      vertex 56.9686 65.7609 18.7914
      vertex 57.0808 62.7609 18.9192
      vertex 56.9686 62.7609 18.7914
    endloop
  endfacet
  facet normal -0.442267 0 -0.896884
    outer loop
      vertex 58.4975 62.7609 19.201
      vertex 58.65 65.7609 19.1258
      vertex 58.65 62.7609 19.1258
    endloop
  endfacet
  facet normal -0.442267 0 -0.896884
    outer loop
      vertex 58.65 65.7609 19.1258
      vertex 58.4975 62.7609 19.201
      vertex 58.4975 65.7609 19.201
    endloop
  endfacet
  facet normal 0.946844 -0 0.321692
    outer loop
      vertex 56.7443 62.7609 17.6635
      vertex 56.799 65.7609 17.5025
      vertex 56.7443 65.7609 17.6635
    endloop
  endfacet
  facet normal 0.946844 0 0.321692
    outer loop
      vertex 56.799 65.7609 17.5025
      vertex 56.7443 62.7609 17.6635
      vertex 56.799 62.7609 17.5025
    endloop
  endfacet
  facet normal -0.195211 0 -0.980761
    outer loop
      vertex 58.1697 62.7609 19.2889
      vertex 58.3365 65.7609 19.2557
      vertex 58.3365 62.7609 19.2557
    endloop
  endfacet
  facet normal -0.195211 0 -0.980761
    outer loop
      vertex 58.3365 65.7609 19.2557
      vertex 58.1697 62.7609 19.2889
      vertex 58.1697 65.7609 19.2889
    endloop
  endfacet
  facet normal 0.997868 -0 0.0652701
    outer loop
      vertex 56.7 62.7609 18
      vertex 56.7111 65.7609 17.8303
      vertex 56.7 65.7609 18
    endloop
  endfacet
  facet normal 0.997868 0 0.0652701
    outer loop
      vertex 56.7111 65.7609 17.8303
      vertex 56.7 62.7609 18
      vertex 56.7111 62.7609 17.8303
    endloop
  endfacet
  facet normal 0.555243 0 0.831688
    outer loop
      vertex 57.2086 65.7609 16.9686
      vertex 57.35 62.7609 16.8742
      vertex 57.35 65.7609 16.8742
    endloop
  endfacet
  facet normal 0.555243 0 0.831688
    outer loop
      vertex 57.35 62.7609 16.8742
      vertex 57.2086 65.7609 16.9686
      vertex 57.2086 62.7609 16.9686
    endloop
  endfacet
  facet normal 0.980761 0 -0.195211
    outer loop
      vertex 56.7443 62.7609 18.3365
      vertex 56.7111 65.7609 18.1697
      vertex 56.7443 65.7609 18.3365
    endloop
  endfacet
  facet normal 0.980761 0 -0.195211
    outer loop
      vertex 56.7111 65.7609 18.1697
      vertex 56.7443 62.7609 18.3365
      vertex 56.7111 62.7609 18.1697
    endloop
  endfacet
  facet normal -0.659753 0 0.751483
    outer loop
      vertex 58.7914 65.7609 16.9686
      vertex 58.9192 62.7609 17.0808
      vertex 58.9192 65.7609 17.0808
    endloop
  endfacet
  facet normal -0.659753 0 0.751483
    outer loop
      vertex 58.9192 62.7609 17.0808
      vertex 58.7914 65.7609 16.9686
      vertex 58.7914 62.7609 16.9686
    endloop
  endfacet
  facet normal -0.980785 0.13795 0.13795
    outer loop
      vertex 77.6222 62.7609 40.2756
      vertex 77.7179 65.7609 37.956
      vertex 77.6222 65.7609 37.2756
    endloop
  endfacet
  facet normal -0.980785 0.13795 0.13795
    outer loop
      vertex 77.7179 65.7609 37.956
      vertex 77.6222 62.7609 40.2756
      vertex 77.7179 62.7609 40.956
    endloop
  endfacet
  facet normal -0.997856 0.0462745 0.0462745
    outer loop
      vertex 77.7179 62.7609 40.956
      vertex 77.75 65.7609 38.6482
      vertex 77.7179 65.7609 37.956
    endloop
  endfacet
  facet normal -0.997856 0.0462745 0.0462745
    outer loop
      vertex 77.75 65.7609 38.6482
      vertex 77.7179 62.7609 40.956
      vertex 77.75 62.7609 41.6482
    endloop
  endfacet
  facet normal -0.946902 0.227347 0.227355
    outer loop
      vertex 77.4645 62.7609 39.6187
      vertex 77.6222 65.7609 37.2756
      vertex 77.4645 65.7609 36.6188
    endloop
  endfacet
  facet normal -0.946915 0.227323 0.227323
    outer loop
      vertex 77.6222 65.7609 37.2756
      vertex 77.4645 62.7609 39.6187
      vertex 77.6222 62.7609 40.2756
    endloop
  endfacet
  facet normal -0.321455 0.669577 0.669577
    outer loop
      vertex 75.4351 65.7609 33.7486
      vertex 74.9706 62.7609 36.5256
      vertex 75.4351 62.7609 36.7486
    endloop
  endfacet
  facet normal -0.321455 0.669577 0.669577
    outer loop
      vertex 74.9706 62.7609 36.5256
      vertex 75.4351 65.7609 33.7486
      vertex 74.9706 65.7609 33.5256
    endloop
  endfacet
  facet normal -0.659441 -0.531584 -0.531561
    outer loop
      vertex 76.6516 63.464 44.6952
      vertex 76.2829 65.7609 42.8556
      vertex 76.6516 65.7609 42.3982
    endloop
  endfacet
  facet normal -0.659449 -0.53158 -0.531554
    outer loop
      vertex 76.2829 65.7609 42.8556
      vertex 76.6516 63.464 44.6952
      vertex 76.2829 63.6927 44.9239
    endloop
  endfacet
  facet normal 0.321455 -0.669577 -0.669577
    outer loop
      vertex 72.5649 65.7609 43.5479
      vertex 73.0294 64.1503 45.3815
      vertex 72.5649 64.0388 45.27
    endloop
  endfacet
  facet normal 0.321316 -0.669631 -0.669589
    outer loop
      vertex 73.0294 64.1503 45.3815
      vertex 72.5649 65.7609 43.5479
      vertex 73.0294 65.7609 43.7708
    endloop
  endfacet
  facet normal 0.0654419 0.705591 0.705591
    outer loop
      vertex 74 62.7609 36.3449
      vertex 73.5105 65.7609 33.3903
      vertex 73.5105 62.7609 36.3903
    endloop
  endfacet
  facet normal 0.0654419 0.705591 0.705591
    outer loop
      vertex 73.5105 65.7609 33.3903
      vertex 74 62.7609 36.3449
      vertex 74 65.7609 33.3449
    endloop
  endfacet
  facet normal -0.555526 -0.587974 -0.587943
    outer loop
      vertex 75.875 65.7609 43.241
      vertex 76.2829 63.6927 44.9239
      vertex 75.875 63.8854 45.1166
    endloop
  endfacet
  facet normal -0.555517 -0.587977 -0.587949
    outer loop
      vertex 76.2829 63.6927 44.9239
      vertex 75.875 65.7609 43.241
      vertex 76.2829 65.7609 42.8556
    endloop
  endfacet
  facet normal -0.896925 0.31267 0.31267
    outer loop
      vertex 77.2476 62.7609 38.9966
      vertex 77.4645 65.7609 36.6188
      vertex 77.2476 65.7609 35.9966
    endloop
  endfacet
  facet normal -0.8969 0.312701 0.312711
    outer loop
      vertex 77.4645 65.7609 36.6188
      vertex 77.2476 62.7609 38.9966
      vertex 77.4645 62.7609 39.6187
    endloop
  endfacet
  facet normal -0.321455 -0.669577 -0.669577
    outer loop
      vertex 74.9706 64.1503 45.3815
      vertex 75.4351 65.7609 43.5479
      vertex 75.4351 64.0388 45.27
    endloop
  endfacet
  facet normal -0.321316 -0.669631 -0.669589
    outer loop
      vertex 75.4351 65.7609 43.5479
      vertex 74.9706 64.1503 45.3815
      vertex 74.9706 65.7609 43.7708
    endloop
  endfacet
  facet normal 0.980785 0.13795 0.13795
    outer loop
      vertex 70.3778 62.7609 40.2756
      vertex 70.2821 65.7609 37.956
      vertex 70.2821 62.7609 40.956
    endloop
  endfacet
  facet normal 0.980785 0.13795 0.13795
    outer loop
      vertex 70.2821 65.7609 37.956
      vertex 70.3778 62.7609 40.2756
      vertex 70.3778 65.7609 37.2756
    endloop
  endfacet
  facet normal 0.751792 0.466267 0.466267
    outer loop
      vertex 71.3484 62.7609 37.8982
      vertex 71.0249 65.7609 35.4198
      vertex 71.0249 62.7609 38.4198
    endloop
  endfacet
  facet normal 0.751792 0.466267 0.466267
    outer loop
      vertex 71.0249 65.7609 35.4198
      vertex 71.3484 62.7609 37.8982
      vertex 71.3484 65.7609 34.8982
    endloop
  endfacet
  facet normal 0.555526 -0.587974 -0.587943
    outer loop
      vertex 71.7171 63.6927 44.9239
      vertex 72.125 65.7609 43.241
      vertex 72.125 63.8854 45.1166
    endloop
  endfacet
  facet normal 0.555517 -0.587977 -0.587949
    outer loop
      vertex 72.125 65.7609 43.241
      vertex 71.7171 63.6927 44.9239
      vertex 71.7171 65.7609 42.8556
    endloop
  endfacet
  facet normal -0.98078 -0.137969 -0.137969
    outer loop
      vertex 77.7179 62.7609 42.3405
      vertex 77.6222 65.7609 40.0208
      vertex 77.7179 65.7609 39.3405
    endloop
  endfacet
  facet normal -0.98078 -0.137969 -0.137969
    outer loop
      vertex 77.6222 65.7609 40.0208
      vertex 77.7179 62.7609 42.3405
      vertex 77.6222 62.7609 43.0208
    endloop
  endfacet
  facet normal 0.442298 -0.634182 -0.634182
    outer loop
      vertex 72.125 63.8854 45.1166
      vertex 72.5649 65.7609 43.5479
      vertex 72.5649 64.0388 45.27
    endloop
  endfacet
  facet normal 0.442404 -0.634161 -0.634128
    outer loop
      vertex 72.5649 65.7609 43.5479
      vertex 72.125 63.8854 45.1166
      vertex 72.125 65.7609 43.241
    endloop
  endfacet
  facet normal 0.946915 -0.227323 -0.227323
    outer loop
      vertex 70.3778 62.7609 43.0208
      vertex 70.5355 65.7609 40.6777
      vertex 70.5355 62.7609 43.6777
    endloop
  endfacet
  facet normal 0.946915 -0.227323 -0.227323
    outer loop
      vertex 70.5355 65.7609 40.6777
      vertex 70.3778 62.7609 43.0208
      vertex 70.3778 65.7609 40.0208
    endloop
  endfacet
  facet normal 0.659449 -0.53158 -0.531554
    outer loop
      vertex 71.3484 63.464 44.6952
      vertex 71.7171 65.7609 42.8556
      vertex 71.7171 63.6927 44.9239
    endloop
  endfacet
  facet normal 0.659441 -0.531584 -0.531561
    outer loop
      vertex 71.7171 65.7609 42.8556
      vertex 71.3484 63.464 44.6952
      vertex 71.3484 65.7609 42.3982
    endloop
  endfacet
  facet normal -0.442298 -0.634198 -0.634165
    outer loop
      vertex 75.4351 64.0388 45.27
      vertex 75.875 65.7609 43.241
      vertex 75.875 63.8854 45.1166
    endloop
  endfacet
  facet normal -0.442414 -0.634141 -0.634141
    outer loop
      vertex 75.875 65.7609 43.241
      vertex 75.4351 64.0388 45.27
      vertex 75.4351 65.7609 43.5479
    endloop
  endfacet
  facet normal -0.997857 -0.0462678 -0.0462678
    outer loop
      vertex 77.75 62.7609 41.6482
      vertex 77.7179 65.7609 39.3405
      vertex 77.75 65.7609 38.6482
    endloop
  endfacet
  facet normal -0.997857 -0.0462678 -0.0462678
    outer loop
      vertex 77.7179 65.7609 39.3405
      vertex 77.75 62.7609 41.6482
      vertex 77.7179 62.7609 42.3405
    endloop
  endfacet
  facet normal -0.195041 -0.693527 -0.693527
    outer loop
      vertex 74.4895 65.7609 43.9062
      vertex 74.9706 64.1503 45.3815
      vertex 74.4895 64.218 45.4491
    endloop
  endfacet
  facet normal -0.195174 -0.69353 -0.693487
    outer loop
      vertex 74.9706 64.1503 45.3815
      vertex 74.4895 65.7609 43.9062
      vertex 74.9706 65.7609 43.7708
    endloop
  endfacet
  facet normal 0.997857 -0.0462678 -0.0462678
    outer loop
      vertex 70.25 62.7609 41.6482
      vertex 70.2821 65.7609 39.3405
      vertex 70.2821 62.7609 42.3405
    endloop
  endfacet
  facet normal 0.997857 -0.0462678 -0.0462678
    outer loop
      vertex 70.2821 65.7609 39.3405
      vertex 70.25 62.7609 41.6482
      vertex 70.25 65.7609 38.6482
    endloop
  endfacet
  facet normal -0.831491 0.392825 0.392825
    outer loop
      vertex 76.9751 62.7609 38.4198
      vertex 77.2476 65.7609 35.9966
      vertex 76.9751 65.7609 35.4198
    endloop
  endfacet
  facet normal -0.831491 0.392825 0.392825
    outer loop
      vertex 77.2476 65.7609 35.9966
      vertex 76.9751 62.7609 38.4198
      vertex 77.2476 62.7609 38.9966
    endloop
  endfacet
  facet normal 0.997856 0.0462745 0.0462745
    outer loop
      vertex 70.2821 62.7609 40.956
      vertex 70.25 65.7609 38.6482
      vertex 70.25 62.7609 41.6482
    endloop
  endfacet
  facet normal 0.997856 0.0462745 0.0462745
    outer loop
      vertex 70.25 65.7609 38.6482
      vertex 70.2821 62.7609 40.956
      vertex 70.2821 65.7609 37.956
    endloop
  endfacet
  facet normal -0.751792 0.466267 0.466267
    outer loop
      vertex 76.6516 62.7609 37.8982
      vertex 76.9751 65.7609 35.4198
      vertex 76.6516 65.7609 34.8982
    endloop
  endfacet
  facet normal -0.751792 0.466267 0.466267
    outer loop
      vertex 76.9751 65.7609 35.4198
      vertex 76.6516 62.7609 37.8982
      vertex 76.9751 62.7609 38.4198
    endloop
  endfacet
  facet normal -0.659449 0.531567 0.531567
    outer loop
      vertex 76.2829 62.7609 37.4408
      vertex 76.6516 65.7609 34.8982
      vertex 76.2829 65.7609 34.4408
    endloop
  endfacet
  facet normal -0.659449 0.531567 0.531567
    outer loop
      vertex 76.6516 65.7609 34.8982
      vertex 76.2829 62.7609 37.4408
      vertex 76.6516 62.7609 37.8982
    endloop
  endfacet
  facet normal 0.98078 -0.137969 -0.137969
    outer loop
      vertex 70.2821 62.7609 42.3405
      vertex 70.3778 65.7609 40.0208
      vertex 70.3778 62.7609 43.0208
    endloop
  endfacet
  facet normal 0.98078 -0.137969 -0.137969
    outer loop
      vertex 70.3778 65.7609 40.0208
      vertex 70.2821 62.7609 42.3405
      vertex 70.2821 65.7609 39.3405
    endloop
  endfacet
  facet normal 0.751792 -0.466277 -0.466256
    outer loop
      vertex 71.0249 63.2032 44.4344
      vertex 71.3484 65.7609 42.3982
      vertex 71.3484 63.464 44.6952
    endloop
  endfacet
  facet normal 0.751729 -0.466317 -0.466317
    outer loop
      vertex 71.3484 65.7609 42.3982
      vertex 71.0249 63.2032 44.4344
      vertex 71.0249 65.7609 41.8767
    endloop
  endfacet
  facet normal 0.831491 0.392825 0.392825
    outer loop
      vertex 71.0249 62.7609 38.4198
      vertex 70.7524 65.7609 35.9966
      vertex 70.7524 62.7609 38.9966
    endloop
  endfacet
  facet normal 0.831491 0.392825 0.392825
    outer loop
      vertex 70.7524 65.7609 35.9966
      vertex 71.0249 62.7609 38.4198
      vertex 71.0249 65.7609 35.4198
    endloop
  endfacet
  facet normal -0.896925 -0.31267 -0.31267
    outer loop
      vertex 77.4645 62.7609 43.6777
      vertex 77.2476 65.7609 41.2999
      vertex 77.4645 65.7609 40.6777
    endloop
  endfacet
  facet normal -0.896925 -0.31267 -0.31267
    outer loop
      vertex 77.2476 65.7609 41.2999
      vertex 77.4645 62.7609 43.6777
      vertex 77.2476 62.9148 44.146
    endloop
  endfacet
  facet normal -0.896925 -0.312673 -0.312668
    outer loop
      vertex 77.2476 62.9148 44.146
      vertex 77.4645 62.7609 43.6777
      vertex 77.3549 62.7609 43.9921
    endloop
  endfacet
  facet normal 0.442298 0.634182 0.634182
    outer loop
      vertex 72.125 65.7609 34.0554
      vertex 72.5649 62.7609 36.7486
      vertex 72.5649 65.7609 33.7486
    endloop
  endfacet
  facet normal 0.442298 0.634182 0.634182
    outer loop
      vertex 72.5649 62.7609 36.7486
      vertex 72.125 65.7609 34.0554
      vertex 72.125 62.7609 37.0554
    endloop
  endfacet
  facet normal -0.946915 -0.227323 -0.227323
    outer loop
      vertex 77.6222 62.7609 43.0208
      vertex 77.4645 65.7609 40.6777
      vertex 77.6222 65.7609 40.0208
    endloop
  endfacet
  facet normal -0.946915 -0.227323 -0.227323
    outer loop
      vertex 77.4645 65.7609 40.6777
      vertex 77.6222 62.7609 43.0208
      vertex 77.4645 62.7609 43.6777
    endloop
  endfacet
  facet normal 0.946915 0.227323 0.227323
    outer loop
      vertex 70.5355 62.7609 39.6187
      vertex 70.3778 65.7609 37.2756
      vertex 70.3778 62.7609 40.2756
    endloop
  endfacet
  facet normal 0.946902 0.227347 0.227355
    outer loop
      vertex 70.3778 65.7609 37.2756
      vertex 70.5355 62.7609 39.6187
      vertex 70.5355 65.7609 36.6188
    endloop
  endfacet
  facet normal 0.896925 -0.31267 -0.31267
    outer loop
      vertex 70.5355 62.7609 43.6777
      vertex 70.7524 65.7609 41.2999
      vertex 70.7524 62.9148 44.146
    endloop
  endfacet
  facet normal 0.896925 -0.312673 -0.312668
    outer loop
      vertex 70.5355 62.7609 43.6777
      vertex 70.7524 62.9148 44.146
      vertex 70.6451 62.7609 43.9921
    endloop
  endfacet
  facet normal 0.896925 -0.31267 -0.31267
    outer loop
      vertex 70.7524 65.7609 41.2999
      vertex 70.5355 62.7609 43.6777
      vertex 70.5355 65.7609 40.6777
    endloop
  endfacet
  facet normal -0.751729 -0.466317 -0.466317
    outer loop
      vertex 76.9751 63.2032 44.4344
      vertex 76.6516 65.7609 42.3982
      vertex 76.9751 65.7609 41.8767
    endloop
  endfacet
  facet normal -0.751792 -0.466277 -0.466256
    outer loop
      vertex 76.6516 65.7609 42.3982
      vertex 76.9751 63.2032 44.4344
      vertex 76.6516 63.464 44.6952
    endloop
  endfacet
  facet normal -0.442298 0.634182 0.634182
    outer loop
      vertex 75.4351 65.7609 33.7486
      vertex 75.875 62.7609 37.0554
      vertex 75.875 65.7609 34.0554
    endloop
  endfacet
  facet normal -0.442298 0.634182 0.634182
    outer loop
      vertex 75.875 62.7609 37.0554
      vertex 75.4351 65.7609 33.7486
      vertex 75.4351 62.7609 36.7486
    endloop
  endfacet
  facet normal -0.555526 0.587959 0.587959
    outer loop
      vertex 75.875 65.7609 34.0554
      vertex 76.2829 62.7609 37.4408
      vertex 76.2829 65.7609 34.4408
    endloop
  endfacet
  facet normal -0.555526 0.587959 0.587959
    outer loop
      vertex 76.2829 62.7609 37.4408
      vertex 75.875 65.7609 34.0554
      vertex 75.875 62.7609 37.0554
    endloop
  endfacet
  facet normal 0.321455 0.669577 0.669577
    outer loop
      vertex 73.0294 62.7609 36.5256
      vertex 72.5649 65.7609 33.7486
      vertex 72.5649 62.7609 36.7486
    endloop
  endfacet
  facet normal 0.321455 0.669577 0.669577
    outer loop
      vertex 72.5649 65.7609 33.7486
      vertex 73.0294 62.7609 36.5256
      vertex 73.0294 65.7609 33.5256
    endloop
  endfacet
  facet normal 0.831491 -0.392825 -0.392825
    outer loop
      vertex 70.7524 62.9148 44.146
      vertex 71.0249 65.7609 41.8767
      vertex 71.0249 63.2032 44.4344
    endloop
  endfacet
  facet normal 0.831491 -0.392825 -0.392825
    outer loop
      vertex 71.0249 65.7609 41.8767
      vertex 70.7524 62.9148 44.146
      vertex 70.7524 65.7609 41.2999
    endloop
  endfacet
  facet normal 7.05243e-14 0.707107 -0.707107
    outer loop
      vertex 77.3549 62.7609 43.9921
      vertex 76.9751 63.2032 44.4344
      vertex 77.2476 62.9148 44.146
    endloop
  endfacet
  facet normal -8.02301e-14 0.707107 -0.707107
    outer loop
      vertex 77.3549 62.7609 43.9921
      vertex 76.6516 63.464 44.6952
      vertex 76.9751 63.2032 44.4344
    endloop
  endfacet
  facet normal 0 0.707107 -0.707107
    outer loop
      vertex 77.3549 62.7609 43.9921
      vertex 76.2829 63.6927 44.9239
      vertex 76.6516 63.464 44.6952
    endloop
  endfacet
  facet normal 0 0.707107 -0.707107
    outer loop
      vertex 77.3549 62.7609 43.9921
      vertex 75.875 63.8854 45.1166
      vertex 76.2829 63.6927 44.9239
    endloop
  endfacet
  facet normal -2.11183e-14 0.707107 -0.707107
    outer loop
      vertex 77.3549 62.7609 43.9921
      vertex 75.4351 64.0388 45.27
      vertex 75.875 63.8854 45.1166
    endloop
  endfacet
  facet normal 1.86164e-14 0.707107 -0.707107
    outer loop
      vertex 77.3549 62.7609 43.9921
      vertex 74.9706 64.1503 45.3815
      vertex 75.4351 64.0388 45.27
    endloop
  endfacet
  facet normal 0.000193724 0.707273 -0.706941
    outer loop
      vertex 77.3549 62.7609 43.9921
      vertex 74.4895 64.218 45.4491
      vertex 74.9706 64.1503 45.3815
    endloop
  endfacet
  facet normal -2.47636e-06 0.70708 -0.707133
    outer loop
      vertex 77.3549 62.7609 43.9921
      vertex 74 64.2407 45.4718
      vertex 74.4895 64.218 45.4491
    endloop
  endfacet
  facet normal 2.00518e-06 0.707085 -0.707128
    outer loop
      vertex 77.3549 62.7609 43.9921
      vertex 73.5105 64.218 45.4491
      vertex 74 64.2407 45.4718
    endloop
  endfacet
  facet normal 0 0.707083 -0.707131
    outer loop
      vertex 70.6451 62.7609 43.9921
      vertex 73.5105 64.218 45.4491
      vertex 77.3549 62.7609 43.9921
    endloop
  endfacet
  facet normal -0.000193724 0.707273 -0.706941
    outer loop
      vertex 73.5105 64.218 45.4491
      vertex 70.6451 62.7609 43.9921
      vertex 73.0294 64.1503 45.3815
    endloop
  endfacet
  facet normal -1.84095e-14 0.707107 -0.707107
    outer loop
      vertex 73.0294 64.1503 45.3815
      vertex 70.6451 62.7609 43.9921
      vertex 72.5649 64.0388 45.27
    endloop
  endfacet
  facet normal 2.1045e-14 0.707107 -0.707107
    outer loop
      vertex 72.5649 64.0388 45.27
      vertex 70.6451 62.7609 43.9921
      vertex 72.125 63.8854 45.1166
    endloop
  endfacet
  facet normal 0 0.707107 -0.707107
    outer loop
      vertex 72.125 63.8854 45.1166
      vertex 70.6451 62.7609 43.9921
      vertex 71.7171 63.6927 44.9239
    endloop
  endfacet
  facet normal 0 0.707107 -0.707107
    outer loop
      vertex 71.7171 63.6927 44.9239
      vertex 70.6451 62.7609 43.9921
      vertex 71.3484 63.464 44.6952
    endloop
  endfacet
  facet normal 8.02301e-14 0.707107 -0.707107
    outer loop
      vertex 71.3484 63.464 44.6952
      vertex 70.6451 62.7609 43.9921
      vertex 71.0249 63.2032 44.4344
    endloop
  endfacet
  facet normal -6.96316e-14 0.707107 -0.707107
    outer loop
      vertex 71.0249 63.2032 44.4344
      vertex 70.6451 62.7609 43.9921
      vertex 70.7524 62.9148 44.146
    endloop
  endfacet
  facet normal 0.195041 -0.693527 -0.693527
    outer loop
      vertex 73.0294 64.1503 45.3815
      vertex 73.5105 65.7609 43.9062
      vertex 73.5105 64.218 45.4491
    endloop
  endfacet
  facet normal 0.195174 -0.69353 -0.693487
    outer loop
      vertex 73.5105 65.7609 43.9062
      vertex 73.0294 64.1503 45.3815
      vertex 73.0294 65.7609 43.7708
    endloop
  endfacet
  facet normal 0.8969 0.312701 0.312711
    outer loop
      vertex 70.7524 62.7609 38.9966
      vertex 70.5355 65.7609 36.6188
      vertex 70.5355 62.7609 39.6187
    endloop
  endfacet
  facet normal 0.896925 0.31267 0.31267
    outer loop
      vertex 70.5355 65.7609 36.6188
      vertex 70.7524 62.7609 38.9966
      vertex 70.7524 65.7609 35.9966
    endloop
  endfacet
  facet normal 0.195041 0.693527 0.693527
    outer loop
      vertex 73.5105 62.7609 36.3903
      vertex 73.0294 65.7609 33.5256
      vertex 73.0294 62.7609 36.5256
    endloop
  endfacet
  facet normal 0.195041 0.693527 0.693527
    outer loop
      vertex 73.0294 65.7609 33.5256
      vertex 73.5105 62.7609 36.3903
      vertex 73.5105 65.7609 33.3903
    endloop
  endfacet
  facet normal -0.831491 -0.392825 -0.392825
    outer loop
      vertex 77.2476 62.9148 44.146
      vertex 76.9751 65.7609 41.8767
      vertex 77.2476 65.7609 41.2999
    endloop
  endfacet
  facet normal -0.831491 -0.392825 -0.392825
    outer loop
      vertex 76.9751 65.7609 41.8767
      vertex 77.2476 62.9148 44.146
      vertex 76.9751 63.2032 44.4344
    endloop
  endfacet
  facet normal -0.0654419 -0.705591 -0.705591
    outer loop
      vertex 74 64.2407 45.4718
      vertex 74.4895 65.7609 43.9062
      vertex 74.4895 64.218 45.4491
    endloop
  endfacet
  facet normal -0.0652963 -0.705621 -0.705575
    outer loop
      vertex 74.4895 65.7609 43.9062
      vertex 74 64.2407 45.4718
      vertex 74 65.7609 43.9515
    endloop
  endfacet
  facet normal -0.0654419 0.705591 0.705591
    outer loop
      vertex 74.4895 65.7609 33.3903
      vertex 74 62.7609 36.3449
      vertex 74.4895 62.7609 36.3903
    endloop
  endfacet
  facet normal -0.0654419 0.705591 0.705591
    outer loop
      vertex 74 62.7609 36.3449
      vertex 74.4895 65.7609 33.3903
      vertex 74 65.7609 33.3449
    endloop
  endfacet
  facet normal 0.555526 0.587959 0.587959
    outer loop
      vertex 71.7171 65.7609 34.4408
      vertex 72.125 62.7609 37.0554
      vertex 72.125 65.7609 34.0554
    endloop
  endfacet
  facet normal 0.555526 0.587959 0.587959
    outer loop
      vertex 72.125 62.7609 37.0554
      vertex 71.7171 65.7609 34.4408
      vertex 71.7171 62.7609 37.4408
    endloop
  endfacet
  facet normal 0.659449 0.531567 0.531567
    outer loop
      vertex 71.7171 62.7609 37.4408
      vertex 71.3484 65.7609 34.8982
      vertex 71.3484 62.7609 37.8982
    endloop
  endfacet
  facet normal 0.659449 0.531567 0.531567
    outer loop
      vertex 71.3484 65.7609 34.8982
      vertex 71.7171 62.7609 37.4408
      vertex 71.7171 65.7609 34.4408
    endloop
  endfacet
  facet normal -0.195041 0.693527 0.693527
    outer loop
      vertex 74.9706 65.7609 33.5256
      vertex 74.4895 62.7609 36.3903
      vertex 74.9706 62.7609 36.5256
    endloop
  endfacet
  facet normal -0.195041 0.693527 0.693527
    outer loop
      vertex 74.4895 62.7609 36.3903
      vertex 74.9706 65.7609 33.5256
      vertex 74.4895 65.7609 33.3903
    endloop
  endfacet
  facet normal 0.0654419 -0.705591 -0.705591
    outer loop
      vertex 73.5105 65.7609 43.9062
      vertex 74 64.2407 45.4718
      vertex 73.5105 64.218 45.4491
    endloop
  endfacet
  facet normal 0.0652963 -0.705621 -0.705575
    outer loop
      vertex 74 64.2407 45.4718
      vertex 73.5105 65.7609 43.9062
      vertex 74 65.7609 43.9515
    endloop
  endfacet
  facet normal 0.555517 0.587978 0.587948
    outer loop
      vertex 71.7171 24.8371 6.06823
      vertex 72.125 25.6274 4.89249
      vertex 71.7171 25.6274 5.27789
    endloop
  endfacet
  facet normal 0.555526 0.58797 0.587947
    outer loop
      vertex 72.125 25.6274 4.89249
      vertex 71.7171 24.8371 6.06823
      vertex 72.125 24.6444 5.87553
    endloop
  endfacet
  facet normal 0.555526 0.58796 0.587957
    outer loop
      vertex 71.7171 27.9053 3
      vertex 72.125 29.6274 0.892489
      vertex 71.7171 29.6274 1.27789
    endloop
  endfacet
  facet normal 0.555527 0.58796 0.587957
    outer loop
      vertex 72.125 29.6274 0.892489
      vertex 71.7171 27.9053 3
      vertex 72.125 27.5199 3
    endloop
  endfacet
  facet normal 0.897018 0.312287 0.312788
    outer loop
      vertex 70.7524 25.6149 6.84611
      vertex 70.7524 25.6274 6.83363
      vertex 70.7437 25.6274 6.85858
    endloop
  endfacet
  facet normal 0.896932 0.312632 0.312689
    outer loop
      vertex 70.7524 29.461 3
      vertex 70.7524 29.6274 2.83363
      vertex 70.6944 29.6274 3
    endloop
  endfacet
  facet normal 0.659449 0.531591 0.531543
    outer loop
      vertex 71.7171 24.8371 6.06823
      vertex 71.3484 25.6274 5.73528
      vertex 71.3484 25.0658 6.29693
    endloop
  endfacet
  facet normal 0.659431 0.531591 0.531565
    outer loop
      vertex 71.3484 25.6274 5.73528
      vertex 71.7171 24.8371 6.06823
      vertex 71.7171 25.6274 5.27789
    endloop
  endfacet
  facet normal 0.659438 0.531578 0.53157
    outer loop
      vertex 71.3484 28.3627 3
      vertex 71.7171 29.6274 1.27789
      vertex 71.3484 29.6274 1.73528
    endloop
  endfacet
  facet normal 0.65945 0.531568 0.531565
    outer loop
      vertex 71.7171 29.6274 1.27789
      vertex 71.3484 28.3627 3
      vertex 71.7171 27.9053 3
    endloop
  endfacet
  facet normal -0.442298 0.634194 0.634169
    outer loop
      vertex 75.875 25.6274 4.89249
      vertex 75.4351 24.491 5.72213
      vertex 75.875 24.6444 5.87553
    endloop
  endfacet
  facet normal -0.442312 0.634193 0.63416
    outer loop
      vertex 75.4351 24.491 5.72213
      vertex 75.875 25.6274 4.89249
      vertex 75.4351 25.6274 4.58567
    endloop
  endfacet
  facet normal -0.442318 0.634176 0.634173
    outer loop
      vertex 75.4351 29.6274 0.585671
      vertex 75.875 27.5199 3
      vertex 75.875 29.6274 0.892489
    endloop
  endfacet
  facet normal -0.4423 0.634185 0.634177
    outer loop
      vertex 75.875 27.5199 3
      vertex 75.4351 29.6274 0.585671
      vertex 75.4351 27.2131 3
    endloop
  endfacet
  facet normal -0.897018 0.312287 0.312788
    outer loop
      vertex 77.2563 25.6274 6.85858
      vertex 77.2476 25.6274 6.83363
      vertex 77.2476 25.6149 6.84611
    endloop
  endfacet
  facet normal -0.896932 0.312632 0.312689
    outer loop
      vertex 77.3056 29.6274 3
      vertex 77.2476 29.6274 2.83363
      vertex 77.2476 29.461 3
    endloop
  endfacet
  facet normal 0.751717 0.466304 0.46635
    outer loop
      vertex 71.3484 25.0658 6.29693
      vertex 71.0249 25.6274 6.25684
      vertex 71.0249 25.3265 6.55771
    endloop
  endfacet
  facet normal 0.751752 0.466319 0.466278
    outer loop
      vertex 71.0249 25.6274 6.25684
      vertex 71.3484 25.0658 6.29693
      vertex 71.3484 25.6274 5.73528
    endloop
  endfacet
  facet normal 0.751754 0.466316 0.466279
    outer loop
      vertex 71.0249 28.8843 3
      vertex 71.3484 29.6274 1.73528
      vertex 71.0249 29.6274 2.25684
    endloop
  endfacet
  facet normal 0.751794 0.466268 0.466261
    outer loop
      vertex 71.3484 29.6274 1.73528
      vertex 71.0249 28.8843 3
      vertex 71.3484 28.3627 3
    endloop
  endfacet
  facet normal -0.751752 0.466319 0.466278
    outer loop
      vertex 76.6516 25.0658 6.29693
      vertex 76.9751 25.6274 6.25684
      vertex 76.6516 25.6274 5.73528
    endloop
  endfacet
  facet normal -0.751717 0.466304 0.46635
    outer loop
      vertex 76.9751 25.6274 6.25684
      vertex 76.6516 25.0658 6.29693
      vertex 76.9751 25.3265 6.55771
    endloop
  endfacet
  facet normal -0.751754 0.466316 0.466279
    outer loop
      vertex 76.6516 29.6274 1.73528
      vertex 76.9751 28.8843 3
      vertex 76.9751 29.6274 2.25684
    endloop
  endfacet
  facet normal -0.751794 0.466268 0.466261
    outer loop
      vertex 76.9751 28.8843 3
      vertex 76.6516 29.6274 1.73528
      vertex 76.6516 28.3627 3
    endloop
  endfacet
  facet normal -0.659431 0.531591 0.531565
    outer loop
      vertex 76.2829 24.8371 6.06823
      vertex 76.6516 25.6274 5.73528
      vertex 76.2829 25.6274 5.27789
    endloop
  endfacet
  facet normal -0.659449 0.531591 0.531543
    outer loop
      vertex 76.6516 25.6274 5.73528
      vertex 76.2829 24.8371 6.06823
      vertex 76.6516 25.0658 6.29693
    endloop
  endfacet
  facet normal -0.659438 0.531578 0.53157
    outer loop
      vertex 76.2829 29.6274 1.27789
      vertex 76.6516 28.3627 3
      vertex 76.6516 29.6274 1.73528
    endloop
  endfacet
  facet normal -0.65945 0.531568 0.531565
    outer loop
      vertex 76.6516 28.3627 3
      vertex 76.2829 29.6274 1.27789
      vertex 76.2829 27.9053 3
    endloop
  endfacet
  facet normal -0.321455 0.669595 0.669559
    outer loop
      vertex 75.4351 25.6274 4.58567
      vertex 74.9706 24.3795 5.61063
      vertex 75.4351 24.491 5.72213
    endloop
  endfacet
  facet normal -0.321424 0.669595 0.669574
    outer loop
      vertex 74.9706 24.3795 5.61063
      vertex 75.4351 25.6274 4.58567
      vertex 74.9706 25.6274 4.36269
    endloop
  endfacet
  facet normal -0.321456 0.669581 0.669573
    outer loop
      vertex 75.4351 29.6274 0.585671
      vertex 74.9706 26.9901 3
      vertex 75.4351 27.2131 3
    endloop
  endfacet
  facet normal -0.321432 0.669584 0.669581
    outer loop
      vertex 74.9706 26.9901 3
      vertex 75.4351 29.6274 0.585671
      vertex 74.9706 29.6274 0.362688
    endloop
  endfacet
  facet normal 0.195124 0.693526 0.693504
    outer loop
      vertex 73.5105 24.3118 5.54297
      vertex 73.0294 25.6274 4.36269
      vertex 73.0294 24.3795 5.61063
    endloop
  endfacet
  facet normal 0.195095 0.693525 0.693514
    outer loop
      vertex 73.0294 25.6274 4.36269
      vertex 73.5105 24.3118 5.54297
      vertex 73.5105 25.6274 4.22735
    endloop
  endfacet
  facet normal 0.19509 0.693521 0.693518
    outer loop
      vertex 73.0294 26.9901 3
      vertex 73.5105 29.6274 0.227352
      vertex 73.0294 29.6274 0.362688
    endloop
  endfacet
  facet normal 0.195043 0.693533 0.693521
    outer loop
      vertex 73.5105 29.6274 0.227352
      vertex 73.0294 26.9901 3
      vertex 73.5105 26.8548 3
    endloop
  endfacet
  facet normal -0.831499 0.392796 0.392836
    outer loop
      vertex 76.9751 25.3265 6.55771
      vertex 77.2476 25.6274 6.83363
      vertex 76.9751 25.6274 6.25684
    endloop
  endfacet
  facet normal -0.831491 0.39251 0.393139
    outer loop
      vertex 77.2476 25.6274 6.83363
      vertex 76.9751 25.3265 6.55771
      vertex 77.2476 25.6149 6.84611
    endloop
  endfacet
  facet normal -0.83151 0.39277 0.39284
    outer loop
      vertex 76.9751 29.6274 2.25684
      vertex 77.2476 29.461 3
      vertex 77.2476 29.6274 2.83363
    endloop
  endfacet
  facet normal -0.831457 0.392877 0.392845
    outer loop
      vertex 77.2476 29.461 3
      vertex 76.9751 29.6274 2.25684
      vertex 76.9751 28.8843 3
    endloop
  endfacet
  facet normal 0.321455 0.669595 0.669559
    outer loop
      vertex 73.0294 24.3795 5.61063
      vertex 72.5649 25.6274 4.58567
      vertex 72.5649 24.491 5.72213
    endloop
  endfacet
  facet normal 0.321424 0.669595 0.669574
    outer loop
      vertex 72.5649 25.6274 4.58567
      vertex 73.0294 24.3795 5.61063
      vertex 73.0294 25.6274 4.36269
    endloop
  endfacet
  facet normal 0.321456 0.669581 0.669573
    outer loop
      vertex 73.0294 26.9901 3
      vertex 72.5649 29.6274 0.585671
      vertex 72.5649 27.2131 3
    endloop
  endfacet
  facet normal 0.321432 0.669584 0.669581
    outer loop
      vertex 72.5649 29.6274 0.585671
      vertex 73.0294 26.9901 3
      vertex 73.0294 29.6274 0.362688
    endloop
  endfacet
  facet normal -0.555517 0.587978 0.587948
    outer loop
      vertex 75.875 25.6274 4.89249
      vertex 76.2829 24.8371 6.06823
      vertex 76.2829 25.6274 5.27789
    endloop
  endfacet
  facet normal -0.555526 0.58797 0.587947
    outer loop
      vertex 76.2829 24.8371 6.06823
      vertex 75.875 25.6274 4.89249
      vertex 75.875 24.6444 5.87553
    endloop
  endfacet
  facet normal -0.555526 0.58796 0.587957
    outer loop
      vertex 75.875 29.6274 0.892489
      vertex 76.2829 27.9053 3
      vertex 76.2829 29.6274 1.27789
    endloop
  endfacet
  facet normal -0.555527 0.58796 0.587957
    outer loop
      vertex 76.2829 27.9053 3
      vertex 75.875 29.6274 0.892489
      vertex 75.875 27.5199 3
    endloop
  endfacet
  facet normal -0.195124 0.693526 0.693504
    outer loop
      vertex 74.9706 25.6274 4.36269
      vertex 74.4895 24.3118 5.54297
      vertex 74.9706 24.3795 5.61063
    endloop
  endfacet
  facet normal -0.195095 0.693525 0.693514
    outer loop
      vertex 74.4895 24.3118 5.54297
      vertex 74.9706 25.6274 4.36269
      vertex 74.4895 25.6274 4.22735
    endloop
  endfacet
  facet normal -0.19509 0.693521 0.693518
    outer loop
      vertex 74.4895 29.6274 0.227352
      vertex 74.9706 26.9901 3
      vertex 74.9706 29.6274 0.362688
    endloop
  endfacet
  facet normal -0.195043 0.693533 0.693521
    outer loop
      vertex 74.9706 26.9901 3
      vertex 74.4895 29.6274 0.227352
      vertex 74.4895 26.8548 3
    endloop
  endfacet
  facet normal 0.442298 0.634194 0.634169
    outer loop
      vertex 72.5649 24.491 5.72213
      vertex 72.125 25.6274 4.89249
      vertex 72.125 24.6444 5.87553
    endloop
  endfacet
  facet normal 0.442312 0.634193 0.63416
    outer loop
      vertex 72.125 25.6274 4.89249
      vertex 72.5649 24.491 5.72213
      vertex 72.5649 25.6274 4.58567
    endloop
  endfacet
  facet normal 0.442318 0.634176 0.634173
    outer loop
      vertex 72.125 27.5199 3
      vertex 72.5649 29.6274 0.585671
      vertex 72.125 29.6274 0.892489
    endloop
  endfacet
  facet normal 0.4423 0.634185 0.634177
    outer loop
      vertex 72.5649 29.6274 0.585671
      vertex 72.125 27.5199 3
      vertex 72.5649 27.2131 3
    endloop
  endfacet
  facet normal 0.0654276 0.705597 0.705586
    outer loop
      vertex 74 24.2891 5.52028
      vertex 73.5105 25.6274 4.22735
      vertex 73.5105 24.3118 5.54297
    endloop
  endfacet
  facet normal 0.0653989 0.705593 0.705593
    outer loop
      vertex 73.5105 25.6274 4.22735
      vertex 74 24.2891 5.52028
      vertex 74 25.6274 4.18198
    endloop
  endfacet
  facet normal 0.0653998 0.705599 0.705587
    outer loop
      vertex 73.5105 26.8548 3
      vertex 74 29.6274 0.181981
      vertex 73.5105 29.6274 0.227352
    endloop
  endfacet
  facet normal 0.0654422 0.705593 0.705589
    outer loop
      vertex 74 29.6274 0.181981
      vertex 73.5105 26.8548 3
      vertex 74 26.8094 3
    endloop
  endfacet
  facet normal -0.0654276 0.705597 0.705586
    outer loop
      vertex 74.4895 25.6274 4.22735
      vertex 74 24.2891 5.52028
      vertex 74.4895 24.3118 5.54297
    endloop
  endfacet
  facet normal -0.0653989 0.705593 0.705593
    outer loop
      vertex 74 24.2891 5.52028
      vertex 74.4895 25.6274 4.22735
      vertex 74 25.6274 4.18198
    endloop
  endfacet
  facet normal -0.0653998 0.705599 0.705587
    outer loop
      vertex 74 29.6274 0.181981
      vertex 74.4895 26.8548 3
      vertex 74.4895 29.6274 0.227352
    endloop
  endfacet
  facet normal -0.0654422 0.705593 0.705589
    outer loop
      vertex 74.4895 26.8548 3
      vertex 74 29.6274 0.181981
      vertex 74 26.8094 3
    endloop
  endfacet
  facet normal 0.00685007 0.703847 -0.710319
    outer loop
      vertex 76.9751 25.3265 6.55771
      vertex 77.2563 25.6274 6.85858
      vertex 77.2476 25.6149 6.84611
    endloop
  endfacet
  facet normal 0 0.707109 -0.707104
    outer loop
      vertex 77.2563 25.6274 6.85858
      vertex 74.4895 24.3118 5.54297
      vertex 70.7437 25.6274 6.85858
    endloop
  endfacet
  facet normal 0.000939022 0.706632 -0.70758
    outer loop
      vertex 77.2563 25.6274 6.85858
      vertex 76.9751 25.3265 6.55771
      vertex 76.6516 25.0658 6.29693
    endloop
  endfacet
  facet normal -1.29811e-05 0.707091 -0.707123
    outer loop
      vertex 74 24.2891 5.52028
      vertex 70.7437 25.6274 6.85858
      vertex 74.4895 24.3118 5.54297
    endloop
  endfacet
  facet normal -0.000117566 0.707202 -0.707012
    outer loop
      vertex 77.2563 25.6274 6.85858
      vertex 76.6516 25.0658 6.29693
      vertex 76.2829 24.8371 6.06823
    endloop
  endfacet
  facet normal 1.62823e-05 0.707127 -0.707087
    outer loop
      vertex 73.5105 24.3118 5.54297
      vertex 70.7437 25.6274 6.85858
      vertex 74 24.2891 5.52028
    endloop
  endfacet
  facet normal -5.05416e-05 0.70716 -0.707053
    outer loop
      vertex 77.2563 25.6274 6.85858
      vertex 76.2829 24.8371 6.06823
      vertex 75.875 24.6444 5.87553
    endloop
  endfacet
  facet normal -8.45662e-05 0.707198 -0.707015
    outer loop
      vertex 77.2563 25.6274 6.85858
      vertex 74.9706 24.3795 5.61063
      vertex 74.4895 24.3118 5.54297
    endloop
  endfacet
  facet normal -2.45918e-05 0.707142 -0.707072
    outer loop
      vertex 77.2563 25.6274 6.85858
      vertex 75.875 24.6444 5.87553
      vertex 75.4351 24.491 5.72213
    endloop
  endfacet
  facet normal -1.21369e-05 0.707132 -0.707082
    outer loop
      vertex 77.2563 25.6274 6.85858
      vertex 75.4351 24.491 5.72213
      vertex 74.9706 24.3795 5.61063
    endloop
  endfacet
  facet normal 8.45662e-05 0.707198 -0.707015
    outer loop
      vertex 73.0294 24.3795 5.61063
      vertex 70.7437 25.6274 6.85858
      vertex 73.5105 24.3118 5.54297
    endloop
  endfacet
  facet normal -0.000939022 0.706632 -0.70758
    outer loop
      vertex 71.0249 25.3265 6.55771
      vertex 70.7437 25.6274 6.85858
      vertex 71.3484 25.0658 6.29693
    endloop
  endfacet
  facet normal 0.000117566 0.707202 -0.707012
    outer loop
      vertex 71.3484 25.0658 6.29693
      vertex 70.7437 25.6274 6.85858
      vertex 71.7171 24.8371 6.06823
    endloop
  endfacet
  facet normal -0.00685007 0.703847 -0.710319
    outer loop
      vertex 70.7437 25.6274 6.85858
      vertex 71.0249 25.3265 6.55771
      vertex 70.7524 25.6149 6.84611
    endloop
  endfacet
  facet normal 2.45918e-05 0.707142 -0.707072
    outer loop
      vertex 72.125 24.6444 5.87553
      vertex 70.7437 25.6274 6.85858
      vertex 72.5649 24.491 5.72213
    endloop
  endfacet
  facet normal 5.05416e-05 0.70716 -0.707053
    outer loop
      vertex 71.7171 24.8371 6.06823
      vertex 70.7437 25.6274 6.85858
      vertex 72.125 24.6444 5.87553
    endloop
  endfacet
  facet normal 1.21369e-05 0.707132 -0.707082
    outer loop
      vertex 72.5649 24.491 5.72213
      vertex 70.7437 25.6274 6.85858
      vertex 73.0294 24.3795 5.61063
    endloop
  endfacet
  facet normal 0.831491 0.39251 0.393139
    outer loop
      vertex 71.0249 25.3265 6.55771
      vertex 70.7524 25.6274 6.83363
      vertex 70.7524 25.6149 6.84611
    endloop
  endfacet
  facet normal 0.831499 0.392796 0.392836
    outer loop
      vertex 70.7524 25.6274 6.83363
      vertex 71.0249 25.3265 6.55771
      vertex 71.0249 25.6274 6.25684
    endloop
  endfacet
  facet normal 0.83151 0.39277 0.39284
    outer loop
      vertex 70.7524 29.461 3
      vertex 71.0249 29.6274 2.25684
      vertex 70.7524 29.6274 2.83363
    endloop
  endfacet
  facet normal 0.831457 0.392877 0.392845
    outer loop
      vertex 71.0249 29.6274 2.25684
      vertex 70.7524 29.461 3
      vertex 71.0249 28.8843 3
    endloop
  endfacet
  facet normal -0.980668 0.138369 0.138366
    outer loop
      vertex 101.622 60.9027 42.1339
      vertex 101.718 65.7609 37.956
      vertex 101.622 65.7609 37.2756
    endloop
  endfacet
  facet normal -0.980668 0.138367 0.138364
    outer loop
      vertex 101.718 65.7609 37.956
      vertex 101.622 60.9027 42.1339
      vertex 101.718 61.2429 42.4741
    endloop
  endfacet
  facet normal -0.99787 0.0461319 0.0461309
    outer loop
      vertex 101.718 61.2429 42.4741
      vertex 101.75 65.7609 38.6482
      vertex 101.718 65.7609 37.956
    endloop
  endfacet
  facet normal -0.99787 0.0461315 0.0461304
    outer loop
      vertex 101.75 65.7609 38.6482
      vertex 101.718 61.2429 42.4741
      vertex 101.75 61.589 42.8202
    endloop
  endfacet
  facet normal -0.947334 0.226449 0.226449
    outer loop
      vertex 101.465 60.5743 41.8054
      vertex 101.622 65.7609 37.2756
      vertex 101.465 65.7609 36.6188
    endloop
  endfacet
  facet normal -0.947349 0.22642 0.226415
    outer loop
      vertex 101.622 65.7609 37.2756
      vertex 101.465 60.5743 41.8054
      vertex 101.622 60.9027 42.1339
    endloop
  endfacet
  facet normal -0.321455 0.669577 0.669577
    outer loop
      vertex 99.4351 65.7609 33.7486
      vertex 98.9706 62.7609 36.5256
      vertex 99.4351 62.7609 36.7486
    endloop
  endfacet
  facet normal -0.321455 0.669577 0.669577
    outer loop
      vertex 98.9706 62.7609 36.5256
      vertex 99.4351 65.7609 33.7486
      vertex 98.9706 65.7609 33.5256
    endloop
  endfacet
  facet normal -0.659138 -0.531772 -0.531749
    outer loop
      vertex 100.652 63.464 44.6952
      vertex 100.283 65.7609 42.8556
      vertex 100.652 65.7609 42.3982
    endloop
  endfacet
  facet normal -0.659146 -0.531768 -0.531742
    outer loop
      vertex 100.283 65.7609 42.8556
      vertex 100.652 63.464 44.6952
      vertex 100.283 63.6927 44.9239
    endloop
  endfacet
  facet normal 0.321455 -0.669577 -0.669577
    outer loop
      vertex 96.5649 65.7609 43.5479
      vertex 97.0294 64.1503 45.3815
      vertex 96.5649 64.0388 45.27
    endloop
  endfacet
  facet normal 0.321316 -0.669631 -0.669589
    outer loop
      vertex 97.0294 64.1503 45.3815
      vertex 96.5649 65.7609 43.5479
      vertex 97.0294 65.7609 43.7708
    endloop
  endfacet
  facet normal 0.0654419 0.705591 0.705591
    outer loop
      vertex 98 62.7609 36.3449
      vertex 97.5105 65.7609 33.3903
      vertex 97.5105 62.7609 36.3903
    endloop
  endfacet
  facet normal 0.0654419 0.705591 0.705591
    outer loop
      vertex 97.5105 65.7609 33.3903
      vertex 98 62.7609 36.3449
      vertex 98 65.7609 33.3449
    endloop
  endfacet
  facet normal -0.555432 -0.588019 -0.587987
    outer loop
      vertex 99.875 65.7609 43.241
      vertex 100.283 63.6927 44.9239
      vertex 99.875 63.8854 45.1166
    endloop
  endfacet
  facet normal -0.555423 -0.588022 -0.587993
    outer loop
      vertex 100.283 63.6927 44.9239
      vertex 99.875 65.7609 43.241
      vertex 100.283 65.7609 42.8556
    endloop
  endfacet
  facet normal -0.896845 0.312786 0.312786
    outer loop
      vertex 101.248 60.2632 41.4943
      vertex 101.465 65.7609 36.6188
      vertex 101.248 65.7609 35.9966
    endloop
  endfacet
  facet normal -0.896845 0.312786 0.312786
    outer loop
      vertex 101.465 65.7609 36.6188
      vertex 101.248 60.2632 41.4943
      vertex 101.465 60.5743 41.8054
    endloop
  endfacet
  facet normal -0.321455 -0.669577 -0.669577
    outer loop
      vertex 98.9706 64.1503 45.3815
      vertex 99.4351 65.7609 43.5479
      vertex 99.4351 64.0388 45.27
    endloop
  endfacet
  facet normal -0.321316 -0.669631 -0.669589
    outer loop
      vertex 99.4351 65.7609 43.5479
      vertex 98.9706 64.1503 45.3815
      vertex 98.9706 65.7609 43.7708
    endloop
  endfacet
  facet normal 0.659449 0.531567 0.531567
    outer loop
      vertex 95.7171 62.7609 37.4408
      vertex 95.3484 65.7609 34.8982
      vertex 95.3484 62.7609 37.8982
    endloop
  endfacet
  facet normal 0.659449 0.531567 0.531567
    outer loop
      vertex 95.3484 65.7609 34.8982
      vertex 95.7171 62.7609 37.4408
      vertex 95.7171 65.7609 34.4408
    endloop
  endfacet
  facet normal 0.980785 0.13795 0.13795
    outer loop
      vertex 94.3778 62.7609 40.2756
      vertex 94.2821 65.7609 37.956
      vertex 94.2821 62.7609 40.956
    endloop
  endfacet
  facet normal 0.980785 0.13795 0.13795
    outer loop
      vertex 94.2821 65.7609 37.956
      vertex 94.3778 62.7609 40.2756
      vertex 94.3778 65.7609 37.2756
    endloop
  endfacet
  facet normal 0.751792 0.466267 0.466267
    outer loop
      vertex 95.3484 62.7609 37.8982
      vertex 95.0249 65.7609 35.4198
      vertex 95.0249 62.7609 38.4198
    endloop
  endfacet
  facet normal 0.751792 0.466267 0.466267
    outer loop
      vertex 95.0249 65.7609 35.4198
      vertex 95.3484 62.7609 37.8982
      vertex 95.3484 65.7609 34.8982
    endloop
  endfacet
  facet normal 0.555526 -0.587974 -0.587943
    outer loop
      vertex 95.7171 63.6927 44.9239
      vertex 96.125 65.7609 43.241
      vertex 96.125 63.8854 45.1166
    endloop
  endfacet
  facet normal 0.555517 -0.587977 -0.587949
    outer loop
      vertex 96.125 65.7609 43.241
      vertex 95.7171 63.6927 44.9239
      vertex 95.7171 65.7609 42.8556
    endloop
  endfacet
  facet normal -0.980663 -0.138385 -0.138385
    outer loop
      vertex 101.718 61.9351 43.1663
      vertex 101.622 65.7609 40.0208
      vertex 101.718 65.7609 39.3405
    endloop
  endfacet
  facet normal -0.980668 -0.138368 -0.138364
    outer loop
      vertex 101.622 65.7609 40.0208
      vertex 101.718 61.9351 43.1663
      vertex 101.622 62.2753 43.5065
    endloop
  endfacet
  facet normal 0.195041 -0.693527 -0.693527
    outer loop
      vertex 97.0294 64.1503 45.3815
      vertex 97.5105 65.7609 43.9062
      vertex 97.5105 64.218 45.4491
    endloop
  endfacet
  facet normal 0.195174 -0.69353 -0.693487
    outer loop
      vertex 97.5105 65.7609 43.9062
      vertex 97.0294 64.1503 45.3815
      vertex 97.0294 65.7609 43.7708
    endloop
  endfacet
  facet normal 0.442298 -0.634182 -0.634182
    outer loop
      vertex 96.125 63.8854 45.1166
      vertex 96.5649 65.7609 43.5479
      vertex 96.5649 64.0388 45.27
    endloop
  endfacet
  facet normal 0.442404 -0.634161 -0.634128
    outer loop
      vertex 96.5649 65.7609 43.5479
      vertex 96.125 63.8854 45.1166
      vertex 96.125 65.7609 43.241
    endloop
  endfacet
  facet normal 0.946915 -0.227323 -0.227323
    outer loop
      vertex 94.3778 62.7609 43.0208
      vertex 94.5355 65.7609 40.6777
      vertex 94.5355 62.7609 43.6777
    endloop
  endfacet
  facet normal 0.946915 -0.227323 -0.227323
    outer loop
      vertex 94.5355 65.7609 40.6777
      vertex 94.3778 62.7609 43.0208
      vertex 94.3778 65.7609 40.0208
    endloop
  endfacet
  facet normal 0.659449 -0.53158 -0.531554
    outer loop
      vertex 95.3484 63.464 44.6952
      vertex 95.7171 65.7609 42.8556
      vertex 95.7171 63.6927 44.9239
    endloop
  endfacet
  facet normal 0.659441 -0.531584 -0.531561
    outer loop
      vertex 95.7171 65.7609 42.8556
      vertex 95.3484 63.464 44.6952
      vertex 95.3484 65.7609 42.3982
    endloop
  endfacet
  facet normal -0.442298 -0.634198 -0.634165
    outer loop
      vertex 99.4351 64.0388 45.27
      vertex 99.875 65.7609 43.241
      vertex 99.875 63.8854 45.1166
    endloop
  endfacet
  facet normal -0.442414 -0.634141 -0.634141
    outer loop
      vertex 99.875 65.7609 43.241
      vertex 99.4351 64.0388 45.27
      vertex 99.4351 65.7609 43.5479
    endloop
  endfacet
  facet normal -0.99787 -0.0461254 -0.0461243
    outer loop
      vertex 101.75 61.589 42.8202
      vertex 101.718 65.7609 39.3405
      vertex 101.75 65.7609 38.6482
    endloop
  endfacet
  facet normal -0.99787 -0.0461309 -0.0461309
    outer loop
      vertex 101.718 65.7609 39.3405
      vertex 101.75 61.589 42.8202
      vertex 101.718 61.9351 43.1663
    endloop
  endfacet
  facet normal -0.195041 -0.693527 -0.693527
    outer loop
      vertex 98.4895 65.7609 43.9062
      vertex 98.9706 64.1503 45.3815
      vertex 98.4895 64.218 45.4491
    endloop
  endfacet
  facet normal -0.195174 -0.69353 -0.693487
    outer loop
      vertex 98.9706 64.1503 45.3815
      vertex 98.4895 65.7609 43.9062
      vertex 98.9706 65.7609 43.7708
    endloop
  endfacet
  facet normal 0.997857 -0.0462678 -0.0462678
    outer loop
      vertex 94.25 62.7609 41.6482
      vertex 94.2821 65.7609 39.3405
      vertex 94.2821 62.7609 42.3405
    endloop
  endfacet
  facet normal 0.997857 -0.0462678 -0.0462678
    outer loop
      vertex 94.2821 65.7609 39.3405
      vertex 94.25 62.7609 41.6482
      vertex 94.25 65.7609 38.6482
    endloop
  endfacet
  facet normal -0.83102 0.393323 0.393323
    outer loop
      vertex 100.975 62.7609 38.4198
      vertex 101.248 65.7609 35.9966
      vertex 100.975 65.7609 35.4198
    endloop
  endfacet
  facet normal -0.830489 0.393797 0.39397
    outer loop
      vertex 101 62.7609 38.4725
      vertex 101.248 65.7609 35.9966
      vertex 100.975 62.7609 38.4198
    endloop
  endfacet
  facet normal -0.831079 0.39326 0.39326
    outer loop
      vertex 101 62.7609 38.4725
      vertex 101.248 60.2632 41.4943
      vertex 101.248 65.7609 35.9966
    endloop
  endfacet
  facet normal -0.83103 0.393319 0.393305
    outer loop
      vertex 101.248 60.2632 41.4943
      vertex 101 62.7609 38.4725
      vertex 101 60.0012 41.2323
    endloop
  endfacet
  facet normal 0.997856 0.0462745 0.0462745
    outer loop
      vertex 94.2821 62.7609 40.956
      vertex 94.25 65.7609 38.6482
      vertex 94.25 62.7609 41.6482
    endloop
  endfacet
  facet normal 0.997856 0.0462745 0.0462745
    outer loop
      vertex 94.25 65.7609 38.6482
      vertex 94.2821 62.7609 40.956
      vertex 94.2821 65.7609 37.956
    endloop
  endfacet
  facet normal -0.752297 0.465859 0.465859
    outer loop
      vertex 100.652 62.7609 37.8982
      vertex 100.975 65.7609 35.4198
      vertex 100.652 65.7609 34.8982
    endloop
  endfacet
  facet normal -0.752297 0.465859 0.465859
    outer loop
      vertex 100.975 65.7609 35.4198
      vertex 100.652 62.7609 37.8982
      vertex 100.975 62.7609 38.4198
    endloop
  endfacet
  facet normal -0.659146 0.531755 0.531755
    outer loop
      vertex 100.283 62.7609 37.4408
      vertex 100.652 65.7609 34.8982
      vertex 100.283 65.7609 34.4408
    endloop
  endfacet
  facet normal -0.659146 0.531755 0.531755
    outer loop
      vertex 100.652 65.7609 34.8982
      vertex 100.283 62.7609 37.4408
      vertex 100.652 62.7609 37.8982
    endloop
  endfacet
  facet normal 0.98078 -0.137969 -0.137969
    outer loop
      vertex 94.2821 62.7609 42.3405
      vertex 94.3778 65.7609 40.0208
      vertex 94.3778 62.7609 43.0208
    endloop
  endfacet
  facet normal 0.98078 -0.137969 -0.137969
    outer loop
      vertex 94.3778 65.7609 40.0208
      vertex 94.2821 62.7609 42.3405
      vertex 94.2821 65.7609 39.3405
    endloop
  endfacet
  facet normal 0.751792 -0.466277 -0.466256
    outer loop
      vertex 95.0249 63.2032 44.4344
      vertex 95.3484 65.7609 42.3982
      vertex 95.3484 63.464 44.6952
    endloop
  endfacet
  facet normal 0.751729 -0.466317 -0.466317
    outer loop
      vertex 95.3484 65.7609 42.3982
      vertex 95.0249 63.2032 44.4344
      vertex 95.0249 65.7609 41.8767
    endloop
  endfacet
  facet normal 0.831491 0.392825 0.392825
    outer loop
      vertex 95.0249 62.7609 38.4198
      vertex 94.7524 65.7609 35.9966
      vertex 94.7524 62.7609 38.9966
    endloop
  endfacet
  facet normal 0.831491 0.392825 0.392825
    outer loop
      vertex 94.7524 65.7609 35.9966
      vertex 95.0249 62.7609 38.4198
      vertex 95.0249 65.7609 35.4198
    endloop
  endfacet
  facet normal -0.896845 -0.312786 -0.312786
    outer loop
      vertex 101.465 62.6037 43.8349
      vertex 101.248 65.7609 41.2999
      vertex 101.465 65.7609 40.6777
    endloop
  endfacet
  facet normal -0.896845 -0.312786 -0.312786
    outer loop
      vertex 101.248 65.7609 41.2999
      vertex 101.465 62.6037 43.8349
      vertex 101.248 62.9148 44.146
    endloop
  endfacet
  facet normal 0.442298 0.634182 0.634182
    outer loop
      vertex 96.125 65.7609 34.0554
      vertex 96.5649 62.7609 36.7486
      vertex 96.5649 65.7609 33.7486
    endloop
  endfacet
  facet normal 0.442298 0.634182 0.634182
    outer loop
      vertex 96.5649 62.7609 36.7486
      vertex 96.125 65.7609 34.0554
      vertex 96.125 62.7609 37.0554
    endloop
  endfacet
  facet normal -0.947348 -0.226424 -0.226417
    outer loop
      vertex 101.622 62.2753 43.5065
      vertex 101.465 65.7609 40.6777
      vertex 101.622 65.7609 40.0208
    endloop
  endfacet
  facet normal -0.947334 -0.226449 -0.226449
    outer loop
      vertex 101.465 65.7609 40.6777
      vertex 101.622 62.2753 43.5065
      vertex 101.465 62.6037 43.8349
    endloop
  endfacet
  facet normal 0.946915 0.227323 0.227323
    outer loop
      vertex 94.5355 62.7609 39.6187
      vertex 94.3778 65.7609 37.2756
      vertex 94.3778 62.7609 40.2756
    endloop
  endfacet
  facet normal 0.946902 0.227347 0.227355
    outer loop
      vertex 94.3778 65.7609 37.2756
      vertex 94.5355 62.7609 39.6187
      vertex 94.5355 65.7609 36.6188
    endloop
  endfacet
  facet normal 0.896925 -0.31267 -0.31267
    outer loop
      vertex 94.5355 62.7609 43.6777
      vertex 94.7524 65.7609 41.2999
      vertex 94.7524 62.9148 44.146
    endloop
  endfacet
  facet normal 0.896925 -0.312673 -0.312668
    outer loop
      vertex 94.5355 62.7609 43.6777
      vertex 94.7524 62.9148 44.146
      vertex 94.6451 62.7609 43.9921
    endloop
  endfacet
  facet normal 0.896925 -0.31267 -0.31267
    outer loop
      vertex 94.7524 65.7609 41.2999
      vertex 94.5355 62.7609 43.6777
      vertex 94.5355 65.7609 40.6777
    endloop
  endfacet
  facet normal -0.752235 -0.465909 -0.465909
    outer loop
      vertex 100.975 63.2032 44.4344
      vertex 100.652 65.7609 42.3982
      vertex 100.975 65.7609 41.8767
    endloop
  endfacet
  facet normal -0.752297 -0.465869 -0.465849
    outer loop
      vertex 100.652 65.7609 42.3982
      vertex 100.975 63.2032 44.4344
      vertex 100.652 63.464 44.6952
    endloop
  endfacet
  facet normal -0.442298 0.634182 0.634182
    outer loop
      vertex 99.4351 65.7609 33.7486
      vertex 99.875 62.7609 37.0554
      vertex 99.875 65.7609 34.0554
    endloop
  endfacet
  facet normal -0.442298 0.634182 0.634182
    outer loop
      vertex 99.875 62.7609 37.0554
      vertex 99.4351 65.7609 33.7486
      vertex 99.4351 62.7609 36.7486
    endloop
  endfacet
  facet normal -0.555432 0.588003 0.588003
    outer loop
      vertex 99.875 65.7609 34.0554
      vertex 100.283 62.7609 37.4408
      vertex 100.283 65.7609 34.4408
    endloop
  endfacet
  facet normal -0.555432 0.588003 0.588003
    outer loop
      vertex 100.283 62.7609 37.4408
      vertex 99.875 65.7609 34.0554
      vertex 99.875 62.7609 37.0554
    endloop
  endfacet
  facet normal 0.321455 0.669577 0.669577
    outer loop
      vertex 97.0294 62.7609 36.5256
      vertex 96.5649 65.7609 33.7486
      vertex 96.5649 62.7609 36.7486
    endloop
  endfacet
  facet normal 0.321455 0.669577 0.669577
    outer loop
      vertex 96.5649 65.7609 33.7486
      vertex 97.0294 62.7609 36.5256
      vertex 97.0294 65.7609 33.5256
    endloop
  endfacet
  facet normal 0.831491 -0.392825 -0.392825
    outer loop
      vertex 94.7524 62.9148 44.146
      vertex 95.0249 65.7609 41.8767
      vertex 95.0249 63.2032 44.4344
    endloop
  endfacet
  facet normal 0.831491 -0.392825 -0.392825
    outer loop
      vertex 95.0249 65.7609 41.8767
      vertex 94.7524 62.9148 44.146
      vertex 94.7524 65.7609 41.2999
    endloop
  endfacet
  facet normal -2.44596e-06 0.70708 -0.707133
    outer loop
      vertex 101 62.7609 43.9921
      vertex 98 64.2407 45.4718
      vertex 98.4895 64.218 45.4491
    endloop
  endfacet
  facet normal 0.000184967 0.707242 -0.706972
    outer loop
      vertex 101 62.7609 43.9921
      vertex 98.4895 64.218 45.4491
      vertex 98.9706 64.1503 45.3815
    endloop
  endfacet
  facet normal 2.02556e-06 0.707085 -0.707129
    outer loop
      vertex 98 64.2407 45.4718
      vertex 101 62.7609 43.9921
      vertex 97.5105 64.218 45.4491
    endloop
  endfacet
  facet normal 1.68586e-14 0.707107 -0.707107
    outer loop
      vertex 101 62.7609 43.9921
      vertex 98.9706 64.1503 45.3815
      vertex 99.4351 64.0388 45.27
    endloop
  endfacet
  facet normal -0.000104845 0.706957 -0.707257
    outer loop
      vertex 97.5105 64.218 45.4491
      vertex 101 62.7609 43.9921
      vertex 97.0294 64.1503 45.3815
    endloop
  endfacet
  facet normal -1.75488e-14 0.707107 -0.707107
    outer loop
      vertex 101 62.7609 43.9921
      vertex 99.4351 64.0388 45.27
      vertex 99.875 63.8854 45.1166
    endloop
  endfacet
  facet normal 0 0.707107 -0.707107
    outer loop
      vertex 94.6451 62.7609 43.9921
      vertex 97.0294 64.1503 45.3815
      vertex 101 62.7609 43.9921
    endloop
  endfacet
  facet normal 0 0.707107 -0.707107
    outer loop
      vertex 101 62.7609 43.9921
      vertex 99.875 63.8854 45.1166
      vertex 100.283 63.6927 44.9239
    endloop
  endfacet
  facet normal -1.84095e-14 0.707107 -0.707107
    outer loop
      vertex 97.0294 64.1503 45.3815
      vertex 94.6451 62.7609 43.9921
      vertex 96.5649 64.0388 45.27
    endloop
  endfacet
  facet normal 0 0.707107 -0.707107
    outer loop
      vertex 101 62.7609 43.9921
      vertex 100.283 63.6927 44.9239
      vertex 100.652 63.464 44.6952
    endloop
  endfacet
  facet normal 2.1045e-14 0.707107 -0.707107
    outer loop
      vertex 96.5649 64.0388 45.27
      vertex 94.6451 62.7609 43.9921
      vertex 96.125 63.8854 45.1166
    endloop
  endfacet
  facet normal -2.59105e-14 0.707107 -0.707107
    outer loop
      vertex 101 62.7609 43.9921
      vertex 100.652 63.464 44.6952
      vertex 100.975 63.2032 44.4344
    endloop
  endfacet
  facet normal 0 0.707107 -0.707107
    outer loop
      vertex 96.125 63.8854 45.1166
      vertex 94.6451 62.7609 43.9921
      vertex 95.7171 63.6927 44.9239
    endloop
  endfacet
  facet normal 6.82797e-15 0.707107 -0.707107
    outer loop
      vertex 101 62.7609 43.9921
      vertex 100.975 63.2032 44.4344
      vertex 101.248 62.9148 44.146
    endloop
  endfacet
  facet normal 0 0.707107 -0.707107
    outer loop
      vertex 95.7171 63.6927 44.9239
      vertex 94.6451 62.7609 43.9921
      vertex 95.3484 63.464 44.6952
    endloop
  endfacet
  facet normal 8.02301e-14 0.707107 -0.707107
    outer loop
      vertex 95.3484 63.464 44.6952
      vertex 94.6451 62.7609 43.9921
      vertex 95.0249 63.2032 44.4344
    endloop
  endfacet
  facet normal -7.01257e-15 0.707107 -0.707107
    outer loop
      vertex 101.465 62.6037 43.8349
      vertex 101 62.7609 43.9921
      vertex 101.248 62.9148 44.146
    endloop
  endfacet
  facet normal -1.9009e-14 0.707107 -0.707107
    outer loop
      vertex 101.622 62.2753 43.5065
      vertex 101 62.7609 43.9921
      vertex 101.465 62.6037 43.8349
    endloop
  endfacet
  facet normal 0 0.707107 -0.707107
    outer loop
      vertex 101.718 61.9351 43.1663
      vertex 101 62.7609 43.9921
      vertex 101.622 62.2753 43.5065
    endloop
  endfacet
  facet normal 0 0.707107 -0.707107
    outer loop
      vertex 101.75 61.589 42.8202
      vertex 101 62.7609 43.9921
      vertex 101.718 61.9351 43.1663
    endloop
  endfacet
  facet normal 0 0.707107 -0.707107
    outer loop
      vertex 101.718 61.2429 42.4741
      vertex 101 62.7609 43.9921
      vertex 101.75 61.589 42.8202
    endloop
  endfacet
  facet normal 1.95259e-14 0.707107 -0.707107
    outer loop
      vertex 101.622 60.9027 42.1339
      vertex 101 62.7609 43.9921
      vertex 101.718 61.2429 42.4741
    endloop
  endfacet
  facet normal 0.000264891 0.707151 -0.707062
    outer loop
      vertex 101.465 60.5743 41.8054
      vertex 101 62.7609 43.9921
      vertex 101.622 60.9027 42.1339
    endloop
  endfacet
  facet normal -3.55287e-05 0.707119 -0.707094
    outer loop
      vertex 101.248 60.2632 41.4943
      vertex 101 62.7609 43.9921
      vertex 101.465 60.5743 41.8054
    endloop
  endfacet
  facet normal -2.70685e-05 0.70712 -0.707094
    outer loop
      vertex 101 62.7609 43.9921
      vertex 101.248 60.2632 41.4943
      vertex 101 60.0012 41.2323
    endloop
  endfacet
  facet normal -6.96316e-14 0.707107 -0.707107
    outer loop
      vertex 95.0249 63.2032 44.4344
      vertex 94.6451 62.7609 43.9921
      vertex 94.7524 62.9148 44.146
    endloop
  endfacet
  facet normal 0.8969 0.312701 0.312711
    outer loop
      vertex 94.7524 62.7609 38.9966
      vertex 94.5355 65.7609 36.6188
      vertex 94.5355 62.7609 39.6187
    endloop
  endfacet
  facet normal 0.896925 0.31267 0.31267
    outer loop
      vertex 94.5355 65.7609 36.6188
      vertex 94.7524 62.7609 38.9966
      vertex 94.7524 65.7609 35.9966
    endloop
  endfacet
  facet normal 0.195041 0.693527 0.693527
    outer loop
      vertex 97.5105 62.7609 36.3903
      vertex 97.0294 65.7609 33.5256
      vertex 97.0294 62.7609 36.5256
    endloop
  endfacet
  facet normal 0.195041 0.693527 0.693527
    outer loop
      vertex 97.0294 65.7609 33.5256
      vertex 97.5105 62.7609 36.3903
      vertex 97.5105 65.7609 33.3903
    endloop
  endfacet
  facet normal -0.83102 -0.393323 -0.393323
    outer loop
      vertex 101.248 62.9148 44.146
      vertex 100.975 65.7609 41.8767
      vertex 101.248 65.7609 41.2999
    endloop
  endfacet
  facet normal -0.83102 -0.393323 -0.393323
    outer loop
      vertex 100.975 65.7609 41.8767
      vertex 101.248 62.9148 44.146
      vertex 100.975 63.2032 44.4344
    endloop
  endfacet
  facet normal -0.0654419 -0.705591 -0.705591
    outer loop
      vertex 98 64.2407 45.4718
      vertex 98.4895 65.7609 43.9062
      vertex 98.4895 64.218 45.4491
    endloop
  endfacet
  facet normal -0.0652963 -0.705621 -0.705575
    outer loop
      vertex 98.4895 65.7609 43.9062
      vertex 98 64.2407 45.4718
      vertex 98 65.7609 43.9515
    endloop
  endfacet
  facet normal -0.0654419 0.705591 0.705591
    outer loop
      vertex 98.4895 65.7609 33.3903
      vertex 98 62.7609 36.3449
      vertex 98.4895 62.7609 36.3903
    endloop
  endfacet
  facet normal -0.0654419 0.705591 0.705591
    outer loop
      vertex 98 62.7609 36.3449
      vertex 98.4895 65.7609 33.3903
      vertex 98 65.7609 33.3449
    endloop
  endfacet
  facet normal 0.555526 0.587959 0.587959
    outer loop
      vertex 95.7171 65.7609 34.4408
      vertex 96.125 62.7609 37.0554
      vertex 96.125 65.7609 34.0554
    endloop
  endfacet
  facet normal 0.555526 0.587959 0.587959
    outer loop
      vertex 96.125 62.7609 37.0554
      vertex 95.7171 65.7609 34.4408
      vertex 95.7171 62.7609 37.4408
    endloop
  endfacet
  facet normal -0.195041 0.693527 0.693527
    outer loop
      vertex 98.9706 65.7609 33.5256
      vertex 98.4895 62.7609 36.3903
      vertex 98.9706 62.7609 36.5256
    endloop
  endfacet
  facet normal -0.195041 0.693527 0.693527
    outer loop
      vertex 98.4895 62.7609 36.3903
      vertex 98.9706 65.7609 33.5256
      vertex 98.4895 65.7609 33.3903
    endloop
  endfacet
  facet normal 0.0654419 -0.705591 -0.705591
    outer loop
      vertex 97.5105 65.7609 43.9062
      vertex 98 64.2407 45.4718
      vertex 97.5105 64.218 45.4491
    endloop
  endfacet
  facet normal 0.0652963 -0.705621 -0.705575
    outer loop
      vertex 98 64.2407 45.4718
      vertex 97.5105 65.7609 43.9062
      vertex 98 65.7609 43.9515
    endloop
  endfacet
  facet normal -0.980668 0.138366 0.138366
    outer loop
      vertex 101.622 33.7401 0
      vertex 101.718 26.5947 7.82582
      vertex 101.718 34.4205 0
    endloop
  endfacet
  facet normal -0.980667 0.138368 0.138368
    outer loop
      vertex 101.718 26.5947 7.82582
      vertex 101.622 33.7401 0
      vertex 101.622 26.2545 7.48563
    endloop
  endfacet
  facet normal -0.99787 0.0461309 0.0461308
    outer loop
      vertex 101.718 34.4205 0
      vertex 101.75 26.9408 8.17193
      vertex 101.75 35.1127 0
    endloop
  endfacet
  facet normal -0.99787 0.0461303 0.0461302
    outer loop
      vertex 101.75 26.9408 8.17193
      vertex 101.718 34.4205 0
      vertex 101.718 26.5947 7.82582
    endloop
  endfacet
  facet normal -0.947349 0.226418 0.226417
    outer loop
      vertex 101.465 33.0832 0
      vertex 101.622 26.2545 7.48563
      vertex 101.622 33.7401 0
    endloop
  endfacet
  facet normal -0.947355 0.226405 0.226405
    outer loop
      vertex 101.622 26.2545 7.48563
      vertex 101.465 33.0832 0
      vertex 101.465 25.926 7.15719
    endloop
  endfacet
  facet normal -0.321455 0.669595 0.669559
    outer loop
      vertex 99.4351 25.6274 4.58567
      vertex 98.9706 24.3795 5.61063
      vertex 99.4351 24.491 5.72213
    endloop
  endfacet
  facet normal -0.321424 0.669595 0.669574
    outer loop
      vertex 98.9706 24.3795 5.61063
      vertex 99.4351 25.6274 4.58567
      vertex 98.9706 25.6274 4.36269
    endloop
  endfacet
  facet normal -0.321455 0.669577 0.669577
    outer loop
      vertex 99.4351 30.2131 0
      vertex 98.9706 26.9901 3
      vertex 99.4351 27.2131 3
    endloop
  endfacet
  facet normal -0.321455 0.669577 0.669577
    outer loop
      vertex 98.9706 26.9901 3
      vertex 99.4351 30.2131 0
      vertex 98.9706 29.9901 0
    endloop
  endfacet
  facet normal -0.659146 -0.531755 -0.531755
    outer loop
      vertex 100.652 38.8627 0
      vertex 100.283 36.3201 3
      vertex 100.283 39.3201 0
    endloop
  endfacet
  facet normal -0.659146 -0.531755 -0.531755
    outer loop
      vertex 100.283 36.3201 3
      vertex 100.652 38.8627 0
      vertex 100.652 35.8627 3
    endloop
  endfacet
  facet normal 0.321455 -0.669577 -0.669577
    outer loop
      vertex 96.5649 40.0123 0
      vertex 97.0294 37.2353 3
      vertex 96.5649 37.0123 3
    endloop
  endfacet
  facet normal 0.321455 -0.669577 -0.669577
    outer loop
      vertex 97.0294 37.2353 3
      vertex 96.5649 40.0123 0
      vertex 97.0294 40.2353 0
    endloop
  endfacet
  facet normal 0.0654276 0.705597 0.705586
    outer loop
      vertex 98 24.2891 5.52028
      vertex 97.5105 25.6274 4.22735
      vertex 97.5105 24.3118 5.54297
    endloop
  endfacet
  facet normal 0.0653989 0.705593 0.705593
    outer loop
      vertex 97.5105 25.6274 4.22735
      vertex 98 24.2891 5.52028
      vertex 98 25.6274 4.18198
    endloop
  endfacet
  facet normal 0.0654419 0.705591 0.705591
    outer loop
      vertex 98 29.8094 0
      vertex 97.5105 26.8548 3
      vertex 98 26.8094 3
    endloop
  endfacet
  facet normal 0.0654419 0.705591 0.705591
    outer loop
      vertex 97.5105 26.8548 3
      vertex 98 29.8094 0
      vertex 97.5105 29.8548 0
    endloop
  endfacet
  facet normal -0.555432 -0.588003 -0.588003
    outer loop
      vertex 99.875 39.7055 0
      vertex 100.283 36.3201 3
      vertex 99.875 36.7055 3
    endloop
  endfacet
  facet normal -0.555432 -0.588003 -0.588003
    outer loop
      vertex 100.283 36.3201 3
      vertex 99.875 39.7055 0
      vertex 100.283 39.3201 0
    endloop
  endfacet
  facet normal -0.896844 0.312786 0.312786
    outer loop
      vertex 101.248 32.461 0
      vertex 101.465 25.926 7.15719
      vertex 101.465 33.0832 0
    endloop
  endfacet
  facet normal -0.896839 0.312794 0.312794
    outer loop
      vertex 101.465 25.926 7.15719
      vertex 101.248 32.461 0
      vertex 101.248 25.6149 6.84611
    endloop
  endfacet
  facet normal -0.321455 -0.669577 -0.669577
    outer loop
      vertex 98.9706 40.2353 0
      vertex 99.4351 37.0123 3
      vertex 98.9706 37.2353 3
    endloop
  endfacet
  facet normal -0.321455 -0.669577 -0.669577
    outer loop
      vertex 99.4351 37.0123 3
      vertex 98.9706 40.2353 0
      vertex 99.4351 40.0123 0
    endloop
  endfacet
  facet normal 0.980785 0.13795 0.13795
    outer loop
      vertex 94.2821 31.4205 3
      vertex 94.3778 33.7401 0
      vertex 94.2821 34.4205 0
    endloop
  endfacet
  facet normal 0.980785 0.13795 0.13795
    outer loop
      vertex 94.3778 33.7401 0
      vertex 94.2821 31.4205 3
      vertex 94.3778 30.7401 3
    endloop
  endfacet
  facet normal 0.751717 0.466304 0.46635
    outer loop
      vertex 95.3484 25.0658 6.29693
      vertex 95.0249 25.6274 6.25684
      vertex 95.0249 25.3265 6.55771
    endloop
  endfacet
  facet normal 0.751752 0.466319 0.466278
    outer loop
      vertex 95.0249 25.6274 6.25684
      vertex 95.3484 25.0658 6.29693
      vertex 95.3484 25.6274 5.73528
    endloop
  endfacet
  facet normal 0.751792 0.466267 0.466267
    outer loop
      vertex 95.0249 28.8843 3
      vertex 95.3484 31.3627 0
      vertex 95.0249 31.8843 0
    endloop
  endfacet
  facet normal 0.751792 0.466267 0.466267
    outer loop
      vertex 95.3484 31.3627 0
      vertex 95.0249 28.8843 3
      vertex 95.3484 28.3627 3
    endloop
  endfacet
  facet normal 0.555526 -0.587959 -0.587959
    outer loop
      vertex 95.7171 39.3201 0
      vertex 96.125 36.7055 3
      vertex 95.7171 36.3201 3
    endloop
  endfacet
  facet normal 0.555526 -0.587959 -0.587959
    outer loop
      vertex 96.125 36.7055 3
      vertex 95.7171 39.3201 0
      vertex 96.125 39.7055 0
    endloop
  endfacet
  facet normal -0.980668 -0.138366 -0.138365
    outer loop
      vertex 101.718 35.8049 0
      vertex 101.622 27.6271 8.85823
      vertex 101.622 36.4853 0
    endloop
  endfacet
  facet normal -0.980667 -0.138368 -0.138367
    outer loop
      vertex 101.622 27.6271 8.85823
      vertex 101.718 35.8049 0
      vertex 101.718 27.2869 8.51804
    endloop
  endfacet
  facet normal 0.195041 -0.693527 -0.693527
    outer loop
      vertex 97.0294 40.2353 0
      vertex 97.5105 37.3706 3
      vertex 97.0294 37.2353 3
    endloop
  endfacet
  facet normal 0.195041 -0.693527 -0.693527
    outer loop
      vertex 97.5105 37.3706 3
      vertex 97.0294 40.2353 0
      vertex 97.5105 40.3706 0
    endloop
  endfacet
  facet normal 0.442298 -0.634182 -0.634182
    outer loop
      vertex 96.125 39.7055 0
      vertex 96.5649 37.0123 3
      vertex 96.125 36.7055 3
    endloop
  endfacet
  facet normal 0.442298 -0.634182 -0.634182
    outer loop
      vertex 96.5649 37.0123 3
      vertex 96.125 39.7055 0
      vertex 96.5649 40.0123 0
    endloop
  endfacet
  facet normal 0.946915 -0.227323 -0.227323
    outer loop
      vertex 94.5355 34.1422 3
      vertex 94.3778 36.4853 0
      vertex 94.5355 37.1422 0
    endloop
  endfacet
  facet normal 0.946915 -0.227323 -0.227323
    outer loop
      vertex 94.3778 36.4853 0
      vertex 94.5355 34.1422 3
      vertex 94.3778 33.4853 3
    endloop
  endfacet
  facet normal 0.659449 -0.531567 -0.531567
    outer loop
      vertex 95.7171 36.3201 3
      vertex 95.3484 38.8627 0
      vertex 95.7171 39.3201 0
    endloop
  endfacet
  facet normal 0.659449 -0.531567 -0.531567
    outer loop
      vertex 95.3484 38.8627 0
      vertex 95.7171 36.3201 3
      vertex 95.3484 35.8627 3
    endloop
  endfacet
  facet normal -0.442298 -0.634182 -0.634182
    outer loop
      vertex 99.4351 40.0123 0
      vertex 99.875 36.7055 3
      vertex 99.4351 37.0123 3
    endloop
  endfacet
  facet normal -0.442298 -0.634182 -0.634182
    outer loop
      vertex 99.875 36.7055 3
      vertex 99.4351 40.0123 0
      vertex 99.875 39.7055 0
    endloop
  endfacet
  facet normal -0.99787 -0.0461309 -0.0461307
    outer loop
      vertex 101.75 35.1127 0
      vertex 101.718 27.2869 8.51804
      vertex 101.718 35.8049 0
    endloop
  endfacet
  facet normal -0.99787 -0.0461304 -0.0461302
    outer loop
      vertex 101.718 27.2869 8.51804
      vertex 101.75 35.1127 0
      vertex 101.75 26.9408 8.17193
    endloop
  endfacet
  facet normal -0.195041 -0.693527 -0.693527
    outer loop
      vertex 98.4895 40.3706 0
      vertex 98.9706 37.2353 3
      vertex 98.4895 37.3706 3
    endloop
  endfacet
  facet normal -0.195041 -0.693527 -0.693527
    outer loop
      vertex 98.9706 37.2353 3
      vertex 98.4895 40.3706 0
      vertex 98.9706 40.2353 0
    endloop
  endfacet
  facet normal 0.997856 -0.0462745 -0.0462745
    outer loop
      vertex 94.2821 32.8049 3
      vertex 94.25 35.1127 0
      vertex 94.2821 35.8049 0
    endloop
  endfacet
  facet normal 0.997856 -0.0462745 -0.0462745
    outer loop
      vertex 94.25 35.1127 0
      vertex 94.2821 32.8049 3
      vertex 94.25 32.1127 3
    endloop
  endfacet
  facet normal -0.830432 0.393943 0.393943
    outer loop
      vertex 100.975 31.8843 0
      vertex 100.975 28.8843 3
      vertex 101 28.937 3
    endloop
  endfacet
  facet normal -0.830971 0.393368 0.393382
    outer loop
      vertex 101 28.937 3
      vertex 101.248 32.461 0
      vertex 100.975 31.8843 0
    endloop
  endfacet
  facet normal -0.83104 0.393301 0.393302
    outer loop
      vertex 101.248 25.6149 6.84611
      vertex 101 28.937 3
      vertex 101 25.6274 6.30959
    endloop
  endfacet
  facet normal -0.831033 0.39331 0.393309
    outer loop
      vertex 101 28.937 3
      vertex 101.248 25.6149 6.84611
      vertex 101.248 32.461 0
    endloop
  endfacet
  facet normal -0.830689 0.393652 0.393692
    outer loop
      vertex 100.975 25.3265 6.55771
      vertex 101 25.6274 6.30959
      vertex 100.975 25.6274 6.25684
    endloop
  endfacet
  facet normal -0.83102 0.393352 0.393294
    outer loop
      vertex 101 25.6274 6.30959
      vertex 100.975 25.3265 6.55771
      vertex 101.248 25.6149 6.84611
    endloop
  endfacet
  facet normal 0.997856 0.0462745 0.0462745
    outer loop
      vertex 94.25 32.1127 3
      vertex 94.2821 34.4205 0
      vertex 94.25 35.1127 0
    endloop
  endfacet
  facet normal 0.997856 0.0462745 0.0462745
    outer loop
      vertex 94.2821 34.4205 0
      vertex 94.25 32.1127 3
      vertex 94.2821 31.4205 3
    endloop
  endfacet
  facet normal -0.752258 0.465912 0.46587
    outer loop
      vertex 100.652 25.0658 6.29693
      vertex 100.975 25.6274 6.25684
      vertex 100.652 25.6274 5.73528
    endloop
  endfacet
  facet normal -0.752222 0.465896 0.465943
    outer loop
      vertex 100.975 25.6274 6.25684
      vertex 100.652 25.0658 6.29693
      vertex 100.975 25.3265 6.55771
    endloop
  endfacet
  facet normal -0.752297 0.465859 0.465859
    outer loop
      vertex 100.652 31.3627 0
      vertex 100.975 28.8843 3
      vertex 100.975 31.8843 0
    endloop
  endfacet
  facet normal -0.752297 0.465859 0.465859
    outer loop
      vertex 100.975 28.8843 3
      vertex 100.652 31.3627 0
      vertex 100.652 28.3627 3
    endloop
  endfacet
  facet normal -0.659128 0.531779 0.531753
    outer loop
      vertex 100.283 24.8371 6.06823
      vertex 100.652 25.6274 5.73528
      vertex 100.283 25.6274 5.27789
    endloop
  endfacet
  facet normal -0.659146 0.531779 0.531731
    outer loop
      vertex 100.652 25.6274 5.73528
      vertex 100.283 24.8371 6.06823
      vertex 100.652 25.0658 6.29693
    endloop
  endfacet
  facet normal -0.659146 0.531755 0.531755
    outer loop
      vertex 100.283 30.9053 0
      vertex 100.652 28.3627 3
      vertex 100.652 31.3627 0
    endloop
  endfacet
  facet normal -0.659146 0.531755 0.531755
    outer loop
      vertex 100.652 28.3627 3
      vertex 100.283 30.9053 0
      vertex 100.283 27.9053 3
    endloop
  endfacet
  facet normal 0.980785 -0.13795 -0.13795
    outer loop
      vertex 94.3778 33.4853 3
      vertex 94.2821 35.8049 0
      vertex 94.3778 36.4853 0
    endloop
  endfacet
  facet normal 0.980785 -0.13795 -0.13795
    outer loop
      vertex 94.2821 35.8049 0
      vertex 94.3778 33.4853 3
      vertex 94.2821 32.8049 3
    endloop
  endfacet
  facet normal 0.751792 -0.466267 -0.466267
    outer loop
      vertex 95.3484 35.8627 3
      vertex 95.0249 38.3411 0
      vertex 95.3484 38.8627 0
    endloop
  endfacet
  facet normal 0.751792 -0.466267 -0.466267
    outer loop
      vertex 95.0249 38.3411 0
      vertex 95.3484 35.8627 3
      vertex 95.0249 35.3411 3
    endloop
  endfacet
  facet normal 0.831491 0.39251 0.393139
    outer loop
      vertex 95.0249 25.3265 6.55771
      vertex 94.7524 25.6274 6.83363
      vertex 94.7524 25.6149 6.84611
    endloop
  endfacet
  facet normal 0.831499 0.392796 0.392836
    outer loop
      vertex 94.7524 25.6274 6.83363
      vertex 95.0249 25.3265 6.55771
      vertex 95.0249 25.6274 6.25684
    endloop
  endfacet
  facet normal 0.831447 0.392872 0.392872
    outer loop
      vertex 94.7524 29.461 3
      vertex 95.0249 31.8843 0
      vertex 94.7524 32.461 0
    endloop
  endfacet
  facet normal 0.831447 0.392872 0.392872
    outer loop
      vertex 95.0249 31.8843 0
      vertex 94.7524 29.461 3
      vertex 95.0249 28.8843 3
    endloop
  endfacet
  facet normal -0.896817 -0.312826 -0.312824
    outer loop
      vertex 101.465 37.1422 0
      vertex 101.248 28.2666 9.49776
      vertex 101.248 37.7643 0
    endloop
  endfacet
  facet normal -0.896842 -0.312789 -0.31279
    outer loop
      vertex 101.248 28.2666 9.49776
      vertex 101.465 37.1422 0
      vertex 101.465 27.9555 9.18667
    endloop
  endfacet
  facet normal 0.442298 0.634194 0.634169
    outer loop
      vertex 96.5649 24.491 5.72213
      vertex 96.125 25.6274 4.89249
      vertex 96.125 24.6444 5.87553
    endloop
  endfacet
  facet normal 0.442312 0.634193 0.63416
    outer loop
      vertex 96.125 25.6274 4.89249
      vertex 96.5649 24.491 5.72213
      vertex 96.5649 25.6274 4.58567
    endloop
  endfacet
  facet normal 0.442298 0.634182 0.634182
    outer loop
      vertex 96.5649 30.2131 0
      vertex 96.125 27.5199 3
      vertex 96.5649 27.2131 3
    endloop
  endfacet
  facet normal 0.442298 0.634182 0.634182
    outer loop
      vertex 96.125 27.5199 3
      vertex 96.5649 30.2131 0
      vertex 96.125 30.5199 0
    endloop
  endfacet
  facet normal -0.947349 -0.226418 -0.226418
    outer loop
      vertex 101.622 36.4853 0
      vertex 101.465 27.9555 9.18667
      vertex 101.465 37.1422 0
    endloop
  endfacet
  facet normal -0.94734 -0.226437 -0.226436
    outer loop
      vertex 101.465 27.9555 9.18667
      vertex 101.622 36.4853 0
      vertex 101.622 27.6271 8.85823
    endloop
  endfacet
  facet normal 0.946915 0.227323 0.227323
    outer loop
      vertex 94.3778 30.7401 3
      vertex 94.5355 33.0832 0
      vertex 94.3778 33.7401 0
    endloop
  endfacet
  facet normal 0.946915 0.227323 0.227323
    outer loop
      vertex 94.5355 33.0832 0
      vertex 94.3778 30.7401 3
      vertex 94.5355 30.0832 3
    endloop
  endfacet
  facet normal 0.896897 -0.31271 -0.31271
    outer loop
      vertex 94.7524 34.7643 3
      vertex 94.5355 37.1422 0
      vertex 94.7524 37.7643 0
    endloop
  endfacet
  facet normal 0.896897 -0.31271 -0.31271
    outer loop
      vertex 94.5355 37.1422 0
      vertex 94.7524 34.7643 3
      vertex 94.5355 34.1422 3
    endloop
  endfacet
  facet normal -0.752297 -0.465859 -0.465859
    outer loop
      vertex 100.975 38.3411 0
      vertex 100.652 35.8627 3
      vertex 100.652 38.8627 0
    endloop
  endfacet
  facet normal -0.752297 -0.465859 -0.465859
    outer loop
      vertex 100.652 35.8627 3
      vertex 100.975 38.3411 0
      vertex 100.975 35.3411 3
    endloop
  endfacet
  facet normal -0.442298 0.634194 0.634169
    outer loop
      vertex 99.875 25.6274 4.89249
      vertex 99.4351 24.491 5.72213
      vertex 99.875 24.6444 5.87553
    endloop
  endfacet
  facet normal -0.442312 0.634193 0.63416
    outer loop
      vertex 99.4351 24.491 5.72213
      vertex 99.875 25.6274 4.89249
      vertex 99.4351 25.6274 4.58567
    endloop
  endfacet
  facet normal -0.442298 0.634182 0.634182
    outer loop
      vertex 99.875 30.5199 0
      vertex 99.4351 27.2131 3
      vertex 99.875 27.5199 3
    endloop
  endfacet
  facet normal -0.442298 0.634182 0.634182
    outer loop
      vertex 99.4351 27.2131 3
      vertex 99.875 30.5199 0
      vertex 99.4351 30.2131 0
    endloop
  endfacet
  facet normal -0.555423 0.588022 0.587993
    outer loop
      vertex 99.875 25.6274 4.89249
      vertex 100.283 24.8371 6.06823
      vertex 100.283 25.6274 5.27789
    endloop
  endfacet
  facet normal -0.555432 0.588015 0.587991
    outer loop
      vertex 100.283 24.8371 6.06823
      vertex 99.875 25.6274 4.89249
      vertex 99.875 24.6444 5.87553
    endloop
  endfacet
  facet normal -0.555432 0.588003 0.588003
    outer loop
      vertex 100.283 30.9053 0
      vertex 99.875 27.5199 3
      vertex 100.283 27.9053 3
    endloop
  endfacet
  facet normal -0.555432 0.588003 0.588003
    outer loop
      vertex 99.875 27.5199 3
      vertex 100.283 30.9053 0
      vertex 99.875 30.5199 0
    endloop
  endfacet
  facet normal 0.321455 0.669595 0.669559
    outer loop
      vertex 97.0294 24.3795 5.61063
      vertex 96.5649 25.6274 4.58567
      vertex 96.5649 24.491 5.72213
    endloop
  endfacet
  facet normal 0.321424 0.669595 0.669574
    outer loop
      vertex 96.5649 25.6274 4.58567
      vertex 97.0294 24.3795 5.61063
      vertex 97.0294 25.6274 4.36269
    endloop
  endfacet
  facet normal 0.321455 0.669577 0.669577
    outer loop
      vertex 97.0294 29.9901 0
      vertex 96.5649 27.2131 3
      vertex 97.0294 26.9901 3
    endloop
  endfacet
  facet normal 0.321455 0.669577 0.669577
    outer loop
      vertex 96.5649 27.2131 3
      vertex 97.0294 29.9901 0
      vertex 96.5649 30.2131 0
    endloop
  endfacet
  facet normal 0.831491 -0.392825 -0.392825
    outer loop
      vertex 95.0249 35.3411 3
      vertex 94.7524 37.7643 0
      vertex 95.0249 38.3411 0
    endloop
  endfacet
  facet normal 0.831491 -0.392825 -0.392825
    outer loop
      vertex 94.7524 37.7643 0
      vertex 95.0249 35.3411 3
      vertex 94.7524 34.7643 3
    endloop
  endfacet
  facet normal 2.19469e-05 0.707103 -0.70711
    outer loop
      vertex 101 25.6274 6.85858
      vertex 101.248 28.2666 9.49776
      vertex 101.465 27.9555 9.18667
    endloop
  endfacet
  facet normal -0.000131546 0.707118 -0.707095
    outer loop
      vertex 101 25.6274 6.85858
      vertex 101.465 27.9555 9.18667
      vertex 101.622 27.6271 8.85823
    endloop
  endfacet
  facet normal 5.23361e-06 0.707097 -0.707116
    outer loop
      vertex 101 25.6274 6.85858
      vertex 101.622 27.6271 8.85823
      vertex 101.718 27.2869 8.51804
    endloop
  endfacet
  facet normal -7.13632e-05 0.707114 -0.7071
    outer loop
      vertex 101 25.6274 6.85858
      vertex 101.718 27.2869 8.51804
      vertex 101.75 26.9408 8.17193
    endloop
  endfacet
  facet normal -9.89361e-05 0.707122 -0.707092
    outer loop
      vertex 101 25.6274 6.85858
      vertex 101.75 26.9408 8.17193
      vertex 101.718 26.5947 7.82582
    endloop
  endfacet
  facet normal -5.01553e-05 0.707103 -0.70711
    outer loop
      vertex 101 25.6274 6.85858
      vertex 101.718 26.5947 7.82582
      vertex 101.622 26.2545 7.48563
    endloop
  endfacet
  facet normal 0.000141618 0.707008 -0.707205
    outer loop
      vertex 101 25.6274 6.85858
      vertex 101.622 26.2545 7.48563
      vertex 101.465 25.926 7.15719
    endloop
  endfacet
  facet normal -5.70247e-05 0.707107 -0.707107
    outer loop
      vertex 101.248 28.2666 9.49776
      vertex 101 25.6274 6.85858
      vertex 101 28.5286 9.75978
    endloop
  endfacet
  facet normal 8.04243e-05 0.707056 -0.707158
    outer loop
      vertex 101.248 25.6149 6.84611
      vertex 101 25.6274 6.85858
      vertex 101.465 25.926 7.15719
    endloop
  endfacet
  facet normal 8.16463e-05 0.707068 -0.707145
    outer loop
      vertex 100.975 25.3265 6.55771
      vertex 101 25.6274 6.85858
      vertex 101.248 25.6149 6.84611
    endloop
  endfacet
  facet normal -1.6121e-05 0.707125 -0.707089
    outer loop
      vertex 98 24.2891 5.52028
      vertex 101 25.6274 6.85858
      vertex 98.4895 24.3118 5.54297
    endloop
  endfacet
  facet normal 0.000248731 0.707061 -0.707152
    outer loop
      vertex 101 25.6274 6.85858
      vertex 100.975 25.3265 6.55771
      vertex 100.652 25.0658 6.29693
    endloop
  endfacet
  facet normal 1.30855e-05 0.707092 -0.707121
    outer loop
      vertex 97.5105 24.3118 5.54297
      vertex 101 25.6274 6.85858
      vertex 98 24.2891 5.52028
    endloop
  endfacet
  facet normal -6.33422e-05 0.707158 -0.707056
    outer loop
      vertex 101 25.6274 6.85858
      vertex 100.652 25.0658 6.29693
      vertex 100.283 24.8371 6.06823
    endloop
  endfacet
  facet normal 0 0.707109 -0.707104
    outer loop
      vertex 101 25.6274 6.85858
      vertex 97.5105 24.3118 5.54297
      vertex 94.7437 25.6274 6.85858
    endloop
  endfacet
  facet normal -3.69694e-05 0.707146 -0.707068
    outer loop
      vertex 101 25.6274 6.85858
      vertex 100.283 24.8371 6.06823
      vertex 99.875 24.6444 5.87553
    endloop
  endfacet
  facet normal -8.13981e-05 0.707187 -0.707026
    outer loop
      vertex 101 25.6274 6.85858
      vertex 98.9706 24.3795 5.61063
      vertex 98.4895 24.3118 5.54297
    endloop
  endfacet
  facet normal -2.08711e-05 0.707137 -0.707077
    outer loop
      vertex 101 25.6274 6.85858
      vertex 99.875 24.6444 5.87553
      vertex 99.4351 24.491 5.72213
    endloop
  endfacet
  facet normal -1.11554e-05 0.70713 -0.707084
    outer loop
      vertex 101 25.6274 6.85858
      vertex 99.4351 24.491 5.72213
      vertex 98.9706 24.3795 5.61063
    endloop
  endfacet
  facet normal 8.45662e-05 0.707198 -0.707015
    outer loop
      vertex 97.0294 24.3795 5.61063
      vertex 94.7437 25.6274 6.85858
      vertex 97.5105 24.3118 5.54297
    endloop
  endfacet
  facet normal -0.000939022 0.706632 -0.70758
    outer loop
      vertex 95.0249 25.3265 6.55771
      vertex 94.7437 25.6274 6.85858
      vertex 95.3484 25.0658 6.29693
    endloop
  endfacet
  facet normal 0.000117566 0.707202 -0.707012
    outer loop
      vertex 95.3484 25.0658 6.29693
      vertex 94.7437 25.6274 6.85858
      vertex 95.7171 24.8371 6.06823
    endloop
  endfacet
  facet normal -0.00685007 0.703847 -0.710319
    outer loop
      vertex 94.7437 25.6274 6.85858
      vertex 95.0249 25.3265 6.55771
      vertex 94.7524 25.6149 6.84611
    endloop
  endfacet
  facet normal 2.45918e-05 0.707142 -0.707072
    outer loop
      vertex 96.125 24.6444 5.87553
      vertex 94.7437 25.6274 6.85858
      vertex 96.5649 24.491 5.72213
    endloop
  endfacet
  facet normal 5.05416e-05 0.70716 -0.707053
    outer loop
      vertex 95.7171 24.8371 6.06823
      vertex 94.7437 25.6274 6.85858
      vertex 96.125 24.6444 5.87553
    endloop
  endfacet
  facet normal 1.21369e-05 0.707132 -0.707082
    outer loop
      vertex 96.5649 24.491 5.72213
      vertex 94.7437 25.6274 6.85858
      vertex 97.0294 24.3795 5.61063
    endloop
  endfacet
  facet normal 0.897018 0.312287 0.312788
    outer loop
      vertex 94.7524 25.6149 6.84611
      vertex 94.7524 25.6274 6.83363
      vertex 94.7437 25.6274 6.85858
    endloop
  endfacet
  facet normal 0.896925 0.31267 0.31267
    outer loop
      vertex 94.5355 30.0832 3
      vertex 94.7524 32.461 0
      vertex 94.5355 33.0832 0
    endloop
  endfacet
  facet normal 0.896925 0.31267 0.31267
    outer loop
      vertex 94.7524 32.461 0
      vertex 94.5355 30.0832 3
      vertex 94.7524 29.461 3
    endloop
  endfacet
  facet normal 0.195124 0.693526 0.693504
    outer loop
      vertex 97.5105 24.3118 5.54297
      vertex 97.0294 25.6274 4.36269
      vertex 97.0294 24.3795 5.61063
    endloop
  endfacet
  facet normal 0.195095 0.693525 0.693514
    outer loop
      vertex 97.0294 25.6274 4.36269
      vertex 97.5105 24.3118 5.54297
      vertex 97.5105 25.6274 4.22735
    endloop
  endfacet
  facet normal 0.195041 0.693527 0.693527
    outer loop
      vertex 97.5105 29.8548 0
      vertex 97.0294 26.9901 3
      vertex 97.5105 26.8548 3
    endloop
  endfacet
  facet normal 0.195041 0.693527 0.693527
    outer loop
      vertex 97.0294 26.9901 3
      vertex 97.5105 29.8548 0
      vertex 97.0294 29.9901 0
    endloop
  endfacet
  facet normal -0.83102 -0.393323 -0.393323
    outer loop
      vertex 101.248 37.7643 0
      vertex 100.975 35.3411 3
      vertex 100.975 38.3411 0
    endloop
  endfacet
  facet normal -0.830489 -0.39397 -0.393797
    outer loop
      vertex 101.248 37.7643 0
      vertex 101 35.2884 3
      vertex 100.975 35.3411 3
    endloop
  endfacet
  facet normal -0.831071 -0.39327 -0.393268
    outer loop
      vertex 101.248 28.2666 9.49776
      vertex 101 35.2884 3
      vertex 101.248 37.7643 0
    endloop
  endfacet
  facet normal -0.83104 -0.393301 -0.393302
    outer loop
      vertex 101 35.2884 3
      vertex 101.248 28.2666 9.49776
      vertex 101 28.5286 9.75978
    endloop
  endfacet
  facet normal -0.0654419 -0.705591 -0.705591
    outer loop
      vertex 98 40.416 0
      vertex 98.4895 37.3706 3
      vertex 98 37.416 3
    endloop
  endfacet
  facet normal -0.0654419 -0.705591 -0.705591
    outer loop
      vertex 98.4895 37.3706 3
      vertex 98 40.416 0
      vertex 98.4895 40.3706 0
    endloop
  endfacet
  facet normal -0.0654276 0.705597 0.705586
    outer loop
      vertex 98.4895 25.6274 4.22735
      vertex 98 24.2891 5.52028
      vertex 98.4895 24.3118 5.54297
    endloop
  endfacet
  facet normal -0.0653989 0.705593 0.705593
    outer loop
      vertex 98 24.2891 5.52028
      vertex 98.4895 25.6274 4.22735
      vertex 98 25.6274 4.18198
    endloop
  endfacet
  facet normal -0.0654419 0.705591 0.705591
    outer loop
      vertex 98.4895 29.8548 0
      vertex 98 26.8094 3
      vertex 98.4895 26.8548 3
    endloop
  endfacet
  facet normal -0.0654419 0.705591 0.705591
    outer loop
      vertex 98 26.8094 3
      vertex 98.4895 29.8548 0
      vertex 98 29.8094 0
    endloop
  endfacet
  facet normal 0.555517 0.587978 0.587948
    outer loop
      vertex 95.7171 24.8371 6.06823
      vertex 96.125 25.6274 4.89249
      vertex 95.7171 25.6274 5.27789
    endloop
  endfacet
  facet normal 0.555526 0.58797 0.587947
    outer loop
      vertex 96.125 25.6274 4.89249
      vertex 95.7171 24.8371 6.06823
      vertex 96.125 24.6444 5.87553
    endloop
  endfacet
  facet normal 0.555526 0.587959 0.587959
    outer loop
      vertex 96.125 30.5199 0
      vertex 95.7171 27.9053 3
      vertex 96.125 27.5199 3
    endloop
  endfacet
  facet normal 0.555526 0.587959 0.587959
    outer loop
      vertex 95.7171 27.9053 3
      vertex 96.125 30.5199 0
      vertex 95.7171 30.9053 0
    endloop
  endfacet
  facet normal 0.659449 0.531591 0.531543
    outer loop
      vertex 95.7171 24.8371 6.06823
      vertex 95.3484 25.6274 5.73528
      vertex 95.3484 25.0658 6.29693
    endloop
  endfacet
  facet normal 0.659431 0.531591 0.531565
    outer loop
      vertex 95.3484 25.6274 5.73528
      vertex 95.7171 24.8371 6.06823
      vertex 95.7171 25.6274 5.27789
    endloop
  endfacet
  facet normal 0.659449 0.531567 0.531567
    outer loop
      vertex 95.3484 28.3627 3
      vertex 95.7171 30.9053 0
      vertex 95.3484 31.3627 0
    endloop
  endfacet
  facet normal 0.659449 0.531567 0.531567
    outer loop
      vertex 95.7171 30.9053 0
      vertex 95.3484 28.3627 3
      vertex 95.7171 27.9053 3
    endloop
  endfacet
  facet normal -0.195124 0.693526 0.693504
    outer loop
      vertex 98.9706 25.6274 4.36269
      vertex 98.4895 24.3118 5.54297
      vertex 98.9706 24.3795 5.61063
    endloop
  endfacet
  facet normal -0.195095 0.693525 0.693514
    outer loop
      vertex 98.4895 24.3118 5.54297
      vertex 98.9706 25.6274 4.36269
      vertex 98.4895 25.6274 4.22735
    endloop
  endfacet
  facet normal -0.195041 0.693527 0.693527
    outer loop
      vertex 98.9706 29.9901 0
      vertex 98.4895 26.8548 3
      vertex 98.9706 26.9901 3
    endloop
  endfacet
  facet normal -0.195041 0.693527 0.693527
    outer loop
      vertex 98.4895 26.8548 3
      vertex 98.9706 29.9901 0
      vertex 98.4895 29.8548 0
    endloop
  endfacet
  facet normal 0.0654419 -0.705591 -0.705591
    outer loop
      vertex 97.5105 40.3706 0
      vertex 98 37.416 3
      vertex 97.5105 37.3706 3
    endloop
  endfacet
  facet normal 0.0654419 -0.705591 -0.705591
    outer loop
      vertex 98 37.416 3
      vertex 97.5105 40.3706 0
      vertex 98 40.416 0
    endloop
  endfacet
  facet normal -1 0 0
    outer loop
      vertex 54 62.7609 9
      vertex 54 65.7609 27
      vertex 54 65.7609 9
    endloop
  endfacet
  facet normal -1 -0 0
    outer loop
      vertex 54 65.7609 27
      vertex 54 62.7609 9
      vertex 54 62.7609 27
    endloop
  endfacet
  facet normal 0 0 -1
    outer loop
      vertex 22 62.7609 27
      vertex 54 65.7609 27
      vertex 54 62.7609 27
    endloop
  endfacet
  facet normal -0 0 -1
    outer loop
      vertex 54 65.7609 27
      vertex 22 62.7609 27
      vertex 22 65.7609 27
    endloop
  endfacet
  facet normal -0 0 1
    outer loop
      vertex 22 65.7609 9
      vertex 54 62.7609 9
      vertex 54 65.7609 9
    endloop
  endfacet
  facet normal 0 0 1
    outer loop
      vertex 54 62.7609 9
      vertex 22 65.7609 9
      vertex 22 62.7609 9
    endloop
  endfacet
  facet normal 1 -0 0
    outer loop
      vertex 22 62.7609 27
      vertex 22 65.7609 9
      vertex 22 65.7609 27
    endloop
  endfacet
  facet normal 1 0 0
    outer loop
      vertex 22 65.7609 9
      vertex 22 62.7609 27
      vertex 22 62.7609 9
    endloop
  endfacet
endsolid OpenSCAD_Model
