solid OpenSCAD_Model
  facet normal -0.44223 -0.634205 -0.634205
    outer loop
      vertex 75.8815 62.1547 57.6977
      vertex 75.9 60.734 59.1055
      vertex 75.8815 60.7405 59.1119
    endloop
  endfacet
  facet normal -0.439466 -0.635143 -0.635188
    outer loop
      vertex 75.9 60.734 59.1055
      vertex 75.8815 62.1547 57.6977
      vertex 75.9 62.1483 57.6913
    endloop
  endfacet
  facet normal -0.831286 -0.393042 -0.393042
    outer loop
      vertex 77.1573 61.3062 56.8492
      vertex 77.0147 60.0428 58.4142
      vertex 77.0147 61.457 57
    endloop
  endfacet
  facet normal -0.831371 -0.392938 -0.392966
    outer loop
      vertex 77.0147 60.0428 58.4142
      vertex 77.1573 61.3062 56.8492
      vertex 77.1573 59.8919 58.2634
    endloop
  endfacet
  facet normal 0.659447 -0.531569 -0.531569
    outer loop
      vertex 71.6867 60.5388 58.9102
      vertex 71.313 61.7212 57.2642
      vertex 71.6867 61.953 57.496
    endloop
  endfacet
  facet normal 0.659366 -0.531637 -0.5316
    outer loop
      vertex 71.313 61.7212 57.2642
      vertex 71.6867 60.5388 58.9102
      vertex 71.313 60.307 58.6785
    endloop
  endfacet
  facet normal 0.831286 -0.393042 -0.393042
    outer loop
      vertex 70.9853 60.0428 58.4142
      vertex 70.8427 61.3062 56.8492
      vertex 70.9853 61.457 57
    endloop
  endfacet
  facet normal 0.831371 -0.392938 -0.392966
    outer loop
      vertex 70.8427 61.3062 56.8492
      vertex 70.9853 60.0428 58.4142
      vertex 70.8427 59.8919 58.2634
    endloop
  endfacet
  facet normal 0.44223 -0.634205 -0.634205
    outer loop
      vertex 72.1 60.734 59.1055
      vertex 72.1185 62.1547 57.6977
      vertex 72.1185 60.7405 59.1119
    endloop
  endfacet
  facet normal 0.439466 -0.635143 -0.635188
    outer loop
      vertex 72.1185 62.1547 57.6977
      vertex 72.1 60.734 59.1055
      vertex 72.1 62.1483 57.6913
    endloop
  endfacet
  facet normal -0.555524 -0.58796 -0.58796
    outer loop
      vertex 75.9 60.734 59.1055
      vertex 76.3133 61.953 57.496
      vertex 76.3133 60.5388 58.9102
    endloop
  endfacet
  facet normal -0.555623 -0.587892 -0.587934
    outer loop
      vertex 76.3133 61.953 57.496
      vertex 75.9 60.734 59.1055
      vertex 75.9 62.1483 57.6913
    endloop
  endfacet
  facet normal 0.555524 -0.58796 -0.58796
    outer loop
      vertex 71.6867 61.953 57.496
      vertex 72.1 60.734 59.1055
      vertex 71.6867 60.5388 58.9102
    endloop
  endfacet
  facet normal 0.555623 -0.587892 -0.587934
    outer loop
      vertex 72.1 60.734 59.1055
      vertex 71.6867 61.953 57.496
      vertex 72.1 62.1483 57.6913
    endloop
  endfacet
  facet normal -0.751809 -0.466269 -0.466236
    outer loop
      vertex 77.0147 61.457 57
      vertex 76.687 60.307 58.6785
      vertex 76.687 61.7212 57.2642
    endloop
  endfacet
  facet normal -0.751871 -0.466203 -0.466203
    outer loop
      vertex 76.687 60.307 58.6785
      vertex 77.0147 61.457 57
      vertex 77.0147 60.0428 58.4142
    endloop
  endfacet
  facet normal 0.751809 -0.466269 -0.466236
    outer loop
      vertex 71.313 60.307 58.6785
      vertex 70.9853 61.457 57
      vertex 71.313 61.7212 57.2642
    endloop
  endfacet
  facet normal 0.751871 -0.466203 -0.466203
    outer loop
      vertex 70.9853 61.457 57
      vertex 71.313 60.307 58.6785
      vertex 70.9853 60.0428 58.4142
    endloop
  endfacet
  facet normal -0.659447 -0.531569 -0.531569
    outer loop
      vertex 76.687 61.7212 57.2642
      vertex 76.3133 60.5388 58.9102
      vertex 76.3133 61.953 57.496
    endloop
  endfacet
  facet normal -0.659366 -0.531637 -0.5316
    outer loop
      vertex 76.3133 60.5388 58.9102
      vertex 76.687 61.7212 57.2642
      vertex 76.687 60.307 58.6785
    endloop
  endfacet
  facet normal -0.44223 -0.634205 -0.634205
    outer loop
      vertex 99.8815 62.1547 57.6977
      vertex 99.9 60.734 59.1055
      vertex 99.8815 60.7405 59.1119
    endloop
  endfacet
  facet normal -0.439466 -0.635143 -0.635188
    outer loop
      vertex 99.9 60.734 59.1055
      vertex 99.8815 62.1547 57.6977
      vertex 99.9 62.1483 57.6913
    endloop
  endfacet
  facet normal -0.832366 -0.391897 -0.391897
    outer loop
      vertex 101.157 61.3062 56.8492
      vertex 101.015 60.0428 58.4142
      vertex 101.015 61.457 57
    endloop
  endfacet
  facet normal -0.832451 -0.391793 -0.391821
    outer loop
      vertex 101.015 60.0428 58.4142
      vertex 101.157 61.3062 56.8492
      vertex 101.157 59.8919 58.2634
    endloop
  endfacet
  facet normal 0.659447 -0.531569 -0.531569
    outer loop
      vertex 95.6867 60.5388 58.9102
      vertex 95.313 61.7212 57.2642
      vertex 95.6867 61.953 57.496
    endloop
  endfacet
  facet normal 0.659366 -0.531637 -0.5316
    outer loop
      vertex 95.313 61.7212 57.2642
      vertex 95.6867 60.5388 58.9102
      vertex 95.313 60.307 58.6785
    endloop
  endfacet
  facet normal 0.44223 -0.634205 -0.634205
    outer loop
      vertex 96.1 60.734 59.1055
      vertex 96.1185 62.1547 57.6977
      vertex 96.1185 60.7405 59.1119
    endloop
  endfacet
  facet normal 0.439466 -0.635143 -0.635188
    outer loop
      vertex 96.1185 62.1547 57.6977
      vertex 96.1 60.734 59.1055
      vertex 96.1 62.1483 57.6913
    endloop
  endfacet
  facet normal -0.555803 -0.587828 -0.587828
    outer loop
      vertex 99.9 60.734 59.1055
      vertex 100.313 61.953 57.496
      vertex 100.313 60.5388 58.9102
    endloop
  endfacet
  facet normal -0.555902 -0.58776 -0.587802
    outer loop
      vertex 100.313 61.953 57.496
      vertex 99.9 60.734 59.1055
      vertex 99.9 62.1483 57.6913
    endloop
  endfacet
  facet normal 0.555524 -0.58796 -0.58796
    outer loop
      vertex 95.6867 61.953 57.496
      vertex 96.1 60.734 59.1055
      vertex 95.6867 60.5388 58.9102
    endloop
  endfacet
  facet normal 0.555623 -0.587892 -0.587934
    outer loop
      vertex 96.1 60.734 59.1055
      vertex 95.6867 61.953 57.496
      vertex 96.1 62.1483 57.6913
    endloop
  endfacet
  facet normal -0.75151 -0.46651 -0.466477
    outer loop
      vertex 101.015 61.457 57
      vertex 100.687 60.307 58.6785
      vertex 100.687 61.7212 57.2642
    endloop
  endfacet
  facet normal -0.751572 -0.466444 -0.466444
    outer loop
      vertex 100.687 60.307 58.6785
      vertex 101.015 61.457 57
      vertex 101.015 60.0428 58.4142
    endloop
  endfacet
  facet normal 0.751809 -0.466269 -0.466236
    outer loop
      vertex 95.313 60.307 58.6785
      vertex 94.9853 61.457 57
      vertex 95.313 61.7212 57.2642
    endloop
  endfacet
  facet normal 0.751871 -0.466203 -0.466203
    outer loop
      vertex 94.9853 61.457 57
      vertex 95.313 60.307 58.6785
      vertex 94.9853 60.0428 58.4142
    endloop
  endfacet
  facet normal -0.659147 -0.531754 -0.531754
    outer loop
      vertex 100.687 61.7212 57.2642
      vertex 100.313 60.5388 58.9102
      vertex 100.313 61.953 57.496
    endloop
  endfacet
  facet normal -0.659067 -0.531823 -0.531785
    outer loop
      vertex 100.313 60.5388 58.9102
      vertex 100.687 61.7212 57.2642
      vertex 100.687 60.307 58.6785
    endloop
  endfacet
  facet normal 0.831286 -0.393042 -0.393042
    outer loop
      vertex 94.9853 60.0428 58.4142
      vertex 94.8427 61.3062 56.8492
      vertex 94.9853 61.457 57
    endloop
  endfacet
  facet normal 0.831371 -0.392938 -0.392966
    outer loop
      vertex 94.8427 61.3062 56.8492
      vertex 94.9853 60.0428 58.4142
      vertex 94.8427 59.8919 58.2634
    endloop
  endfacet
  facet normal -0.000539645 -0.707129 0.707085
    outer loop
      vertex -1.3 60.7405 59.1119
      vertex -1.23054 59.8859 58.2573
      vertex -1.1 59.8919 58.2634
    endloop
  endfacet
  facet normal 0 -0.707107 0.707107
    outer loop
      vertex -2.88671 60.1872 58.5586
      vertex -1.35882 59.8679 58.2393
      vertex -1.23054 59.8859 58.2573
    endloop
  endfacet
  facet normal 0 -0.707107 0.707107
    outer loop
      vertex -2.06593 59.3679 57.7393
      vertex -3.03205 60.0334 58.4048
      vertex -3.14776 59.8675 58.2389
    endloop
  endfacet
  facet normal 0.000265602 -0.706471 0.707742
    outer loop
      vertex -2.88671 60.1872 58.5586
      vertex -1.48269 59.8381 58.2096
      vertex -1.35882 59.8679 58.2393
    endloop
  endfacet
  facet normal -0.000280137 -0.707569 0.706644
    outer loop
      vertex -2.88671 60.1872 58.5586
      vertex -1.6 59.7972 58.1686
      vertex -1.48269 59.8381 58.2096
    endloop
  endfacet
  facet normal 0.000254184 -0.706687 0.707526
    outer loop
      vertex -2.88671 60.1872 58.5586
      vertex -1.70877 59.7458 58.1173
      vertex -1.6 59.7972 58.1686
    endloop
  endfacet
  facet normal -1.08494e-14 -0.707107 0.707107
    outer loop
      vertex -2.06593 59.3679 57.7393
      vertex -3.14776 59.8675 58.2389
      vertex -3.23185 59.6923 58.0637
    endloop
  endfacet
  facet normal -3.74239e-05 -0.707077 0.707137
    outer loop
      vertex -2.88671 60.1872 58.5586
      vertex -1.80711 59.6848 58.0563
      vertex -1.70877 59.7458 58.1173
    endloop
  endfacet
  facet normal -0.000341495 -0.707403 0.70681
    outer loop
      vertex -2.88671 60.1872 58.5586
      vertex -1.89337 59.6153 57.9867
      vertex -1.80711 59.6848 58.0563
    endloop
  endfacet
  facet normal -2.42951e-14 -0.707107 0.707107
    outer loop
      vertex -2.88671 60.1872 58.5586
      vertex -1.96603 59.5384 57.9098
      vertex -1.89337 59.6153 57.9867
    endloop
  endfacet
  facet normal -5.62446e-05 -0.707099 0.707115
    outer loop
      vertex -2.09146 59.2771 57.6486
      vertex -3.23185 59.6923 58.0637
      vertex -3.28289 59.5109 57.8823
    endloop
  endfacet
  facet normal 0.000402749 -0.706821 0.707392
    outer loop
      vertex -2.88671 60.1872 58.5586
      vertex -2.02389 59.4554 57.8269
      vertex -1.96603 59.5384 57.9098
    endloop
  endfacet
  facet normal -0.000418065 -0.70741 0.706803
    outer loop
      vertex -3.03205 60.0334 58.4048
      vertex -2.06593 59.3679 57.7393
      vertex -2.02389 59.4554 57.8269
    endloop
  endfacet
  facet normal -5.82895e-05 -0.707104 0.707109
    outer loop
      vertex -2.09146 59.2771 57.6486
      vertex -3.28289 59.5109 57.8823
      vertex -3.3 59.3263 57.6977
    endloop
  endfacet
  facet normal 0.000201058 -0.706745 0.707468
    outer loop
      vertex -3.23185 59.6923 58.0637
      vertex -2.09146 59.2771 57.6486
      vertex -2.06593 59.3679 57.7393
    endloop
  endfacet
  facet normal -5.82898e-05 -0.707104 0.707109
    outer loop
      vertex -3.3 59.3263 57.6977
      vertex -2.1 59.1848 57.5563
      vertex -2.09146 59.2771 57.6486
    endloop
  endfacet
  facet normal -5.9103e-05 -0.707108 0.707106
    outer loop
      vertex -3.3 59.3263 57.6977
      vertex -2.1 12.2047 10.5761
      vertex -2.1 59.1848 57.5563
    endloop
  endfacet
  facet normal 5.87492e-05 -0.707106 0.707108
    outer loop
      vertex -3.3 12.0632 10.4347
      vertex -2.1 12.2047 10.5761
      vertex -3.3 59.3263 57.6977
    endloop
  endfacet
  facet normal 5.82898e-05 -0.707104 0.707109
    outer loop
      vertex -3.3 12.0632 10.4347
      vertex -2.09146 12.1124 10.4838
      vertex -2.1 12.2047 10.5761
    endloop
  endfacet
  facet normal 7.38132e-05 -0.707295 0.706919
    outer loop
      vertex -3.28289 11.8787 10.2501
      vertex -2.09146 12.1124 10.4838
      vertex -3.3 12.0632 10.4347
    endloop
  endfacet
  facet normal -9.89167e-16 -0.707107 0.707107
    outer loop
      vertex -3.23185 11.6972 10.0686
      vertex -2.09146 12.1124 10.4838
      vertex -3.28289 11.8787 10.2501
    endloop
  endfacet
  facet normal -9.89626e-16 -0.707107 0.707107
    outer loop
      vertex -2.09146 12.1124 10.4838
      vertex -3.23185 11.6972 10.0686
      vertex -2.06593 12.0217 10.3931
    endloop
  endfacet
  facet normal -7.92904e-05 -0.706964 0.707249
    outer loop
      vertex -3.14776 11.522 9.89348
      vertex -2.06593 12.0217 10.3931
      vertex -3.23185 11.6972 10.0686
    endloop
  endfacet
  facet normal 5.44387e-05 -0.707109 0.707104
    outer loop
      vertex -3.03205 11.3561 9.72757
      vertex -2.06593 12.0217 10.3931
      vertex -3.14776 11.522 9.89348
    endloop
  endfacet
  facet normal 3.85035e-05 -0.707098 0.707116
    outer loop
      vertex -2.06593 12.0217 10.3931
      vertex -3.03205 11.3561 9.72757
      vertex -2.02389 11.9341 10.3055
    endloop
  endfacet
  facet normal 4.89405e-05 -0.707107 0.707107
    outer loop
      vertex -2.88671 11.2023 9.57376
      vertex -2.02389 11.9341 10.3055
      vertex -3.03205 11.3561 9.72757
    endloop
  endfacet
  facet normal -0.000423353 -0.706828 0.707385
    outer loop
      vertex -2.02389 11.9341 10.3055
      vertex -2.88671 11.2023 9.57376
      vertex -1.96603 11.8511 10.2226
    endloop
  endfacet
  facet normal -3.5511e-05 -0.707103 0.70711
    outer loop
      vertex -2.71421 11.0632 9.43467
      vertex -1.96603 11.8511 10.2226
      vertex -2.88671 11.2023 9.57376
    endloop
  endfacet
  facet normal 0.000125275 -0.70718 0.707034
    outer loop
      vertex -2.51753 10.9413 9.31271
      vertex -1.96603 11.8511 10.2226
      vertex -2.71421 11.0632 9.43467
    endloop
  endfacet
  facet normal 0.000547583 -0.707308 0.706906
    outer loop
      vertex -1.96603 11.8511 10.2226
      vertex -2.51753 10.9413 9.31271
      vertex -1.89337 11.7742 10.1456
    endloop
  endfacet
  facet normal -6.90551e-05 -0.707077 0.707137
    outer loop
      vertex -2.3 10.8385 9.20994
      vertex -1.89337 11.7742 10.1456
      vertex -2.51753 10.9413 9.31271
    endloop
  endfacet
  facet normal 1.8039e-05 -0.707096 0.707118
    outer loop
      vertex -1.89337 11.7742 10.1456
      vertex -2.3 10.8385 9.20994
      vertex -1.80711 11.7047 10.0761
    endloop
  endfacet
  facet normal 1.49709e-05 -0.707095 0.707119
    outer loop
      vertex -1.80711 11.7047 10.0761
      vertex -2.3 10.8385 9.20994
      vertex -1.70877 11.6437 10.0151
    endloop
  endfacet
  facet normal -0.000157568 -0.707067 0.707146
    outer loop
      vertex -1.70877 11.6437 10.0151
      vertex -2.06538 10.7567 9.12812
      vertex -1.6 11.5923 9.96373
    endloop
  endfacet
  facet normal 5.77415e-05 -0.70711 0.707103
    outer loop
      vertex -2.06538 10.7567 9.12812
      vertex -1.70877 11.6437 10.0151
      vertex -2.3 10.8385 9.20994
    endloop
  endfacet
  facet normal 0 -0.701604 0.712567
    outer loop
      vertex -1.3 60.7405 59.1119
      vertex 72.1 60.734 59.1055
      vertex 72.1185 60.7405 59.1119
    endloop
  endfacet
  facet normal 0 -0.707107 0.707107
    outer loop
      vertex -1.23054 59.8859 58.2573
      vertex -1.3 60.7405 59.1119
      vertex -1.56106 60.7284 59.0998
    endloop
  endfacet
  facet normal -1.8585e-14 -0.707107 0.707107
    outer loop
      vertex -1.23054 59.8859 58.2573
      vertex -1.56106 60.7284 59.0998
      vertex -1.81764 60.6923 59.0637
    endloop
  endfacet
  facet normal 0.000242973 -0.707018 0.707195
    outer loop
      vertex -1.23054 59.8859 58.2573
      vertex -1.81764 60.6923 59.0637
      vertex -2.06538 60.6328 59.0043
    endloop
  endfacet
  facet normal -0.000193076 -0.707262 0.706952
    outer loop
      vertex -1.23054 59.8859 58.2573
      vertex -2.06538 60.6328 59.0043
      vertex -2.3 60.551 58.9224
    endloop
  endfacet
  facet normal -9.95e-07 -0.707287 0.706927
    outer loop
      vertex -1.3 60.7405 59.1119
      vertex 71.6867 60.5388 58.9102
      vertex 72.1 60.734 59.1055
    endloop
  endfacet
  facet normal 0.000184744 -0.706958 0.707255
    outer loop
      vertex -1.23054 59.8859 58.2573
      vertex -2.3 60.551 58.9224
      vertex -2.51753 60.4482 58.8197
    endloop
  endfacet
  facet normal -0.000116393 -0.707303 0.706911
    outer loop
      vertex -1.23054 59.8859 58.2573
      vertex -2.51753 60.4482 58.8197
      vertex -2.71421 60.3263 58.6977
    endloop
  endfacet
  facet normal 0 -0.707065 0.707148
    outer loop
      vertex -1.3 60.7405 59.1119
      vertex -1.1 59.8919 58.2634
      vertex 70.8427 59.8919 58.2634
    endloop
  endfacet
  facet normal 5.35232e-15 -0.707107 0.707107
    outer loop
      vertex -1.23054 59.8859 58.2573
      vertex -2.71421 60.3263 58.6977
      vertex -2.88671 60.1872 58.5586
    endloop
  endfacet
  facet normal 8.39453e-07 -0.706955 0.707259
    outer loop
      vertex -1.3 60.7405 59.1119
      vertex 71.313 60.307 58.6785
      vertex 71.6867 60.5388 58.9102
    endloop
  endfacet
  facet normal -4.5493e-05 -0.707085 0.707128
    outer loop
      vertex -2.02389 59.4554 57.8269
      vertex -2.88671 60.1872 58.5586
      vertex -3.03205 60.0334 58.4048
    endloop
  endfacet
  facet normal -2.55224e-06 -0.707239 0.706975
    outer loop
      vertex -1.3 60.7405 59.1119
      vertex 70.9853 60.0428 58.4142
      vertex 71.313 60.307 58.6785
    endloop
  endfacet
  facet normal 4.48347e-06 -0.706874 0.707339
    outer loop
      vertex -1.3 60.7405 59.1119
      vertex 70.8427 59.8919 58.2634
      vertex 70.9853 60.0428 58.4142
    endloop
  endfacet
  facet normal 0 -0.701604 0.712567
    outer loop
      vertex 99.9 60.734 59.1055
      vertex 105.3 60.7405 59.1119
      vertex 99.8815 60.7405 59.1119
    endloop
  endfacet
  facet normal 1.34931e-05 -0.707274 0.70694
    outer loop
      vertex 100.313 60.5388 58.9102
      vertex 105.3 60.7405 59.1119
      vertex 99.9 60.734 59.1055
    endloop
  endfacet
  facet normal -1.15844e-05 -0.706964 0.70725
    outer loop
      vertex 100.687 60.307 58.6785
      vertex 105.3 60.7405 59.1119
      vertex 100.313 60.5388 58.9102
    endloop
  endfacet
  facet normal 3.62448e-05 -0.707218 0.706995
    outer loop
      vertex 101.015 60.0428 58.4142
      vertex 105.3 60.7405 59.1119
      vertex 100.687 60.307 58.6785
    endloop
  endfacet
  facet normal -6.61799e-05 -0.706904 0.70731
    outer loop
      vertex 101.157 59.8919 58.2634
      vertex 105.3 60.7405 59.1119
      vertex 101.015 60.0428 58.4142
    endloop
  endfacet
  facet normal 0 -0.707065 0.707148
    outer loop
      vertex 105.1 59.8919 58.2634
      vertex 105.3 60.7405 59.1119
      vertex 101.157 59.8919 58.2634
    endloop
  endfacet
  facet normal 0 -0.707107 0.707107
    outer loop
      vertex 105.3 60.7405 59.1119
      vertex 105.359 59.8679 58.2393
      vertex 105.561 60.7284 59.0998
    endloop
  endfacet
  facet normal 1.10214e-05 -0.707068 0.707146
    outer loop
      vertex 105.561 60.7284 59.0998
      vertex 105.483 59.8381 58.2096
      vertex 105.818 60.6923 59.0637
    endloop
  endfacet
  facet normal -0.000539843 -0.707043 0.70717
    outer loop
      vertex 105.483 59.8381 58.2096
      vertex 105.561 60.7284 59.0998
      vertex 105.359 59.8679 58.2393
    endloop
  endfacet
  facet normal 0.000556894 -0.707174 0.707039
    outer loop
      vertex 105.6 59.7972 58.1686
      vertex 105.818 60.6923 59.0637
      vertex 105.483 59.8381 58.2096
    endloop
  endfacet
  facet normal 0 -0.707107 0.707107
    outer loop
      vertex 105.359 59.8679 58.2393
      vertex 105.3 60.7405 59.1119
      vertex 105.231 59.8859 58.2573
    endloop
  endfacet
  facet normal -0.000270426 -0.707074 0.70714
    outer loop
      vertex 105.818 60.6923 59.0637
      vertex 105.6 59.7972 58.1686
      vertex 106.065 60.6328 59.0043
    endloop
  endfacet
  facet normal 0.000537771 -0.707128 0.707085
    outer loop
      vertex 105.231 59.8859 58.2573
      vertex 105.3 60.7405 59.1119
      vertex 105.1 59.8919 58.2634
    endloop
  endfacet
  facet normal -0.000545567 -0.706997 0.707216
    outer loop
      vertex 105.709 59.7458 58.1173
      vertex 106.065 60.6328 59.0043
      vertex 105.6 59.7972 58.1686
    endloop
  endfacet
  facet normal 0.000263993 -0.70716 0.707054
    outer loop
      vertex 106.065 60.6328 59.0043
      vertex 105.709 59.7458 58.1173
      vertex 106.3 60.551 58.9224
    endloop
  endfacet
  facet normal 3.75219e-05 -0.707077 0.707137
    outer loop
      vertex 105.807 59.6848 58.0563
      vertex 106.3 60.551 58.9224
      vertex 105.709 59.7458 58.1173
    endloop
  endfacet
  facet normal 0.000608253 -0.707239 0.706974
    outer loop
      vertex 105.893 59.6153 57.9867
      vertex 106.3 60.551 58.9224
      vertex 105.807 59.6848 58.0563
    endloop
  endfacet
  facet normal -0.000269176 -0.707048 0.707165
    outer loop
      vertex 106.3 60.551 58.9224
      vertex 105.893 59.6153 57.9867
      vertex 106.518 60.4482 58.8197
    endloop
  endfacet
  facet normal -4.99473e-05 -0.70713 0.707083
    outer loop
      vertex 105.966 59.5384 57.9098
      vertex 106.518 60.4482 58.8197
      vertex 105.893 59.6153 57.9867
    endloop
  endfacet
  facet normal 0.000226801 -0.707214 0.706999
    outer loop
      vertex 106.518 60.4482 58.8197
      vertex 105.966 59.5384 57.9098
      vertex 106.714 60.3263 58.6977
    endloop
  endfacet
  facet normal -1.64944e-14 -0.707107 0.707107
    outer loop
      vertex 106.714 60.3263 58.6977
      vertex 105.966 59.5384 57.9098
      vertex 106.887 60.1872 58.5586
    endloop
  endfacet
  facet normal -0.000402334 -0.706821 0.707392
    outer loop
      vertex 106.024 59.4554 57.8269
      vertex 106.887 60.1872 58.5586
      vertex 105.966 59.5384 57.9098
    endloop
  endfacet
  facet normal 4.55351e-05 -0.707085 0.707128
    outer loop
      vertex 106.887 60.1872 58.5586
      vertex 106.024 59.4554 57.8269
      vertex 107.032 60.0334 58.4048
    endloop
  endfacet
  facet normal 0.000418203 -0.70741 0.706803
    outer loop
      vertex 106.066 59.3679 57.7393
      vertex 107.032 60.0334 58.4048
      vertex 106.024 59.4554 57.8269
    endloop
  endfacet
  facet normal 0 -0.707107 0.707107
    outer loop
      vertex 107.032 60.0334 58.4048
      vertex 106.066 59.3679 57.7393
      vertex 107.148 59.8675 58.2389
    endloop
  endfacet
  facet normal 1.08501e-14 -0.707107 0.707107
    outer loop
      vertex 107.148 59.8675 58.2389
      vertex 106.066 59.3679 57.7393
      vertex 107.232 59.6923 58.0637
    endloop
  endfacet
  facet normal -0.000201349 -0.706745 0.707469
    outer loop
      vertex 106.091 59.2771 57.6486
      vertex 107.232 59.6923 58.0637
      vertex 106.066 59.3679 57.7393
    endloop
  endfacet
  facet normal 5.62214e-05 -0.707099 0.707115
    outer loop
      vertex 107.232 59.6923 58.0637
      vertex 106.091 59.2771 57.6486
      vertex 107.283 59.5109 57.8823
    endloop
  endfacet
  facet normal 5.82688e-05 -0.707104 0.707109
    outer loop
      vertex 107.283 59.5109 57.8823
      vertex 106.091 59.2771 57.6486
      vertex 107.3 59.3263 57.6977
    endloop
  endfacet
  facet normal 5.8256e-05 -0.707104 0.70711
    outer loop
      vertex 106.1 59.1848 57.5563
      vertex 107.3 59.3263 57.6977
      vertex 106.091 59.2771 57.6486
    endloop
  endfacet
  facet normal 5.9103e-05 -0.707108 0.707106
    outer loop
      vertex 106.1 12.2047 10.5761
      vertex 107.3 59.3263 57.6977
      vertex 106.1 59.1848 57.5563
    endloop
  endfacet
  facet normal -5.87492e-05 -0.707106 0.707108
    outer loop
      vertex 106.1 12.2047 10.5761
      vertex 107.3 12.0632 10.4347
      vertex 107.3 59.3263 57.6977
    endloop
  endfacet
  facet normal -5.8256e-05 -0.707104 0.70711
    outer loop
      vertex 106.091 12.1124 10.4838
      vertex 107.3 12.0632 10.4347
      vertex 106.1 12.2047 10.5761
    endloop
  endfacet
  facet normal 8.61789e-16 -0.707107 0.707107
    outer loop
      vertex 107.232 11.6972 10.0686
      vertex 106.091 12.1124 10.4838
      vertex 106.066 12.0217 10.3931
    endloop
  endfacet
  facet normal -3.85162e-05 -0.707098 0.707116
    outer loop
      vertex 107.032 11.3561 9.72757
      vertex 106.066 12.0217 10.3931
      vertex 106.024 11.9341 10.3055
    endloop
  endfacet
  facet normal -7.3787e-05 -0.707295 0.706919
    outer loop
      vertex 106.091 12.1124 10.4838
      vertex 107.283 11.8787 10.2501
      vertex 107.3 12.0632 10.4347
    endloop
  endfacet
  facet normal 0.000422918 -0.706828 0.707385
    outer loop
      vertex 106.887 11.2023 9.57376
      vertex 106.024 11.9341 10.3055
      vertex 105.966 11.8511 10.2226
    endloop
  endfacet
  facet normal -0.000545834 -0.707307 0.706906
    outer loop
      vertex 106.518 10.9413 9.31271
      vertex 105.966 11.8511 10.2226
      vertex 105.893 11.7742 10.1456
    endloop
  endfacet
  facet normal -1.80751e-05 -0.707096 0.707118
    outer loop
      vertex 106.3 10.8385 9.20994
      vertex 105.893 11.7742 10.1456
      vertex 105.807 11.7047 10.0761
    endloop
  endfacet
  facet normal 9.88759e-16 -0.707107 0.707107
    outer loop
      vertex 106.091 12.1124 10.4838
      vertex 107.232 11.6972 10.0686
      vertex 107.283 11.8787 10.2501
    endloop
  endfacet
  facet normal -1.50084e-05 -0.707095 0.707119
    outer loop
      vertex 106.3 10.8385 9.20994
      vertex 105.807 11.7047 10.0761
      vertex 105.709 11.6437 10.0151
    endloop
  endfacet
  facet normal 0.000157332 -0.707067 0.707146
    outer loop
      vertex 106.065 10.7567 9.12812
      vertex 105.709 11.6437 10.0151
      vertex 105.6 11.5923 9.96373
    endloop
  endfacet
  facet normal -6.07845e-05 -0.707106 0.707107
    outer loop
      vertex 105.818 10.6972 9.06865
      vertex 105.6 11.5923 9.96373
      vertex 105.483 11.5514 9.92282
    endloop
  endfacet
  facet normal 7.92956e-05 -0.706964 0.707249
    outer loop
      vertex 106.066 12.0217 10.3931
      vertex 107.148 11.522 9.89348
      vertex 107.232 11.6972 10.0686
    endloop
  endfacet
  facet normal -0.000176877 -0.707095 0.707119
    outer loop
      vertex 105.561 10.6611 9.03257
      vertex 105.483 11.5514 9.92282
      vertex 105.359 11.5217 9.89309
    endloop
  endfacet
  facet normal 0.000270789 -0.707088 0.707126
    outer loop
      vertex 105.3 10.649 9.02046
      vertex 105.359 11.5217 9.89309
      vertex 105.231 11.5036 9.87504
    endloop
  endfacet
  facet normal -0.00021587 -0.707107 0.707106
    outer loop
      vertex 105.3 10.649 9.02046
      vertex 105.231 11.5036 9.87504
      vertex 105.1 11.4976 9.869
    endloop
  endfacet
  facet normal -5.43991e-05 -0.707109 0.707104
    outer loop
      vertex 106.066 12.0217 10.3931
      vertex 107.032 11.3561 9.72757
      vertex 107.148 11.522 9.89348
    endloop
  endfacet
  facet normal 0 -0.707082 0.707132
    outer loop
      vertex -1.1 11.4976 9.869
      vertex -1.3 10.649 9.02046
      vertex 105.1 11.4976 9.869
    endloop
  endfacet
  facet normal -7.73191e-05 -0.707089 0.707124
    outer loop
      vertex -1.81764 10.6972 9.06865
      vertex -1.6 11.5923 9.96373
      vertex -2.06538 10.7567 9.12812
    endloop
  endfacet
  facet normal 0 -0.707082 0.707132
    outer loop
      vertex 105.3 10.649 9.02046
      vertex 105.1 11.4976 9.869
      vertex -1.3 10.649 9.02046
    endloop
  endfacet
  facet normal 6.06443e-05 -0.707106 0.707107
    outer loop
      vertex -1.6 11.5923 9.96373
      vertex -1.81764 10.6972 9.06865
      vertex -1.48269 11.5514 9.92282
    endloop
  endfacet
  facet normal -2.98163e-05 -0.707077 0.707136
    outer loop
      vertex 105.359 11.5217 9.89309
      vertex 105.3 10.649 9.02046
      vertex 105.561 10.6611 9.03257
    endloop
  endfacet
  facet normal -4.89261e-05 -0.707085 0.707129
    outer loop
      vertex -1.56106 10.6611 9.03257
      vertex -1.48269 11.5514 9.92282
      vertex -1.81764 10.6972 9.06865
    endloop
  endfacet
  facet normal 4.885e-05 -0.707085 0.707129
    outer loop
      vertex 105.483 11.5514 9.92282
      vertex 105.561 10.6611 9.03257
      vertex 105.818 10.6972 9.06865
    endloop
  endfacet
  facet normal 0.000177042 -0.707095 0.707119
    outer loop
      vertex -1.48269 11.5514 9.92282
      vertex -1.56106 10.6611 9.03257
      vertex -1.35882 11.5217 9.89309
    endloop
  endfacet
  facet normal 7.75309e-05 -0.707089 0.707124
    outer loop
      vertex 105.6 11.5923 9.96373
      vertex 105.818 10.6972 9.06865
      vertex 106.065 10.7567 9.12812
    endloop
  endfacet
  facet normal 2.98092e-05 -0.707077 0.707136
    outer loop
      vertex -1.3 10.649 9.02046
      vertex -1.35882 11.5217 9.89309
      vertex -1.56106 10.6611 9.03257
    endloop
  endfacet
  facet normal 6.89209e-05 -0.707077 0.707137
    outer loop
      vertex 105.893 11.7742 10.1456
      vertex 106.3 10.8385 9.20994
      vertex 106.518 10.9413 9.31271
    endloop
  endfacet
  facet normal -0.000270185 -0.707088 0.707126
    outer loop
      vertex -1.35882 11.5217 9.89309
      vertex -1.3 10.649 9.02046
      vertex -1.23054 11.5036 9.87504
    endloop
  endfacet
  facet normal -4.89858e-05 -0.707107 0.707107
    outer loop
      vertex 106.024 11.9341 10.3055
      vertex 106.887 11.2023 9.57376
      vertex 107.032 11.3561 9.72757
    endloop
  endfacet
  facet normal 0.000216622 -0.707107 0.707106
    outer loop
      vertex -1.23054 11.5036 9.87504
      vertex -1.3 10.649 9.02046
      vertex -1.1 11.4976 9.869
    endloop
  endfacet
  facet normal 3.54565e-05 -0.707103 0.70711
    outer loop
      vertex 105.966 11.8511 10.2226
      vertex 106.714 11.0632 9.43467
      vertex 106.887 11.2023 9.57376
    endloop
  endfacet
  facet normal -0.00012556 -0.70718 0.707034
    outer loop
      vertex 105.966 11.8511 10.2226
      vertex 106.518 10.9413 9.31271
      vertex 106.714 11.0632 9.43467
    endloop
  endfacet
  facet normal -5.76717e-05 -0.70711 0.707103
    outer loop
      vertex 105.709 11.6437 10.0151
      vertex 106.065 10.7567 9.12812
      vertex 106.3 10.8385 9.20994
    endloop
  endfacet
  facet normal 0 -0.701604 0.712567
    outer loop
      vertex 75.9 60.734 59.1055
      vertex 96.1185 60.7405 59.1119
      vertex 75.8815 60.7405 59.1119
    endloop
  endfacet
  facet normal 0 -0.701604 0.712567
    outer loop
      vertex 75.9 60.734 59.1055
      vertex 96.1 60.734 59.1055
      vertex 96.1185 60.7405 59.1119
    endloop
  endfacet
  facet normal 0 -0.707288 0.706926
    outer loop
      vertex 76.3133 60.5388 58.9102
      vertex 96.1 60.734 59.1055
      vertex 75.9 60.734 59.1055
    endloop
  endfacet
  facet normal 0 -0.707288 0.706926
    outer loop
      vertex 76.3133 60.5388 58.9102
      vertex 95.6867 60.5388 58.9102
      vertex 96.1 60.734 59.1055
    endloop
  endfacet
  facet normal 0 -0.706954 0.707259
    outer loop
      vertex 76.687 60.307 58.6785
      vertex 95.6867 60.5388 58.9102
      vertex 76.3133 60.5388 58.9102
    endloop
  endfacet
  facet normal 0 -0.706954 0.707259
    outer loop
      vertex 76.687 60.307 58.6785
      vertex 95.313 60.307 58.6785
      vertex 95.6867 60.5388 58.9102
    endloop
  endfacet
  facet normal 0 -0.707241 0.706973
    outer loop
      vertex 77.0147 60.0428 58.4142
      vertex 95.313 60.307 58.6785
      vertex 76.687 60.307 58.6785
    endloop
  endfacet
  facet normal 0 -0.707241 0.706973
    outer loop
      vertex 77.0147 60.0428 58.4142
      vertex 94.9853 60.0428 58.4142
      vertex 95.313 60.307 58.6785
    endloop
  endfacet
  facet normal 0 -0.706872 0.707341
    outer loop
      vertex 77.1573 59.8919 58.2634
      vertex 94.9853 60.0428 58.4142
      vertex 77.0147 60.0428 58.4142
    endloop
  endfacet
  facet normal 0 -0.706872 0.707341
    outer loop
      vertex 94.9853 60.0428 58.4142
      vertex 77.1573 59.8919 58.2634
      vertex 94.8427 59.8919 58.2634
    endloop
  endfacet
  facet normal 0.194843 0.693555 0.693555
    outer loop
      vertex 105.818 60.6923 59.0637
      vertex 105.561 62.1426 57.6856
      vertex 105.561 60.7284 59.0998
    endloop
  endfacet
  facet normal 0.194843 0.693555 0.693555
    outer loop
      vertex 105.561 62.1426 57.6856
      vertex 105.818 60.6923 59.0637
      vertex 105.818 62.1065 57.6495
    endloop
  endfacet
  facet normal 0.322229 0.669391 0.669391
    outer loop
      vertex 106.065 60.6328 59.0043
      vertex 105.818 62.1065 57.6495
      vertex 105.818 60.6923 59.0637
    endloop
  endfacet
  facet normal 0.322472 0.669356 0.669309
    outer loop
      vertex 105.818 62.1065 57.6495
      vertex 106.065 60.6328 59.0043
      vertex 106.065 62.047 57.59
    endloop
  endfacet
  facet normal 0.441654 0.634428 0.634383
    outer loop
      vertex 106.065 60.6328 59.0043
      vertex 106.3 61.9652 57.5082
      vertex 106.065 62.047 57.59
    endloop
  endfacet
  facet normal 0.441872 0.63433 0.63433
    outer loop
      vertex 106.3 61.9652 57.5082
      vertex 106.065 60.6328 59.0043
      vertex 106.3 60.551 58.9224
    endloop
  endfacet
  facet normal 0.55464 0.588377 0.588377
    outer loop
      vertex 106.518 60.4482 58.8197
      vertex 106.3 61.9652 57.5082
      vertex 106.3 60.551 58.9224
    endloop
  endfacet
  facet normal 0.55464 0.588377 0.588377
    outer loop
      vertex 106.3 61.9652 57.5082
      vertex 106.518 60.4482 58.8197
      vertex 106.518 61.8624 57.4055
    endloop
  endfacet
  facet normal 0.660592 0.530857 0.530857
    outer loop
      vertex 106.518 60.4482 58.8197
      vertex 106.714 61.7405 57.2835
      vertex 106.518 61.8624 57.4055
    endloop
  endfacet
  facet normal 0.660592 0.530857 0.530857
    outer loop
      vertex 106.714 61.7405 57.2835
      vertex 106.518 60.4482 58.8197
      vertex 106.714 60.3263 58.6977
    endloop
  endfacet
  facet normal 0.750924 0.466966 0.466966
    outer loop
      vertex 106.714 60.3263 58.6977
      vertex 106.887 61.6014 57.1444
      vertex 106.714 61.7405 57.2835
    endloop
  endfacet
  facet normal 0.750924 0.466966 0.466966
    outer loop
      vertex 106.887 61.6014 57.1444
      vertex 106.714 60.3263 58.6977
      vertex 106.887 60.1872 58.5586
    endloop
  endfacet
  facet normal 0.832057 0.392225 0.392225
    outer loop
      vertex 106.887 60.1872 58.5586
      vertex 107.032 61.4476 56.9906
      vertex 106.887 61.6014 57.1444
    endloop
  endfacet
  facet normal 0.832057 0.392225 0.392225
    outer loop
      vertex 107.032 61.4476 56.9906
      vertex 106.887 60.1872 58.5586
      vertex 107.032 60.0334 58.4048
    endloop
  endfacet
  facet normal 0.896419 0.313395 0.313395
    outer loop
      vertex 107.032 60.0334 58.4048
      vertex 107.148 61.2817 56.8247
      vertex 107.032 61.4476 56.9906
    endloop
  endfacet
  facet normal 0.896419 0.313395 0.313395
    outer loop
      vertex 107.148 61.2817 56.8247
      vertex 107.032 60.0334 58.4048
      vertex 107.148 59.8675 58.2389
    endloop
  endfacet
  facet normal 0.947054 0.227034 0.227034
    outer loop
      vertex 107.148 59.8675 58.2389
      vertex 107.232 61.1065 56.6495
      vertex 107.148 61.2817 56.8247
    endloop
  endfacet
  facet normal 0.947054 0.227034 0.227034
    outer loop
      vertex 107.232 61.1065 56.6495
      vertex 107.148 59.8675 58.2389
      vertex 107.232 59.6923 58.0637
    endloop
  endfacet
  facet normal 0.980806 0.137875 0.137875
    outer loop
      vertex 107.232 59.6923 58.0637
      vertex 107.283 60.9251 56.4681
      vertex 107.232 61.1065 56.6495
    endloop
  endfacet
  facet normal 0.980806 0.137875 0.137875
    outer loop
      vertex 107.283 60.9251 56.4681
      vertex 107.232 59.6923 58.0637
      vertex 107.283 59.5109 57.8823
    endloop
  endfacet
  facet normal 0.997887 0.0459482 0.0459482
    outer loop
      vertex 107.283 59.5109 57.8823
      vertex 107.3 60.7405 56.2835
      vertex 107.283 60.9251 56.4681
    endloop
  endfacet
  facet normal 0.997887 0.0459482 0.0459482
    outer loop
      vertex 107.3 60.7405 56.2835
      vertex 107.283 59.5109 57.8823
      vertex 107.3 59.3263 57.6977
    endloop
  endfacet
  facet normal 1 0 0
    outer loop
      vertex 107.3 59.3263 57.6977
      vertex 107.3 13.4775 9.02046
      vertex 107.3 60.7405 56.2835
    endloop
  endfacet
  facet normal 1 0 -0
    outer loop
      vertex 107.3 13.4775 9.02046
      vertex 107.3 59.3263 57.6977
      vertex 107.3 12.0632 10.4347
    endloop
  endfacet
  facet normal 0.997886 -0.0459485 -0.0459504
    outer loop
      vertex 107.3 12.0632 10.4347
      vertex 107.283 13.2929 8.83587
      vertex 107.3 13.4775 9.02046
    endloop
  endfacet
  facet normal 0.997885 -0.0459611 -0.0459601
    outer loop
      vertex 107.283 13.2929 8.83587
      vertex 107.3 12.0632 10.4347
      vertex 107.283 11.8787 10.2501
    endloop
  endfacet
  facet normal 0.98082 -0.137829 -0.137826
    outer loop
      vertex 107.283 11.8787 10.2501
      vertex 107.232 13.1114 8.65444
      vertex 107.283 13.2929 8.83587
    endloop
  endfacet
  facet normal 0.980827 -0.1378 -0.137804
    outer loop
      vertex 107.232 13.1114 8.65444
      vertex 107.283 11.8787 10.2501
      vertex 107.232 11.6972 10.0686
    endloop
  endfacet
  facet normal 0.947018 -0.227106 -0.227112
    outer loop
      vertex 107.232 11.6972 10.0686
      vertex 107.148 12.9363 8.47927
      vertex 107.232 13.1114 8.65444
    endloop
  endfacet
  facet normal 0.947032 -0.227073 -0.227087
    outer loop
      vertex 107.148 12.9363 8.47927
      vertex 107.232 11.6972 10.0686
      vertex 107.148 11.522 9.89348
    endloop
  endfacet
  facet normal 0.896429 -0.31337 -0.31339
    outer loop
      vertex 107.148 11.522 9.89348
      vertex 107.032 12.7704 8.31335
      vertex 107.148 12.9363 8.47927
    endloop
  endfacet
  facet normal 0.896424 -0.313379 -0.313397
    outer loop
      vertex 107.032 12.7704 8.31335
      vertex 107.148 11.522 9.89348
      vertex 107.032 11.3561 9.72757
    endloop
  endfacet
  facet normal 0.832141 -0.392125 -0.392148
    outer loop
      vertex 107.032 11.3561 9.72757
      vertex 106.887 12.6165 8.15955
      vertex 107.032 12.7704 8.31335
    endloop
  endfacet
  facet normal 0.832066 -0.392217 -0.392215
    outer loop
      vertex 106.887 12.6165 8.15955
      vertex 107.032 11.3561 9.72757
      vertex 106.887 11.2023 9.57376
    endloop
  endfacet
  facet normal 0.750794 -0.467071 -0.467068
    outer loop
      vertex 106.887 11.2023 9.57376
      vertex 106.714 12.4775 8.02046
      vertex 106.887 12.6165 8.15955
    endloop
  endfacet
  facet normal 0.750912 -0.46696 -0.46699
    outer loop
      vertex 106.714 12.4775 8.02046
      vertex 106.887 11.2023 9.57376
      vertex 106.714 11.0632 9.43467
    endloop
  endfacet
  facet normal 0.660699 -0.530774 -0.530807
    outer loop
      vertex 106.714 11.0632 9.43467
      vertex 106.518 12.3555 7.89849
      vertex 106.714 12.4775 8.02046
    endloop
  endfacet
  facet normal 0.660531 -0.530899 -0.530891
    outer loop
      vertex 106.518 12.3555 7.89849
      vertex 106.714 11.0632 9.43467
      vertex 106.518 10.9413 9.31271
    endloop
  endfacet
  facet normal 0.55477 -0.588319 -0.588311
    outer loop
      vertex 106.3 12.2527 7.79572
      vertex 106.518 10.9413 9.31271
      vertex 106.3 10.8385 9.20994
    endloop
  endfacet
  facet normal 0.55477 -0.588319 -0.588311
    outer loop
      vertex 106.518 10.9413 9.31271
      vertex 106.3 12.2527 7.79572
      vertex 106.518 12.3555 7.89849
    endloop
  endfacet
  facet normal 0.441698 -0.634393 -0.634388
    outer loop
      vertex 106.065 12.1709 7.71391
      vertex 106.3 10.8385 9.20994
      vertex 106.065 10.7567 9.12812
    endloop
  endfacet
  facet normal 0.441676 -0.634403 -0.634394
    outer loop
      vertex 106.3 10.8385 9.20994
      vertex 106.065 12.1709 7.71391
      vertex 106.3 12.2527 7.79572
    endloop
  endfacet
  facet normal 0.322399 -0.669355 -0.669345
    outer loop
      vertex 105.818 12.1114 7.65443
      vertex 106.065 10.7567 9.12812
      vertex 105.818 10.6972 9.06865
    endloop
  endfacet
  facet normal 0.322423 -0.669347 -0.669342
    outer loop
      vertex 106.065 10.7567 9.12812
      vertex 105.818 12.1114 7.65443
      vertex 106.065 12.1709 7.71391
    endloop
  endfacet
  facet normal 0.194791 -0.693542 -0.693582
    outer loop
      vertex 105.561 12.0754 7.61835
      vertex 105.818 10.6972 9.06865
      vertex 105.561 10.6611 9.03257
    endloop
  endfacet
  facet normal 0.194531 -0.693603 -0.693594
    outer loop
      vertex 105.818 10.6972 9.06865
      vertex 105.561 12.0754 7.61835
      vertex 105.818 12.1114 7.65443
    endloop
  endfacet
  facet normal 0.0654496 -0.705593 -0.705588
    outer loop
      vertex 105.3 12.0632 7.60625
      vertex 105.561 10.6611 9.03257
      vertex 105.3 10.649 9.02046
    endloop
  endfacet
  facet normal 0.0656919 -0.705559 -0.705599
    outer loop
      vertex 105.561 10.6611 9.03257
      vertex 105.3 12.0632 7.60625
      vertex 105.561 12.0754 7.61835
    endloop
  endfacet
  facet normal 0 -0.707109 -0.707104
    outer loop
      vertex -1.3 10.649 9.02046
      vertex 105.3 12.0632 7.60625
      vertex 105.3 10.649 9.02046
    endloop
  endfacet
  facet normal -0 -0.707109 -0.707104
    outer loop
      vertex 105.3 12.0632 7.60625
      vertex -1.3 10.649 9.02046
      vertex -1.3 12.0632 7.60625
    endloop
  endfacet
  facet normal -0.0654346 -0.705594 -0.705589
    outer loop
      vertex -1.56106 10.6611 9.03257
      vertex -1.3 12.0632 7.60625
      vertex -1.3 10.649 9.02046
    endloop
  endfacet
  facet normal -0.0656768 -0.70556 -0.7056
    outer loop
      vertex -1.3 12.0632 7.60625
      vertex -1.56106 10.6611 9.03257
      vertex -1.56106 12.0754 7.61835
    endloop
  endfacet
  facet normal -0.195098 -0.693499 -0.693538
    outer loop
      vertex -1.81764 10.6972 9.06865
      vertex -1.56106 12.0754 7.61835
      vertex -1.56106 10.6611 9.03257
    endloop
  endfacet
  facet normal -0.194838 -0.69356 -0.693551
    outer loop
      vertex -1.56106 12.0754 7.61835
      vertex -1.81764 10.6972 9.06865
      vertex -1.81764 12.1114 7.65443
    endloop
  endfacet
  facet normal -0.321536 -0.669562 -0.669553
    outer loop
      vertex -2.06538 10.7567 9.12812
      vertex -1.81764 12.1114 7.65443
      vertex -1.81764 10.6972 9.06865
    endloop
  endfacet
  facet normal -0.32156 -0.669554 -0.669549
    outer loop
      vertex -1.81764 12.1114 7.65443
      vertex -2.06538 10.7567 9.12812
      vertex -2.06538 12.1709 7.71391
    endloop
  endfacet
  facet normal -0.442273 -0.634192 -0.634188
    outer loop
      vertex -2.3 10.8385 9.20994
      vertex -2.06538 12.1709 7.71391
      vertex -2.06538 10.7567 9.12812
    endloop
  endfacet
  facet normal -0.442252 -0.634202 -0.634193
    outer loop
      vertex -2.06538 12.1709 7.71391
      vertex -2.3 10.8385 9.20994
      vertex -2.3 12.2527 7.79572
    endloop
  endfacet
  facet normal -0.555599 -0.587928 -0.58792
    outer loop
      vertex -2.51753 10.9413 9.31271
      vertex -2.3 12.2527 7.79572
      vertex -2.3 10.8385 9.20994
    endloop
  endfacet
  facet normal -0.555599 -0.587928 -0.58792
    outer loop
      vertex -2.3 12.2527 7.79572
      vertex -2.51753 10.9413 9.31271
      vertex -2.51753 12.3555 7.89849
    endloop
  endfacet
  facet normal -0.659409 -0.531575 -0.531609
    outer loop
      vertex -2.51753 12.3555 7.89849
      vertex -2.71421 11.0632 9.43467
      vertex -2.71421 12.4775 8.02046
    endloop
  endfacet
  facet normal -0.659241 -0.5317 -0.531692
    outer loop
      vertex -2.71421 11.0632 9.43467
      vertex -2.51753 12.3555 7.89849
      vertex -2.51753 10.9413 9.31271
    endloop
  endfacet
  facet normal -0.751741 -0.466309 -0.466306
    outer loop
      vertex -2.71421 12.4775 8.02046
      vertex -2.88671 11.2023 9.57376
      vertex -2.88671 12.6165 8.15955
    endloop
  endfacet
  facet normal -0.751859 -0.466198 -0.466227
    outer loop
      vertex -2.88671 11.2023 9.57376
      vertex -2.71421 12.4775 8.02046
      vertex -2.71421 11.0632 9.43467
    endloop
  endfacet
  facet normal -0.83154 -0.392761 -0.392784
    outer loop
      vertex -2.88671 12.6165 8.15955
      vertex -3.03205 11.3561 9.72757
      vertex -3.03205 12.7704 8.31335
    endloop
  endfacet
  facet normal -0.831465 -0.392853 -0.392851
    outer loop
      vertex -3.03205 11.3561 9.72757
      vertex -2.88671 12.6165 8.15955
      vertex -2.88671 11.2023 9.57376
    endloop
  endfacet
  facet normal -0.896869 -0.31274 -0.31276
    outer loop
      vertex -3.03205 12.7704 8.31335
      vertex -3.14776 11.522 9.89348
      vertex -3.14776 12.9363 8.47927
    endloop
  endfacet
  facet normal -0.896864 -0.312749 -0.312767
    outer loop
      vertex -3.14776 11.522 9.89348
      vertex -3.03205 12.7704 8.31335
      vertex -3.03205 11.3561 9.72757
    endloop
  endfacet
  facet normal -0.946913 -0.227324 -0.227331
    outer loop
      vertex -3.14776 12.9363 8.47927
      vertex -3.23185 11.6972 10.0686
      vertex -3.23185 13.1114 8.65444
    endloop
  endfacet
  facet normal -0.946927 -0.227291 -0.227305
    outer loop
      vertex -3.23185 11.6972 10.0686
      vertex -3.14776 12.9363 8.47927
      vertex -3.14776 11.522 9.89348
    endloop
  endfacet
  facet normal -0.98079 -0.137933 -0.13793
    outer loop
      vertex -3.23185 13.1114 8.65444
      vertex -3.28289 11.8787 10.2501
      vertex -3.28289 13.2929 8.83587
    endloop
  endfacet
  facet normal -0.980798 -0.137904 -0.137908
    outer loop
      vertex -3.28289 11.8787 10.2501
      vertex -3.23185 13.1114 8.65444
      vertex -3.23185 11.6972 10.0686
    endloop
  endfacet
  facet normal -0.997859 -0.0462445 -0.0462465
    outer loop
      vertex -3.28289 13.2929 8.83587
      vertex -3.3 12.0632 10.4347
      vertex -3.3 13.4775 9.02046
    endloop
  endfacet
  facet normal -0.997858 -0.0462572 -0.0462562
    outer loop
      vertex -3.3 12.0632 10.4347
      vertex -3.28289 13.2929 8.83587
      vertex -3.28289 11.8787 10.2501
    endloop
  endfacet
  facet normal -1 0 0
    outer loop
      vertex -3.3 13.4775 9.02046
      vertex -3.3 59.3263 57.6977
      vertex -3.3 60.7405 56.2835
    endloop
  endfacet
  facet normal -1 0 0
    outer loop
      vertex -3.3 59.3263 57.6977
      vertex -3.3 13.4775 9.02046
      vertex -3.3 12.0632 10.4347
    endloop
  endfacet
  facet normal -0.997859 0.0462442 0.0462442
    outer loop
      vertex -3.3 60.7405 56.2835
      vertex -3.28289 59.5109 57.8823
      vertex -3.28289 60.9251 56.4681
    endloop
  endfacet
  facet normal -0.997859 0.0462442 0.0462442
    outer loop
      vertex -3.28289 59.5109 57.8823
      vertex -3.3 60.7405 56.2835
      vertex -3.3 59.3263 57.6977
    endloop
  endfacet
  facet normal -0.980777 0.137979 0.137979
    outer loop
      vertex -3.28289 60.9251 56.4681
      vertex -3.23185 59.6923 58.0637
      vertex -3.23185 61.1065 56.6495
    endloop
  endfacet
  facet normal -0.980777 0.137979 0.137979
    outer loop
      vertex -3.23185 59.6923 58.0637
      vertex -3.28289 60.9251 56.4681
      vertex -3.28289 59.5109 57.8823
    endloop
  endfacet
  facet normal -0.94695 0.227252 0.227252
    outer loop
      vertex -3.23185 61.1065 56.6495
      vertex -3.14776 59.8675 58.2389
      vertex -3.14776 61.2817 56.8247
    endloop
  endfacet
  facet normal -0.94695 0.227252 0.227252
    outer loop
      vertex -3.14776 59.8675 58.2389
      vertex -3.23185 61.1065 56.6495
      vertex -3.23185 59.6923 58.0637
    endloop
  endfacet
  facet normal -0.896859 0.312765 0.312765
    outer loop
      vertex -3.14776 61.2817 56.8247
      vertex -3.03205 60.0334 58.4048
      vertex -3.03205 61.4476 56.9906
    endloop
  endfacet
  facet normal -0.896859 0.312765 0.312765
    outer loop
      vertex -3.03205 60.0334 58.4048
      vertex -3.14776 61.2817 56.8247
      vertex -3.14776 59.8675 58.2389
    endloop
  endfacet
  facet normal -0.831457 0.392861 0.392861
    outer loop
      vertex -3.03205 61.4476 56.9906
      vertex -2.88671 60.1872 58.5586
      vertex -2.88671 61.6014 57.1444
    endloop
  endfacet
  facet normal -0.831457 0.392861 0.392861
    outer loop
      vertex -2.88671 60.1872 58.5586
      vertex -3.03205 61.4476 56.9906
      vertex -3.03205 60.0334 58.4048
    endloop
  endfacet
  facet normal -0.751871 0.466203 0.466203
    outer loop
      vertex -2.88671 61.6014 57.1444
      vertex -2.71421 60.3263 58.6977
      vertex -2.71421 61.7405 57.2835
    endloop
  endfacet
  facet normal -0.751871 0.466203 0.466203
    outer loop
      vertex -2.71421 60.3263 58.6977
      vertex -2.88671 61.6014 57.1444
      vertex -2.88671 60.1872 58.5586
    endloop
  endfacet
  facet normal -0.659302 0.531658 0.531658
    outer loop
      vertex -2.71421 61.7405 57.2835
      vertex -2.51753 60.4482 58.8197
      vertex -2.51753 61.8624 57.4055
    endloop
  endfacet
  facet normal -0.659302 0.531658 0.531658
    outer loop
      vertex -2.51753 60.4482 58.8197
      vertex -2.71421 61.7405 57.2835
      vertex -2.71421 60.3263 58.6977
    endloop
  endfacet
  facet normal -0.555469 0.587986 0.587986
    outer loop
      vertex -2.3 61.9652 57.5082
      vertex -2.51753 60.4482 58.8197
      vertex -2.3 60.551 58.9224
    endloop
  endfacet
  facet normal -0.555469 0.587986 0.587986
    outer loop
      vertex -2.51753 60.4482 58.8197
      vertex -2.3 61.9652 57.5082
      vertex -2.51753 61.8624 57.4055
    endloop
  endfacet
  facet normal -0.44223 0.634228 0.634183
    outer loop
      vertex -2.3 61.9652 57.5082
      vertex -2.06538 60.6328 59.0043
      vertex -2.06538 62.047 57.59
    endloop
  endfacet
  facet normal -0.442447 0.634129 0.634129
    outer loop
      vertex -2.06538 60.6328 59.0043
      vertex -2.3 61.9652 57.5082
      vertex -2.3 60.551 58.9224
    endloop
  endfacet
  facet normal -0.321366 0.669598 0.669598
    outer loop
      vertex -1.81764 62.1065 57.6495
      vertex -2.06538 60.6328 59.0043
      vertex -1.81764 60.6923 59.0637
    endloop
  endfacet
  facet normal -0.321608 0.669564 0.669516
    outer loop
      vertex -2.06538 60.6328 59.0043
      vertex -1.81764 62.1065 57.6495
      vertex -2.06538 62.047 57.59
    endloop
  endfacet
  facet normal -0.19515 0.693512 0.693512
    outer loop
      vertex -1.56106 62.1426 57.6856
      vertex -1.81764 60.6923 59.0637
      vertex -1.56106 60.7284 59.0998
    endloop
  endfacet
  facet normal -0.19515 0.693512 0.693512
    outer loop
      vertex -1.81764 60.6923 59.0637
      vertex -1.56106 62.1426 57.6856
      vertex -1.81764 62.1065 57.6495
    endloop
  endfacet
  facet normal -0.0654077 0.705593 0.705593
    outer loop
      vertex -1.3 62.1547 57.6977
      vertex -1.56106 60.7284 59.0998
      vertex -1.3 60.7405 59.1119
    endloop
  endfacet
  facet normal -0.0654077 0.705593 0.705593
    outer loop
      vertex -1.56106 60.7284 59.0998
      vertex -1.3 62.1547 57.6977
      vertex -1.56106 62.1426 57.6856
    endloop
  endfacet
  facet normal 0 0.707107 0.707107
    outer loop
      vertex 72.1185 62.1547 57.6977
      vertex -1.3 60.7405 59.1119
      vertex 72.1185 60.7405 59.1119
    endloop
  endfacet
  facet normal 0 0.707107 0.707107
    outer loop
      vertex -1.3 60.7405 59.1119
      vertex 72.1185 62.1547 57.6977
      vertex -1.3 62.1547 57.6977
    endloop
  endfacet
  facet normal 0 0.707107 0.707107
    outer loop
      vertex 105.3 62.1547 57.6977
      vertex 99.8815 60.7405 59.1119
      vertex 105.3 60.7405 59.1119
    endloop
  endfacet
  facet normal 0 0.707107 0.707107
    outer loop
      vertex 99.8815 60.7405 59.1119
      vertex 105.3 62.1547 57.6977
      vertex 99.8815 62.1547 57.6977
    endloop
  endfacet
  facet normal 0 0.707107 0.707107
    outer loop
      vertex 96.1185 62.1547 57.6977
      vertex 75.8815 60.7405 59.1119
      vertex 96.1185 60.7405 59.1119
    endloop
  endfacet
  facet normal 0 0.707107 0.707107
    outer loop
      vertex 75.8815 60.7405 59.1119
      vertex 96.1185 62.1547 57.6977
      vertex 75.8815 62.1547 57.6977
    endloop
  endfacet
  facet normal 0.0654227 0.705592 0.705592
    outer loop
      vertex 105.561 60.7284 59.0998
      vertex 105.3 62.1547 57.6977
      vertex 105.3 60.7405 59.1119
    endloop
  endfacet
  facet normal 0.0654227 0.705592 0.705592
    outer loop
      vertex 105.3 62.1547 57.6977
      vertex 105.561 60.7284 59.0998
      vertex 105.561 62.1426 57.6856
    endloop
  endfacet
  facet normal 0.0654028 -0.705568 -0.705618
    outer loop
      vertex -1.23054 59.8859 58.2573
      vertex -1.1 61.3062 56.8492
      vertex -1.1 59.8919 58.2634
    endloop
  endfacet
  facet normal 0.0659409 -0.705568 -0.705568
    outer loop
      vertex -1.1 61.3062 56.8492
      vertex -1.23054 59.8859 58.2573
      vertex -1.23054 61.3001 56.8431
    endloop
  endfacet
  facet normal 0.194644 -0.693583 -0.693583
    outer loop
      vertex -1.35882 59.8679 58.2393
      vertex -1.23054 61.3001 56.8431
      vertex -1.23054 59.8859 58.2573
    endloop
  endfacet
  facet normal 0.194644 -0.693583 -0.693583
    outer loop
      vertex -1.23054 61.3001 56.8431
      vertex -1.35882 59.8679 58.2393
      vertex -1.35882 61.2821 56.8251
    endloop
  endfacet
  facet normal 0.321608 -0.66954 -0.66954
    outer loop
      vertex -1.48269 59.8381 58.2096
      vertex -1.35882 61.2821 56.8251
      vertex -1.35882 59.8679 58.2393
    endloop
  endfacet
  facet normal 0.322093 -0.669447 -0.6694
    outer loop
      vertex -1.35882 61.2821 56.8251
      vertex -1.48269 59.8381 58.2096
      vertex -1.48269 61.2523 56.7953
    endloop
  endfacet
  facet normal 0.442665 -0.634076 -0.634031
    outer loop
      vertex -1.6 59.7972 58.1686
      vertex -1.48269 61.2523 56.7953
      vertex -1.48269 59.8381 58.2096
    endloop
  endfacet
  facet normal 0.44223 -0.634205 -0.634205
    outer loop
      vertex -1.48269 61.2523 56.7953
      vertex -1.6 59.7972 58.1686
      vertex -1.6 61.2114 56.7544
    endloop
  endfacet
  facet normal 0.555264 -0.588082 -0.588082
    outer loop
      vertex -1.70877 59.7458 58.1173
      vertex -1.6 61.2114 56.7544
      vertex -1.6 59.7972 58.1686
    endloop
  endfacet
  facet normal 0.555638 -0.587927 -0.587885
    outer loop
      vertex -1.6 61.2114 56.7544
      vertex -1.70877 59.7458 58.1173
      vertex -1.70877 61.16 56.703
    endloop
  endfacet
  facet normal 0.658843 -0.531961 -0.531924
    outer loop
      vertex -1.70877 59.7458 58.1173
      vertex -1.80711 61.0991 56.6421
      vertex -1.70877 61.16 56.703
    endloop
  endfacet
  facet normal 0.659455 -0.531545 -0.531582
    outer loop
      vertex -1.80711 61.0991 56.6421
      vertex -1.70877 59.7458 58.1173
      vertex -1.80711 59.6848 58.0563
    endloop
  endfacet
  facet normal 0.752068 -0.466028 -0.466061
    outer loop
      vertex -1.80711 59.6848 58.0563
      vertex -1.89337 61.0295 56.5725
      vertex -1.80711 61.0991 56.6421
    endloop
  endfacet
  facet normal 0.751833 -0.466234 -0.466234
    outer loop
      vertex -1.89337 61.0295 56.5725
      vertex -1.80711 59.6848 58.0563
      vertex -1.89337 59.6153 57.9867
    endloop
  endfacet
  facet normal 0.831492 -0.392823 -0.392823
    outer loop
      vertex -1.89337 59.6153 57.9867
      vertex -1.96603 60.9526 56.4956
      vertex -1.89337 61.0295 56.5725
    endloop
  endfacet
  facet normal 0.831492 -0.392823 -0.392823
    outer loop
      vertex -1.96603 60.9526 56.4956
      vertex -1.89337 59.6153 57.9867
      vertex -1.96603 59.5384 57.9098
    endloop
  endfacet
  facet normal 0.896738 -0.312939 -0.312939
    outer loop
      vertex -1.96603 59.5384 57.9098
      vertex -2.02389 60.8697 56.4127
      vertex -1.96603 60.9526 56.4956
    endloop
  endfacet
  facet normal 0.896844 -0.312776 -0.312798
    outer loop
      vertex -2.02389 60.8697 56.4127
      vertex -1.96603 59.5384 57.9098
      vertex -2.02389 59.4554 57.8269
    endloop
  endfacet
  facet normal 0.946961 -0.227219 -0.227235
    outer loop
      vertex -2.02389 59.4554 57.8269
      vertex -2.06593 60.7821 56.3251
      vertex -2.02389 60.8697 56.4127
    endloop
  endfacet
  facet normal 0.946905 -0.227344 -0.227344
    outer loop
      vertex -2.06593 60.7821 56.3251
      vertex -2.02389 59.4554 57.8269
      vertex -2.06593 59.3679 57.7393
    endloop
  endfacet
  facet normal 0.980762 -0.138031 -0.138031
    outer loop
      vertex -2.06593 59.3679 57.7393
      vertex -2.09146 60.6914 56.2344
      vertex -2.06593 60.7821 56.3251
    endloop
  endfacet
  facet normal 0.980783 -0.137953 -0.137963
    outer loop
      vertex -2.09146 60.6914 56.2344
      vertex -2.06593 59.3679 57.7393
      vertex -2.09146 59.2771 57.6486
    endloop
  endfacet
  facet normal 0.997867 -0.0461619 -0.0461651
    outer loop
      vertex -2.09146 59.2771 57.6486
      vertex -2.1 60.5991 56.1421
      vertex -2.09146 60.6914 56.2344
    endloop
  endfacet
  facet normal 0.997867 -0.0461619 -0.0461651
    outer loop
      vertex -2.1 60.5991 56.1421
      vertex -2.09146 59.2771 57.6486
      vertex -2.1 59.1848 57.5563
    endloop
  endfacet
  facet normal 1 0 0
    outer loop
      vertex -2.1 59.1848 57.5563
      vertex -2.1 13.6189 9.16189
      vertex -2.1 60.5991 56.1421
    endloop
  endfacet
  facet normal 1 0 -0
    outer loop
      vertex -2.1 13.6189 9.16189
      vertex -2.1 59.1848 57.5563
      vertex -2.1 12.2047 10.5761
    endloop
  endfacet
  facet normal 0.997867 0.0461637 0.0461633
    outer loop
      vertex -2.1 12.2047 10.5761
      vertex -2.09146 13.5266 9.06959
      vertex -2.1 13.6189 9.16189
    endloop
  endfacet
  facet normal 0.997867 0.0461637 0.0461633
    outer loop
      vertex -2.09146 13.5266 9.06959
      vertex -2.1 12.2047 10.5761
      vertex -2.09146 12.1124 10.4838
    endloop
  endfacet
  facet normal 0.980764 0.138024 0.138023
    outer loop
      vertex -2.09146 12.1124 10.4838
      vertex -2.06593 13.4359 8.97888
      vertex -2.09146 13.5266 9.06959
    endloop
  endfacet
  facet normal 0.980762 0.138032 0.13803
    outer loop
      vertex -2.06593 13.4359 8.97888
      vertex -2.09146 12.1124 10.4838
      vertex -2.06593 12.0217 10.3931
    endloop
  endfacet
  facet normal 0.946956 0.227241 0.227237
    outer loop
      vertex -2.06593 12.0217 10.3931
      vertex -2.02389 13.3483 8.89129
      vertex -2.06593 13.4359 8.97888
    endloop
  endfacet
  facet normal 0.946961 0.227228 0.227227
    outer loop
      vertex -2.02389 13.3483 8.89129
      vertex -2.06593 12.0217 10.3931
      vertex -2.02389 11.9341 10.3055
    endloop
  endfacet
  facet normal 0.896897 0.312712 0.31271
    outer loop
      vertex -2.02389 11.9341 10.3055
      vertex -1.96603 13.2653 8.80834
      vertex -2.02389 13.3483 8.89129
    endloop
  endfacet
  facet normal 0.896844 0.312794 0.31278
    outer loop
      vertex -1.96603 13.2653 8.80834
      vertex -2.02389 11.9341 10.3055
      vertex -1.96603 11.8511 10.2226
    endloop
  endfacet
  facet normal 0.831509 0.392814 0.392797
    outer loop
      vertex -1.96603 11.8511 10.2226
      vertex -1.89337 13.1884 8.73143
      vertex -1.96603 13.2653 8.80834
    endloop
  endfacet
  facet normal 0.831659 0.392643 0.392651
    outer loop
      vertex -1.89337 13.1884 8.73143
      vertex -1.96603 11.8511 10.2226
      vertex -1.89337 11.7742 10.1456
    endloop
  endfacet
  facet normal 0.751692 0.466342 0.466352
    outer loop
      vertex -1.89337 11.7742 10.1456
      vertex -1.80711 13.1189 8.66189
      vertex -1.89337 13.1884 8.73143
    endloop
  endfacet
  facet normal 0.751598 0.466425 0.466421
    outer loop
      vertex -1.80711 13.1189 8.66189
      vertex -1.89337 11.7742 10.1456
      vertex -1.80711 11.7047 10.0761
    endloop
  endfacet
  facet normal 0.659424 0.531584 0.531581
    outer loop
      vertex -1.80711 11.7047 10.0761
      vertex -1.70877 13.0579 8.6009
      vertex -1.80711 13.1189 8.66189
    endloop
  endfacet
  facet normal 0.659455 0.531564 0.531564
    outer loop
      vertex -1.70877 13.0579 8.6009
      vertex -1.80711 11.7047 10.0761
      vertex -1.70877 11.6437 10.0151
    endloop
  endfacet
  facet normal 0.555563 0.587941 0.587941
    outer loop
      vertex -1.70877 11.6437 10.0151
      vertex -1.6 13.0065 8.54952
      vertex -1.70877 13.0579 8.6009
    endloop
  endfacet
  facet normal 0.555526 0.587961 0.587957
    outer loop
      vertex -1.6 13.0065 8.54952
      vertex -1.70877 11.6437 10.0151
      vertex -1.6 11.5923 9.96373
    endloop
  endfacet
  facet normal 0.442273 0.634192 0.634188
    outer loop
      vertex -1.48269 11.5514 9.92282
      vertex -1.6 13.0065 8.54952
      vertex -1.6 11.5923 9.96373
    endloop
  endfacet
  facet normal 0.442317 0.634179 0.63417
    outer loop
      vertex -1.6 13.0065 8.54952
      vertex -1.48269 11.5514 9.92282
      vertex -1.48269 12.9656 8.5086
    endloop
  endfacet
  facet normal 0.321269 0.669626 0.669617
    outer loop
      vertex -1.35882 11.5217 9.89309
      vertex -1.48269 12.9656 8.5086
      vertex -1.48269 11.5514 9.92282
    endloop
  endfacet
  facet normal 0.321221 0.669636 0.669631
    outer loop
      vertex -1.48269 12.9656 8.5086
      vertex -1.35882 11.5217 9.89309
      vertex -1.35882 12.9359 8.47888
    endloop
  endfacet
  facet normal 0.195424 0.693475 0.69347
    outer loop
      vertex -1.23054 11.5036 9.87504
      vertex -1.35882 12.9359 8.47888
      vertex -1.35882 11.5217 9.89309
    endloop
  endfacet
  facet normal 0.195424 0.693475 0.69347
    outer loop
      vertex -1.35882 12.9359 8.47888
      vertex -1.23054 11.5036 9.87504
      vertex -1.23054 12.9178 8.46083
    endloop
  endfacet
  facet normal 0.0650798 0.70561 0.705605
    outer loop
      vertex -1.1 11.4976 9.869
      vertex -1.23054 12.9178 8.46083
      vertex -1.23054 11.5036 9.87504
    endloop
  endfacet
  facet normal 0.0651336 0.70561 0.7056
    outer loop
      vertex -1.23054 12.9178 8.46083
      vertex -1.1 11.4976 9.869
      vertex -1.1 12.9118 8.45478
    endloop
  endfacet
  facet normal -0 0.707112 0.707102
    outer loop
      vertex -1.1 12.9118 8.45478
      vertex 105.1 11.4976 9.869
      vertex 105.1 12.9118 8.45478
    endloop
  endfacet
  facet normal 0 0.707112 0.707102
    outer loop
      vertex 105.1 11.4976 9.869
      vertex -1.1 12.9118 8.45478
      vertex -1.1 11.4976 9.869
    endloop
  endfacet
  facet normal -0.0648522 0.705621 0.705616
    outer loop
      vertex 105.231 12.9178 8.46083
      vertex 105.1 11.4976 9.869
      vertex 105.231 11.5036 9.87504
    endloop
  endfacet
  facet normal -0.0649059 0.705621 0.705611
    outer loop
      vertex 105.1 11.4976 9.869
      vertex 105.231 12.9178 8.46083
      vertex 105.1 12.9118 8.45478
    endloop
  endfacet
  facet normal -0.195836 0.693417 0.693412
    outer loop
      vertex 105.231 12.9178 8.46083
      vertex 105.359 11.5217 9.89309
      vertex 105.359 12.9359 8.47888
    endloop
  endfacet
  facet normal -0.195836 0.693417 0.693412
    outer loop
      vertex 105.359 11.5217 9.89309
      vertex 105.231 12.9178 8.46083
      vertex 105.231 11.5036 9.87504
    endloop
  endfacet
  facet normal -0.320967 0.669699 0.669689
    outer loop
      vertex 105.483 12.9656 8.5086
      vertex 105.359 11.5217 9.89309
      vertex 105.483 11.5514 9.92282
    endloop
  endfacet
  facet normal -0.320919 0.669708 0.669703
    outer loop
      vertex 105.359 11.5217 9.89309
      vertex 105.483 12.9656 8.5086
      vertex 105.359 12.9359 8.47888
    endloop
  endfacet
  facet normal -0.443215 0.633864 0.633859
    outer loop
      vertex 105.6 13.0065 8.54952
      vertex 105.483 11.5514 9.92282
      vertex 105.6 11.5923 9.96373
    endloop
  endfacet
  facet normal -0.443259 0.633851 0.633842
    outer loop
      vertex 105.483 11.5514 9.92282
      vertex 105.6 13.0065 8.54952
      vertex 105.483 12.9656 8.5086
    endloop
  endfacet
  facet normal -0.554714 0.588342 0.588342
    outer loop
      vertex 105.709 13.0579 8.6009
      vertex 105.6 11.5923 9.96373
      vertex 105.709 11.6437 10.0151
    endloop
  endfacet
  facet normal -0.554752 0.588326 0.588322
    outer loop
      vertex 105.6 11.5923 9.96373
      vertex 105.709 13.0579 8.6009
      vertex 105.6 13.0065 8.54952
    endloop
  endfacet
  facet normal -0.660714 0.530783 0.530779
    outer loop
      vertex 105.709 13.0579 8.6009
      vertex 105.807 11.7047 10.0761
      vertex 105.807 13.1189 8.66189
    endloop
  endfacet
  facet normal -0.660745 0.530762 0.530762
    outer loop
      vertex 105.807 11.7047 10.0761
      vertex 105.709 13.0579 8.6009
      vertex 105.709 11.6437 10.0151
    endloop
  endfacet
  facet normal -0.752678 0.465547 0.465556
    outer loop
      vertex 105.807 13.1189 8.66189
      vertex 105.893 11.7742 10.1456
      vertex 105.893 13.1884 8.73143
    endloop
  endfacet
  facet normal -0.752584 0.465629 0.465626
    outer loop
      vertex 105.893 11.7742 10.1456
      vertex 105.807 13.1189 8.66189
      vertex 105.807 11.7047 10.0761
    endloop
  endfacet
  facet normal -0.830308 0.394082 0.394065
    outer loop
      vertex 105.893 13.1884 8.73143
      vertex 105.966 11.8511 10.2226
      vertex 105.966 13.2653 8.80834
    endloop
  endfacet
  facet normal -0.830459 0.393911 0.393919
    outer loop
      vertex 105.966 11.8511 10.2226
      vertex 105.893 13.1884 8.73143
      vertex 105.893 11.7742 10.1456
    endloop
  endfacet
  facet normal -0.896472 0.313321 0.313318
    outer loop
      vertex 105.966 13.2653 8.80834
      vertex 106.024 11.9341 10.3055
      vertex 106.024 13.3483 8.89129
    endloop
  endfacet
  facet normal -0.896419 0.313402 0.313389
    outer loop
      vertex 106.024 11.9341 10.3055
      vertex 105.966 13.2653 8.80834
      vertex 105.966 11.8511 10.2226
    endloop
  endfacet
  facet normal -0.947049 0.227047 0.227044
    outer loop
      vertex 106.024 13.3483 8.89129
      vertex 106.066 12.0217 10.3931
      vertex 106.066 13.4359 8.97888
    endloop
  endfacet
  facet normal -0.947054 0.227034 0.227033
    outer loop
      vertex 106.066 12.0217 10.3931
      vertex 106.024 13.3483 8.89129
      vertex 106.024 11.9341 10.3055
    endloop
  endfacet
  facet normal -0.981533 0.135265 0.135264
    outer loop
      vertex 106.066 13.4359 8.97888
      vertex 106.091 12.1124 10.4838
      vertex 106.091 13.5266 9.06959
    endloop
  endfacet
  facet normal -0.981531 0.135273 0.135271
    outer loop
      vertex 106.091 12.1124 10.4838
      vertex 106.066 13.4359 8.97888
      vertex 106.066 12.0217 10.3931
    endloop
  endfacet
  facet normal -0.997631 0.0486388 0.0486384
    outer loop
      vertex 106.091 13.5266 9.06959
      vertex 106.1 12.2047 10.5761
      vertex 106.1 13.6189 9.16189
    endloop
  endfacet
  facet normal -0.997631 0.0486388 0.0486384
    outer loop
      vertex 106.1 12.2047 10.5761
      vertex 106.091 13.5266 9.06959
      vertex 106.091 12.1124 10.4838
    endloop
  endfacet
  facet normal -1 0 0
    outer loop
      vertex 106.1 13.6189 9.16189
      vertex 106.1 59.1848 57.5563
      vertex 106.1 60.5991 56.1421
    endloop
  endfacet
  facet normal -1 0 0
    outer loop
      vertex 106.1 59.1848 57.5563
      vertex 106.1 13.6189 9.16189
      vertex 106.1 12.2047 10.5761
    endloop
  endfacet
  facet normal -0.997631 -0.0486369 -0.0486403
    outer loop
      vertex 106.1 60.5991 56.1421
      vertex 106.091 59.2771 57.6486
      vertex 106.091 60.6914 56.2344
    endloop
  endfacet
  facet normal -0.997631 -0.0486369 -0.0486403
    outer loop
      vertex 106.091 59.2771 57.6486
      vertex 106.1 60.5991 56.1421
      vertex 106.1 59.1848 57.5563
    endloop
  endfacet
  facet normal -0.981531 -0.135272 -0.135272
    outer loop
      vertex 106.091 60.6914 56.2344
      vertex 106.066 59.3679 57.7393
      vertex 106.066 60.7821 56.3251
    endloop
  endfacet
  facet normal -0.981551 -0.135195 -0.135205
    outer loop
      vertex 106.066 59.3679 57.7393
      vertex 106.091 60.6914 56.2344
      vertex 106.091 59.2771 57.6486
    endloop
  endfacet
  facet normal -0.947054 -0.227026 -0.227042
    outer loop
      vertex 106.066 60.7821 56.3251
      vertex 106.024 59.4554 57.8269
      vertex 106.024 60.8697 56.4127
    endloop
  endfacet
  facet normal -0.946998 -0.22715 -0.22715
    outer loop
      vertex 106.024 59.4554 57.8269
      vertex 106.066 60.7821 56.3251
      vertex 106.066 59.3679 57.7393
    endloop
  endfacet
  facet normal -0.896313 -0.313547 -0.313547
    outer loop
      vertex 106.024 60.8697 56.4127
      vertex 105.966 59.5384 57.9098
      vertex 105.966 60.9526 56.4956
    endloop
  endfacet
  facet normal -0.896419 -0.313384 -0.313406
    outer loop
      vertex 105.966 59.5384 57.9098
      vertex 106.024 60.8697 56.4127
      vertex 106.024 59.4554 57.8269
    endloop
  endfacet
  facet normal -0.830291 -0.394091 -0.394091
    outer loop
      vertex 105.966 60.9526 56.4956
      vertex 105.893 59.6153 57.9867
      vertex 105.893 61.0295 56.5725
    endloop
  endfacet
  facet normal -0.830291 -0.394091 -0.394091
    outer loop
      vertex 105.893 59.6153 57.9867
      vertex 105.966 60.9526 56.4956
      vertex 105.966 59.5384 57.9098
    endloop
  endfacet
  facet normal -0.753053 -0.465232 -0.465265
    outer loop
      vertex 105.893 61.0295 56.5725
      vertex 105.807 59.6848 58.0563
      vertex 105.807 61.0991 56.6421
    endloop
  endfacet
  facet normal -0.752818 -0.465438 -0.465438
    outer loop
      vertex 105.807 59.6848 58.0563
      vertex 105.893 61.0295 56.5725
      vertex 105.893 59.6153 57.9867
    endloop
  endfacet
  facet normal -0.660134 -0.531161 -0.531123
    outer loop
      vertex 105.807 61.0991 56.6421
      vertex 105.709 59.7458 58.1173
      vertex 105.709 61.16 56.703
    endloop
  endfacet
  facet normal -0.660745 -0.530743 -0.530781
    outer loop
      vertex 105.709 59.7458 58.1173
      vertex 105.807 61.0991 56.6421
      vertex 105.807 59.6848 58.0563
    endloop
  endfacet
  facet normal -0.554453 -0.588486 -0.588444
    outer loop
      vertex 105.6 59.7972 58.1686
      vertex 105.709 61.16 56.703
      vertex 105.709 59.7458 58.1173
    endloop
  endfacet
  facet normal -0.554827 -0.588289 -0.588289
    outer loop
      vertex 105.709 61.16 56.703
      vertex 105.6 59.7972 58.1686
      vertex 105.6 61.2114 56.7544
    endloop
  endfacet
  facet normal -0.443607 -0.633747 -0.633702
    outer loop
      vertex 105.483 61.2523 56.7953
      vertex 105.6 59.7972 58.1686
      vertex 105.483 59.8381 58.2096
    endloop
  endfacet
  facet normal -0.443172 -0.633876 -0.633876
    outer loop
      vertex 105.6 59.7972 58.1686
      vertex 105.483 61.2523 56.7953
      vertex 105.6 61.2114 56.7544
    endloop
  endfacet
  facet normal -0.321306 -0.669613 -0.669613
    outer loop
      vertex 105.359 61.2821 56.8251
      vertex 105.483 59.8381 58.2096
      vertex 105.359 59.8679 58.2393
    endloop
  endfacet
  facet normal -0.32179 -0.66952 -0.669473
    outer loop
      vertex 105.483 59.8381 58.2096
      vertex 105.359 61.2821 56.8251
      vertex 105.483 61.2523 56.7953
    endloop
  endfacet
  facet normal -0.195054 -0.693525 -0.693525
    outer loop
      vertex 105.231 61.3001 56.8431
      vertex 105.359 59.8679 58.2393
      vertex 105.231 59.8859 58.2573
    endloop
  endfacet
  facet normal -0.195054 -0.693525 -0.693525
    outer loop
      vertex 105.359 59.8679 58.2393
      vertex 105.231 61.3001 56.8431
      vertex 105.359 61.2821 56.8251
    endloop
  endfacet
  facet normal -0.0651741 -0.705578 -0.705628
    outer loop
      vertex 105.1 61.3062 56.8492
      vertex 105.231 59.8859 58.2573
      vertex 105.1 59.8919 58.2634
    endloop
  endfacet
  facet normal -0.0657104 -0.705579 -0.705579
    outer loop
      vertex 105.231 59.8859 58.2573
      vertex 105.1 61.3062 56.8492
      vertex 105.231 61.3001 56.8431
    endloop
  endfacet
  facet normal 0 -0.707082 -0.707132
    outer loop
      vertex -1.1 61.3062 56.8492
      vertex 70.8427 59.8919 58.2634
      vertex -1.1 59.8919 58.2634
    endloop
  endfacet
  facet normal 0 -0.707082 -0.707132
    outer loop
      vertex 70.8427 59.8919 58.2634
      vertex -1.1 61.3062 56.8492
      vertex 70.8427 61.3062 56.8492
    endloop
  endfacet
  facet normal 0 -0.707082 -0.707132
    outer loop
      vertex 101.157 61.3062 56.8492
      vertex 105.1 59.8919 58.2634
      vertex 101.157 59.8919 58.2634
    endloop
  endfacet
  facet normal 0 -0.707082 -0.707132
    outer loop
      vertex 105.1 59.8919 58.2634
      vertex 101.157 61.3062 56.8492
      vertex 105.1 61.3062 56.8492
    endloop
  endfacet
  facet normal 0 -0.707082 -0.707132
    outer loop
      vertex 77.1573 61.3062 56.8492
      vertex 94.8427 59.8919 58.2634
      vertex 77.1573 59.8919 58.2634
    endloop
  endfacet
  facet normal 0 -0.707082 -0.707132
    outer loop
      vertex 94.8427 59.8919 58.2634
      vertex 77.1573 61.3062 56.8492
      vertex 94.8427 61.3062 56.8492
    endloop
  endfacet
  facet normal -0.980788 0.137935 0.137944
    outer loop
      vertex -5.95723 62.6619 54.8608
      vertex -5.82964 61.4434 56.9864
      vertex -5.82964 63.1155 55.3144
    endloop
  endfacet
  facet normal -0.980788 0.137935 0.137944
    outer loop
      vertex -5.82964 61.4434 56.9864
      vertex -5.95723 62.6619 54.8608
      vertex -5.95723 60.9898 56.5328
    endloop
  endfacet
  facet normal -0.99786 0.0462375 0.0462402
    outer loop
      vertex -6 62.2004 54.3993
      vertex -5.95723 60.9898 56.5328
      vertex -5.95723 62.6619 54.8608
    endloop
  endfacet
  facet normal -0.99786 0.0462375 0.0462402
    outer loop
      vertex -5.95723 60.9898 56.5328
      vertex -6 62.2004 54.3993
      vertex -6 60.5283 56.0713
    endloop
  endfacet
  facet normal 0.442131 0.634259 0.634221
    outer loop
      vertex 107.5 63.5902 59.1332
      vertex 106.913 65.4668 57.6657
      vertex 106.913 63.7948 59.3378
    endloop
  endfacet
  facet normal 0.441957 0.634281 0.634319
    outer loop
      vertex 106.913 65.4668 57.6657
      vertex 107.5 63.5902 59.1332
      vertex 107.5 65.2623 57.4612
    endloop
  endfacet
  facet normal 0.831738 0.392552 0.392575
    outer loop
      vertex 108.967 62.6806 58.2236
      vertex 109.33 63.9682 56.167
      vertex 108.967 64.3527 56.5516
    endloop
  endfacet
  facet normal 0.831704 0.392599 0.392599
    outer loop
      vertex 109.33 63.9682 56.167
      vertex 108.967 62.6806 58.2236
      vertex 109.33 62.2961 57.8391
    endloop
  endfacet
  facet normal 0.065319 -0.70559 -0.705604
    outer loop
      vertex 105.539 11.8511 4.04999
      vertex 105.653 10.1843 5.72731
      vertex 105 10.1541 5.69706
    endloop
  endfacet
  facet normal 0.0653604 -0.705586 -0.705603
    outer loop
      vertex 105.653 10.1843 5.72731
      vertex 105.539 11.8511 4.04999
      vertex 105.653 11.8564 4.05525
    endloop
  endfacet
  facet normal 0.0654138 -0.705601 -0.705584
    outer loop
      vertex 105.539 11.8511 4.04999
      vertex 105 10.1541 5.69706
      vertex 105 11.8511 4.00002
    endloop
  endfacet
  facet normal 0.98096 -0.137326 -0.137329
    outer loop
      vertex 109.957 13.2281 8.77112
      vertex 109.83 14.4466 6.64547
      vertex 109.957 14.9002 7.09906
    endloop
  endfacet
  facet normal 0.98096 -0.137326 -0.137329
    outer loop
      vertex 109.83 14.4466 6.64547
      vertex 109.957 13.2281 8.77112
      vertex 109.83 12.7745 8.31753
    endloop
  endfacet
  facet normal 0.997837 -0.0464869 -0.046488
    outer loop
      vertex 110 13.6896 9.2326
      vertex 109.957 14.9002 7.09906
      vertex 110 15.3617 7.56054
    endloop
  endfacet
  facet normal 0.997837 -0.0464869 -0.046488
    outer loop
      vertex 109.957 14.9002 7.09906
      vertex 110 13.6896 9.2326
      vertex 109.957 13.2281 8.77112
    endloop
  endfacet
  facet normal 0.946569 -0.228039 -0.228045
    outer loop
      vertex 109.83 12.7745 8.31753
      vertex 109.619 14.0087 6.20754
      vertex 109.83 14.4466 6.64547
    endloop
  endfacet
  facet normal 0.946569 -0.228039 -0.228045
    outer loop
      vertex 109.619 14.0087 6.20754
      vertex 109.83 12.7745 8.31753
      vertex 109.619 12.3366 7.8796
    endloop
  endfacet
  facet normal -0.751831 0.466221 0.466249
    outer loop
      vertex -4.96678 64.3527 56.5516
      vertex -4.53554 63.0283 58.5713
      vertex -4.53554 64.7004 56.8993
    endloop
  endfacet
  facet normal -0.751831 0.466221 0.466249
    outer loop
      vertex -4.53554 63.0283 58.5713
      vertex -4.96678 64.3527 56.5516
      vertex -4.96678 62.6806 58.2236
    endloop
  endfacet
  facet normal -0.831483 0.392821 0.392845
    outer loop
      vertex -5.33014 63.9682 56.167
      vertex -4.96678 62.6806 58.2236
      vertex -4.96678 64.3527 56.5516
    endloop
  endfacet
  facet normal -0.83145 0.392868 0.392868
    outer loop
      vertex -4.96678 62.6806 58.2236
      vertex -5.33014 63.9682 56.167
      vertex -5.33014 62.2961 57.8391
    endloop
  endfacet
  facet normal -0.65931 0.531669 0.531638
    outer loop
      vertex -4.53554 64.7004 56.8993
      vertex -4.04381 63.3333 58.8763
      vertex -4.04381 65.0053 57.2042
    endloop
  endfacet
  facet normal -0.659432 0.531562 0.531594
    outer loop
      vertex -4.04381 63.3333 58.8763
      vertex -4.53554 64.7004 56.8993
      vertex -4.53554 63.0283 58.5713
    endloop
  endfacet
  facet normal 0 -0.707115 -0.707098
    outer loop
      vertex -1 11.8511 4.00002
      vertex 105 10.1541 5.69706
      vertex -1 10.1541 5.69706
    endloop
  endfacet
  facet normal 0 -0.707115 -0.707098
    outer loop
      vertex 105 10.1541 5.69706
      vertex -1 11.8511 4.00002
      vertex 105 11.8511 4.00002
    endloop
  endfacet
  facet normal -1 0 0
    outer loop
      vertex -6 65.7609 0
      vertex -6 62.2004 54.3993
      vertex -6 65.7609 57.9598
    endloop
  endfacet
  facet normal -1 0 0
    outer loop
      vertex -6 15.3617 7.56054
      vertex -6 62.2004 54.3993
      vertex -6 65.7609 0
    endloop
  endfacet
  facet normal -1 -0 0
    outer loop
      vertex -6 62.2004 54.3993
      vertex -6 15.3617 7.56054
      vertex -6 60.5283 56.0713
    endloop
  endfacet
  facet normal -1 0 0
    outer loop
      vertex -6 11.8511 0
      vertex -6 15.3617 7.56054
      vertex -6 65.7609 0
    endloop
  endfacet
  facet normal -1 0 0
    outer loop
      vertex -6 15.3617 7.56054
      vertex -6 11.8511 0
      vertex -6 11.8511 4.04999
    endloop
  endfacet
  facet normal -1 0 0
    outer loop
      vertex -6 60.5283 56.0713
      vertex -6 15.3617 7.56054
      vertex -6 13.6896 9.2326
    endloop
  endfacet
  facet normal -0.321487 -0.669561 -0.669577
    outer loop
      vertex -2.91342 10.4232 5.96619
      vertex -2.2941 11.9466 4.14547
      vertex -2.2941 10.2745 5.81753
    endloop
  endfacet
  facet normal -0.32139 -0.669605 -0.669581
    outer loop
      vertex -2.2941 11.9466 4.14547
      vertex -2.91342 10.4232 5.96619
      vertex -2.91342 12.0952 4.29413
    endloop
  endfacet
  facet normal -0.946924 -0.227303 -0.227308
    outer loop
      vertex -5.6194 14.0087 6.20754
      vertex -5.82964 12.7745 8.31753
      vertex -5.82964 14.4466 6.64547
    endloop
  endfacet
  facet normal -0.946924 -0.227303 -0.227308
    outer loop
      vertex -5.82964 12.7745 8.31753
      vertex -5.6194 14.0087 6.20754
      vertex -5.6194 12.3366 7.8796
    endloop
  endfacet
  facet normal -0.659383 -0.531602 -0.531614
    outer loop
      vertex -4.04381 12.5567 4.75561
      vertex -4.53554 11.1896 6.73259
      vertex -4.53554 12.8617 5.06053
    endloop
  endfacet
  facet normal -0.659322 -0.531655 -0.531636
    outer loop
      vertex -4.53554 11.1896 6.73259
      vertex -4.04381 12.5567 4.75561
      vertex -4.04381 10.8847 6.42767
    endloop
  endfacet
  facet normal 0 0.707128 0.707086
    outer loop
      vertex 105 65.7359 57.9348
      vertex -1 64.0639 59.6069
      vertex 105 64.0639 59.6069
    endloop
  endfacet
  facet normal 0 0.707128 0.707086
    outer loop
      vertex -1 64.0639 59.6069
      vertex 105 65.7359 57.9348
      vertex -1 65.7359 57.9348
    endloop
  endfacet
  facet normal 1 0 0
    outer loop
      vertex 110 60.5283 56.0713
      vertex 110 13.6896 9.2326
      vertex 110 15.3617 7.56054
    endloop
  endfacet
  facet normal 1 -0 0
    outer loop
      vertex 110 62.2004 54.3993
      vertex 110 65.7609 0
      vertex 110 65.7609 57.9598
    endloop
  endfacet
  facet normal 1 0 0
    outer loop
      vertex 110 15.3617 7.56054
      vertex 110 62.2004 54.3993
      vertex 110 60.5283 56.0713
    endloop
  endfacet
  facet normal 1 0 0
    outer loop
      vertex 110 62.2004 54.3993
      vertex 110 15.3617 7.56054
      vertex 110 65.7609 0
    endloop
  endfacet
  facet normal 1 0 0
    outer loop
      vertex 110 11.8511 0
      vertex 110 15.3617 7.56054
      vertex 110 11.8511 4.04999
    endloop
  endfacet
  facet normal 1 0 0
    outer loop
      vertex 110 15.3617 7.56054
      vertex 110 11.8511 0
      vertex 110 65.7609 0
    endloop
  endfacet
  facet normal 0.946566 0.228042 0.228056
    outer loop
      vertex 109.619 61.8813 57.4243
      vertex 109.83 63.1155 55.3144
      vertex 109.619 63.5534 55.7523
    endloop
  endfacet
  facet normal 0.946566 0.228042 0.228056
    outer loop
      vertex 109.83 63.1155 55.3144
      vertex 109.619 61.8813 57.4243
      vertex 109.83 61.4434 56.9864
    endloop
  endfacet
  facet normal 0.555382 0.588009 0.588044
    outer loop
      vertex 108.044 63.3333 58.8763
      vertex 107.5 65.2623 57.4612
      vertex 107.5 63.5902 59.1332
    endloop
  endfacet
  facet normal 0.555532 0.587974 0.587938
    outer loop
      vertex 107.5 65.2623 57.4612
      vertex 108.044 63.3333 58.8763
      vertex 108.044 65.0053 57.2042
    endloop
  endfacet
  facet normal 0.752018 -0.466079 -0.46609
    outer loop
      vertex 108.967 11.5373 7.0803
      vertex 108.536 12.8617 5.06053
      vertex 108.967 13.2094 5.40824
    endloop
  endfacet
  facet normal 0.752018 -0.466079 -0.46609
    outer loop
      vertex 108.536 12.8617 5.06053
      vertex 108.967 11.5373 7.0803
      vertex 108.536 11.1896 6.73259
    endloop
  endfacet
  facet normal -0.442255 -0.634189 -0.634204
    outer loop
      vertex -3.5 12.2998 4.49868
      vertex -2.91342 10.4232 5.96619
      vertex -3.5 10.6277 6.17074
    endloop
  endfacet
  facet normal -0.442342 -0.634178 -0.634155
    outer loop
      vertex -2.91342 10.4232 5.96619
      vertex -3.5 12.2998 4.49868
      vertex -2.91342 12.0952 4.29413
    endloop
  endfacet
  facet normal 0.321636 -0.669526 -0.669542
    outer loop
      vertex 106.294 11.9466 4.14547
      vertex 106.913 10.4232 5.96619
      vertex 106.294 10.2745 5.81753
    endloop
  endfacet
  facet normal 0.321539 -0.669569 -0.669545
    outer loop
      vertex 106.913 10.4232 5.96619
      vertex 106.294 11.9466 4.14547
      vertex 106.913 12.0952 4.29413
    endloop
  endfacet
  facet normal -0.896883 -0.312727 -0.312735
    outer loop
      vertex -5.33014 13.5939 5.79277
      vertex -5.6194 12.3366 7.8796
      vertex -5.6194 14.0087 6.20754
    endloop
  endfacet
  facet normal -0.896883 -0.312727 -0.312735
    outer loop
      vertex -5.6194 12.3366 7.8796
      vertex -5.33014 13.5939 5.79277
      vertex -5.33014 11.9218 7.46483
    endloop
  endfacet
  facet normal 0.98096 0.137322 0.13733
    outer loop
      vertex 109.83 61.4434 56.9864
      vertex 109.957 62.6619 54.8608
      vertex 109.83 63.1155 55.3144
    endloop
  endfacet
  facet normal 0.98096 0.137322 0.13733
    outer loop
      vertex 109.957 62.6619 54.8608
      vertex 109.83 61.4434 56.9864
      vertex 109.957 60.9898 56.5328
    endloop
  endfacet
  facet normal -0.0656586 -0.705573 -0.705589
    outer loop
      vertex -1.53915 11.8511 4.04999
      vertex -1.65263 10.1843 5.72731
      vertex -1.65263 11.8564 4.05525
    endloop
  endfacet
  facet normal -0.0653559 -0.705597 -0.705593
    outer loop
      vertex -1.65263 10.1843 5.72731
      vertex -1.53915 11.8511 4.04999
      vertex -1 10.1541 5.69706
    endloop
  endfacet
  facet normal -0.0653957 -0.705601 -0.705585
    outer loop
      vertex -1 10.1541 5.69706
      vertex -1.53915 11.8511 4.04999
      vertex -1 11.8511 4.00002
    endloop
  endfacet
  facet normal -0.94692 0.227306 0.22732
    outer loop
      vertex -5.82964 63.1155 55.3144
      vertex -5.6194 61.8813 57.4243
      vertex -5.6194 63.5534 55.7523
    endloop
  endfacet
  facet normal -0.94692 0.227306 0.22732
    outer loop
      vertex -5.6194 61.8813 57.4243
      vertex -5.82964 63.1155 55.3144
      vertex -5.82964 61.4434 56.9864
    endloop
  endfacet
  facet normal 0.321675 0.669504 0.669544
    outer loop
      vertex 106.294 63.9434 59.4864
      vertex 106.913 65.4668 57.6657
      vertex 106.294 65.6155 57.8144
    endloop
  endfacet
  facet normal 0.321481 0.669591 0.669551
    outer loop
      vertex 106.913 65.4668 57.6657
      vertex 106.294 63.9434 59.4864
      vertex 106.913 63.7948 59.3378
    endloop
  endfacet
  facet normal -0.980788 -0.137939 -0.137943
    outer loop
      vertex -5.82964 14.4466 6.64547
      vertex -5.95723 13.2281 8.77112
      vertex -5.95723 14.9002 7.09906
    endloop
  endfacet
  facet normal -0.980788 -0.137939 -0.137943
    outer loop
      vertex -5.95723 13.2281 8.77112
      vertex -5.82964 14.4466 6.64547
      vertex -5.82964 12.7745 8.31753
    endloop
  endfacet
  facet normal 0.442001 -0.634278 -0.634293
    outer loop
      vertex 106.913 10.4232 5.96619
      vertex 107.5 12.2998 4.49868
      vertex 107.5 10.6277 6.17074
    endloop
  endfacet
  facet normal 0.442088 -0.634266 -0.634244
    outer loop
      vertex 107.5 12.2998 4.49868
      vertex 106.913 10.4232 5.96619
      vertex 106.913 12.0952 4.29413
    endloop
  endfacet
  facet normal -0.19504 0.693506 0.693548
    outer loop
      vertex -2.2941 65.6155 57.8144
      vertex -1.65263 64.0336 59.5766
      vertex -1.65263 65.7057 57.9046
    endloop
  endfacet
  facet normal -0.19504 0.693506 0.693548
    outer loop
      vertex -1.65263 64.0336 59.5766
      vertex -2.2941 65.6155 57.8144
      vertex -2.2941 63.9434 59.4864
    endloop
  endfacet
  facet normal -0.99786 -0.0462393 -0.0462404
    outer loop
      vertex -5.95723 14.9002 7.09906
      vertex -6 13.6896 9.2326
      vertex -6 15.3617 7.56054
    endloop
  endfacet
  facet normal -0.99786 -0.0462393 -0.0462404
    outer loop
      vertex -6 13.6896 9.2326
      vertex -5.95723 14.9002 7.09906
      vertex -5.95723 13.2281 8.77112
    endloop
  endfacet
  facet normal -0.0655174 0.705609 0.705566
    outer loop
      vertex -1 65.7359 57.9348
      vertex -1.65263 64.0336 59.5766
      vertex -1 64.0639 59.6069
    endloop
  endfacet
  facet normal -0.0653021 0.705576 0.705619
    outer loop
      vertex -1.65263 64.0336 59.5766
      vertex -1 65.7359 57.9348
      vertex -1.65263 65.7057 57.9046
    endloop
  endfacet
  facet normal 0.997837 0.046485 0.0464878
    outer loop
      vertex 109.957 60.9898 56.5328
      vertex 110 62.2004 54.3993
      vertex 109.957 62.6619 54.8608
    endloop
  endfacet
  facet normal 0.997837 0.046485 0.0464878
    outer loop
      vertex 110 62.2004 54.3993
      vertex 109.957 60.9898 56.5328
      vertex 110 60.5283 56.0713
    endloop
  endfacet
  facet normal 0.195178 0.693487 0.693528
    outer loop
      vertex 105.653 64.0336 59.5766
      vertex 106.294 65.6155 57.8144
      vertex 105.653 65.7057 57.9046
    endloop
  endfacet
  facet normal 0.195178 0.693487 0.693528
    outer loop
      vertex 106.294 65.6155 57.8144
      vertex 105.653 64.0336 59.5766
      vertex 106.294 63.9434 59.4864
    endloop
  endfacet
  facet normal -0.896868 0.312752 0.312752
    outer loop
      vertex -5.6194 63.5534 55.7523
      vertex -5.33014 62.2961 57.8391
      vertex -5.33014 63.9682 56.167
    endloop
  endfacet
  facet normal -0.896889 0.312713 0.312731
    outer loop
      vertex -5.33014 62.2961 57.8391
      vertex -5.6194 63.5534 55.7523
      vertex -5.6194 61.8813 57.4243
    endloop
  endfacet
  facet normal -1.07235e-16 -0.707107 0.707107
    outer loop
      vertex 74.825 58.8108 54.3538
      vertex 74.825 26.1834 21.7264
      vertex 75.0045 58.8956 54.4386
    endloop
  endfacet
  facet normal 0 -0.707107 0.707107
    outer loop
      vertex 96.8333 58.9962 54.5392
      vertex 97.7846 26.3297 21.8727
      vertex 98 26.3397 21.8827
    endloop
  endfacet
  facet normal 1.39752e-14 -0.707107 0.707107
    outer loop
      vertex 75.0045 26.0986 21.6416
      vertex 75.0045 58.8956 54.4386
      vertex 74.825 26.1834 21.7264
    endloop
  endfacet
  facet normal 0 -0.707107 0.707107
    outer loop
      vertex 96.8333 58.9962 54.5392
      vertex 97.573 26.3 21.843
      vertex 97.7846 26.3297 21.8727
    endloop
  endfacet
  facet normal 0 -0.707107 0.707107
    outer loop
      vertex 75.0045 58.8956 54.4386
      vertex 75.0045 26.0986 21.6416
      vertex 75.1667 58.9962 54.5392
    endloop
  endfacet
  facet normal 0 -0.707107 0.707107
    outer loop
      vertex 96.8333 58.9962 54.5392
      vertex 97.3686 26.2509 21.7939
      vertex 97.573 26.3 21.843
    endloop
  endfacet
  facet normal 0 -0.707107 0.707107
    outer loop
      vertex 75.1667 25.998 21.541
      vertex 75.1667 58.9962 54.5392
      vertex 75.0045 26.0986 21.6416
    endloop
  endfacet
  facet normal 2.52175e-14 -0.707107 0.707107
    outer loop
      vertex 96.8333 58.9962 54.5392
      vertex 97.175 26.1834 21.7264
      vertex 97.3686 26.2509 21.7939
    endloop
  endfacet
  facet normal 0 -0.707107 0.707107
    outer loop
      vertex 75.1667 58.9962 54.5392
      vertex 75.1667 25.998 21.541
      vertex 96.8333 58.9962 54.5392
    endloop
  endfacet
  facet normal -2.71635e-14 -0.707107 0.707107
    outer loop
      vertex 96.8333 58.9962 54.5392
      vertex 96.9955 26.0986 21.6416
      vertex 97.175 26.1834 21.7264
    endloop
  endfacet
  facet normal 0 -0.707107 0.707107
    outer loop
      vertex 96.8333 25.998 21.541
      vertex 96.8333 58.9962 54.5392
      vertex 75.1667 25.998 21.541
    endloop
  endfacet
  facet normal 0 -0.707107 0.707107
    outer loop
      vertex 96.8333 58.9962 54.5392
      vertex 96.8333 25.998 21.541
      vertex 96.9955 26.0986 21.6416
    endloop
  endfacet
  facet normal 0 -0.707107 0.707107
    outer loop
      vertex 75.309 25.8833 21.4263
      vertex 96.8333 25.998 21.541
      vertex 75.1667 25.998 21.541
    endloop
  endfacet
  facet normal 0 -0.707107 0.707107
    outer loop
      vertex 75.309 25.8833 21.4263
      vertex 96.691 25.8833 21.4263
      vertex 96.8333 25.998 21.541
    endloop
  endfacet
  facet normal 0 -0.707107 0.707107
    outer loop
      vertex 75.4289 25.7564 21.2994
      vertex 96.691 25.8833 21.4263
      vertex 75.309 25.8833 21.4263
    endloop
  endfacet
  facet normal 0 -0.707107 0.707107
    outer loop
      vertex 75.4289 25.7564 21.2994
      vertex 96.5711 25.7564 21.2994
      vertex 96.691 25.8833 21.4263
    endloop
  endfacet
  facet normal 0 -0.707107 0.707107
    outer loop
      vertex 75.5244 25.6195 21.1625
      vertex 96.5711 25.7564 21.2994
      vertex 75.4289 25.7564 21.2994
    endloop
  endfacet
  facet normal 0 -0.707107 0.707107
    outer loop
      vertex 75.5244 25.6195 21.1625
      vertex 96.4756 25.6195 21.1625
      vertex 96.5711 25.7564 21.2994
    endloop
  endfacet
  facet normal 0 -0.707107 0.707107
    outer loop
      vertex 75.5938 25.475 21.018
      vertex 96.4756 25.6195 21.1625
      vertex 75.5244 25.6195 21.1625
    endloop
  endfacet
  facet normal 0 -0.707107 0.707107
    outer loop
      vertex 75.5938 25.475 21.018
      vertex 96.4062 25.475 21.018
      vertex 96.4756 25.6195 21.1625
    endloop
  endfacet
  facet normal 0 -0.707107 0.707107
    outer loop
      vertex 75.6359 25.3253 20.8683
      vertex 96.4062 25.475 21.018
      vertex 75.5938 25.475 21.018
    endloop
  endfacet
  facet normal 0 -0.707107 0.707107
    outer loop
      vertex 75.6359 25.3253 20.8683
      vertex 96.3641 25.3253 20.8683
      vertex 96.4062 25.475 21.018
    endloop
  endfacet
  facet normal 0 -0.707107 0.707107
    outer loop
      vertex 75.65 25.173 20.716
      vertex 96.3641 25.3253 20.8683
      vertex 75.6359 25.3253 20.8683
    endloop
  endfacet
  facet normal 0 -0.707107 0.707107
    outer loop
      vertex 75.65 25.173 20.716
      vertex 96.35 25.173 20.716
      vertex 96.3641 25.3253 20.8683
    endloop
  endfacet
  facet normal 0 -0.707107 0.707107
    outer loop
      vertex 75.6359 25.0207 20.5637
      vertex 96.35 25.173 20.716
      vertex 75.65 25.173 20.716
    endloop
  endfacet
  facet normal 0 -0.707107 0.707107
    outer loop
      vertex 75.6359 25.0207 20.5637
      vertex 96.3641 25.0207 20.5637
      vertex 96.35 25.173 20.716
    endloop
  endfacet
  facet normal 0 -0.707107 0.707107
    outer loop
      vertex 75.5938 24.871 20.414
      vertex 96.3641 25.0207 20.5637
      vertex 75.6359 25.0207 20.5637
    endloop
  endfacet
  facet normal 0 -0.707107 0.707107
    outer loop
      vertex 75.5938 24.871 20.414
      vertex 96.4062 24.871 20.414
      vertex 96.3641 25.0207 20.5637
    endloop
  endfacet
  facet normal 0 -0.707107 0.707107
    outer loop
      vertex 75.5244 24.7265 20.2695
      vertex 96.4062 24.871 20.414
      vertex 75.5938 24.871 20.414
    endloop
  endfacet
  facet normal 0 -0.707107 0.707107
    outer loop
      vertex 75.5244 24.7265 20.2695
      vertex 96.4756 24.7265 20.2695
      vertex 96.4062 24.871 20.414
    endloop
  endfacet
  facet normal 0 -0.707107 0.707107
    outer loop
      vertex 75.4289 24.5896 20.1326
      vertex 96.4756 24.7265 20.2695
      vertex 75.5244 24.7265 20.2695
    endloop
  endfacet
  facet normal 0 -0.707107 0.707107
    outer loop
      vertex 75.4289 24.5896 20.1326
      vertex 96.5711 24.5896 20.1326
      vertex 96.4756 24.7265 20.2695
    endloop
  endfacet
  facet normal 0 -0.707107 0.707107
    outer loop
      vertex 75.309 24.4627 20.0057
      vertex 96.5711 24.5896 20.1326
      vertex 75.4289 24.5896 20.1326
    endloop
  endfacet
  facet normal 0 -0.707107 0.707107
    outer loop
      vertex 75.309 24.4627 20.0057
      vertex 96.691 24.4627 20.0057
      vertex 96.5711 24.5896 20.1326
    endloop
  endfacet
  facet normal 0 -0.707107 0.707107
    outer loop
      vertex 75.1667 24.348 19.891
      vertex 96.691 24.4627 20.0057
      vertex 75.309 24.4627 20.0057
    endloop
  endfacet
  facet normal 0 -0.707107 0.707107
    outer loop
      vertex 75.1667 24.348 19.891
      vertex 96.8333 24.348 19.891
      vertex 96.691 24.4627 20.0057
    endloop
  endfacet
  facet normal 2.92361e-07 -0.707107 0.707107
    outer loop
      vertex 105.1 12.9118 8.45478
      vertex 75.1667 24.348 19.891
      vertex 75.0045 24.2474 19.7904
    endloop
  endfacet
  facet normal 0 -0.707107 0.707106
    outer loop
      vertex 75.1667 24.348 19.891
      vertex 105.1 12.9118 8.45478
      vertex 96.8333 24.348 19.891
    endloop
  endfacet
  facet normal 2.61455e-07 -0.707107 0.707107
    outer loop
      vertex 105.1 12.9118 8.45478
      vertex 75.0045 24.2474 19.7904
      vertex 74.825 24.1626 19.7056
    endloop
  endfacet
  facet normal -1.39027e-06 -0.707108 0.707106
    outer loop
      vertex 96.8333 24.348 19.891
      vertex 105.1 12.9118 8.45478
      vertex 96.9955 24.2474 19.7904
    endloop
  endfacet
  facet normal 2.26115e-07 -0.707107 0.707106
    outer loop
      vertex 105.1 12.9118 8.45478
      vertex 74.825 24.1626 19.7056
      vertex 74.6314 24.0951 19.6381
    endloop
  endfacet
  facet normal -8.89997e-07 -0.707108 0.707106
    outer loop
      vertex 96.9955 24.2474 19.7904
      vertex 105.1 12.9118 8.45478
      vertex 97.175 24.1626 19.7056
    endloop
  endfacet
  facet normal 1.83607e-07 -0.707107 0.707106
    outer loop
      vertex 105.1 12.9118 8.45478
      vertex 74.6314 24.0951 19.6381
      vertex 74.427 24.046 19.589
    endloop
  endfacet
  facet normal -5.80929e-07 -0.707108 0.707106
    outer loop
      vertex 97.175 24.1626 19.7056
      vertex 105.1 12.9118 8.45478
      vertex 97.3686 24.0951 19.6381
    endloop
  endfacet
  facet normal 1.28565e-07 -0.707107 0.707106
    outer loop
      vertex 105.1 12.9118 8.45478
      vertex 74.427 24.046 19.589
      vertex 74.2154 24.0163 19.5593
    endloop
  endfacet
  facet normal -3.64263e-07 -0.707108 0.707106
    outer loop
      vertex 97.3686 24.0951 19.6381
      vertex 105.1 12.9118 8.45478
      vertex 97.573 24.046 19.589
    endloop
  endfacet
  facet normal 0 -0.707107 0.707107
    outer loop
      vertex 53.97 14.3967 9.9397
      vertex 74.2154 24.0163 19.5593
      vertex 74 24.0063 19.5493
    endloop
  endfacet
  facet normal -1.96967e-07 -0.707107 0.707106
    outer loop
      vertex 97.573 24.046 19.589
      vertex 105.1 12.9118 8.45478
      vertex 97.7846 24.0163 19.5593
    endloop
  endfacet
  facet normal 0 -0.707107 0.707107
    outer loop
      vertex 62 41.4365 36.9795
      vertex 73.7846 26.3297 21.8727
      vertex 74 26.3397 21.8827
    endloop
  endfacet
  facet normal 0 -0.707107 0.707107
    outer loop
      vertex 62 41.4365 36.9795
      vertex 73.573 26.3 21.843
      vertex 73.7846 26.3297 21.8727
    endloop
  endfacet
  facet normal 0 -0.707107 0.707107
    outer loop
      vertex 62 41.4365 36.9795
      vertex 73.3686 26.2509 21.7939
      vertex 73.573 26.3 21.843
    endloop
  endfacet
  facet normal 1.08419e-14 -0.707107 0.707107
    outer loop
      vertex 62 41.4365 36.9795
      vertex 73.175 26.1834 21.7264
      vertex 73.3686 26.2509 21.7939
    endloop
  endfacet
  facet normal -1.09059e-14 -0.707107 0.707107
    outer loop
      vertex 62 41.4365 36.9795
      vertex 72.9955 26.0986 21.6416
      vertex 73.175 26.1834 21.7264
    endloop
  endfacet
  facet normal 0 -0.707107 0.707107
    outer loop
      vertex 62 41.4365 36.9795
      vertex 72.8333 25.998 21.541
      vertex 72.9955 26.0986 21.6416
    endloop
  endfacet
  facet normal 1.16862e-14 -0.707107 0.707107
    outer loop
      vertex 62 41.4365 36.9795
      vertex 72.691 25.8833 21.4263
      vertex 72.8333 25.998 21.541
    endloop
  endfacet
  facet normal -1.24768e-14 -0.707107 0.707107
    outer loop
      vertex 62 41.4365 36.9795
      vertex 72.5711 25.7564 21.2994
      vertex 72.691 25.8833 21.4263
    endloop
  endfacet
  facet normal 1.365e-14 -0.707107 0.707107
    outer loop
      vertex 62 41.4365 36.9795
      vertex 72.4756 25.6195 21.1625
      vertex 72.5711 25.7564 21.2994
    endloop
  endfacet
  facet normal -1.6881e-15 -0.707107 0.707107
    outer loop
      vertex 53.97 27.2943 22.8373
      vertex 72.4062 25.475 21.018
      vertex 72.4756 25.6195 21.1625
    endloop
  endfacet
  facet normal 1.54989e-15 -0.707107 0.707107
    outer loop
      vertex 53.97 27.2943 22.8373
      vertex 72.3641 25.3253 20.8683
      vertex 72.4062 25.475 21.018
    endloop
  endfacet
  facet normal -2.21985e-16 -0.707107 0.707107
    outer loop
      vertex 53.97 27.2943 22.8373
      vertex 72.35 25.173 20.716
      vertex 72.3641 25.3253 20.8683
    endloop
  endfacet
  facet normal -2.04102e-15 -0.707107 0.707107
    outer loop
      vertex 53.97 27.2943 22.8373
      vertex 72.3641 25.0207 20.5637
      vertex 72.35 25.173 20.716
    endloop
  endfacet
  facet normal 2.12663e-15 -0.707107 0.707107
    outer loop
      vertex 53.97 27.2943 22.8373
      vertex 72.4062 24.871 20.414
      vertex 72.3641 25.0207 20.5637
    endloop
  endfacet
  facet normal -1.69038e-16 -0.707107 0.707107
    outer loop
      vertex 53.97 14.3967 9.9397
      vertex 72.4062 24.871 20.414
      vertex 53.97 27.2943 22.8373
    endloop
  endfacet
  facet normal 7.68621e-15 -0.707107 0.707107
    outer loop
      vertex 72.4062 24.871 20.414
      vertex 53.97 14.3967 9.9397
      vertex 72.4756 24.7265 20.2695
    endloop
  endfacet
  facet normal 4.4606e-17 -0.707107 0.707107
    outer loop
      vertex 72.4756 24.7265 20.2695
      vertex 53.97 14.3967 9.9397
      vertex 72.5711 24.5896 20.1326
    endloop
  endfacet
  facet normal 4.38254e-17 -0.707107 0.707107
    outer loop
      vertex 72.5711 24.5896 20.1326
      vertex 53.97 14.3967 9.9397
      vertex 72.691 24.4627 20.0057
    endloop
  endfacet
  facet normal 4.38611e-17 -0.707107 0.707107
    outer loop
      vertex 72.691 24.4627 20.0057
      vertex 53.97 14.3967 9.9397
      vertex 72.8333 24.348 19.891
    endloop
  endfacet
  facet normal -7.06413e-15 -0.707107 0.707107
    outer loop
      vertex 72.8333 24.348 19.891
      vertex 53.97 14.3967 9.9397
      vertex 72.9955 24.2474 19.7904
    endloop
  endfacet
  facet normal 7.28966e-15 -0.707107 0.707107
    outer loop
      vertex 72.9955 24.2474 19.7904
      vertex 53.97 14.3967 9.9397
      vertex 73.175 24.1626 19.7056
    endloop
  endfacet
  facet normal -7.66075e-15 -0.707107 0.707107
    outer loop
      vertex 73.175 24.1626 19.7056
      vertex 53.97 14.3967 9.9397
      vertex 73.3686 24.0951 19.6381
    endloop
  endfacet
  facet normal 2.6066e-07 -0.707107 0.707107
    outer loop
      vertex 74.2154 24.0163 19.5593
      vertex 53.97 14.3967 9.9397
      vertex 105.1 12.9118 8.45478
    endloop
  endfacet
  facet normal 8.64509e-18 -0.707107 0.707107
    outer loop
      vertex 73.7846 24.0163 19.5593
      vertex 53.97 14.3967 9.9397
      vertex 74 24.0063 19.5493
    endloop
  endfacet
  facet normal 1.4959e-17 -0.707107 0.707107
    outer loop
      vertex 73.573 24.046 19.589
      vertex 53.97 14.3967 9.9397
      vertex 73.7846 24.0163 19.5593
    endloop
  endfacet
  facet normal 8.27892e-15 -0.707107 0.707107
    outer loop
      vertex 73.3686 24.0951 19.6381
      vertex 53.97 14.3967 9.9397
      vertex 73.573 24.046 19.589
    endloop
  endfacet
  facet normal 0 -0.707107 0.707107
    outer loop
      vertex 55 41.4365 36.9795
      vertex 60 51.336 46.879
      vertex 55 51.336 46.879
    endloop
  endfacet
  facet normal 0 -0.707107 0.707107
    outer loop
      vertex 60 51.336 46.879
      vertex 55 41.4365 36.9795
      vertex 60 41.4365 36.9795
    endloop
  endfacet
  facet normal 0 -0.707107 0.707107
    outer loop
      vertex 48 41.4365 36.9795
      vertex 53 51.336 46.879
      vertex 48 51.336 46.879
    endloop
  endfacet
  facet normal 0 -0.707107 0.707107
    outer loop
      vertex 53 51.336 46.879
      vertex 48 41.4365 36.9795
      vertex 53 41.4365 36.9795
    endloop
  endfacet
  facet normal 0 -0.707107 0.707107
    outer loop
      vertex 41 41.4365 36.9795
      vertex 46 51.336 46.879
      vertex 41 51.336 46.879
    endloop
  endfacet
  facet normal 0 -0.707107 0.707107
    outer loop
      vertex 46 51.336 46.879
      vertex 41 41.4365 36.9795
      vertex 46 41.4365 36.9795
    endloop
  endfacet
  facet normal 0 -0.707107 0.707107
    outer loop
      vertex 34 41.4365 36.9795
      vertex 39 51.336 46.879
      vertex 34 51.336 46.879
    endloop
  endfacet
  facet normal 0 -0.707107 0.707107
    outer loop
      vertex 39 51.336 46.879
      vertex 34 41.4365 36.9795
      vertex 39 41.4365 36.9795
    endloop
  endfacet
  facet normal 0 -0.707107 0.707107
    outer loop
      vertex 27 41.4365 36.9795
      vertex 32 51.336 46.879
      vertex 27 51.336 46.879
    endloop
  endfacet
  facet normal 0 -0.707107 0.707107
    outer loop
      vertex 32 51.336 46.879
      vertex 27 41.4365 36.9795
      vertex 32 41.4365 36.9795
    endloop
  endfacet
  facet normal 0 -0.707107 0.707107
    outer loop
      vertex 20 41.4365 36.9795
      vertex 25 51.336 46.879
      vertex 20 51.336 46.879
    endloop
  endfacet
  facet normal 0 -0.707107 0.707107
    outer loop
      vertex 25 51.336 46.879
      vertex 20 41.4365 36.9795
      vertex 25 41.4365 36.9795
    endloop
  endfacet
  facet normal -0.000122235 -0.706641 0.707573
    outer loop
      vertex 74.6314 60.8991 56.4422
      vertex 77.1573 61.3062 56.8492
      vertex 74.427 60.9482 56.4912
    endloop
  endfacet
  facet normal 4.90099e-16 -0.707107 0.707107
    outer loop
      vertex 94.8427 61.3062 56.8492
      vertex 97.7846 60.978 56.521
      vertex 98 60.988 56.531
    endloop
  endfacet
  facet normal 1.91453e-05 -0.707079 0.707134
    outer loop
      vertex 74.825 60.8316 56.3747
      vertex 77.1573 61.3062 56.8492
      vertex 74.6314 60.8991 56.4422
    endloop
  endfacet
  facet normal 9.99322e-16 -0.707107 0.707107
    outer loop
      vertex 94.8427 61.3062 56.8492
      vertex 97.573 60.9482 56.4912
      vertex 97.7846 60.978 56.521
    endloop
  endfacet
  facet normal 0.000139824 -0.707376 0.706838
    outer loop
      vertex 75.0045 60.7469 56.2899
      vertex 77.1573 61.3062 56.8492
      vertex 74.825 60.8316 56.3747
    endloop
  endfacet
  facet normal 0.000122235 -0.706641 0.707573
    outer loop
      vertex 94.8427 61.3062 56.8492
      vertex 97.3686 60.8991 56.4422
      vertex 97.573 60.9482 56.4912
    endloop
  endfacet
  facet normal 9.15871e-15 -0.707107 0.707107
    outer loop
      vertex 75.1667 60.6462 56.1892
      vertex 77.1573 61.3062 56.8492
      vertex 75.0045 60.7469 56.2899
    endloop
  endfacet
  facet normal -1.91453e-05 -0.707079 0.707134
    outer loop
      vertex 94.8427 61.3062 56.8492
      vertex 97.175 60.8316 56.3747
      vertex 97.3686 60.8991 56.4422
    endloop
  endfacet
  facet normal -1.79671e-15 -0.707107 0.707107
    outer loop
      vertex 75.309 60.5315 56.0745
      vertex 77.1573 61.3062 56.8492
      vertex 75.1667 60.6462 56.1892
    endloop
  endfacet
  facet normal -0.000139824 -0.707376 0.706838
    outer loop
      vertex 94.8427 61.3062 56.8492
      vertex 96.9955 60.7469 56.2899
      vertex 97.175 60.8316 56.3747
    endloop
  endfacet
  facet normal -1.94802e-15 -0.707107 0.707107
    outer loop
      vertex 75.4289 60.4046 55.9476
      vertex 77.1573 61.3062 56.8492
      vertex 75.309 60.5315 56.0745
    endloop
  endfacet
  facet normal -9.19062e-15 -0.707107 0.707107
    outer loop
      vertex 94.8427 61.3062 56.8492
      vertex 96.8333 60.6462 56.1892
      vertex 96.9955 60.7469 56.2899
    endloop
  endfacet
  facet normal -2.12851e-15 -0.707107 0.707107
    outer loop
      vertex 75.5244 60.2677 55.8107
      vertex 77.1573 61.3062 56.8492
      vertex 75.4289 60.4046 55.9476
    endloop
  endfacet
  facet normal 1.70535e-15 -0.707107 0.707107
    outer loop
      vertex 94.8427 61.3062 56.8492
      vertex 96.691 60.5315 56.0745
      vertex 96.8333 60.6462 56.1892
    endloop
  endfacet
  facet normal -1.93059e-14 -0.707107 0.707107
    outer loop
      vertex 75.5938 60.1232 55.6662
      vertex 77.1573 61.3062 56.8492
      vertex 75.5244 60.2677 55.8107
    endloop
  endfacet
  facet normal 1.91805e-15 -0.707107 0.707107
    outer loop
      vertex 94.8427 61.3062 56.8492
      vertex 96.5711 60.4046 55.9476
      vertex 96.691 60.5315 56.0745
    endloop
  endfacet
  facet normal 2.09495e-14 -0.707107 0.707107
    outer loop
      vertex 75.6359 59.9735 55.5165
      vertex 77.1573 61.3062 56.8492
      vertex 75.5938 60.1232 55.6662
    endloop
  endfacet
  facet normal 2.18933e-15 -0.707107 0.707107
    outer loop
      vertex 94.8427 61.3062 56.8492
      vertex 96.4756 60.2677 55.8107
      vertex 96.5711 60.4046 55.9476
    endloop
  endfacet
  facet normal -3.05557e-15 -0.707107 0.707107
    outer loop
      vertex 75.65 59.8212 55.3642
      vertex 77.1573 61.3062 56.8492
      vertex 75.6359 59.9735 55.5165
    endloop
  endfacet
  facet normal 1.93696e-14 -0.707107 0.707107
    outer loop
      vertex 94.8427 61.3062 56.8492
      vertex 96.4062 60.1232 55.6662
      vertex 96.4756 60.2677 55.8107
    endloop
  endfacet
  facet normal -3.66891e-15 -0.707107 0.707107
    outer loop
      vertex 75.6359 59.6689 55.2119
      vertex 77.1573 61.3062 56.8492
      vertex 75.65 59.8212 55.3642
    endloop
  endfacet
  facet normal -2.10186e-14 -0.707107 0.707107
    outer loop
      vertex 94.8427 61.3062 56.8492
      vertex 96.3641 59.9735 55.5165
      vertex 96.4062 60.1232 55.6662
    endloop
  endfacet
  facet normal -4.70025e-15 -0.707107 0.707107
    outer loop
      vertex 75.5938 59.5193 55.0623
      vertex 77.1573 61.3062 56.8492
      vertex 75.6359 59.6689 55.2119
    endloop
  endfacet
  facet normal 3.13391e-15 -0.707107 0.707107
    outer loop
      vertex 94.8427 61.3062 56.8492
      vertex 96.35 59.8212 55.3642
      vertex 96.3641 59.9735 55.5165
    endloop
  endfacet
  facet normal -0.00123884 -0.706564 0.707648
    outer loop
      vertex 75.5244 59.3747 54.9178
      vertex 77.1573 61.3062 56.8492
      vertex 75.5938 59.5193 55.0623
    endloop
  endfacet
  facet normal 3.01039e-15 -0.707107 0.707107
    outer loop
      vertex 94.8427 61.3062 56.8492
      vertex 96.3641 59.6689 55.2119
      vertex 96.35 59.8212 55.3642
    endloop
  endfacet
  facet normal 0 -0.707088 0.707125
    outer loop
      vertex 77.1573 61.3062 56.8492
      vertex 75.5244 59.3747 54.9178
      vertex 94.8427 61.3062 56.8492
    endloop
  endfacet
  facet normal 3.95811e-15 -0.707107 0.707107
    outer loop
      vertex 94.8427 61.3062 56.8492
      vertex 96.4062 59.5193 55.0623
      vertex 96.3641 59.6689 55.2119
    endloop
  endfacet
  facet normal 0 -0.707088 0.707125
    outer loop
      vertex 96.4756 59.3747 54.9178
      vertex 94.8427 61.3062 56.8492
      vertex 75.5244 59.3747 54.9178
    endloop
  endfacet
  facet normal 0.00123884 -0.706564 0.707648
    outer loop
      vertex 94.8427 61.3062 56.8492
      vertex 96.4756 59.3747 54.9178
      vertex 96.4062 59.5193 55.0623
    endloop
  endfacet
  facet normal 0 -0.707365 0.706848
    outer loop
      vertex 75.4289 59.2379 54.7809
      vertex 96.4756 59.3747 54.9178
      vertex 75.5244 59.3747 54.9178
    endloop
  endfacet
  facet normal 0 -0.707365 0.706848
    outer loop
      vertex 75.4289 59.2379 54.7809
      vertex 96.5711 59.2379 54.7809
      vertex 96.4756 59.3747 54.9178
    endloop
  endfacet
  facet normal 0 -0.707107 0.707107
    outer loop
      vertex 75.309 59.111 54.654
      vertex 96.5711 59.2379 54.7809
      vertex 75.4289 59.2379 54.7809
    endloop
  endfacet
  facet normal 0 -0.707107 0.707107
    outer loop
      vertex 75.309 59.111 54.654
      vertex 96.691 59.111 54.654
      vertex 96.5711 59.2379 54.7809
    endloop
  endfacet
  facet normal 0 -0.707107 0.707107
    outer loop
      vertex 75.1667 58.9962 54.5392
      vertex 96.691 59.111 54.654
      vertex 75.309 59.111 54.654
    endloop
  endfacet
  facet normal 0 -0.707107 0.707107
    outer loop
      vertex 75.1667 58.9962 54.5392
      vertex 96.8333 58.9962 54.5392
      vertex 96.691 59.111 54.654
    endloop
  endfacet
  facet normal 0 -0.707107 0.707107
    outer loop
      vertex 62 41.4365 36.9795
      vertex 74.6314 26.2509 21.7939
      vertex 74.6314 58.7433 54.2863
    endloop
  endfacet
  facet normal 0 -0.707107 0.707107
    outer loop
      vertex 74.6314 58.7433 54.2863
      vertex 74.6314 26.2509 21.7939
      vertex 74.825 58.8108 54.3538
    endloop
  endfacet
  facet normal 0 -0.707107 0.707107
    outer loop
      vertex 74.6314 26.2509 21.7939
      vertex 62 41.4365 36.9795
      vertex 74.427 26.3 21.843
    endloop
  endfacet
  facet normal -1.29253e-14 -0.707107 0.707107
    outer loop
      vertex 74.825 26.1834 21.7264
      vertex 74.825 58.8108 54.3538
      vertex 74.6314 26.2509 21.7939
    endloop
  endfacet
  facet normal 0 -0.707107 0.707107
    outer loop
      vertex 74.427 26.3 21.843
      vertex 62 41.4365 36.9795
      vertex 74.2154 26.3297 21.8727
    endloop
  endfacet
  facet normal 0 -0.707107 0.707107
    outer loop
      vertex 96.8333 58.9962 54.5392
      vertex 98 26.3397 21.8827
      vertex 96.9955 58.8956 54.4386
    endloop
  endfacet
  facet normal 0 -0.707107 0.707107
    outer loop
      vertex 62 41.4365 36.9795
      vertex 74.6314 58.7433 54.2863
      vertex 74.427 58.6943 54.2373
    endloop
  endfacet
  facet normal 0 -0.707107 0.707107
    outer loop
      vertex 96.9955 58.8956 54.4386
      vertex 98 26.3397 21.8827
      vertex 97.175 58.8108 54.3538
    endloop
  endfacet
  facet normal 2.44981e-14 -0.707107 0.707107
    outer loop
      vertex 62 41.4365 36.9795
      vertex 74.427 58.6943 54.2373
      vertex 74.2154 58.6645 54.2075
    endloop
  endfacet
  facet normal 0 -0.707107 0.707107
    outer loop
      vertex 97.175 58.8108 54.3538
      vertex 98 26.3397 21.8827
      vertex 97.3686 58.7433 54.2863
    endloop
  endfacet
  facet normal -2.24002e-14 -0.707107 0.707107
    outer loop
      vertex 62 41.4365 36.9795
      vertex 74.2154 58.6645 54.2075
      vertex 74 58.6545 54.1975
    endloop
  endfacet
  facet normal 0 -0.707107 0.707107
    outer loop
      vertex 97.3686 58.7433 54.2863
      vertex 98 26.3397 21.8827
      vertex 97.573 58.6943 54.2373
    endloop
  endfacet
  facet normal 0 -0.707107 0.707107
    outer loop
      vertex 34 51.336 46.879
      vertex 70.8427 61.3062 56.8492
      vertex -1.1 61.3062 56.8492
    endloop
  endfacet
  facet normal 5.02351e-16 -0.707107 0.707107
    outer loop
      vertex 74 60.988 56.531
      vertex 70.8427 61.3062 56.8492
      vertex 73.7846 60.978 56.521
    endloop
  endfacet
  facet normal -5.02351e-16 -0.707107 0.707107
    outer loop
      vertex 74.2154 60.978 56.521
      vertex 77.1573 61.3062 56.8492
      vertex 74 60.988 56.531
    endloop
  endfacet
  facet normal -9.52479e-16 -0.707107 0.707107
    outer loop
      vertex 74.427 60.9482 56.4912
      vertex 77.1573 61.3062 56.8492
      vertex 74.2154 60.978 56.521
    endloop
  endfacet
  facet normal -4.09804e-14 -0.707107 0.707107
    outer loop
      vertex -2.1 60.5991 56.1421
      vertex -1.1 61.3062 56.8492
      vertex -1.23054 61.3001 56.8431
    endloop
  endfacet
  facet normal 0 -0.707107 0.707107
    outer loop
      vertex 94.8427 61.3062 56.8492
      vertex 98 60.988 56.531
      vertex 101.157 61.3062 56.8492
    endloop
  endfacet
  facet normal 0 -0.707107 0.707107
    outer loop
      vertex -2.1 60.5991 56.1421
      vertex -1.23054 61.3001 56.8431
      vertex -1.35882 61.2821 56.8251
    endloop
  endfacet
  facet normal -5.02366e-16 -0.707107 0.707107
    outer loop
      vertex 98.2154 60.978 56.521
      vertex 101.157 61.3062 56.8492
      vertex 98 60.988 56.531
    endloop
  endfacet
  facet normal 0 -0.707107 0.707107
    outer loop
      vertex -2.1 60.5991 56.1421
      vertex -1.35882 61.2821 56.8251
      vertex -1.48269 61.2523 56.7953
    endloop
  endfacet
  facet normal -9.52533e-16 -0.707107 0.707107
    outer loop
      vertex 98.427 60.9482 56.4912
      vertex 101.157 61.3062 56.8492
      vertex 98.2154 60.978 56.521
    endloop
  endfacet
  facet normal 0 -0.707107 0.707107
    outer loop
      vertex -2.1 60.5991 56.1421
      vertex -1.48269 61.2523 56.7953
      vertex -1.6 61.2114 56.7544
    endloop
  endfacet
  facet normal -0.000122244 -0.706641 0.707573
    outer loop
      vertex 98.6314 60.8991 56.4422
      vertex 101.157 61.3062 56.8492
      vertex 98.427 60.9482 56.4912
    endloop
  endfacet
  facet normal 7.48579e-14 -0.707107 0.707107
    outer loop
      vertex -2.1 60.5991 56.1421
      vertex -1.6 61.2114 56.7544
      vertex -1.70877 61.16 56.703
    endloop
  endfacet
  facet normal 1.91468e-05 -0.707079 0.707134
    outer loop
      vertex 98.825 60.8316 56.3747
      vertex 101.157 61.3062 56.8492
      vertex 98.6314 60.8991 56.4422
    endloop
  endfacet
  facet normal -8.01758e-14 -0.707107 0.707107
    outer loop
      vertex -2.1 60.5991 56.1421
      vertex -1.70877 61.16 56.703
      vertex -1.80711 61.0991 56.6421
    endloop
  endfacet
  facet normal 0.000139837 -0.707376 0.706838
    outer loop
      vertex 99.0045 60.7469 56.2899
      vertex 101.157 61.3062 56.8492
      vertex 98.825 60.8316 56.3747
    endloop
  endfacet
  facet normal 0 -0.707107 0.707107
    outer loop
      vertex -2.1 60.5991 56.1421
      vertex -1.80711 61.0991 56.6421
      vertex -1.89337 61.0295 56.5725
    endloop
  endfacet
  facet normal 9.15961e-15 -0.707107 0.707107
    outer loop
      vertex 99.1667 60.6462 56.1892
      vertex 101.157 61.3062 56.8492
      vertex 99.0045 60.7469 56.2899
    endloop
  endfacet
  facet normal -1.7969e-15 -0.707107 0.707107
    outer loop
      vertex 99.309 60.5315 56.0745
      vertex 101.157 61.3062 56.8492
      vertex 99.1667 60.6462 56.1892
    endloop
  endfacet
  facet normal 0 -0.707107 0.707107
    outer loop
      vertex 70.8427 61.3062 56.8492
      vertex 74 60.988 56.531
      vertex 77.1573 61.3062 56.8492
    endloop
  endfacet
  facet normal 1.40342e-13 -0.707107 0.707107
    outer loop
      vertex -2.1 60.5991 56.1421
      vertex -1.89337 61.0295 56.5725
      vertex -1.96603 60.9526 56.4956
    endloop
  endfacet
  facet normal 9.99322e-16 -0.707107 0.707107
    outer loop
      vertex 70.8427 61.3062 56.8492
      vertex 73.573 60.9482 56.4912
      vertex 73.7846 60.978 56.521
    endloop
  endfacet
  facet normal 0.000122235 -0.706641 0.707573
    outer loop
      vertex 70.8427 61.3062 56.8492
      vertex 73.3686 60.8991 56.4422
      vertex 73.573 60.9482 56.4912
    endloop
  endfacet
  facet normal -1.45925e-13 -0.707107 0.707107
    outer loop
      vertex -2.1 60.5991 56.1421
      vertex -1.96603 60.9526 56.4956
      vertex -2.02389 60.8697 56.4127
    endloop
  endfacet
  facet normal -1.91453e-05 -0.707079 0.707134
    outer loop
      vertex 70.8427 61.3062 56.8492
      vertex 73.175 60.8316 56.3747
      vertex 73.3686 60.8991 56.4422
    endloop
  endfacet
  facet normal 0 -0.707107 0.707107
    outer loop
      vertex -2.1 60.5991 56.1421
      vertex -2.02389 60.8697 56.4127
      vertex -2.06593 60.7821 56.3251
    endloop
  endfacet
  facet normal -0.000139824 -0.707376 0.706838
    outer loop
      vertex 70.8427 61.3062 56.8492
      vertex 72.9955 60.7469 56.2899
      vertex 73.175 60.8316 56.3747
    endloop
  endfacet
  facet normal 0 -0.707107 0.707107
    outer loop
      vertex -2.1 60.5991 56.1421
      vertex -2.06593 60.7821 56.3251
      vertex -2.09146 60.6914 56.2344
    endloop
  endfacet
  facet normal 0 -0.707107 0.707107
    outer loop
      vertex 39 51.336 46.879
      vertex 70.8427 61.3062 56.8492
      vertex 34 51.336 46.879
    endloop
  endfacet
  facet normal -1.97969e-15 -0.707107 0.707107
    outer loop
      vertex -1.1 61.3062 56.8492
      vertex -2.1 60.5991 56.1421
      vertex 18 51.336 46.879
    endloop
  endfacet
  facet normal 0 -0.707107 0.707107
    outer loop
      vertex 41 51.336 46.879
      vertex 70.8427 61.3062 56.8492
      vertex 39 51.336 46.879
    endloop
  endfacet
  facet normal -9.19062e-15 -0.707107 0.707107
    outer loop
      vertex 70.8427 61.3062 56.8492
      vertex 72.8333 60.6462 56.1892
      vertex 72.9955 60.7469 56.2899
    endloop
  endfacet
  facet normal 0 -0.707107 0.707107
    outer loop
      vertex 46 51.336 46.879
      vertex 70.8427 61.3062 56.8492
      vertex 41 51.336 46.879
    endloop
  endfacet
  facet normal 0 -0.707107 0.707107
    outer loop
      vertex 48 51.336 46.879
      vertex 70.8427 61.3062 56.8492
      vertex 46 51.336 46.879
    endloop
  endfacet
  facet normal 1.70535e-15 -0.707107 0.707107
    outer loop
      vertex 70.8427 61.3062 56.8492
      vertex 72.691 60.5315 56.0745
      vertex 72.8333 60.6462 56.1892
    endloop
  endfacet
  facet normal 0 -0.707107 0.707107
    outer loop
      vertex 53 51.336 46.879
      vertex 70.8427 61.3062 56.8492
      vertex 48 51.336 46.879
    endloop
  endfacet
  facet normal 1.91805e-15 -0.707107 0.707107
    outer loop
      vertex 70.8427 61.3062 56.8492
      vertex 72.5711 60.4046 55.9476
      vertex 72.691 60.5315 56.0745
    endloop
  endfacet
  facet normal 0 -0.707107 0.707107
    outer loop
      vertex 60 51.336 46.879
      vertex 70.8427 61.3062 56.8492
      vertex 55 51.336 46.879
    endloop
  endfacet
  facet normal 2.18933e-15 -0.707107 0.707107
    outer loop
      vertex 70.8427 61.3062 56.8492
      vertex 72.4756 60.2677 55.8107
      vertex 72.5711 60.4046 55.9476
    endloop
  endfacet
  facet normal 0 -0.707107 0.707107
    outer loop
      vertex 62 51.336 46.879
      vertex 70.8427 61.3062 56.8492
      vertex 60 51.336 46.879
    endloop
  endfacet
  facet normal 1.93696e-14 -0.707107 0.707107
    outer loop
      vertex 70.8427 61.3062 56.8492
      vertex 72.4062 60.1232 55.6662
      vertex 72.4756 60.2677 55.8107
    endloop
  endfacet
  facet normal -2.10186e-14 -0.707107 0.707107
    outer loop
      vertex 70.8427 61.3062 56.8492
      vertex 72.3641 59.9735 55.5165
      vertex 72.4062 60.1232 55.6662
    endloop
  endfacet
  facet normal -2.11334e-05 -0.707097 0.707116
    outer loop
      vertex 72.4756 59.3747 54.9178
      vertex 70.8427 61.3062 56.8492
      vertex 62 51.336 46.879
    endloop
  endfacet
  facet normal 3.13391e-15 -0.707107 0.707107
    outer loop
      vertex 70.8427 61.3062 56.8492
      vertex 72.35 59.8212 55.3642
      vertex 72.3641 59.9735 55.5165
    endloop
  endfacet
  facet normal 3.01039e-15 -0.707107 0.707107
    outer loop
      vertex 70.8427 61.3062 56.8492
      vertex 72.3641 59.6689 55.2119
      vertex 72.35 59.8212 55.3642
    endloop
  endfacet
  facet normal 3.95811e-15 -0.707107 0.707107
    outer loop
      vertex 70.8427 61.3062 56.8492
      vertex 72.4062 59.5193 55.0623
      vertex 72.3641 59.6689 55.2119
    endloop
  endfacet
  facet normal 0.00123884 -0.706564 0.707648
    outer loop
      vertex 70.8427 61.3062 56.8492
      vertex 72.4756 59.3747 54.9178
      vertex 72.4062 59.5193 55.0623
    endloop
  endfacet
  facet normal 0.000253828 -0.707277 0.706937
    outer loop
      vertex 72.4756 59.3747 54.9178
      vertex 62 51.336 46.879
      vertex 72.5711 59.2379 54.7809
    endloop
  endfacet
  facet normal 0 -0.707107 0.707107
    outer loop
      vertex -1.1 61.3062 56.8492
      vertex 20 51.336 46.879
      vertex 25 51.336 46.879
    endloop
  endfacet
  facet normal 0 -0.707107 0.707107
    outer loop
      vertex -1.1 61.3062 56.8492
      vertex 18 51.336 46.879
      vertex 20 51.336 46.879
    endloop
  endfacet
  facet normal 0 -0.707107 0.707107
    outer loop
      vertex -2.1 60.5991 56.1421
      vertex 18 41.4365 36.9795
      vertex 18 51.336 46.879
    endloop
  endfacet
  facet normal 0 -0.707107 0.707107
    outer loop
      vertex 13.97 27.2943 22.8373
      vertex 20 41.4365 36.9795
      vertex 18 41.4365 36.9795
    endloop
  endfacet
  facet normal 0 -0.707107 0.707107
    outer loop
      vertex 20 41.4365 36.9795
      vertex 13.97 27.2943 22.8373
      vertex 25 41.4365 36.9795
    endloop
  endfacet
  facet normal 0 -0.707107 0.707107
    outer loop
      vertex 25 41.4365 36.9795
      vertex 13.97 27.2943 22.8373
      vertex 27 41.4365 36.9795
    endloop
  endfacet
  facet normal 0 -0.707107 0.707107
    outer loop
      vertex 27 41.4365 36.9795
      vertex 13.97 27.2943 22.8373
      vertex 32 41.4365 36.9795
    endloop
  endfacet
  facet normal 0 -0.707107 0.707107
    outer loop
      vertex 32 41.4365 36.9795
      vertex 13.97 27.2943 22.8373
      vertex 34 41.4365 36.9795
    endloop
  endfacet
  facet normal 0 -0.707107 0.707107
    outer loop
      vertex 53.97 27.2943 22.8373
      vertex 34 41.4365 36.9795
      vertex 13.97 27.2943 22.8373
    endloop
  endfacet
  facet normal 0 -0.707107 0.707107
    outer loop
      vertex 34 41.4365 36.9795
      vertex 53.97 27.2943 22.8373
      vertex 39 41.4365 36.9795
    endloop
  endfacet
  facet normal 0 -0.707107 0.707107
    outer loop
      vertex 39 41.4365 36.9795
      vertex 53.97 27.2943 22.8373
      vertex 41 41.4365 36.9795
    endloop
  endfacet
  facet normal 0 -0.707107 0.707107
    outer loop
      vertex 41 41.4365 36.9795
      vertex 53.97 27.2943 22.8373
      vertex 46 41.4365 36.9795
    endloop
  endfacet
  facet normal 0 -0.707107 0.707107
    outer loop
      vertex 48 41.4365 36.9795
      vertex 53.97 27.2943 22.8373
      vertex 53 41.4365 36.9795
    endloop
  endfacet
  facet normal 0 -0.707107 0.707107
    outer loop
      vertex 53 41.4365 36.9795
      vertex 53.97 27.2943 22.8373
      vertex 55 41.4365 36.9795
    endloop
  endfacet
  facet normal 0 -0.707107 0.707107
    outer loop
      vertex 55 41.4365 36.9795
      vertex 53.97 27.2943 22.8373
      vertex 60 41.4365 36.9795
    endloop
  endfacet
  facet normal 0 -0.707107 0.707107
    outer loop
      vertex 46 41.4365 36.9795
      vertex 53.97 27.2943 22.8373
      vertex 48 41.4365 36.9795
    endloop
  endfacet
  facet normal 0 -0.707107 0.707107
    outer loop
      vertex -2.1 60.5991 56.1421
      vertex 13.97 27.2943 22.8373
      vertex 18 41.4365 36.9795
    endloop
  endfacet
  facet normal -3.11933e-07 -0.707107 0.707107
    outer loop
      vertex -2.1 13.6189 9.16189
      vertex 13.97 27.2943 22.8373
      vertex -2.1 60.5991 56.1421
    endloop
  endfacet
  facet normal -9.3843e-07 -0.707107 0.707107
    outer loop
      vertex 13.97 27.2943 22.8373
      vertex -1.1 12.9118 8.45478
      vertex 13.97 14.3967 9.9397
    endloop
  endfacet
  facet normal 3.66234e-06 -0.707109 0.707104
    outer loop
      vertex -1.1 12.9118 8.45478
      vertex 13.97 27.2943 22.8373
      vertex -2.1 13.6189 9.16189
    endloop
  endfacet
  facet normal 0 -0.707107 0.707107
    outer loop
      vertex 95.6867 61.953 57.496
      vertex 96.1185 62.1547 57.6977
      vertex 96.1 62.1483 57.6913
    endloop
  endfacet
  facet normal 0 -0.707107 0.707107
    outer loop
      vertex 96.1185 62.1547 57.6977
      vertex 94.8427 61.3062 56.8492
      vertex 99.8815 62.1547 57.6977
    endloop
  endfacet
  facet normal -9.35835e-15 -0.707107 0.707107
    outer loop
      vertex 96.1185 62.1547 57.6977
      vertex 95.6867 61.953 57.496
      vertex 94.8427 61.3062 56.8492
    endloop
  endfacet
  facet normal 0 -0.707107 0.707107
    outer loop
      vertex 101.157 61.3062 56.8492
      vertex 99.8815 62.1547 57.6977
      vertex 94.8427 61.3062 56.8492
    endloop
  endfacet
  facet normal -2.55605e-14 -0.707107 0.707107
    outer loop
      vertex 94.8427 61.3062 56.8492
      vertex 95.6867 61.953 57.496
      vertex 95.313 61.7212 57.2642
    endloop
  endfacet
  facet normal 9.37503e-15 -0.707107 0.707107
    outer loop
      vertex 100.313 61.953 57.496
      vertex 99.8815 62.1547 57.6977
      vertex 101.157 61.3062 56.8492
    endloop
  endfacet
  facet normal -1.12821e-13 -0.707107 0.707107
    outer loop
      vertex 94.8427 61.3062 56.8492
      vertex 95.313 61.7212 57.2642
      vertex 94.9853 61.457 57
    endloop
  endfacet
  facet normal 0 -0.707107 0.707107
    outer loop
      vertex 99.8815 62.1547 57.6977
      vertex 100.313 61.953 57.496
      vertex 99.9 62.1483 57.6913
    endloop
  endfacet
  facet normal 2.54533e-14 -0.707107 0.707107
    outer loop
      vertex 100.313 61.953 57.496
      vertex 101.157 61.3062 56.8492
      vertex 100.687 61.7212 57.2642
    endloop
  endfacet
  facet normal 1.10896e-13 -0.707107 0.707107
    outer loop
      vertex 100.687 61.7212 57.2642
      vertex 101.157 61.3062 56.8492
      vertex 101.015 61.457 57
    endloop
  endfacet
  facet normal 0 -0.707107 0.707107
    outer loop
      vertex 71.6867 61.953 57.496
      vertex 72.1185 62.1547 57.6977
      vertex 72.1 62.1483 57.6913
    endloop
  endfacet
  facet normal 0 -0.707107 0.707107
    outer loop
      vertex 72.1185 62.1547 57.6977
      vertex 70.8427 61.3062 56.8492
      vertex 75.8815 62.1547 57.6977
    endloop
  endfacet
  facet normal -9.35835e-15 -0.707107 0.707107
    outer loop
      vertex 72.1185 62.1547 57.6977
      vertex 71.6867 61.953 57.496
      vertex 70.8427 61.3062 56.8492
    endloop
  endfacet
  facet normal 0 -0.707107 0.707107
    outer loop
      vertex 77.1573 61.3062 56.8492
      vertex 75.8815 62.1547 57.6977
      vertex 70.8427 61.3062 56.8492
    endloop
  endfacet
  facet normal -2.55605e-14 -0.707107 0.707107
    outer loop
      vertex 70.8427 61.3062 56.8492
      vertex 71.6867 61.953 57.496
      vertex 71.313 61.7212 57.2642
    endloop
  endfacet
  facet normal 9.35835e-15 -0.707107 0.707107
    outer loop
      vertex 76.3133 61.953 57.496
      vertex 75.8815 62.1547 57.6977
      vertex 77.1573 61.3062 56.8492
    endloop
  endfacet
  facet normal -1.12821e-13 -0.707107 0.707107
    outer loop
      vertex 70.8427 61.3062 56.8492
      vertex 71.313 61.7212 57.2642
      vertex 70.9853 61.457 57
    endloop
  endfacet
  facet normal 0 -0.707107 0.707107
    outer loop
      vertex 75.8815 62.1547 57.6977
      vertex 76.3133 61.953 57.496
      vertex 75.9 62.1483 57.6913
    endloop
  endfacet
  facet normal 2.55605e-14 -0.707107 0.707107
    outer loop
      vertex 76.3133 61.953 57.496
      vertex 77.1573 61.3062 56.8492
      vertex 76.687 61.7212 57.2642
    endloop
  endfacet
  facet normal 1.12821e-13 -0.707107 0.707107
    outer loop
      vertex 76.687 61.7212 57.2642
      vertex 77.1573 61.3062 56.8492
      vertex 77.0147 61.457 57
    endloop
  endfacet
  facet normal -7.61619e-15 -0.707107 0.707107
    outer loop
      vertex -1.3 62.1547 57.6977
      vertex -1 64.0639 59.6069
      vertex -1.65263 64.0336 59.5766
    endloop
  endfacet
  facet normal 0 -0.707107 0.707107
    outer loop
      vertex -1 64.0639 59.6069
      vertex 72.1185 62.1547 57.6977
      vertex 105 64.0639 59.6069
    endloop
  endfacet
  facet normal 1.51701e-14 -0.707107 0.707107
    outer loop
      vertex -1.81764 62.1065 57.6495
      vertex -1.65263 64.0336 59.5766
      vertex -2.2941 63.9434 59.4864
    endloop
  endfacet
  facet normal 0 -0.707107 0.707107
    outer loop
      vertex 75.8815 62.1547 57.6977
      vertex 105 64.0639 59.6069
      vertex 72.1185 62.1547 57.6977
    endloop
  endfacet
  facet normal -7.79546e-15 -0.707107 0.707107
    outer loop
      vertex -2.06538 62.047 57.59
      vertex -2.2941 63.9434 59.4864
      vertex -2.91342 63.7948 59.3378
    endloop
  endfacet
  facet normal 0 -0.707107 0.707107
    outer loop
      vertex 96.1185 62.1547 57.6977
      vertex 105 64.0639 59.6069
      vertex 75.8815 62.1547 57.6977
    endloop
  endfacet
  facet normal -1.19125e-05 -0.70709 0.707124
    outer loop
      vertex -2.51753 61.8624 57.4055
      vertex -2.91342 63.7948 59.3378
      vertex -3.5 63.5902 59.1332
    endloop
  endfacet
  facet normal 0 -0.707107 0.707107
    outer loop
      vertex 99.8815 62.1547 57.6977
      vertex 105 64.0639 59.6069
      vertex 96.1185 62.1547 57.6977
    endloop
  endfacet
  facet normal 0 -0.707107 0.707107
    outer loop
      vertex -2.71421 61.7405 57.2835
      vertex -3.5 63.5902 59.1332
      vertex -4.04381 63.3333 58.8763
    endloop
  endfacet
  facet normal 0 -0.707107 0.707107
    outer loop
      vertex 105.3 62.1547 57.6977
      vertex 105 64.0639 59.6069
      vertex 99.8815 62.1547 57.6977
    endloop
  endfacet
  facet normal 0 -0.707107 0.707107
    outer loop
      vertex -2.88671 61.6014 57.1444
      vertex -4.04381 63.3333 58.8763
      vertex -4.53554 63.0283 58.5713
    endloop
  endfacet
  facet normal 7.7506e-15 -0.707107 0.707107
    outer loop
      vertex 105 64.0639 59.6069
      vertex 105.3 62.1547 57.6977
      vertex 105.653 64.0336 59.5766
    endloop
  endfacet
  facet normal 0 -0.707107 0.707107
    outer loop
      vertex -3.14776 61.2817 56.8247
      vertex -4.53554 63.0283 58.5713
      vertex -4.96678 62.6806 58.2236
    endloop
  endfacet
  facet normal 1.23987e-16 -0.707107 0.707107
    outer loop
      vertex 105.561 62.1426 57.6856
      vertex 105.653 64.0336 59.5766
      vertex 105.3 62.1547 57.6977
    endloop
  endfacet
  facet normal -1.52061e-15 -0.707107 0.707107
    outer loop
      vertex -3.23185 61.1065 56.6495
      vertex -4.96678 62.6806 58.2236
      vertex -5.33014 62.2961 57.8391
    endloop
  endfacet
  facet normal -1.90523e-14 -0.707107 0.707107
    outer loop
      vertex 105.818 62.1065 57.6495
      vertex 105.653 64.0336 59.5766
      vertex 105.561 62.1426 57.6856
    endloop
  endfacet
  facet normal 0 -0.707107 0.707107
    outer loop
      vertex -1 64.0639 59.6069
      vertex -1.3 62.1547 57.6977
      vertex 72.1185 62.1547 57.6977
    endloop
  endfacet
  facet normal 0 -0.707107 0.707107
    outer loop
      vertex -1.65263 64.0336 59.5766
      vertex -1.56106 62.1426 57.6856
      vertex -1.3 62.1547 57.6977
    endloop
  endfacet
  facet normal 1.92847e-14 -0.707107 0.707107
    outer loop
      vertex -1.65263 64.0336 59.5766
      vertex -1.81764 62.1065 57.6495
      vertex -1.56106 62.1426 57.6856
    endloop
  endfacet
  facet normal 0 -0.707107 0.707107
    outer loop
      vertex -2.2941 63.9434 59.4864
      vertex -2.06538 62.047 57.59
      vertex -1.81764 62.1065 57.6495
    endloop
  endfacet
  facet normal -1.89942e-14 -0.707107 0.707107
    outer loop
      vertex -2.91342 63.7948 59.3378
      vertex -2.3 61.9652 57.5082
      vertex -2.06538 62.047 57.59
    endloop
  endfacet
  facet normal -1.7453e-15 -0.707107 0.707107
    outer loop
      vertex -3.23185 61.1065 56.6495
      vertex -5.33014 62.2961 57.8391
      vertex -5.6194 61.8813 57.4243
    endloop
  endfacet
  facet normal 0.000280621 -0.70706 0.707154
    outer loop
      vertex -2.91342 63.7948 59.3378
      vertex -2.51753 61.8624 57.4055
      vertex -2.3 61.9652 57.5082
    endloop
  endfacet
  facet normal -0.000284565 -0.707167 0.707046
    outer loop
      vertex -3.5 63.5902 59.1332
      vertex -2.71421 61.7405 57.2835
      vertex -2.51753 61.8624 57.4055
    endloop
  endfacet
  facet normal 0 -0.707107 0.707107
    outer loop
      vertex -4.04381 63.3333 58.8763
      vertex -2.88671 61.6014 57.1444
      vertex -2.71421 61.7405 57.2835
    endloop
  endfacet
  facet normal 0 -0.707107 0.707107
    outer loop
      vertex -4.53554 63.0283 58.5713
      vertex -3.03205 61.4476 56.9906
      vertex -2.88671 61.6014 57.1444
    endloop
  endfacet
  facet normal 3.94386e-15 -0.707107 0.707107
    outer loop
      vertex -3.28289 60.9251 56.4681
      vertex -5.6194 61.8813 57.4243
      vertex -5.82964 61.4434 56.9864
    endloop
  endfacet
  facet normal 0 -0.707107 0.707107
    outer loop
      vertex -4.53554 63.0283 58.5713
      vertex -3.14776 61.2817 56.8247
      vertex -3.03205 61.4476 56.9906
    endloop
  endfacet
  facet normal 1.58331e-14 -0.707107 0.707107
    outer loop
      vertex -4.96678 62.6806 58.2236
      vertex -3.23185 61.1065 56.6495
      vertex -3.14776 61.2817 56.8247
    endloop
  endfacet
  facet normal -1.01531e-15 -0.707107 0.707107
    outer loop
      vertex -3.3 60.7405 56.2835
      vertex -5.82964 61.4434 56.9864
      vertex -5.95723 60.9898 56.5328
    endloop
  endfacet
  facet normal -1.01318e-14 -0.707107 0.707107
    outer loop
      vertex -5.6194 61.8813 57.4243
      vertex -3.28289 60.9251 56.4681
      vertex -3.23185 61.1065 56.6495
    endloop
  endfacet
  facet normal 1.96672e-15 -0.707107 0.707107
    outer loop
      vertex -5.82964 61.4434 56.9864
      vertex -3.3 60.7405 56.2835
      vertex -3.28289 60.9251 56.4681
    endloop
  endfacet
  facet normal 0 -0.707107 0.707107
    outer loop
      vertex -6 60.5283 56.0713
      vertex -3.3 60.7405 56.2835
      vertex -5.95723 60.9898 56.5328
    endloop
  endfacet
  facet normal 0 -0.707107 0.707107
    outer loop
      vertex -6 13.6896 9.2326
      vertex -3.3 60.7405 56.2835
      vertex -6 60.5283 56.0713
    endloop
  endfacet
  facet normal 1.04286e-05 -0.707107 0.707106
    outer loop
      vertex -6 13.6896 9.2326
      vertex -3.3 13.4775 9.02046
      vertex -3.3 60.7405 56.2835
    endloop
  endfacet
  facet normal 1.29777e-05 -0.707091 0.707123
    outer loop
      vertex -5.95723 13.2281 8.77112
      vertex -3.3 13.4775 9.02046
      vertex -6 13.6896 9.2326
    endloop
  endfacet
  facet normal 1.41304e-05 -0.707097 0.707117
    outer loop
      vertex -5.82964 12.7745 8.31753
      vertex -3.3 13.4775 9.02046
      vertex -5.95723 13.2281 8.77112
    endloop
  endfacet
  facet normal 8.6981e-06 -0.707087 0.707126
    outer loop
      vertex -3.3 13.4775 9.02046
      vertex -5.82964 12.7745 8.31753
      vertex -3.28289 13.2929 8.83587
    endloop
  endfacet
  facet normal 2.41582e-05 -0.707125 0.707088
    outer loop
      vertex -5.6194 12.3366 7.8796
      vertex -3.28289 13.2929 8.83587
      vertex -5.82964 12.7745 8.31753
    endloop
  endfacet
  facet normal -9.1971e-05 -0.706983 0.70723
    outer loop
      vertex -3.28289 13.2929 8.83587
      vertex -5.6194 12.3366 7.8796
      vertex -3.23185 13.1114 8.65444
    endloop
  endfacet
  facet normal -2.31944e-05 -0.707089 0.707124
    outer loop
      vertex -5.33014 11.9218 7.46483
      vertex -3.23185 13.1114 8.65444
      vertex -5.6194 12.3366 7.8796
    endloop
  endfacet
  facet normal 1.81719e-05 -0.707126 0.707088
    outer loop
      vertex -4.96678 11.5373 7.0803
      vertex -3.23185 13.1114 8.65444
      vertex -5.33014 11.9218 7.46483
    endloop
  endfacet
  facet normal 0.00016726 -0.707208 0.707006
    outer loop
      vertex -3.23185 13.1114 8.65444
      vertex -4.96678 11.5373 7.0803
      vertex -3.14776 12.9363 8.47927
    endloop
  endfacet
  facet normal 1.39736e-05 -0.707108 0.707105
    outer loop
      vertex -4.53554 11.1896 6.73259
      vertex -3.14776 12.9363 8.47927
      vertex -4.96678 11.5373 7.0803
    endloop
  endfacet
  facet normal 6.25601e-05 -0.707128 0.707086
    outer loop
      vertex -3.14776 12.9363 8.47927
      vertex -4.53554 11.1896 6.73259
      vertex -3.03205 12.7704 8.31335
    endloop
  endfacet
  facet normal -0.000232998 -0.706987 0.707227
    outer loop
      vertex -3.03205 12.7704 8.31335
      vertex -4.53554 11.1896 6.73259
      vertex -2.88671 12.6165 8.15955
    endloop
  endfacet
  facet normal 6.01424e-06 -0.707125 0.707088
    outer loop
      vertex -4.04381 10.8847 6.42767
      vertex -2.88671 12.6165 8.15955
      vertex -4.53554 11.1896 6.73259
    endloop
  endfacet
  facet normal 0.000222674 -0.707197 0.707016
    outer loop
      vertex -2.88671 12.6165 8.15955
      vertex -4.04381 10.8847 6.42767
      vertex -2.71421 12.4775 8.02046
    endloop
  endfacet
  facet normal -6.37687e-05 -0.707078 0.707136
    outer loop
      vertex -3.5 10.6277 6.17074
      vertex -2.71421 12.4775 8.02046
      vertex -4.04381 10.8847 6.42767
    endloop
  endfacet
  facet normal -8.89112e-05 -0.707098 0.707116
    outer loop
      vertex -2.51753 12.3555 7.89849
      vertex -2.91342 10.4232 5.96619
      vertex -2.3 12.2527 7.79572
    endloop
  endfacet
  facet normal 5.6255e-05 -0.707113 0.707101
    outer loop
      vertex -2.91342 10.4232 5.96619
      vertex -2.51753 12.3555 7.89849
      vertex -3.5 10.6277 6.17074
    endloop
  endfacet
  facet normal -7.0353e-05 -0.707077 0.707137
    outer loop
      vertex -2.71421 12.4775 8.02046
      vertex -3.5 10.6277 6.17074
      vertex -2.51753 12.3555 7.89849
    endloop
  endfacet
  facet normal -1.51331e-14 -0.707107 0.707107
    outer loop
      vertex 105.653 64.0336 59.5766
      vertex 105.818 62.1065 57.6495
      vertex 106.294 63.9434 59.4864
    endloop
  endfacet
  facet normal 0 -0.707107 0.707107
    outer loop
      vertex 106.065 62.047 57.59
      vertex 106.294 63.9434 59.4864
      vertex 105.818 62.1065 57.6495
    endloop
  endfacet
  facet normal 7.8641e-15 -0.707107 0.707107
    outer loop
      vertex 106.294 63.9434 59.4864
      vertex 106.065 62.047 57.59
      vertex 106.913 63.7948 59.3378
    endloop
  endfacet
  facet normal 1.91315e-14 -0.707107 0.707107
    outer loop
      vertex 106.3 61.9652 57.5082
      vertex 106.913 63.7948 59.3378
      vertex 106.065 62.047 57.59
    endloop
  endfacet
  facet normal -0.000280124 -0.70706 0.707154
    outer loop
      vertex 106.518 61.8624 57.4055
      vertex 106.913 63.7948 59.3378
      vertex 106.3 61.9652 57.5082
    endloop
  endfacet
  facet normal 1.19063e-05 -0.70709 0.707124
    outer loop
      vertex 106.913 63.7948 59.3378
      vertex 106.518 61.8624 57.4055
      vertex 107.5 63.5902 59.1332
    endloop
  endfacet
  facet normal 0.00028533 -0.707167 0.707046
    outer loop
      vertex 106.714 61.7405 57.2835
      vertex 107.5 63.5902 59.1332
      vertex 106.518 61.8624 57.4055
    endloop
  endfacet
  facet normal 0 -0.707107 0.707107
    outer loop
      vertex 107.5 63.5902 59.1332
      vertex 106.714 61.7405 57.2835
      vertex 108.044 63.3333 58.8763
    endloop
  endfacet
  facet normal 0 -0.707107 0.707107
    outer loop
      vertex 106.887 61.6014 57.1444
      vertex 108.044 63.3333 58.8763
      vertex 106.714 61.7405 57.2835
    endloop
  endfacet
  facet normal 0 -0.707107 0.707107
    outer loop
      vertex 108.044 63.3333 58.8763
      vertex 106.887 61.6014 57.1444
      vertex 108.536 63.0283 58.5713
    endloop
  endfacet
  facet normal 0 -0.707107 0.707107
    outer loop
      vertex 107.032 61.4476 56.9906
      vertex 108.536 63.0283 58.5713
      vertex 106.887 61.6014 57.1444
    endloop
  endfacet
  facet normal 0 -0.707107 0.707107
    outer loop
      vertex 107.148 61.2817 56.8247
      vertex 108.536 63.0283 58.5713
      vertex 107.032 61.4476 56.9906
    endloop
  endfacet
  facet normal 0 -0.707107 0.707107
    outer loop
      vertex 108.536 63.0283 58.5713
      vertex 107.148 61.2817 56.8247
      vertex 108.967 62.6806 58.2236
    endloop
  endfacet
  facet normal -1.61078e-14 -0.707107 0.707107
    outer loop
      vertex 107.232 61.1065 56.6495
      vertex 108.967 62.6806 58.2236
      vertex 107.148 61.2817 56.8247
    endloop
  endfacet
  facet normal 1.52128e-15 -0.707107 0.707107
    outer loop
      vertex 108.967 62.6806 58.2236
      vertex 107.232 61.1065 56.6495
      vertex 109.33 62.2961 57.8391
    endloop
  endfacet
  facet normal 1.71359e-15 -0.707107 0.707107
    outer loop
      vertex 109.33 62.2961 57.8391
      vertex 107.232 61.1065 56.6495
      vertex 109.619 61.8813 57.4243
    endloop
  endfacet
  facet normal 1.01762e-14 -0.707107 0.707107
    outer loop
      vertex 107.283 60.9251 56.4681
      vertex 109.619 61.8813 57.4243
      vertex 107.232 61.1065 56.6495
    endloop
  endfacet
  facet normal -3.91019e-15 -0.707107 0.707107
    outer loop
      vertex 109.619 61.8813 57.4243
      vertex 107.283 60.9251 56.4681
      vertex 109.83 61.4434 56.9864
    endloop
  endfacet
  facet normal -1.92579e-15 -0.707107 0.707107
    outer loop
      vertex 107.3 60.7405 56.2835
      vertex 109.83 61.4434 56.9864
      vertex 107.283 60.9251 56.4681
    endloop
  endfacet
  facet normal 1.01552e-15 -0.707107 0.707107
    outer loop
      vertex 109.83 61.4434 56.9864
      vertex 107.3 60.7405 56.2835
      vertex 109.957 60.9898 56.5328
    endloop
  endfacet
  facet normal 0 -0.707107 0.707107
    outer loop
      vertex 107.3 60.7405 56.2835
      vertex 110 60.5283 56.0713
      vertex 109.957 60.9898 56.5328
    endloop
  endfacet
  facet normal 0 -0.707107 0.707107
    outer loop
      vertex 107.3 60.7405 56.2835
      vertex 110 13.6896 9.2326
      vertex 110 60.5283 56.0713
    endloop
  endfacet
  facet normal -1.04286e-05 -0.707107 0.707106
    outer loop
      vertex 107.3 13.4775 9.02046
      vertex 110 13.6896 9.2326
      vertex 107.3 60.7405 56.2835
    endloop
  endfacet
  facet normal -8.6983e-06 -0.707087 0.707126
    outer loop
      vertex 109.83 12.7745 8.31753
      vertex 107.3 13.4775 9.02046
      vertex 107.283 13.2929 8.83587
    endloop
  endfacet
  facet normal -1.29782e-05 -0.707091 0.707123
    outer loop
      vertex 107.3 13.4775 9.02046
      vertex 109.957 13.2281 8.77112
      vertex 110 13.6896 9.2326
    endloop
  endfacet
  facet normal 9.19965e-05 -0.706983 0.70723
    outer loop
      vertex 109.619 12.3366 7.8796
      vertex 107.283 13.2929 8.83587
      vertex 107.232 13.1114 8.65444
    endloop
  endfacet
  facet normal -0.00016731 -0.707208 0.707006
    outer loop
      vertex 108.967 11.5373 7.0803
      vertex 107.232 13.1114 8.65444
      vertex 107.148 12.9363 8.47927
    endloop
  endfacet
  facet normal -1.41333e-05 -0.707097 0.707117
    outer loop
      vertex 107.3 13.4775 9.02046
      vertex 109.83 12.7745 8.31753
      vertex 109.957 13.2281 8.77112
    endloop
  endfacet
  facet normal -6.24816e-05 -0.707128 0.707086
    outer loop
      vertex 108.536 11.1896 6.73259
      vertex 107.148 12.9363 8.47927
      vertex 107.032 12.7704 8.31335
    endloop
  endfacet
  facet normal 0.00023323 -0.706987 0.707227
    outer loop
      vertex 108.536 11.1896 6.73259
      vertex 107.032 12.7704 8.31335
      vertex 106.887 12.6165 8.15955
    endloop
  endfacet
  facet normal -0.000222262 -0.707197 0.707016
    outer loop
      vertex 108.044 10.8847 6.42767
      vertex 106.887 12.6165 8.15955
      vertex 106.714 12.4775 8.02046
    endloop
  endfacet
  facet normal 7.05421e-05 -0.707077 0.707137
    outer loop
      vertex 107.5 10.6277 6.17074
      vertex 106.714 12.4775 8.02046
      vertex 106.518 12.3555 7.89849
    endloop
  endfacet
  facet normal -2.41482e-05 -0.707125 0.707088
    outer loop
      vertex 107.283 13.2929 8.83587
      vertex 109.619 12.3366 7.8796
      vertex 109.83 12.7745 8.31753
    endloop
  endfacet
  facet normal 8.8754e-05 -0.707098 0.707116
    outer loop
      vertex 106.913 10.4232 5.96619
      vertex 106.518 12.3555 7.89849
      vertex 106.3 12.2527 7.79572
    endloop
  endfacet
  facet normal -2.3332e-05 -0.707116 0.707097
    outer loop
      vertex 106.913 10.4232 5.96619
      vertex 106.3 12.2527 7.79572
      vertex 106.065 12.1709 7.71391
    endloop
  endfacet
  facet normal 5.38921e-05 -0.7071 0.707114
    outer loop
      vertex 106.294 10.2745 5.81753
      vertex 106.065 12.1709 7.71391
      vertex 105.818 12.1114 7.65443
    endloop
  endfacet
  facet normal -0.000221744 -0.707101 0.707113
    outer loop
      vertex 105.653 10.1843 5.72731
      vertex 105.818 12.1114 7.65443
      vertex 105.561 12.0754 7.61835
    endloop
  endfacet
  facet normal 2.32026e-05 -0.707089 0.707124
    outer loop
      vertex 107.232 13.1114 8.65444
      vertex 109.33 11.9218 7.46483
      vertex 109.619 12.3366 7.8796
    endloop
  endfacet
  facet normal 0.000269268 -0.707089 0.707125
    outer loop
      vertex 105.653 10.1843 5.72731
      vertex 105.561 12.0754 7.61835
      vertex 105.3 12.0632 7.60625
    endloop
  endfacet
  facet normal 0 -0.707123 0.70709
    outer loop
      vertex -1.3 12.0632 7.60625
      vertex -1 10.1541 5.69706
      vertex 105.3 12.0632 7.60625
    endloop
  endfacet
  facet normal 2.33641e-05 -0.707116 0.707097
    outer loop
      vertex -2.3 12.2527 7.79572
      vertex -2.91342 10.4232 5.96619
      vertex -2.06538 12.1709 7.71391
    endloop
  endfacet
  facet normal 0 -0.707123 0.70709
    outer loop
      vertex 105 10.1541 5.69706
      vertex 105.3 12.0632 7.60625
      vertex -1 10.1541 5.69706
    endloop
  endfacet
  facet normal -4.26448e-05 -0.7071 0.707113
    outer loop
      vertex -2.2941 10.2745 5.81753
      vertex -2.06538 12.1709 7.71391
      vertex -2.91342 10.4232 5.96619
    endloop
  endfacet
  facet normal -5.29854e-05 -0.707119 0.707094
    outer loop
      vertex 105.653 10.1843 5.72731
      vertex 105.3 12.0632 7.60625
      vertex 105 10.1541 5.69706
    endloop
  endfacet
  facet normal -5.37375e-05 -0.7071 0.707114
    outer loop
      vertex -2.06538 12.1709 7.71391
      vertex -2.2941 10.2745 5.81753
      vertex -1.81764 12.1114 7.65443
    endloop
  endfacet
  facet normal -2.12863e-05 -0.70711 0.707104
    outer loop
      vertex 105.818 12.1114 7.65443
      vertex 105.653 10.1843 5.72731
      vertex 106.294 10.2745 5.81753
    endloop
  endfacet
  facet normal 2.12706e-05 -0.70711 0.707104
    outer loop
      vertex -1.65263 10.1843 5.72731
      vertex -1.81764 12.1114 7.65443
      vertex -2.2941 10.2745 5.81753
    endloop
  endfacet
  facet normal 4.26648e-05 -0.7071 0.707113
    outer loop
      vertex 106.065 12.1709 7.71391
      vertex 106.294 10.2745 5.81753
      vertex 106.913 10.4232 5.96619
    endloop
  endfacet
  facet normal 0.000222112 -0.707101 0.707113
    outer loop
      vertex -1.81764 12.1114 7.65443
      vertex -1.65263 10.1843 5.72731
      vertex -1.56106 12.0754 7.61835
    endloop
  endfacet
  facet normal 6.37473e-05 -0.707078 0.707136
    outer loop
      vertex 106.714 12.4775 8.02046
      vertex 107.5 10.6277 6.17074
      vertex 108.044 10.8847 6.42767
    endloop
  endfacet
  facet normal -0.000269209 -0.707089 0.707124
    outer loop
      vertex -1.56106 12.0754 7.61835
      vertex -1.65263 10.1843 5.72731
      vertex -1.3 12.0632 7.60625
    endloop
  endfacet
  facet normal -1.81798e-05 -0.707126 0.707088
    outer loop
      vertex 107.232 13.1114 8.65444
      vertex 108.967 11.5373 7.0803
      vertex 109.33 11.9218 7.46483
    endloop
  endfacet
  facet normal 5.30157e-05 -0.707119 0.707094
    outer loop
      vertex -1.3 12.0632 7.60625
      vertex -1.65263 10.1843 5.72731
      vertex -1 10.1541 5.69706
    endloop
  endfacet
  facet normal -1.39774e-05 -0.707108 0.707105
    outer loop
      vertex 107.148 12.9363 8.47927
      vertex 108.536 11.1896 6.73259
      vertex 108.967 11.5373 7.0803
    endloop
  endfacet
  facet normal -6.01206e-06 -0.707125 0.707088
    outer loop
      vertex 106.887 12.6165 8.15955
      vertex 108.044 10.8847 6.42767
      vertex 108.536 11.1896 6.73259
    endloop
  endfacet
  facet normal -5.62259e-05 -0.707113 0.707101
    outer loop
      vertex 106.518 12.3555 7.89849
      vertex 106.913 10.4232 5.96619
      vertex 107.5 10.6277 6.17074
    endloop
  endfacet
  facet normal -1.94824e-15 -0.707107 0.707107
    outer loop
      vertex 99.4289 60.4046 55.9476
      vertex 101.157 61.3062 56.8492
      vertex 99.309 60.5315 56.0745
    endloop
  endfacet
  facet normal -2.12878e-15 -0.707107 0.707107
    outer loop
      vertex 99.5244 60.2677 55.8107
      vertex 101.157 61.3062 56.8492
      vertex 99.4289 60.4046 55.9476
    endloop
  endfacet
  facet normal -1.93086e-14 -0.707107 0.707107
    outer loop
      vertex 99.5938 60.1232 55.6662
      vertex 101.157 61.3062 56.8492
      vertex 99.5244 60.2677 55.8107
    endloop
  endfacet
  facet normal 2.09528e-14 -0.707107 0.707107
    outer loop
      vertex 99.6359 59.9735 55.5165
      vertex 101.157 61.3062 56.8492
      vertex 99.5938 60.1232 55.6662
    endloop
  endfacet
  facet normal -3.05612e-15 -0.707107 0.707107
    outer loop
      vertex 99.65 59.8212 55.3642
      vertex 101.157 61.3062 56.8492
      vertex 99.6359 59.9735 55.5165
    endloop
  endfacet
  facet normal -3.66971e-15 -0.707107 0.707107
    outer loop
      vertex 99.6359 59.6689 55.2119
      vertex 101.157 61.3062 56.8492
      vertex 99.65 59.8212 55.3642
    endloop
  endfacet
  facet normal -4.70158e-15 -0.707107 0.707107
    outer loop
      vertex 99.5938 59.5193 55.0623
      vertex 101.157 61.3062 56.8492
      vertex 99.6359 59.6689 55.2119
    endloop
  endfacet
  facet normal 0 -0.707107 0.707107
    outer loop
      vertex 101.157 61.3062 56.8492
      vertex 99.5938 59.5193 55.0623
      vertex 105.1 61.3062 56.8492
    endloop
  endfacet
  facet normal 9.53609e-16 -0.707107 0.707107
    outer loop
      vertex 106.1 60.5991 56.1421
      vertex 105.1 61.3062 56.8492
      vertex 99.5938 59.5193 55.0623
    endloop
  endfacet
  facet normal 4.06988e-14 -0.707107 0.707107
    outer loop
      vertex 105.1 61.3062 56.8492
      vertex 106.1 60.5991 56.1421
      vertex 105.231 61.3001 56.8431
    endloop
  endfacet
  facet normal 0 -0.707107 0.707107
    outer loop
      vertex 105.231 61.3001 56.8431
      vertex 106.1 60.5991 56.1421
      vertex 105.359 61.2821 56.8251
    endloop
  endfacet
  facet normal 0 -0.707107 0.707107
    outer loop
      vertex 105.483 61.2523 56.7953
      vertex 106.1 60.5991 56.1421
      vertex 105.6 61.2114 56.7544
    endloop
  endfacet
  facet normal -7.49597e-14 -0.707107 0.707107
    outer loop
      vertex 105.6 61.2114 56.7544
      vertex 106.1 60.5991 56.1421
      vertex 105.709 61.16 56.703
    endloop
  endfacet
  facet normal 8.06305e-14 -0.707107 0.707107
    outer loop
      vertex 105.709 61.16 56.703
      vertex 106.1 60.5991 56.1421
      vertex 105.807 61.0991 56.6421
    endloop
  endfacet
  facet normal -1.39591e-13 -0.707107 0.707107
    outer loop
      vertex 105.893 61.0295 56.5725
      vertex 106.1 60.5991 56.1421
      vertex 105.966 60.9526 56.4956
    endloop
  endfacet
  facet normal 1.44672e-13 -0.707107 0.707107
    outer loop
      vertex 105.966 60.9526 56.4956
      vertex 106.1 60.5991 56.1421
      vertex 106.024 60.8697 56.4127
    endloop
  endfacet
  facet normal 0 -0.707107 0.707107
    outer loop
      vertex 106.066 60.7821 56.3251
      vertex 106.1 60.5991 56.1421
      vertex 106.091 60.6914 56.2344
    endloop
  endfacet
  facet normal 0 -0.707107 0.707107
    outer loop
      vertex 106.024 60.8697 56.4127
      vertex 106.1 60.5991 56.1421
      vertex 106.066 60.7821 56.3251
    endloop
  endfacet
  facet normal 0 -0.707107 0.707107
    outer loop
      vertex 105.807 61.0991 56.6421
      vertex 106.1 60.5991 56.1421
      vertex 105.893 61.0295 56.5725
    endloop
  endfacet
  facet normal 0 -0.707107 0.707107
    outer loop
      vertex 105.359 61.2821 56.8251
      vertex 106.1 60.5991 56.1421
      vertex 105.483 61.2523 56.7953
    endloop
  endfacet
  facet normal -8.82154e-05 -0.706841 0.707372
    outer loop
      vertex 99.5244 59.3747 54.9178
      vertex 106.1 60.5991 56.1421
      vertex 99.5938 59.5193 55.0623
    endloop
  endfacet
  facet normal 0.000122935 -0.707408 0.706805
    outer loop
      vertex 99.4289 59.2379 54.7809
      vertex 106.1 60.5991 56.1421
      vertex 99.5244 59.3747 54.9178
    endloop
  endfacet
  facet normal -9.99467e-15 -0.707107 0.707107
    outer loop
      vertex 99.309 59.111 54.654
      vertex 106.1 60.5991 56.1421
      vertex 99.4289 59.2379 54.7809
    endloop
  endfacet
  facet normal 1.42051e-14 -0.707107 0.707107
    outer loop
      vertex 99.1667 58.9962 54.5392
      vertex 106.1 60.5991 56.1421
      vertex 99.309 59.111 54.654
    endloop
  endfacet
  facet normal 0 -0.707107 0.707107
    outer loop
      vertex 99.0045 58.8956 54.4386
      vertex 106.1 60.5991 56.1421
      vertex 99.1667 58.9962 54.5392
    endloop
  endfacet
  facet normal 0 -0.707107 0.707107
    outer loop
      vertex 98.825 58.8108 54.3538
      vertex 106.1 60.5991 56.1421
      vertex 99.0045 58.8956 54.4386
    endloop
  endfacet
  facet normal 2.54529e-14 -0.707107 0.707107
    outer loop
      vertex 98.825 26.1834 21.7264
      vertex 98.825 58.8108 54.3538
      vertex 98.6314 58.7433 54.2863
    endloop
  endfacet
  facet normal 0 -0.707107 0.707107
    outer loop
      vertex -1.1 61.3062 56.8492
      vertex 25 51.336 46.879
      vertex 27 51.336 46.879
    endloop
  endfacet
  facet normal 0 -0.707107 0.707107
    outer loop
      vertex -1.1 61.3062 56.8492
      vertex 27 51.336 46.879
      vertex 32 51.336 46.879
    endloop
  endfacet
  facet normal 0 -0.707107 0.707107
    outer loop
      vertex -1.1 61.3062 56.8492
      vertex 32 51.336 46.879
      vertex 34 51.336 46.879
    endloop
  endfacet
  facet normal 0 -0.707107 0.707107
    outer loop
      vertex 55 51.336 46.879
      vertex 70.8427 61.3062 56.8492
      vertex 53 51.336 46.879
    endloop
  endfacet
  facet normal -1.73547e-14 -0.707107 0.707107
    outer loop
      vertex 72.5711 59.2379 54.7809
      vertex 62 51.336 46.879
      vertex 72.691 59.111 54.654
    endloop
  endfacet
  facet normal 1.6517e-14 -0.707107 0.707107
    outer loop
      vertex 72.691 59.111 54.654
      vertex 62 51.336 46.879
      vertex 72.8333 58.9962 54.5392
    endloop
  endfacet
  facet normal 0 -0.707107 0.707107
    outer loop
      vertex 72.8333 58.9962 54.5392
      vertex 62 51.336 46.879
      vertex 72.9955 58.8956 54.4386
    endloop
  endfacet
  facet normal 0 -0.707107 0.707107
    outer loop
      vertex 72.9955 58.8956 54.4386
      vertex 62 51.336 46.879
      vertex 73.175 58.8108 54.3538
    endloop
  endfacet
  facet normal 0 -0.707107 0.707107
    outer loop
      vertex 73.175 58.8108 54.3538
      vertex 62 51.336 46.879
      vertex 73.3686 58.7433 54.2863
    endloop
  endfacet
  facet normal 0 -0.707107 0.707107
    outer loop
      vertex 73.3686 58.7433 54.2863
      vertex 62 51.336 46.879
      vertex 73.573 58.6943 54.2373
    endloop
  endfacet
  facet normal -1.94312e-14 -0.707107 0.707107
    outer loop
      vertex 73.573 58.6943 54.2373
      vertex 62 51.336 46.879
      vertex 73.7846 58.6645 54.2075
    endloop
  endfacet
  facet normal 2.1675e-14 -0.707107 0.707107
    outer loop
      vertex 73.7846 58.6645 54.2075
      vertex 62 51.336 46.879
      vertex 74 58.6545 54.1975
    endloop
  endfacet
  facet normal 0 -0.707107 0.707107
    outer loop
      vertex 62 41.4365 36.9795
      vertex 74 58.6545 54.1975
      vertex 62 51.336 46.879
    endloop
  endfacet
  facet normal 0 -0.707107 0.707107
    outer loop
      vertex 74.2154 26.3297 21.8727
      vertex 62 41.4365 36.9795
      vertex 74 26.3397 21.8827
    endloop
  endfacet
  facet normal -2.3792e-14 -0.707107 0.707107
    outer loop
      vertex 97.573 58.6943 54.2373
      vertex 98 26.3397 21.8827
      vertex 97.7846 58.6645 54.2075
    endloop
  endfacet
  facet normal 2.33294e-14 -0.707107 0.707107
    outer loop
      vertex 97.7846 58.6645 54.2075
      vertex 98 26.3397 21.8827
      vertex 98 58.6545 54.1975
    endloop
  endfacet
  facet normal -2.33238e-14 -0.707107 0.707107
    outer loop
      vertex 98 58.6545 54.1975
      vertex 98 26.3397 21.8827
      vertex 98.2154 58.6645 54.2075
    endloop
  endfacet
  facet normal 0 -0.707107 0.707107
    outer loop
      vertex 98.2154 26.3297 21.8727
      vertex 98.2154 58.6645 54.2075
      vertex 98 26.3397 21.8827
    endloop
  endfacet
  facet normal 0 -0.707107 0.707107
    outer loop
      vertex 60 41.4365 36.9795
      vertex 53.97 27.2943 22.8373
      vertex 62 41.4365 36.9795
    endloop
  endfacet
  facet normal -1.27817e-16 -0.707107 0.707107
    outer loop
      vertex 72.4756 25.6195 21.1625
      vertex 62 41.4365 36.9795
      vertex 53.97 27.2943 22.8373
    endloop
  endfacet
  facet normal 2.37394e-14 -0.707107 0.707107
    outer loop
      vertex 98.2154 58.6645 54.2075
      vertex 98.2154 26.3297 21.8727
      vertex 98.427 58.6943 54.2373
    endloop
  endfacet
  facet normal 0 -0.707107 0.707107
    outer loop
      vertex 98.427 26.3 21.843
      vertex 98.427 58.6943 54.2373
      vertex 98.2154 26.3297 21.8727
    endloop
  endfacet
  facet normal 0 -0.707107 0.707107
    outer loop
      vertex 98.427 58.6943 54.2373
      vertex 98.427 26.3 21.843
      vertex 98.6314 58.7433 54.2863
    endloop
  endfacet
  facet normal 0 -0.707107 0.707107
    outer loop
      vertex 98.6314 26.2509 21.7939
      vertex 98.6314 58.7433 54.2863
      vertex 98.427 26.3 21.843
    endloop
  endfacet
  facet normal -1.2979e-14 -0.707107 0.707107
    outer loop
      vertex 98.825 26.1834 21.7264
      vertex 98.6314 58.7433 54.2863
      vertex 98.6314 26.2509 21.7939
    endloop
  endfacet
  facet normal -4.2334e-17 -0.707107 0.707107
    outer loop
      vertex 98.825 58.8108 54.3538
      vertex 98.825 26.1834 21.7264
      vertex 106.1 60.5991 56.1421
    endloop
  endfacet
  facet normal 1.27557e-14 -0.707107 0.707107
    outer loop
      vertex 99.0045 26.0986 21.6416
      vertex 106.1 60.5991 56.1421
      vertex 98.825 26.1834 21.7264
    endloop
  endfacet
  facet normal 0 -0.707107 0.707107
    outer loop
      vertex 99.1667 25.998 21.541
      vertex 106.1 60.5991 56.1421
      vertex 99.0045 26.0986 21.6416
    endloop
  endfacet
  facet normal -1.52644e-14 -0.707107 0.707107
    outer loop
      vertex 99.309 25.8833 21.4263
      vertex 106.1 60.5991 56.1421
      vertex 99.1667 25.998 21.541
    endloop
  endfacet
  facet normal 1.73753e-14 -0.707107 0.707107
    outer loop
      vertex 99.4289 25.7564 21.2994
      vertex 106.1 60.5991 56.1421
      vertex 99.309 25.8833 21.4263
    endloop
  endfacet
  facet normal -2.05853e-14 -0.707107 0.707107
    outer loop
      vertex 99.5244 25.6195 21.1625
      vertex 106.1 60.5991 56.1421
      vertex 99.4289 25.7564 21.2994
    endloop
  endfacet
  facet normal 2.62166e-14 -0.707107 0.707107
    outer loop
      vertex 99.5938 25.475 21.018
      vertex 106.1 60.5991 56.1421
      vertex 99.5244 25.6195 21.1625
    endloop
  endfacet
  facet normal 2.22927e-06 -0.707106 0.707107
    outer loop
      vertex 106.1 13.6189 9.16189
      vertex 99.5938 25.475 21.018
      vertex 99.6359 25.3253 20.8683
    endloop
  endfacet
  facet normal 1.31425e-06 -0.707107 0.707107
    outer loop
      vertex 106.1 13.6189 9.16189
      vertex 99.6359 25.3253 20.8683
      vertex 99.65 25.173 20.716
    endloop
  endfacet
  facet normal 9.40341e-07 -0.707107 0.707107
    outer loop
      vertex 106.1 13.6189 9.16189
      vertex 99.65 25.173 20.716
      vertex 99.6359 25.0207 20.5637
    endloop
  endfacet
  facet normal -6.09901e-08 -0.707107 0.707106
    outer loop
      vertex 97.7846 24.0163 19.5593
      vertex 105.1 12.9118 8.45478
      vertex 98 24.0063 19.5493
    endloop
  endfacet
  facet normal 5.74707e-08 -0.707107 0.707106
    outer loop
      vertex 98 24.0063 19.5493
      vertex 105.1 12.9118 8.45478
      vertex 98.2154 24.0163 19.5593
    endloop
  endfacet
  facet normal 8.12546e-07 -0.707107 0.707107
    outer loop
      vertex 99.5938 25.475 21.018
      vertex 106.1 13.6189 9.16189
      vertex 106.1 60.5991 56.1421
    endloop
  endfacet
  facet normal 7.31191e-07 -0.707107 0.707107
    outer loop
      vertex 99.5938 24.871 20.414
      vertex 106.1 13.6189 9.16189
      vertex 99.6359 25.0207 20.5637
    endloop
  endfacet
  facet normal 5.93692e-07 -0.707107 0.707107
    outer loop
      vertex 99.5244 24.7265 20.2695
      vertex 106.1 13.6189 9.16189
      vertex 99.5938 24.871 20.414
    endloop
  endfacet
  facet normal 4.93647e-07 -0.707107 0.707107
    outer loop
      vertex 99.4289 24.5896 20.1326
      vertex 106.1 13.6189 9.16189
      vertex 99.5244 24.7265 20.2695
    endloop
  endfacet
  facet normal 4.15051e-07 -0.707107 0.707107
    outer loop
      vertex 99.309 24.4627 20.0057
      vertex 106.1 13.6189 9.16189
      vertex 99.4289 24.5896 20.1326
    endloop
  endfacet
  facet normal 3.4929e-07 -0.707107 0.707107
    outer loop
      vertex 99.1667 24.348 19.891
      vertex 106.1 13.6189 9.16189
      vertex 99.309 24.4627 20.0057
    endloop
  endfacet
  facet normal 2.91806e-07 -0.707107 0.707107
    outer loop
      vertex 99.0045 24.2474 19.7904
      vertex 106.1 13.6189 9.16189
      vertex 99.1667 24.348 19.891
    endloop
  endfacet
  facet normal 4.69993e-07 -0.707107 0.707106
    outer loop
      vertex 105.1 12.9118 8.45478
      vertex 99.0045 24.2474 19.7904
      vertex 98.825 24.1626 19.7056
    endloop
  endfacet
  facet normal 3.66909e-07 -0.707107 0.707106
    outer loop
      vertex 105.1 12.9118 8.45478
      vertex 98.825 24.1626 19.7056
      vertex 98.6314 24.0951 19.6381
    endloop
  endfacet
  facet normal 2.66712e-07 -0.707107 0.707106
    outer loop
      vertex 105.1 12.9118 8.45478
      vertex 98.6314 24.0951 19.6381
      vertex 98.427 24.046 19.589
    endloop
  endfacet
  facet normal 1.64444e-07 -0.707107 0.707106
    outer loop
      vertex 98.2154 24.0163 19.5593
      vertex 105.1 12.9118 8.45478
      vertex 98.427 24.046 19.589
    endloop
  endfacet
  facet normal 0 -0.707112 0.707102
    outer loop
      vertex 13.97 14.3967 9.9397
      vertex -1.1 12.9118 8.45478
      vertex 53.97 14.3967 9.9397
    endloop
  endfacet
  facet normal 0 -0.707107 0.707107
    outer loop
      vertex -2.02389 13.3483 8.89129
      vertex -2.1 13.6189 9.16189
      vertex -2.09146 13.5266 9.06959
    endloop
  endfacet
  facet normal 0 -0.707112 0.707102
    outer loop
      vertex 105.1 12.9118 8.45478
      vertex 53.97 14.3967 9.9397
      vertex -1.1 12.9118 8.45478
    endloop
  endfacet
  facet normal -0.000799506 -0.707258 0.706955
    outer loop
      vertex -2.02389 13.3483 8.89129
      vertex -2.09146 13.5266 9.06959
      vertex -2.06593 13.4359 8.97888
    endloop
  endfacet
  facet normal -4.48395e-06 -0.707109 0.707105
    outer loop
      vertex 99.0045 24.2474 19.7904
      vertex 105.1 12.9118 8.45478
      vertex 106.1 13.6189 9.16189
    endloop
  endfacet
  facet normal -0.00102413 -0.70725 0.706962
    outer loop
      vertex -2.1 13.6189 9.16189
      vertex -2.02389 13.3483 8.89129
      vertex -1.96603 13.2653 8.80834
    endloop
  endfacet
  facet normal -0.000288172 -0.706908 0.707305
    outer loop
      vertex 105.231 12.9178 8.46083
      vertex 106.1 13.6189 9.16189
      vertex 105.1 12.9118 8.45478
    endloop
  endfacet
  facet normal 0.000339175 -0.706992 0.707221
    outer loop
      vertex -2.1 13.6189 9.16189
      vertex -1.96603 13.2653 8.80834
      vertex -1.89337 13.1884 8.73143
    endloop
  endfacet
  facet normal 0.000327912 -0.70729 0.706924
    outer loop
      vertex 105.359 12.9359 8.47888
      vertex 106.1 13.6189 9.16189
      vertex 105.231 12.9178 8.46083
    endloop
  endfacet
  facet normal 0.000621133 -0.706925 0.707289
    outer loop
      vertex -2.1 13.6189 9.16189
      vertex -1.89337 13.1884 8.73143
      vertex -1.80711 13.1189 8.66189
    endloop
  endfacet
  facet normal -0.000150757 -0.70703 0.707183
    outer loop
      vertex 105.483 12.9656 8.5086
      vertex 106.1 13.6189 9.16189
      vertex 105.359 12.9359 8.47888
    endloop
  endfacet
  facet normal -0.000112938 -0.70714 0.707074
    outer loop
      vertex -2.1 13.6189 9.16189
      vertex -1.80711 13.1189 8.66189
      vertex -1.70877 13.0579 8.6009
    endloop
  endfacet
  facet normal -0.000186121 -0.707013 0.7072
    outer loop
      vertex 105.6 13.0065 8.54952
      vertex 106.1 13.6189 9.16189
      vertex 105.483 12.9656 8.5086
    endloop
  endfacet
  facet normal -0.000185029 -0.707165 0.707049
    outer loop
      vertex -2.1 13.6189 9.16189
      vertex -1.70877 13.0579 8.6009
      vertex -1.6 13.0065 8.54952
    endloop
  endfacet
  facet normal 0.000184394 -0.707165 0.707049
    outer loop
      vertex 105.709 13.0579 8.6009
      vertex 106.1 13.6189 9.16189
      vertex 105.6 13.0065 8.54952
    endloop
  endfacet
  facet normal 0.000185433 -0.707014 0.7072
    outer loop
      vertex -2.1 13.6189 9.16189
      vertex -1.6 13.0065 8.54952
      vertex -1.48269 12.9656 8.5086
    endloop
  endfacet
  facet normal 0.000113579 -0.70714 0.707073
    outer loop
      vertex 105.807 13.1189 8.66189
      vertex 106.1 13.6189 9.16189
      vertex 105.709 13.0579 8.6009
    endloop
  endfacet
  facet normal 0.000150984 -0.70703 0.707184
    outer loop
      vertex -2.1 13.6189 9.16189
      vertex -1.48269 12.9656 8.5086
      vertex -1.35882 12.9359 8.47888
    endloop
  endfacet
  facet normal -0.000336596 -0.706993 0.707221
    outer loop
      vertex 105.966 13.2653 8.80834
      vertex 106.1 13.6189 9.16189
      vertex 105.893 13.1884 8.73143
    endloop
  endfacet
  facet normal -0.000327082 -0.707289 0.706924
    outer loop
      vertex -2.1 13.6189 9.16189
      vertex -1.35882 12.9359 8.47888
      vertex -1.23054 12.9178 8.46083
    endloop
  endfacet
  facet normal 0 -0.707107 0.707107
    outer loop
      vertex 106.1 13.6189 9.16189
      vertex 106.024 13.3483 8.89129
      vertex 106.091 13.5266 9.06959
    endloop
  endfacet
  facet normal 0.000289258 -0.706907 0.707306
    outer loop
      vertex -2.1 13.6189 9.16189
      vertex -1.23054 12.9178 8.46083
      vertex -1.1 12.9118 8.45478
    endloop
  endfacet
  facet normal 0.000778381 -0.707253 0.70696
    outer loop
      vertex 106.091 13.5266 9.06959
      vertex 106.024 13.3483 8.89129
      vertex 106.066 13.4359 8.97888
    endloop
  endfacet
  facet normal 0.00101901 -0.707249 0.706963
    outer loop
      vertex 106.024 13.3483 8.89129
      vertex 106.1 13.6189 9.16189
      vertex 105.966 13.2653 8.80834
    endloop
  endfacet
  facet normal -0.000624911 -0.706924 0.70729
    outer loop
      vertex 105.893 13.1884 8.73143
      vertex 106.1 13.6189 9.16189
      vertex 105.807 13.1189 8.66189
    endloop
  endfacet
  facet normal 0.195198 -0.693496 -0.693513
    outer loop
      vertex 105.653 10.1843 5.72731
      vertex 106.294 11.9466 4.14547
      vertex 106.294 10.2745 5.81753
    endloop
  endfacet
  facet normal 0.195198 -0.693496 -0.693513
    outer loop
      vertex 106.294 11.9466 4.14547
      vertex 105.653 10.1843 5.72731
      vertex 105.653 11.8564 4.05525
    endloop
  endfacet
  facet normal -0.321525 0.66954 0.66958
    outer loop
      vertex -2.91342 65.4668 57.6657
      vertex -2.2941 63.9434 59.4864
      vertex -2.2941 65.6155 57.8144
    endloop
  endfacet
  facet normal -0.321332 0.669627 0.669587
    outer loop
      vertex -2.2941 63.9434 59.4864
      vertex -2.91342 65.4668 57.6657
      vertex -2.91342 63.7948 59.3378
    endloop
  endfacet
  facet normal 0.0654804 0.70561 0.705568
    outer loop
      vertex 105.653 64.0336 59.5766
      vertex 105 65.7359 57.9348
      vertex 105 64.0639 59.6069
    endloop
  endfacet
  facet normal 0.0652652 0.705578 0.70562
    outer loop
      vertex 105 65.7359 57.9348
      vertex 105.653 64.0336 59.5766
      vertex 105.653 65.7057 57.9046
    endloop
  endfacet
  facet normal -0.442386 0.63417 0.634132
    outer loop
      vertex -2.91342 65.4668 57.6657
      vertex -3.5 63.5902 59.1332
      vertex -2.91342 63.7948 59.3378
    endloop
  endfacet
  facet normal -0.442212 0.634193 0.634231
    outer loop
      vertex -3.5 63.5902 59.1332
      vertex -2.91342 65.4668 57.6657
      vertex -3.5 65.2623 57.4612
    endloop
  endfacet
  facet normal 0.89704 -0.312501 -0.312509
    outer loop
      vertex 109.619 12.3366 7.8796
      vertex 109.33 13.5939 5.79277
      vertex 109.619 14.0087 6.20754
    endloop
  endfacet
  facet normal 0.89704 -0.312501 -0.312509
    outer loop
      vertex 109.33 13.5939 5.79277
      vertex 109.619 12.3366 7.8796
      vertex 109.33 11.9218 7.46483
    endloop
  endfacet
  facet normal 0.752013 0.466074 0.466102
    outer loop
      vertex 108.536 63.0283 58.5713
      vertex 108.967 64.3527 56.5516
      vertex 108.536 64.7004 56.8993
    endloop
  endfacet
  facet normal 0.752013 0.466074 0.466102
    outer loop
      vertex 108.967 64.3527 56.5516
      vertex 108.536 63.0283 58.5713
      vertex 108.967 62.6806 58.2236
    endloop
  endfacet
  facet normal -0.83146 -0.392853 -0.392862
    outer loop
      vertex -4.96678 13.2094 5.40824
      vertex -5.33014 11.9218 7.46483
      vertex -5.33014 13.5939 5.79277
    endloop
  endfacet
  facet normal -0.83146 -0.392853 -0.392862
    outer loop
      vertex -5.33014 11.9218 7.46483
      vertex -4.96678 13.2094 5.40824
      vertex -4.96678 11.5373 7.0803
    endloop
  endfacet
  facet normal -0.195061 -0.693516 -0.693532
    outer loop
      vertex -2.2941 11.9466 4.14547
      vertex -1.65263 10.1843 5.72731
      vertex -2.2941 10.2745 5.81753
    endloop
  endfacet
  facet normal -0.195061 -0.693516 -0.693532
    outer loop
      vertex -1.65263 10.1843 5.72731
      vertex -2.2941 11.9466 4.14547
      vertex -1.65263 11.8564 4.05525
    endloop
  endfacet
  facet normal 0.897026 0.312526 0.312526
    outer loop
      vertex 109.33 62.2961 57.8391
      vertex 109.619 63.5534 55.7523
      vertex 109.33 63.9682 56.167
    endloop
  endfacet
  facet normal 0.897047 0.312486 0.312505
    outer loop
      vertex 109.619 63.5534 55.7523
      vertex 109.33 62.2961 57.8391
      vertex 109.619 61.8813 57.4243
    endloop
  endfacet
  facet normal 0.831714 -0.392584 -0.392593
    outer loop
      vertex 109.33 11.9218 7.46483
      vertex 108.967 13.2094 5.40824
      vertex 109.33 13.5939 5.79277
    endloop
  endfacet
  facet normal 0.831714 -0.392584 -0.392593
    outer loop
      vertex 108.967 13.2094 5.40824
      vertex 109.33 11.9218 7.46483
      vertex 108.967 11.5373 7.0803
    endloop
  endfacet
  facet normal -0.555517 0.587946 0.587981
    outer loop
      vertex -3.5 65.2623 57.4612
      vertex -4.04381 63.3333 58.8763
      vertex -3.5 63.5902 59.1332
    endloop
  endfacet
  facet normal -0.555666 0.58791 0.587875
    outer loop
      vertex -4.04381 63.3333 58.8763
      vertex -3.5 65.2623 57.4612
      vertex -4.04381 65.0053 57.2042
    endloop
  endfacet
  facet normal 0.659105 0.531796 0.531764
    outer loop
      vertex 108.044 63.3333 58.8763
      vertex 108.536 64.7004 56.8993
      vertex 108.044 65.0053 57.2042
    endloop
  endfacet
  facet normal 0.659227 0.531689 0.53172
    outer loop
      vertex 108.536 64.7004 56.8993
      vertex 108.044 63.3333 58.8763
      vertex 108.536 63.0283 58.5713
    endloop
  endfacet
  facet normal 0.55548 -0.587974 -0.587988
    outer loop
      vertex 107.5 12.2998 4.49868
      vertex 108.044 10.8847 6.42767
      vertex 107.5 10.6277 6.17074
    endloop
  endfacet
  facet normal 0.555405 -0.588026 -0.588005
    outer loop
      vertex 108.044 10.8847 6.42767
      vertex 107.5 12.2998 4.49868
      vertex 108.044 12.5567 4.75561
    endloop
  endfacet
  facet normal -0.555614 -0.58791 -0.587924
    outer loop
      vertex -4.04381 10.8847 6.42767
      vertex -3.5 12.2998 4.49868
      vertex -3.5 10.6277 6.17074
    endloop
  endfacet
  facet normal -0.555539 -0.587963 -0.587942
    outer loop
      vertex -3.5 12.2998 4.49868
      vertex -4.04381 10.8847 6.42767
      vertex -4.04381 12.5567 4.75561
    endloop
  endfacet
  facet normal 0.659178 -0.531729 -0.531741
    outer loop
      vertex 108.536 11.1896 6.73259
      vertex 108.044 12.5567 4.75561
      vertex 108.536 12.8617 5.06053
    endloop
  endfacet
  facet normal 0.659117 -0.531782 -0.531763
    outer loop
      vertex 108.044 12.5567 4.75561
      vertex 108.536 11.1896 6.73259
      vertex 108.044 10.8847 6.42767
    endloop
  endfacet
  facet normal -0.751836 -0.466225 -0.466237
    outer loop
      vertex -4.53554 12.8617 5.06053
      vertex -4.96678 11.5373 7.0803
      vertex -4.96678 13.2094 5.40824
    endloop
  endfacet
  facet normal -0.751836 -0.466225 -0.466237
    outer loop
      vertex -4.96678 11.5373 7.0803
      vertex -4.53554 12.8617 5.06053
      vertex -4.53554 11.1896 6.73259
    endloop
  endfacet
  facet normal 0 -0 0
    outer loop
      vertex -1 65.7609 57.9098
      vertex 105 65.7609 57.9098
      vertex -1.00011 65.7609 57.9098
    endloop
  endfacet
  facet normal 1.2975e-14 0.707107 -0.707107
    outer loop
      vertex 97.175 27.8805 20.0294
      vertex 97.175 60.5079 52.6568
      vertex 97.3686 27.948 20.0969
    endloop
  endfacet
  facet normal -2.21379e-14 0.707107 -0.707107
    outer loop
      vertex 96.8333 60.6933 52.8422
      vertex 74.2154 28.0268 20.1757
      vertex 74 28.0368 20.1857
    endloop
  endfacet
  facet normal 0 0.707107 -0.707107
    outer loop
      vertex 97.175 60.5079 52.6568
      vertex 97.175 27.8805 20.0294
      vertex 96.9955 60.5927 52.7416
    endloop
  endfacet
  facet normal 2.11933e-14 0.707107 -0.707107
    outer loop
      vertex 96.8333 60.6933 52.8422
      vertex 74.427 27.997 20.1459
      vertex 74.2154 28.0268 20.1757
    endloop
  endfacet
  facet normal -1.39752e-14 0.707107 -0.707107
    outer loop
      vertex 96.9955 27.7957 19.9446
      vertex 96.9955 60.5927 52.7416
      vertex 97.175 27.8805 20.0294
    endloop
  endfacet
  facet normal -2.06627e-14 0.707107 -0.707107
    outer loop
      vertex 96.8333 60.6933 52.8422
      vertex 74.6314 27.948 20.0969
      vertex 74.427 27.997 20.1459
    endloop
  endfacet
  facet normal 0 0.707107 -0.707107
    outer loop
      vertex 96.9955 60.5927 52.7416
      vertex 96.9955 27.7957 19.9446
      vertex 96.8333 60.6933 52.8422
    endloop
  endfacet
  facet normal 0 0.707107 -0.707107
    outer loop
      vertex 96.8333 60.6933 52.8422
      vertex 74.825 27.8805 20.0294
      vertex 74.6314 27.948 20.0969
    endloop
  endfacet
  facet normal 0.000434618 0.707108 -0.707106
    outer loop
      vertex 96.8333 27.6951 19.8439
      vertex 96.8333 60.6933 52.8422
      vertex 96.9955 27.7957 19.9446
    endloop
  endfacet
  facet normal 0 0.707107 -0.707107
    outer loop
      vertex 96.8333 60.6933 52.8422
      vertex 75.0045 27.7957 19.9446
      vertex 74.825 27.8805 20.0294
    endloop
  endfacet
  facet normal 0 0.707108 -0.707106
    outer loop
      vertex 75.1667 27.6951 19.8439
      vertex 96.8333 60.6933 52.8422
      vertex 96.8333 27.6951 19.8439
    endloop
  endfacet
  facet normal -0.0003088 0.707209 -0.707004
    outer loop
      vertex 96.8333 60.6933 52.8422
      vertex 75.1667 27.6951 19.8439
      vertex 75.0045 27.7957 19.9446
    endloop
  endfacet
  facet normal 0 0.706799 -0.707415
    outer loop
      vertex 96.691 27.5803 19.7292
      vertex 75.1667 27.6951 19.8439
      vertex 96.8333 27.6951 19.8439
    endloop
  endfacet
  facet normal 0 0.706799 -0.707415
    outer loop
      vertex 96.691 27.5803 19.7292
      vertex 75.309 27.5803 19.7292
      vertex 75.1667 27.6951 19.8439
    endloop
  endfacet
  facet normal 0 0.707107 -0.707107
    outer loop
      vertex 96.5711 27.4534 19.6023
      vertex 75.309 27.5803 19.7292
      vertex 96.691 27.5803 19.7292
    endloop
  endfacet
  facet normal 0 0.707107 -0.707107
    outer loop
      vertex 96.5711 27.4534 19.6023
      vertex 75.4289 27.4534 19.6023
      vertex 75.309 27.5803 19.7292
    endloop
  endfacet
  facet normal 0 0.707107 -0.707107
    outer loop
      vertex 96.4756 27.3165 19.4654
      vertex 75.4289 27.4534 19.6023
      vertex 96.5711 27.4534 19.6023
    endloop
  endfacet
  facet normal 0 0.707107 -0.707107
    outer loop
      vertex 96.4756 27.3165 19.4654
      vertex 75.5244 27.3165 19.4654
      vertex 75.4289 27.4534 19.6023
    endloop
  endfacet
  facet normal 0 0.707107 -0.707107
    outer loop
      vertex 96.4062 27.172 19.3209
      vertex 75.5244 27.3165 19.4654
      vertex 96.4756 27.3165 19.4654
    endloop
  endfacet
  facet normal 0 0.707107 -0.707107
    outer loop
      vertex 96.4062 27.172 19.3209
      vertex 75.5938 27.172 19.3209
      vertex 75.5244 27.3165 19.4654
    endloop
  endfacet
  facet normal 0 0.707107 -0.707107
    outer loop
      vertex 96.3641 27.0223 19.1712
      vertex 75.5938 27.172 19.3209
      vertex 96.4062 27.172 19.3209
    endloop
  endfacet
  facet normal 0 0.707107 -0.707107
    outer loop
      vertex 96.3641 27.0223 19.1712
      vertex 75.6359 27.0223 19.1712
      vertex 75.5938 27.172 19.3209
    endloop
  endfacet
  facet normal 0 0.707339 -0.706875
    outer loop
      vertex 96.35 26.8701 19.0189
      vertex 75.6359 27.0223 19.1712
      vertex 96.3641 27.0223 19.1712
    endloop
  endfacet
  facet normal 0 0.707339 -0.706875
    outer loop
      vertex 96.35 26.8701 19.0189
      vertex 75.65 26.8701 19.0189
      vertex 75.6359 27.0223 19.1712
    endloop
  endfacet
  facet normal 0 0.706875 -0.707339
    outer loop
      vertex 96.3641 26.7178 18.8667
      vertex 75.65 26.8701 19.0189
      vertex 96.35 26.8701 19.0189
    endloop
  endfacet
  facet normal 0 0.706875 -0.707339
    outer loop
      vertex 96.3641 26.7178 18.8667
      vertex 75.6359 26.7178 18.8667
      vertex 75.65 26.8701 19.0189
    endloop
  endfacet
  facet normal 0 0.707107 -0.707107
    outer loop
      vertex 96.4062 26.5681 18.717
      vertex 75.6359 26.7178 18.8667
      vertex 96.3641 26.7178 18.8667
    endloop
  endfacet
  facet normal 0 0.707107 -0.707107
    outer loop
      vertex 96.4062 26.5681 18.717
      vertex 75.5938 26.5681 18.717
      vertex 75.6359 26.7178 18.8667
    endloop
  endfacet
  facet normal 0 0.707107 -0.707107
    outer loop
      vertex 96.4756 26.4236 18.5725
      vertex 75.5938 26.5681 18.717
      vertex 96.4062 26.5681 18.717
    endloop
  endfacet
  facet normal 0 0.707107 -0.707107
    outer loop
      vertex 96.4756 26.4236 18.5725
      vertex 75.5244 26.4236 18.5725
      vertex 75.5938 26.5681 18.717
    endloop
  endfacet
  facet normal 0 0.707107 -0.707107
    outer loop
      vertex 96.5711 26.2867 18.4356
      vertex 75.5244 26.4236 18.5725
      vertex 96.4756 26.4236 18.5725
    endloop
  endfacet
  facet normal 0 0.707107 -0.707107
    outer loop
      vertex 96.5711 26.2867 18.4356
      vertex 75.4289 26.2867 18.4356
      vertex 75.5244 26.4236 18.5725
    endloop
  endfacet
  facet normal 0 0.707107 -0.707107
    outer loop
      vertex 96.691 26.1598 18.3087
      vertex 75.4289 26.2867 18.4356
      vertex 96.5711 26.2867 18.4356
    endloop
  endfacet
  facet normal 0 0.707107 -0.707107
    outer loop
      vertex 96.691 26.1598 18.3087
      vertex 75.309 26.1598 18.3087
      vertex 75.4289 26.2867 18.4356
    endloop
  endfacet
  facet normal 0 0.707415 -0.706799
    outer loop
      vertex 96.8333 26.0451 18.1939
      vertex 75.309 26.1598 18.3087
      vertex 96.691 26.1598 18.3087
    endloop
  endfacet
  facet normal 0 0.707415 -0.706799
    outer loop
      vertex 96.8333 26.0451 18.1939
      vertex 75.1667 26.0451 18.1939
      vertex 75.309 26.1598 18.3087
    endloop
  endfacet
  facet normal 0 0.706755 -0.707458
    outer loop
      vertex 96.9955 25.9444 18.0933
      vertex 75.1667 26.0451 18.1939
      vertex 96.8333 26.0451 18.1939
    endloop
  endfacet
  facet normal 0 0.706755 -0.707458
    outer loop
      vertex 96.9955 25.9444 18.0933
      vertex 75.0045 25.9444 18.0933
      vertex 75.1667 26.0451 18.1939
    endloop
  endfacet
  facet normal 2.63774e-14 0.707107 -0.707107
    outer loop
      vertex 107 14.8511 7
      vertex 96.9955 25.9444 18.0933
      vertex 97.175 25.8596 18.0085
    endloop
  endfacet
  facet normal 0 0.707107 -0.707107
    outer loop
      vertex 96.9955 25.9444 18.0933
      vertex 107 14.8511 7
      vertex 75.0045 25.9444 18.0933
    endloop
  endfacet
  facet normal -1.36896e-14 0.707107 -0.707107
    outer loop
      vertex 107 14.8511 7
      vertex 97.175 25.8596 18.0085
      vertex 97.3686 25.7921 17.941
    endloop
  endfacet
  facet normal -5.90729e-15 0.707107 -0.707107
    outer loop
      vertex 75.0045 25.9444 18.0933
      vertex 107 14.8511 7
      vertex 74.825 25.8596 18.0085
    endloop
  endfacet
  facet normal 1.13904e-14 0.707107 -0.707107
    outer loop
      vertex 107 14.8511 7
      vertex 97.3686 25.7921 17.941
      vertex 97.573 25.7431 17.892
    endloop
  endfacet
  facet normal 6.42186e-15 0.707107 -0.707107
    outer loop
      vertex 74.825 25.8596 18.0085
      vertex 107 14.8511 7
      vertex 74.6314 25.7921 17.941
    endloop
  endfacet
  facet normal 0 0.707107 -0.707107
    outer loop
      vertex 107 14.8511 7
      vertex 97.573 25.7431 17.892
      vertex 97.7846 25.7133 17.8622
    endloop
  endfacet
  facet normal -7.18831e-15 0.707107 -0.707107
    outer loop
      vertex 74.6314 25.7921 17.941
      vertex 107 14.8511 7
      vertex 74.427 25.7431 17.892
    endloop
  endfacet
  facet normal 0 0.707107 -0.707107
    outer loop
      vertex 107 14.8511 7
      vertex 97.7846 25.7133 17.8622
      vertex 98 25.7033 17.8522
    endloop
  endfacet
  facet normal -1.19839e-17 0.707107 -0.707107
    outer loop
      vertex 74.427 25.7431 17.892
      vertex 107 14.8511 7
      vertex 74.2154 25.7133 17.8622
    endloop
  endfacet
  facet normal 0 0.707107 -0.707107
    outer loop
      vertex 25 43.1335 35.2824
      vertex 20 53.033 45.1819
      vertex 25 53.033 45.1819
    endloop
  endfacet
  facet normal 0 0.707107 -0.707107
    outer loop
      vertex 20 53.033 45.1819
      vertex 25 43.1335 35.2824
      vertex 20 43.1335 35.2824
    endloop
  endfacet
  facet normal 0 0.707107 -0.707107
    outer loop
      vertex 32 43.1335 35.2824
      vertex 27 53.033 45.1819
      vertex 32 53.033 45.1819
    endloop
  endfacet
  facet normal 0 0.707107 -0.707107
    outer loop
      vertex 27 53.033 45.1819
      vertex 32 43.1335 35.2824
      vertex 27 43.1335 35.2824
    endloop
  endfacet
  facet normal 0 0.707107 -0.707107
    outer loop
      vertex 39 43.1335 35.2824
      vertex 34 53.033 45.1819
      vertex 39 53.033 45.1819
    endloop
  endfacet
  facet normal 0 0.707107 -0.707107
    outer loop
      vertex 34 53.033 45.1819
      vertex 39 43.1335 35.2824
      vertex 34 43.1335 35.2824
    endloop
  endfacet
  facet normal 0 0.707107 -0.707107
    outer loop
      vertex 46 43.1335 35.2824
      vertex 41 53.033 45.1819
      vertex 46 53.033 45.1819
    endloop
  endfacet
  facet normal 0 0.707107 -0.707107
    outer loop
      vertex 41 53.033 45.1819
      vertex 46 43.1335 35.2824
      vertex 41 43.1335 35.2824
    endloop
  endfacet
  facet normal 0 0.707107 -0.707107
    outer loop
      vertex 53 43.1335 35.2824
      vertex 48 53.033 45.1819
      vertex 53 53.033 45.1819
    endloop
  endfacet
  facet normal 0 0.707107 -0.707107
    outer loop
      vertex 48 53.033 45.1819
      vertex 53 43.1335 35.2824
      vertex 48 43.1335 35.2824
    endloop
  endfacet
  facet normal 0 0.707107 -0.707107
    outer loop
      vertex 60 43.1335 35.2824
      vertex 55 53.033 45.1819
      vertex 60 53.033 45.1819
    endloop
  endfacet
  facet normal 0 0.707107 -0.707107
    outer loop
      vertex 55 53.033 45.1819
      vertex 60 43.1335 35.2824
      vertex 55 43.1335 35.2824
    endloop
  endfacet
  facet normal 0 0.707107 -0.707107
    outer loop
      vertex 97.7846 62.675 54.8239
      vertex 74 62.685 54.8339
      vertex 98 62.685 54.8339
    endloop
  endfacet
  facet normal 0 0.707107 -0.707107
    outer loop
      vertex 97.7846 62.675 54.8239
      vertex 74.2154 62.675 54.8239
      vertex 74 62.685 54.8339
    endloop
  endfacet
  facet normal 0 0.707107 -0.707107
    outer loop
      vertex 97.573 62.6453 54.7942
      vertex 74.2154 62.675 54.8239
      vertex 97.7846 62.675 54.8239
    endloop
  endfacet
  facet normal 0 0.707107 -0.707107
    outer loop
      vertex 97.573 62.6453 54.7942
      vertex 74.427 62.6453 54.7942
      vertex 74.2154 62.675 54.8239
    endloop
  endfacet
  facet normal 0 0.707107 -0.707107
    outer loop
      vertex 97.3686 62.5962 54.7451
      vertex 74.427 62.6453 54.7942
      vertex 97.573 62.6453 54.7942
    endloop
  endfacet
  facet normal 0 0.707107 -0.707107
    outer loop
      vertex 97.3686 62.5962 54.7451
      vertex 74.6314 62.5962 54.7451
      vertex 74.427 62.6453 54.7942
    endloop
  endfacet
  facet normal 0 0.707107 -0.707107
    outer loop
      vertex 97.175 62.5287 54.6776
      vertex 74.6314 62.5962 54.7451
      vertex 97.3686 62.5962 54.7451
    endloop
  endfacet
  facet normal 0 0.707107 -0.707107
    outer loop
      vertex 97.175 62.5287 54.6776
      vertex 74.825 62.5287 54.6776
      vertex 74.6314 62.5962 54.7451
    endloop
  endfacet
  facet normal 0 0.707107 -0.707107
    outer loop
      vertex 96.9955 62.4439 54.5928
      vertex 74.825 62.5287 54.6776
      vertex 97.175 62.5287 54.6776
    endloop
  endfacet
  facet normal 0 0.707107 -0.707107
    outer loop
      vertex 96.9955 62.4439 54.5928
      vertex 75.0045 62.4439 54.5928
      vertex 74.825 62.5287 54.6776
    endloop
  endfacet
  facet normal 0 0.707107 -0.707107
    outer loop
      vertex 96.8333 62.3433 54.4922
      vertex 75.0045 62.4439 54.5928
      vertex 96.9955 62.4439 54.5928
    endloop
  endfacet
  facet normal 0 0.707107 -0.707107
    outer loop
      vertex 96.8333 62.3433 54.4922
      vertex 75.1667 62.3433 54.4922
      vertex 75.0045 62.4439 54.5928
    endloop
  endfacet
  facet normal 0 0.707107 -0.707107
    outer loop
      vertex 96.691 62.2285 54.3774
      vertex 75.1667 62.3433 54.4922
      vertex 96.8333 62.3433 54.4922
    endloop
  endfacet
  facet normal 0 0.707107 -0.707107
    outer loop
      vertex 96.691 62.2285 54.3774
      vertex 75.309 62.2285 54.3774
      vertex 75.1667 62.3433 54.4922
    endloop
  endfacet
  facet normal 0 0.707385 -0.706828
    outer loop
      vertex 96.5711 62.1017 54.2505
      vertex 75.309 62.2285 54.3774
      vertex 96.691 62.2285 54.3774
    endloop
  endfacet
  facet normal 0 0.707385 -0.706828
    outer loop
      vertex 96.5711 62.1017 54.2505
      vertex 75.4289 62.1017 54.2505
      vertex 75.309 62.2285 54.3774
    endloop
  endfacet
  facet normal 0 0.706848 -0.707365
    outer loop
      vertex 96.4756 61.9648 54.1137
      vertex 75.4289 62.1017 54.2505
      vertex 96.5711 62.1017 54.2505
    endloop
  endfacet
  facet normal 0 0.706848 -0.707365
    outer loop
      vertex 96.4756 61.9648 54.1137
      vertex 75.5244 61.9648 54.1137
      vertex 75.4289 62.1017 54.2505
    endloop
  endfacet
  facet normal 0 0.707107 -0.707107
    outer loop
      vertex 96.4062 61.8203 53.9692
      vertex 75.5244 61.9648 54.1137
      vertex 96.4756 61.9648 54.1137
    endloop
  endfacet
  facet normal 0 0.707107 -0.707107
    outer loop
      vertex 96.4062 61.8203 53.9692
      vertex 75.5938 61.8203 53.9692
      vertex 75.5244 61.9648 54.1137
    endloop
  endfacet
  facet normal 0 0.707107 -0.707107
    outer loop
      vertex 96.3641 61.6706 53.8195
      vertex 75.5938 61.8203 53.9692
      vertex 96.4062 61.8203 53.9692
    endloop
  endfacet
  facet normal 0 0.707107 -0.707107
    outer loop
      vertex 96.3641 61.6706 53.8195
      vertex 75.6359 61.6706 53.8195
      vertex 75.5938 61.8203 53.9692
    endloop
  endfacet
  facet normal 0 0.707107 -0.707107
    outer loop
      vertex 96.35 61.5183 53.6672
      vertex 75.6359 61.6706 53.8195
      vertex 96.3641 61.6706 53.8195
    endloop
  endfacet
  facet normal 0 0.707107 -0.707107
    outer loop
      vertex 96.35 61.5183 53.6672
      vertex 75.65 61.5183 53.6672
      vertex 75.6359 61.6706 53.8195
    endloop
  endfacet
  facet normal 0 0.707107 -0.707107
    outer loop
      vertex 96.3641 61.366 53.5149
      vertex 75.65 61.5183 53.6672
      vertex 96.35 61.5183 53.6672
    endloop
  endfacet
  facet normal 0 0.707107 -0.707107
    outer loop
      vertex 96.3641 61.366 53.5149
      vertex 75.6359 61.366 53.5149
      vertex 75.65 61.5183 53.6672
    endloop
  endfacet
  facet normal 0 0.707107 -0.707107
    outer loop
      vertex 96.4062 61.2163 53.3652
      vertex 75.6359 61.366 53.5149
      vertex 96.3641 61.366 53.5149
    endloop
  endfacet
  facet normal 0 0.707107 -0.707107
    outer loop
      vertex 96.4062 61.2163 53.3652
      vertex 75.5938 61.2163 53.3652
      vertex 75.6359 61.366 53.5149
    endloop
  endfacet
  facet normal 0 0.707107 -0.707107
    outer loop
      vertex 96.4756 61.0718 53.2207
      vertex 75.5938 61.2163 53.3652
      vertex 96.4062 61.2163 53.3652
    endloop
  endfacet
  facet normal 0 0.707107 -0.707107
    outer loop
      vertex 96.4756 61.0718 53.2207
      vertex 75.5244 61.0718 53.2207
      vertex 75.5938 61.2163 53.3652
    endloop
  endfacet
  facet normal 0 0.707107 -0.707107
    outer loop
      vertex 96.5711 60.9349 53.0838
      vertex 75.5244 61.0718 53.2207
      vertex 96.4756 61.0718 53.2207
    endloop
  endfacet
  facet normal 0 0.707107 -0.707107
    outer loop
      vertex 96.5711 60.9349 53.0838
      vertex 75.4289 60.9349 53.0838
      vertex 75.5244 61.0718 53.2207
    endloop
  endfacet
  facet normal 0 0.707107 -0.707107
    outer loop
      vertex 96.691 60.808 52.9569
      vertex 75.4289 60.9349 53.0838
      vertex 96.5711 60.9349 53.0838
    endloop
  endfacet
  facet normal 0 0.707107 -0.707107
    outer loop
      vertex 96.691 60.808 52.9569
      vertex 75.309 60.808 52.9569
      vertex 75.4289 60.9349 53.0838
    endloop
  endfacet
  facet normal 0 0.707107 -0.707107
    outer loop
      vertex 96.8333 60.6933 52.8422
      vertex 75.309 60.808 52.9569
      vertex 96.691 60.808 52.9569
    endloop
  endfacet
  facet normal 0 0.707107 -0.707107
    outer loop
      vertex 96.8333 60.6933 52.8422
      vertex 75.1667 60.6933 52.8422
      vertex 75.309 60.808 52.9569
    endloop
  endfacet
  facet normal -4.72816e-17 0.707107 -0.707107
    outer loop
      vertex 97.3686 27.948 20.0969
      vertex 97.3686 60.4404 52.5893
      vertex 97.573 27.997 20.1459
    endloop
  endfacet
  facet normal 0 0.707107 -0.707107
    outer loop
      vertex 96.8333 60.6933 52.8422
      vertex 74 28.0368 20.1857
      vertex 75.1667 60.6933 52.8422
    endloop
  endfacet
  facet normal -2.45898e-14 0.707107 -0.707107
    outer loop
      vertex 97.573 60.3913 52.5402
      vertex 97.573 27.997 20.1459
      vertex 97.3686 60.4404 52.5893
    endloop
  endfacet
  facet normal 6.0627e-17 0.707107 -0.707107
    outer loop
      vertex 75.1667 60.6933 52.8422
      vertex 74 28.0368 20.1857
      vertex 75.0045 60.5927 52.7416
    endloop
  endfacet
  facet normal -1.18651e-14 0.707107 -0.707107
    outer loop
      vertex 97.573 27.997 20.1459
      vertex 97.573 60.3913 52.5402
      vertex 97.7846 28.0268 20.1757
    endloop
  endfacet
  facet normal 1.09061e-16 0.707107 -0.707107
    outer loop
      vertex 75.0045 60.5927 52.7416
      vertex 74 28.0368 20.1857
      vertex 74.825 60.5079 52.6568
    endloop
  endfacet
  facet normal 0 0.707107 -0.707107
    outer loop
      vertex 97.7846 60.3615 52.5104
      vertex 97.7846 28.0268 20.1757
      vertex 97.573 60.3913 52.5402
    endloop
  endfacet
  facet normal -2.61064e-14 0.707107 -0.707107
    outer loop
      vertex 74.825 60.5079 52.6568
      vertex 74 28.0368 20.1857
      vertex 74.6314 60.4404 52.5893
    endloop
  endfacet
  facet normal 1.16603e-14 0.707107 -0.707107
    outer loop
      vertex 97.7846 28.0268 20.1757
      vertex 97.7846 60.3615 52.5104
      vertex 98 28.0368 20.1857
    endloop
  endfacet
  facet normal -1.00896e-16 0.707107 -0.707107
    outer loop
      vertex 62 43.1335 35.2824
      vertex 74.6314 60.4404 52.5893
      vertex 74 28.0368 20.1857
    endloop
  endfacet
  facet normal 4.61964e-14 0.707107 -0.707107
    outer loop
      vertex 98 28.0368 20.1857
      vertex 97.7846 60.3615 52.5104
      vertex 98 60.3516 52.5005
    endloop
  endfacet
  facet normal 2.9816e-14 0.707107 -0.707107
    outer loop
      vertex 74.6314 60.4404 52.5893
      vertex 62 43.1335 35.2824
      vertex 74.427 60.3913 52.5402
    endloop
  endfacet
  facet normal 0 0.707107 -0.707107
    outer loop
      vertex 107 62.7609 54.9098
      vertex 98 62.685 54.8339
      vertex -3 62.7609 54.9098
    endloop
  endfacet
  facet normal 3.58709e-15 0.707107 -0.707107
    outer loop
      vertex 107 62.7609 54.9098
      vertex 98.2154 62.675 54.8239
      vertex 98 62.685 54.8339
    endloop
  endfacet
  facet normal -2.07897e-15 0.707107 -0.707107
    outer loop
      vertex 107 62.7609 54.9098
      vertex 98.427 62.6453 54.7942
      vertex 98.2154 62.675 54.8239
    endloop
  endfacet
  facet normal 0 0.707107 -0.707107
    outer loop
      vertex 107 62.7609 54.9098
      vertex 98.6314 62.5962 54.7451
      vertex 98.427 62.6453 54.7942
    endloop
  endfacet
  facet normal 0 0.707107 -0.707107
    outer loop
      vertex 107 62.7609 54.9098
      vertex 98.825 62.5287 54.6776
      vertex 98.6314 62.5962 54.7451
    endloop
  endfacet
  facet normal 0 0.707107 -0.707107
    outer loop
      vertex 107 62.7609 54.9098
      vertex 99.0045 62.4439 54.5928
      vertex 98.825 62.5287 54.6776
    endloop
  endfacet
  facet normal 0 0.707107 -0.707107
    outer loop
      vertex 107 62.7609 54.9098
      vertex 99.1667 62.3433 54.4922
      vertex 99.0045 62.4439 54.5928
    endloop
  endfacet
  facet normal 2.19049e-15 0.707107 -0.707107
    outer loop
      vertex 107 62.7609 54.9098
      vertex 99.309 62.2285 54.3774
      vertex 99.1667 62.3433 54.4922
    endloop
  endfacet
  facet normal -3.6218e-05 0.707368 -0.706845
    outer loop
      vertex 107 62.7609 54.9098
      vertex 99.4289 62.1017 54.2505
      vertex 99.309 62.2285 54.3774
    endloop
  endfacet
  facet normal 5.12189e-05 0.706866 -0.707347
    outer loop
      vertex 107 62.7609 54.9098
      vertex 99.5244 61.9648 54.1137
      vertex 99.4289 62.1017 54.2505
    endloop
  endfacet
  facet normal -4.21743e-15 0.707107 -0.707107
    outer loop
      vertex 107 62.7609 54.9098
      vertex 99.5938 61.8203 53.9692
      vertex 99.5244 61.9648 54.1137
    endloop
  endfacet
  facet normal 0 0.707107 -0.707107
    outer loop
      vertex 107 62.7609 54.9098
      vertex 99.6359 61.6706 53.8195
      vertex 99.5938 61.8203 53.9692
    endloop
  endfacet
  facet normal 0 0.707107 -0.707107
    outer loop
      vertex 107 62.7609 54.9098
      vertex 99.65 61.5183 53.6672
      vertex 99.6359 61.6706 53.8195
    endloop
  endfacet
  facet normal 0 0.707107 -0.707107
    outer loop
      vertex 107 62.7609 54.9098
      vertex 99.6359 61.366 53.5149
      vertex 99.65 61.5183 53.6672
    endloop
  endfacet
  facet normal 6.61927e-15 0.707107 -0.707107
    outer loop
      vertex 107 62.7609 54.9098
      vertex 99.5938 61.2163 53.3652
      vertex 99.6359 61.366 53.5149
    endloop
  endfacet
  facet normal -8.80425e-15 0.707107 -0.707107
    outer loop
      vertex 107 62.7609 54.9098
      vertex 99.5244 61.0718 53.2207
      vertex 99.5938 61.2163 53.3652
    endloop
  endfacet
  facet normal 0 0.707107 -0.707107
    outer loop
      vertex 107 62.7609 54.9098
      vertex 99.4289 60.9349 53.0838
      vertex 99.5244 61.0718 53.2207
    endloop
  endfacet
  facet normal 0 0.707107 -0.707107
    outer loop
      vertex 107 62.7609 54.9098
      vertex 99.309 60.808 52.9569
      vertex 99.4289 60.9349 53.0838
    endloop
  endfacet
  facet normal 0 0.707107 -0.707107
    outer loop
      vertex 107 62.7609 54.9098
      vertex 99.1667 60.6933 52.8422
      vertex 99.309 60.808 52.9569
    endloop
  endfacet
  facet normal 0 0.707107 -0.707107
    outer loop
      vertex 107 62.7609 54.9098
      vertex 99.0045 60.5927 52.7416
      vertex 99.1667 60.6933 52.8422
    endloop
  endfacet
  facet normal 0 0.707107 -0.707107
    outer loop
      vertex 99.0045 27.7957 19.9446
      vertex 99.0045 60.5927 52.7416
      vertex 107 62.7609 54.9098
    endloop
  endfacet
  facet normal 0 0.707107 -0.707107
    outer loop
      vertex 99.0045 60.5927 52.7416
      vertex 99.0045 27.7957 19.9446
      vertex 98.825 60.5079 52.6568
    endloop
  endfacet
  facet normal 4.78479e-17 0.707107 -0.707107
    outer loop
      vertex 74.427 60.3913 52.5402
      vertex 62 43.1335 35.2824
      vertex 74.2154 60.3615 52.5104
    endloop
  endfacet
  facet normal -4.61964e-14 0.707107 -0.707107
    outer loop
      vertex 98 28.0368 20.1857
      vertex 98 60.3516 52.5005
      vertex 98.2154 60.3615 52.5104
    endloop
  endfacet
  facet normal 0 0.707107 -0.707107
    outer loop
      vertex 98.2154 28.0268 20.1757
      vertex 98.2154 60.3615 52.5104
      vertex 98.427 60.3913 52.5402
    endloop
  endfacet
  facet normal 7.61295e-16 0.707107 -0.707107
    outer loop
      vertex 74 60.3516 52.5005
      vertex 62 43.1335 35.2824
      vertex 62 53.033 45.1819
    endloop
  endfacet
  facet normal 0 0.707107 -0.707107
    outer loop
      vertex 98.427 27.997 20.1459
      vertex 98.427 60.3913 52.5402
      vertex 98.6314 60.4404 52.5893
    endloop
  endfacet
  facet normal 1.39942e-14 0.707107 -0.707107
    outer loop
      vertex 98.825 27.8805 20.0294
      vertex 98.825 60.5079 52.6568
      vertex 99.0045 27.7957 19.9446
    endloop
  endfacet
  facet normal 0 0.707107 -0.707107
    outer loop
      vertex 53.97 28.9914 21.1403
      vertex 60 43.1335 35.2824
      vertex 62 43.1335 35.2824
    endloop
  endfacet
  facet normal 0 0.707107 -0.707107
    outer loop
      vertex 60 43.1335 35.2824
      vertex 53.97 28.9914 21.1403
      vertex 55 43.1335 35.2824
    endloop
  endfacet
  facet normal 0 0.707107 -0.707107
    outer loop
      vertex 55 43.1335 35.2824
      vertex 53.97 28.9914 21.1403
      vertex 53 43.1335 35.2824
    endloop
  endfacet
  facet normal 0 0.707107 -0.707107
    outer loop
      vertex 53 43.1335 35.2824
      vertex 53.97 28.9914 21.1403
      vertex 48 43.1335 35.2824
    endloop
  endfacet
  facet normal 0 0.707107 -0.707107
    outer loop
      vertex 48 43.1335 35.2824
      vertex 53.97 28.9914 21.1403
      vertex 46 43.1335 35.2824
    endloop
  endfacet
  facet normal 0 0.707107 -0.707107
    outer loop
      vertex 46 43.1335 35.2824
      vertex 53.97 28.9914 21.1403
      vertex 41 43.1335 35.2824
    endloop
  endfacet
  facet normal 0 0.707107 -0.707107
    outer loop
      vertex 41 43.1335 35.2824
      vertex 53.97 28.9914 21.1403
      vertex 39 43.1335 35.2824
    endloop
  endfacet
  facet normal 0 0.707107 -0.707107
    outer loop
      vertex 39 43.1335 35.2824
      vertex 53.97 28.9914 21.1403
      vertex 34 43.1335 35.2824
    endloop
  endfacet
  facet normal 0 0.707107 -0.707107
    outer loop
      vertex 13.97 28.9914 21.1403
      vertex 34 43.1335 35.2824
      vertex 53.97 28.9914 21.1403
    endloop
  endfacet
  facet normal 0 0.707107 -0.707107
    outer loop
      vertex 34 43.1335 35.2824
      vertex 13.97 28.9914 21.1403
      vertex 32 43.1335 35.2824
    endloop
  endfacet
  facet normal 0 0.707107 -0.707107
    outer loop
      vertex 32 43.1335 35.2824
      vertex 13.97 28.9914 21.1403
      vertex 27 43.1335 35.2824
    endloop
  endfacet
  facet normal 0 0.707107 -0.707107
    outer loop
      vertex 27 43.1335 35.2824
      vertex 13.97 28.9914 21.1403
      vertex 25 43.1335 35.2824
    endloop
  endfacet
  facet normal 0 0.707107 -0.707107
    outer loop
      vertex 25 43.1335 35.2824
      vertex 13.97 28.9914 21.1403
      vertex 20 43.1335 35.2824
    endloop
  endfacet
  facet normal -2.40982e-14 0.707107 -0.707107
    outer loop
      vertex 74.2154 60.3615 52.5104
      vertex 62 43.1335 35.2824
      vertex 74 60.3516 52.5005
    endloop
  endfacet
  facet normal 2.60079e-14 0.707107 -0.707107
    outer loop
      vertex 97.3686 60.4404 52.5893
      vertex 97.3686 27.948 20.0969
      vertex 97.175 60.5079 52.6568
    endloop
  endfacet
  facet normal -2.3084e-14 0.707107 -0.707107
    outer loop
      vertex 98.2154 60.3615 52.5104
      vertex 98.2154 28.0268 20.1757
      vertex 98 28.0368 20.1857
    endloop
  endfacet
  facet normal 0 0.707107 -0.707107
    outer loop
      vertex 98.427 60.3913 52.5402
      vertex 98.427 27.997 20.1459
      vertex 98.2154 28.0268 20.1757
    endloop
  endfacet
  facet normal -2.42082e-14 0.707107 -0.707107
    outer loop
      vertex 98.6314 60.4404 52.5893
      vertex 98.6314 27.948 20.0969
      vertex 98.427 27.997 20.1459
    endloop
  endfacet
  facet normal 2.55587e-14 0.707107 -0.707107
    outer loop
      vertex 98.6314 60.4404 52.5893
      vertex 98.825 27.8805 20.0294
      vertex 98.6314 27.948 20.0969
    endloop
  endfacet
  facet normal -2.595e-14 0.707107 -0.707107
    outer loop
      vertex 98.825 60.5079 52.6568
      vertex 98.825 27.8805 20.0294
      vertex 98.6314 60.4404 52.5893
    endloop
  endfacet
  facet normal -0.000381775 0.70715 -0.707063
    outer loop
      vertex 107 62.7609 54.9098
      vertex 99.1667 27.6951 19.8439
      vertex 99.0045 27.7957 19.9446
    endloop
  endfacet
  facet normal 0.000422441 0.707061 -0.707153
    outer loop
      vertex 107 62.7609 54.9098
      vertex 99.309 27.5803 19.7292
      vertex 99.1667 27.6951 19.8439
    endloop
  endfacet
  facet normal 6.19072e-14 0.707107 -0.707107
    outer loop
      vertex 107 62.7609 54.9098
      vertex 99.4289 27.4534 19.6023
      vertex 99.309 27.5803 19.7292
    endloop
  endfacet
  facet normal -3.64711e-14 0.707107 -0.707107
    outer loop
      vertex 107 62.7609 54.9098
      vertex 99.5244 27.3165 19.4654
      vertex 99.4289 27.4534 19.6023
    endloop
  endfacet
  facet normal 0 0.707107 -0.707107
    outer loop
      vertex 107 62.7609 54.9098
      vertex 99.5938 27.172 19.3209
      vertex 99.5244 27.3165 19.4654
    endloop
  endfacet
  facet normal -2.26556e-16 0.707107 -0.707107
    outer loop
      vertex 107 14.8511 7
      vertex 99.5938 27.172 19.3209
      vertex 107 62.7609 54.9098
    endloop
  endfacet
  facet normal 5.21592e-14 0.707107 -0.707107
    outer loop
      vertex 99.5938 27.172 19.3209
      vertex 107 14.8511 7
      vertex 99.6359 27.0223 19.1712
    endloop
  endfacet
  facet normal 0.00090634 0.707381 -0.706832
    outer loop
      vertex 99.6359 27.0223 19.1712
      vertex 107 14.8511 7
      vertex 99.65 26.8701 19.0189
    endloop
  endfacet
  facet normal 8.60937e-07 0.707108 -0.707105
    outer loop
      vertex 53.97 16.0938 8.24264
      vertex 74.2154 25.7133 17.8622
      vertex 107 14.8511 7
    endloop
  endfacet
  facet normal 0 0.707107 -0.707107
    outer loop
      vertex 107 14.8511 7
      vertex 98 25.7033 17.8522
      vertex 98.2154 25.7133 17.8622
    endloop
  endfacet
  facet normal 0 0.707107 -0.707107
    outer loop
      vertex 107 14.8511 7
      vertex 98.2154 25.7133 17.8622
      vertex 98.427 25.7431 17.892
    endloop
  endfacet
  facet normal 0 0.70709 -0.707124
    outer loop
      vertex -3 14.8511 7
      vertex 53.97 16.0938 8.24264
      vertex 107 14.8511 7
    endloop
  endfacet
  facet normal -2.26929e-07 0.707109 -0.707104
    outer loop
      vertex 74.2154 25.7133 17.8622
      vertex 53.97 16.0938 8.24264
      vertex 74 25.7033 17.8522
    endloop
  endfacet
  facet normal -1.03826e-14 0.707107 -0.707107
    outer loop
      vertex 98.6314 25.7921 17.941
      vertex 107 14.8511 7
      vertex 98.427 25.7431 17.892
    endloop
  endfacet
  facet normal 1.02993e-14 0.707107 -0.707107
    outer loop
      vertex 98.825 25.8596 18.0085
      vertex 107 14.8511 7
      vertex 98.6314 25.7921 17.941
    endloop
  endfacet
  facet normal -1.04113e-14 0.707107 -0.707107
    outer loop
      vertex 99.0045 25.9444 18.0933
      vertex 107 14.8511 7
      vertex 98.825 25.8596 18.0085
    endloop
  endfacet
  facet normal -0.000301225 0.706998 -0.707215
    outer loop
      vertex 99.1667 26.0451 18.1939
      vertex 107 14.8511 7
      vertex 99.0045 25.9444 18.0933
    endloop
  endfacet
  facet normal 0.000320915 0.707216 -0.706998
    outer loop
      vertex 99.309 26.1598 18.3087
      vertex 107 14.8511 7
      vertex 99.1667 26.0451 18.1939
    endloop
  endfacet
  facet normal -6.7331e-17 0.707107 -0.707107
    outer loop
      vertex 99.4289 26.2867 18.4356
      vertex 107 14.8511 7
      vertex 99.309 26.1598 18.3087
    endloop
  endfacet
  facet normal -7.37623e-17 0.707107 -0.707107
    outer loop
      vertex 99.5244 26.4236 18.5725
      vertex 107 14.8511 7
      vertex 99.4289 26.2867 18.4356
    endloop
  endfacet
  facet normal -1.55062e-14 0.707107 -0.707107
    outer loop
      vertex 99.5938 26.5681 18.717
      vertex 107 14.8511 7
      vertex 99.5244 26.4236 18.5725
    endloop
  endfacet
  facet normal 1.85236e-14 0.707107 -0.707107
    outer loop
      vertex 99.6359 26.7178 18.8667
      vertex 107 14.8511 7
      vertex 99.5938 26.5681 18.717
    endloop
  endfacet
  facet normal -0.000651222 0.706905 -0.707309
    outer loop
      vertex 99.65 26.8701 19.0189
      vertex 107 14.8511 7
      vertex 99.6359 26.7178 18.8667
    endloop
  endfacet
  facet normal 0 0.707107 -0.707107
    outer loop
      vertex 74 62.685 54.8339
      vertex -3 62.7609 54.9098
      vertex 98 62.685 54.8339
    endloop
  endfacet
  facet normal -4.84938e-16 0.707107 -0.707107
    outer loop
      vertex 73.7846 62.675 54.8239
      vertex -3 62.7609 54.9098
      vertex 74 62.685 54.8339
    endloop
  endfacet
  facet normal 2.52672e-16 0.707107 -0.707107
    outer loop
      vertex 73.573 62.6453 54.7942
      vertex -3 62.7609 54.9098
      vertex 73.7846 62.675 54.8239
    endloop
  endfacet
  facet normal 0 0.707107 -0.707107
    outer loop
      vertex 73.3686 62.5962 54.7451
      vertex -3 62.7609 54.9098
      vertex 73.573 62.6453 54.7942
    endloop
  endfacet
  facet normal 0 0.707107 -0.707107
    outer loop
      vertex 73.175 62.5287 54.6776
      vertex -3 62.7609 54.9098
      vertex 73.3686 62.5962 54.7451
    endloop
  endfacet
  facet normal 0 0.707107 -0.707107
    outer loop
      vertex 72.9955 62.4439 54.5928
      vertex -3 62.7609 54.9098
      vertex 73.175 62.5287 54.6776
    endloop
  endfacet
  facet normal 0 0.707107 -0.707107
    outer loop
      vertex 39 53.033 45.1819
      vertex 72.9955 62.4439 54.5928
      vertex 72.8333 62.3433 54.4922
    endloop
  endfacet
  facet normal 2.86186e-14 0.707107 -0.707107
    outer loop
      vertex 46 53.033 45.1819
      vertex 72.8333 62.3433 54.4922
      vertex 72.691 62.2285 54.3774
    endloop
  endfacet
  facet normal -0.00046602 0.707605 -0.706608
    outer loop
      vertex 53 53.033 45.1819
      vertex 72.691 62.2285 54.3774
      vertex 72.5711 62.1017 54.2505
    endloop
  endfacet
  facet normal 0.000410499 0.706705 -0.707508
    outer loop
      vertex 55 53.033 45.1819
      vertex 72.5711 62.1017 54.2505
      vertex 72.4756 61.9648 54.1137
    endloop
  endfacet
  facet normal -4.24759e-14 0.707107 -0.707107
    outer loop
      vertex 60 53.033 45.1819
      vertex 72.4756 61.9648 54.1137
      vertex 72.4062 61.8203 53.9692
    endloop
  endfacet
  facet normal 0 0.707107 -0.707107
    outer loop
      vertex 60 53.033 45.1819
      vertex 72.4062 61.8203 53.9692
      vertex 72.3641 61.6706 53.8195
    endloop
  endfacet
  facet normal 0 0.707107 -0.707107
    outer loop
      vertex 62 53.033 45.1819
      vertex 72.3641 61.6706 53.8195
      vertex 72.35 61.5183 53.6672
    endloop
  endfacet
  facet normal 0 0.707107 -0.707107
    outer loop
      vertex 62 53.033 45.1819
      vertex 72.35 61.5183 53.6672
      vertex 72.3641 61.366 53.5149
    endloop
  endfacet
  facet normal 2.11291e-14 0.707107 -0.707107
    outer loop
      vertex 62 53.033 45.1819
      vertex 72.3641 61.366 53.5149
      vertex 72.4062 61.2163 53.3652
    endloop
  endfacet
  facet normal -1.94024e-14 0.707107 -0.707107
    outer loop
      vertex 62 53.033 45.1819
      vertex 72.4062 61.2163 53.3652
      vertex 72.4756 61.0718 53.2207
    endloop
  endfacet
  facet normal 0 0.707107 -0.707107
    outer loop
      vertex 62 53.033 45.1819
      vertex 72.4756 61.0718 53.2207
      vertex 72.5711 60.9349 53.0838
    endloop
  endfacet
  facet normal 0 0.707107 -0.707107
    outer loop
      vertex 62 53.033 45.1819
      vertex 72.5711 60.9349 53.0838
      vertex 72.691 60.808 52.9569
    endloop
  endfacet
  facet normal 0 0.707107 -0.707107
    outer loop
      vertex 62 53.033 45.1819
      vertex 72.691 60.808 52.9569
      vertex 72.8333 60.6933 52.8422
    endloop
  endfacet
  facet normal 0 0.707107 -0.707107
    outer loop
      vertex 62 53.033 45.1819
      vertex 72.8333 60.6933 52.8422
      vertex 72.9955 60.5927 52.7416
    endloop
  endfacet
  facet normal 0 0.707107 -0.707107
    outer loop
      vertex 62 53.033 45.1819
      vertex 72.9955 60.5927 52.7416
      vertex 73.175 60.5079 52.6568
    endloop
  endfacet
  facet normal 1.82581e-14 0.707107 -0.707107
    outer loop
      vertex 62 53.033 45.1819
      vertex 73.175 60.5079 52.6568
      vertex 73.3686 60.4404 52.5893
    endloop
  endfacet
  facet normal -1.93963e-14 0.707107 -0.707107
    outer loop
      vertex 62 53.033 45.1819
      vertex 73.3686 60.4404 52.5893
      vertex 73.573 60.3913 52.5402
    endloop
  endfacet
  facet normal 0 0.707107 -0.707107
    outer loop
      vertex 62 53.033 45.1819
      vertex 73.573 60.3913 52.5402
      vertex 73.7846 60.3615 52.5104
    endloop
  endfacet
  facet normal 2.37103e-14 0.707107 -0.707107
    outer loop
      vertex 62 53.033 45.1819
      vertex 73.7846 60.3615 52.5104
      vertex 74 60.3516 52.5005
    endloop
  endfacet
  facet normal 0 0.707107 -0.707107
    outer loop
      vertex 72.3641 61.6706 53.8195
      vertex 62 53.033 45.1819
      vertex 60 53.033 45.1819
    endloop
  endfacet
  facet normal 0 0.707107 -0.707107
    outer loop
      vertex 72.4756 61.9648 54.1137
      vertex 60 53.033 45.1819
      vertex 55 53.033 45.1819
    endloop
  endfacet
  facet normal 0 0.707103 -0.707111
    outer loop
      vertex 72.5711 62.1017 54.2505
      vertex 55 53.033 45.1819
      vertex 53 53.033 45.1819
    endloop
  endfacet
  facet normal 0 0.707107 -0.707107
    outer loop
      vertex 72.691 62.2285 54.3774
      vertex 53 53.033 45.1819
      vertex 48 53.033 45.1819
    endloop
  endfacet
  facet normal 0 0.707107 -0.707107
    outer loop
      vertex 72.691 62.2285 54.3774
      vertex 48 53.033 45.1819
      vertex 46 53.033 45.1819
    endloop
  endfacet
  facet normal 0 0.707107 -0.707107
    outer loop
      vertex 72.8333 62.3433 54.4922
      vertex 46 53.033 45.1819
      vertex 41 53.033 45.1819
    endloop
  endfacet
  facet normal 0 0.707107 -0.707107
    outer loop
      vertex 72.8333 62.3433 54.4922
      vertex 41 53.033 45.1819
      vertex 39 53.033 45.1819
    endloop
  endfacet
  facet normal 0 0.707107 -0.707107
    outer loop
      vertex 72.9955 62.4439 54.5928
      vertex 39 53.033 45.1819
      vertex 34 53.033 45.1819
    endloop
  endfacet
  facet normal 0 0.707107 -0.707107
    outer loop
      vertex 72.9955 62.4439 54.5928
      vertex 34 53.033 45.1819
      vertex -3 62.7609 54.9098
    endloop
  endfacet
  facet normal 0 0.707107 -0.707107
    outer loop
      vertex 32 53.033 45.1819
      vertex -3 62.7609 54.9098
      vertex 34 53.033 45.1819
    endloop
  endfacet
  facet normal 0 0.707107 -0.707107
    outer loop
      vertex 27 53.033 45.1819
      vertex -3 62.7609 54.9098
      vertex 32 53.033 45.1819
    endloop
  endfacet
  facet normal 0 0.707107 -0.707107
    outer loop
      vertex 25 53.033 45.1819
      vertex -3 62.7609 54.9098
      vertex 27 53.033 45.1819
    endloop
  endfacet
  facet normal 0 0.707107 -0.707107
    outer loop
      vertex 20 53.033 45.1819
      vertex -3 62.7609 54.9098
      vertex 25 53.033 45.1819
    endloop
  endfacet
  facet normal 0 0.707107 -0.707107
    outer loop
      vertex 18 53.033 45.1819
      vertex -3 62.7609 54.9098
      vertex 20 53.033 45.1819
    endloop
  endfacet
  facet normal -1.93345e-16 0.707107 -0.707107
    outer loop
      vertex 18 43.1335 35.2824
      vertex -3 62.7609 54.9098
      vertex 18 53.033 45.1819
    endloop
  endfacet
  facet normal 0 0.707107 -0.707107
    outer loop
      vertex 20 43.1335 35.2824
      vertex 13.97 28.9914 21.1403
      vertex 18 43.1335 35.2824
    endloop
  endfacet
  facet normal 4.27506e-16 0.707107 -0.707107
    outer loop
      vertex 13.97 28.9914 21.1403
      vertex -3 62.7609 54.9098
      vertex 18 43.1335 35.2824
    endloop
  endfacet
  facet normal -2.74096e-06 0.707108 -0.707105
    outer loop
      vertex -3 14.8511 7
      vertex 13.97 28.9914 21.1403
      vertex 13.97 16.0938 8.24264
    endloop
  endfacet
  facet normal 1.48313e-16 0.707107 -0.707107
    outer loop
      vertex 13.97 28.9914 21.1403
      vertex -3 14.8511 7
      vertex -3 62.7609 54.9098
    endloop
  endfacet
  facet normal 0 0.70709 -0.707124
    outer loop
      vertex 53.97 16.0938 8.24264
      vertex -3 14.8511 7
      vertex 13.97 16.0938 8.24264
    endloop
  endfacet
  facet normal 1.19206e-14 0.707107 -0.707107
    outer loop
      vertex 62 43.1335 35.2824
      vertex 74 28.0368 20.1857
      vertex 73.7846 28.0268 20.1757
    endloop
  endfacet
  facet normal -5.66475e-15 0.707107 -0.707107
    outer loop
      vertex 62 43.1335 35.2824
      vertex 73.7846 28.0268 20.1757
      vertex 73.573 27.997 20.1459
    endloop
  endfacet
  facet normal -4.28872e-17 0.707107 -0.707107
    outer loop
      vertex 73.3686 27.948 20.0969
      vertex 62 43.1335 35.2824
      vertex 73.573 27.997 20.1459
    endloop
  endfacet
  facet normal 1.02491e-14 0.707107 -0.707107
    outer loop
      vertex 73.175 27.8805 20.0294
      vertex 62 43.1335 35.2824
      vertex 73.3686 27.948 20.0969
    endloop
  endfacet
  facet normal -1.04799e-14 0.707107 -0.707107
    outer loop
      vertex 72.9955 27.7957 19.9446
      vertex 62 43.1335 35.2824
      vertex 73.175 27.8805 20.0294
    endloop
  endfacet
  facet normal 0.000301725 0.707215 -0.706999
    outer loop
      vertex 72.8333 27.6951 19.8439
      vertex 62 43.1335 35.2824
      vertex 72.9955 27.7957 19.9446
    endloop
  endfacet
  facet normal -0.000319702 0.706997 -0.707217
    outer loop
      vertex 72.691 27.5803 19.7292
      vertex 62 43.1335 35.2824
      vertex 72.8333 27.6951 19.8439
    endloop
  endfacet
  facet normal -1.23306e-14 0.707107 -0.707107
    outer loop
      vertex 72.5711 27.4534 19.6023
      vertex 62 43.1335 35.2824
      vertex 72.691 27.5803 19.7292
    endloop
  endfacet
  facet normal 1.32235e-14 0.707107 -0.707107
    outer loop
      vertex 72.4756 27.3165 19.4654
      vertex 62 43.1335 35.2824
      vertex 72.5711 27.4534 19.6023
    endloop
  endfacet
  facet normal -1.46078e-16 0.707107 -0.707107
    outer loop
      vertex 62 43.1335 35.2824
      vertex 72.4756 27.3165 19.4654
      vertex 53.97 28.9914 21.1403
    endloop
  endfacet
  facet normal -1.63182e-15 0.707107 -0.707107
    outer loop
      vertex 72.4062 27.172 19.3209
      vertex 53.97 28.9914 21.1403
      vertex 72.4756 27.3165 19.4654
    endloop
  endfacet
  facet normal 1.60524e-15 0.707107 -0.707107
    outer loop
      vertex 72.3641 27.0223 19.1712
      vertex 53.97 28.9914 21.1403
      vertex 72.4062 27.172 19.3209
    endloop
  endfacet
  facet normal 4.92303e-05 0.707337 -0.706877
    outer loop
      vertex 72.35 26.8701 19.0189
      vertex 53.97 28.9914 21.1403
      vertex 72.3641 27.0223 19.1712
    endloop
  endfacet
  facet normal -5.80715e-05 0.706872 -0.707342
    outer loop
      vertex 72.3641 26.7178 18.8667
      vertex 53.97 28.9914 21.1403
      vertex 72.35 26.8701 19.0189
    endloop
  endfacet
  facet normal 2.1414e-15 0.707107 -0.707107
    outer loop
      vertex 72.4062 26.5681 18.717
      vertex 53.97 28.9914 21.1403
      vertex 72.3641 26.7178 18.8667
    endloop
  endfacet
  facet normal 1.80793e-06 0.707107 -0.707106
    outer loop
      vertex 53.97 16.0938 8.24264
      vertex 72.4062 26.5681 18.717
      vertex 72.4756 26.4236 18.5725
    endloop
  endfacet
  facet normal 1.65009e-06 0.707107 -0.707106
    outer loop
      vertex 53.97 16.0938 8.24264
      vertex 72.4756 26.4236 18.5725
      vertex 72.5711 26.2867 18.4356
    endloop
  endfacet
  facet normal 1.50279e-06 0.707107 -0.707106
    outer loop
      vertex 53.97 16.0938 8.24264
      vertex 72.5711 26.2867 18.4356
      vertex 72.691 26.1598 18.3087
    endloop
  endfacet
  facet normal -0.000197425 0.707292 -0.706921
    outer loop
      vertex 53.97 16.0938 8.24264
      vertex 72.691 26.1598 18.3087
      vertex 72.8333 26.0451 18.1939
    endloop
  endfacet
  facet normal 0.00019951 0.706916 -0.707297
    outer loop
      vertex 53.97 16.0938 8.24264
      vertex 72.8333 26.0451 18.1939
      vertex 72.9955 25.9444 18.0933
    endloop
  endfacet
  facet normal 1.06394e-06 0.707108 -0.707106
    outer loop
      vertex 53.97 16.0938 8.24264
      vertex 72.9955 25.9444 18.0933
      vertex 73.175 25.8596 18.0085
    endloop
  endfacet
  facet normal 8.98582e-07 0.707108 -0.707105
    outer loop
      vertex 53.97 16.0938 8.24264
      vertex 73.175 25.8596 18.0085
      vertex 73.3686 25.7921 17.941
    endloop
  endfacet
  facet normal 7.08826e-07 0.707108 -0.707105
    outer loop
      vertex 53.97 16.0938 8.24264
      vertex 73.3686 25.7921 17.941
      vertex 73.573 25.7431 17.892
    endloop
  endfacet
  facet normal 4.32377e-07 0.707108 -0.707105
    outer loop
      vertex 72.4062 26.5681 18.717
      vertex 53.97 16.0938 8.24264
      vertex 53.97 28.9914 21.1403
    endloop
  endfacet
  facet normal 4.81463e-07 0.707108 -0.707105
    outer loop
      vertex 73.7846 25.7133 17.8622
      vertex 53.97 16.0938 8.24264
      vertex 73.573 25.7431 17.892
    endloop
  endfacet
  facet normal 1.86885e-07 0.707109 -0.707105
    outer loop
      vertex 53.97 16.0938 8.24264
      vertex 73.7846 25.7133 17.8622
      vertex 74 25.7033 17.8522
    endloop
  endfacet
  facet normal -0.980795 0.13791 0.137918
    outer loop
      vertex 75.5938 61.2163 53.3652
      vertex 75.6359 59.6689 55.2119
      vertex 75.6359 61.366 53.5149
    endloop
  endfacet
  facet normal -0.98077 0.138007 0.137999
    outer loop
      vertex 75.6359 59.6689 55.2119
      vertex 75.5938 61.2163 53.3652
      vertex 75.5938 59.5193 55.0623
    endloop
  endfacet
  facet normal -0.997864 0.04619 0.0461927
    outer loop
      vertex 75.6359 61.366 53.5149
      vertex 75.65 59.8212 55.3642
      vertex 75.65 61.5183 53.6672
    endloop
  endfacet
  facet normal -0.997864 0.04619 0.0461927
    outer loop
      vertex 75.65 59.8212 55.3642
      vertex 75.6359 61.366 53.5149
      vertex 75.6359 59.6689 55.2119
    endloop
  endfacet
  facet normal -0.946886 0.22739 0.227377
    outer loop
      vertex 75.5244 61.0718 53.2207
      vertex 75.5938 59.5193 55.0623
      vertex 75.5938 61.2163 53.3652
    endloop
  endfacet
  facet normal -0.94692 0.227313 0.227313
    outer loop
      vertex 75.5938 59.5193 55.0623
      vertex 75.5244 61.0718 53.2207
      vertex 75.5244 59.3747 54.9178
    endloop
  endfacet
  facet normal 0.997864 -0.04619 -0.0461927
    outer loop
      vertex 72.3641 59.9735 55.5165
      vertex 72.35 61.5183 53.6672
      vertex 72.3641 61.6706 53.8195
    endloop
  endfacet
  facet normal 0.997864 -0.04619 -0.0461927
    outer loop
      vertex 72.35 61.5183 53.6672
      vertex 72.3641 59.9735 55.5165
      vertex 72.35 59.8212 55.3642
    endloop
  endfacet
  facet normal 0.831398 -0.392935 -0.392912
    outer loop
      vertex 72.691 60.5315 56.0745
      vertex 72.5711 62.1017 54.2505
      vertex 72.691 62.2285 54.3774
    endloop
  endfacet
  facet normal 0.831499 -0.392816 -0.392816
    outer loop
      vertex 72.5711 62.1017 54.2505
      vertex 72.691 60.5315 56.0745
      vertex 72.5711 60.4046 55.9476
    endloop
  endfacet
  facet normal 0.980795 -0.13791 -0.137918
    outer loop
      vertex 72.4062 60.1232 55.6662
      vertex 72.3641 61.6706 53.8195
      vertex 72.4062 61.8203 53.9692
    endloop
  endfacet
  facet normal 0.980795 -0.13791 -0.137918
    outer loop
      vertex 72.3641 61.6706 53.8195
      vertex 72.4062 60.1232 55.6662
      vertex 72.3641 59.9735 55.5165
    endloop
  endfacet
  facet normal -0.321074 0.669649 0.669688
    outer loop
      vertex 74.6314 60.4404 52.5893
      vertex 74.427 58.6943 54.2373
      vertex 74.6314 58.7433 54.2863
    endloop
  endfacet
  facet normal -0.321661 0.669547 0.669508
    outer loop
      vertex 74.427 58.6943 54.2373
      vertex 74.6314 60.4404 52.5893
      vertex 74.427 60.3913 52.5402
    endloop
  endfacet
  facet normal -0.442238 -0.634202 -0.634202
    outer loop
      vertex 74.6314 60.8991 56.4422
      vertex 74.825 62.5287 54.6776
      vertex 74.825 60.8316 56.3747
    endloop
  endfacet
  facet normal -0.442238 -0.634202 -0.634202
    outer loop
      vertex 74.825 62.5287 54.6776
      vertex 74.6314 60.8991 56.4422
      vertex 74.6314 62.5962 54.7451
    endloop
  endfacet
  facet normal -0.321368 -0.669578 -0.669618
    outer loop
      vertex 74.427 62.6453 54.7942
      vertex 74.6314 60.8991 56.4422
      vertex 74.427 60.9482 56.4912
    endloop
  endfacet
  facet normal -0.321661 -0.669527 -0.669527
    outer loop
      vertex 74.6314 60.8991 56.4422
      vertex 74.427 62.6453 54.7942
      vertex 74.6314 62.5962 54.7451
    endloop
  endfacet
  facet normal -0.896828 0.312809 0.312809
    outer loop
      vertex 75.4289 60.9349 53.0838
      vertex 75.5244 59.3747 54.9178
      vertex 75.5244 61.0718 53.2207
    endloop
  endfacet
  facet normal -0.896764 0.31291 0.312892
    outer loop
      vertex 75.5244 59.3747 54.9178
      vertex 75.4289 60.9349 53.0838
      vertex 75.4289 59.2379 54.7809
    endloop
  endfacet
  facet normal 0.997864 0.04619 0.0461927
    outer loop
      vertex 72.35 59.8212 55.3642
      vertex 72.3641 61.366 53.5149
      vertex 72.35 61.5183 53.6672
    endloop
  endfacet
  facet normal 0.997864 0.04619 0.0461927
    outer loop
      vertex 72.3641 61.366 53.5149
      vertex 72.35 59.8212 55.3642
      vertex 72.3641 59.6689 55.2119
    endloop
  endfacet
  facet normal -0.19533 -0.693466 -0.693507
    outer loop
      vertex 74.2154 60.978 56.521
      vertex 74.427 62.6453 54.7942
      vertex 74.427 60.9482 56.4912
    endloop
  endfacet
  facet normal -0.194699 -0.693595 -0.693554
    outer loop
      vertex 74.427 62.6453 54.7942
      vertex 74.2154 60.978 56.521
      vertex 74.2154 62.675 54.8239
    endloop
  endfacet
  facet normal 0.751736 0.466326 0.466298
    outer loop
      vertex 72.691 59.111 54.654
      vertex 72.8333 60.6933 52.8422
      vertex 72.691 60.808 52.9569
    endloop
  endfacet
  facet normal 0.75202 0.466069 0.466096
    outer loop
      vertex 72.8333 60.6933 52.8422
      vertex 72.691 59.111 54.654
      vertex 72.8333 58.9962 54.5392
    endloop
  endfacet
  facet normal -0.555529 0.58794 0.587974
    outer loop
      vertex 75.0045 60.5927 52.7416
      vertex 74.825 58.8108 54.3538
      vertex 75.0045 58.8956 54.4386
    endloop
  endfacet
  facet normal -0.555529 0.58794 0.587974
    outer loop
      vertex 74.825 58.8108 54.3538
      vertex 75.0045 60.5927 52.7416
      vertex 74.825 60.5079 52.6568
    endloop
  endfacet
  facet normal -0.19533 0.693507 0.693466
    outer loop
      vertex 74.2154 60.3615 52.5104
      vertex 74.427 58.6943 54.2373
      vertex 74.427 60.3913 52.5402
    endloop
  endfacet
  facet normal -0.19533 0.693507 0.693466
    outer loop
      vertex 74.427 58.6943 54.2373
      vertex 74.2154 60.3615 52.5104
      vertex 74.2154 58.6645 54.2075
    endloop
  endfacet
  facet normal -0.946886 -0.227377 -0.22739
    outer loop
      vertex 75.5938 61.8203 53.9692
      vertex 75.5244 60.2677 55.8107
      vertex 75.5244 61.9648 54.1137
    endloop
  endfacet
  facet normal -0.946886 -0.227377 -0.22739
    outer loop
      vertex 75.5244 60.2677 55.8107
      vertex 75.5938 61.8203 53.9692
      vertex 75.5938 60.1232 55.6662
    endloop
  endfacet
  facet normal -0.896764 -0.312901 -0.312901
    outer loop
      vertex 75.5244 61.9648 54.1137
      vertex 75.4289 60.4046 55.9476
      vertex 75.4289 62.1017 54.2505
    endloop
  endfacet
  facet normal -0.896828 -0.3128 -0.312818
    outer loop
      vertex 75.4289 60.4046 55.9476
      vertex 75.5244 61.9648 54.1137
      vertex 75.5244 60.2677 55.8107
    endloop
  endfacet
  facet normal -0.997864 -0.04619 -0.0461927
    outer loop
      vertex 75.65 61.5183 53.6672
      vertex 75.6359 59.9735 55.5165
      vertex 75.6359 61.6706 53.8195
    endloop
  endfacet
  facet normal -0.997864 -0.04619 -0.0461927
    outer loop
      vertex 75.6359 59.9735 55.5165
      vertex 75.65 61.5183 53.6672
      vertex 75.65 59.8212 55.3642
    endloop
  endfacet
  facet normal -0.751736 0.466326 0.466298
    outer loop
      vertex 75.1667 60.6933 52.8422
      vertex 75.309 59.111 54.654
      vertex 75.309 60.808 52.9569
    endloop
  endfacet
  facet normal -0.75202 0.466069 0.466096
    outer loop
      vertex 75.309 59.111 54.654
      vertex 75.1667 60.6933 52.8422
      vertex 75.1667 58.9962 54.5392
    endloop
  endfacet
  facet normal 0.659409 0.531576 0.531607
    outer loop
      vertex 72.8333 58.9962 54.5392
      vertex 72.9955 60.5927 52.7416
      vertex 72.8333 60.6933 52.8422
    endloop
  endfacet
  facet normal 0.659409 0.531576 0.531607
    outer loop
      vertex 72.9955 60.5927 52.7416
      vertex 72.8333 58.9962 54.5392
      vertex 72.9955 58.8956 54.4386
    endloop
  endfacet
  facet normal 0.19533 0.693507 0.693466
    outer loop
      vertex 73.573 58.6943 54.2373
      vertex 73.7846 60.3615 52.5104
      vertex 73.573 60.3913 52.5402
    endloop
  endfacet
  facet normal 0.19533 0.693507 0.693466
    outer loop
      vertex 73.7846 60.3615 52.5104
      vertex 73.573 58.6943 54.2373
      vertex 73.7846 58.6645 54.2075
    endloop
  endfacet
  facet normal -0.659409 -0.531607 -0.531576
    outer loop
      vertex 75.1667 62.3433 54.4922
      vertex 75.0045 60.7469 56.2899
      vertex 75.0045 62.4439 54.5928
    endloop
  endfacet
  facet normal -0.65978 -0.531346 -0.531377
    outer loop
      vertex 75.0045 60.7469 56.2899
      vertex 75.1667 62.3433 54.4922
      vertex 75.1667 60.6462 56.1892
    endloop
  endfacet
  facet normal 0.75202 -0.466069 -0.466096
    outer loop
      vertex 72.8333 60.6462 56.1892
      vertex 72.691 62.2285 54.3774
      vertex 72.8333 62.3433 54.4922
    endloop
  endfacet
  facet normal 0.751736 -0.466326 -0.466298
    outer loop
      vertex 72.691 62.2285 54.3774
      vertex 72.8333 60.6462 56.1892
      vertex 72.691 60.5315 56.0745
    endloop
  endfacet
  facet normal 0.442238 0.634184 0.634221
    outer loop
      vertex 73.175 58.8108 54.3538
      vertex 73.3686 60.4404 52.5893
      vertex 73.175 60.5079 52.6568
    endloop
  endfacet
  facet normal 0.442238 0.634184 0.634221
    outer loop
      vertex 73.3686 60.4404 52.5893
      vertex 73.175 58.8108 54.3538
      vertex 73.3686 58.7433 54.2863
    endloop
  endfacet
  facet normal -0.555303 -0.588064 -0.588064
    outer loop
      vertex 74.825 62.5287 54.6776
      vertex 75.0045 60.7469 56.2899
      vertex 74.825 60.8316 56.3747
    endloop
  endfacet
  facet normal -0.555529 -0.587974 -0.58794
    outer loop
      vertex 75.0045 60.7469 56.2899
      vertex 74.825 62.5287 54.6776
      vertex 75.0045 62.4439 54.5928
    endloop
  endfacet
  facet normal -0.659409 0.531576 0.531607
    outer loop
      vertex 75.0045 60.5927 52.7416
      vertex 75.1667 58.9962 54.5392
      vertex 75.1667 60.6933 52.8422
    endloop
  endfacet
  facet normal -0.659409 0.531576 0.531607
    outer loop
      vertex 75.1667 58.9962 54.5392
      vertex 75.0045 60.5927 52.7416
      vertex 75.0045 58.8956 54.4386
    endloop
  endfacet
  facet normal -0.831499 0.392828 0.392805
    outer loop
      vertex 75.309 60.808 52.9569
      vertex 75.4289 59.2379 54.7809
      vertex 75.4289 60.9349 53.0838
    endloop
  endfacet
  facet normal -0.831499 0.392828 0.392805
    outer loop
      vertex 75.4289 59.2379 54.7809
      vertex 75.309 60.808 52.9569
      vertex 75.309 59.111 54.654
    endloop
  endfacet
  facet normal -0.442238 0.634184 0.634221
    outer loop
      vertex 74.6314 60.4404 52.5893
      vertex 74.825 58.8108 54.3538
      vertex 74.825 60.5079 52.6568
    endloop
  endfacet
  facet normal -0.442238 0.634184 0.634221
    outer loop
      vertex 74.825 58.8108 54.3538
      vertex 74.6314 60.4404 52.5893
      vertex 74.6314 58.7433 54.2863
    endloop
  endfacet
  facet normal -0.980795 -0.13791 -0.137918
    outer loop
      vertex 75.6359 61.6706 53.8195
      vertex 75.5938 60.1232 55.6662
      vertex 75.5938 61.8203 53.9692
    endloop
  endfacet
  facet normal -0.980795 -0.13791 -0.137918
    outer loop
      vertex 75.5938 60.1232 55.6662
      vertex 75.6359 61.6706 53.8195
      vertex 75.6359 59.9735 55.5165
    endloop
  endfacet
  facet normal 0.321368 -0.669578 -0.669618
    outer loop
      vertex 73.3686 60.8991 56.4422
      vertex 73.573 62.6453 54.7942
      vertex 73.573 60.9482 56.4912
    endloop
  endfacet
  facet normal 0.321661 -0.669527 -0.669527
    outer loop
      vertex 73.573 62.6453 54.7942
      vertex 73.3686 60.8991 56.4422
      vertex 73.3686 62.5962 54.7451
    endloop
  endfacet
  facet normal -0.75202 -0.466069 -0.466096
    outer loop
      vertex 75.309 62.2285 54.3774
      vertex 75.1667 60.6462 56.1892
      vertex 75.1667 62.3433 54.4922
    endloop
  endfacet
  facet normal -0.751736 -0.466326 -0.466298
    outer loop
      vertex 75.1667 60.6462 56.1892
      vertex 75.309 62.2285 54.3774
      vertex 75.309 60.5315 56.0745
    endloop
  endfacet
  facet normal -0.831398 -0.392935 -0.392912
    outer loop
      vertex 75.4289 62.1017 54.2505
      vertex 75.309 60.5315 56.0745
      vertex 75.309 62.2285 54.3774
    endloop
  endfacet
  facet normal -0.831499 -0.392816 -0.392816
    outer loop
      vertex 75.309 60.5315 56.0745
      vertex 75.4289 62.1017 54.2505
      vertex 75.4289 60.4046 55.9476
    endloop
  endfacet
  facet normal 0.0655142 -0.705608 -0.705567
    outer loop
      vertex 73.7846 60.978 56.521
      vertex 74 62.685 54.8339
      vertex 74 60.988 56.531
    endloop
  endfacet
  facet normal 0.0655142 -0.705608 -0.705567
    outer loop
      vertex 74 62.685 54.8339
      vertex 73.7846 60.978 56.521
      vertex 73.7846 62.675 54.8239
    endloop
  endfacet
  facet normal 0.0655142 0.705608 0.705567
    outer loop
      vertex 74 58.6545 54.1975
      vertex 73.7846 60.3615 52.5104
      vertex 73.7846 58.6645 54.2075
    endloop
  endfacet
  facet normal 0.0648618 0.705597 0.705639
    outer loop
      vertex 73.7846 60.3615 52.5104
      vertex 74 58.6545 54.1975
      vertex 74 60.3516 52.5005
    endloop
  endfacet
  facet normal 0.659409 -0.531607 -0.531576
    outer loop
      vertex 72.9955 60.7469 56.2899
      vertex 72.8333 62.3433 54.4922
      vertex 72.9955 62.4439 54.5928
    endloop
  endfacet
  facet normal 0.65978 -0.531346 -0.531377
    outer loop
      vertex 72.8333 62.3433 54.4922
      vertex 72.9955 60.7469 56.2899
      vertex 72.8333 60.6462 56.1892
    endloop
  endfacet
  facet normal 0.555303 -0.588064 -0.588064
    outer loop
      vertex 72.9955 60.7469 56.2899
      vertex 73.175 62.5287 54.6776
      vertex 73.175 60.8316 56.3747
    endloop
  endfacet
  facet normal 0.555529 -0.587974 -0.58794
    outer loop
      vertex 73.175 62.5287 54.6776
      vertex 72.9955 60.7469 56.2899
      vertex 72.9955 62.4439 54.5928
    endloop
  endfacet
  facet normal -0.0655142 -0.705608 -0.705567
    outer loop
      vertex 74 62.685 54.8339
      vertex 74.2154 60.978 56.521
      vertex 74 60.988 56.531
    endloop
  endfacet
  facet normal -0.0655142 -0.705608 -0.705567
    outer loop
      vertex 74.2154 60.978 56.521
      vertex 74 62.685 54.8339
      vertex 74.2154 62.675 54.8239
    endloop
  endfacet
  facet normal -0.0655142 0.705608 0.705567
    outer loop
      vertex 74.2154 60.3615 52.5104
      vertex 74 58.6545 54.1975
      vertex 74.2154 58.6645 54.2075
    endloop
  endfacet
  facet normal -0.0648618 0.705597 0.705639
    outer loop
      vertex 74 58.6545 54.1975
      vertex 74.2154 60.3615 52.5104
      vertex 74 60.3516 52.5005
    endloop
  endfacet
  facet normal 0.980795 0.13791 0.137918
    outer loop
      vertex 72.3641 59.6689 55.2119
      vertex 72.4062 61.2163 53.3652
      vertex 72.3641 61.366 53.5149
    endloop
  endfacet
  facet normal 0.98077 0.138007 0.137999
    outer loop
      vertex 72.4062 61.2163 53.3652
      vertex 72.3641 59.6689 55.2119
      vertex 72.4062 59.5193 55.0623
    endloop
  endfacet
  facet normal 0.442238 -0.634202 -0.634202
    outer loop
      vertex 73.175 62.5287 54.6776
      vertex 73.3686 60.8991 56.4422
      vertex 73.175 60.8316 56.3747
    endloop
  endfacet
  facet normal 0.442238 -0.634202 -0.634202
    outer loop
      vertex 73.3686 60.8991 56.4422
      vertex 73.175 62.5287 54.6776
      vertex 73.3686 62.5962 54.7451
    endloop
  endfacet
  facet normal 0.555529 0.58794 0.587974
    outer loop
      vertex 73.175 58.8108 54.3538
      vertex 72.9955 60.5927 52.7416
      vertex 72.9955 58.8956 54.4386
    endloop
  endfacet
  facet normal 0.555529 0.58794 0.587974
    outer loop
      vertex 72.9955 60.5927 52.7416
      vertex 73.175 58.8108 54.3538
      vertex 73.175 60.5079 52.6568
    endloop
  endfacet
  facet normal 0.896764 -0.312901 -0.312901
    outer loop
      vertex 72.5711 60.4046 55.9476
      vertex 72.4756 61.9648 54.1137
      vertex 72.5711 62.1017 54.2505
    endloop
  endfacet
  facet normal 0.896828 -0.3128 -0.312818
    outer loop
      vertex 72.4756 61.9648 54.1137
      vertex 72.5711 60.4046 55.9476
      vertex 72.4756 60.2677 55.8107
    endloop
  endfacet
  facet normal 0.321074 0.669649 0.669688
    outer loop
      vertex 73.573 58.6943 54.2373
      vertex 73.3686 60.4404 52.5893
      vertex 73.3686 58.7433 54.2863
    endloop
  endfacet
  facet normal 0.321661 0.669547 0.669508
    outer loop
      vertex 73.3686 60.4404 52.5893
      vertex 73.573 58.6943 54.2373
      vertex 73.573 60.3913 52.5402
    endloop
  endfacet
  facet normal 0.19533 -0.693466 -0.693507
    outer loop
      vertex 73.573 62.6453 54.7942
      vertex 73.7846 60.978 56.521
      vertex 73.573 60.9482 56.4912
    endloop
  endfacet
  facet normal 0.194699 -0.693595 -0.693554
    outer loop
      vertex 73.7846 60.978 56.521
      vertex 73.573 62.6453 54.7942
      vertex 73.7846 62.675 54.8239
    endloop
  endfacet
  facet normal 0.946886 0.22739 0.227377
    outer loop
      vertex 72.4062 59.5193 55.0623
      vertex 72.4756 61.0718 53.2207
      vertex 72.4062 61.2163 53.3652
    endloop
  endfacet
  facet normal 0.94692 0.227313 0.227313
    outer loop
      vertex 72.4756 61.0718 53.2207
      vertex 72.4062 59.5193 55.0623
      vertex 72.4756 59.3747 54.9178
    endloop
  endfacet
  facet normal 0.831499 0.392828 0.392805
    outer loop
      vertex 72.5711 59.2379 54.7809
      vertex 72.691 60.808 52.9569
      vertex 72.5711 60.9349 53.0838
    endloop
  endfacet
  facet normal 0.831499 0.392828 0.392805
    outer loop
      vertex 72.691 60.808 52.9569
      vertex 72.5711 59.2379 54.7809
      vertex 72.691 59.111 54.654
    endloop
  endfacet
  facet normal 0.946886 -0.227377 -0.22739
    outer loop
      vertex 72.4756 60.2677 55.8107
      vertex 72.4062 61.8203 53.9692
      vertex 72.4756 61.9648 54.1137
    endloop
  endfacet
  facet normal 0.946886 -0.227377 -0.22739
    outer loop
      vertex 72.4062 61.8203 53.9692
      vertex 72.4756 60.2677 55.8107
      vertex 72.4062 60.1232 55.6662
    endloop
  endfacet
  facet normal 0.896828 0.312809 0.312809
    outer loop
      vertex 72.4756 59.3747 54.9178
      vertex 72.5711 60.9349 53.0838
      vertex 72.4756 61.0718 53.2207
    endloop
  endfacet
  facet normal 0.896764 0.31291 0.312892
    outer loop
      vertex 72.5711 60.9349 53.0838
      vertex 72.4756 59.3747 54.9178
      vertex 72.5711 59.2379 54.7809
    endloop
  endfacet
  facet normal -0.980795 0.13791 0.137918
    outer loop
      vertex 75.5938 26.5681 18.717
      vertex 75.6359 25.0207 20.5637
      vertex 75.6359 26.7178 18.8667
    endloop
  endfacet
  facet normal -0.980795 0.13791 0.137918
    outer loop
      vertex 75.6359 25.0207 20.5637
      vertex 75.5938 26.5681 18.717
      vertex 75.5938 24.871 20.414
    endloop
  endfacet
  facet normal -0.997863 0.0462064 0.0462064
    outer loop
      vertex 75.6359 26.7178 18.8667
      vertex 75.65 25.173 20.716
      vertex 75.65 26.8701 19.0189
    endloop
  endfacet
  facet normal -0.997864 0.04619 0.0461927
    outer loop
      vertex 75.65 25.173 20.716
      vertex 75.6359 26.7178 18.8667
      vertex 75.6359 25.0207 20.5637
    endloop
  endfacet
  facet normal -0.946886 0.227377 0.22739
    outer loop
      vertex 75.5244 26.4236 18.5725
      vertex 75.5938 24.871 20.414
      vertex 75.5938 26.5681 18.717
    endloop
  endfacet
  facet normal -0.946886 0.227377 0.22739
    outer loop
      vertex 75.5938 24.871 20.414
      vertex 75.5244 26.4236 18.5725
      vertex 75.5244 24.7265 20.2695
    endloop
  endfacet
  facet normal 0.997863 -0.0462078 -0.0462051
    outer loop
      vertex 72.3641 25.3253 20.8683
      vertex 72.35 26.8701 19.0189
      vertex 72.3641 27.0223 19.1712
    endloop
  endfacet
  facet normal 0.997864 -0.0461913 -0.0461913
    outer loop
      vertex 72.35 26.8701 19.0189
      vertex 72.3641 25.3253 20.8683
      vertex 72.35 25.173 20.716
    endloop
  endfacet
  facet normal 0.831499 -0.392828 -0.392805
    outer loop
      vertex 72.691 25.8833 21.4263
      vertex 72.5711 27.4534 19.6023
      vertex 72.691 27.5803 19.7292
    endloop
  endfacet
  facet normal 0.831499 -0.392828 -0.392805
    outer loop
      vertex 72.5711 27.4534 19.6023
      vertex 72.691 25.8833 21.4263
      vertex 72.5711 25.7564 21.2994
    endloop
  endfacet
  facet normal 0.980795 -0.137918 -0.13791
    outer loop
      vertex 72.4062 25.475 21.018
      vertex 72.3641 27.0223 19.1712
      vertex 72.4062 27.172 19.3209
    endloop
  endfacet
  facet normal 0.980795 -0.137918 -0.13791
    outer loop
      vertex 72.3641 27.0223 19.1712
      vertex 72.4062 25.475 21.018
      vertex 72.3641 25.3253 20.8683
    endloop
  endfacet
  facet normal 0.896828 -0.312818 -0.3128
    outer loop
      vertex 72.5711 25.7564 21.2994
      vertex 72.4756 27.3165 19.4654
      vertex 72.5711 27.4534 19.6023
    endloop
  endfacet
  facet normal 0.896828 -0.312818 -0.3128
    outer loop
      vertex 72.4756 27.3165 19.4654
      vertex 72.5711 25.7564 21.2994
      vertex 72.4756 25.6195 21.1625
    endloop
  endfacet
  facet normal -0.321661 0.669547 0.669508
    outer loop
      vertex 74.6314 25.7921 17.941
      vertex 74.427 24.046 19.589
      vertex 74.6314 24.0951 19.6381
    endloop
  endfacet
  facet normal -0.321074 0.669649 0.669688
    outer loop
      vertex 74.427 24.046 19.589
      vertex 74.6314 25.7921 17.941
      vertex 74.427 25.7431 17.892
    endloop
  endfacet
  facet normal -0.442238 -0.634184 -0.634221
    outer loop
      vertex 74.6314 27.948 20.0969
      vertex 74.825 26.1834 21.7264
      vertex 74.6314 26.2509 21.7939
    endloop
  endfacet
  facet normal -0.442238 -0.634184 -0.634221
    outer loop
      vertex 74.825 26.1834 21.7264
      vertex 74.6314 27.948 20.0969
      vertex 74.825 27.8805 20.0294
    endloop
  endfacet
  facet normal -0.321661 -0.669547 -0.669508
    outer loop
      vertex 74.427 27.997 20.1459
      vertex 74.6314 26.2509 21.7939
      vertex 74.427 26.3 21.843
    endloop
  endfacet
  facet normal -0.321074 -0.669649 -0.669688
    outer loop
      vertex 74.6314 26.2509 21.7939
      vertex 74.427 27.997 20.1459
      vertex 74.6314 27.948 20.0969
    endloop
  endfacet
  facet normal -0.896828 0.3128 0.312818
    outer loop
      vertex 75.4289 26.2867 18.4356
      vertex 75.5244 24.7265 20.2695
      vertex 75.5244 26.4236 18.5725
    endloop
  endfacet
  facet normal -0.896828 0.3128 0.312818
    outer loop
      vertex 75.5244 24.7265 20.2695
      vertex 75.4289 26.2867 18.4356
      vertex 75.4289 24.5896 20.1326
    endloop
  endfacet
  facet normal 0.997863 0.0462064 0.0462064
    outer loop
      vertex 72.35 25.173 20.716
      vertex 72.3641 26.7178 18.8667
      vertex 72.35 26.8701 19.0189
    endloop
  endfacet
  facet normal 0.997864 0.04619 0.0461927
    outer loop
      vertex 72.3641 26.7178 18.8667
      vertex 72.35 25.173 20.716
      vertex 72.3641 25.0207 20.5637
    endloop
  endfacet
  facet normal -0.194699 -0.693595 -0.693554
    outer loop
      vertex 74.2154 26.3297 21.8727
      vertex 74.427 27.997 20.1459
      vertex 74.427 26.3 21.843
    endloop
  endfacet
  facet normal -0.19533 -0.693466 -0.693507
    outer loop
      vertex 74.427 27.997 20.1459
      vertex 74.2154 26.3297 21.8727
      vertex 74.2154 28.0268 20.1757
    endloop
  endfacet
  facet normal 0.751878 0.466183 0.466211
    outer loop
      vertex 72.691 24.4627 20.0057
      vertex 72.8333 26.0451 18.1939
      vertex 72.691 26.1598 18.3087
    endloop
  endfacet
  facet normal 0.751736 0.466312 0.466312
    outer loop
      vertex 72.8333 26.0451 18.1939
      vertex 72.691 24.4627 20.0057
      vertex 72.8333 24.348 19.891
    endloop
  endfacet
  facet normal -0.555529 0.587974 0.58794
    outer loop
      vertex 75.0045 25.9444 18.0933
      vertex 74.825 24.1626 19.7056
      vertex 75.0045 24.2474 19.7904
    endloop
  endfacet
  facet normal -0.555529 0.587974 0.58794
    outer loop
      vertex 74.825 24.1626 19.7056
      vertex 75.0045 25.9444 18.0933
      vertex 74.825 25.8596 18.0085
    endloop
  endfacet
  facet normal -0.194699 0.693554 0.693595
    outer loop
      vertex 74.427 25.7431 17.892
      vertex 74.2154 24.0163 19.5593
      vertex 74.427 24.046 19.589
    endloop
  endfacet
  facet normal -0.19533 0.693507 0.693466
    outer loop
      vertex 74.2154 24.0163 19.5593
      vertex 74.427 25.7431 17.892
      vertex 74.2154 25.7133 17.8622
    endloop
  endfacet
  facet normal -0.946886 -0.22739 -0.227377
    outer loop
      vertex 75.5938 27.172 19.3209
      vertex 75.5244 25.6195 21.1625
      vertex 75.5244 27.3165 19.4654
    endloop
  endfacet
  facet normal -0.946886 -0.22739 -0.227377
    outer loop
      vertex 75.5244 25.6195 21.1625
      vertex 75.5938 27.172 19.3209
      vertex 75.5938 25.475 21.018
    endloop
  endfacet
  facet normal -0.896828 -0.312818 -0.3128
    outer loop
      vertex 75.5244 27.3165 19.4654
      vertex 75.4289 25.7564 21.2994
      vertex 75.4289 27.4534 19.6023
    endloop
  endfacet
  facet normal -0.896828 -0.312818 -0.3128
    outer loop
      vertex 75.4289 25.7564 21.2994
      vertex 75.5244 27.3165 19.4654
      vertex 75.5244 25.6195 21.1625
    endloop
  endfacet
  facet normal -0.997863 -0.0462078 -0.0462051
    outer loop
      vertex 75.65 26.8701 19.0189
      vertex 75.6359 25.3253 20.8683
      vertex 75.6359 27.0223 19.1712
    endloop
  endfacet
  facet normal -0.997864 -0.0461913 -0.0461913
    outer loop
      vertex 75.6359 25.3253 20.8683
      vertex 75.65 26.8701 19.0189
      vertex 75.65 25.173 20.716
    endloop
  endfacet
  facet normal -0.751878 0.466183 0.466211
    outer loop
      vertex 75.1667 26.0451 18.1939
      vertex 75.309 24.4627 20.0057
      vertex 75.309 26.1598 18.3087
    endloop
  endfacet
  facet normal -0.751736 0.466312 0.466312
    outer loop
      vertex 75.309 24.4627 20.0057
      vertex 75.1667 26.0451 18.1939
      vertex 75.1667 24.348 19.891
    endloop
  endfacet
  facet normal 0.659595 0.531477 0.531477
    outer loop
      vertex 72.8333 24.348 19.891
      vertex 72.9955 25.9444 18.0933
      vertex 72.8333 26.0451 18.1939
    endloop
  endfacet
  facet normal 0.659409 0.531607 0.531576
    outer loop
      vertex 72.9955 25.9444 18.0933
      vertex 72.8333 24.348 19.891
      vertex 72.9955 24.2474 19.7904
    endloop
  endfacet
  facet normal 0.194699 0.693554 0.693595
    outer loop
      vertex 73.7846 24.0163 19.5593
      vertex 73.573 25.7431 17.892
      vertex 73.573 24.046 19.589
    endloop
  endfacet
  facet normal 0.19533 0.693507 0.693466
    outer loop
      vertex 73.573 25.7431 17.892
      vertex 73.7846 24.0163 19.5593
      vertex 73.7846 25.7133 17.8622
    endloop
  endfacet
  facet normal -0.659595 -0.531461 -0.531492
    outer loop
      vertex 75.1667 27.6951 19.8439
      vertex 75.0045 26.0986 21.6416
      vertex 75.0045 27.7957 19.9446
    endloop
  endfacet
  facet normal -0.659409 -0.531592 -0.531592
    outer loop
      vertex 75.0045 26.0986 21.6416
      vertex 75.1667 27.6951 19.8439
      vertex 75.1667 25.998 21.541
    endloop
  endfacet
  facet normal 0.751878 -0.466197 -0.466197
    outer loop
      vertex 72.8333 25.998 21.541
      vertex 72.691 27.5803 19.7292
      vertex 72.8333 27.6951 19.8439
    endloop
  endfacet
  facet normal 0.751736 -0.466326 -0.466298
    outer loop
      vertex 72.691 27.5803 19.7292
      vertex 72.8333 25.998 21.541
      vertex 72.691 25.8833 21.4263
    endloop
  endfacet
  facet normal 0.442238 0.634221 0.634184
    outer loop
      vertex 73.3686 24.0951 19.6381
      vertex 73.175 25.8596 18.0085
      vertex 73.175 24.1626 19.7056
    endloop
  endfacet
  facet normal 0.442238 0.634221 0.634184
    outer loop
      vertex 73.175 25.8596 18.0085
      vertex 73.3686 24.0951 19.6381
      vertex 73.3686 25.7921 17.941
    endloop
  endfacet
  facet normal -0.555529 -0.58794 -0.587974
    outer loop
      vertex 74.825 27.8805 20.0294
      vertex 75.0045 26.0986 21.6416
      vertex 74.825 26.1834 21.7264
    endloop
  endfacet
  facet normal -0.555529 -0.58794 -0.587974
    outer loop
      vertex 75.0045 26.0986 21.6416
      vertex 74.825 27.8805 20.0294
      vertex 75.0045 27.7957 19.9446
    endloop
  endfacet
  facet normal -0.659595 0.531477 0.531477
    outer loop
      vertex 75.0045 25.9444 18.0933
      vertex 75.1667 24.348 19.891
      vertex 75.1667 26.0451 18.1939
    endloop
  endfacet
  facet normal -0.659409 0.531607 0.531576
    outer loop
      vertex 75.1667 24.348 19.891
      vertex 75.0045 25.9444 18.0933
      vertex 75.0045 24.2474 19.7904
    endloop
  endfacet
  facet normal -0.831499 0.392805 0.392828
    outer loop
      vertex 75.309 26.1598 18.3087
      vertex 75.4289 24.5896 20.1326
      vertex 75.4289 26.2867 18.4356
    endloop
  endfacet
  facet normal -0.831499 0.392805 0.392828
    outer loop
      vertex 75.4289 24.5896 20.1326
      vertex 75.309 26.1598 18.3087
      vertex 75.309 24.4627 20.0057
    endloop
  endfacet
  facet normal -0.442238 0.634221 0.634184
    outer loop
      vertex 74.825 25.8596 18.0085
      vertex 74.6314 24.0951 19.6381
      vertex 74.825 24.1626 19.7056
    endloop
  endfacet
  facet normal -0.442238 0.634221 0.634184
    outer loop
      vertex 74.6314 24.0951 19.6381
      vertex 74.825 25.8596 18.0085
      vertex 74.6314 25.7921 17.941
    endloop
  endfacet
  facet normal -0.980795 -0.137918 -0.13791
    outer loop
      vertex 75.6359 27.0223 19.1712
      vertex 75.5938 25.475 21.018
      vertex 75.5938 27.172 19.3209
    endloop
  endfacet
  facet normal -0.980795 -0.137918 -0.13791
    outer loop
      vertex 75.5938 25.475 21.018
      vertex 75.6359 27.0223 19.1712
      vertex 75.6359 25.3253 20.8683
    endloop
  endfacet
  facet normal 0.321661 -0.669547 -0.669508
    outer loop
      vertex 73.3686 26.2509 21.7939
      vertex 73.573 27.997 20.1459
      vertex 73.573 26.3 21.843
    endloop
  endfacet
  facet normal 0.321074 -0.669649 -0.669688
    outer loop
      vertex 73.573 27.997 20.1459
      vertex 73.3686 26.2509 21.7939
      vertex 73.3686 27.948 20.0969
    endloop
  endfacet
  facet normal -0.751878 -0.466197 -0.466197
    outer loop
      vertex 75.309 27.5803 19.7292
      vertex 75.1667 25.998 21.541
      vertex 75.1667 27.6951 19.8439
    endloop
  endfacet
  facet normal -0.751736 -0.466326 -0.466298
    outer loop
      vertex 75.1667 25.998 21.541
      vertex 75.309 27.5803 19.7292
      vertex 75.309 25.8833 21.4263
    endloop
  endfacet
  facet normal -0.831499 -0.392828 -0.392805
    outer loop
      vertex 75.4289 27.4534 19.6023
      vertex 75.309 25.8833 21.4263
      vertex 75.309 27.5803 19.7292
    endloop
  endfacet
  facet normal -0.831499 -0.392828 -0.392805
    outer loop
      vertex 75.309 25.8833 21.4263
      vertex 75.4289 27.4534 19.6023
      vertex 75.4289 25.7564 21.2994
    endloop
  endfacet
  facet normal 0.0655142 -0.705567 -0.705608
    outer loop
      vertex 73.7846 26.3297 21.8727
      vertex 74 28.0368 20.1857
      vertex 74 26.3397 21.8827
    endloop
  endfacet
  facet normal 0.0655142 -0.705567 -0.705608
    outer loop
      vertex 74 28.0368 20.1857
      vertex 73.7846 26.3297 21.8727
      vertex 73.7846 28.0268 20.1757
    endloop
  endfacet
  facet normal 0.0655142 0.705608 0.705567
    outer loop
      vertex 73.7846 24.0163 19.5593
      vertex 74 25.7033 17.8522
      vertex 73.7846 25.7133 17.8622
    endloop
  endfacet
  facet normal 0.0655142 0.705608 0.705567
    outer loop
      vertex 74 25.7033 17.8522
      vertex 73.7846 24.0163 19.5593
      vertex 74 24.0063 19.5493
    endloop
  endfacet
  facet normal 0.659595 -0.531461 -0.531492
    outer loop
      vertex 72.9955 26.0986 21.6416
      vertex 72.8333 27.6951 19.8439
      vertex 72.9955 27.7957 19.9446
    endloop
  endfacet
  facet normal 0.659409 -0.531592 -0.531592
    outer loop
      vertex 72.8333 27.6951 19.8439
      vertex 72.9955 26.0986 21.6416
      vertex 72.8333 25.998 21.541
    endloop
  endfacet
  facet normal 0.555529 -0.58794 -0.587974
    outer loop
      vertex 72.9955 26.0986 21.6416
      vertex 73.175 27.8805 20.0294
      vertex 73.175 26.1834 21.7264
    endloop
  endfacet
  facet normal 0.555529 -0.58794 -0.587974
    outer loop
      vertex 73.175 27.8805 20.0294
      vertex 72.9955 26.0986 21.6416
      vertex 72.9955 27.7957 19.9446
    endloop
  endfacet
  facet normal -0.0655142 -0.705567 -0.705608
    outer loop
      vertex 74 28.0368 20.1857
      vertex 74.2154 26.3297 21.8727
      vertex 74 26.3397 21.8827
    endloop
  endfacet
  facet normal -0.0655142 -0.705567 -0.705608
    outer loop
      vertex 74.2154 26.3297 21.8727
      vertex 74 28.0368 20.1857
      vertex 74.2154 28.0268 20.1757
    endloop
  endfacet
  facet normal -0.0655142 0.705608 0.705567
    outer loop
      vertex 74 25.7033 17.8522
      vertex 74.2154 24.0163 19.5593
      vertex 74.2154 25.7133 17.8622
    endloop
  endfacet
  facet normal -0.0655142 0.705608 0.705567
    outer loop
      vertex 74.2154 24.0163 19.5593
      vertex 74 25.7033 17.8522
      vertex 74 24.0063 19.5493
    endloop
  endfacet
  facet normal 0.980795 0.13791 0.137918
    outer loop
      vertex 72.3641 25.0207 20.5637
      vertex 72.4062 26.5681 18.717
      vertex 72.3641 26.7178 18.8667
    endloop
  endfacet
  facet normal 0.980795 0.13791 0.137918
    outer loop
      vertex 72.4062 26.5681 18.717
      vertex 72.3641 25.0207 20.5637
      vertex 72.4062 24.871 20.414
    endloop
  endfacet
  facet normal 0.442238 -0.634184 -0.634221
    outer loop
      vertex 73.175 26.1834 21.7264
      vertex 73.3686 27.948 20.0969
      vertex 73.3686 26.2509 21.7939
    endloop
  endfacet
  facet normal 0.442238 -0.634184 -0.634221
    outer loop
      vertex 73.3686 27.948 20.0969
      vertex 73.175 26.1834 21.7264
      vertex 73.175 27.8805 20.0294
    endloop
  endfacet
  facet normal 0.555529 0.587974 0.58794
    outer loop
      vertex 73.175 24.1626 19.7056
      vertex 72.9955 25.9444 18.0933
      vertex 72.9955 24.2474 19.7904
    endloop
  endfacet
  facet normal 0.555529 0.587974 0.58794
    outer loop
      vertex 72.9955 25.9444 18.0933
      vertex 73.175 24.1626 19.7056
      vertex 73.175 25.8596 18.0085
    endloop
  endfacet
  facet normal 0.321661 0.669547 0.669508
    outer loop
      vertex 73.573 24.046 19.589
      vertex 73.3686 25.7921 17.941
      vertex 73.3686 24.0951 19.6381
    endloop
  endfacet
  facet normal 0.321074 0.669649 0.669688
    outer loop
      vertex 73.3686 25.7921 17.941
      vertex 73.573 24.046 19.589
      vertex 73.573 25.7431 17.892
    endloop
  endfacet
  facet normal 0.194699 -0.693595 -0.693554
    outer loop
      vertex 73.573 27.997 20.1459
      vertex 73.7846 26.3297 21.8727
      vertex 73.573 26.3 21.843
    endloop
  endfacet
  facet normal 0.19533 -0.693466 -0.693507
    outer loop
      vertex 73.7846 26.3297 21.8727
      vertex 73.573 27.997 20.1459
      vertex 73.7846 28.0268 20.1757
    endloop
  endfacet
  facet normal 0.946886 0.227377 0.22739
    outer loop
      vertex 72.4062 24.871 20.414
      vertex 72.4756 26.4236 18.5725
      vertex 72.4062 26.5681 18.717
    endloop
  endfacet
  facet normal 0.946886 0.227377 0.22739
    outer loop
      vertex 72.4756 26.4236 18.5725
      vertex 72.4062 24.871 20.414
      vertex 72.4756 24.7265 20.2695
    endloop
  endfacet
  facet normal 0.831499 0.392805 0.392828
    outer loop
      vertex 72.5711 24.5896 20.1326
      vertex 72.691 26.1598 18.3087
      vertex 72.5711 26.2867 18.4356
    endloop
  endfacet
  facet normal 0.831499 0.392805 0.392828
    outer loop
      vertex 72.691 26.1598 18.3087
      vertex 72.5711 24.5896 20.1326
      vertex 72.691 24.4627 20.0057
    endloop
  endfacet
  facet normal 0.946886 -0.22739 -0.227377
    outer loop
      vertex 72.4756 25.6195 21.1625
      vertex 72.4062 27.172 19.3209
      vertex 72.4756 27.3165 19.4654
    endloop
  endfacet
  facet normal 0.946886 -0.22739 -0.227377
    outer loop
      vertex 72.4062 27.172 19.3209
      vertex 72.4756 25.6195 21.1625
      vertex 72.4062 25.475 21.018
    endloop
  endfacet
  facet normal 0.896828 0.3128 0.312818
    outer loop
      vertex 72.4756 24.7265 20.2695
      vertex 72.5711 26.2867 18.4356
      vertex 72.4756 26.4236 18.5725
    endloop
  endfacet
  facet normal 0.896828 0.3128 0.312818
    outer loop
      vertex 72.5711 26.2867 18.4356
      vertex 72.4756 24.7265 20.2695
      vertex 72.5711 24.5896 20.1326
    endloop
  endfacet
  facet normal -0.980795 0.13791 0.137918
    outer loop
      vertex 99.5938 61.2163 53.3652
      vertex 99.6359 59.6689 55.2119
      vertex 99.6359 61.366 53.5149
    endloop
  endfacet
  facet normal -0.98077 0.138007 0.137999
    outer loop
      vertex 99.6359 59.6689 55.2119
      vertex 99.5938 61.2163 53.3652
      vertex 99.5938 59.5193 55.0623
    endloop
  endfacet
  facet normal -0.997864 0.04619 0.0461927
    outer loop
      vertex 99.6359 61.366 53.5149
      vertex 99.65 59.8212 55.3642
      vertex 99.65 61.5183 53.6672
    endloop
  endfacet
  facet normal -0.997864 0.04619 0.0461927
    outer loop
      vertex 99.65 59.8212 55.3642
      vertex 99.6359 61.366 53.5149
      vertex 99.6359 59.6689 55.2119
    endloop
  endfacet
  facet normal -0.946886 0.22739 0.227377
    outer loop
      vertex 99.5244 61.0718 53.2207
      vertex 99.5938 59.5193 55.0623
      vertex 99.5938 61.2163 53.3652
    endloop
  endfacet
  facet normal -0.94692 0.227313 0.227313
    outer loop
      vertex 99.5938 59.5193 55.0623
      vertex 99.5244 61.0718 53.2207
      vertex 99.5244 59.3747 54.9178
    endloop
  endfacet
  facet normal 0.997864 -0.04619 -0.0461927
    outer loop
      vertex 96.3641 59.9735 55.5165
      vertex 96.35 61.5183 53.6672
      vertex 96.3641 61.6706 53.8195
    endloop
  endfacet
  facet normal 0.997864 -0.04619 -0.0461927
    outer loop
      vertex 96.35 61.5183 53.6672
      vertex 96.3641 59.9735 55.5165
      vertex 96.35 59.8212 55.3642
    endloop
  endfacet
  facet normal 0.831398 -0.392935 -0.392912
    outer loop
      vertex 96.691 60.5315 56.0745
      vertex 96.5711 62.1017 54.2505
      vertex 96.691 62.2285 54.3774
    endloop
  endfacet
  facet normal 0.831499 -0.392816 -0.392816
    outer loop
      vertex 96.5711 62.1017 54.2505
      vertex 96.691 60.5315 56.0745
      vertex 96.5711 60.4046 55.9476
    endloop
  endfacet
  facet normal 0.980795 -0.13791 -0.137918
    outer loop
      vertex 96.4062 60.1232 55.6662
      vertex 96.3641 61.6706 53.8195
      vertex 96.4062 61.8203 53.9692
    endloop
  endfacet
  facet normal 0.980795 -0.13791 -0.137918
    outer loop
      vertex 96.3641 61.6706 53.8195
      vertex 96.4062 60.1232 55.6662
      vertex 96.3641 59.9735 55.5165
    endloop
  endfacet
  facet normal 0.896764 -0.312901 -0.312901
    outer loop
      vertex 96.5711 60.4046 55.9476
      vertex 96.4756 61.9648 54.1137
      vertex 96.5711 62.1017 54.2505
    endloop
  endfacet
  facet normal 0.896828 -0.3128 -0.312818
    outer loop
      vertex 96.4756 61.9648 54.1137
      vertex 96.5711 60.4046 55.9476
      vertex 96.4756 60.2677 55.8107
    endloop
  endfacet
  facet normal -0.321074 0.669649 0.669688
    outer loop
      vertex 98.6314 60.4404 52.5893
      vertex 98.427 58.6943 54.2373
      vertex 98.6314 58.7433 54.2863
    endloop
  endfacet
  facet normal -0.321661 0.669547 0.669508
    outer loop
      vertex 98.427 58.6943 54.2373
      vertex 98.6314 60.4404 52.5893
      vertex 98.427 60.3913 52.5402
    endloop
  endfacet
  facet normal -0.442238 -0.634202 -0.634202
    outer loop
      vertex 98.6314 60.8991 56.4422
      vertex 98.825 62.5287 54.6776
      vertex 98.825 60.8316 56.3747
    endloop
  endfacet
  facet normal -0.442238 -0.634202 -0.634202
    outer loop
      vertex 98.825 62.5287 54.6776
      vertex 98.6314 60.8991 56.4422
      vertex 98.6314 62.5962 54.7451
    endloop
  endfacet
  facet normal -0.321368 -0.669578 -0.669618
    outer loop
      vertex 98.427 62.6453 54.7942
      vertex 98.6314 60.8991 56.4422
      vertex 98.427 60.9482 56.4912
    endloop
  endfacet
  facet normal -0.321661 -0.669527 -0.669527
    outer loop
      vertex 98.6314 60.8991 56.4422
      vertex 98.427 62.6453 54.7942
      vertex 98.6314 62.5962 54.7451
    endloop
  endfacet
  facet normal -0.896828 0.312809 0.312809
    outer loop
      vertex 99.4289 60.9349 53.0838
      vertex 99.5244 59.3747 54.9178
      vertex 99.5244 61.0718 53.2207
    endloop
  endfacet
  facet normal -0.896764 0.31291 0.312892
    outer loop
      vertex 99.5244 59.3747 54.9178
      vertex 99.4289 60.9349 53.0838
      vertex 99.4289 59.2379 54.7809
    endloop
  endfacet
  facet normal 0.997864 0.04619 0.0461927
    outer loop
      vertex 96.35 59.8212 55.3642
      vertex 96.3641 61.366 53.5149
      vertex 96.35 61.5183 53.6672
    endloop
  endfacet
  facet normal 0.997864 0.04619 0.0461927
    outer loop
      vertex 96.3641 61.366 53.5149
      vertex 96.35 59.8212 55.3642
      vertex 96.3641 59.6689 55.2119
    endloop
  endfacet
  facet normal -0.19533 -0.693466 -0.693507
    outer loop
      vertex 98.2154 60.978 56.521
      vertex 98.427 62.6453 54.7942
      vertex 98.427 60.9482 56.4912
    endloop
  endfacet
  facet normal -0.194699 -0.693595 -0.693554
    outer loop
      vertex 98.427 62.6453 54.7942
      vertex 98.2154 60.978 56.521
      vertex 98.2154 62.675 54.8239
    endloop
  endfacet
  facet normal 0.751736 0.466326 0.466298
    outer loop
      vertex 96.691 59.111 54.654
      vertex 96.8333 60.6933 52.8422
      vertex 96.691 60.808 52.9569
    endloop
  endfacet
  facet normal 0.75202 0.466069 0.466096
    outer loop
      vertex 96.8333 60.6933 52.8422
      vertex 96.691 59.111 54.654
      vertex 96.8333 58.9962 54.5392
    endloop
  endfacet
  facet normal -0.555529 0.58794 0.587974
    outer loop
      vertex 99.0045 60.5927 52.7416
      vertex 98.825 58.8108 54.3538
      vertex 99.0045 58.8956 54.4386
    endloop
  endfacet
  facet normal -0.555529 0.58794 0.587974
    outer loop
      vertex 98.825 58.8108 54.3538
      vertex 99.0045 60.5927 52.7416
      vertex 98.825 60.5079 52.6568
    endloop
  endfacet
  facet normal -0.19533 0.693507 0.693466
    outer loop
      vertex 98.2154 60.3615 52.5104
      vertex 98.427 58.6943 54.2373
      vertex 98.427 60.3913 52.5402
    endloop
  endfacet
  facet normal -0.19533 0.693507 0.693466
    outer loop
      vertex 98.427 58.6943 54.2373
      vertex 98.2154 60.3615 52.5104
      vertex 98.2154 58.6645 54.2075
    endloop
  endfacet
  facet normal -0.946886 -0.227377 -0.22739
    outer loop
      vertex 99.5938 61.8203 53.9692
      vertex 99.5244 60.2677 55.8107
      vertex 99.5244 61.9648 54.1137
    endloop
  endfacet
  facet normal -0.946886 -0.227377 -0.22739
    outer loop
      vertex 99.5244 60.2677 55.8107
      vertex 99.5938 61.8203 53.9692
      vertex 99.5938 60.1232 55.6662
    endloop
  endfacet
  facet normal -0.896764 -0.312901 -0.312901
    outer loop
      vertex 99.5244 61.9648 54.1137
      vertex 99.4289 60.4046 55.9476
      vertex 99.4289 62.1017 54.2505
    endloop
  endfacet
  facet normal -0.896828 -0.3128 -0.312818
    outer loop
      vertex 99.4289 60.4046 55.9476
      vertex 99.5244 61.9648 54.1137
      vertex 99.5244 60.2677 55.8107
    endloop
  endfacet
  facet normal -0.997864 -0.04619 -0.0461927
    outer loop
      vertex 99.65 61.5183 53.6672
      vertex 99.6359 59.9735 55.5165
      vertex 99.6359 61.6706 53.8195
    endloop
  endfacet
  facet normal -0.997864 -0.04619 -0.0461927
    outer loop
      vertex 99.6359 59.9735 55.5165
      vertex 99.65 61.5183 53.6672
      vertex 99.65 59.8212 55.3642
    endloop
  endfacet
  facet normal -0.751736 0.466326 0.466298
    outer loop
      vertex 99.1667 60.6933 52.8422
      vertex 99.309 59.111 54.654
      vertex 99.309 60.808 52.9569
    endloop
  endfacet
  facet normal -0.75202 0.466069 0.466096
    outer loop
      vertex 99.309 59.111 54.654
      vertex 99.1667 60.6933 52.8422
      vertex 99.1667 58.9962 54.5392
    endloop
  endfacet
  facet normal 0.659409 0.531576 0.531607
    outer loop
      vertex 96.8333 58.9962 54.5392
      vertex 96.9955 60.5927 52.7416
      vertex 96.8333 60.6933 52.8422
    endloop
  endfacet
  facet normal 0.659409 0.531576 0.531607
    outer loop
      vertex 96.9955 60.5927 52.7416
      vertex 96.8333 58.9962 54.5392
      vertex 96.9955 58.8956 54.4386
    endloop
  endfacet
  facet normal 0.19533 0.693507 0.693466
    outer loop
      vertex 97.573 58.6943 54.2373
      vertex 97.7846 60.3615 52.5104
      vertex 97.573 60.3913 52.5402
    endloop
  endfacet
  facet normal 0.19533 0.693507 0.693466
    outer loop
      vertex 97.7846 60.3615 52.5104
      vertex 97.573 58.6943 54.2373
      vertex 97.7846 58.6645 54.2075
    endloop
  endfacet
  facet normal -0.659409 -0.531607 -0.531576
    outer loop
      vertex 99.1667 62.3433 54.4922
      vertex 99.0045 60.7469 56.2899
      vertex 99.0045 62.4439 54.5928
    endloop
  endfacet
  facet normal -0.65978 -0.531346 -0.531377
    outer loop
      vertex 99.0045 60.7469 56.2899
      vertex 99.1667 62.3433 54.4922
      vertex 99.1667 60.6462 56.1892
    endloop
  endfacet
  facet normal 0.75202 -0.466069 -0.466096
    outer loop
      vertex 96.8333 60.6462 56.1892
      vertex 96.691 62.2285 54.3774
      vertex 96.8333 62.3433 54.4922
    endloop
  endfacet
  facet normal 0.751736 -0.466326 -0.466298
    outer loop
      vertex 96.691 62.2285 54.3774
      vertex 96.8333 60.6462 56.1892
      vertex 96.691 60.5315 56.0745
    endloop
  endfacet
  facet normal 0.442238 0.634184 0.634221
    outer loop
      vertex 97.175 58.8108 54.3538
      vertex 97.3686 60.4404 52.5893
      vertex 97.175 60.5079 52.6568
    endloop
  endfacet
  facet normal 0.442238 0.634184 0.634221
    outer loop
      vertex 97.3686 60.4404 52.5893
      vertex 97.175 58.8108 54.3538
      vertex 97.3686 58.7433 54.2863
    endloop
  endfacet
  facet normal -0.555303 -0.588064 -0.588064
    outer loop
      vertex 98.825 62.5287 54.6776
      vertex 99.0045 60.7469 56.2899
      vertex 98.825 60.8316 56.3747
    endloop
  endfacet
  facet normal -0.555529 -0.587974 -0.58794
    outer loop
      vertex 99.0045 60.7469 56.2899
      vertex 98.825 62.5287 54.6776
      vertex 99.0045 62.4439 54.5928
    endloop
  endfacet
  facet normal -0.659409 0.531576 0.531607
    outer loop
      vertex 99.0045 60.5927 52.7416
      vertex 99.1667 58.9962 54.5392
      vertex 99.1667 60.6933 52.8422
    endloop
  endfacet
  facet normal -0.659409 0.531576 0.531607
    outer loop
      vertex 99.1667 58.9962 54.5392
      vertex 99.0045 60.5927 52.7416
      vertex 99.0045 58.8956 54.4386
    endloop
  endfacet
  facet normal -0.831499 0.392828 0.392805
    outer loop
      vertex 99.309 60.808 52.9569
      vertex 99.4289 59.2379 54.7809
      vertex 99.4289 60.9349 53.0838
    endloop
  endfacet
  facet normal -0.831499 0.392828 0.392805
    outer loop
      vertex 99.4289 59.2379 54.7809
      vertex 99.309 60.808 52.9569
      vertex 99.309 59.111 54.654
    endloop
  endfacet
  facet normal -0.442238 0.634184 0.634221
    outer loop
      vertex 98.6314 60.4404 52.5893
      vertex 98.825 58.8108 54.3538
      vertex 98.825 60.5079 52.6568
    endloop
  endfacet
  facet normal -0.442238 0.634184 0.634221
    outer loop
      vertex 98.825 58.8108 54.3538
      vertex 98.6314 60.4404 52.5893
      vertex 98.6314 58.7433 54.2863
    endloop
  endfacet
  facet normal -0.980795 -0.13791 -0.137918
    outer loop
      vertex 99.6359 61.6706 53.8195
      vertex 99.5938 60.1232 55.6662
      vertex 99.5938 61.8203 53.9692
    endloop
  endfacet
  facet normal -0.980795 -0.13791 -0.137918
    outer loop
      vertex 99.5938 60.1232 55.6662
      vertex 99.6359 61.6706 53.8195
      vertex 99.6359 59.9735 55.5165
    endloop
  endfacet
  facet normal 0.321368 -0.669578 -0.669618
    outer loop
      vertex 97.3686 60.8991 56.4422
      vertex 97.573 62.6453 54.7942
      vertex 97.573 60.9482 56.4912
    endloop
  endfacet
  facet normal 0.321661 -0.669527 -0.669527
    outer loop
      vertex 97.573 62.6453 54.7942
      vertex 97.3686 60.8991 56.4422
      vertex 97.3686 62.5962 54.7451
    endloop
  endfacet
  facet normal -0.75202 -0.466069 -0.466096
    outer loop
      vertex 99.309 62.2285 54.3774
      vertex 99.1667 60.6462 56.1892
      vertex 99.1667 62.3433 54.4922
    endloop
  endfacet
  facet normal -0.751736 -0.466326 -0.466298
    outer loop
      vertex 99.1667 60.6462 56.1892
      vertex 99.309 62.2285 54.3774
      vertex 99.309 60.5315 56.0745
    endloop
  endfacet
  facet normal -0.831398 -0.392935 -0.392912
    outer loop
      vertex 99.4289 62.1017 54.2505
      vertex 99.309 60.5315 56.0745
      vertex 99.309 62.2285 54.3774
    endloop
  endfacet
  facet normal -0.831499 -0.392816 -0.392816
    outer loop
      vertex 99.309 60.5315 56.0745
      vertex 99.4289 62.1017 54.2505
      vertex 99.4289 60.4046 55.9476
    endloop
  endfacet
  facet normal 0.0655142 -0.705608 -0.705567
    outer loop
      vertex 97.7846 60.978 56.521
      vertex 98 62.685 54.8339
      vertex 98 60.988 56.531
    endloop
  endfacet
  facet normal 0.0655142 -0.705608 -0.705567
    outer loop
      vertex 98 62.685 54.8339
      vertex 97.7846 60.978 56.521
      vertex 97.7846 62.675 54.8239
    endloop
  endfacet
  facet normal 0.0655142 0.705608 0.705567
    outer loop
      vertex 98 58.6545 54.1975
      vertex 97.7846 60.3615 52.5104
      vertex 97.7846 58.6645 54.2075
    endloop
  endfacet
  facet normal 0.0648618 0.705597 0.705639
    outer loop
      vertex 97.7846 60.3615 52.5104
      vertex 98 58.6545 54.1975
      vertex 98 60.3516 52.5005
    endloop
  endfacet
  facet normal 0.659409 -0.531607 -0.531576
    outer loop
      vertex 96.9955 60.7469 56.2899
      vertex 96.8333 62.3433 54.4922
      vertex 96.9955 62.4439 54.5928
    endloop
  endfacet
  facet normal 0.65978 -0.531346 -0.531377
    outer loop
      vertex 96.8333 62.3433 54.4922
      vertex 96.9955 60.7469 56.2899
      vertex 96.8333 60.6462 56.1892
    endloop
  endfacet
  facet normal 0.555303 -0.588064 -0.588064
    outer loop
      vertex 96.9955 60.7469 56.2899
      vertex 97.175 62.5287 54.6776
      vertex 97.175 60.8316 56.3747
    endloop
  endfacet
  facet normal 0.555529 -0.587974 -0.58794
    outer loop
      vertex 97.175 62.5287 54.6776
      vertex 96.9955 60.7469 56.2899
      vertex 96.9955 62.4439 54.5928
    endloop
  endfacet
  facet normal -0.0655142 -0.705608 -0.705567
    outer loop
      vertex 98 62.685 54.8339
      vertex 98.2154 60.978 56.521
      vertex 98 60.988 56.531
    endloop
  endfacet
  facet normal -0.0655142 -0.705608 -0.705567
    outer loop
      vertex 98.2154 60.978 56.521
      vertex 98 62.685 54.8339
      vertex 98.2154 62.675 54.8239
    endloop
  endfacet
  facet normal -0.0655142 0.705608 0.705567
    outer loop
      vertex 98.2154 60.3615 52.5104
      vertex 98 58.6545 54.1975
      vertex 98.2154 58.6645 54.2075
    endloop
  endfacet
  facet normal -0.0648618 0.705597 0.705639
    outer loop
      vertex 98 58.6545 54.1975
      vertex 98.2154 60.3615 52.5104
      vertex 98 60.3516 52.5005
    endloop
  endfacet
  facet normal 0.980795 0.13791 0.137918
    outer loop
      vertex 96.3641 59.6689 55.2119
      vertex 96.4062 61.2163 53.3652
      vertex 96.3641 61.366 53.5149
    endloop
  endfacet
  facet normal 0.98077 0.138007 0.137999
    outer loop
      vertex 96.4062 61.2163 53.3652
      vertex 96.3641 59.6689 55.2119
      vertex 96.4062 59.5193 55.0623
    endloop
  endfacet
  facet normal 0.442238 -0.634202 -0.634202
    outer loop
      vertex 97.175 62.5287 54.6776
      vertex 97.3686 60.8991 56.4422
      vertex 97.175 60.8316 56.3747
    endloop
  endfacet
  facet normal 0.442238 -0.634202 -0.634202
    outer loop
      vertex 97.3686 60.8991 56.4422
      vertex 97.175 62.5287 54.6776
      vertex 97.3686 62.5962 54.7451
    endloop
  endfacet
  facet normal 0.555529 0.58794 0.587974
    outer loop
      vertex 97.175 58.8108 54.3538
      vertex 96.9955 60.5927 52.7416
      vertex 96.9955 58.8956 54.4386
    endloop
  endfacet
  facet normal 0.555529 0.58794 0.587974
    outer loop
      vertex 96.9955 60.5927 52.7416
      vertex 97.175 58.8108 54.3538
      vertex 97.175 60.5079 52.6568
    endloop
  endfacet
  facet normal 0.321074 0.669649 0.669688
    outer loop
      vertex 97.573 58.6943 54.2373
      vertex 97.3686 60.4404 52.5893
      vertex 97.3686 58.7433 54.2863
    endloop
  endfacet
  facet normal 0.321661 0.669547 0.669508
    outer loop
      vertex 97.3686 60.4404 52.5893
      vertex 97.573 58.6943 54.2373
      vertex 97.573 60.3913 52.5402
    endloop
  endfacet
  facet normal 0.19533 -0.693466 -0.693507
    outer loop
      vertex 97.573 62.6453 54.7942
      vertex 97.7846 60.978 56.521
      vertex 97.573 60.9482 56.4912
    endloop
  endfacet
  facet normal 0.194699 -0.693595 -0.693554
    outer loop
      vertex 97.7846 60.978 56.521
      vertex 97.573 62.6453 54.7942
      vertex 97.7846 62.675 54.8239
    endloop
  endfacet
  facet normal 0.946886 0.22739 0.227377
    outer loop
      vertex 96.4062 59.5193 55.0623
      vertex 96.4756 61.0718 53.2207
      vertex 96.4062 61.2163 53.3652
    endloop
  endfacet
  facet normal 0.94692 0.227313 0.227313
    outer loop
      vertex 96.4756 61.0718 53.2207
      vertex 96.4062 59.5193 55.0623
      vertex 96.4756 59.3747 54.9178
    endloop
  endfacet
  facet normal 0.831499 0.392828 0.392805
    outer loop
      vertex 96.5711 59.2379 54.7809
      vertex 96.691 60.808 52.9569
      vertex 96.5711 60.9349 53.0838
    endloop
  endfacet
  facet normal 0.831499 0.392828 0.392805
    outer loop
      vertex 96.691 60.808 52.9569
      vertex 96.5711 59.2379 54.7809
      vertex 96.691 59.111 54.654
    endloop
  endfacet
  facet normal 0.946886 -0.227377 -0.22739
    outer loop
      vertex 96.4756 60.2677 55.8107
      vertex 96.4062 61.8203 53.9692
      vertex 96.4756 61.9648 54.1137
    endloop
  endfacet
  facet normal 0.946886 -0.227377 -0.22739
    outer loop
      vertex 96.4062 61.8203 53.9692
      vertex 96.4756 60.2677 55.8107
      vertex 96.4062 60.1232 55.6662
    endloop
  endfacet
  facet normal 0.896828 0.312809 0.312809
    outer loop
      vertex 96.4756 59.3747 54.9178
      vertex 96.5711 60.9349 53.0838
      vertex 96.4756 61.0718 53.2207
    endloop
  endfacet
  facet normal 0.896764 0.31291 0.312892
    outer loop
      vertex 96.5711 60.9349 53.0838
      vertex 96.4756 59.3747 54.9178
      vertex 96.5711 59.2379 54.7809
    endloop
  endfacet
  facet normal -0.980795 0.13791 0.137918
    outer loop
      vertex 99.5938 26.5681 18.717
      vertex 99.6359 25.0207 20.5637
      vertex 99.6359 26.7178 18.8667
    endloop
  endfacet
  facet normal -0.980795 0.13791 0.137918
    outer loop
      vertex 99.6359 25.0207 20.5637
      vertex 99.5938 26.5681 18.717
      vertex 99.5938 24.871 20.414
    endloop
  endfacet
  facet normal -0.997863 0.0462064 0.0462064
    outer loop
      vertex 99.6359 26.7178 18.8667
      vertex 99.65 25.173 20.716
      vertex 99.65 26.8701 19.0189
    endloop
  endfacet
  facet normal -0.997864 0.04619 0.0461927
    outer loop
      vertex 99.65 25.173 20.716
      vertex 99.6359 26.7178 18.8667
      vertex 99.6359 25.0207 20.5637
    endloop
  endfacet
  facet normal -0.946886 0.227377 0.22739
    outer loop
      vertex 99.5244 26.4236 18.5725
      vertex 99.5938 24.871 20.414
      vertex 99.5938 26.5681 18.717
    endloop
  endfacet
  facet normal -0.946886 0.227377 0.22739
    outer loop
      vertex 99.5938 24.871 20.414
      vertex 99.5244 26.4236 18.5725
      vertex 99.5244 24.7265 20.2695
    endloop
  endfacet
  facet normal 0.997863 -0.0462078 -0.0462051
    outer loop
      vertex 96.3641 25.3253 20.8683
      vertex 96.35 26.8701 19.0189
      vertex 96.3641 27.0223 19.1712
    endloop
  endfacet
  facet normal 0.997864 -0.0461913 -0.0461913
    outer loop
      vertex 96.35 26.8701 19.0189
      vertex 96.3641 25.3253 20.8683
      vertex 96.35 25.173 20.716
    endloop
  endfacet
  facet normal 0.831499 -0.392828 -0.392805
    outer loop
      vertex 96.691 25.8833 21.4263
      vertex 96.5711 27.4534 19.6023
      vertex 96.691 27.5803 19.7292
    endloop
  endfacet
  facet normal 0.831499 -0.392828 -0.392805
    outer loop
      vertex 96.5711 27.4534 19.6023
      vertex 96.691 25.8833 21.4263
      vertex 96.5711 25.7564 21.2994
    endloop
  endfacet
  facet normal 0.980795 -0.137918 -0.13791
    outer loop
      vertex 96.4062 25.475 21.018
      vertex 96.3641 27.0223 19.1712
      vertex 96.4062 27.172 19.3209
    endloop
  endfacet
  facet normal 0.980795 -0.137918 -0.13791
    outer loop
      vertex 96.3641 27.0223 19.1712
      vertex 96.4062 25.475 21.018
      vertex 96.3641 25.3253 20.8683
    endloop
  endfacet
  facet normal 0.896828 -0.312818 -0.3128
    outer loop
      vertex 96.5711 25.7564 21.2994
      vertex 96.4756 27.3165 19.4654
      vertex 96.5711 27.4534 19.6023
    endloop
  endfacet
  facet normal 0.896828 -0.312818 -0.3128
    outer loop
      vertex 96.4756 27.3165 19.4654
      vertex 96.5711 25.7564 21.2994
      vertex 96.4756 25.6195 21.1625
    endloop
  endfacet
  facet normal -0.321661 0.669547 0.669508
    outer loop
      vertex 98.6314 25.7921 17.941
      vertex 98.427 24.046 19.589
      vertex 98.6314 24.0951 19.6381
    endloop
  endfacet
  facet normal -0.321074 0.669649 0.669688
    outer loop
      vertex 98.427 24.046 19.589
      vertex 98.6314 25.7921 17.941
      vertex 98.427 25.7431 17.892
    endloop
  endfacet
  facet normal -0.442238 -0.634184 -0.634221
    outer loop
      vertex 98.6314 27.948 20.0969
      vertex 98.825 26.1834 21.7264
      vertex 98.6314 26.2509 21.7939
    endloop
  endfacet
  facet normal -0.442238 -0.634184 -0.634221
    outer loop
      vertex 98.825 26.1834 21.7264
      vertex 98.6314 27.948 20.0969
      vertex 98.825 27.8805 20.0294
    endloop
  endfacet
  facet normal -0.321661 -0.669547 -0.669508
    outer loop
      vertex 98.427 27.997 20.1459
      vertex 98.6314 26.2509 21.7939
      vertex 98.427 26.3 21.843
    endloop
  endfacet
  facet normal -0.321074 -0.669649 -0.669688
    outer loop
      vertex 98.6314 26.2509 21.7939
      vertex 98.427 27.997 20.1459
      vertex 98.6314 27.948 20.0969
    endloop
  endfacet
  facet normal -0.896828 0.3128 0.312818
    outer loop
      vertex 99.4289 26.2867 18.4356
      vertex 99.5244 24.7265 20.2695
      vertex 99.5244 26.4236 18.5725
    endloop
  endfacet
  facet normal -0.896828 0.3128 0.312818
    outer loop
      vertex 99.5244 24.7265 20.2695
      vertex 99.4289 26.2867 18.4356
      vertex 99.4289 24.5896 20.1326
    endloop
  endfacet
  facet normal 0.997863 0.0462064 0.0462064
    outer loop
      vertex 96.35 25.173 20.716
      vertex 96.3641 26.7178 18.8667
      vertex 96.35 26.8701 19.0189
    endloop
  endfacet
  facet normal 0.997864 0.04619 0.0461927
    outer loop
      vertex 96.3641 26.7178 18.8667
      vertex 96.35 25.173 20.716
      vertex 96.3641 25.0207 20.5637
    endloop
  endfacet
  facet normal -0.194699 -0.693595 -0.693554
    outer loop
      vertex 98.2154 26.3297 21.8727
      vertex 98.427 27.997 20.1459
      vertex 98.427 26.3 21.843
    endloop
  endfacet
  facet normal -0.19533 -0.693466 -0.693507
    outer loop
      vertex 98.427 27.997 20.1459
      vertex 98.2154 26.3297 21.8727
      vertex 98.2154 28.0268 20.1757
    endloop
  endfacet
  facet normal 0.751878 0.466183 0.466211
    outer loop
      vertex 96.691 24.4627 20.0057
      vertex 96.8333 26.0451 18.1939
      vertex 96.691 26.1598 18.3087
    endloop
  endfacet
  facet normal 0.751736 0.466312 0.466312
    outer loop
      vertex 96.8333 26.0451 18.1939
      vertex 96.691 24.4627 20.0057
      vertex 96.8333 24.348 19.891
    endloop
  endfacet
  facet normal -0.555529 0.587974 0.58794
    outer loop
      vertex 99.0045 25.9444 18.0933
      vertex 98.825 24.1626 19.7056
      vertex 99.0045 24.2474 19.7904
    endloop
  endfacet
  facet normal -0.555529 0.587974 0.58794
    outer loop
      vertex 98.825 24.1626 19.7056
      vertex 99.0045 25.9444 18.0933
      vertex 98.825 25.8596 18.0085
    endloop
  endfacet
  facet normal -0.194699 0.693554 0.693595
    outer loop
      vertex 98.427 25.7431 17.892
      vertex 98.2154 24.0163 19.5593
      vertex 98.427 24.046 19.589
    endloop
  endfacet
  facet normal -0.19533 0.693507 0.693466
    outer loop
      vertex 98.2154 24.0163 19.5593
      vertex 98.427 25.7431 17.892
      vertex 98.2154 25.7133 17.8622
    endloop
  endfacet
  facet normal -0.946886 -0.22739 -0.227377
    outer loop
      vertex 99.5938 27.172 19.3209
      vertex 99.5244 25.6195 21.1625
      vertex 99.5244 27.3165 19.4654
    endloop
  endfacet
  facet normal -0.946886 -0.22739 -0.227377
    outer loop
      vertex 99.5244 25.6195 21.1625
      vertex 99.5938 27.172 19.3209
      vertex 99.5938 25.475 21.018
    endloop
  endfacet
  facet normal -0.896828 -0.312818 -0.3128
    outer loop
      vertex 99.5244 27.3165 19.4654
      vertex 99.4289 25.7564 21.2994
      vertex 99.4289 27.4534 19.6023
    endloop
  endfacet
  facet normal -0.896828 -0.312818 -0.3128
    outer loop
      vertex 99.4289 25.7564 21.2994
      vertex 99.5244 27.3165 19.4654
      vertex 99.5244 25.6195 21.1625
    endloop
  endfacet
  facet normal -0.997863 -0.0462078 -0.0462051
    outer loop
      vertex 99.65 26.8701 19.0189
      vertex 99.6359 25.3253 20.8683
      vertex 99.6359 27.0223 19.1712
    endloop
  endfacet
  facet normal -0.997864 -0.0461913 -0.0461913
    outer loop
      vertex 99.6359 25.3253 20.8683
      vertex 99.65 26.8701 19.0189
      vertex 99.65 25.173 20.716
    endloop
  endfacet
  facet normal -0.751878 0.466183 0.466211
    outer loop
      vertex 99.1667 26.0451 18.1939
      vertex 99.309 24.4627 20.0057
      vertex 99.309 26.1598 18.3087
    endloop
  endfacet
  facet normal -0.751736 0.466312 0.466312
    outer loop
      vertex 99.309 24.4627 20.0057
      vertex 99.1667 26.0451 18.1939
      vertex 99.1667 24.348 19.891
    endloop
  endfacet
  facet normal 0.659595 0.531477 0.531477
    outer loop
      vertex 96.8333 24.348 19.891
      vertex 96.9955 25.9444 18.0933
      vertex 96.8333 26.0451 18.1939
    endloop
  endfacet
  facet normal 0.659409 0.531607 0.531576
    outer loop
      vertex 96.9955 25.9444 18.0933
      vertex 96.8333 24.348 19.891
      vertex 96.9955 24.2474 19.7904
    endloop
  endfacet
  facet normal -0.659595 -0.531461 -0.531492
    outer loop
      vertex 99.1667 27.6951 19.8439
      vertex 99.0045 26.0986 21.6416
      vertex 99.0045 27.7957 19.9446
    endloop
  endfacet
  facet normal -0.659409 -0.531592 -0.531592
    outer loop
      vertex 99.0045 26.0986 21.6416
      vertex 99.1667 27.6951 19.8439
      vertex 99.1667 25.998 21.541
    endloop
  endfacet
  facet normal 0.751878 -0.466197 -0.466197
    outer loop
      vertex 96.8333 25.998 21.541
      vertex 96.691 27.5803 19.7292
      vertex 96.8333 27.6951 19.8439
    endloop
  endfacet
  facet normal 0.751736 -0.466326 -0.466298
    outer loop
      vertex 96.691 27.5803 19.7292
      vertex 96.8333 25.998 21.541
      vertex 96.691 25.8833 21.4263
    endloop
  endfacet
  facet normal 0.442238 0.634221 0.634184
    outer loop
      vertex 97.3686 24.0951 19.6381
      vertex 97.175 25.8596 18.0085
      vertex 97.175 24.1626 19.7056
    endloop
  endfacet
  facet normal 0.442238 0.634221 0.634184
    outer loop
      vertex 97.175 25.8596 18.0085
      vertex 97.3686 24.0951 19.6381
      vertex 97.3686 25.7921 17.941
    endloop
  endfacet
  facet normal -0.555529 -0.58794 -0.587974
    outer loop
      vertex 98.825 27.8805 20.0294
      vertex 99.0045 26.0986 21.6416
      vertex 98.825 26.1834 21.7264
    endloop
  endfacet
  facet normal -0.555529 -0.58794 -0.587974
    outer loop
      vertex 99.0045 26.0986 21.6416
      vertex 98.825 27.8805 20.0294
      vertex 99.0045 27.7957 19.9446
    endloop
  endfacet
  facet normal -0.659595 0.531477 0.531477
    outer loop
      vertex 99.0045 25.9444 18.0933
      vertex 99.1667 24.348 19.891
      vertex 99.1667 26.0451 18.1939
    endloop
  endfacet
  facet normal -0.659409 0.531607 0.531576
    outer loop
      vertex 99.1667 24.348 19.891
      vertex 99.0045 25.9444 18.0933
      vertex 99.0045 24.2474 19.7904
    endloop
  endfacet
  facet normal -0.831499 0.392805 0.392828
    outer loop
      vertex 99.309 26.1598 18.3087
      vertex 99.4289 24.5896 20.1326
      vertex 99.4289 26.2867 18.4356
    endloop
  endfacet
  facet normal -0.831499 0.392805 0.392828
    outer loop
      vertex 99.4289 24.5896 20.1326
      vertex 99.309 26.1598 18.3087
      vertex 99.309 24.4627 20.0057
    endloop
  endfacet
  facet normal -0.442238 0.634221 0.634184
    outer loop
      vertex 98.825 25.8596 18.0085
      vertex 98.6314 24.0951 19.6381
      vertex 98.825 24.1626 19.7056
    endloop
  endfacet
  facet normal -0.442238 0.634221 0.634184
    outer loop
      vertex 98.6314 24.0951 19.6381
      vertex 98.825 25.8596 18.0085
      vertex 98.6314 25.7921 17.941
    endloop
  endfacet
  facet normal -0.980795 -0.137918 -0.13791
    outer loop
      vertex 99.6359 27.0223 19.1712
      vertex 99.5938 25.475 21.018
      vertex 99.5938 27.172 19.3209
    endloop
  endfacet
  facet normal -0.980795 -0.137918 -0.13791
    outer loop
      vertex 99.5938 25.475 21.018
      vertex 99.6359 27.0223 19.1712
      vertex 99.6359 25.3253 20.8683
    endloop
  endfacet
  facet normal 0.321661 -0.669547 -0.669508
    outer loop
      vertex 97.3686 26.2509 21.7939
      vertex 97.573 27.997 20.1459
      vertex 97.573 26.3 21.843
    endloop
  endfacet
  facet normal 0.321074 -0.669649 -0.669688
    outer loop
      vertex 97.573 27.997 20.1459
      vertex 97.3686 26.2509 21.7939
      vertex 97.3686 27.948 20.0969
    endloop
  endfacet
  facet normal -0.751878 -0.466197 -0.466197
    outer loop
      vertex 99.309 27.5803 19.7292
      vertex 99.1667 25.998 21.541
      vertex 99.1667 27.6951 19.8439
    endloop
  endfacet
  facet normal -0.751736 -0.466326 -0.466298
    outer loop
      vertex 99.1667 25.998 21.541
      vertex 99.309 27.5803 19.7292
      vertex 99.309 25.8833 21.4263
    endloop
  endfacet
  facet normal -0.831499 -0.392828 -0.392805
    outer loop
      vertex 99.4289 27.4534 19.6023
      vertex 99.309 25.8833 21.4263
      vertex 99.309 27.5803 19.7292
    endloop
  endfacet
  facet normal -0.831499 -0.392828 -0.392805
    outer loop
      vertex 99.309 25.8833 21.4263
      vertex 99.4289 27.4534 19.6023
      vertex 99.4289 25.7564 21.2994
    endloop
  endfacet
  facet normal 0.0655142 -0.705567 -0.705608
    outer loop
      vertex 97.7846 26.3297 21.8727
      vertex 98 28.0368 20.1857
      vertex 98 26.3397 21.8827
    endloop
  endfacet
  facet normal 0.0655142 -0.705567 -0.705608
    outer loop
      vertex 98 28.0368 20.1857
      vertex 97.7846 26.3297 21.8727
      vertex 97.7846 28.0268 20.1757
    endloop
  endfacet
  facet normal 0.0655142 0.705608 0.705567
    outer loop
      vertex 97.7846 24.0163 19.5593
      vertex 98 25.7033 17.8522
      vertex 97.7846 25.7133 17.8622
    endloop
  endfacet
  facet normal 0.0655142 0.705608 0.705567
    outer loop
      vertex 98 25.7033 17.8522
      vertex 97.7846 24.0163 19.5593
      vertex 98 24.0063 19.5493
    endloop
  endfacet
  facet normal 0.659595 -0.531461 -0.531492
    outer loop
      vertex 96.9955 26.0986 21.6416
      vertex 96.8333 27.6951 19.8439
      vertex 96.9955 27.7957 19.9446
    endloop
  endfacet
  facet normal 0.659409 -0.531592 -0.531592
    outer loop
      vertex 96.8333 27.6951 19.8439
      vertex 96.9955 26.0986 21.6416
      vertex 96.8333 25.998 21.541
    endloop
  endfacet
  facet normal 0.555529 -0.58794 -0.587974
    outer loop
      vertex 96.9955 26.0986 21.6416
      vertex 97.175 27.8805 20.0294
      vertex 97.175 26.1834 21.7264
    endloop
  endfacet
  facet normal 0.555529 -0.58794 -0.587974
    outer loop
      vertex 97.175 27.8805 20.0294
      vertex 96.9955 26.0986 21.6416
      vertex 96.9955 27.7957 19.9446
    endloop
  endfacet
  facet normal -0.0655142 -0.705567 -0.705608
    outer loop
      vertex 98 28.0368 20.1857
      vertex 98.2154 26.3297 21.8727
      vertex 98 26.3397 21.8827
    endloop
  endfacet
  facet normal -0.0655142 -0.705567 -0.705608
    outer loop
      vertex 98.2154 26.3297 21.8727
      vertex 98 28.0368 20.1857
      vertex 98.2154 28.0268 20.1757
    endloop
  endfacet
  facet normal -0.0655142 0.705608 0.705567
    outer loop
      vertex 98 25.7033 17.8522
      vertex 98.2154 24.0163 19.5593
      vertex 98.2154 25.7133 17.8622
    endloop
  endfacet
  facet normal -0.0655142 0.705608 0.705567
    outer loop
      vertex 98.2154 24.0163 19.5593
      vertex 98 25.7033 17.8522
      vertex 98 24.0063 19.5493
    endloop
  endfacet
  facet normal 0.980795 0.13791 0.137918
    outer loop
      vertex 96.3641 25.0207 20.5637
      vertex 96.4062 26.5681 18.717
      vertex 96.3641 26.7178 18.8667
    endloop
  endfacet
  facet normal 0.980795 0.13791 0.137918
    outer loop
      vertex 96.4062 26.5681 18.717
      vertex 96.3641 25.0207 20.5637
      vertex 96.4062 24.871 20.414
    endloop
  endfacet
  facet normal 0.442238 -0.634184 -0.634221
    outer loop
      vertex 97.175 26.1834 21.7264
      vertex 97.3686 27.948 20.0969
      vertex 97.3686 26.2509 21.7939
    endloop
  endfacet
  facet normal 0.442238 -0.634184 -0.634221
    outer loop
      vertex 97.3686 27.948 20.0969
      vertex 97.175 26.1834 21.7264
      vertex 97.175 27.8805 20.0294
    endloop
  endfacet
  facet normal 0.555529 0.587974 0.58794
    outer loop
      vertex 97.175 24.1626 19.7056
      vertex 96.9955 25.9444 18.0933
      vertex 96.9955 24.2474 19.7904
    endloop
  endfacet
  facet normal 0.555529 0.587974 0.58794
    outer loop
      vertex 96.9955 25.9444 18.0933
      vertex 97.175 24.1626 19.7056
      vertex 97.175 25.8596 18.0085
    endloop
  endfacet
  facet normal 0.194699 0.693554 0.693595
    outer loop
      vertex 97.7846 24.0163 19.5593
      vertex 97.573 25.7431 17.892
      vertex 97.573 24.046 19.589
    endloop
  endfacet
  facet normal 0.19533 0.693507 0.693466
    outer loop
      vertex 97.573 25.7431 17.892
      vertex 97.7846 24.0163 19.5593
      vertex 97.7846 25.7133 17.8622
    endloop
  endfacet
  facet normal 0.321661 0.669547 0.669508
    outer loop
      vertex 97.573 24.046 19.589
      vertex 97.3686 25.7921 17.941
      vertex 97.3686 24.0951 19.6381
    endloop
  endfacet
  facet normal 0.321074 0.669649 0.669688
    outer loop
      vertex 97.3686 25.7921 17.941
      vertex 97.573 24.046 19.589
      vertex 97.573 25.7431 17.892
    endloop
  endfacet
  facet normal 0.194699 -0.693595 -0.693554
    outer loop
      vertex 97.573 27.997 20.1459
      vertex 97.7846 26.3297 21.8727
      vertex 97.573 26.3 21.843
    endloop
  endfacet
  facet normal 0.19533 -0.693466 -0.693507
    outer loop
      vertex 97.7846 26.3297 21.8727
      vertex 97.573 27.997 20.1459
      vertex 97.7846 28.0268 20.1757
    endloop
  endfacet
  facet normal 0.946886 0.227377 0.22739
    outer loop
      vertex 96.4062 24.871 20.414
      vertex 96.4756 26.4236 18.5725
      vertex 96.4062 26.5681 18.717
    endloop
  endfacet
  facet normal 0.946886 0.227377 0.22739
    outer loop
      vertex 96.4756 26.4236 18.5725
      vertex 96.4062 24.871 20.414
      vertex 96.4756 24.7265 20.2695
    endloop
  endfacet
  facet normal 0.831499 0.392805 0.392828
    outer loop
      vertex 96.5711 24.5896 20.1326
      vertex 96.691 26.1598 18.3087
      vertex 96.5711 26.2867 18.4356
    endloop
  endfacet
  facet normal 0.831499 0.392805 0.392828
    outer loop
      vertex 96.691 26.1598 18.3087
      vertex 96.5711 24.5896 20.1326
      vertex 96.691 24.4627 20.0057
    endloop
  endfacet
  facet normal 0.946886 -0.22739 -0.227377
    outer loop
      vertex 96.4756 25.6195 21.1625
      vertex 96.4062 27.172 19.3209
      vertex 96.4756 27.3165 19.4654
    endloop
  endfacet
  facet normal 0.946886 -0.22739 -0.227377
    outer loop
      vertex 96.4062 27.172 19.3209
      vertex 96.4756 25.6195 21.1625
      vertex 96.4062 25.475 21.018
    endloop
  endfacet
  facet normal 0.896828 0.3128 0.312818
    outer loop
      vertex 96.4756 24.7265 20.2695
      vertex 96.5711 26.2867 18.4356
      vertex 96.4756 26.4236 18.5725
    endloop
  endfacet
  facet normal 0.896828 0.3128 0.312818
    outer loop
      vertex 96.5711 26.2867 18.4356
      vertex 96.4756 24.7265 20.2695
      vertex 96.5711 24.5896 20.1326
    endloop
  endfacet
  facet normal -1 0 0
    outer loop
      vertex 20 43.1335 35.2824
      vertex 20 51.336 46.879
      vertex 20 53.033 45.1819
    endloop
  endfacet
  facet normal -1 0 0
    outer loop
      vertex 20 51.336 46.879
      vertex 20 43.1335 35.2824
      vertex 20 41.4365 36.9795
    endloop
  endfacet
  facet normal 1 0 0
    outer loop
      vertex 18 51.336 46.879
      vertex 18 43.1335 35.2824
      vertex 18 53.033 45.1819
    endloop
  endfacet
  facet normal 1 0 -0
    outer loop
      vertex 18 43.1335 35.2824
      vertex 18 51.336 46.879
      vertex 18 41.4365 36.9795
    endloop
  endfacet
  facet normal 0 0.707128 0.707086
    outer loop
      vertex 20 43.1335 35.2824
      vertex 18 41.4365 36.9795
      vertex 20 41.4365 36.9795
    endloop
  endfacet
  facet normal 0 0.707128 0.707086
    outer loop
      vertex 18 41.4365 36.9795
      vertex 20 43.1335 35.2824
      vertex 18 43.1335 35.2824
    endloop
  endfacet
  facet normal 0 -0.707128 -0.707086
    outer loop
      vertex 18 53.033 45.1819
      vertex 20 51.336 46.879
      vertex 18 51.336 46.879
    endloop
  endfacet
  facet normal 0 -0.707128 -0.707086
    outer loop
      vertex 20 51.336 46.879
      vertex 18 53.033 45.1819
      vertex 20 53.033 45.1819
    endloop
  endfacet
  facet normal -1 0 0
    outer loop
      vertex 27 43.1335 35.2824
      vertex 27 51.336 46.879
      vertex 27 53.033 45.1819
    endloop
  endfacet
  facet normal -1 0 0
    outer loop
      vertex 27 51.336 46.879
      vertex 27 43.1335 35.2824
      vertex 27 41.4365 36.9795
    endloop
  endfacet
  facet normal 1 0 0
    outer loop
      vertex 25 51.336 46.879
      vertex 25 43.1335 35.2824
      vertex 25 53.033 45.1819
    endloop
  endfacet
  facet normal 1 0 -0
    outer loop
      vertex 25 43.1335 35.2824
      vertex 25 51.336 46.879
      vertex 25 41.4365 36.9795
    endloop
  endfacet
  facet normal 0 0.707128 0.707086
    outer loop
      vertex 27 43.1335 35.2824
      vertex 25 41.4365 36.9795
      vertex 27 41.4365 36.9795
    endloop
  endfacet
  facet normal 0 0.707128 0.707086
    outer loop
      vertex 25 41.4365 36.9795
      vertex 27 43.1335 35.2824
      vertex 25 43.1335 35.2824
    endloop
  endfacet
  facet normal 0 -0.707128 -0.707086
    outer loop
      vertex 25 53.033 45.1819
      vertex 27 51.336 46.879
      vertex 25 51.336 46.879
    endloop
  endfacet
  facet normal 0 -0.707128 -0.707086
    outer loop
      vertex 27 51.336 46.879
      vertex 25 53.033 45.1819
      vertex 27 53.033 45.1819
    endloop
  endfacet
  facet normal -1 0 0
    outer loop
      vertex 34 43.1335 35.2824
      vertex 34 51.336 46.879
      vertex 34 53.033 45.1819
    endloop
  endfacet
  facet normal -1 0 0
    outer loop
      vertex 34 51.336 46.879
      vertex 34 43.1335 35.2824
      vertex 34 41.4365 36.9795
    endloop
  endfacet
  facet normal 1 0 0
    outer loop
      vertex 32 51.336 46.879
      vertex 32 43.1335 35.2824
      vertex 32 53.033 45.1819
    endloop
  endfacet
  facet normal 1 0 -0
    outer loop
      vertex 32 43.1335 35.2824
      vertex 32 51.336 46.879
      vertex 32 41.4365 36.9795
    endloop
  endfacet
  facet normal 0 0.707128 0.707086
    outer loop
      vertex 34 43.1335 35.2824
      vertex 32 41.4365 36.9795
      vertex 34 41.4365 36.9795
    endloop
  endfacet
  facet normal 0 0.707128 0.707086
    outer loop
      vertex 32 41.4365 36.9795
      vertex 34 43.1335 35.2824
      vertex 32 43.1335 35.2824
    endloop
  endfacet
  facet normal 0 -0.707128 -0.707086
    outer loop
      vertex 32 53.033 45.1819
      vertex 34 51.336 46.879
      vertex 32 51.336 46.879
    endloop
  endfacet
  facet normal 0 -0.707128 -0.707086
    outer loop
      vertex 34 51.336 46.879
      vertex 32 53.033 45.1819
      vertex 34 53.033 45.1819
    endloop
  endfacet
  facet normal -1 0 0
    outer loop
      vertex 41 43.1335 35.2824
      vertex 41 51.336 46.879
      vertex 41 53.033 45.1819
    endloop
  endfacet
  facet normal -1 0 0
    outer loop
      vertex 41 51.336 46.879
      vertex 41 43.1335 35.2824
      vertex 41 41.4365 36.9795
    endloop
  endfacet
  facet normal 1 0 0
    outer loop
      vertex 39 51.336 46.879
      vertex 39 43.1335 35.2824
      vertex 39 53.033 45.1819
    endloop
  endfacet
  facet normal 1 0 -0
    outer loop
      vertex 39 43.1335 35.2824
      vertex 39 51.336 46.879
      vertex 39 41.4365 36.9795
    endloop
  endfacet
  facet normal 0 0.707128 0.707086
    outer loop
      vertex 41 43.1335 35.2824
      vertex 39 41.4365 36.9795
      vertex 41 41.4365 36.9795
    endloop
  endfacet
  facet normal 0 0.707128 0.707086
    outer loop
      vertex 39 41.4365 36.9795
      vertex 41 43.1335 35.2824
      vertex 39 43.1335 35.2824
    endloop
  endfacet
  facet normal 0 -0.707128 -0.707086
    outer loop
      vertex 39 53.033 45.1819
      vertex 41 51.336 46.879
      vertex 39 51.336 46.879
    endloop
  endfacet
  facet normal 0 -0.707128 -0.707086
    outer loop
      vertex 41 51.336 46.879
      vertex 39 53.033 45.1819
      vertex 41 53.033 45.1819
    endloop
  endfacet
  facet normal -1 0 0
    outer loop
      vertex 48 43.1335 35.2824
      vertex 48 51.336 46.879
      vertex 48 53.033 45.1819
    endloop
  endfacet
  facet normal -1 0 0
    outer loop
      vertex 48 51.336 46.879
      vertex 48 43.1335 35.2824
      vertex 48 41.4365 36.9795
    endloop
  endfacet
  facet normal 1 0 0
    outer loop
      vertex 46 51.336 46.879
      vertex 46 43.1335 35.2824
      vertex 46 53.033 45.1819
    endloop
  endfacet
  facet normal 1 0 -0
    outer loop
      vertex 46 43.1335 35.2824
      vertex 46 51.336 46.879
      vertex 46 41.4365 36.9795
    endloop
  endfacet
  facet normal 0 0.707128 0.707086
    outer loop
      vertex 48 43.1335 35.2824
      vertex 46 41.4365 36.9795
      vertex 48 41.4365 36.9795
    endloop
  endfacet
  facet normal 0 0.707128 0.707086
    outer loop
      vertex 46 41.4365 36.9795
      vertex 48 43.1335 35.2824
      vertex 46 43.1335 35.2824
    endloop
  endfacet
  facet normal 0 -0.707128 -0.707086
    outer loop
      vertex 46 53.033 45.1819
      vertex 48 51.336 46.879
      vertex 46 51.336 46.879
    endloop
  endfacet
  facet normal 0 -0.707128 -0.707086
    outer loop
      vertex 48 51.336 46.879
      vertex 46 53.033 45.1819
      vertex 48 53.033 45.1819
    endloop
  endfacet
  facet normal -1 0 0
    outer loop
      vertex 55 43.1335 35.2824
      vertex 55 51.336 46.879
      vertex 55 53.033 45.1819
    endloop
  endfacet
  facet normal -1 0 0
    outer loop
      vertex 55 51.336 46.879
      vertex 55 43.1335 35.2824
      vertex 55 41.4365 36.9795
    endloop
  endfacet
  facet normal 1 0 0
    outer loop
      vertex 53 51.336 46.879
      vertex 53 43.1335 35.2824
      vertex 53 53.033 45.1819
    endloop
  endfacet
  facet normal 1 0 -0
    outer loop
      vertex 53 43.1335 35.2824
      vertex 53 51.336 46.879
      vertex 53 41.4365 36.9795
    endloop
  endfacet
  facet normal 0 0.707128 0.707086
    outer loop
      vertex 55 43.1335 35.2824
      vertex 53 41.4365 36.9795
      vertex 55 41.4365 36.9795
    endloop
  endfacet
  facet normal 0 0.707128 0.707086
    outer loop
      vertex 53 41.4365 36.9795
      vertex 55 43.1335 35.2824
      vertex 53 43.1335 35.2824
    endloop
  endfacet
  facet normal 0 -0.707128 -0.707086
    outer loop
      vertex 53 53.033 45.1819
      vertex 55 51.336 46.879
      vertex 53 51.336 46.879
    endloop
  endfacet
  facet normal 0 -0.707128 -0.707086
    outer loop
      vertex 55 51.336 46.879
      vertex 53 53.033 45.1819
      vertex 55 53.033 45.1819
    endloop
  endfacet
  facet normal -1 0 0
    outer loop
      vertex 62 43.1335 35.2824
      vertex 62 51.336 46.879
      vertex 62 53.033 45.1819
    endloop
  endfacet
  facet normal -1 0 0
    outer loop
      vertex 62 51.336 46.879
      vertex 62 43.1335 35.2824
      vertex 62 41.4365 36.9795
    endloop
  endfacet
  facet normal 1 0 0
    outer loop
      vertex 60 51.336 46.879
      vertex 60 43.1335 35.2824
      vertex 60 53.033 45.1819
    endloop
  endfacet
  facet normal 1 0 -0
    outer loop
      vertex 60 43.1335 35.2824
      vertex 60 51.336 46.879
      vertex 60 41.4365 36.9795
    endloop
  endfacet
  facet normal 0 0.707128 0.707086
    outer loop
      vertex 62 43.1335 35.2824
      vertex 60 41.4365 36.9795
      vertex 62 41.4365 36.9795
    endloop
  endfacet
  facet normal 0 0.707128 0.707086
    outer loop
      vertex 60 41.4365 36.9795
      vertex 62 43.1335 35.2824
      vertex 60 43.1335 35.2824
    endloop
  endfacet
  facet normal 0 -0.707128 -0.707086
    outer loop
      vertex 60 53.033 45.1819
      vertex 62 51.336 46.879
      vertex 60 51.336 46.879
    endloop
  endfacet
  facet normal 0 -0.707128 -0.707086
    outer loop
      vertex 62 51.336 46.879
      vertex 60 53.033 45.1819
      vertex 62 53.033 45.1819
    endloop
  endfacet
  facet normal -1 0 0
    outer loop
      vertex 53.97 16.0938 8.24264
      vertex 53.97 27.2943 22.8373
      vertex 53.97 28.9914 21.1403
    endloop
  endfacet
  facet normal -1 0 0
    outer loop
      vertex 53.97 27.2943 22.8373
      vertex 53.97 16.0938 8.24264
      vertex 53.97 14.3967 9.9397
    endloop
  endfacet
  facet normal 1 0 0
    outer loop
      vertex 13.97 27.2943 22.8373
      vertex 13.97 16.0938 8.24264
      vertex 13.97 28.9914 21.1403
    endloop
  endfacet
  facet normal 1 0 -0
    outer loop
      vertex 13.97 16.0938 8.24264
      vertex 13.97 27.2943 22.8373
      vertex 13.97 14.3967 9.9397
    endloop
  endfacet
  facet normal 0 0.707098 0.707115
    outer loop
      vertex 53.97 16.0938 8.24264
      vertex 13.97 14.3967 9.9397
      vertex 53.97 14.3967 9.9397
    endloop
  endfacet
  facet normal 0 0.707098 0.707115
    outer loop
      vertex 13.97 14.3967 9.9397
      vertex 53.97 16.0938 8.24264
      vertex 13.97 16.0938 8.24264
    endloop
  endfacet
  facet normal 0 -0.707086 -0.707128
    outer loop
      vertex 13.97 28.9914 21.1403
      vertex 53.97 27.2943 22.8373
      vertex 13.97 27.2943 22.8373
    endloop
  endfacet
  facet normal 0 -0.707086 -0.707128
    outer loop
      vertex 53.97 27.2943 22.8373
      vertex 13.97 28.9914 21.1403
      vertex 53.97 28.9914 21.1403
    endloop
  endfacet
  facet normal 0 1 0
    outer loop
      vertex 22 65.7609 27
      vertex 18.1697 65.7609 19.2889
      vertex 18 65.7609 19.3
    endloop
  endfacet
  facet normal 0 1 0
    outer loop
      vertex 22 65.7609 27
      vertex 18.3365 65.7609 19.2557
      vertex 18.1697 65.7609 19.2889
    endloop
  endfacet
  facet normal 0 1 0
    outer loop
      vertex 22 65.7609 27
      vertex 18.4975 65.7609 19.201
      vertex 18.3365 65.7609 19.2557
    endloop
  endfacet
  facet normal 0 1 0
    outer loop
      vertex 22 65.7609 27
      vertex 18.65 65.7609 19.1258
      vertex 18.4975 65.7609 19.201
    endloop
  endfacet
  facet normal 0 1 0
    outer loop
      vertex 22 65.7609 27
      vertex 18.7914 65.7609 19.0314
      vertex 18.65 65.7609 19.1258
    endloop
  endfacet
  facet normal 0 1 0
    outer loop
      vertex 22 65.7609 27
      vertex 18.9192 65.7609 18.9192
      vertex 18.7914 65.7609 19.0314
    endloop
  endfacet
  facet normal 0 1 0
    outer loop
      vertex 22 65.7609 27
      vertex 19.0314 65.7609 18.7914
      vertex 18.9192 65.7609 18.9192
    endloop
  endfacet
  facet normal 0 1 0
    outer loop
      vertex 22 65.7609 27
      vertex 19.1258 65.7609 18.65
      vertex 19.0314 65.7609 18.7914
    endloop
  endfacet
  facet normal 0 1 0
    outer loop
      vertex 22 65.7609 27
      vertex 19.201 65.7609 18.4975
      vertex 19.1258 65.7609 18.65
    endloop
  endfacet
  facet normal 0 1 0
    outer loop
      vertex 22 65.7609 27
      vertex 19.2557 65.7609 18.3365
      vertex 19.201 65.7609 18.4975
    endloop
  endfacet
  facet normal 0 1 0
    outer loop
      vertex 22 65.7609 27
      vertex 19.2889 65.7609 18.1697
      vertex 19.2557 65.7609 18.3365
    endloop
  endfacet
  facet normal 0 1 0
    outer loop
      vertex 22 65.7609 27
      vertex 19.3 65.7609 18
      vertex 19.2889 65.7609 18.1697
    endloop
  endfacet
  facet normal 0 1 -0
    outer loop
      vertex 22 65.7609 9
      vertex 19.3 65.7609 18
      vertex 22 65.7609 27
    endloop
  endfacet
  facet normal 0 1 0
    outer loop
      vertex 19.3 65.7609 18
      vertex 22 65.7609 9
      vertex 19.2889 65.7609 17.8303
    endloop
  endfacet
  facet normal 0 1 0
    outer loop
      vertex 18.1697 65.7609 16.7111
      vertex 22 65.7609 9
      vertex 18 65.7609 16.7
    endloop
  endfacet
  facet normal 0 1 0
    outer loop
      vertex 18.3365 65.7609 16.7443
      vertex 22 65.7609 9
      vertex 18.1697 65.7609 16.7111
    endloop
  endfacet
  facet normal 0 1 0
    outer loop
      vertex 18.4975 65.7609 16.799
      vertex 22 65.7609 9
      vertex 18.3365 65.7609 16.7443
    endloop
  endfacet
  facet normal 0 1 0
    outer loop
      vertex 18.65 65.7609 16.8742
      vertex 22 65.7609 9
      vertex 18.4975 65.7609 16.799
    endloop
  endfacet
  facet normal 0 1 0
    outer loop
      vertex 18.7914 65.7609 16.9686
      vertex 22 65.7609 9
      vertex 18.65 65.7609 16.8742
    endloop
  endfacet
  facet normal 0 1 0
    outer loop
      vertex 18.9192 65.7609 17.0808
      vertex 22 65.7609 9
      vertex 18.7914 65.7609 16.9686
    endloop
  endfacet
  facet normal 0 1 0
    outer loop
      vertex 19.0314 65.7609 17.2086
      vertex 22 65.7609 9
      vertex 18.9192 65.7609 17.0808
    endloop
  endfacet
  facet normal 0 1 0
    outer loop
      vertex 19.1258 65.7609 17.35
      vertex 22 65.7609 9
      vertex 19.0314 65.7609 17.2086
    endloop
  endfacet
  facet normal 0 1 0
    outer loop
      vertex 19.201 65.7609 17.5025
      vertex 22 65.7609 9
      vertex 19.1258 65.7609 17.35
    endloop
  endfacet
  facet normal 0 1 0
    outer loop
      vertex 19.2557 65.7609 17.6635
      vertex 22 65.7609 9
      vertex 19.201 65.7609 17.5025
    endloop
  endfacet
  facet normal 0 1 0
    outer loop
      vertex 19.2889 65.7609 17.8303
      vertex 22 65.7609 9
      vertex 19.2557 65.7609 17.6635
    endloop
  endfacet
  facet normal 0 1 0
    outer loop
      vertex 97.0294 65.7609 54.5471
      vertex 105 65.7609 57.9098
      vertex 97.5105 65.7609 54.6825
    endloop
  endfacet
  facet normal 0 1 0
    outer loop
      vertex 105 65.7609 57.9098
      vertex 74.4895 65.7609 54.6825
      vertex 74 65.7609 54.7278
    endloop
  endfacet
  facet normal 0 1 0
    outer loop
      vertex 74.9706 65.7609 54.5471
      vertex 105 65.7609 57.9098
      vertex 97.0294 65.7609 54.5471
    endloop
  endfacet
  facet normal 0 1 0
    outer loop
      vertex 105 65.7609 57.9098
      vertex 74.9706 65.7609 54.5471
      vertex 74.4895 65.7609 54.6825
    endloop
  endfacet
  facet normal 0 1 -0
    outer loop
      vertex 96.5649 65.7609 54.3242
      vertex 74.9706 65.7609 54.5471
      vertex 97.0294 65.7609 54.5471
    endloop
  endfacet
  facet normal 0 1 0
    outer loop
      vertex 96.5649 65.7609 54.3242
      vertex 75.4351 65.7609 54.3242
      vertex 74.9706 65.7609 54.5471
    endloop
  endfacet
  facet normal 0 1 -0
    outer loop
      vertex 96.125 65.7609 54.0173
      vertex 75.4351 65.7609 54.3242
      vertex 96.5649 65.7609 54.3242
    endloop
  endfacet
  facet normal 0 1 0
    outer loop
      vertex 96.125 65.7609 54.0173
      vertex 75.875 65.7609 54.0173
      vertex 75.4351 65.7609 54.3242
    endloop
  endfacet
  facet normal 0 1 -0
    outer loop
      vertex 95.7171 65.7609 53.6319
      vertex 75.875 65.7609 54.0173
      vertex 96.125 65.7609 54.0173
    endloop
  endfacet
  facet normal 0 1 0
    outer loop
      vertex 95.7171 65.7609 53.6319
      vertex 76.2829 65.7609 53.6319
      vertex 75.875 65.7609 54.0173
    endloop
  endfacet
  facet normal 0 1 -0
    outer loop
      vertex 95.3484 65.7609 53.1745
      vertex 76.2829 65.7609 53.6319
      vertex 95.7171 65.7609 53.6319
    endloop
  endfacet
  facet normal 0 1 0
    outer loop
      vertex 95.3484 65.7609 53.1745
      vertex 76.6516 65.7609 53.1745
      vertex 76.2829 65.7609 53.6319
    endloop
  endfacet
  facet normal 0 1 -0
    outer loop
      vertex 95.0249 65.7609 52.653
      vertex 76.6516 65.7609 53.1745
      vertex 95.3484 65.7609 53.1745
    endloop
  endfacet
  facet normal 0 1 0
    outer loop
      vertex 95.0249 65.7609 52.653
      vertex 76.9751 65.7609 52.653
      vertex 76.6516 65.7609 53.1745
    endloop
  endfacet
  facet normal 0 1 -0
    outer loop
      vertex 94.7524 65.7609 52.0762
      vertex 76.9751 65.7609 52.653
      vertex 95.0249 65.7609 52.653
    endloop
  endfacet
  facet normal 0 1 0
    outer loop
      vertex 94.7524 65.7609 52.0762
      vertex 77.2476 65.7609 52.0762
      vertex 76.9751 65.7609 52.653
    endloop
  endfacet
  facet normal 0 1 -0
    outer loop
      vertex 94.5355 65.7609 51.454
      vertex 77.2476 65.7609 52.0762
      vertex 94.7524 65.7609 52.0762
    endloop
  endfacet
  facet normal 0 1 0
    outer loop
      vertex 94.5355 65.7609 51.454
      vertex 77.4645 65.7609 51.454
      vertex 77.2476 65.7609 52.0762
    endloop
  endfacet
  facet normal 0 1 -0
    outer loop
      vertex 94.3778 65.7609 50.7971
      vertex 77.4645 65.7609 51.454
      vertex 94.5355 65.7609 51.454
    endloop
  endfacet
  facet normal 0 1 0
    outer loop
      vertex 94.3778 65.7609 50.7971
      vertex 77.6222 65.7609 50.7971
      vertex 77.4645 65.7609 51.454
    endloop
  endfacet
  facet normal 0 1 -0
    outer loop
      vertex 94.2821 65.7609 50.1168
      vertex 77.6222 65.7609 50.7971
      vertex 94.3778 65.7609 50.7971
    endloop
  endfacet
  facet normal 0 1 0
    outer loop
      vertex 94.2821 65.7609 50.1168
      vertex 77.7179 65.7609 50.1168
      vertex 77.6222 65.7609 50.7971
    endloop
  endfacet
  facet normal 0 1 -0
    outer loop
      vertex 94.25 65.7609 49.4245
      vertex 77.7179 65.7609 50.1168
      vertex 94.2821 65.7609 50.1168
    endloop
  endfacet
  facet normal 0 1 0
    outer loop
      vertex 94.25 65.7609 49.4245
      vertex 77.75 65.7609 49.4245
      vertex 77.7179 65.7609 50.1168
    endloop
  endfacet
  facet normal 0 1 0
    outer loop
      vertex 94.2821 65.7609 48.7323
      vertex 77.75 65.7609 49.4245
      vertex 94.25 65.7609 49.4245
    endloop
  endfacet
  facet normal 0 1 0
    outer loop
      vertex 94.2821 65.7609 48.7323
      vertex 77.7179 65.7609 48.7323
      vertex 77.75 65.7609 49.4245
    endloop
  endfacet
  facet normal 0 1 0
    outer loop
      vertex 94.3778 65.7609 48.052
      vertex 77.7179 65.7609 48.7323
      vertex 94.2821 65.7609 48.7323
    endloop
  endfacet
  facet normal 0 1 0
    outer loop
      vertex 94.3778 65.7609 48.052
      vertex 77.6222 65.7609 48.052
      vertex 77.7179 65.7609 48.7323
    endloop
  endfacet
  facet normal 0 1 0
    outer loop
      vertex 94.5355 65.7609 47.3951
      vertex 77.6222 65.7609 48.052
      vertex 94.3778 65.7609 48.052
    endloop
  endfacet
  facet normal 0 1 0
    outer loop
      vertex 94.5355 65.7609 47.3951
      vertex 77.4645 65.7609 47.3951
      vertex 77.6222 65.7609 48.052
    endloop
  endfacet
  facet normal 0 1 0
    outer loop
      vertex 94.7524 65.7609 46.7729
      vertex 77.4645 65.7609 47.3951
      vertex 94.5355 65.7609 47.3951
    endloop
  endfacet
  facet normal 0 1 0
    outer loop
      vertex 94.7524 65.7609 46.7729
      vertex 77.2476 65.7609 46.7729
      vertex 77.4645 65.7609 47.3951
    endloop
  endfacet
  facet normal 0 1 0
    outer loop
      vertex 95.0249 65.7609 46.1961
      vertex 77.2476 65.7609 46.7729
      vertex 94.7524 65.7609 46.7729
    endloop
  endfacet
  facet normal 0 1 0
    outer loop
      vertex 95.0249 65.7609 46.1961
      vertex 76.9751 65.7609 46.1961
      vertex 77.2476 65.7609 46.7729
    endloop
  endfacet
  facet normal 0 1 0
    outer loop
      vertex 95.3484 65.7609 45.6745
      vertex 76.9751 65.7609 46.1961
      vertex 95.0249 65.7609 46.1961
    endloop
  endfacet
  facet normal 0 1 0
    outer loop
      vertex 95.3484 65.7609 45.6745
      vertex 76.6516 65.7609 45.6745
      vertex 76.9751 65.7609 46.1961
    endloop
  endfacet
  facet normal 0 1 0
    outer loop
      vertex 95.7171 65.7609 45.2172
      vertex 76.6516 65.7609 45.6745
      vertex 95.3484 65.7609 45.6745
    endloop
  endfacet
  facet normal 0 1 0
    outer loop
      vertex 95.7171 65.7609 45.2172
      vertex 76.2829 65.7609 45.2172
      vertex 76.6516 65.7609 45.6745
    endloop
  endfacet
  facet normal 0 1 0
    outer loop
      vertex 96.125 65.7609 44.8318
      vertex 76.2829 65.7609 45.2172
      vertex 95.7171 65.7609 45.2172
    endloop
  endfacet
  facet normal 0 1 0
    outer loop
      vertex 96.125 65.7609 44.8318
      vertex 75.875 65.7609 44.8318
      vertex 76.2829 65.7609 45.2172
    endloop
  endfacet
  facet normal 0 1 0
    outer loop
      vertex 96.5649 65.7609 44.5249
      vertex 75.875 65.7609 44.8318
      vertex 96.125 65.7609 44.8318
    endloop
  endfacet
  facet normal 0 1 0
    outer loop
      vertex 96.5649 65.7609 44.5249
      vertex 75.4351 65.7609 44.5249
      vertex 75.875 65.7609 44.8318
    endloop
  endfacet
  facet normal 0 1 0
    outer loop
      vertex 97.0294 65.7609 44.302
      vertex 75.4351 65.7609 44.5249
      vertex 96.5649 65.7609 44.5249
    endloop
  endfacet
  facet normal 0 1 0
    outer loop
      vertex 97.0294 65.7609 44.302
      vertex 74.9706 65.7609 44.302
      vertex 75.4351 65.7609 44.5249
    endloop
  endfacet
  facet normal 0 1 0
    outer loop
      vertex 110 65.7609 0
      vertex 97.0294 65.7609 44.302
      vertex 97.5105 65.7609 44.1666
    endloop
  endfacet
  facet normal 0 1 0
    outer loop
      vertex 97.0294 65.7609 44.302
      vertex 59.2889 65.7609 18.1697
      vertex 74.9706 65.7609 44.302
    endloop
  endfacet
  facet normal 0 1 0
    outer loop
      vertex 110 65.7609 0
      vertex 97.5105 65.7609 44.1666
      vertex 98 65.7609 44.1212
    endloop
  endfacet
  facet normal -0 1 0
    outer loop
      vertex 59.2557 65.7609 18.3365
      vertex 74.9706 65.7609 44.302
      vertex 59.2889 65.7609 18.1697
    endloop
  endfacet
  facet normal 0 1 0
    outer loop
      vertex 110 65.7609 57.9598
      vertex 105 65.7609 57.9098
      vertex -6 65.7609 57.9598
    endloop
  endfacet
  facet normal 0 1 0
    outer loop
      vertex 97.5105 65.7609 54.6825
      vertex 105 65.7609 57.9098
      vertex 98 65.7609 54.7278
    endloop
  endfacet
  facet normal 0 1 0
    outer loop
      vertex 101.622 65.7609 50.7971
      vertex 105 65.7609 57.9098
      vertex 110 65.7609 57.9598
    endloop
  endfacet
  facet normal 0 1 0
    outer loop
      vertex 105 65.7609 57.9098
      vertex 98.4895 65.7609 54.6825
      vertex 98 65.7609 54.7278
    endloop
  endfacet
  facet normal 0 1 0
    outer loop
      vertex 105 65.7609 57.9098
      vertex 98.9706 65.7609 54.5471
      vertex 98.4895 65.7609 54.6825
    endloop
  endfacet
  facet normal 0 1 0
    outer loop
      vertex 105 65.7609 57.9098
      vertex 99.4351 65.7609 54.3242
      vertex 98.9706 65.7609 54.5471
    endloop
  endfacet
  facet normal 0 1 0
    outer loop
      vertex 105 65.7609 57.9098
      vertex 99.875 65.7609 54.0173
      vertex 99.4351 65.7609 54.3242
    endloop
  endfacet
  facet normal 0 1 0
    outer loop
      vertex 105 65.7609 57.9098
      vertex 100.283 65.7609 53.6319
      vertex 99.875 65.7609 54.0173
    endloop
  endfacet
  facet normal 0 1 0
    outer loop
      vertex 105 65.7609 57.9098
      vertex 100.652 65.7609 53.1745
      vertex 100.283 65.7609 53.6319
    endloop
  endfacet
  facet normal 0 1 0
    outer loop
      vertex 105 65.7609 57.9098
      vertex 100.975 65.7609 52.653
      vertex 100.652 65.7609 53.1745
    endloop
  endfacet
  facet normal 0 1 0
    outer loop
      vertex 105 65.7609 57.9098
      vertex 101.248 65.7609 52.0762
      vertex 100.975 65.7609 52.653
    endloop
  endfacet
  facet normal 0 1 0
    outer loop
      vertex 105 65.7609 57.9098
      vertex 101.465 65.7609 51.454
      vertex 101.248 65.7609 52.0762
    endloop
  endfacet
  facet normal 0 1 0
    outer loop
      vertex 105 65.7609 57.9098
      vertex 101.622 65.7609 50.7971
      vertex 101.465 65.7609 51.454
    endloop
  endfacet
  facet normal 0 1 0
    outer loop
      vertex 110 65.7609 57.9598
      vertex 101.718 65.7609 50.1168
      vertex 101.622 65.7609 50.7971
    endloop
  endfacet
  facet normal 0 1 0
    outer loop
      vertex 110 65.7609 57.9598
      vertex 101.75 65.7609 49.4245
      vertex 101.718 65.7609 50.1168
    endloop
  endfacet
  facet normal 0 1 0
    outer loop
      vertex 110 65.7609 57.9598
      vertex 101.718 65.7609 48.7323
      vertex 101.75 65.7609 49.4245
    endloop
  endfacet
  facet normal 0 1 0
    outer loop
      vertex 110 65.7609 57.9598
      vertex 101.622 65.7609 48.052
      vertex 101.718 65.7609 48.7323
    endloop
  endfacet
  facet normal 0 1 0
    outer loop
      vertex 110 65.7609 57.9598
      vertex 101.465 65.7609 47.3951
      vertex 101.622 65.7609 48.052
    endloop
  endfacet
  facet normal 0 1 0
    outer loop
      vertex 110 65.7609 57.9598
      vertex 101.248 65.7609 46.7729
      vertex 101.465 65.7609 47.3951
    endloop
  endfacet
  facet normal 0 1 0
    outer loop
      vertex 110 65.7609 57.9598
      vertex 100.975 65.7609 46.1961
      vertex 101.248 65.7609 46.7729
    endloop
  endfacet
  facet normal 0 1 -0
    outer loop
      vertex 110 65.7609 0
      vertex 100.975 65.7609 46.1961
      vertex 110 65.7609 57.9598
    endloop
  endfacet
  facet normal 0 1 0
    outer loop
      vertex 74.9706 65.7609 44.302
      vertex 59.2557 65.7609 18.3365
      vertex 74.4895 65.7609 44.1666
    endloop
  endfacet
  facet normal 0 1 0
    outer loop
      vertex 110 65.7609 0
      vertex 98 65.7609 44.1212
      vertex 98.4895 65.7609 44.1666
    endloop
  endfacet
  facet normal 0 1 0
    outer loop
      vertex 110 65.7609 0
      vertex 98.4895 65.7609 44.1666
      vertex 98.9706 65.7609 44.302
    endloop
  endfacet
  facet normal -0 1 0
    outer loop
      vertex 58.7914 65.7609 19.0314
      vertex 74 65.7609 44.1212
      vertex 58.9192 65.7609 18.9192
    endloop
  endfacet
  facet normal 0 1 0
    outer loop
      vertex 110 65.7609 0
      vertex 98.9706 65.7609 44.302
      vertex 99.4351 65.7609 44.5249
    endloop
  endfacet
  facet normal 0 1 0
    outer loop
      vertex 54 65.7609 27
      vertex 58.1697 65.7609 19.2889
      vertex 58 65.7609 19.3
    endloop
  endfacet
  facet normal 0 1 0
    outer loop
      vertex 54 65.7609 27
      vertex 58.3365 65.7609 19.2557
      vertex 58.1697 65.7609 19.2889
    endloop
  endfacet
  facet normal 0 1 0
    outer loop
      vertex 54 65.7609 27
      vertex 58.4975 65.7609 19.201
      vertex 58.3365 65.7609 19.2557
    endloop
  endfacet
  facet normal 0 1 0
    outer loop
      vertex 54 65.7609 27
      vertex 58.65 65.7609 19.1258
      vertex 58.4975 65.7609 19.201
    endloop
  endfacet
  facet normal 0 1 0
    outer loop
      vertex 54 65.7609 27
      vertex 58.7914 65.7609 19.0314
      vertex 58.65 65.7609 19.1258
    endloop
  endfacet
  facet normal 0 1 0
    outer loop
      vertex 74 65.7609 44.1212
      vertex 58.7914 65.7609 19.0314
      vertex 54 65.7609 27
    endloop
  endfacet
  facet normal 0 1 0
    outer loop
      vertex 74 65.7609 44.1212
      vertex 59.0314 65.7609 18.7914
      vertex 58.9192 65.7609 18.9192
    endloop
  endfacet
  facet normal 0 1 0
    outer loop
      vertex 74 65.7609 44.1212
      vertex 59.1258 65.7609 18.65
      vertex 59.0314 65.7609 18.7914
    endloop
  endfacet
  facet normal 0 1 0
    outer loop
      vertex 74 65.7609 44.1212
      vertex 59.201 65.7609 18.4975
      vertex 59.1258 65.7609 18.65
    endloop
  endfacet
  facet normal 0 1 0
    outer loop
      vertex 74.4895 65.7609 44.1666
      vertex 59.201 65.7609 18.4975
      vertex 74 65.7609 44.1212
    endloop
  endfacet
  facet normal -0 1 0
    outer loop
      vertex 59.201 65.7609 18.4975
      vertex 74.4895 65.7609 44.1666
      vertex 59.2557 65.7609 18.3365
    endloop
  endfacet
  facet normal 0 1 0
    outer loop
      vertex 97.0294 65.7609 44.302
      vertex 59.3 65.7609 18
      vertex 59.2889 65.7609 18.1697
    endloop
  endfacet
  facet normal 0 1 0
    outer loop
      vertex 97.0294 65.7609 44.302
      vertex 110 65.7609 0
      vertex 59.3 65.7609 18
    endloop
  endfacet
  facet normal 0 1 0
    outer loop
      vertex 59.3 65.7609 18
      vertex 110 65.7609 0
      vertex 59.2889 65.7609 17.8303
    endloop
  endfacet
  facet normal 0 1 0
    outer loop
      vertex 59.2889 65.7609 17.8303
      vertex 110 65.7609 0
      vertex 59.2557 65.7609 17.6635
    endloop
  endfacet
  facet normal 0 1 0
    outer loop
      vertex 59.2557 65.7609 17.6635
      vertex 110 65.7609 0
      vertex 59.201 65.7609 17.5025
    endloop
  endfacet
  facet normal 0 1 0
    outer loop
      vertex 59.201 65.7609 17.5025
      vertex 110 65.7609 0
      vertex 59.1258 65.7609 17.35
    endloop
  endfacet
  facet normal 0 1 0
    outer loop
      vertex 59.1258 65.7609 17.35
      vertex 110 65.7609 0
      vertex 59.0314 65.7609 17.2086
    endloop
  endfacet
  facet normal 0 1 0
    outer loop
      vertex 59.0314 65.7609 17.2086
      vertex 110 65.7609 0
      vertex 58.9192 65.7609 17.0808
    endloop
  endfacet
  facet normal 0 1 0
    outer loop
      vertex 58.1697 65.7609 16.7111
      vertex 54 65.7609 9
      vertex 58 65.7609 16.7
    endloop
  endfacet
  facet normal 0 1 0
    outer loop
      vertex 58.3365 65.7609 16.7443
      vertex 54 65.7609 9
      vertex 58.1697 65.7609 16.7111
    endloop
  endfacet
  facet normal 0 1 0
    outer loop
      vertex 58.4975 65.7609 16.799
      vertex 54 65.7609 9
      vertex 58.3365 65.7609 16.7443
    endloop
  endfacet
  facet normal 0 1 0
    outer loop
      vertex 58.65 65.7609 16.8742
      vertex 54 65.7609 9
      vertex 58.4975 65.7609 16.799
    endloop
  endfacet
  facet normal 0 1 0
    outer loop
      vertex 58.7914 65.7609 16.9686
      vertex 54 65.7609 9
      vertex 58.65 65.7609 16.8742
    endloop
  endfacet
  facet normal -0 1 0
    outer loop
      vertex 54 65.7609 9
      vertex 58.9192 65.7609 17.0808
      vertex 110 65.7609 0
    endloop
  endfacet
  facet normal 0 1 0
    outer loop
      vertex 110 65.7609 0
      vertex 99.4351 65.7609 44.5249
      vertex 99.875 65.7609 44.8318
    endloop
  endfacet
  facet normal 0 1 0
    outer loop
      vertex -6 65.7609 0
      vertex 54 65.7609 9
      vertex 110 65.7609 0
    endloop
  endfacet
  facet normal 0 1 0
    outer loop
      vertex 58.9192 65.7609 17.0808
      vertex 54 65.7609 9
      vertex 58.7914 65.7609 16.9686
    endloop
  endfacet
  facet normal 0 1 0
    outer loop
      vertex 100.283 65.7609 45.2172
      vertex 110 65.7609 0
      vertex 99.875 65.7609 44.8318
    endloop
  endfacet
  facet normal 0 1 0
    outer loop
      vertex 100.652 65.7609 45.6745
      vertex 110 65.7609 0
      vertex 100.283 65.7609 45.2172
    endloop
  endfacet
  facet normal 0 1 0
    outer loop
      vertex 100.975 65.7609 46.1961
      vertex 110 65.7609 0
      vertex 100.652 65.7609 45.6745
    endloop
  endfacet
  facet normal 0 1 -0
    outer loop
      vertex -1 65.7609 57.9098
      vertex -6 65.7609 57.9598
      vertex 105 65.7609 57.9098
    endloop
  endfacet
  facet normal 0 1 -0
    outer loop
      vertex -1.00011 65.7609 57.9098
      vertex -6 65.7609 57.9598
      vertex -1 65.7609 57.9098
    endloop
  endfacet
  facet normal 0 1 0
    outer loop
      vertex 105 65.7609 57.9098
      vertex 74 65.7609 54.7278
      vertex -1.00011 65.7609 57.9098
    endloop
  endfacet
  facet normal 0 1 -0
    outer loop
      vertex 73.5105 65.7609 54.6825
      vertex -1.00011 65.7609 57.9098
      vertex 74 65.7609 54.7278
    endloop
  endfacet
  facet normal 0 1 -0
    outer loop
      vertex 73.0294 65.7609 54.5471
      vertex -1.00011 65.7609 57.9098
      vertex 73.5105 65.7609 54.6825
    endloop
  endfacet
  facet normal 0 1 -0
    outer loop
      vertex 72.5649 65.7609 54.3242
      vertex -1.00011 65.7609 57.9098
      vertex 73.0294 65.7609 54.5471
    endloop
  endfacet
  facet normal 0 1 -0
    outer loop
      vertex 72.125 65.7609 54.0173
      vertex -1.00011 65.7609 57.9098
      vertex 72.5649 65.7609 54.3242
    endloop
  endfacet
  facet normal 0 1 -0
    outer loop
      vertex 71.7171 65.7609 53.6319
      vertex -1.00011 65.7609 57.9098
      vertex 72.125 65.7609 54.0173
    endloop
  endfacet
  facet normal 0 1 -0
    outer loop
      vertex 71.3484 65.7609 53.1745
      vertex -1.00011 65.7609 57.9098
      vertex 71.7171 65.7609 53.6319
    endloop
  endfacet
  facet normal 0 1 -0
    outer loop
      vertex 71.0249 65.7609 52.653
      vertex -1.00011 65.7609 57.9098
      vertex 71.3484 65.7609 53.1745
    endloop
  endfacet
  facet normal 0 1 -0
    outer loop
      vertex 70.7524 65.7609 52.0762
      vertex -1.00011 65.7609 57.9098
      vertex 71.0249 65.7609 52.653
    endloop
  endfacet
  facet normal 0 1 -0
    outer loop
      vertex 70.5355 65.7609 51.454
      vertex -1.00011 65.7609 57.9098
      vertex 70.7524 65.7609 52.0762
    endloop
  endfacet
  facet normal 0 1 -0
    outer loop
      vertex 22 65.7609 27
      vertex -1.00011 65.7609 57.9098
      vertex 70.5355 65.7609 51.454
    endloop
  endfacet
  facet normal 0 1 0
    outer loop
      vertex 22 65.7609 27
      vertex 70.5355 65.7609 51.454
      vertex 70.3778 65.7609 50.7971
    endloop
  endfacet
  facet normal 0 1 0
    outer loop
      vertex 54 65.7609 27
      vertex 70.3778 65.7609 50.7971
      vertex 70.2821 65.7609 50.1168
    endloop
  endfacet
  facet normal 0 1 0
    outer loop
      vertex 54 65.7609 27
      vertex 70.2821 65.7609 50.1168
      vertex 70.25 65.7609 49.4245
    endloop
  endfacet
  facet normal 0 1 0
    outer loop
      vertex 54 65.7609 27
      vertex 70.25 65.7609 49.4245
      vertex 70.2821 65.7609 48.7323
    endloop
  endfacet
  facet normal 0 1 0
    outer loop
      vertex 54 65.7609 27
      vertex 70.2821 65.7609 48.7323
      vertex 70.3778 65.7609 48.052
    endloop
  endfacet
  facet normal 0 1 0
    outer loop
      vertex 54 65.7609 27
      vertex 70.3778 65.7609 48.052
      vertex 70.5355 65.7609 47.3951
    endloop
  endfacet
  facet normal 0 1 0
    outer loop
      vertex 54 65.7609 27
      vertex 70.5355 65.7609 47.3951
      vertex 70.7524 65.7609 46.7729
    endloop
  endfacet
  facet normal 0 1 0
    outer loop
      vertex 54 65.7609 27
      vertex 70.7524 65.7609 46.7729
      vertex 71.0249 65.7609 46.1961
    endloop
  endfacet
  facet normal 0 1 0
    outer loop
      vertex 54 65.7609 27
      vertex 71.0249 65.7609 46.1961
      vertex 71.3484 65.7609 45.6745
    endloop
  endfacet
  facet normal 0 1 0
    outer loop
      vertex 54 65.7609 27
      vertex 71.3484 65.7609 45.6745
      vertex 71.7171 65.7609 45.2172
    endloop
  endfacet
  facet normal 0 1 0
    outer loop
      vertex 54 65.7609 27
      vertex 71.7171 65.7609 45.2172
      vertex 72.125 65.7609 44.8318
    endloop
  endfacet
  facet normal 0 1 0
    outer loop
      vertex 54 65.7609 27
      vertex 72.125 65.7609 44.8318
      vertex 72.5649 65.7609 44.5249
    endloop
  endfacet
  facet normal 0 1 0
    outer loop
      vertex 54 65.7609 27
      vertex 72.5649 65.7609 44.5249
      vertex 73.0294 65.7609 44.302
    endloop
  endfacet
  facet normal 0 1 0
    outer loop
      vertex 54 65.7609 27
      vertex 73.0294 65.7609 44.302
      vertex 73.5105 65.7609 44.1666
    endloop
  endfacet
  facet normal 0 1 0
    outer loop
      vertex 54 65.7609 27
      vertex 73.5105 65.7609 44.1666
      vertex 74 65.7609 44.1212
    endloop
  endfacet
  facet normal 0 1 0
    outer loop
      vertex 70.3778 65.7609 50.7971
      vertex 54 65.7609 27
      vertex 22 65.7609 27
    endloop
  endfacet
  facet normal 0 1 -0
    outer loop
      vertex 17.0808 65.7609 18.9192
      vertex -1.00011 65.7609 57.9098
      vertex 22 65.7609 27
    endloop
  endfacet
  facet normal 0 1 0
    outer loop
      vertex 17.8303 65.7609 19.2889
      vertex 22 65.7609 27
      vertex 18 65.7609 19.3
    endloop
  endfacet
  facet normal 0 1 0
    outer loop
      vertex 17.6635 65.7609 19.2557
      vertex 22 65.7609 27
      vertex 17.8303 65.7609 19.2889
    endloop
  endfacet
  facet normal 0 1 0
    outer loop
      vertex 17.5025 65.7609 19.201
      vertex 22 65.7609 27
      vertex 17.6635 65.7609 19.2557
    endloop
  endfacet
  facet normal 0 1 0
    outer loop
      vertex 17.35 65.7609 19.1258
      vertex 22 65.7609 27
      vertex 17.5025 65.7609 19.201
    endloop
  endfacet
  facet normal 0 1 0
    outer loop
      vertex 17.2086 65.7609 19.0314
      vertex 22 65.7609 27
      vertex 17.35 65.7609 19.1258
    endloop
  endfacet
  facet normal 0 1 0
    outer loop
      vertex 17.0808 65.7609 18.9192
      vertex 22 65.7609 27
      vertex 17.2086 65.7609 19.0314
    endloop
  endfacet
  facet normal 0 1 -0
    outer loop
      vertex 16.9686 65.7609 18.7914
      vertex -1.00011 65.7609 57.9098
      vertex 17.0808 65.7609 18.9192
    endloop
  endfacet
  facet normal 0 1 0
    outer loop
      vertex -1.00011 65.7609 57.9098
      vertex 16.9686 65.7609 18.7914
      vertex -6 65.7609 57.9598
    endloop
  endfacet
  facet normal 0 1 -0
    outer loop
      vertex 16.8742 65.7609 18.65
      vertex -6 65.7609 57.9598
      vertex 16.9686 65.7609 18.7914
    endloop
  endfacet
  facet normal 0 1 -0
    outer loop
      vertex 16.799 65.7609 18.4975
      vertex -6 65.7609 57.9598
      vertex 16.8742 65.7609 18.65
    endloop
  endfacet
  facet normal 0 1 0
    outer loop
      vertex -6 65.7609 0
      vertex 16.799 65.7609 18.4975
      vertex 16.7443 65.7609 18.3365
    endloop
  endfacet
  facet normal 0 1 0
    outer loop
      vertex -6 65.7609 0
      vertex 16.7443 65.7609 18.3365
      vertex 16.7111 65.7609 18.1697
    endloop
  endfacet
  facet normal 0 1 0
    outer loop
      vertex -6 65.7609 0
      vertex 16.7111 65.7609 18.1697
      vertex 16.7 65.7609 18
    endloop
  endfacet
  facet normal 0 1 0
    outer loop
      vertex -6 65.7609 0
      vertex 16.7 65.7609 18
      vertex 16.7111 65.7609 17.8303
    endloop
  endfacet
  facet normal 0 1 0
    outer loop
      vertex -6 65.7609 0
      vertex 16.7111 65.7609 17.8303
      vertex 16.7443 65.7609 17.6635
    endloop
  endfacet
  facet normal 0 1 0
    outer loop
      vertex -6 65.7609 0
      vertex 16.7443 65.7609 17.6635
      vertex 16.799 65.7609 17.5025
    endloop
  endfacet
  facet normal 0 1 0
    outer loop
      vertex -6 65.7609 0
      vertex 16.799 65.7609 17.5025
      vertex 16.8742 65.7609 17.35
    endloop
  endfacet
  facet normal 0 1 0
    outer loop
      vertex 22 65.7609 9
      vertex 17.8303 65.7609 16.7111
      vertex 18 65.7609 16.7
    endloop
  endfacet
  facet normal 0 1 0
    outer loop
      vertex 22 65.7609 9
      vertex 17.6635 65.7609 16.7443
      vertex 17.8303 65.7609 16.7111
    endloop
  endfacet
  facet normal 0 1 0
    outer loop
      vertex 22 65.7609 9
      vertex 17.5025 65.7609 16.799
      vertex 17.6635 65.7609 16.7443
    endloop
  endfacet
  facet normal 0 1 0
    outer loop
      vertex 22 65.7609 9
      vertex 17.35 65.7609 16.8742
      vertex 17.5025 65.7609 16.799
    endloop
  endfacet
  facet normal 0 1 0
    outer loop
      vertex 22 65.7609 9
      vertex 17.2086 65.7609 16.9686
      vertex 17.35 65.7609 16.8742
    endloop
  endfacet
  facet normal 0 1 0
    outer loop
      vertex -6 65.7609 0
      vertex 17.2086 65.7609 16.9686
      vertex 22 65.7609 9
    endloop
  endfacet
  facet normal 0 1 0
    outer loop
      vertex 17.2086 65.7609 16.9686
      vertex -6 65.7609 0
      vertex 17.0808 65.7609 17.0808
    endloop
  endfacet
  facet normal 0 1 0
    outer loop
      vertex 17.0808 65.7609 17.0808
      vertex -6 65.7609 0
      vertex 16.9686 65.7609 17.2086
    endloop
  endfacet
  facet normal 0 1 0
    outer loop
      vertex 16.799 65.7609 18.4975
      vertex -6 65.7609 0
      vertex -6 65.7609 57.9598
    endloop
  endfacet
  facet normal 0 1 0
    outer loop
      vertex 16.9686 65.7609 17.2086
      vertex -6 65.7609 0
      vertex 16.8742 65.7609 17.35
    endloop
  endfacet
  facet normal 0 1 0
    outer loop
      vertex 54 65.7609 9
      vertex -6 65.7609 0
      vertex 22 65.7609 9
    endloop
  endfacet
  facet normal 0 1 -0
    outer loop
      vertex 57.8303 65.7609 19.2889
      vertex 54 65.7609 27
      vertex 58 65.7609 19.3
    endloop
  endfacet
  facet normal 0 1 -0
    outer loop
      vertex 57.6635 65.7609 19.2557
      vertex 54 65.7609 27
      vertex 57.8303 65.7609 19.2889
    endloop
  endfacet
  facet normal 0 1 -0
    outer loop
      vertex 57.5025 65.7609 19.201
      vertex 54 65.7609 27
      vertex 57.6635 65.7609 19.2557
    endloop
  endfacet
  facet normal 0 1 -0
    outer loop
      vertex 57.35 65.7609 19.1258
      vertex 54 65.7609 27
      vertex 57.5025 65.7609 19.201
    endloop
  endfacet
  facet normal 0 1 -0
    outer loop
      vertex 57.2086 65.7609 19.0314
      vertex 54 65.7609 27
      vertex 57.35 65.7609 19.1258
    endloop
  endfacet
  facet normal 0 1 -0
    outer loop
      vertex 57.0808 65.7609 18.9192
      vertex 54 65.7609 27
      vertex 57.2086 65.7609 19.0314
    endloop
  endfacet
  facet normal 0 1 -0
    outer loop
      vertex 56.9686 65.7609 18.7914
      vertex 54 65.7609 27
      vertex 57.0808 65.7609 18.9192
    endloop
  endfacet
  facet normal 0 1 -0
    outer loop
      vertex 56.8742 65.7609 18.65
      vertex 54 65.7609 27
      vertex 56.9686 65.7609 18.7914
    endloop
  endfacet
  facet normal 0 1 -0
    outer loop
      vertex 56.799 65.7609 18.4975
      vertex 54 65.7609 27
      vertex 56.8742 65.7609 18.65
    endloop
  endfacet
  facet normal 0 1 -0
    outer loop
      vertex 56.7443 65.7609 18.3365
      vertex 54 65.7609 27
      vertex 56.799 65.7609 18.4975
    endloop
  endfacet
  facet normal 0 1 -0
    outer loop
      vertex 56.7111 65.7609 18.1697
      vertex 54 65.7609 27
      vertex 56.7443 65.7609 18.3365
    endloop
  endfacet
  facet normal 0 1 -0
    outer loop
      vertex 56.7 65.7609 18
      vertex 54 65.7609 27
      vertex 56.7111 65.7609 18.1697
    endloop
  endfacet
  facet normal 0 1 0
    outer loop
      vertex 54 65.7609 9
      vertex 56.7 65.7609 18
      vertex 56.7111 65.7609 17.8303
    endloop
  endfacet
  facet normal 0 1 0
    outer loop
      vertex 54 65.7609 9
      vertex 56.7111 65.7609 17.8303
      vertex 56.7443 65.7609 17.6635
    endloop
  endfacet
  facet normal 0 1 0
    outer loop
      vertex 56.7 65.7609 18
      vertex 54 65.7609 9
      vertex 54 65.7609 27
    endloop
  endfacet
  facet normal 0 1 0
    outer loop
      vertex 56.799 65.7609 17.5025
      vertex 54 65.7609 9
      vertex 56.7443 65.7609 17.6635
    endloop
  endfacet
  facet normal 0 1 0
    outer loop
      vertex 56.8742 65.7609 17.35
      vertex 54 65.7609 9
      vertex 56.799 65.7609 17.5025
    endloop
  endfacet
  facet normal 0 1 0
    outer loop
      vertex 56.9686 65.7609 17.2086
      vertex 54 65.7609 9
      vertex 56.8742 65.7609 17.35
    endloop
  endfacet
  facet normal 0 1 0
    outer loop
      vertex 57.0808 65.7609 17.0808
      vertex 54 65.7609 9
      vertex 56.9686 65.7609 17.2086
    endloop
  endfacet
  facet normal 0 1 0
    outer loop
      vertex 57.2086 65.7609 16.9686
      vertex 54 65.7609 9
      vertex 57.0808 65.7609 17.0808
    endloop
  endfacet
  facet normal 0 1 0
    outer loop
      vertex 57.35 65.7609 16.8742
      vertex 54 65.7609 9
      vertex 57.2086 65.7609 16.9686
    endloop
  endfacet
  facet normal 0 1 0
    outer loop
      vertex 57.5025 65.7609 16.799
      vertex 54 65.7609 9
      vertex 57.35 65.7609 16.8742
    endloop
  endfacet
  facet normal 0 1 0
    outer loop
      vertex 57.6635 65.7609 16.7443
      vertex 54 65.7609 9
      vertex 57.5025 65.7609 16.799
    endloop
  endfacet
  facet normal 0 1 0
    outer loop
      vertex 57.8303 65.7609 16.7111
      vertex 54 65.7609 9
      vertex 57.6635 65.7609 16.7443
    endloop
  endfacet
  facet normal 0 1 0
    outer loop
      vertex 54 65.7609 9
      vertex 57.8303 65.7609 16.7111
      vertex 58 65.7609 16.7
    endloop
  endfacet
  facet normal 0 0 -1
    outer loop
      vertex 101.718 45.1968 0
      vertex 110 65.7609 0
      vertex 110 11.8511 0
    endloop
  endfacet
  facet normal 0 0 -1
    outer loop
      vertex 110 65.7609 0
      vertex 101.718 45.1968 0
      vertex 101.75 45.889 0
    endloop
  endfacet
  facet normal 0 0 -1
    outer loop
      vertex 110 11.8511 0
      vertex 101.622 44.5164 0
      vertex 101.718 45.1968 0
    endloop
  endfacet
  facet normal 0 0 -1
    outer loop
      vertex 110 11.8511 0
      vertex 101.465 43.8595 0
      vertex 101.622 44.5164 0
    endloop
  endfacet
  facet normal 0 0 -1
    outer loop
      vertex 110 11.8511 0
      vertex 101.248 43.2374 0
      vertex 101.465 43.8595 0
    endloop
  endfacet
  facet normal 0 0 -1
    outer loop
      vertex 110 11.8511 0
      vertex 100.975 42.6606 0
      vertex 101.248 43.2374 0
    endloop
  endfacet
  facet normal 0 0 -1
    outer loop
      vertex 110 11.8511 0
      vertex 100.652 42.139 0
      vertex 100.975 42.6606 0
    endloop
  endfacet
  facet normal 0 0 -1
    outer loop
      vertex 110 11.8511 0
      vertex 100.283 41.6816 0
      vertex 100.652 42.139 0
    endloop
  endfacet
  facet normal 0 0 -1
    outer loop
      vertex 110 11.8511 0
      vertex 100 18.8511 0
      vertex 100.283 41.6816 0
    endloop
  endfacet
  facet normal 0 0 -1
    outer loop
      vertex 110 11.8511 0
      vertex 4 18.8511 0
      vertex 100 18.8511 0
    endloop
  endfacet
  facet normal -0 0 -1
    outer loop
      vertex 4 18.8511 0
      vertex -6 11.8511 0
      vertex 4 58.7609 0
    endloop
  endfacet
  facet normal 0 0 -1
    outer loop
      vertex -6 11.8511 0
      vertex 4 18.8511 0
      vertex 110 11.8511 0
    endloop
  endfacet
  facet normal 0 0 -1
    outer loop
      vertex 101.718 46.5812 0
      vertex 110 65.7609 0
      vertex 101.75 45.889 0
    endloop
  endfacet
  facet normal 0 0 -1
    outer loop
      vertex 101.622 47.2616 0
      vertex 110 65.7609 0
      vertex 101.718 46.5812 0
    endloop
  endfacet
  facet normal 0 0 -1
    outer loop
      vertex 101.465 47.9185 0
      vertex 110 65.7609 0
      vertex 101.622 47.2616 0
    endloop
  endfacet
  facet normal 0 0 -1
    outer loop
      vertex 101.248 48.5407 0
      vertex 110 65.7609 0
      vertex 101.465 47.9185 0
    endloop
  endfacet
  facet normal 0 0 -1
    outer loop
      vertex 100.975 49.1175 0
      vertex 110 65.7609 0
      vertex 101.248 48.5407 0
    endloop
  endfacet
  facet normal 0 0 -1
    outer loop
      vertex 100 58.7609 0
      vertex 100.975 49.1175 0
      vertex 100.652 49.639 0
    endloop
  endfacet
  facet normal 0 0 -1
    outer loop
      vertex 100 58.7609 0
      vertex 100.652 49.639 0
      vertex 100.283 50.0964 0
    endloop
  endfacet
  facet normal 0 0 -1
    outer loop
      vertex 100 58.7609 0
      vertex 100.283 50.0964 0
      vertex 100 50.3637 0
    endloop
  endfacet
  facet normal 0 0 -1
    outer loop
      vertex 100.975 49.1175 0
      vertex 100 58.7609 0
      vertex 110 65.7609 0
    endloop
  endfacet
  facet normal 0 0 -1
    outer loop
      vertex 4 58.7609 0
      vertex 110 65.7609 0
      vertex 100 58.7609 0
    endloop
  endfacet
  facet normal 0 0 -1
    outer loop
      vertex 4 58.7609 0
      vertex -6 65.7609 0
      vertex 110 65.7609 0
    endloop
  endfacet
  facet normal 0 0 -1
    outer loop
      vertex -6 65.7609 0
      vertex 4 58.7609 0
      vertex -6 11.8511 0
    endloop
  endfacet
  facet normal 0 0 -1
    outer loop
      vertex 100.283 41.6816 0
      vertex 100 18.8511 0
      vertex 100 41.4143 0
    endloop
  endfacet
  facet normal 0 -1 0
    outer loop
      vertex -6 11.8511 0
      vertex -1.53915 11.8511 4.04999
      vertex -6 11.8511 4.04999
    endloop
  endfacet
  facet normal 0 -1 -0
    outer loop
      vertex -1 11.8511 4.00002
      vertex -6 11.8511 0
      vertex 105 11.8511 4.00002
    endloop
  endfacet
  facet normal 0 -1 -0
    outer loop
      vertex -1.53915 11.8511 4.04999
      vertex -6 11.8511 0
      vertex -1 11.8511 4.00002
    endloop
  endfacet
  facet normal 0 -1 0
    outer loop
      vertex 110 11.8511 0
      vertex 105.539 11.8511 4.04999
      vertex 105 11.8511 4.00002
    endloop
  endfacet
  facet normal 0 -1 0
    outer loop
      vertex 110 11.8511 0
      vertex 105 11.8511 4.00002
      vertex -6 11.8511 0
    endloop
  endfacet
  facet normal 0 -1 0
    outer loop
      vertex 105.539 11.8511 4.04999
      vertex 110 11.8511 0
      vertex 110 11.8511 4.04999
    endloop
  endfacet
  facet normal -0.000221988 -0.707102 0.707112
    outer loop
      vertex -6 11.8511 4.04999
      vertex -5.95723 14.9002 7.09906
      vertex -6 15.3617 7.56054
    endloop
  endfacet
  facet normal -2.9229e-05 -0.707103 0.70711
    outer loop
      vertex -6 11.8511 4.04999
      vertex -5.82964 14.4466 6.64547
      vertex -5.95723 14.9002 7.09906
    endloop
  endfacet
  facet normal 9.87486e-05 -0.707107 0.707106
    outer loop
      vertex -6 11.8511 4.04999
      vertex -5.6194 14.0087 6.20754
      vertex -5.82964 14.4466 6.64547
    endloop
  endfacet
  facet normal -3.97769e-05 -0.707095 0.707118
    outer loop
      vertex -6 11.8511 4.04999
      vertex -5.33014 13.5939 5.79277
      vertex -5.6194 14.0087 6.20754
    endloop
  endfacet
  facet normal 4.7605e-05 -0.707112 0.707102
    outer loop
      vertex -6 11.8511 4.04999
      vertex -4.96678 13.2094 5.40824
      vertex -5.33014 13.5939 5.79277
    endloop
  endfacet
  facet normal 2.31722e-05 -0.707103 0.707111
    outer loop
      vertex -6 11.8511 4.04999
      vertex -4.53554 12.8617 5.06053
      vertex -4.96678 13.2094 5.40824
    endloop
  endfacet
  facet normal -4.68752e-05 -0.707052 0.707162
    outer loop
      vertex -6 11.8511 4.04999
      vertex -4.04381 12.5567 4.75561
      vertex -4.53554 12.8617 5.06053
    endloop
  endfacet
  facet normal 1.27891e-05 -0.707135 0.707079
    outer loop
      vertex -6 11.8511 4.04999
      vertex -3.5 12.2998 4.49868
      vertex -4.04381 12.5567 4.75561
    endloop
  endfacet
  facet normal -1.86117e-05 -0.707047 0.707167
    outer loop
      vertex -6 11.8511 4.04999
      vertex -2.91342 12.0952 4.29413
      vertex -3.5 12.2998 4.49868
    endloop
  endfacet
  facet normal 1.00882e-05 -0.707228 0.706985
    outer loop
      vertex -6 11.8511 4.04999
      vertex -2.2941 11.9466 4.14547
      vertex -2.91342 12.0952 4.29413
    endloop
  endfacet
  facet normal 6.63913e-06 -0.707162 0.707052
    outer loop
      vertex -6 11.8511 4.04999
      vertex -1.65263 11.8564 4.05525
      vertex -2.2941 11.9466 4.14547
    endloop
  endfacet
  facet normal 0 -0.704423 0.70978
    outer loop
      vertex -1.65263 11.8564 4.05525
      vertex -6 11.8511 4.04999
      vertex -1.53915 11.8511 4.04999
    endloop
  endfacet
  facet normal 0 -0.707107 0.707107
    outer loop
      vertex -6 65.7609 57.9598
      vertex -1 65.7359 57.9348
      vertex 110 65.7609 57.9598
    endloop
  endfacet
  facet normal -1.56706e-16 -0.707107 0.707107
    outer loop
      vertex -6 65.7609 57.9598
      vertex -1.65263 65.7057 57.9046
      vertex -1 65.7359 57.9348
    endloop
  endfacet
  facet normal -2.76862e-15 -0.707107 0.707107
    outer loop
      vertex -6 65.7609 57.9598
      vertex -2.2941 65.6155 57.8144
      vertex -1.65263 65.7057 57.9046
    endloop
  endfacet
  facet normal -2.30359e-15 -0.707107 0.707107
    outer loop
      vertex -6 65.7609 57.9598
      vertex -2.91342 65.4668 57.6657
      vertex -2.2941 65.6155 57.8144
    endloop
  endfacet
  facet normal 1.85586e-15 -0.707107 0.707107
    outer loop
      vertex -6 65.7609 57.9598
      vertex -3.5 65.2623 57.4612
      vertex -2.91342 65.4668 57.6657
    endloop
  endfacet
  facet normal -4.16735e-15 -0.707107 0.707107
    outer loop
      vertex -6 65.7609 57.9598
      vertex -4.04381 65.0053 57.2042
      vertex -3.5 65.2623 57.4612
    endloop
  endfacet
  facet normal 0 -0.707107 0.707107
    outer loop
      vertex -6 65.7609 57.9598
      vertex -4.53554 64.7004 56.8993
      vertex -4.04381 65.0053 57.2042
    endloop
  endfacet
  facet normal 5.52322e-15 -0.707107 0.707107
    outer loop
      vertex -6 65.7609 57.9598
      vertex -4.96678 64.3527 56.5516
      vertex -4.53554 64.7004 56.8993
    endloop
  endfacet
  facet normal -0.000109542 -0.707147 0.707067
    outer loop
      vertex -6 65.7609 57.9598
      vertex -5.33014 63.9682 56.167
      vertex -4.96678 64.3527 56.5516
    endloop
  endfacet
  facet normal 0.000196 -0.70709 0.707124
    outer loop
      vertex -6 65.7609 57.9598
      vertex -5.6194 63.5534 55.7523
      vertex -5.33014 63.9682 56.167
    endloop
  endfacet
  facet normal 1.7922e-14 -0.707107 0.707107
    outer loop
      vertex -6 65.7609 57.9598
      vertex -5.82964 63.1155 55.3144
      vertex -5.6194 63.5534 55.7523
    endloop
  endfacet
  facet normal -3.63376e-14 -0.707107 0.707107
    outer loop
      vertex -6 65.7609 57.9598
      vertex -5.95723 62.6619 54.8608
      vertex -5.82964 63.1155 55.3144
    endloop
  endfacet
  facet normal 0 -0.707107 0.707107
    outer loop
      vertex -5.95723 62.6619 54.8608
      vertex -6 65.7609 57.9598
      vertex -6 62.2004 54.3993
    endloop
  endfacet
  facet normal 0 -0.707107 0.707107
    outer loop
      vertex 105 65.7359 57.9348
      vertex 110 65.7609 57.9598
      vertex -1 65.7359 57.9348
    endloop
  endfacet
  facet normal 1.55781e-16 -0.707107 0.707107
    outer loop
      vertex 105.653 65.7057 57.9046
      vertex 110 65.7609 57.9598
      vertex 105 65.7359 57.9348
    endloop
  endfacet
  facet normal 2.76901e-15 -0.707107 0.707107
    outer loop
      vertex 106.294 65.6155 57.8144
      vertex 110 65.7609 57.9598
      vertex 105.653 65.7057 57.9046
    endloop
  endfacet
  facet normal 2.3037e-15 -0.707107 0.707107
    outer loop
      vertex 106.913 65.4668 57.6657
      vertex 110 65.7609 57.9598
      vertex 106.294 65.6155 57.8144
    endloop
  endfacet
  facet normal -1.83096e-15 -0.707107 0.707107
    outer loop
      vertex 107.5 65.2623 57.4612
      vertex 110 65.7609 57.9598
      vertex 106.913 65.4668 57.6657
    endloop
  endfacet
  facet normal 4.14544e-15 -0.707107 0.707107
    outer loop
      vertex 108.044 65.0053 57.2042
      vertex 110 65.7609 57.9598
      vertex 107.5 65.2623 57.4612
    endloop
  endfacet
  facet normal 0 -0.707107 0.707107
    outer loop
      vertex 108.536 64.7004 56.8993
      vertex 110 65.7609 57.9598
      vertex 108.044 65.0053 57.2042
    endloop
  endfacet
  facet normal -5.48496e-15 -0.707107 0.707107
    outer loop
      vertex 108.967 64.3527 56.5516
      vertex 110 65.7609 57.9598
      vertex 108.536 64.7004 56.8993
    endloop
  endfacet
  facet normal 0.000109614 -0.707147 0.707067
    outer loop
      vertex 109.33 63.9682 56.167
      vertex 110 65.7609 57.9598
      vertex 108.967 64.3527 56.5516
    endloop
  endfacet
  facet normal -0.000196101 -0.70709 0.707124
    outer loop
      vertex 109.619 63.5534 55.7523
      vertex 110 65.7609 57.9598
      vertex 109.33 63.9682 56.167
    endloop
  endfacet
  facet normal -1.76213e-14 -0.707107 0.707107
    outer loop
      vertex 109.83 63.1155 55.3144
      vertex 110 65.7609 57.9598
      vertex 109.619 63.5534 55.7523
    endloop
  endfacet
  facet normal 3.76295e-14 -0.707107 0.707107
    outer loop
      vertex 109.957 62.6619 54.8608
      vertex 110 65.7609 57.9598
      vertex 109.83 63.1155 55.3144
    endloop
  endfacet
  facet normal 0 -0.707107 0.707107
    outer loop
      vertex 110 65.7609 57.9598
      vertex 109.957 62.6619 54.8608
      vertex 110 62.2004 54.3993
    endloop
  endfacet
  facet normal 0.000220801 -0.707102 0.707112
    outer loop
      vertex 109.957 14.9002 7.09906
      vertex 110 11.8511 4.04999
      vertex 110 15.3617 7.56054
    endloop
  endfacet
  facet normal 2.93508e-05 -0.707103 0.70711
    outer loop
      vertex 109.83 14.4466 6.64547
      vertex 110 11.8511 4.04999
      vertex 109.957 14.9002 7.09906
    endloop
  endfacet
  facet normal -9.84605e-05 -0.707107 0.707106
    outer loop
      vertex 109.619 14.0087 6.20754
      vertex 110 11.8511 4.04999
      vertex 109.83 14.4466 6.64547
    endloop
  endfacet
  facet normal 3.9797e-05 -0.707095 0.707118
    outer loop
      vertex 109.33 13.5939 5.79277
      vertex 110 11.8511 4.04999
      vertex 109.619 14.0087 6.20754
    endloop
  endfacet
  facet normal -4.76357e-05 -0.707112 0.707102
    outer loop
      vertex 108.967 13.2094 5.40824
      vertex 110 11.8511 4.04999
      vertex 109.33 13.5939 5.79277
    endloop
  endfacet
  facet normal -2.31821e-05 -0.707103 0.707111
    outer loop
      vertex 108.536 12.8617 5.06053
      vertex 110 11.8511 4.04999
      vertex 108.967 13.2094 5.40824
    endloop
  endfacet
  facet normal 4.68686e-05 -0.707052 0.707162
    outer loop
      vertex 108.044 12.5567 4.75561
      vertex 110 11.8511 4.04999
      vertex 108.536 12.8617 5.06053
    endloop
  endfacet
  facet normal -1.27879e-05 -0.707135 0.707079
    outer loop
      vertex 107.5 12.2998 4.49868
      vertex 110 11.8511 4.04999
      vertex 108.044 12.5567 4.75561
    endloop
  endfacet
  facet normal 1.86071e-05 -0.707047 0.707166
    outer loop
      vertex 106.913 12.0952 4.29413
      vertex 110 11.8511 4.04999
      vertex 107.5 12.2998 4.49868
    endloop
  endfacet
  facet normal -1.00884e-05 -0.707228 0.706985
    outer loop
      vertex 106.294 11.9466 4.14547
      vertex 110 11.8511 4.04999
      vertex 106.913 12.0952 4.29413
    endloop
  endfacet
  facet normal -6.63973e-06 -0.707162 0.707052
    outer loop
      vertex 105.653 11.8564 4.05525
      vertex 110 11.8511 4.04999
      vertex 106.294 11.9466 4.14547
    endloop
  endfacet
  facet normal 0 -0.704423 0.70978
    outer loop
      vertex 110 11.8511 4.04999
      vertex 105.653 11.8564 4.05525
      vertex 105.539 11.8511 4.04999
    endloop
  endfacet
  facet normal -1 0 0
    outer loop
      vertex 107 14.8511 7
      vertex 107 62.7609 3
      vertex 107 14.8511 3
    endloop
  endfacet
  facet normal -1 0 0
    outer loop
      vertex 107 62.7609 3
      vertex 107 14.8511 7
      vertex 107 62.7609 54.9098
    endloop
  endfacet
  facet normal 0 0 1
    outer loop
      vertex 101.718 42.1968 3
      vertex 107 62.7609 3
      vertex 101.75 42.889 3
    endloop
  endfacet
  facet normal 0 0 1
    outer loop
      vertex 107 62.7609 3
      vertex 101.718 43.5812 3
      vertex 101.75 42.889 3
    endloop
  endfacet
  facet normal 0 0 1
    outer loop
      vertex 107 62.7609 3
      vertex 101.622 44.2616 3
      vertex 101.718 43.5812 3
    endloop
  endfacet
  facet normal 0 0 1
    outer loop
      vertex 107 62.7609 3
      vertex 101.465 44.9185 3
      vertex 101.622 44.2616 3
    endloop
  endfacet
  facet normal 0 0 1
    outer loop
      vertex 107 62.7609 3
      vertex 101.248 45.5407 3
      vertex 101.465 44.9185 3
    endloop
  endfacet
  facet normal 0 0 1
    outer loop
      vertex 107 62.7609 3
      vertex 100.975 46.1175 3
      vertex 101.248 45.5407 3
    endloop
  endfacet
  facet normal 0 0 1
    outer loop
      vertex 107 62.7609 3
      vertex 100.652 46.639 3
      vertex 100.975 46.1175 3
    endloop
  endfacet
  facet normal 0 0 1
    outer loop
      vertex 107 62.7609 3
      vertex 100.283 47.0964 3
      vertex 100.652 46.639 3
    endloop
  endfacet
  facet normal 0 0 1
    outer loop
      vertex 107 62.7609 3
      vertex 100 58.7609 3
      vertex 100.283 47.0964 3
    endloop
  endfacet
  facet normal 0 0 1
    outer loop
      vertex 107 62.7609 3
      vertex 4 58.7609 3
      vertex 100 58.7609 3
    endloop
  endfacet
  facet normal 0 0 1
    outer loop
      vertex 4 58.7609 3
      vertex -3 62.7609 3
      vertex 4 18.8511 3
    endloop
  endfacet
  facet normal -0 0 1
    outer loop
      vertex -3 62.7609 3
      vertex 4 58.7609 3
      vertex 107 62.7609 3
    endloop
  endfacet
  facet normal 0 0 1
    outer loop
      vertex 107 62.7609 3
      vertex 101.718 42.1968 3
      vertex 107 14.8511 3
    endloop
  endfacet
  facet normal -0 0 1
    outer loop
      vertex 101.622 41.5164 3
      vertex 107 14.8511 3
      vertex 101.718 42.1968 3
    endloop
  endfacet
  facet normal -0 0 1
    outer loop
      vertex 101.465 40.8595 3
      vertex 107 14.8511 3
      vertex 101.622 41.5164 3
    endloop
  endfacet
  facet normal -0 0 1
    outer loop
      vertex 101.248 40.2374 3
      vertex 107 14.8511 3
      vertex 101.465 40.8595 3
    endloop
  endfacet
  facet normal -0 0 1
    outer loop
      vertex 100.975 39.6606 3
      vertex 107 14.8511 3
      vertex 101.248 40.2374 3
    endloop
  endfacet
  facet normal -0 0 1
    outer loop
      vertex 100.652 39.139 3
      vertex 107 14.8511 3
      vertex 100.975 39.6606 3
    endloop
  endfacet
  facet normal -0 0 1
    outer loop
      vertex 100.283 38.6816 3
      vertex 107 14.8511 3
      vertex 100.652 39.139 3
    endloop
  endfacet
  facet normal 0 0 1
    outer loop
      vertex 100 18.8511 3
      vertex 100.283 38.6816 3
      vertex 100 38.4143 3
    endloop
  endfacet
  facet normal 0 0 1
    outer loop
      vertex 100.283 38.6816 3
      vertex 100 18.8511 3
      vertex 107 14.8511 3
    endloop
  endfacet
  facet normal -0 0 1
    outer loop
      vertex 4 18.8511 3
      vertex 107 14.8511 3
      vertex 100 18.8511 3
    endloop
  endfacet
  facet normal 0 0 1
    outer loop
      vertex 4 18.8511 3
      vertex -3 14.8511 3
      vertex 107 14.8511 3
    endloop
  endfacet
  facet normal 0 0 1
    outer loop
      vertex -3 14.8511 3
      vertex 4 18.8511 3
      vertex -3 62.7609 3
    endloop
  endfacet
  facet normal 0 0 1
    outer loop
      vertex 100.283 47.0964 3
      vertex 100 58.7609 3
      vertex 100 47.3637 3
    endloop
  endfacet
  facet normal 1 -0 0
    outer loop
      vertex -3 14.8511 7
      vertex -3 62.7609 3
      vertex -3 62.7609 54.9098
    endloop
  endfacet
  facet normal 1 0 0
    outer loop
      vertex -3 62.7609 3
      vertex -3 14.8511 7
      vertex -3 14.8511 3
    endloop
  endfacet
  facet normal 0 -1 0
    outer loop
      vertex 54 62.7609 27
      vertex 57.8303 62.7609 19.2889
      vertex 58 62.7609 19.3
    endloop
  endfacet
  facet normal 0 -1 0
    outer loop
      vertex 54 62.7609 27
      vertex 57.6635 62.7609 19.2557
      vertex 57.8303 62.7609 19.2889
    endloop
  endfacet
  facet normal 0 -1 0
    outer loop
      vertex 54 62.7609 27
      vertex 57.5025 62.7609 19.201
      vertex 57.6635 62.7609 19.2557
    endloop
  endfacet
  facet normal 0 -1 0
    outer loop
      vertex 54 62.7609 27
      vertex 57.35 62.7609 19.1258
      vertex 57.5025 62.7609 19.201
    endloop
  endfacet
  facet normal 0 -1 0
    outer loop
      vertex 54 62.7609 27
      vertex 57.2086 62.7609 19.0314
      vertex 57.35 62.7609 19.1258
    endloop
  endfacet
  facet normal 0 -1 0
    outer loop
      vertex 54 62.7609 27
      vertex 57.0808 62.7609 18.9192
      vertex 57.2086 62.7609 19.0314
    endloop
  endfacet
  facet normal 0 -1 0
    outer loop
      vertex 54 62.7609 27
      vertex 56.9686 62.7609 18.7914
      vertex 57.0808 62.7609 18.9192
    endloop
  endfacet
  facet normal 0 -1 0
    outer loop
      vertex 54 62.7609 27
      vertex 56.8742 62.7609 18.65
      vertex 56.9686 62.7609 18.7914
    endloop
  endfacet
  facet normal 0 -1 0
    outer loop
      vertex 54 62.7609 27
      vertex 56.799 62.7609 18.4975
      vertex 56.8742 62.7609 18.65
    endloop
  endfacet
  facet normal 0 -1 0
    outer loop
      vertex 54 62.7609 27
      vertex 56.7443 62.7609 18.3365
      vertex 56.799 62.7609 18.4975
    endloop
  endfacet
  facet normal 0 -1 0
    outer loop
      vertex 54 62.7609 27
      vertex 56.7111 62.7609 18.1697
      vertex 56.7443 62.7609 18.3365
    endloop
  endfacet
  facet normal 0 -1 0
    outer loop
      vertex 54 62.7609 27
      vertex 56.7 62.7609 18
      vertex 56.7111 62.7609 18.1697
    endloop
  endfacet
  facet normal 0 -1 0
    outer loop
      vertex 54 62.7609 9
      vertex 56.7 62.7609 18
      vertex 54 62.7609 27
    endloop
  endfacet
  facet normal 0 -1 -0
    outer loop
      vertex 56.7 62.7609 18
      vertex 54 62.7609 9
      vertex 56.7111 62.7609 17.8303
    endloop
  endfacet
  facet normal 0 -1 -0
    outer loop
      vertex 57.8303 62.7609 16.7111
      vertex 54 62.7609 9
      vertex 58 62.7609 16.7
    endloop
  endfacet
  facet normal 0 -1 -0
    outer loop
      vertex 57.6635 62.7609 16.7443
      vertex 54 62.7609 9
      vertex 57.8303 62.7609 16.7111
    endloop
  endfacet
  facet normal 0 -1 -0
    outer loop
      vertex 57.5025 62.7609 16.799
      vertex 54 62.7609 9
      vertex 57.6635 62.7609 16.7443
    endloop
  endfacet
  facet normal 0 -1 -0
    outer loop
      vertex 57.35 62.7609 16.8742
      vertex 54 62.7609 9
      vertex 57.5025 62.7609 16.799
    endloop
  endfacet
  facet normal 0 -1 -0
    outer loop
      vertex 57.2086 62.7609 16.9686
      vertex 54 62.7609 9
      vertex 57.35 62.7609 16.8742
    endloop
  endfacet
  facet normal 0 -1 -0
    outer loop
      vertex 57.0808 62.7609 17.0808
      vertex 54 62.7609 9
      vertex 57.2086 62.7609 16.9686
    endloop
  endfacet
  facet normal 0 -1 -0
    outer loop
      vertex 56.9686 62.7609 17.2086
      vertex 54 62.7609 9
      vertex 57.0808 62.7609 17.0808
    endloop
  endfacet
  facet normal 0 -1 -0
    outer loop
      vertex 56.8742 62.7609 17.35
      vertex 54 62.7609 9
      vertex 56.9686 62.7609 17.2086
    endloop
  endfacet
  facet normal 0 -1 -0
    outer loop
      vertex 56.799 62.7609 17.5025
      vertex 54 62.7609 9
      vertex 56.8742 62.7609 17.35
    endloop
  endfacet
  facet normal 0 -1 -0
    outer loop
      vertex 56.7443 62.7609 17.6635
      vertex 54 62.7609 9
      vertex 56.799 62.7609 17.5025
    endloop
  endfacet
  facet normal 0 -1 -0
    outer loop
      vertex 56.7111 62.7609 17.8303
      vertex 54 62.7609 9
      vertex 56.7443 62.7609 17.6635
    endloop
  endfacet
  facet normal 0 -1 0
    outer loop
      vertex 77.4645 62.7609 54.454
      vertex 94.6451 62.7609 54.7684
      vertex 77.3549 62.7609 54.7684
    endloop
  endfacet
  facet normal 0 -1 0
    outer loop
      vertex 77.4645 62.7609 54.454
      vertex 94.5355 62.7609 54.454
      vertex 94.6451 62.7609 54.7684
    endloop
  endfacet
  facet normal 0 -1 0
    outer loop
      vertex 77.6222 62.7609 53.7971
      vertex 94.5355 62.7609 54.454
      vertex 77.4645 62.7609 54.454
    endloop
  endfacet
  facet normal 0 -1 0
    outer loop
      vertex 77.6222 62.7609 53.7971
      vertex 94.3778 62.7609 53.7971
      vertex 94.5355 62.7609 54.454
    endloop
  endfacet
  facet normal 0 -1 0
    outer loop
      vertex 77.7179 62.7609 53.1168
      vertex 94.3778 62.7609 53.7971
      vertex 77.6222 62.7609 53.7971
    endloop
  endfacet
  facet normal 0 -1 0
    outer loop
      vertex 77.7179 62.7609 53.1168
      vertex 94.2821 62.7609 53.1168
      vertex 94.3778 62.7609 53.7971
    endloop
  endfacet
  facet normal 0 -1 0
    outer loop
      vertex 77.75 62.7609 52.4245
      vertex 94.2821 62.7609 53.1168
      vertex 77.7179 62.7609 53.1168
    endloop
  endfacet
  facet normal 0 -1 0
    outer loop
      vertex 77.75 62.7609 52.4245
      vertex 94.25 62.7609 52.4245
      vertex 94.2821 62.7609 53.1168
    endloop
  endfacet
  facet normal 0 -1 0
    outer loop
      vertex 77.7179 62.7609 51.7323
      vertex 94.25 62.7609 52.4245
      vertex 77.75 62.7609 52.4245
    endloop
  endfacet
  facet normal 0 -1 0
    outer loop
      vertex 77.7179 62.7609 51.7323
      vertex 94.2821 62.7609 51.7323
      vertex 94.25 62.7609 52.4245
    endloop
  endfacet
  facet normal 0 -1 0
    outer loop
      vertex 77.6222 62.7609 51.0519
      vertex 94.2821 62.7609 51.7323
      vertex 77.7179 62.7609 51.7323
    endloop
  endfacet
  facet normal 0 -1 0
    outer loop
      vertex 77.6222 62.7609 51.0519
      vertex 94.3778 62.7609 51.0519
      vertex 94.2821 62.7609 51.7323
    endloop
  endfacet
  facet normal 0 -1 0
    outer loop
      vertex 77.4645 62.7609 50.3951
      vertex 94.3778 62.7609 51.0519
      vertex 77.6222 62.7609 51.0519
    endloop
  endfacet
  facet normal 0 -1 0
    outer loop
      vertex 77.4645 62.7609 50.3951
      vertex 94.5355 62.7609 50.3951
      vertex 94.3778 62.7609 51.0519
    endloop
  endfacet
  facet normal 0 -1 0
    outer loop
      vertex 77.2476 62.7609 49.7729
      vertex 94.5355 62.7609 50.3951
      vertex 77.4645 62.7609 50.3951
    endloop
  endfacet
  facet normal 0 -1 0
    outer loop
      vertex 77.2476 62.7609 49.7729
      vertex 94.7524 62.7609 49.7729
      vertex 94.5355 62.7609 50.3951
    endloop
  endfacet
  facet normal 0 -1 0
    outer loop
      vertex 76.9751 62.7609 49.1961
      vertex 94.7524 62.7609 49.7729
      vertex 77.2476 62.7609 49.7729
    endloop
  endfacet
  facet normal 0 -1 0
    outer loop
      vertex 76.9751 62.7609 49.1961
      vertex 95.0249 62.7609 49.1961
      vertex 94.7524 62.7609 49.7729
    endloop
  endfacet
  facet normal 0 -1 0
    outer loop
      vertex 76.6516 62.7609 48.6745
      vertex 95.0249 62.7609 49.1961
      vertex 76.9751 62.7609 49.1961
    endloop
  endfacet
  facet normal 0 -1 0
    outer loop
      vertex 76.6516 62.7609 48.6745
      vertex 95.3484 62.7609 48.6745
      vertex 95.0249 62.7609 49.1961
    endloop
  endfacet
  facet normal 0 -1 0
    outer loop
      vertex 76.2829 62.7609 48.2171
      vertex 95.3484 62.7609 48.6745
      vertex 76.6516 62.7609 48.6745
    endloop
  endfacet
  facet normal 0 -1 0
    outer loop
      vertex 76.2829 62.7609 48.2171
      vertex 95.7171 62.7609 48.2171
      vertex 95.3484 62.7609 48.6745
    endloop
  endfacet
  facet normal 0 -1 0
    outer loop
      vertex 75.875 62.7609 47.8317
      vertex 95.7171 62.7609 48.2171
      vertex 76.2829 62.7609 48.2171
    endloop
  endfacet
  facet normal 0 -1 0
    outer loop
      vertex 75.875 62.7609 47.8317
      vertex 96.125 62.7609 47.8317
      vertex 95.7171 62.7609 48.2171
    endloop
  endfacet
  facet normal 0 -1 0
    outer loop
      vertex 75.4351 62.7609 47.5249
      vertex 96.125 62.7609 47.8317
      vertex 75.875 62.7609 47.8317
    endloop
  endfacet
  facet normal 0 -1 0
    outer loop
      vertex 75.4351 62.7609 47.5249
      vertex 96.5649 62.7609 47.5249
      vertex 96.125 62.7609 47.8317
    endloop
  endfacet
  facet normal 0 -1 0
    outer loop
      vertex 74.9706 62.7609 47.3019
      vertex 96.5649 62.7609 47.5249
      vertex 75.4351 62.7609 47.5249
    endloop
  endfacet
  facet normal 0 -1 0
    outer loop
      vertex 74.9706 62.7609 47.3019
      vertex 97.0294 62.7609 47.3019
      vertex 96.5649 62.7609 47.5249
    endloop
  endfacet
  facet normal 0 -1 0
    outer loop
      vertex 59.2557 62.7609 18.3365
      vertex 74.9706 62.7609 47.3019
      vertex 74.4895 62.7609 47.1666
    endloop
  endfacet
  facet normal 0 -1 -0
    outer loop
      vertex 74.9706 62.7609 47.3019
      vertex 59.2889 62.7609 18.1697
      vertex 97.0294 62.7609 47.3019
    endloop
  endfacet
  facet normal 0 -1 0
    outer loop
      vertex 59.1258 62.7609 18.65
      vertex 74.4895 62.7609 47.1666
      vertex 74 62.7609 47.1212
    endloop
  endfacet
  facet normal 0 -1 0
    outer loop
      vertex 107 62.7609 3
      vertex 97.0294 62.7609 47.3019
      vertex 59.2889 62.7609 18.1697
    endloop
  endfacet
  facet normal 0 -1 0
    outer loop
      vertex -3 62.7609 54.9098
      vertex 70.6451 62.7609 54.7684
      vertex 107 62.7609 54.9098
    endloop
  endfacet
  facet normal 0 -1 0
    outer loop
      vertex -3 62.7609 54.9098
      vertex 70.5355 62.7609 54.454
      vertex 70.6451 62.7609 54.7684
    endloop
  endfacet
  facet normal 0 -1 0
    outer loop
      vertex -3 62.7609 54.9098
      vertex 70.3778 62.7609 53.7971
      vertex 70.5355 62.7609 54.454
    endloop
  endfacet
  facet normal 0 -1 0
    outer loop
      vertex 22 62.7609 27
      vertex 70.3778 62.7609 53.7971
      vertex -3 62.7609 54.9098
    endloop
  endfacet
  facet normal 0 -1 0
    outer loop
      vertex 70.3778 62.7609 53.7971
      vertex 22 62.7609 27
      vertex 70.2821 62.7609 53.1168
    endloop
  endfacet
  facet normal 0 -1 0
    outer loop
      vertex 54 62.7609 27
      vertex 70.2821 62.7609 53.1168
      vertex 22 62.7609 27
    endloop
  endfacet
  facet normal 0 -1 0
    outer loop
      vertex 70.2821 62.7609 53.1168
      vertex 54 62.7609 27
      vertex 70.25 62.7609 52.4245
    endloop
  endfacet
  facet normal 0 -1 -0
    outer loop
      vertex 70.25 62.7609 52.4245
      vertex 54 62.7609 27
      vertex 70.2821 62.7609 51.7323
    endloop
  endfacet
  facet normal 0 -1 -0
    outer loop
      vertex 70.2821 62.7609 51.7323
      vertex 54 62.7609 27
      vertex 70.3778 62.7609 51.0519
    endloop
  endfacet
  facet normal 0 -1 -0
    outer loop
      vertex 70.3778 62.7609 51.0519
      vertex 54 62.7609 27
      vertex 70.5355 62.7609 50.3951
    endloop
  endfacet
  facet normal 0 -1 -0
    outer loop
      vertex 70.5355 62.7609 50.3951
      vertex 54 62.7609 27
      vertex 70.7524 62.7609 49.7729
    endloop
  endfacet
  facet normal 0 -1 -0
    outer loop
      vertex 70.7524 62.7609 49.7729
      vertex 54 62.7609 27
      vertex 71.0249 62.7609 49.1961
    endloop
  endfacet
  facet normal 0 -1 -0
    outer loop
      vertex 71.0249 62.7609 49.1961
      vertex 54 62.7609 27
      vertex 71.3484 62.7609 48.6745
    endloop
  endfacet
  facet normal 0 -1 -0
    outer loop
      vertex 71.3484 62.7609 48.6745
      vertex 54 62.7609 27
      vertex 71.7171 62.7609 48.2171
    endloop
  endfacet
  facet normal 0 -1 -0
    outer loop
      vertex 71.7171 62.7609 48.2171
      vertex 54 62.7609 27
      vertex 72.125 62.7609 47.8317
    endloop
  endfacet
  facet normal 0 -1 -0
    outer loop
      vertex 72.125 62.7609 47.8317
      vertex 54 62.7609 27
      vertex 72.5649 62.7609 47.5249
    endloop
  endfacet
  facet normal 0 -1 0
    outer loop
      vertex 58.9192 62.7609 18.9192
      vertex 73.5105 62.7609 47.1666
      vertex 54 62.7609 27
    endloop
  endfacet
  facet normal 0 -1 -0
    outer loop
      vertex 73.0294 62.7609 47.3019
      vertex 54 62.7609 27
      vertex 73.5105 62.7609 47.1666
    endloop
  endfacet
  facet normal 0 -1 -0
    outer loop
      vertex 72.5649 62.7609 47.5249
      vertex 54 62.7609 27
      vertex 73.0294 62.7609 47.3019
    endloop
  endfacet
  facet normal 0 -1 0
    outer loop
      vertex 17.0808 62.7609 18.9192
      vertex 22 62.7609 27
      vertex -3 62.7609 54.9098
    endloop
  endfacet
  facet normal 0 -1 0
    outer loop
      vertex 22 62.7609 27
      vertex 17.8303 62.7609 19.2889
      vertex 18 62.7609 19.3
    endloop
  endfacet
  facet normal 0 -1 0
    outer loop
      vertex 22 62.7609 27
      vertex 17.6635 62.7609 19.2557
      vertex 17.8303 62.7609 19.2889
    endloop
  endfacet
  facet normal 0 -1 0
    outer loop
      vertex 22 62.7609 27
      vertex 17.5025 62.7609 19.201
      vertex 17.6635 62.7609 19.2557
    endloop
  endfacet
  facet normal 0 -1 0
    outer loop
      vertex 22 62.7609 27
      vertex 17.35 62.7609 19.1258
      vertex 17.5025 62.7609 19.201
    endloop
  endfacet
  facet normal 0 -1 0
    outer loop
      vertex 22 62.7609 27
      vertex 17.2086 62.7609 19.0314
      vertex 17.35 62.7609 19.1258
    endloop
  endfacet
  facet normal 0 -1 0
    outer loop
      vertex 22 62.7609 27
      vertex 17.0808 62.7609 18.9192
      vertex 17.2086 62.7609 19.0314
    endloop
  endfacet
  facet normal 0 -1 0
    outer loop
      vertex -3 62.7609 54.9098
      vertex 16.9686 62.7609 18.7914
      vertex 17.0808 62.7609 18.9192
    endloop
  endfacet
  facet normal 0 -1 0
    outer loop
      vertex -3 62.7609 54.9098
      vertex 16.8742 62.7609 18.65
      vertex 16.9686 62.7609 18.7914
    endloop
  endfacet
  facet normal 0 -1 0
    outer loop
      vertex -3 62.7609 54.9098
      vertex 16.799 62.7609 18.4975
      vertex 16.8742 62.7609 18.65
    endloop
  endfacet
  facet normal 0 -1 0
    outer loop
      vertex -3 62.7609 3
      vertex 16.799 62.7609 18.4975
      vertex -3 62.7609 54.9098
    endloop
  endfacet
  facet normal 0 -1 0
    outer loop
      vertex 16.799 62.7609 18.4975
      vertex -3 62.7609 3
      vertex 16.7443 62.7609 18.3365
    endloop
  endfacet
  facet normal 0 -1 0
    outer loop
      vertex 16.7443 62.7609 18.3365
      vertex -3 62.7609 3
      vertex 16.7111 62.7609 18.1697
    endloop
  endfacet
  facet normal 0 -1 0
    outer loop
      vertex 16.7111 62.7609 18.1697
      vertex -3 62.7609 3
      vertex 16.7 62.7609 18
    endloop
  endfacet
  facet normal 0 -1 -0
    outer loop
      vertex 16.7 62.7609 18
      vertex -3 62.7609 3
      vertex 16.7111 62.7609 17.8303
    endloop
  endfacet
  facet normal 0 -1 -0
    outer loop
      vertex 16.7111 62.7609 17.8303
      vertex -3 62.7609 3
      vertex 16.7443 62.7609 17.6635
    endloop
  endfacet
  facet normal 0 -1 -0
    outer loop
      vertex 16.7443 62.7609 17.6635
      vertex -3 62.7609 3
      vertex 16.799 62.7609 17.5025
    endloop
  endfacet
  facet normal 0 -1 0
    outer loop
      vertex 17.8303 62.7609 16.7111
      vertex 22 62.7609 9
      vertex 18 62.7609 16.7
    endloop
  endfacet
  facet normal 0 -1 0
    outer loop
      vertex 17.6635 62.7609 16.7443
      vertex 22 62.7609 9
      vertex 17.8303 62.7609 16.7111
    endloop
  endfacet
  facet normal 0 -1 0
    outer loop
      vertex 17.5025 62.7609 16.799
      vertex 22 62.7609 9
      vertex 17.6635 62.7609 16.7443
    endloop
  endfacet
  facet normal 0 -1 0
    outer loop
      vertex 17.35 62.7609 16.8742
      vertex 22 62.7609 9
      vertex 17.5025 62.7609 16.799
    endloop
  endfacet
  facet normal 0 -1 0
    outer loop
      vertex 17.2086 62.7609 16.9686
      vertex 22 62.7609 9
      vertex 17.35 62.7609 16.8742
    endloop
  endfacet
  facet normal 0 -1 0
    outer loop
      vertex -3 62.7609 3
      vertex 17.2086 62.7609 16.9686
      vertex 17.0808 62.7609 17.0808
    endloop
  endfacet
  facet normal 0 -1 0
    outer loop
      vertex -3 62.7609 3
      vertex 17.0808 62.7609 17.0808
      vertex 16.9686 62.7609 17.2086
    endloop
  endfacet
  facet normal 0 -1 0
    outer loop
      vertex -3 62.7609 3
      vertex 16.9686 62.7609 17.2086
      vertex 16.8742 62.7609 17.35
    endloop
  endfacet
  facet normal 0 -1 -0
    outer loop
      vertex 22 62.7609 9
      vertex -3 62.7609 3
      vertex 54 62.7609 9
    endloop
  endfacet
  facet normal 0 -1 -0
    outer loop
      vertex 17.2086 62.7609 16.9686
      vertex -3 62.7609 3
      vertex 22 62.7609 9
    endloop
  endfacet
  facet normal 0 -1 -0
    outer loop
      vertex 16.799 62.7609 17.5025
      vertex -3 62.7609 3
      vertex 16.8742 62.7609 17.35
    endloop
  endfacet
  facet normal 0 -1 0
    outer loop
      vertex 77.3549 62.7609 54.7684
      vertex 107 62.7609 54.9098
      vertex 70.6451 62.7609 54.7684
    endloop
  endfacet
  facet normal 0 -1 0
    outer loop
      vertex 94.6451 62.7609 54.7684
      vertex 107 62.7609 54.9098
      vertex 77.3549 62.7609 54.7684
    endloop
  endfacet
  facet normal 0 -1 0
    outer loop
      vertex 101.355 62.7609 54.7684
      vertex 107 62.7609 54.9098
      vertex 94.6451 62.7609 54.7684
    endloop
  endfacet
  facet normal 0 -1 0
    outer loop
      vertex 101.465 62.7609 54.454
      vertex 107 62.7609 54.9098
      vertex 101.355 62.7609 54.7684
    endloop
  endfacet
  facet normal 0 -1 0
    outer loop
      vertex 101.622 62.7609 53.7971
      vertex 107 62.7609 54.9098
      vertex 101.465 62.7609 54.454
    endloop
  endfacet
  facet normal 0 -1 0
    outer loop
      vertex 101.718 62.7609 53.1168
      vertex 107 62.7609 54.9098
      vertex 101.622 62.7609 53.7971
    endloop
  endfacet
  facet normal 0 -1 0
    outer loop
      vertex 101.75 62.7609 52.4245
      vertex 107 62.7609 54.9098
      vertex 101.718 62.7609 53.1168
    endloop
  endfacet
  facet normal 0 -1 0
    outer loop
      vertex 101.718 62.7609 51.7323
      vertex 107 62.7609 54.9098
      vertex 101.75 62.7609 52.4245
    endloop
  endfacet
  facet normal 0 -1 0
    outer loop
      vertex 101.622 62.7609 51.0519
      vertex 107 62.7609 54.9098
      vertex 101.718 62.7609 51.7323
    endloop
  endfacet
  facet normal 0 -1 0
    outer loop
      vertex 101.465 62.7609 50.3951
      vertex 107 62.7609 54.9098
      vertex 101.622 62.7609 51.0519
    endloop
  endfacet
  facet normal 0 -1 0
    outer loop
      vertex 101.248 62.7609 49.7729
      vertex 107 62.7609 54.9098
      vertex 101.465 62.7609 50.3951
    endloop
  endfacet
  facet normal 0 -1 0
    outer loop
      vertex 100.975 62.7609 49.1961
      vertex 107 62.7609 54.9098
      vertex 101.248 62.7609 49.7729
    endloop
  endfacet
  facet normal 0 -1 0
    outer loop
      vertex 100.652 62.7609 48.6745
      vertex 107 62.7609 54.9098
      vertex 100.975 62.7609 49.1961
    endloop
  endfacet
  facet normal 0 -1 0
    outer loop
      vertex 107 62.7609 3
      vertex 100.652 62.7609 48.6745
      vertex 100.283 62.7609 48.2171
    endloop
  endfacet
  facet normal 0 -1 0
    outer loop
      vertex 59.0314 62.7609 18.7914
      vertex 73.5105 62.7609 47.1666
      vertex 58.9192 62.7609 18.9192
    endloop
  endfacet
  facet normal 0 -1 -0
    outer loop
      vertex 73.5105 62.7609 47.1666
      vertex 59.0314 62.7609 18.7914
      vertex 74 62.7609 47.1212
    endloop
  endfacet
  facet normal 0 -1 0
    outer loop
      vertex 59.1258 62.7609 18.65
      vertex 74 62.7609 47.1212
      vertex 59.0314 62.7609 18.7914
    endloop
  endfacet
  facet normal 0 -1 0
    outer loop
      vertex 58.1697 62.7609 19.2889
      vertex 54 62.7609 27
      vertex 58 62.7609 19.3
    endloop
  endfacet
  facet normal 0 -1 0
    outer loop
      vertex 58.3365 62.7609 19.2557
      vertex 54 62.7609 27
      vertex 58.1697 62.7609 19.2889
    endloop
  endfacet
  facet normal 0 -1 0
    outer loop
      vertex 58.4975 62.7609 19.201
      vertex 54 62.7609 27
      vertex 58.3365 62.7609 19.2557
    endloop
  endfacet
  facet normal 0 -1 0
    outer loop
      vertex 58.65 62.7609 19.1258
      vertex 54 62.7609 27
      vertex 58.4975 62.7609 19.201
    endloop
  endfacet
  facet normal 0 -1 0
    outer loop
      vertex 58.7914 62.7609 19.0314
      vertex 54 62.7609 27
      vertex 58.65 62.7609 19.1258
    endloop
  endfacet
  facet normal 0 -1 0
    outer loop
      vertex 58.9192 62.7609 18.9192
      vertex 54 62.7609 27
      vertex 58.7914 62.7609 19.0314
    endloop
  endfacet
  facet normal 0 -1 0
    outer loop
      vertex 74.4895 62.7609 47.1666
      vertex 59.1258 62.7609 18.65
      vertex 59.201 62.7609 18.4975
    endloop
  endfacet
  facet normal 0 -1 0
    outer loop
      vertex 74.4895 62.7609 47.1666
      vertex 59.201 62.7609 18.4975
      vertex 59.2557 62.7609 18.3365
    endloop
  endfacet
  facet normal 0 -1 0
    outer loop
      vertex 74.9706 62.7609 47.3019
      vertex 59.2557 62.7609 18.3365
      vertex 59.2889 62.7609 18.1697
    endloop
  endfacet
  facet normal 0 -1 0
    outer loop
      vertex 97.0294 62.7609 47.3019
      vertex 107 62.7609 3
      vertex 97.5105 62.7609 47.1666
    endloop
  endfacet
  facet normal 0 -1 0
    outer loop
      vertex 97.5105 62.7609 47.1666
      vertex 107 62.7609 3
      vertex 98 62.7609 47.1212
    endloop
  endfacet
  facet normal 0 -1 0
    outer loop
      vertex 98 62.7609 47.1212
      vertex 107 62.7609 3
      vertex 98.4895 62.7609 47.1666
    endloop
  endfacet
  facet normal 0 -1 0
    outer loop
      vertex 98.4895 62.7609 47.1666
      vertex 107 62.7609 3
      vertex 98.9706 62.7609 47.3019
    endloop
  endfacet
  facet normal 0 -1 0
    outer loop
      vertex 98.9706 62.7609 47.3019
      vertex 107 62.7609 3
      vertex 99.4351 62.7609 47.5249
    endloop
  endfacet
  facet normal 0 -1 0
    outer loop
      vertex 107 62.7609 3
      vertex 59.2889 62.7609 18.1697
      vertex 59.3 62.7609 18
    endloop
  endfacet
  facet normal 0 -1 0
    outer loop
      vertex 107 62.7609 3
      vertex 59.3 62.7609 18
      vertex 59.2889 62.7609 17.8303
    endloop
  endfacet
  facet normal 0 -1 0
    outer loop
      vertex 107 62.7609 3
      vertex 59.2889 62.7609 17.8303
      vertex 59.2557 62.7609 17.6635
    endloop
  endfacet
  facet normal 0 -1 0
    outer loop
      vertex 107 62.7609 3
      vertex 59.2557 62.7609 17.6635
      vertex 59.201 62.7609 17.5025
    endloop
  endfacet
  facet normal 0 -1 0
    outer loop
      vertex 107 62.7609 3
      vertex 59.201 62.7609 17.5025
      vertex 59.1258 62.7609 17.35
    endloop
  endfacet
  facet normal 0 -1 0
    outer loop
      vertex 107 62.7609 3
      vertex 59.1258 62.7609 17.35
      vertex 59.0314 62.7609 17.2086
    endloop
  endfacet
  facet normal 0 -1 0
    outer loop
      vertex 107 62.7609 3
      vertex 59.0314 62.7609 17.2086
      vertex 58.9192 62.7609 17.0808
    endloop
  endfacet
  facet normal 0 -1 0
    outer loop
      vertex 54 62.7609 9
      vertex 58.9192 62.7609 17.0808
      vertex 58.7914 62.7609 16.9686
    endloop
  endfacet
  facet normal 0 -1 0
    outer loop
      vertex 54 62.7609 9
      vertex 58.1697 62.7609 16.7111
      vertex 58 62.7609 16.7
    endloop
  endfacet
  facet normal 0 -1 0
    outer loop
      vertex 54 62.7609 9
      vertex 58.3365 62.7609 16.7443
      vertex 58.1697 62.7609 16.7111
    endloop
  endfacet
  facet normal 0 -1 0
    outer loop
      vertex 54 62.7609 9
      vertex 58.4975 62.7609 16.799
      vertex 58.3365 62.7609 16.7443
    endloop
  endfacet
  facet normal 0 -1 0
    outer loop
      vertex 54 62.7609 9
      vertex 58.65 62.7609 16.8742
      vertex 58.4975 62.7609 16.799
    endloop
  endfacet
  facet normal 0 -1 0
    outer loop
      vertex 54 62.7609 9
      vertex 58.7914 62.7609 16.9686
      vertex 58.65 62.7609 16.8742
    endloop
  endfacet
  facet normal 0 -1 -0
    outer loop
      vertex 58.9192 62.7609 17.0808
      vertex 54 62.7609 9
      vertex 107 62.7609 3
    endloop
  endfacet
  facet normal 0 -1 0
    outer loop
      vertex 100.652 62.7609 48.6745
      vertex 107 62.7609 3
      vertex 107 62.7609 54.9098
    endloop
  endfacet
  facet normal 0 -1 0
    outer loop
      vertex 99.875 62.7609 47.8317
      vertex 107 62.7609 3
      vertex 100.283 62.7609 48.2171
    endloop
  endfacet
  facet normal 0 -1 0
    outer loop
      vertex 99.4351 62.7609 47.5249
      vertex 107 62.7609 3
      vertex 99.875 62.7609 47.8317
    endloop
  endfacet
  facet normal 0 -1 0
    outer loop
      vertex 107 62.7609 3
      vertex 54 62.7609 9
      vertex -3 62.7609 3
    endloop
  endfacet
  facet normal 0 -1 0
    outer loop
      vertex 18.1697 62.7609 19.2889
      vertex 22 62.7609 27
      vertex 18 62.7609 19.3
    endloop
  endfacet
  facet normal 0 -1 0
    outer loop
      vertex 18.3365 62.7609 19.2557
      vertex 22 62.7609 27
      vertex 18.1697 62.7609 19.2889
    endloop
  endfacet
  facet normal 0 -1 0
    outer loop
      vertex 18.4975 62.7609 19.201
      vertex 22 62.7609 27
      vertex 18.3365 62.7609 19.2557
    endloop
  endfacet
  facet normal 0 -1 0
    outer loop
      vertex 18.65 62.7609 19.1258
      vertex 22 62.7609 27
      vertex 18.4975 62.7609 19.201
    endloop
  endfacet
  facet normal 0 -1 0
    outer loop
      vertex 18.7914 62.7609 19.0314
      vertex 22 62.7609 27
      vertex 18.65 62.7609 19.1258
    endloop
  endfacet
  facet normal 0 -1 0
    outer loop
      vertex 18.9192 62.7609 18.9192
      vertex 22 62.7609 27
      vertex 18.7914 62.7609 19.0314
    endloop
  endfacet
  facet normal 0 -1 0
    outer loop
      vertex 19.0314 62.7609 18.7914
      vertex 22 62.7609 27
      vertex 18.9192 62.7609 18.9192
    endloop
  endfacet
  facet normal 0 -1 0
    outer loop
      vertex 19.1258 62.7609 18.65
      vertex 22 62.7609 27
      vertex 19.0314 62.7609 18.7914
    endloop
  endfacet
  facet normal 0 -1 0
    outer loop
      vertex 19.201 62.7609 18.4975
      vertex 22 62.7609 27
      vertex 19.1258 62.7609 18.65
    endloop
  endfacet
  facet normal 0 -1 0
    outer loop
      vertex 19.2557 62.7609 18.3365
      vertex 22 62.7609 27
      vertex 19.201 62.7609 18.4975
    endloop
  endfacet
  facet normal 0 -1 0
    outer loop
      vertex 19.2889 62.7609 18.1697
      vertex 22 62.7609 27
      vertex 19.2557 62.7609 18.3365
    endloop
  endfacet
  facet normal 0 -1 0
    outer loop
      vertex 19.3 62.7609 18
      vertex 22 62.7609 27
      vertex 19.2889 62.7609 18.1697
    endloop
  endfacet
  facet normal 0 -1 0
    outer loop
      vertex 22 62.7609 9
      vertex 19.3 62.7609 18
      vertex 19.2889 62.7609 17.8303
    endloop
  endfacet
  facet normal 0 -1 0
    outer loop
      vertex 22 62.7609 9
      vertex 19.2889 62.7609 17.8303
      vertex 19.2557 62.7609 17.6635
    endloop
  endfacet
  facet normal 0 -1 0
    outer loop
      vertex 19.3 62.7609 18
      vertex 22 62.7609 9
      vertex 22 62.7609 27
    endloop
  endfacet
  facet normal 0 -1 0
    outer loop
      vertex 19.201 62.7609 17.5025
      vertex 22 62.7609 9
      vertex 19.2557 62.7609 17.6635
    endloop
  endfacet
  facet normal 0 -1 0
    outer loop
      vertex 19.1258 62.7609 17.35
      vertex 22 62.7609 9
      vertex 19.201 62.7609 17.5025
    endloop
  endfacet
  facet normal 0 -1 0
    outer loop
      vertex 19.0314 62.7609 17.2086
      vertex 22 62.7609 9
      vertex 19.1258 62.7609 17.35
    endloop
  endfacet
  facet normal 0 -1 0
    outer loop
      vertex 18.9192 62.7609 17.0808
      vertex 22 62.7609 9
      vertex 19.0314 62.7609 17.2086
    endloop
  endfacet
  facet normal 0 -1 0
    outer loop
      vertex 18.7914 62.7609 16.9686
      vertex 22 62.7609 9
      vertex 18.9192 62.7609 17.0808
    endloop
  endfacet
  facet normal 0 -1 0
    outer loop
      vertex 18.65 62.7609 16.8742
      vertex 22 62.7609 9
      vertex 18.7914 62.7609 16.9686
    endloop
  endfacet
  facet normal 0 -1 0
    outer loop
      vertex 18.4975 62.7609 16.799
      vertex 22 62.7609 9
      vertex 18.65 62.7609 16.8742
    endloop
  endfacet
  facet normal 0 -1 0
    outer loop
      vertex 18.3365 62.7609 16.7443
      vertex 22 62.7609 9
      vertex 18.4975 62.7609 16.799
    endloop
  endfacet
  facet normal 0 -1 0
    outer loop
      vertex 18.1697 62.7609 16.7111
      vertex 22 62.7609 9
      vertex 18.3365 62.7609 16.7443
    endloop
  endfacet
  facet normal 0 -1 0
    outer loop
      vertex 22 62.7609 9
      vertex 18.1697 62.7609 16.7111
      vertex 18 62.7609 16.7
    endloop
  endfacet
  facet normal 0 1 -0
    outer loop
      vertex 107 14.8511 3
      vertex -3 14.8511 7
      vertex 107 14.8511 7
    endloop
  endfacet
  facet normal 0 1 0
    outer loop
      vertex -3 14.8511 7
      vertex 107 14.8511 3
      vertex -3 14.8511 3
    endloop
  endfacet
  facet normal -1 0 0
    outer loop
      vertex 100 50.3637 0
      vertex 100 58.7609 3
      vertex 100 58.7609 0
    endloop
  endfacet
  facet normal -1 -0 0
    outer loop
      vertex 100 58.7609 3
      vertex 100 50.3637 0
      vertex 100 47.3637 3
    endloop
  endfacet
  facet normal -1 0 0
    outer loop
      vertex 100 18.8511 0
      vertex 100 38.4143 3
      vertex 100 41.4143 0
    endloop
  endfacet
  facet normal -1 -0 0
    outer loop
      vertex 100 38.4143 3
      vertex 100 18.8511 0
      vertex 100 18.8511 3
    endloop
  endfacet
  facet normal 1 -0 0
    outer loop
      vertex 4 18.8511 3
      vertex 4 58.7609 0
      vertex 4 58.7609 3
    endloop
  endfacet
  facet normal 1 0 0
    outer loop
      vertex 4 58.7609 0
      vertex 4 18.8511 3
      vertex 4 18.8511 0
    endloop
  endfacet
  facet normal 0 -1 0
    outer loop
      vertex 4 58.7609 0
      vertex 100 58.7609 3
      vertex 4 58.7609 3
    endloop
  endfacet
  facet normal 0 -1 -0
    outer loop
      vertex 100 58.7609 3
      vertex 4 58.7609 0
      vertex 100 58.7609 0
    endloop
  endfacet
  facet normal 0 1 -0
    outer loop
      vertex 100 18.8511 0
      vertex 4 18.8511 3
      vertex 100 18.8511 3
    endloop
  endfacet
  facet normal 0 1 0
    outer loop
      vertex 4 18.8511 3
      vertex 100 18.8511 0
      vertex 4 18.8511 0
    endloop
  endfacet
  facet normal 0.896884 -0 0.442267
    outer loop
      vertex 16.799 62.7609 17.5025
      vertex 16.8742 65.7609 17.35
      vertex 16.799 65.7609 17.5025
    endloop
  endfacet
  facet normal 0.896884 0 0.442267
    outer loop
      vertex 16.8742 65.7609 17.35
      vertex 16.799 62.7609 17.5025
      vertex 16.8742 62.7609 17.35
    endloop
  endfacet
  facet normal -0.321692 0 0.946844
    outer loop
      vertex 18.3365 65.7609 16.7443
      vertex 18.4975 62.7609 16.799
      vertex 18.4975 65.7609 16.799
    endloop
  endfacet
  facet normal -0.321692 0 0.946844
    outer loop
      vertex 18.4975 62.7609 16.799
      vertex 18.3365 65.7609 16.7443
      vertex 18.3365 62.7609 16.7443
    endloop
  endfacet
  facet normal -0.980761 0 -0.195211
    outer loop
      vertex 19.2889 62.7609 18.1697
      vertex 19.2557 65.7609 18.3365
      vertex 19.2889 65.7609 18.1697
    endloop
  endfacet
  facet normal -0.980761 -0 -0.195211
    outer loop
      vertex 19.2557 65.7609 18.3365
      vertex 19.2889 62.7609 18.1697
      vertex 19.2557 62.7609 18.3365
    endloop
  endfacet
  facet normal -0.997868 0 -0.0652701
    outer loop
      vertex 19.3 62.7609 18
      vertex 19.2889 65.7609 18.1697
      vertex 19.3 65.7609 18
    endloop
  endfacet
  facet normal -0.997868 -0 -0.0652701
    outer loop
      vertex 19.2889 65.7609 18.1697
      vertex 19.3 62.7609 18
      vertex 19.2889 62.7609 18.1697
    endloop
  endfacet
  facet normal -0.946844 0 -0.321692
    outer loop
      vertex 19.2557 62.7609 18.3365
      vertex 19.201 65.7609 18.4975
      vertex 19.2557 65.7609 18.3365
    endloop
  endfacet
  facet normal -0.946844 -0 -0.321692
    outer loop
      vertex 19.201 65.7609 18.4975
      vertex 19.2557 62.7609 18.3365
      vertex 19.201 62.7609 18.4975
    endloop
  endfacet
  facet normal -0.442267 0 0.896884
    outer loop
      vertex 18.4975 65.7609 16.799
      vertex 18.65 62.7609 16.8742
      vertex 18.65 65.7609 16.8742
    endloop
  endfacet
  facet normal -0.442267 0 0.896884
    outer loop
      vertex 18.65 62.7609 16.8742
      vertex 18.4975 65.7609 16.799
      vertex 18.4975 62.7609 16.799
    endloop
  endfacet
  facet normal -0.321692 0 -0.946844
    outer loop
      vertex 18.3365 62.7609 19.2557
      vertex 18.4975 65.7609 19.201
      vertex 18.4975 62.7609 19.201
    endloop
  endfacet
  facet normal -0.321692 0 -0.946844
    outer loop
      vertex 18.4975 65.7609 19.201
      vertex 18.3365 62.7609 19.2557
      vertex 18.3365 65.7609 19.2557
    endloop
  endfacet
  facet normal 0.831688 0 -0.555243
    outer loop
      vertex 16.9686 62.7609 18.7914
      vertex 16.8742 65.7609 18.65
      vertex 16.9686 65.7609 18.7914
    endloop
  endfacet
  facet normal 0.831688 0 -0.555243
    outer loop
      vertex 16.8742 65.7609 18.65
      vertex 16.9686 62.7609 18.7914
      vertex 16.8742 62.7609 18.65
    endloop
  endfacet
  facet normal 0.896884 0 -0.442267
    outer loop
      vertex 16.8742 62.7609 18.65
      vertex 16.799 65.7609 18.4975
      vertex 16.8742 65.7609 18.65
    endloop
  endfacet
  facet normal 0.896884 0 -0.442267
    outer loop
      vertex 16.799 65.7609 18.4975
      vertex 16.8742 62.7609 18.65
      vertex 16.799 62.7609 18.4975
    endloop
  endfacet
  facet normal 0.659753 0 0.751483
    outer loop
      vertex 17.0808 65.7609 17.0808
      vertex 17.2086 62.7609 16.9686
      vertex 17.2086 65.7609 16.9686
    endloop
  endfacet
  facet normal 0.659753 0 0.751483
    outer loop
      vertex 17.2086 62.7609 16.9686
      vertex 17.0808 65.7609 17.0808
      vertex 17.0808 62.7609 17.0808
    endloop
  endfacet
  facet normal 0.997868 0 -0.0652701
    outer loop
      vertex 16.7111 62.7609 18.1697
      vertex 16.7 65.7609 18
      vertex 16.7111 65.7609 18.1697
    endloop
  endfacet
  facet normal 0.997868 0 -0.0652701
    outer loop
      vertex 16.7 65.7609 18
      vertex 16.7111 62.7609 18.1697
      vertex 16.7 62.7609 18
    endloop
  endfacet
  facet normal -0.946844 0 0.321692
    outer loop
      vertex 19.201 62.7609 17.5025
      vertex 19.2557 65.7609 17.6635
      vertex 19.201 65.7609 17.5025
    endloop
  endfacet
  facet normal -0.946844 0 0.321692
    outer loop
      vertex 19.2557 65.7609 17.6635
      vertex 19.201 62.7609 17.5025
      vertex 19.2557 62.7609 17.6635
    endloop
  endfacet
  facet normal 0.980761 -0 0.195211
    outer loop
      vertex 16.7111 62.7609 17.8303
      vertex 16.7443 65.7609 17.6635
      vertex 16.7111 65.7609 17.8303
    endloop
  endfacet
  facet normal 0.980761 0 0.195211
    outer loop
      vertex 16.7443 65.7609 17.6635
      vertex 16.7111 62.7609 17.8303
      vertex 16.7443 62.7609 17.6635
    endloop
  endfacet
  facet normal 0.195211 0 -0.980761
    outer loop
      vertex 17.6635 62.7609 19.2557
      vertex 17.8303 65.7609 19.2889
      vertex 17.8303 62.7609 19.2889
    endloop
  endfacet
  facet normal 0.195211 0 -0.980761
    outer loop
      vertex 17.8303 65.7609 19.2889
      vertex 17.6635 62.7609 19.2557
      vertex 17.6635 65.7609 19.2557
    endloop
  endfacet
  facet normal 0.946844 0 -0.321692
    outer loop
      vertex 16.799 62.7609 18.4975
      vertex 16.7443 65.7609 18.3365
      vertex 16.799 65.7609 18.4975
    endloop
  endfacet
  facet normal 0.946844 0 -0.321692
    outer loop
      vertex 16.7443 65.7609 18.3365
      vertex 16.799 62.7609 18.4975
      vertex 16.7443 62.7609 18.3365
    endloop
  endfacet
  facet normal 0.442267 0 -0.896884
    outer loop
      vertex 17.35 62.7609 19.1258
      vertex 17.5025 65.7609 19.201
      vertex 17.5025 62.7609 19.201
    endloop
  endfacet
  facet normal 0.442267 0 -0.896884
    outer loop
      vertex 17.5025 65.7609 19.201
      vertex 17.35 62.7609 19.1258
      vertex 17.35 65.7609 19.1258
    endloop
  endfacet
  facet normal -0.896884 0 -0.442267
    outer loop
      vertex 19.201 62.7609 18.4975
      vertex 19.1258 65.7609 18.65
      vertex 19.201 65.7609 18.4975
    endloop
  endfacet
  facet normal -0.896884 -0 -0.442267
    outer loop
      vertex 19.1258 65.7609 18.65
      vertex 19.201 62.7609 18.4975
      vertex 19.1258 62.7609 18.65
    endloop
  endfacet
  facet normal 0.321692 0 0.946844
    outer loop
      vertex 17.5025 65.7609 16.799
      vertex 17.6635 62.7609 16.7443
      vertex 17.6635 65.7609 16.7443
    endloop
  endfacet
  facet normal 0.321692 0 0.946844
    outer loop
      vertex 17.6635 62.7609 16.7443
      vertex 17.5025 65.7609 16.799
      vertex 17.5025 62.7609 16.799
    endloop
  endfacet
  facet normal -0.980761 0 0.195211
    outer loop
      vertex 19.2557 62.7609 17.6635
      vertex 19.2889 65.7609 17.8303
      vertex 19.2557 65.7609 17.6635
    endloop
  endfacet
  facet normal -0.980761 0 0.195211
    outer loop
      vertex 19.2889 65.7609 17.8303
      vertex 19.2557 62.7609 17.6635
      vertex 19.2889 62.7609 17.8303
    endloop
  endfacet
  facet normal -0.831688 0 0.555243
    outer loop
      vertex 19.0314 62.7609 17.2086
      vertex 19.1258 65.7609 17.35
      vertex 19.0314 65.7609 17.2086
    endloop
  endfacet
  facet normal -0.831688 0 0.555243
    outer loop
      vertex 19.1258 65.7609 17.35
      vertex 19.0314 62.7609 17.2086
      vertex 19.1258 62.7609 17.35
    endloop
  endfacet
  facet normal -0.195211 0 0.980761
    outer loop
      vertex 18.1697 65.7609 16.7111
      vertex 18.3365 62.7609 16.7443
      vertex 18.3365 65.7609 16.7443
    endloop
  endfacet
  facet normal -0.195211 0 0.980761
    outer loop
      vertex 18.3365 62.7609 16.7443
      vertex 18.1697 65.7609 16.7111
      vertex 18.1697 62.7609 16.7111
    endloop
  endfacet
  facet normal -0.0652701 0 -0.997868
    outer loop
      vertex 18 62.7609 19.3
      vertex 18.1697 65.7609 19.2889
      vertex 18.1697 62.7609 19.2889
    endloop
  endfacet
  facet normal -0.0652701 0 -0.997868
    outer loop
      vertex 18.1697 65.7609 19.2889
      vertex 18 62.7609 19.3
      vertex 18 65.7609 19.3
    endloop
  endfacet
  facet normal 0.751483 -0 0.659753
    outer loop
      vertex 16.9686 62.7609 17.2086
      vertex 17.0808 65.7609 17.0808
      vertex 16.9686 65.7609 17.2086
    endloop
  endfacet
  facet normal 0.751483 0 0.659753
    outer loop
      vertex 17.0808 65.7609 17.0808
      vertex 16.9686 62.7609 17.2086
      vertex 17.0808 62.7609 17.0808
    endloop
  endfacet
  facet normal 0.659753 0 -0.751483
    outer loop
      vertex 17.0808 62.7609 18.9192
      vertex 17.2086 65.7609 19.0314
      vertex 17.2086 62.7609 19.0314
    endloop
  endfacet
  facet normal 0.659753 0 -0.751483
    outer loop
      vertex 17.2086 65.7609 19.0314
      vertex 17.0808 62.7609 18.9192
      vertex 17.0808 65.7609 18.9192
    endloop
  endfacet
  facet normal 0.555243 0 -0.831688
    outer loop
      vertex 17.2086 62.7609 19.0314
      vertex 17.35 65.7609 19.1258
      vertex 17.35 62.7609 19.1258
    endloop
  endfacet
  facet normal 0.555243 0 -0.831688
    outer loop
      vertex 17.35 65.7609 19.1258
      vertex 17.2086 62.7609 19.0314
      vertex 17.2086 65.7609 19.0314
    endloop
  endfacet
  facet normal 0.0652701 0 0.997868
    outer loop
      vertex 17.8303 65.7609 16.7111
      vertex 18 62.7609 16.7
      vertex 18 65.7609 16.7
    endloop
  endfacet
  facet normal 0.0652701 0 0.997868
    outer loop
      vertex 18 62.7609 16.7
      vertex 17.8303 65.7609 16.7111
      vertex 17.8303 62.7609 16.7111
    endloop
  endfacet
  facet normal -0.751483 0 0.659753
    outer loop
      vertex 18.9192 62.7609 17.0808
      vertex 19.0314 65.7609 17.2086
      vertex 18.9192 65.7609 17.0808
    endloop
  endfacet
  facet normal -0.751483 0 0.659753
    outer loop
      vertex 19.0314 65.7609 17.2086
      vertex 18.9192 62.7609 17.0808
      vertex 19.0314 62.7609 17.2086
    endloop
  endfacet
  facet normal -0.659753 0 -0.751483
    outer loop
      vertex 18.7914 62.7609 19.0314
      vertex 18.9192 65.7609 18.9192
      vertex 18.9192 62.7609 18.9192
    endloop
  endfacet
  facet normal -0.659753 0 -0.751483
    outer loop
      vertex 18.9192 65.7609 18.9192
      vertex 18.7914 62.7609 19.0314
      vertex 18.7914 65.7609 19.0314
    endloop
  endfacet
  facet normal -0.831688 0 -0.555243
    outer loop
      vertex 19.1258 62.7609 18.65
      vertex 19.0314 65.7609 18.7914
      vertex 19.1258 65.7609 18.65
    endloop
  endfacet
  facet normal -0.831688 -0 -0.555243
    outer loop
      vertex 19.0314 65.7609 18.7914
      vertex 19.1258 62.7609 18.65
      vertex 19.0314 62.7609 18.7914
    endloop
  endfacet
  facet normal -0.555243 0 -0.831688
    outer loop
      vertex 18.65 62.7609 19.1258
      vertex 18.7914 65.7609 19.0314
      vertex 18.7914 62.7609 19.0314
    endloop
  endfacet
  facet normal -0.555243 0 -0.831688
    outer loop
      vertex 18.7914 65.7609 19.0314
      vertex 18.65 62.7609 19.1258
      vertex 18.65 65.7609 19.1258
    endloop
  endfacet
  facet normal 0.321692 0 -0.946844
    outer loop
      vertex 17.5025 62.7609 19.201
      vertex 17.6635 65.7609 19.2557
      vertex 17.6635 62.7609 19.2557
    endloop
  endfacet
  facet normal 0.321692 0 -0.946844
    outer loop
      vertex 17.6635 65.7609 19.2557
      vertex 17.5025 62.7609 19.201
      vertex 17.5025 65.7609 19.201
    endloop
  endfacet
  facet normal 0.0652701 0 -0.997868
    outer loop
      vertex 17.8303 62.7609 19.2889
      vertex 18 65.7609 19.3
      vertex 18 62.7609 19.3
    endloop
  endfacet
  facet normal 0.0652701 0 -0.997868
    outer loop
      vertex 18 65.7609 19.3
      vertex 17.8303 62.7609 19.2889
      vertex 17.8303 65.7609 19.2889
    endloop
  endfacet
  facet normal -0.997868 0 0.0652701
    outer loop
      vertex 19.2889 62.7609 17.8303
      vertex 19.3 65.7609 18
      vertex 19.2889 65.7609 17.8303
    endloop
  endfacet
  facet normal -0.997868 0 0.0652701
    outer loop
      vertex 19.3 65.7609 18
      vertex 19.2889 62.7609 17.8303
      vertex 19.3 62.7609 18
    endloop
  endfacet
  facet normal 0.195211 0 0.980761
    outer loop
      vertex 17.6635 65.7609 16.7443
      vertex 17.8303 62.7609 16.7111
      vertex 17.8303 65.7609 16.7111
    endloop
  endfacet
  facet normal 0.195211 0 0.980761
    outer loop
      vertex 17.8303 62.7609 16.7111
      vertex 17.6635 65.7609 16.7443
      vertex 17.6635 62.7609 16.7443
    endloop
  endfacet
  facet normal -0.555243 0 0.831688
    outer loop
      vertex 18.65 65.7609 16.8742
      vertex 18.7914 62.7609 16.9686
      vertex 18.7914 65.7609 16.9686
    endloop
  endfacet
  facet normal -0.555243 0 0.831688
    outer loop
      vertex 18.7914 62.7609 16.9686
      vertex 18.65 65.7609 16.8742
      vertex 18.65 62.7609 16.8742
    endloop
  endfacet
  facet normal -0.896884 0 0.442267
    outer loop
      vertex 19.1258 62.7609 17.35
      vertex 19.201 65.7609 17.5025
      vertex 19.1258 65.7609 17.35
    endloop
  endfacet
  facet normal -0.896884 0 0.442267
    outer loop
      vertex 19.201 65.7609 17.5025
      vertex 19.1258 62.7609 17.35
      vertex 19.201 62.7609 17.5025
    endloop
  endfacet
  facet normal -0.0652701 0 0.997868
    outer loop
      vertex 18 65.7609 16.7
      vertex 18.1697 62.7609 16.7111
      vertex 18.1697 65.7609 16.7111
    endloop
  endfacet
  facet normal -0.0652701 0 0.997868
    outer loop
      vertex 18.1697 62.7609 16.7111
      vertex 18 65.7609 16.7
      vertex 18 62.7609 16.7
    endloop
  endfacet
  facet normal 0.442267 0 0.896884
    outer loop
      vertex 17.35 65.7609 16.8742
      vertex 17.5025 62.7609 16.799
      vertex 17.5025 65.7609 16.799
    endloop
  endfacet
  facet normal 0.442267 0 0.896884
    outer loop
      vertex 17.5025 62.7609 16.799
      vertex 17.35 65.7609 16.8742
      vertex 17.35 62.7609 16.8742
    endloop
  endfacet
  facet normal 0.831688 -0 0.555243
    outer loop
      vertex 16.8742 62.7609 17.35
      vertex 16.9686 65.7609 17.2086
      vertex 16.8742 65.7609 17.35
    endloop
  endfacet
  facet normal 0.831688 0 0.555243
    outer loop
      vertex 16.9686 65.7609 17.2086
      vertex 16.8742 62.7609 17.35
      vertex 16.9686 62.7609 17.2086
    endloop
  endfacet
  facet normal -0.751483 0 -0.659753
    outer loop
      vertex 19.0314 62.7609 18.7914
      vertex 18.9192 65.7609 18.9192
      vertex 19.0314 65.7609 18.7914
    endloop
  endfacet
  facet normal -0.751483 -0 -0.659753
    outer loop
      vertex 18.9192 65.7609 18.9192
      vertex 19.0314 62.7609 18.7914
      vertex 18.9192 62.7609 18.9192
    endloop
  endfacet
  facet normal 0.751483 0 -0.659753
    outer loop
      vertex 17.0808 62.7609 18.9192
      vertex 16.9686 65.7609 18.7914
      vertex 17.0808 65.7609 18.9192
    endloop
  endfacet
  facet normal 0.751483 0 -0.659753
    outer loop
      vertex 16.9686 65.7609 18.7914
      vertex 17.0808 62.7609 18.9192
      vertex 16.9686 62.7609 18.7914
    endloop
  endfacet
  facet normal -0.442267 0 -0.896884
    outer loop
      vertex 18.4975 62.7609 19.201
      vertex 18.65 65.7609 19.1258
      vertex 18.65 62.7609 19.1258
    endloop
  endfacet
  facet normal -0.442267 0 -0.896884
    outer loop
      vertex 18.65 65.7609 19.1258
      vertex 18.4975 62.7609 19.201
      vertex 18.4975 65.7609 19.201
    endloop
  endfacet
  facet normal 0.946844 -0 0.321692
    outer loop
      vertex 16.7443 62.7609 17.6635
      vertex 16.799 65.7609 17.5025
      vertex 16.7443 65.7609 17.6635
    endloop
  endfacet
  facet normal 0.946844 0 0.321692
    outer loop
      vertex 16.799 65.7609 17.5025
      vertex 16.7443 62.7609 17.6635
      vertex 16.799 62.7609 17.5025
    endloop
  endfacet
  facet normal -0.195211 0 -0.980761
    outer loop
      vertex 18.1697 62.7609 19.2889
      vertex 18.3365 65.7609 19.2557
      vertex 18.3365 62.7609 19.2557
    endloop
  endfacet
  facet normal -0.195211 0 -0.980761
    outer loop
      vertex 18.3365 65.7609 19.2557
      vertex 18.1697 62.7609 19.2889
      vertex 18.1697 65.7609 19.2889
    endloop
  endfacet
  facet normal 0.997868 -0 0.0652701
    outer loop
      vertex 16.7 62.7609 18
      vertex 16.7111 65.7609 17.8303
      vertex 16.7 65.7609 18
    endloop
  endfacet
  facet normal 0.997868 0 0.0652701
    outer loop
      vertex 16.7111 65.7609 17.8303
      vertex 16.7 62.7609 18
      vertex 16.7111 62.7609 17.8303
    endloop
  endfacet
  facet normal 0.555243 0 0.831688
    outer loop
      vertex 17.2086 65.7609 16.9686
      vertex 17.35 62.7609 16.8742
      vertex 17.35 65.7609 16.8742
    endloop
  endfacet
  facet normal 0.555243 0 0.831688
    outer loop
      vertex 17.35 62.7609 16.8742
      vertex 17.2086 65.7609 16.9686
      vertex 17.2086 62.7609 16.9686
    endloop
  endfacet
  facet normal 0.980761 0 -0.195211
    outer loop
      vertex 16.7443 62.7609 18.3365
      vertex 16.7111 65.7609 18.1697
      vertex 16.7443 65.7609 18.3365
    endloop
  endfacet
  facet normal 0.980761 0 -0.195211
    outer loop
      vertex 16.7111 65.7609 18.1697
      vertex 16.7443 62.7609 18.3365
      vertex 16.7111 62.7609 18.1697
    endloop
  endfacet
  facet normal -0.659753 0 0.751483
    outer loop
      vertex 18.7914 65.7609 16.9686
      vertex 18.9192 62.7609 17.0808
      vertex 18.9192 65.7609 17.0808
    endloop
  endfacet
  facet normal -0.659753 0 0.751483
    outer loop
      vertex 18.9192 62.7609 17.0808
      vertex 18.7914 65.7609 16.9686
      vertex 18.7914 62.7609 16.9686
    endloop
  endfacet
  facet normal 0.896884 -0 0.442267
    outer loop
      vertex 56.799 62.7609 17.5025
      vertex 56.8742 65.7609 17.35
      vertex 56.799 65.7609 17.5025
    endloop
  endfacet
  facet normal 0.896884 0 0.442267
    outer loop
      vertex 56.8742 65.7609 17.35
      vertex 56.799 62.7609 17.5025
      vertex 56.8742 62.7609 17.35
    endloop
  endfacet
  facet normal -0.321692 0 0.946844
    outer loop
      vertex 58.3365 65.7609 16.7443
      vertex 58.4975 62.7609 16.799
      vertex 58.4975 65.7609 16.799
    endloop
  endfacet
  facet normal -0.321692 0 0.946844
    outer loop
      vertex 58.4975 62.7609 16.799
      vertex 58.3365 65.7609 16.7443
      vertex 58.3365 62.7609 16.7443
    endloop
  endfacet
  facet normal -0.980761 0 -0.195211
    outer loop
      vertex 59.2889 62.7609 18.1697
      vertex 59.2557 65.7609 18.3365
      vertex 59.2889 65.7609 18.1697
    endloop
  endfacet
  facet normal -0.980761 -0 -0.195211
    outer loop
      vertex 59.2557 65.7609 18.3365
      vertex 59.2889 62.7609 18.1697
      vertex 59.2557 62.7609 18.3365
    endloop
  endfacet
  facet normal -0.997868 0 -0.0652701
    outer loop
      vertex 59.3 62.7609 18
      vertex 59.2889 65.7609 18.1697
      vertex 59.3 65.7609 18
    endloop
  endfacet
  facet normal -0.997868 -0 -0.0652701
    outer loop
      vertex 59.2889 65.7609 18.1697
      vertex 59.3 62.7609 18
      vertex 59.2889 62.7609 18.1697
    endloop
  endfacet
  facet normal -0.946844 0 -0.321692
    outer loop
      vertex 59.2557 62.7609 18.3365
      vertex 59.201 65.7609 18.4975
      vertex 59.2557 65.7609 18.3365
    endloop
  endfacet
  facet normal -0.946844 -0 -0.321692
    outer loop
      vertex 59.201 65.7609 18.4975
      vertex 59.2557 62.7609 18.3365
      vertex 59.201 62.7609 18.4975
    endloop
  endfacet
  facet normal -0.442267 0 0.896884
    outer loop
      vertex 58.4975 65.7609 16.799
      vertex 58.65 62.7609 16.8742
      vertex 58.65 65.7609 16.8742
    endloop
  endfacet
  facet normal -0.442267 0 0.896884
    outer loop
      vertex 58.65 62.7609 16.8742
      vertex 58.4975 65.7609 16.799
      vertex 58.4975 62.7609 16.799
    endloop
  endfacet
  facet normal -0.321692 0 -0.946844
    outer loop
      vertex 58.3365 62.7609 19.2557
      vertex 58.4975 65.7609 19.201
      vertex 58.4975 62.7609 19.201
    endloop
  endfacet
  facet normal -0.321692 0 -0.946844
    outer loop
      vertex 58.4975 65.7609 19.201
      vertex 58.3365 62.7609 19.2557
      vertex 58.3365 65.7609 19.2557
    endloop
  endfacet
  facet normal -0.442267 0 -0.896884
    outer loop
      vertex 58.4975 62.7609 19.201
      vertex 58.65 65.7609 19.1258
      vertex 58.65 62.7609 19.1258
    endloop
  endfacet
  facet normal -0.442267 0 -0.896884
    outer loop
      vertex 58.65 65.7609 19.1258
      vertex 58.4975 62.7609 19.201
      vertex 58.4975 65.7609 19.201
    endloop
  endfacet
  facet normal 0.831688 0 -0.555243
    outer loop
      vertex 56.9686 62.7609 18.7914
      vertex 56.8742 65.7609 18.65
      vertex 56.9686 65.7609 18.7914
    endloop
  endfacet
  facet normal 0.831688 0 -0.555243
    outer loop
      vertex 56.8742 65.7609 18.65
      vertex 56.9686 62.7609 18.7914
      vertex 56.8742 62.7609 18.65
    endloop
  endfacet
  facet normal 0.896884 0 -0.442267
    outer loop
      vertex 56.8742 62.7609 18.65
      vertex 56.799 65.7609 18.4975
      vertex 56.8742 65.7609 18.65
    endloop
  endfacet
  facet normal 0.896884 0 -0.442267
    outer loop
      vertex 56.799 65.7609 18.4975
      vertex 56.8742 62.7609 18.65
      vertex 56.799 62.7609 18.4975
    endloop
  endfacet
  facet normal 0.659753 0 0.751483
    outer loop
      vertex 57.0808 65.7609 17.0808
      vertex 57.2086 62.7609 16.9686
      vertex 57.2086 65.7609 16.9686
    endloop
  endfacet
  facet normal 0.659753 0 0.751483
    outer loop
      vertex 57.2086 62.7609 16.9686
      vertex 57.0808 65.7609 17.0808
      vertex 57.0808 62.7609 17.0808
    endloop
  endfacet
  facet normal 0.997868 0 -0.0652701
    outer loop
      vertex 56.7111 62.7609 18.1697
      vertex 56.7 65.7609 18
      vertex 56.7111 65.7609 18.1697
    endloop
  endfacet
  facet normal 0.997868 0 -0.0652701
    outer loop
      vertex 56.7 65.7609 18
      vertex 56.7111 62.7609 18.1697
      vertex 56.7 62.7609 18
    endloop
  endfacet
  facet normal -0.946844 0 0.321692
    outer loop
      vertex 59.201 62.7609 17.5025
      vertex 59.2557 65.7609 17.6635
      vertex 59.201 65.7609 17.5025
    endloop
  endfacet
  facet normal -0.946844 0 0.321692
    outer loop
      vertex 59.2557 65.7609 17.6635
      vertex 59.201 62.7609 17.5025
      vertex 59.2557 62.7609 17.6635
    endloop
  endfacet
  facet normal 0.980761 -0 0.195211
    outer loop
      vertex 56.7111 62.7609 17.8303
      vertex 56.7443 65.7609 17.6635
      vertex 56.7111 65.7609 17.8303
    endloop
  endfacet
  facet normal 0.980761 0 0.195211
    outer loop
      vertex 56.7443 65.7609 17.6635
      vertex 56.7111 62.7609 17.8303
      vertex 56.7443 62.7609 17.6635
    endloop
  endfacet
  facet normal 0.195211 0 -0.980761
    outer loop
      vertex 57.6635 62.7609 19.2557
      vertex 57.8303 65.7609 19.2889
      vertex 57.8303 62.7609 19.2889
    endloop
  endfacet
  facet normal 0.195211 0 -0.980761
    outer loop
      vertex 57.8303 65.7609 19.2889
      vertex 57.6635 62.7609 19.2557
      vertex 57.6635 65.7609 19.2557
    endloop
  endfacet
  facet normal 0.946844 0 -0.321692
    outer loop
      vertex 56.799 62.7609 18.4975
      vertex 56.7443 65.7609 18.3365
      vertex 56.799 65.7609 18.4975
    endloop
  endfacet
  facet normal 0.946844 0 -0.321692
    outer loop
      vertex 56.7443 65.7609 18.3365
      vertex 56.799 62.7609 18.4975
      vertex 56.7443 62.7609 18.3365
    endloop
  endfacet
  facet normal 0.442267 0 -0.896884
    outer loop
      vertex 57.35 62.7609 19.1258
      vertex 57.5025 65.7609 19.201
      vertex 57.5025 62.7609 19.201
    endloop
  endfacet
  facet normal 0.442267 0 -0.896884
    outer loop
      vertex 57.5025 65.7609 19.201
      vertex 57.35 62.7609 19.1258
      vertex 57.35 65.7609 19.1258
    endloop
  endfacet
  facet normal -0.896884 0 -0.442267
    outer loop
      vertex 59.201 62.7609 18.4975
      vertex 59.1258 65.7609 18.65
      vertex 59.201 65.7609 18.4975
    endloop
  endfacet
  facet normal -0.896884 -0 -0.442267
    outer loop
      vertex 59.1258 65.7609 18.65
      vertex 59.201 62.7609 18.4975
      vertex 59.1258 62.7609 18.65
    endloop
  endfacet
  facet normal 0.321692 0 0.946844
    outer loop
      vertex 57.5025 65.7609 16.799
      vertex 57.6635 62.7609 16.7443
      vertex 57.6635 65.7609 16.7443
    endloop
  endfacet
  facet normal 0.321692 0 0.946844
    outer loop
      vertex 57.6635 62.7609 16.7443
      vertex 57.5025 65.7609 16.799
      vertex 57.5025 62.7609 16.799
    endloop
  endfacet
  facet normal -0.980761 0 0.195211
    outer loop
      vertex 59.2557 62.7609 17.6635
      vertex 59.2889 65.7609 17.8303
      vertex 59.2557 65.7609 17.6635
    endloop
  endfacet
  facet normal -0.980761 0 0.195211
    outer loop
      vertex 59.2889 65.7609 17.8303
      vertex 59.2557 62.7609 17.6635
      vertex 59.2889 62.7609 17.8303
    endloop
  endfacet
  facet normal -0.831688 0 0.555243
    outer loop
      vertex 59.0314 62.7609 17.2086
      vertex 59.1258 65.7609 17.35
      vertex 59.0314 65.7609 17.2086
    endloop
  endfacet
  facet normal -0.831688 0 0.555243
    outer loop
      vertex 59.1258 65.7609 17.35
      vertex 59.0314 62.7609 17.2086
      vertex 59.1258 62.7609 17.35
    endloop
  endfacet
  facet normal -0.195211 0 0.980761
    outer loop
      vertex 58.1697 65.7609 16.7111
      vertex 58.3365 62.7609 16.7443
      vertex 58.3365 65.7609 16.7443
    endloop
  endfacet
  facet normal -0.195211 0 0.980761
    outer loop
      vertex 58.3365 62.7609 16.7443
      vertex 58.1697 65.7609 16.7111
      vertex 58.1697 62.7609 16.7111
    endloop
  endfacet
  facet normal -0.0652701 0 -0.997868
    outer loop
      vertex 58 62.7609 19.3
      vertex 58.1697 65.7609 19.2889
      vertex 58.1697 62.7609 19.2889
    endloop
  endfacet
  facet normal -0.0652701 0 -0.997868
    outer loop
      vertex 58.1697 65.7609 19.2889
      vertex 58 62.7609 19.3
      vertex 58 65.7609 19.3
    endloop
  endfacet
  facet normal 0.751483 -0 0.659753
    outer loop
      vertex 56.9686 62.7609 17.2086
      vertex 57.0808 65.7609 17.0808
      vertex 56.9686 65.7609 17.2086
    endloop
  endfacet
  facet normal 0.751483 0 0.659753
    outer loop
      vertex 57.0808 65.7609 17.0808
      vertex 56.9686 62.7609 17.2086
      vertex 57.0808 62.7609 17.0808
    endloop
  endfacet
  facet normal 0.659753 0 -0.751483
    outer loop
      vertex 57.0808 62.7609 18.9192
      vertex 57.2086 65.7609 19.0314
      vertex 57.2086 62.7609 19.0314
    endloop
  endfacet
  facet normal 0.659753 0 -0.751483
    outer loop
      vertex 57.2086 65.7609 19.0314
      vertex 57.0808 62.7609 18.9192
      vertex 57.0808 65.7609 18.9192
    endloop
  endfacet
  facet normal 0.555243 0 -0.831688
    outer loop
      vertex 57.2086 62.7609 19.0314
      vertex 57.35 65.7609 19.1258
      vertex 57.35 62.7609 19.1258
    endloop
  endfacet
  facet normal 0.555243 0 -0.831688
    outer loop
      vertex 57.35 65.7609 19.1258
      vertex 57.2086 62.7609 19.0314
      vertex 57.2086 65.7609 19.0314
    endloop
  endfacet
  facet normal 0.0652701 0 0.997868
    outer loop
      vertex 57.8303 65.7609 16.7111
      vertex 58 62.7609 16.7
      vertex 58 65.7609 16.7
    endloop
  endfacet
  facet normal 0.0652701 0 0.997868
    outer loop
      vertex 58 62.7609 16.7
      vertex 57.8303 65.7609 16.7111
      vertex 57.8303 62.7609 16.7111
    endloop
  endfacet
  facet normal -0.751483 0 0.659753
    outer loop
      vertex 58.9192 62.7609 17.0808
      vertex 59.0314 65.7609 17.2086
      vertex 58.9192 65.7609 17.0808
    endloop
  endfacet
  facet normal -0.751483 0 0.659753
    outer loop
      vertex 59.0314 65.7609 17.2086
      vertex 58.9192 62.7609 17.0808
      vertex 59.0314 62.7609 17.2086
    endloop
  endfacet
  facet normal -0.659753 0 -0.751483
    outer loop
      vertex 58.7914 62.7609 19.0314
      vertex 58.9192 65.7609 18.9192
      vertex 58.9192 62.7609 18.9192
    endloop
  endfacet
  facet normal -0.659753 0 -0.751483
    outer loop
      vertex 58.9192 65.7609 18.9192
      vertex 58.7914 62.7609 19.0314
      vertex 58.7914 65.7609 19.0314
    endloop
  endfacet
  facet normal -0.831688 0 -0.555243
    outer loop
      vertex 59.1258 62.7609 18.65
      vertex 59.0314 65.7609 18.7914
      vertex 59.1258 65.7609 18.65
    endloop
  endfacet
  facet normal -0.831688 -0 -0.555243
    outer loop
      vertex 59.0314 65.7609 18.7914
      vertex 59.1258 62.7609 18.65
      vertex 59.0314 62.7609 18.7914
    endloop
  endfacet
  facet normal -0.555243 0 -0.831688
    outer loop
      vertex 58.65 62.7609 19.1258
      vertex 58.7914 65.7609 19.0314
      vertex 58.7914 62.7609 19.0314
    endloop
  endfacet
  facet normal -0.555243 0 -0.831688
    outer loop
      vertex 58.7914 65.7609 19.0314
      vertex 58.65 62.7609 19.1258
      vertex 58.65 65.7609 19.1258
    endloop
  endfacet
  facet normal 0.321692 0 -0.946844
    outer loop
      vertex 57.5025 62.7609 19.201
      vertex 57.6635 65.7609 19.2557
      vertex 57.6635 62.7609 19.2557
    endloop
  endfacet
  facet normal 0.321692 0 -0.946844
    outer loop
      vertex 57.6635 65.7609 19.2557
      vertex 57.5025 62.7609 19.201
      vertex 57.5025 65.7609 19.201
    endloop
  endfacet
  facet normal 0.0652701 0 -0.997868
    outer loop
      vertex 57.8303 62.7609 19.2889
      vertex 58 65.7609 19.3
      vertex 58 62.7609 19.3
    endloop
  endfacet
  facet normal 0.0652701 0 -0.997868
    outer loop
      vertex 58 65.7609 19.3
      vertex 57.8303 62.7609 19.2889
      vertex 57.8303 65.7609 19.2889
    endloop
  endfacet
  facet normal -0.997868 0 0.0652701
    outer loop
      vertex 59.2889 62.7609 17.8303
      vertex 59.3 65.7609 18
      vertex 59.2889 65.7609 17.8303
    endloop
  endfacet
  facet normal -0.997868 0 0.0652701
    outer loop
      vertex 59.3 65.7609 18
      vertex 59.2889 62.7609 17.8303
      vertex 59.3 62.7609 18
    endloop
  endfacet
  facet normal 0.195211 0 0.980761
    outer loop
      vertex 57.6635 65.7609 16.7443
      vertex 57.8303 62.7609 16.7111
      vertex 57.8303 65.7609 16.7111
    endloop
  endfacet
  facet normal 0.195211 0 0.980761
    outer loop
      vertex 57.8303 62.7609 16.7111
      vertex 57.6635 65.7609 16.7443
      vertex 57.6635 62.7609 16.7443
    endloop
  endfacet
  facet normal -0.555243 0 0.831688
    outer loop
      vertex 58.65 65.7609 16.8742
      vertex 58.7914 62.7609 16.9686
      vertex 58.7914 65.7609 16.9686
    endloop
  endfacet
  facet normal -0.555243 0 0.831688
    outer loop
      vertex 58.7914 62.7609 16.9686
      vertex 58.65 65.7609 16.8742
      vertex 58.65 62.7609 16.8742
    endloop
  endfacet
  facet normal -0.896884 0 0.442267
    outer loop
      vertex 59.1258 62.7609 17.35
      vertex 59.201 65.7609 17.5025
      vertex 59.1258 65.7609 17.35
    endloop
  endfacet
  facet normal -0.896884 0 0.442267
    outer loop
      vertex 59.201 65.7609 17.5025
      vertex 59.1258 62.7609 17.35
      vertex 59.201 62.7609 17.5025
    endloop
  endfacet
  facet normal -0.0652701 0 0.997868
    outer loop
      vertex 58 65.7609 16.7
      vertex 58.1697 62.7609 16.7111
      vertex 58.1697 65.7609 16.7111
    endloop
  endfacet
  facet normal -0.0652701 0 0.997868
    outer loop
      vertex 58.1697 62.7609 16.7111
      vertex 58 65.7609 16.7
      vertex 58 62.7609 16.7
    endloop
  endfacet
  facet normal 0.442267 0 0.896884
    outer loop
      vertex 57.35 65.7609 16.8742
      vertex 57.5025 62.7609 16.799
      vertex 57.5025 65.7609 16.799
    endloop
  endfacet
  facet normal 0.442267 0 0.896884
    outer loop
      vertex 57.5025 62.7609 16.799
      vertex 57.35 65.7609 16.8742
      vertex 57.35 62.7609 16.8742
    endloop
  endfacet
  facet normal 0.831688 -0 0.555243
    outer loop
      vertex 56.8742 62.7609 17.35
      vertex 56.9686 65.7609 17.2086
      vertex 56.8742 65.7609 17.35
    endloop
  endfacet
  facet normal 0.831688 0 0.555243
    outer loop
      vertex 56.9686 65.7609 17.2086
      vertex 56.8742 62.7609 17.35
      vertex 56.9686 62.7609 17.2086
    endloop
  endfacet
  facet normal -0.751483 0 -0.659753
    outer loop
      vertex 59.0314 62.7609 18.7914
      vertex 58.9192 65.7609 18.9192
      vertex 59.0314 65.7609 18.7914
    endloop
  endfacet
  facet normal -0.751483 -0 -0.659753
    outer loop
      vertex 58.9192 65.7609 18.9192
      vertex 59.0314 62.7609 18.7914
      vertex 58.9192 62.7609 18.9192
    endloop
  endfacet
  facet normal 0.751483 0 -0.659753
    outer loop
      vertex 57.0808 62.7609 18.9192
      vertex 56.9686 65.7609 18.7914
      vertex 57.0808 65.7609 18.9192
    endloop
  endfacet
  facet normal 0.751483 0 -0.659753
    outer loop
      vertex 56.9686 65.7609 18.7914
      vertex 57.0808 62.7609 18.9192
      vertex 56.9686 62.7609 18.7914
    endloop
  endfacet
  facet normal 0.946844 -0 0.321692
    outer loop
      vertex 56.7443 62.7609 17.6635
      vertex 56.799 65.7609 17.5025
      vertex 56.7443 65.7609 17.6635
    endloop
  endfacet
  facet normal 0.946844 0 0.321692
    outer loop
      vertex 56.799 65.7609 17.5025
      vertex 56.7443 62.7609 17.6635
      vertex 56.799 62.7609 17.5025
    endloop
  endfacet
  facet normal -0.195211 0 -0.980761
    outer loop
      vertex 58.1697 62.7609 19.2889
      vertex 58.3365 65.7609 19.2557
      vertex 58.3365 62.7609 19.2557
    endloop
  endfacet
  facet normal -0.195211 0 -0.980761
    outer loop
      vertex 58.3365 65.7609 19.2557
      vertex 58.1697 62.7609 19.2889
      vertex 58.1697 65.7609 19.2889
    endloop
  endfacet
  facet normal 0.997868 -0 0.0652701
    outer loop
      vertex 56.7 62.7609 18
      vertex 56.7111 65.7609 17.8303
      vertex 56.7 65.7609 18
    endloop
  endfacet
  facet normal 0.997868 0 0.0652701
    outer loop
      vertex 56.7111 65.7609 17.8303
      vertex 56.7 62.7609 18
      vertex 56.7111 62.7609 17.8303
    endloop
  endfacet
  facet normal 0.555243 0 0.831688
    outer loop
      vertex 57.2086 65.7609 16.9686
      vertex 57.35 62.7609 16.8742
      vertex 57.35 65.7609 16.8742
    endloop
  endfacet
  facet normal 0.555243 0 0.831688
    outer loop
      vertex 57.35 62.7609 16.8742
      vertex 57.2086 65.7609 16.9686
      vertex 57.2086 62.7609 16.9686
    endloop
  endfacet
  facet normal 0.980761 0 -0.195211
    outer loop
      vertex 56.7443 62.7609 18.3365
      vertex 56.7111 65.7609 18.1697
      vertex 56.7443 65.7609 18.3365
    endloop
  endfacet
  facet normal 0.980761 0 -0.195211
    outer loop
      vertex 56.7111 65.7609 18.1697
      vertex 56.7443 62.7609 18.3365
      vertex 56.7111 62.7609 18.1697
    endloop
  endfacet
  facet normal -0.659753 0 0.751483
    outer loop
      vertex 58.7914 65.7609 16.9686
      vertex 58.9192 62.7609 17.0808
      vertex 58.9192 65.7609 17.0808
    endloop
  endfacet
  facet normal -0.659753 0 0.751483
    outer loop
      vertex 58.9192 62.7609 17.0808
      vertex 58.7914 65.7609 16.9686
      vertex 58.7914 62.7609 16.9686
    endloop
  endfacet
  facet normal -0.98078 0.137965 0.13797
    outer loop
      vertex 77.6222 62.7609 51.0519
      vertex 77.7179 65.7609 48.7323
      vertex 77.6222 65.7609 48.052
    endloop
  endfacet
  facet normal -0.980785 0.13795 0.13795
    outer loop
      vertex 77.7179 65.7609 48.7323
      vertex 77.6222 62.7609 51.0519
      vertex 77.7179 62.7609 51.7323
    endloop
  endfacet
  facet normal -0.997856 0.0462745 0.0462745
    outer loop
      vertex 77.7179 62.7609 51.7323
      vertex 77.75 65.7609 49.4245
      vertex 77.7179 65.7609 48.7323
    endloop
  endfacet
  facet normal -0.997856 0.0462745 0.0462745
    outer loop
      vertex 77.75 65.7609 49.4245
      vertex 77.7179 62.7609 51.7323
      vertex 77.75 62.7609 52.4245
    endloop
  endfacet
  facet normal -0.946915 0.227323 0.227323
    outer loop
      vertex 77.4645 62.7609 50.3951
      vertex 77.6222 65.7609 48.052
      vertex 77.4645 65.7609 47.3951
    endloop
  endfacet
  facet normal -0.946902 0.227347 0.227355
    outer loop
      vertex 77.6222 65.7609 48.052
      vertex 77.4645 62.7609 50.3951
      vertex 77.6222 62.7609 51.0519
    endloop
  endfacet
  facet normal 0.555526 -0.587973 -0.587944
    outer loop
      vertex 71.7171 65.7609 53.6319
      vertex 72.125 63.8854 55.8929
      vertex 71.7171 63.6927 55.7002
    endloop
  endfacet
  facet normal 0.555516 -0.587979 -0.587948
    outer loop
      vertex 72.125 63.8854 55.8929
      vertex 71.7171 65.7609 53.6319
      vertex 72.125 65.7609 54.0173
    endloop
  endfacet
  facet normal -0.321325 0.669608 0.669608
    outer loop
      vertex 74.9706 65.7609 44.302
      vertex 75.4351 62.7609 47.5249
      vertex 75.4351 65.7609 44.5249
    endloop
  endfacet
  facet normal -0.321459 0.669565 0.669587
    outer loop
      vertex 75.4351 62.7609 47.5249
      vertex 74.9706 65.7609 44.302
      vertex 74.9706 62.7609 47.3019
    endloop
  endfacet
  facet normal -0.659441 -0.531584 -0.531561
    outer loop
      vertex 76.6516 63.464 55.4715
      vertex 76.2829 65.7609 53.6319
      vertex 76.6516 65.7609 53.1745
    endloop
  endfacet
  facet normal -0.659449 -0.53158 -0.531554
    outer loop
      vertex 76.2829 65.7609 53.6319
      vertex 76.6516 63.464 55.4715
      vertex 76.2829 63.6927 55.7002
    endloop
  endfacet
  facet normal 0.321455 -0.669577 -0.669577
    outer loop
      vertex 72.5649 65.7609 54.3242
      vertex 73.0294 64.1503 56.1578
      vertex 72.5649 64.0388 56.0463
    endloop
  endfacet
  facet normal 0.321316 -0.669631 -0.669589
    outer loop
      vertex 73.0294 64.1503 56.1578
      vertex 72.5649 65.7609 54.3242
      vertex 73.0294 65.7609 54.5471
    endloop
  endfacet
  facet normal 0.0654419 0.705591 0.705591
    outer loop
      vertex 74 62.7609 47.1212
      vertex 73.5105 65.7609 44.1666
      vertex 73.5105 62.7609 47.1666
    endloop
  endfacet
  facet normal 0.0654419 0.705591 0.705591
    outer loop
      vertex 73.5105 65.7609 44.1666
      vertex 74 62.7609 47.1212
      vertex 74 65.7609 44.1212
    endloop
  endfacet
  facet normal -0.555526 -0.587973 -0.587944
    outer loop
      vertex 75.875 63.8854 55.8929
      vertex 76.2829 65.7609 53.6319
      vertex 76.2829 63.6927 55.7002
    endloop
  endfacet
  facet normal -0.555516 -0.587979 -0.587948
    outer loop
      vertex 76.2829 65.7609 53.6319
      vertex 75.875 63.8854 55.8929
      vertex 75.875 65.7609 54.0173
    endloop
  endfacet
  facet normal -0.896925 0.31267 0.31267
    outer loop
      vertex 77.2476 62.7609 49.7729
      vertex 77.4645 65.7609 47.3951
      vertex 77.2476 65.7609 46.7729
    endloop
  endfacet
  facet normal -0.896925 0.31267 0.31267
    outer loop
      vertex 77.4645 65.7609 47.3951
      vertex 77.2476 62.7609 49.7729
      vertex 77.4645 62.7609 50.3951
    endloop
  endfacet
  facet normal -0.195183 0.693495 0.693518
    outer loop
      vertex 74.4895 65.7609 44.1666
      vertex 74.9706 62.7609 47.3019
      vertex 74.9706 65.7609 44.302
    endloop
  endfacet
  facet normal -0.195041 0.693527 0.693527
    outer loop
      vertex 74.9706 62.7609 47.3019
      vertex 74.4895 65.7609 44.1666
      vertex 74.4895 62.7609 47.1666
    endloop
  endfacet
  facet normal -0.321455 -0.669577 -0.669577
    outer loop
      vertex 74.9706 64.1503 56.1578
      vertex 75.4351 65.7609 54.3242
      vertex 75.4351 64.0388 56.0463
    endloop
  endfacet
  facet normal -0.321316 -0.669631 -0.669589
    outer loop
      vertex 75.4351 65.7609 54.3242
      vertex 74.9706 64.1503 56.1578
      vertex 74.9706 65.7609 54.5471
    endloop
  endfacet
  facet normal 0.659449 0.531567 0.531567
    outer loop
      vertex 71.7171 62.7609 48.2171
      vertex 71.3484 65.7609 45.6745
      vertex 71.3484 62.7609 48.6745
    endloop
  endfacet
  facet normal 0.659374 0.531605 0.531623
    outer loop
      vertex 71.3484 65.7609 45.6745
      vertex 71.7171 62.7609 48.2171
      vertex 71.7171 65.7609 45.2172
    endloop
  endfacet
  facet normal 0.980785 0.13795 0.13795
    outer loop
      vertex 70.3778 62.7609 51.0519
      vertex 70.2821 65.7609 48.7323
      vertex 70.2821 62.7609 51.7323
    endloop
  endfacet
  facet normal 0.98078 0.137965 0.13797
    outer loop
      vertex 70.2821 65.7609 48.7323
      vertex 70.3778 62.7609 51.0519
      vertex 70.3778 65.7609 48.052
    endloop
  endfacet
  facet normal 0.751792 0.466267 0.466267
    outer loop
      vertex 71.3484 62.7609 48.6745
      vertex 71.0249 65.7609 46.1961
      vertex 71.0249 62.7609 49.1961
    endloop
  endfacet
  facet normal 0.751792 0.466267 0.466267
    outer loop
      vertex 71.0249 65.7609 46.1961
      vertex 71.3484 62.7609 48.6745
      vertex 71.3484 65.7609 45.6745
    endloop
  endfacet
  facet normal -0.98078 -0.137969 -0.137969
    outer loop
      vertex 77.7179 62.7609 53.1168
      vertex 77.6222 65.7609 50.7971
      vertex 77.7179 65.7609 50.1168
    endloop
  endfacet
  facet normal -0.98078 -0.137969 -0.137969
    outer loop
      vertex 77.6222 65.7609 50.7971
      vertex 77.7179 62.7609 53.1168
      vertex 77.6222 62.7609 53.7971
    endloop
  endfacet
  facet normal 0.195041 -0.693527 -0.693527
    outer loop
      vertex 73.0294 64.1503 56.1578
      vertex 73.5105 65.7609 54.6825
      vertex 73.5105 64.218 56.2254
    endloop
  endfacet
  facet normal 0.195174 -0.69353 -0.693487
    outer loop
      vertex 73.5105 65.7609 54.6825
      vertex 73.0294 64.1503 56.1578
      vertex 73.0294 65.7609 54.5471
    endloop
  endfacet
  facet normal 0.946915 -0.227323 -0.227323
    outer loop
      vertex 70.3778 62.7609 53.7971
      vertex 70.5355 65.7609 51.454
      vertex 70.5355 62.7609 54.454
    endloop
  endfacet
  facet normal 0.946915 -0.227323 -0.227323
    outer loop
      vertex 70.5355 65.7609 51.454
      vertex 70.3778 62.7609 53.7971
      vertex 70.3778 65.7609 50.7971
    endloop
  endfacet
  facet normal 0.659449 -0.53158 -0.531554
    outer loop
      vertex 71.3484 63.464 55.4715
      vertex 71.7171 65.7609 53.6319
      vertex 71.7171 63.6927 55.7002
    endloop
  endfacet
  facet normal 0.659441 -0.531584 -0.531561
    outer loop
      vertex 71.7171 65.7609 53.6319
      vertex 71.3484 63.464 55.4715
      vertex 71.3484 65.7609 53.1745
    endloop
  endfacet
  facet normal -0.442298 -0.634182 -0.634182
    outer loop
      vertex 75.4351 65.7609 54.3242
      vertex 75.875 63.8854 55.8929
      vertex 75.4351 64.0388 56.0463
    endloop
  endfacet
  facet normal -0.442404 -0.634161 -0.634128
    outer loop
      vertex 75.875 63.8854 55.8929
      vertex 75.4351 65.7609 54.3242
      vertex 75.875 65.7609 54.0173
    endloop
  endfacet
  facet normal -0.997857 -0.0462678 -0.0462678
    outer loop
      vertex 77.75 62.7609 52.4245
      vertex 77.7179 65.7609 50.1168
      vertex 77.75 65.7609 49.4245
    endloop
  endfacet
  facet normal -0.997857 -0.0462678 -0.0462678
    outer loop
      vertex 77.7179 65.7609 50.1168
      vertex 77.75 62.7609 52.4245
      vertex 77.7179 62.7609 53.1168
    endloop
  endfacet
  facet normal -0.195041 -0.693527 -0.693527
    outer loop
      vertex 74.4895 65.7609 54.6825
      vertex 74.9706 64.1503 56.1578
      vertex 74.4895 64.218 56.2254
    endloop
  endfacet
  facet normal -0.195174 -0.69353 -0.693487
    outer loop
      vertex 74.9706 64.1503 56.1578
      vertex 74.4895 65.7609 54.6825
      vertex 74.9706 65.7609 54.5471
    endloop
  endfacet
  facet normal 0.997857 -0.0462678 -0.0462678
    outer loop
      vertex 70.25 62.7609 52.4245
      vertex 70.2821 65.7609 50.1168
      vertex 70.2821 62.7609 53.1168
    endloop
  endfacet
  facet normal 0.997857 -0.0462678 -0.0462678
    outer loop
      vertex 70.2821 65.7609 50.1168
      vertex 70.25 62.7609 52.4245
      vertex 70.25 65.7609 49.4245
    endloop
  endfacet
  facet normal -0.831491 0.392825 0.392825
    outer loop
      vertex 76.9751 62.7609 49.1961
      vertex 77.2476 65.7609 46.7729
      vertex 76.9751 65.7609 46.1961
    endloop
  endfacet
  facet normal -0.831491 0.392825 0.392825
    outer loop
      vertex 77.2476 65.7609 46.7729
      vertex 76.9751 62.7609 49.1961
      vertex 77.2476 62.7609 49.7729
    endloop
  endfacet
  facet normal 0.997856 0.0462745 0.0462745
    outer loop
      vertex 70.2821 62.7609 51.7323
      vertex 70.25 65.7609 49.4245
      vertex 70.25 62.7609 52.4245
    endloop
  endfacet
  facet normal 0.997856 0.0462745 0.0462745
    outer loop
      vertex 70.25 65.7609 49.4245
      vertex 70.2821 62.7609 51.7323
      vertex 70.2821 65.7609 48.7323
    endloop
  endfacet
  facet normal 0.442298 -0.634182 -0.634182
    outer loop
      vertex 72.125 63.8854 55.8929
      vertex 72.5649 65.7609 54.3242
      vertex 72.5649 64.0388 56.0463
    endloop
  endfacet
  facet normal 0.442404 -0.634161 -0.634128
    outer loop
      vertex 72.5649 65.7609 54.3242
      vertex 72.125 63.8854 55.8929
      vertex 72.125 65.7609 54.0173
    endloop
  endfacet
  facet normal -0.751792 0.466267 0.466267
    outer loop
      vertex 76.6516 62.7609 48.6745
      vertex 76.9751 65.7609 46.1961
      vertex 76.6516 65.7609 45.6745
    endloop
  endfacet
  facet normal -0.751792 0.466267 0.466267
    outer loop
      vertex 76.9751 65.7609 46.1961
      vertex 76.6516 62.7609 48.6745
      vertex 76.9751 62.7609 49.1961
    endloop
  endfacet
  facet normal -0.659374 0.531605 0.531623
    outer loop
      vertex 76.2829 62.7609 48.2171
      vertex 76.6516 65.7609 45.6745
      vertex 76.2829 65.7609 45.2172
    endloop
  endfacet
  facet normal -0.659449 0.531567 0.531567
    outer loop
      vertex 76.6516 65.7609 45.6745
      vertex 76.2829 62.7609 48.2171
      vertex 76.6516 62.7609 48.6745
    endloop
  endfacet
  facet normal 0.98078 -0.137969 -0.137969
    outer loop
      vertex 70.2821 62.7609 53.1168
      vertex 70.3778 65.7609 50.7971
      vertex 70.3778 62.7609 53.7971
    endloop
  endfacet
  facet normal 0.98078 -0.137969 -0.137969
    outer loop
      vertex 70.3778 65.7609 50.7971
      vertex 70.2821 62.7609 53.1168
      vertex 70.2821 65.7609 50.1168
    endloop
  endfacet
  facet normal 0.896925 0.31267 0.31267
    outer loop
      vertex 70.7524 62.7609 49.7729
      vertex 70.5355 65.7609 47.3951
      vertex 70.5355 62.7609 50.3951
    endloop
  endfacet
  facet normal 0.896925 0.31267 0.31267
    outer loop
      vertex 70.5355 65.7609 47.3951
      vertex 70.7524 62.7609 49.7729
      vertex 70.7524 65.7609 46.7729
    endloop
  endfacet
  facet normal -0.896925 -0.31267 -0.31267
    outer loop
      vertex 77.4645 62.7609 54.454
      vertex 77.2476 65.7609 52.0762
      vertex 77.4645 65.7609 51.454
    endloop
  endfacet
  facet normal -0.896925 -0.31267 -0.31267
    outer loop
      vertex 77.2476 65.7609 52.0762
      vertex 77.4645 62.7609 54.454
      vertex 77.2476 62.9148 54.9223
    endloop
  endfacet
  facet normal -0.896925 -0.312673 -0.312668
    outer loop
      vertex 77.2476 62.9148 54.9223
      vertex 77.4645 62.7609 54.454
      vertex 77.3549 62.7609 54.7684
    endloop
  endfacet
  facet normal 0.442304 0.634169 0.63419
    outer loop
      vertex 72.5649 62.7609 47.5249
      vertex 72.125 65.7609 44.8318
      vertex 72.125 62.7609 47.8317
    endloop
  endfacet
  facet normal 0.442414 0.634141 0.634141
    outer loop
      vertex 72.125 65.7609 44.8318
      vertex 72.5649 62.7609 47.5249
      vertex 72.5649 65.7609 44.5249
    endloop
  endfacet
  facet normal -0.946915 -0.227323 -0.227323
    outer loop
      vertex 77.6222 62.7609 53.7971
      vertex 77.4645 65.7609 51.454
      vertex 77.6222 65.7609 50.7971
    endloop
  endfacet
  facet normal -0.946915 -0.227323 -0.227323
    outer loop
      vertex 77.4645 65.7609 51.454
      vertex 77.6222 62.7609 53.7971
      vertex 77.4645 62.7609 54.454
    endloop
  endfacet
  facet normal 0.946902 0.227347 0.227355
    outer loop
      vertex 70.5355 62.7609 50.3951
      vertex 70.3778 65.7609 48.052
      vertex 70.3778 62.7609 51.0519
    endloop
  endfacet
  facet normal 0.946915 0.227323 0.227323
    outer loop
      vertex 70.3778 65.7609 48.052
      vertex 70.5355 62.7609 50.3951
      vertex 70.5355 65.7609 47.3951
    endloop
  endfacet
  facet normal 0.896925 -0.31267 -0.31267
    outer loop
      vertex 70.5355 62.7609 54.454
      vertex 70.7524 65.7609 52.0762
      vertex 70.7524 62.9148 54.9223
    endloop
  endfacet
  facet normal 0.896925 -0.312673 -0.312668
    outer loop
      vertex 70.5355 62.7609 54.454
      vertex 70.7524 62.9148 54.9223
      vertex 70.6451 62.7609 54.7684
    endloop
  endfacet
  facet normal 0.896925 -0.31267 -0.31267
    outer loop
      vertex 70.7524 65.7609 52.0762
      vertex 70.5355 62.7609 54.454
      vertex 70.5355 65.7609 51.454
    endloop
  endfacet
  facet normal -0.751729 -0.466317 -0.466317
    outer loop
      vertex 76.9751 63.2032 55.2107
      vertex 76.6516 65.7609 53.1745
      vertex 76.9751 65.7609 52.653
    endloop
  endfacet
  facet normal -0.751792 -0.466277 -0.466256
    outer loop
      vertex 76.6516 65.7609 53.1745
      vertex 76.9751 63.2032 55.2107
      vertex 76.6516 63.464 55.4715
    endloop
  endfacet
  facet normal -0.442304 0.634169 0.63419
    outer loop
      vertex 75.875 65.7609 44.8318
      vertex 75.4351 62.7609 47.5249
      vertex 75.875 62.7609 47.8317
    endloop
  endfacet
  facet normal -0.442414 0.634141 0.634141
    outer loop
      vertex 75.4351 62.7609 47.5249
      vertex 75.875 65.7609 44.8318
      vertex 75.4351 65.7609 44.5249
    endloop
  endfacet
  facet normal -0.555533 0.587946 0.587965
    outer loop
      vertex 75.875 65.7609 44.8318
      vertex 76.2829 62.7609 48.2171
      vertex 76.2829 65.7609 45.2172
    endloop
  endfacet
  facet normal -0.555533 0.587946 0.587965
    outer loop
      vertex 76.2829 62.7609 48.2171
      vertex 75.875 65.7609 44.8318
      vertex 75.875 62.7609 47.8317
    endloop
  endfacet
  facet normal 0.32133 0.669596 0.669618
    outer loop
      vertex 72.5649 65.7609 44.5249
      vertex 73.0294 62.7609 47.3019
      vertex 73.0294 65.7609 44.302
    endloop
  endfacet
  facet normal 0.321455 0.669577 0.669577
    outer loop
      vertex 73.0294 62.7609 47.3019
      vertex 72.5649 65.7609 44.5249
      vertex 72.5649 62.7609 47.5249
    endloop
  endfacet
  facet normal 0.19518 0.693507 0.693507
    outer loop
      vertex 73.0294 65.7609 44.302
      vertex 73.5105 62.7609 47.1666
      vertex 73.5105 65.7609 44.1666
    endloop
  endfacet
  facet normal 0.195044 0.693515 0.693538
    outer loop
      vertex 73.5105 62.7609 47.1666
      vertex 73.0294 65.7609 44.302
      vertex 73.0294 62.7609 47.3019
    endloop
  endfacet
  facet normal -0.831491 -0.392825 -0.392825
    outer loop
      vertex 77.2476 62.9148 54.9223
      vertex 76.9751 65.7609 52.653
      vertex 77.2476 65.7609 52.0762
    endloop
  endfacet
  facet normal -0.831491 -0.392825 -0.392825
    outer loop
      vertex 76.9751 65.7609 52.653
      vertex 77.2476 62.9148 54.9223
      vertex 76.9751 63.2032 55.2107
    endloop
  endfacet
  facet normal -0.0654419 -0.705614 -0.705568
    outer loop
      vertex 74 65.7609 54.7278
      vertex 74.4895 64.218 56.2254
      vertex 74 64.2407 56.2481
    endloop
  endfacet
  facet normal -0.0652984 -0.705598 -0.705598
    outer loop
      vertex 74.4895 64.218 56.2254
      vertex 74 65.7609 54.7278
      vertex 74.4895 65.7609 54.6825
    endloop
  endfacet
  facet normal 0.555533 0.587946 0.587965
    outer loop
      vertex 71.7171 65.7609 45.2172
      vertex 72.125 62.7609 47.8317
      vertex 72.125 65.7609 44.8318
    endloop
  endfacet
  facet normal 0.555533 0.587946 0.587965
    outer loop
      vertex 72.125 62.7609 47.8317
      vertex 71.7171 65.7609 45.2172
      vertex 71.7171 62.7609 48.2171
    endloop
  endfacet
  facet normal 0 0.707107 -0.707107
    outer loop
      vertex 77.3549 62.7609 54.7684
      vertex 76.9751 63.2032 55.2107
      vertex 77.2476 62.9148 54.9223
    endloop
  endfacet
  facet normal 0 0.707107 -0.707107
    outer loop
      vertex 77.3549 62.7609 54.7684
      vertex 76.6516 63.464 55.4715
      vertex 76.9751 63.2032 55.2107
    endloop
  endfacet
  facet normal 0 0.707107 -0.707107
    outer loop
      vertex 77.3549 62.7609 54.7684
      vertex 76.2829 63.6927 55.7002
      vertex 76.6516 63.464 55.4715
    endloop
  endfacet
  facet normal 0 0.707107 -0.707107
    outer loop
      vertex 77.3549 62.7609 54.7684
      vertex 75.875 63.8854 55.8929
      vertex 76.2829 63.6927 55.7002
    endloop
  endfacet
  facet normal -2.11183e-14 0.707107 -0.707107
    outer loop
      vertex 77.3549 62.7609 54.7684
      vertex 75.4351 64.0388 56.0463
      vertex 75.875 63.8854 55.8929
    endloop
  endfacet
  facet normal 1.86164e-14 0.707107 -0.707107
    outer loop
      vertex 77.3549 62.7609 54.7684
      vertex 74.9706 64.1503 56.1578
      vertex 75.4351 64.0388 56.0463
    endloop
  endfacet
  facet normal 0.000193724 0.707273 -0.706941
    outer loop
      vertex 77.3549 62.7609 54.7684
      vertex 74.4895 64.218 56.2254
      vertex 74.9706 64.1503 56.1578
    endloop
  endfacet
  facet normal -2.47636e-06 0.70708 -0.707133
    outer loop
      vertex 77.3549 62.7609 54.7684
      vertex 74 64.2407 56.2481
      vertex 74.4895 64.218 56.2254
    endloop
  endfacet
  facet normal 2.00518e-06 0.707085 -0.707128
    outer loop
      vertex 77.3549 62.7609 54.7684
      vertex 73.5105 64.218 56.2254
      vertex 74 64.2407 56.2481
    endloop
  endfacet
  facet normal 0 0.707083 -0.707131
    outer loop
      vertex 70.6451 62.7609 54.7684
      vertex 73.5105 64.218 56.2254
      vertex 77.3549 62.7609 54.7684
    endloop
  endfacet
  facet normal -0.000193724 0.707273 -0.706941
    outer loop
      vertex 73.5105 64.218 56.2254
      vertex 70.6451 62.7609 54.7684
      vertex 73.0294 64.1503 56.1578
    endloop
  endfacet
  facet normal -1.84095e-14 0.707107 -0.707107
    outer loop
      vertex 73.0294 64.1503 56.1578
      vertex 70.6451 62.7609 54.7684
      vertex 72.5649 64.0388 56.0463
    endloop
  endfacet
  facet normal 2.1045e-14 0.707107 -0.707107
    outer loop
      vertex 72.5649 64.0388 56.0463
      vertex 70.6451 62.7609 54.7684
      vertex 72.125 63.8854 55.8929
    endloop
  endfacet
  facet normal 0 0.707107 -0.707107
    outer loop
      vertex 72.125 63.8854 55.8929
      vertex 70.6451 62.7609 54.7684
      vertex 71.7171 63.6927 55.7002
    endloop
  endfacet
  facet normal 0 0.707107 -0.707107
    outer loop
      vertex 71.7171 63.6927 55.7002
      vertex 70.6451 62.7609 54.7684
      vertex 71.3484 63.464 55.4715
    endloop
  endfacet
  facet normal 0 0.707107 -0.707107
    outer loop
      vertex 71.3484 63.464 55.4715
      vertex 70.6451 62.7609 54.7684
      vertex 71.0249 63.2032 55.2107
    endloop
  endfacet
  facet normal 0 0.707107 -0.707107
    outer loop
      vertex 71.0249 63.2032 55.2107
      vertex 70.6451 62.7609 54.7684
      vertex 70.7524 62.9148 54.9223
    endloop
  endfacet
  facet normal 0.831491 0.392825 0.392825
    outer loop
      vertex 71.0249 62.7609 49.1961
      vertex 70.7524 65.7609 46.7729
      vertex 70.7524 62.7609 49.7729
    endloop
  endfacet
  facet normal 0.831491 0.392825 0.392825
    outer loop
      vertex 70.7524 65.7609 46.7729
      vertex 71.0249 62.7609 49.1961
      vertex 71.0249 65.7609 46.1961
    endloop
  endfacet
  facet normal 0.831491 -0.392825 -0.392825
    outer loop
      vertex 70.7524 62.9148 54.9223
      vertex 71.0249 65.7609 52.653
      vertex 71.0249 63.2032 55.2107
    endloop
  endfacet
  facet normal 0.831491 -0.392825 -0.392825
    outer loop
      vertex 71.0249 65.7609 52.653
      vertex 70.7524 62.9148 54.9223
      vertex 70.7524 65.7609 52.0762
    endloop
  endfacet
  facet normal 0.751792 -0.466277 -0.466256
    outer loop
      vertex 71.0249 63.2032 55.2107
      vertex 71.3484 65.7609 53.1745
      vertex 71.3484 63.464 55.4715
    endloop
  endfacet
  facet normal 0.751729 -0.466317 -0.466317
    outer loop
      vertex 71.3484 65.7609 53.1745
      vertex 71.0249 63.2032 55.2107
      vertex 71.0249 65.7609 52.653
    endloop
  endfacet
  facet normal -0.0654419 0.705591 0.705591
    outer loop
      vertex 74.4895 65.7609 44.1666
      vertex 74 62.7609 47.1212
      vertex 74.4895 62.7609 47.1666
    endloop
  endfacet
  facet normal -0.0654419 0.705591 0.705591
    outer loop
      vertex 74 62.7609 47.1212
      vertex 74.4895 65.7609 44.1666
      vertex 74 65.7609 44.1212
    endloop
  endfacet
  facet normal 0.0654419 -0.705614 -0.705568
    outer loop
      vertex 73.5105 64.218 56.2254
      vertex 74 65.7609 54.7278
      vertex 74 64.2407 56.2481
    endloop
  endfacet
  facet normal 0.0652984 -0.705598 -0.705598
    outer loop
      vertex 74 65.7609 54.7278
      vertex 73.5105 64.218 56.2254
      vertex 73.5105 65.7609 54.6825
    endloop
  endfacet
  facet normal -0.980663 0.138381 0.138386
    outer loop
      vertex 101.622 62.7609 51.0519
      vertex 101.718 65.7609 48.7323
      vertex 101.622 65.7609 48.052
    endloop
  endfacet
  facet normal -0.980668 0.138366 0.138366
    outer loop
      vertex 101.718 65.7609 48.7323
      vertex 101.622 62.7609 51.0519
      vertex 101.718 62.7609 51.7323
    endloop
  endfacet
  facet normal -0.99787 0.0461309 0.0461309
    outer loop
      vertex 101.718 62.7609 51.7323
      vertex 101.75 65.7609 49.4245
      vertex 101.718 65.7609 48.7323
    endloop
  endfacet
  facet normal -0.99787 0.0461309 0.0461309
    outer loop
      vertex 101.75 65.7609 49.4245
      vertex 101.718 62.7609 51.7323
      vertex 101.75 62.7609 52.4245
    endloop
  endfacet
  facet normal -0.947349 0.226418 0.226418
    outer loop
      vertex 101.465 62.7609 50.3951
      vertex 101.622 65.7609 48.052
      vertex 101.465 65.7609 47.3951
    endloop
  endfacet
  facet normal -0.947336 0.226441 0.226449
    outer loop
      vertex 101.622 65.7609 48.052
      vertex 101.465 62.7609 50.3951
      vertex 101.622 62.7609 51.0519
    endloop
  endfacet
  facet normal -0.321325 0.669608 0.669608
    outer loop
      vertex 98.9706 65.7609 44.302
      vertex 99.4351 62.7609 47.5249
      vertex 99.4351 65.7609 44.5249
    endloop
  endfacet
  facet normal -0.321459 0.669565 0.669587
    outer loop
      vertex 99.4351 62.7609 47.5249
      vertex 98.9706 65.7609 44.302
      vertex 98.9706 62.7609 47.3019
    endloop
  endfacet
  facet normal -0.659138 -0.531772 -0.531749
    outer loop
      vertex 100.652 63.464 55.4715
      vertex 100.283 65.7609 53.6319
      vertex 100.652 65.7609 53.1745
    endloop
  endfacet
  facet normal -0.659146 -0.531768 -0.531742
    outer loop
      vertex 100.283 65.7609 53.6319
      vertex 100.652 63.464 55.4715
      vertex 100.283 63.6927 55.7002
    endloop
  endfacet
  facet normal 0.321455 -0.669577 -0.669577
    outer loop
      vertex 96.5649 65.7609 54.3242
      vertex 97.0294 64.1503 56.1578
      vertex 96.5649 64.0388 56.0463
    endloop
  endfacet
  facet normal 0.321316 -0.669631 -0.669589
    outer loop
      vertex 97.0294 64.1503 56.1578
      vertex 96.5649 65.7609 54.3242
      vertex 97.0294 65.7609 54.5471
    endloop
  endfacet
  facet normal 0.0654419 0.705591 0.705591
    outer loop
      vertex 98 62.7609 47.1212
      vertex 97.5105 65.7609 44.1666
      vertex 97.5105 62.7609 47.1666
    endloop
  endfacet
  facet normal 0.0654419 0.705591 0.705591
    outer loop
      vertex 97.5105 65.7609 44.1666
      vertex 98 62.7609 47.1212
      vertex 98 65.7609 44.1212
    endloop
  endfacet
  facet normal -0.555432 -0.588017 -0.587989
    outer loop
      vertex 99.875 63.8854 55.8929
      vertex 100.283 65.7609 53.6319
      vertex 100.283 63.6927 55.7002
    endloop
  endfacet
  facet normal -0.555422 -0.588024 -0.587992
    outer loop
      vertex 100.283 65.7609 53.6319
      vertex 99.875 63.8854 55.8929
      vertex 99.875 65.7609 54.0173
    endloop
  endfacet
  facet normal -0.896845 0.312786 0.312786
    outer loop
      vertex 101.248 62.7609 49.7729
      vertex 101.465 65.7609 47.3951
      vertex 101.248 65.7609 46.7729
    endloop
  endfacet
  facet normal -0.896845 0.312786 0.312786
    outer loop
      vertex 101.465 65.7609 47.3951
      vertex 101.248 62.7609 49.7729
      vertex 101.465 62.7609 50.3951
    endloop
  endfacet
  facet normal -0.321455 -0.669577 -0.669577
    outer loop
      vertex 98.9706 64.1503 56.1578
      vertex 99.4351 65.7609 54.3242
      vertex 99.4351 64.0388 56.0463
    endloop
  endfacet
  facet normal -0.321316 -0.669631 -0.669589
    outer loop
      vertex 99.4351 65.7609 54.3242
      vertex 98.9706 64.1503 56.1578
      vertex 98.9706 65.7609 54.5471
    endloop
  endfacet
  facet normal 0.980785 0.13795 0.13795
    outer loop
      vertex 94.3778 62.7609 51.0519
      vertex 94.2821 65.7609 48.7323
      vertex 94.2821 62.7609 51.7323
    endloop
  endfacet
  facet normal 0.98078 0.137965 0.13797
    outer loop
      vertex 94.2821 65.7609 48.7323
      vertex 94.3778 62.7609 51.0519
      vertex 94.3778 65.7609 48.052
    endloop
  endfacet
  facet normal 0.751792 0.466267 0.466267
    outer loop
      vertex 95.3484 62.7609 48.6745
      vertex 95.0249 65.7609 46.1961
      vertex 95.0249 62.7609 49.1961
    endloop
  endfacet
  facet normal 0.751792 0.466267 0.466267
    outer loop
      vertex 95.0249 65.7609 46.1961
      vertex 95.3484 62.7609 48.6745
      vertex 95.3484 65.7609 45.6745
    endloop
  endfacet
  facet normal 0.555526 -0.587973 -0.587944
    outer loop
      vertex 95.7171 65.7609 53.6319
      vertex 96.125 63.8854 55.8929
      vertex 95.7171 63.6927 55.7002
    endloop
  endfacet
  facet normal 0.555516 -0.587979 -0.587948
    outer loop
      vertex 96.125 63.8854 55.8929
      vertex 95.7171 65.7609 53.6319
      vertex 96.125 65.7609 54.0173
    endloop
  endfacet
  facet normal -0.980663 -0.138385 -0.138385
    outer loop
      vertex 101.718 62.7609 53.1168
      vertex 101.622 65.7609 50.7971
      vertex 101.718 65.7609 50.1168
    endloop
  endfacet
  facet normal -0.980663 -0.138385 -0.138385
    outer loop
      vertex 101.622 65.7609 50.7971
      vertex 101.718 62.7609 53.1168
      vertex 101.622 62.7609 53.7971
    endloop
  endfacet
  facet normal 0.442298 -0.634182 -0.634182
    outer loop
      vertex 96.125 63.8854 55.8929
      vertex 96.5649 65.7609 54.3242
      vertex 96.5649 64.0388 56.0463
    endloop
  endfacet
  facet normal 0.442404 -0.634161 -0.634128
    outer loop
      vertex 96.5649 65.7609 54.3242
      vertex 96.125 63.8854 55.8929
      vertex 96.125 65.7609 54.0173
    endloop
  endfacet
  facet normal 0.946915 -0.227323 -0.227323
    outer loop
      vertex 94.3778 62.7609 53.7971
      vertex 94.5355 65.7609 51.454
      vertex 94.5355 62.7609 54.454
    endloop
  endfacet
  facet normal 0.946915 -0.227323 -0.227323
    outer loop
      vertex 94.5355 65.7609 51.454
      vertex 94.3778 62.7609 53.7971
      vertex 94.3778 65.7609 50.7971
    endloop
  endfacet
  facet normal 0.659449 -0.53158 -0.531554
    outer loop
      vertex 95.3484 63.464 55.4715
      vertex 95.7171 65.7609 53.6319
      vertex 95.7171 63.6927 55.7002
    endloop
  endfacet
  facet normal 0.659441 -0.531584 -0.531561
    outer loop
      vertex 95.7171 65.7609 53.6319
      vertex 95.3484 63.464 55.4715
      vertex 95.3484 65.7609 53.1745
    endloop
  endfacet
  facet normal -0.442298 -0.634182 -0.634182
    outer loop
      vertex 99.4351 65.7609 54.3242
      vertex 99.875 63.8854 55.8929
      vertex 99.4351 64.0388 56.0463
    endloop
  endfacet
  facet normal -0.442404 -0.634161 -0.634128
    outer loop
      vertex 99.875 63.8854 55.8929
      vertex 99.4351 65.7609 54.3242
      vertex 99.875 65.7609 54.0173
    endloop
  endfacet
  facet normal -0.99787 -0.0461243 -0.0461243
    outer loop
      vertex 101.75 62.7609 52.4245
      vertex 101.718 65.7609 50.1168
      vertex 101.75 65.7609 49.4245
    endloop
  endfacet
  facet normal -0.99787 -0.0461243 -0.0461243
    outer loop
      vertex 101.718 65.7609 50.1168
      vertex 101.75 62.7609 52.4245
      vertex 101.718 62.7609 53.1168
    endloop
  endfacet
  facet normal -0.195041 -0.693527 -0.693527
    outer loop
      vertex 98.4895 65.7609 54.6825
      vertex 98.9706 64.1503 56.1578
      vertex 98.4895 64.218 56.2254
    endloop
  endfacet
  facet normal -0.195174 -0.69353 -0.693487
    outer loop
      vertex 98.9706 64.1503 56.1578
      vertex 98.4895 65.7609 54.6825
      vertex 98.9706 65.7609 54.5471
    endloop
  endfacet
  facet normal 0.997857 -0.0462678 -0.0462678
    outer loop
      vertex 94.25 62.7609 52.4245
      vertex 94.2821 65.7609 50.1168
      vertex 94.2821 62.7609 53.1168
    endloop
  endfacet
  facet normal 0.997857 -0.0462678 -0.0462678
    outer loop
      vertex 94.2821 65.7609 50.1168
      vertex 94.25 62.7609 52.4245
      vertex 94.25 65.7609 49.4245
    endloop
  endfacet
  facet normal -0.83102 0.393323 0.393323
    outer loop
      vertex 100.975 62.7609 49.1961
      vertex 101.248 65.7609 46.7729
      vertex 100.975 65.7609 46.1961
    endloop
  endfacet
  facet normal -0.83102 0.393323 0.393323
    outer loop
      vertex 101.248 65.7609 46.7729
      vertex 100.975 62.7609 49.1961
      vertex 101.248 62.7609 49.7729
    endloop
  endfacet
  facet normal 0.997856 0.0462745 0.0462745
    outer loop
      vertex 94.2821 62.7609 51.7323
      vertex 94.25 65.7609 49.4245
      vertex 94.25 62.7609 52.4245
    endloop
  endfacet
  facet normal 0.997856 0.0462745 0.0462745
    outer loop
      vertex 94.25 65.7609 49.4245
      vertex 94.2821 62.7609 51.7323
      vertex 94.2821 65.7609 48.7323
    endloop
  endfacet
  facet normal -0.752297 0.465859 0.465859
    outer loop
      vertex 100.652 62.7609 48.6745
      vertex 100.975 65.7609 46.1961
      vertex 100.652 65.7609 45.6745
    endloop
  endfacet
  facet normal -0.752297 0.465859 0.465859
    outer loop
      vertex 100.975 65.7609 46.1961
      vertex 100.652 62.7609 48.6745
      vertex 100.975 62.7609 49.1961
    endloop
  endfacet
  facet normal -0.65907 0.531793 0.531811
    outer loop
      vertex 100.283 62.7609 48.2171
      vertex 100.652 65.7609 45.6745
      vertex 100.283 65.7609 45.2172
    endloop
  endfacet
  facet normal -0.659146 0.531755 0.531755
    outer loop
      vertex 100.652 65.7609 45.6745
      vertex 100.283 62.7609 48.2171
      vertex 100.652 62.7609 48.6745
    endloop
  endfacet
  facet normal 0.98078 -0.137969 -0.137969
    outer loop
      vertex 94.2821 62.7609 53.1168
      vertex 94.3778 65.7609 50.7971
      vertex 94.3778 62.7609 53.7971
    endloop
  endfacet
  facet normal 0.98078 -0.137969 -0.137969
    outer loop
      vertex 94.3778 65.7609 50.7971
      vertex 94.2821 62.7609 53.1168
      vertex 94.2821 65.7609 50.1168
    endloop
  endfacet
  facet normal 0.751792 -0.466277 -0.466256
    outer loop
      vertex 95.0249 63.2032 55.2107
      vertex 95.3484 65.7609 53.1745
      vertex 95.3484 63.464 55.4715
    endloop
  endfacet
  facet normal 0.751729 -0.466317 -0.466317
    outer loop
      vertex 95.3484 65.7609 53.1745
      vertex 95.0249 63.2032 55.2107
      vertex 95.0249 65.7609 52.653
    endloop
  endfacet
  facet normal 0.831491 0.392825 0.392825
    outer loop
      vertex 95.0249 62.7609 49.1961
      vertex 94.7524 65.7609 46.7729
      vertex 94.7524 62.7609 49.7729
    endloop
  endfacet
  facet normal 0.831491 0.392825 0.392825
    outer loop
      vertex 94.7524 65.7609 46.7729
      vertex 95.0249 62.7609 49.1961
      vertex 95.0249 65.7609 46.1961
    endloop
  endfacet
  facet normal -0.896845 -0.312786 -0.312786
    outer loop
      vertex 101.465 62.7609 54.454
      vertex 101.248 65.7609 52.0762
      vertex 101.465 65.7609 51.454
    endloop
  endfacet
  facet normal -0.896845 -0.312786 -0.312786
    outer loop
      vertex 101.248 65.7609 52.0762
      vertex 101.465 62.7609 54.454
      vertex 101.248 62.9148 54.9223
    endloop
  endfacet
  facet normal -0.897411 -0.309951 -0.31398
    outer loop
      vertex 101.248 62.9148 54.9223
      vertex 101.465 62.7609 54.454
      vertex 101.355 62.7609 54.7684
    endloop
  endfacet
  facet normal 0.442304 0.634169 0.63419
    outer loop
      vertex 96.5649 62.7609 47.5249
      vertex 96.125 65.7609 44.8318
      vertex 96.125 62.7609 47.8317
    endloop
  endfacet
  facet normal 0.442414 0.634141 0.634141
    outer loop
      vertex 96.125 65.7609 44.8318
      vertex 96.5649 62.7609 47.5249
      vertex 96.5649 65.7609 44.5249
    endloop
  endfacet
  facet normal -0.947349 -0.226418 -0.226418
    outer loop
      vertex 101.622 62.7609 53.7971
      vertex 101.465 65.7609 51.454
      vertex 101.622 65.7609 50.7971
    endloop
  endfacet
  facet normal -0.947349 -0.226418 -0.226418
    outer loop
      vertex 101.465 65.7609 51.454
      vertex 101.622 62.7609 53.7971
      vertex 101.465 62.7609 54.454
    endloop
  endfacet
  facet normal 0.946902 0.227347 0.227355
    outer loop
      vertex 94.5355 62.7609 50.3951
      vertex 94.3778 65.7609 48.052
      vertex 94.3778 62.7609 51.0519
    endloop
  endfacet
  facet normal 0.946915 0.227323 0.227323
    outer loop
      vertex 94.3778 65.7609 48.052
      vertex 94.5355 62.7609 50.3951
      vertex 94.5355 65.7609 47.3951
    endloop
  endfacet
  facet normal 0.896925 -0.31267 -0.31267
    outer loop
      vertex 94.5355 62.7609 54.454
      vertex 94.7524 65.7609 52.0762
      vertex 94.7524 62.9148 54.9223
    endloop
  endfacet
  facet normal 0.896925 -0.312673 -0.312668
    outer loop
      vertex 94.5355 62.7609 54.454
      vertex 94.7524 62.9148 54.9223
      vertex 94.6451 62.7609 54.7684
    endloop
  endfacet
  facet normal 0.896925 -0.31267 -0.31267
    outer loop
      vertex 94.7524 65.7609 52.0762
      vertex 94.5355 62.7609 54.454
      vertex 94.5355 65.7609 51.454
    endloop
  endfacet
  facet normal -0.752235 -0.465909 -0.465909
    outer loop
      vertex 100.975 63.2032 55.2107
      vertex 100.652 65.7609 53.1745
      vertex 100.975 65.7609 52.653
    endloop
  endfacet
  facet normal -0.752297 -0.465869 -0.465849
    outer loop
      vertex 100.652 65.7609 53.1745
      vertex 100.975 63.2032 55.2107
      vertex 100.652 63.464 55.4715
    endloop
  endfacet
  facet normal -0.442304 0.634169 0.63419
    outer loop
      vertex 99.875 65.7609 44.8318
      vertex 99.4351 62.7609 47.5249
      vertex 99.875 62.7609 47.8317
    endloop
  endfacet
  facet normal -0.442414 0.634141 0.634141
    outer loop
      vertex 99.4351 62.7609 47.5249
      vertex 99.875 65.7609 44.8318
      vertex 99.4351 65.7609 44.5249
    endloop
  endfacet
  facet normal -0.555439 0.58799 0.58801
    outer loop
      vertex 99.875 65.7609 44.8318
      vertex 100.283 62.7609 48.2171
      vertex 100.283 65.7609 45.2172
    endloop
  endfacet
  facet normal -0.555439 0.58799 0.58801
    outer loop
      vertex 100.283 62.7609 48.2171
      vertex 99.875 65.7609 44.8318
      vertex 99.875 62.7609 47.8317
    endloop
  endfacet
  facet normal 0.32133 0.669596 0.669618
    outer loop
      vertex 96.5649 65.7609 44.5249
      vertex 97.0294 62.7609 47.3019
      vertex 97.0294 65.7609 44.302
    endloop
  endfacet
  facet normal 0.321455 0.669577 0.669577
    outer loop
      vertex 97.0294 62.7609 47.3019
      vertex 96.5649 65.7609 44.5249
      vertex 96.5649 62.7609 47.5249
    endloop
  endfacet
  facet normal 0.831491 -0.392825 -0.392825
    outer loop
      vertex 94.7524 62.9148 54.9223
      vertex 95.0249 65.7609 52.653
      vertex 95.0249 63.2032 55.2107
    endloop
  endfacet
  facet normal 0.831491 -0.392825 -0.392825
    outer loop
      vertex 95.0249 65.7609 52.653
      vertex 94.7524 62.9148 54.9223
      vertex 94.7524 65.7609 52.0762
    endloop
  endfacet
  facet normal 0 0.707107 -0.707107
    outer loop
      vertex 101.355 62.7609 54.7684
      vertex 100.975 63.2032 55.2107
      vertex 101.248 62.9148 54.9223
    endloop
  endfacet
  facet normal 0 0.707107 -0.707107
    outer loop
      vertex 101.355 62.7609 54.7684
      vertex 100.652 63.464 55.4715
      vertex 100.975 63.2032 55.2107
    endloop
  endfacet
  facet normal 0 0.707107 -0.707107
    outer loop
      vertex 101.355 62.7609 54.7684
      vertex 100.283 63.6927 55.7002
      vertex 100.652 63.464 55.4715
    endloop
  endfacet
  facet normal 0 0.707107 -0.707107
    outer loop
      vertex 101.355 62.7609 54.7684
      vertex 99.875 63.8854 55.8929
      vertex 100.283 63.6927 55.7002
    endloop
  endfacet
  facet normal -2.11195e-14 0.707107 -0.707107
    outer loop
      vertex 101.355 62.7609 54.7684
      vertex 99.4351 64.0388 56.0463
      vertex 99.875 63.8854 55.8929
    endloop
  endfacet
  facet normal 1.86169e-14 0.707107 -0.707107
    outer loop
      vertex 101.355 62.7609 54.7684
      vertex 98.9706 64.1503 56.1578
      vertex 99.4351 64.0388 56.0463
    endloop
  endfacet
  facet normal 0.000193726 0.707273 -0.706941
    outer loop
      vertex 101.355 62.7609 54.7684
      vertex 98.4895 64.218 56.2254
      vertex 98.9706 64.1503 56.1578
    endloop
  endfacet
  facet normal -2.47637e-06 0.70708 -0.707133
    outer loop
      vertex 101.355 62.7609 54.7684
      vertex 98 64.2407 56.2481
      vertex 98.4895 64.218 56.2254
    endloop
  endfacet
  facet normal 2.00517e-06 0.707085 -0.707128
    outer loop
      vertex 101.355 62.7609 54.7684
      vertex 97.5105 64.218 56.2254
      vertex 98 64.2407 56.2481
    endloop
  endfacet
  facet normal 0 0.707083 -0.707131
    outer loop
      vertex 94.6451 62.7609 54.7684
      vertex 97.5105 64.218 56.2254
      vertex 101.355 62.7609 54.7684
    endloop
  endfacet
  facet normal -0.000193724 0.707273 -0.706941
    outer loop
      vertex 97.5105 64.218 56.2254
      vertex 94.6451 62.7609 54.7684
      vertex 97.0294 64.1503 56.1578
    endloop
  endfacet
  facet normal -1.84095e-14 0.707107 -0.707107
    outer loop
      vertex 97.0294 64.1503 56.1578
      vertex 94.6451 62.7609 54.7684
      vertex 96.5649 64.0388 56.0463
    endloop
  endfacet
  facet normal 2.1045e-14 0.707107 -0.707107
    outer loop
      vertex 96.5649 64.0388 56.0463
      vertex 94.6451 62.7609 54.7684
      vertex 96.125 63.8854 55.8929
    endloop
  endfacet
  facet normal 0 0.707107 -0.707107
    outer loop
      vertex 96.125 63.8854 55.8929
      vertex 94.6451 62.7609 54.7684
      vertex 95.7171 63.6927 55.7002
    endloop
  endfacet
  facet normal 0 0.707107 -0.707107
    outer loop
      vertex 95.7171 63.6927 55.7002
      vertex 94.6451 62.7609 54.7684
      vertex 95.3484 63.464 55.4715
    endloop
  endfacet
  facet normal 0 0.707107 -0.707107
    outer loop
      vertex 95.3484 63.464 55.4715
      vertex 94.6451 62.7609 54.7684
      vertex 95.0249 63.2032 55.2107
    endloop
  endfacet
  facet normal 0 0.707107 -0.707107
    outer loop
      vertex 95.0249 63.2032 55.2107
      vertex 94.6451 62.7609 54.7684
      vertex 94.7524 62.9148 54.9223
    endloop
  endfacet
  facet normal 0.195041 -0.693527 -0.693527
    outer loop
      vertex 97.0294 64.1503 56.1578
      vertex 97.5105 65.7609 54.6825
      vertex 97.5105 64.218 56.2254
    endloop
  endfacet
  facet normal 0.195174 -0.69353 -0.693487
    outer loop
      vertex 97.5105 65.7609 54.6825
      vertex 97.0294 64.1503 56.1578
      vertex 97.0294 65.7609 54.5471
    endloop
  endfacet
  facet normal 0.896925 0.31267 0.31267
    outer loop
      vertex 94.7524 62.7609 49.7729
      vertex 94.5355 65.7609 47.3951
      vertex 94.5355 62.7609 50.3951
    endloop
  endfacet
  facet normal 0.896925 0.31267 0.31267
    outer loop
      vertex 94.5355 65.7609 47.3951
      vertex 94.7524 62.7609 49.7729
      vertex 94.7524 65.7609 46.7729
    endloop
  endfacet
  facet normal 0.19518 0.693507 0.693507
    outer loop
      vertex 97.0294 65.7609 44.302
      vertex 97.5105 62.7609 47.1666
      vertex 97.5105 65.7609 44.1666
    endloop
  endfacet
  facet normal 0.195044 0.693515 0.693538
    outer loop
      vertex 97.5105 62.7609 47.1666
      vertex 97.0294 65.7609 44.302
      vertex 97.0294 62.7609 47.3019
    endloop
  endfacet
  facet normal -0.83102 -0.393323 -0.393323
    outer loop
      vertex 101.248 62.9148 54.9223
      vertex 100.975 65.7609 52.653
      vertex 101.248 65.7609 52.0762
    endloop
  endfacet
  facet normal -0.83102 -0.393323 -0.393323
    outer loop
      vertex 100.975 65.7609 52.653
      vertex 101.248 62.9148 54.9223
      vertex 100.975 63.2032 55.2107
    endloop
  endfacet
  facet normal -0.0654419 -0.705614 -0.705568
    outer loop
      vertex 98 65.7609 54.7278
      vertex 98.4895 64.218 56.2254
      vertex 98 64.2407 56.2481
    endloop
  endfacet
  facet normal -0.0652984 -0.705598 -0.705598
    outer loop
      vertex 98.4895 64.218 56.2254
      vertex 98 65.7609 54.7278
      vertex 98.4895 65.7609 54.6825
    endloop
  endfacet
  facet normal -0.0654419 0.705591 0.705591
    outer loop
      vertex 98.4895 65.7609 44.1666
      vertex 98 62.7609 47.1212
      vertex 98.4895 62.7609 47.1666
    endloop
  endfacet
  facet normal -0.0654419 0.705591 0.705591
    outer loop
      vertex 98 62.7609 47.1212
      vertex 98.4895 65.7609 44.1666
      vertex 98 65.7609 44.1212
    endloop
  endfacet
  facet normal 0.555533 0.587946 0.587965
    outer loop
      vertex 95.7171 65.7609 45.2172
      vertex 96.125 62.7609 47.8317
      vertex 96.125 65.7609 44.8318
    endloop
  endfacet
  facet normal 0.555533 0.587946 0.587965
    outer loop
      vertex 96.125 62.7609 47.8317
      vertex 95.7171 65.7609 45.2172
      vertex 95.7171 62.7609 48.2171
    endloop
  endfacet
  facet normal 0.659449 0.531567 0.531567
    outer loop
      vertex 95.7171 62.7609 48.2171
      vertex 95.3484 65.7609 45.6745
      vertex 95.3484 62.7609 48.6745
    endloop
  endfacet
  facet normal 0.659374 0.531605 0.531623
    outer loop
      vertex 95.3484 65.7609 45.6745
      vertex 95.7171 62.7609 48.2171
      vertex 95.7171 65.7609 45.2172
    endloop
  endfacet
  facet normal -0.195183 0.693495 0.693518
    outer loop
      vertex 98.4895 65.7609 44.1666
      vertex 98.9706 62.7609 47.3019
      vertex 98.9706 65.7609 44.302
    endloop
  endfacet
  facet normal -0.195041 0.693527 0.693527
    outer loop
      vertex 98.9706 62.7609 47.3019
      vertex 98.4895 65.7609 44.1666
      vertex 98.4895 62.7609 47.1666
    endloop
  endfacet
  facet normal 0.0654419 -0.705614 -0.705568
    outer loop
      vertex 97.5105 64.218 56.2254
      vertex 98 65.7609 54.7278
      vertex 98 64.2407 56.2481
    endloop
  endfacet
  facet normal 0.0652984 -0.705598 -0.705598
    outer loop
      vertex 98 65.7609 54.7278
      vertex 97.5105 64.218 56.2254
      vertex 97.5105 65.7609 54.6825
    endloop
  endfacet
  facet normal -0.980668 0.138366 0.138366
    outer loop
      vertex 101.622 44.5164 0
      vertex 101.718 42.1968 3
      vertex 101.718 45.1968 0
    endloop
  endfacet
  facet normal -0.980668 0.138366 0.138366
    outer loop
      vertex 101.718 42.1968 3
      vertex 101.622 44.5164 0
      vertex 101.622 41.5164 3
    endloop
  endfacet
  facet normal -0.99787 0.0461309 0.0461309
    outer loop
      vertex 101.718 45.1968 0
      vertex 101.75 42.889 3
      vertex 101.75 45.889 0
    endloop
  endfacet
  facet normal -0.99787 0.0461309 0.0461309
    outer loop
      vertex 101.75 42.889 3
      vertex 101.718 45.1968 0
      vertex 101.718 42.1968 3
    endloop
  endfacet
  facet normal -0.947349 0.226418 0.226418
    outer loop
      vertex 101.465 43.8595 0
      vertex 101.622 41.5164 3
      vertex 101.622 44.5164 0
    endloop
  endfacet
  facet normal -0.947349 0.226418 0.226418
    outer loop
      vertex 101.622 41.5164 3
      vertex 101.465 43.8595 0
      vertex 101.465 40.8595 3
    endloop
  endfacet
  facet normal -0.659146 -0.531755 -0.531755
    outer loop
      vertex 100.652 49.639 0
      vertex 100.283 47.0964 3
      vertex 100.283 50.0964 0
    endloop
  endfacet
  facet normal -0.659146 -0.531755 -0.531755
    outer loop
      vertex 100.283 47.0964 3
      vertex 100.652 49.639 0
      vertex 100.652 46.639 3
    endloop
  endfacet
  facet normal -0.555398 -0.588019 -0.588019
    outer loop
      vertex 100 50.3637 0
      vertex 100.283 47.0964 3
      vertex 100 47.3637 3
    endloop
  endfacet
  facet normal -0.555398 -0.588019 -0.588019
    outer loop
      vertex 100.283 47.0964 3
      vertex 100 50.3637 0
      vertex 100.283 50.0964 0
    endloop
  endfacet
  facet normal -0.896816 0.312826 0.312826
    outer loop
      vertex 101.248 43.2374 0
      vertex 101.465 40.8595 3
      vertex 101.465 43.8595 0
    endloop
  endfacet
  facet normal -0.896816 0.312826 0.312826
    outer loop
      vertex 101.465 40.8595 3
      vertex 101.248 43.2374 0
      vertex 101.248 40.2374 3
    endloop
  endfacet
  facet normal -0.980668 -0.138366 -0.138366
    outer loop
      vertex 101.718 46.5812 0
      vertex 101.622 44.2616 3
      vertex 101.622 47.2616 0
    endloop
  endfacet
  facet normal -0.980668 -0.138366 -0.138366
    outer loop
      vertex 101.622 44.2616 3
      vertex 101.718 46.5812 0
      vertex 101.718 43.5812 3
    endloop
  endfacet
  facet normal -0.99787 -0.0461309 -0.0461309
    outer loop
      vertex 101.75 45.889 0
      vertex 101.718 43.5812 3
      vertex 101.718 46.5812 0
    endloop
  endfacet
  facet normal -0.99787 -0.0461309 -0.0461309
    outer loop
      vertex 101.718 43.5812 3
      vertex 101.75 45.889 0
      vertex 101.75 42.889 3
    endloop
  endfacet
  facet normal -0.83102 0.393323 0.393323
    outer loop
      vertex 100.975 42.6606 0
      vertex 101.248 40.2374 3
      vertex 101.248 43.2374 0
    endloop
  endfacet
  facet normal -0.83102 0.393323 0.393323
    outer loop
      vertex 101.248 40.2374 3
      vertex 100.975 42.6606 0
      vertex 100.975 39.6606 3
    endloop
  endfacet
  facet normal -0.752297 0.465859 0.465859
    outer loop
      vertex 100.652 42.139 0
      vertex 100.975 39.6606 3
      vertex 100.975 42.6606 0
    endloop
  endfacet
  facet normal -0.752297 0.465859 0.465859
    outer loop
      vertex 100.975 39.6606 3
      vertex 100.652 42.139 0
      vertex 100.652 39.139 3
    endloop
  endfacet
  facet normal -0.659146 0.531755 0.531755
    outer loop
      vertex 100.283 41.6816 0
      vertex 100.652 39.139 3
      vertex 100.652 42.139 0
    endloop
  endfacet
  facet normal -0.659146 0.531755 0.531755
    outer loop
      vertex 100.652 39.139 3
      vertex 100.283 41.6816 0
      vertex 100.283 38.6816 3
    endloop
  endfacet
  facet normal -0.896845 -0.312786 -0.312786
    outer loop
      vertex 101.465 47.9185 0
      vertex 101.248 45.5407 3
      vertex 101.248 48.5407 0
    endloop
  endfacet
  facet normal -0.896845 -0.312786 -0.312786
    outer loop
      vertex 101.248 45.5407 3
      vertex 101.465 47.9185 0
      vertex 101.465 44.9185 3
    endloop
  endfacet
  facet normal -0.947349 -0.226418 -0.226418
    outer loop
      vertex 101.622 47.2616 0
      vertex 101.465 44.9185 3
      vertex 101.465 47.9185 0
    endloop
  endfacet
  facet normal -0.947349 -0.226418 -0.226418
    outer loop
      vertex 101.465 44.9185 3
      vertex 101.622 47.2616 0
      vertex 101.622 44.2616 3
    endloop
  endfacet
  facet normal -0.752235 -0.465909 -0.465909
    outer loop
      vertex 100.975 49.1175 0
      vertex 100.652 46.639 3
      vertex 100.652 49.639 0
    endloop
  endfacet
  facet normal -0.752235 -0.465909 -0.465909
    outer loop
      vertex 100.652 46.639 3
      vertex 100.975 49.1175 0
      vertex 100.975 46.1175 3
    endloop
  endfacet
  facet normal -0.555398 0.588019 0.588019
    outer loop
      vertex 100.283 41.6816 0
      vertex 100 38.4143 3
      vertex 100.283 38.6816 3
    endloop
  endfacet
  facet normal -0.555398 0.588019 0.588019
    outer loop
      vertex 100 38.4143 3
      vertex 100.283 41.6816 0
      vertex 100 41.4143 0
    endloop
  endfacet
  facet normal -0.83102 -0.393323 -0.393323
    outer loop
      vertex 101.248 48.5407 0
      vertex 100.975 46.1175 3
      vertex 100.975 49.1175 0
    endloop
  endfacet
  facet normal -0.83102 -0.393323 -0.393323
    outer loop
      vertex 100.975 46.1175 3
      vertex 101.248 48.5407 0
      vertex 101.248 45.5407 3
    endloop
  endfacet
  facet normal -1 0 0
    outer loop
      vertex 54 62.7609 9
      vertex 54 65.7609 27
      vertex 54 65.7609 9
    endloop
  endfacet
  facet normal -1 -0 0
    outer loop
      vertex 54 65.7609 27
      vertex 54 62.7609 9
      vertex 54 62.7609 27
    endloop
  endfacet
  facet normal 0 0 -1
    outer loop
      vertex 22 62.7609 27
      vertex 54 65.7609 27
      vertex 54 62.7609 27
    endloop
  endfacet
  facet normal -0 0 -1
    outer loop
      vertex 54 65.7609 27
      vertex 22 62.7609 27
      vertex 22 65.7609 27
    endloop
  endfacet
  facet normal -0 0 1
    outer loop
      vertex 22 65.7609 9
      vertex 54 62.7609 9
      vertex 54 65.7609 9
    endloop
  endfacet
  facet normal 0 0 1
    outer loop
      vertex 54 62.7609 9
      vertex 22 65.7609 9
      vertex 22 62.7609 9
    endloop
  endfacet
  facet normal 1 -0 0
    outer loop
      vertex 22 62.7609 27
      vertex 22 65.7609 9
      vertex 22 65.7609 27
    endloop
  endfacet
  facet normal 1 0 0
    outer loop
      vertex 22 65.7609 9
      vertex 22 62.7609 27
      vertex 22 62.7609 9
    endloop
  endfacet
endsolid OpenSCAD_Model
