solid OpenSCAD_Model
  facet normal -0.740949 -0.671561 0
    outer loop
      vertex 3.67726 4.59026 2
      vertex 3.46637 4.82294 5.468
      vertex 3.46637 4.82294 2
    endloop
  endfacet
  facet normal -0.740949 -0.671561 0
    outer loop
      vertex 3.46637 4.82294 5.468
      vertex 3.67726 4.59026 2
      vertex 3.67726 4.59026 5.468
    endloop
  endfacet
  facet normal 0.24297 -0.970034 0
    outer loop
      vertex 6.56429 3.71449 2
      vertex 6.86891 3.79079 5.468
      vertex 6.56429 3.71449 5.468
    endloop
  endfacet
  facet normal 0.24297 -0.970034 0
    outer loop
      vertex 6.86891 3.79079 5.468
      vertex 6.56429 3.71449 2
      vertex 6.86891 3.79079 2
    endloop
  endfacet
  facet normal -0.514121 -0.857718 0
    outer loop
      vertex 4.16218 4.1923 2
      vertex 4.43153 4.03085 5.468
      vertex 4.16218 4.1923 5.468
    endloop
  endfacet
  facet normal -0.514121 -0.857718 -0
    outer loop
      vertex 4.43153 4.03085 5.468
      vertex 4.16218 4.1923 2
      vertex 4.43153 4.03085 2
    endloop
  endfacet
  facet normal -0.989176 0.146733 0
    outer loop
      vertex 2.75541 7.16665 2
      vertex 2.80149 7.47729 5.468
      vertex 2.80149 7.47729 2
    endloop
  endfacet
  facet normal -0.989176 0.146733 0
    outer loop
      vertex 2.80149 7.47729 5.468
      vertex 2.75541 7.16665 2
      vertex 2.75541 7.16665 5.468
    endloop
  endfacet
  facet normal -0.998795 -0.049072 0
    outer loop
      vertex 2.75541 6.53935 2
      vertex 2.74 6.853 5.468
      vertex 2.74 6.853 2
    endloop
  endfacet
  facet normal -0.998795 -0.049072 0
    outer loop
      vertex 2.74 6.853 5.468
      vertex 2.75541 6.53935 2
      vertex 2.75541 6.53935 5.468
    endloop
  endfacet
  facet normal 0.049072 -0.998795 0
    outer loop
      vertex 5.94 3.653 2
      vertex 6.25365 3.66841 5.468
      vertex 5.94 3.653 5.468
    endloop
  endfacet
  facet normal 0.049072 -0.998795 0
    outer loop
      vertex 6.25365 3.66841 5.468
      vertex 5.94 3.653 2
      vertex 6.25365 3.66841 2
    endloop
  endfacet
  facet normal -0.857718 -0.514121 0
    outer loop
      vertex 3.2793 5.07518 2
      vertex 3.11785 5.34453 5.468
      vertex 3.11785 5.34453 2
    endloop
  endfacet
  facet normal -0.857718 -0.514121 0
    outer loop
      vertex 3.11785 5.34453 5.468
      vertex 3.2793 5.07518 2
      vertex 3.2793 5.07518 5.468
    endloop
  endfacet
  facet normal -0.803214 -0.595691 0
    outer loop
      vertex 3.46637 4.82294 2
      vertex 3.2793 5.07518 5.468
      vertex 3.2793 5.07518 2
    endloop
  endfacet
  facet normal -0.803214 -0.595691 0
    outer loop
      vertex 3.2793 5.07518 5.468
      vertex 3.46637 4.82294 2
      vertex 3.46637 4.82294 5.468
    endloop
  endfacet
  facet normal -0.671561 -0.740949 0
    outer loop
      vertex 3.67726 4.59026 2
      vertex 3.90994 4.37937 5.468
      vertex 3.67726 4.59026 5.468
    endloop
  endfacet
  facet normal -0.671561 -0.740949 -0
    outer loop
      vertex 3.90994 4.37937 5.468
      vertex 3.67726 4.59026 2
      vertex 3.90994 4.37937 2
    endloop
  endfacet
  facet normal -0.857718 0.514121 0
    outer loop
      vertex 3.11785 8.36147 2
      vertex 3.2793 8.63082 5.468
      vertex 3.2793 8.63082 2
    endloop
  endfacet
  facet normal -0.857718 0.514121 0
    outer loop
      vertex 3.2793 8.63082 5.468
      vertex 3.11785 8.36147 2
      vertex 3.11785 8.36147 5.468
    endloop
  endfacet
  facet normal -0.049072 -0.998795 0
    outer loop
      vertex 5.62635 3.66841 2
      vertex 5.94 3.653 5.468
      vertex 5.62635 3.66841 5.468
    endloop
  endfacet
  facet normal -0.049072 -0.998795 -0
    outer loop
      vertex 5.94 3.653 5.468
      vertex 5.62635 3.66841 2
      vertex 5.94 3.653 2
    endloop
  endfacet
  facet normal -0.94154 -0.336901 0
    outer loop
      vertex 2.98359 5.62841 2
      vertex 2.87779 5.92409 5.468
      vertex 2.87779 5.92409 2
    endloop
  endfacet
  facet normal -0.94154 -0.336901 0
    outer loop
      vertex 2.87779 5.92409 5.468
      vertex 2.98359 5.62841 2
      vertex 2.98359 5.62841 5.468
    endloop
  endfacet
  facet normal -0.803225 0.595676 0
    outer loop
      vertex 3.2793 8.63082 2
      vertex 3.44407 8.853 5.468
      vertex 3.44407 8.853 2
    endloop
  endfacet
  facet normal -0.803225 0.595676 0
    outer loop
      vertex 3.44407 8.853 5.468
      vertex 3.2793 8.63082 2
      vertex 3.2793 8.63082 5.468
    endloop
  endfacet
  facet normal 0.146733 -0.989176 0
    outer loop
      vertex 6.25365 3.66841 2
      vertex 6.56429 3.71449 5.468
      vertex 6.25365 3.66841 5.468
    endloop
  endfacet
  facet normal 0.146733 -0.989176 0
    outer loop
      vertex 6.56429 3.71449 5.468
      vertex 6.25365 3.66841 2
      vertex 6.56429 3.71449 2
    endloop
  endfacet
  facet normal 0 0 -1
    outer loop
      vertex 89.57 0 0
      vertex 93.57 4 0
      vertex 93.5507 3.60793 0
    endloop
  endfacet
  facet normal 0 0 -1
    outer loop
      vertex 93.57 4 0
      vertex 82.57 30.5 0
      vertex 93.57 57 0
    endloop
  endfacet
  facet normal 0 0 -1
    outer loop
      vertex 89.57 0 0
      vertex 93.5507 3.60793 0
      vertex 93.4931 3.21964 0
    endloop
  endfacet
  facet normal 0 0 -1
    outer loop
      vertex 82.5522 30.8627 0
      vertex 93.57 57 0
      vertex 82.57 30.5 0
    endloop
  endfacet
  facet normal 0 0 -1
    outer loop
      vertex 89.57 0 0
      vertex 93.4931 3.21964 0
      vertex 93.3978 2.83885 0
    endloop
  endfacet
  facet normal 0 0 -1
    outer loop
      vertex 82.4989 31.2218 0
      vertex 93.57 57 0
      vertex 82.5522 30.8627 0
    endloop
  endfacet
  facet normal 0 0 -1
    outer loop
      vertex 89.57 0 0
      vertex 93.3978 2.83885 0
      vertex 93.2655 2.46925 0
    endloop
  endfacet
  facet normal 0 0 -1
    outer loop
      vertex 82.4107 31.5741 0
      vertex 93.57 57 0
      vertex 82.4989 31.2218 0
    endloop
  endfacet
  facet normal 0 0 -1
    outer loop
      vertex 89.57 0 0
      vertex 93.2655 2.46925 0
      vertex 93.0977 2.11441 0
    endloop
  endfacet
  facet normal 0 0 -1
    outer loop
      vertex 82.2884 31.9159 0
      vertex 93.57 57 0
      vertex 82.4107 31.5741 0
    endloop
  endfacet
  facet normal 0 0 -1
    outer loop
      vertex 89.57 0 0
      vertex 93.0977 2.11441 0
      vertex 92.8959 1.77771 0
    endloop
  endfacet
  facet normal 0 0 -1
    outer loop
      vertex 82.1331 32.2442 0
      vertex 93.57 57 0
      vertex 82.2884 31.9159 0
    endloop
  endfacet
  facet normal 0 0 -1
    outer loop
      vertex 89.57 0 0
      vertex 92.8959 1.77771 0
      vertex 92.662 1.46242 0
    endloop
  endfacet
  facet normal 0 0 -1
    outer loop
      vertex 81.9464 32.5556 0
      vertex 93.57 57 0
      vertex 82.1331 32.2442 0
    endloop
  endfacet
  facet normal 0 0 -1
    outer loop
      vertex 89.57 0 0
      vertex 92.662 1.46242 0
      vertex 92.3984 1.17157 0
    endloop
  endfacet
  facet normal 0 0 -1
    outer loop
      vertex 81.7301 32.8473 0
      vertex 93.57 57 0
      vertex 81.9464 32.5556 0
    endloop
  endfacet
  facet normal 0 0 -1
    outer loop
      vertex 89.57 0 0
      vertex 92.3984 1.17157 0
      vertex 92.1076 0.907944 0
    endloop
  endfacet
  facet normal 0 0 -1
    outer loop
      vertex 81.4863 33.1163 0
      vertex 93.57 57 0
      vertex 81.7301 32.8473 0
    endloop
  endfacet
  facet normal 0 0 -1
    outer loop
      vertex 89.57 0 0
      vertex 92.1076 0.907944 0
      vertex 91.7923 0.674118 0
    endloop
  endfacet
  facet normal 0 0 -1
    outer loop
      vertex 81.2173 33.3601 0
      vertex 93.57 57 0
      vertex 81.4863 33.1163 0
    endloop
  endfacet
  facet normal 0 0 -1
    outer loop
      vertex 89.57 0 0
      vertex 91.7923 0.674118 0
      vertex 91.4556 0.472305 0
    endloop
  endfacet
  facet normal 0 0 -1
    outer loop
      vertex 80.9256 33.5764 0
      vertex 93.57 57 0
      vertex 81.2173 33.3601 0
    endloop
  endfacet
  facet normal 0 0 -1
    outer loop
      vertex 89.57 0 0
      vertex 91.4556 0.472305 0
      vertex 91.1007 0.304474 0
    endloop
  endfacet
  facet normal 0 0 -1
    outer loop
      vertex 80.6142 33.7631 0
      vertex 93.57 57 0
      vertex 80.9256 33.5764 0
    endloop
  endfacet
  facet normal 0 0 -1
    outer loop
      vertex 89.57 0 0
      vertex 91.1007 0.304474 0
      vertex 90.7311 0.172226 0
    endloop
  endfacet
  facet normal 0 0 -1
    outer loop
      vertex 80.2859 33.9184 0
      vertex 93.57 57 0
      vertex 80.6142 33.7631 0
    endloop
  endfacet
  facet normal 0 0 -1
    outer loop
      vertex 89.57 0 0
      vertex 90.7311 0.172226 0
      vertex 90.3504 0.0768585 0
    endloop
  endfacet
  facet normal 0 0 -1
    outer loop
      vertex 79.9441 34.0407 0
      vertex 93.57 57 0
      vertex 80.2859 33.9184 0
    endloop
  endfacet
  facet normal 0 0 -1
    outer loop
      vertex 89.57 0 0
      vertex 90.3504 0.0768585 0
      vertex 89.9621 0.0192566 0
    endloop
  endfacet
  facet normal 0 0 -1
    outer loop
      vertex 79.5918 34.1289 0
      vertex 93.57 57 0
      vertex 79.9441 34.0407 0
    endloop
  endfacet
  facet normal 0 0 -1
    outer loop
      vertex 79.2327 26.8178 0
      vertex 93.57 4 0
      vertex 89.57 0 0
    endloop
  endfacet
  facet normal 0 0 -1
    outer loop
      vertex 79.2327 34.1822 0
      vertex 93.57 57 0
      vertex 79.5918 34.1289 0
    endloop
  endfacet
  facet normal 0 0 -1
    outer loop
      vertex 93.57 57 0
      vertex 89.57 61 0
      vertex 93.5507 57.3921 0
    endloop
  endfacet
  facet normal 0 0 -1
    outer loop
      vertex 93.57 4 0
      vertex 82.5522 30.1373 0
      vertex 82.57 30.5 0
    endloop
  endfacet
  facet normal 0 0 -1
    outer loop
      vertex 93.57 4 0
      vertex 82.4989 29.7782 0
      vertex 82.5522 30.1373 0
    endloop
  endfacet
  facet normal 0 0 -1
    outer loop
      vertex 93.57 4 0
      vertex 82.4107 29.4259 0
      vertex 82.4989 29.7782 0
    endloop
  endfacet
  facet normal 0 0 -1
    outer loop
      vertex 93.57 4 0
      vertex 82.2884 29.0841 0
      vertex 82.4107 29.4259 0
    endloop
  endfacet
  facet normal 0 0 -1
    outer loop
      vertex 93.57 4 0
      vertex 82.1331 28.7558 0
      vertex 82.2884 29.0841 0
    endloop
  endfacet
  facet normal 0 0 -1
    outer loop
      vertex 93.57 4 0
      vertex 81.9464 28.4444 0
      vertex 82.1331 28.7558 0
    endloop
  endfacet
  facet normal 0 0 -1
    outer loop
      vertex 93.57 4 0
      vertex 81.7301 28.1527 0
      vertex 81.9464 28.4444 0
    endloop
  endfacet
  facet normal 0 0 -1
    outer loop
      vertex 93.57 4 0
      vertex 81.4863 27.8837 0
      vertex 81.7301 28.1527 0
    endloop
  endfacet
  facet normal 0 0 -1
    outer loop
      vertex 93.57 4 0
      vertex 81.2173 27.6399 0
      vertex 81.4863 27.8837 0
    endloop
  endfacet
  facet normal 0 0 -1
    outer loop
      vertex 93.57 4 0
      vertex 80.9256 27.4236 0
      vertex 81.2173 27.6399 0
    endloop
  endfacet
  facet normal 0 0 -1
    outer loop
      vertex 93.57 4 0
      vertex 80.6142 27.2369 0
      vertex 80.9256 27.4236 0
    endloop
  endfacet
  facet normal 0 0 -1
    outer loop
      vertex 93.57 4 0
      vertex 80.2859 27.0816 0
      vertex 80.6142 27.2369 0
    endloop
  endfacet
  facet normal 0 0 -1
    outer loop
      vertex 93.57 4 0
      vertex 79.9441 26.9593 0
      vertex 80.2859 27.0816 0
    endloop
  endfacet
  facet normal 0 0 -1
    outer loop
      vertex 93.57 4 0
      vertex 79.5918 26.8711 0
      vertex 79.9441 26.9593 0
    endloop
  endfacet
  facet normal 0 0 -1
    outer loop
      vertex 93.57 4 0
      vertex 79.2327 26.8178 0
      vertex 79.5918 26.8711 0
    endloop
  endfacet
  facet normal 0 0 -1
    outer loop
      vertex 89.57 0 0
      vertex 78.87 26.8 0
      vertex 79.2327 26.8178 0
    endloop
  endfacet
  facet normal 0 0 -1
    outer loop
      vertex 62.85 11.101 0
      vertex 78.87 26.8 0
      vertex 89.57 0 0
    endloop
  endfacet
  facet normal -0 0 -1
    outer loop
      vertex 78.87 26.8 0
      vertex 62.85 11.101 0
      vertex 78.5073 26.8178 0
    endloop
  endfacet
  facet normal -0 0 -1
    outer loop
      vertex 78.5073 26.8178 0
      vertex 62.85 11.101 0
      vertex 78.1482 26.8711 0
    endloop
  endfacet
  facet normal -0 0 -1
    outer loop
      vertex 78.1482 26.8711 0
      vertex 62.85 11.101 0
      vertex 77.7959 26.9593 0
    endloop
  endfacet
  facet normal -0 0 -1
    outer loop
      vertex 77.7959 26.9593 0
      vertex 62.85 11.101 0
      vertex 77.4541 27.0816 0
    endloop
  endfacet
  facet normal -0 0 -1
    outer loop
      vertex 77.4541 27.0816 0
      vertex 62.85 11.101 0
      vertex 77.1258 27.2369 0
    endloop
  endfacet
  facet normal -0 0 -1
    outer loop
      vertex 77.1258 27.2369 0
      vertex 62.85 11.101 0
      vertex 76.8144 27.4236 0
    endloop
  endfacet
  facet normal -0 0 -1
    outer loop
      vertex 76.8144 27.4236 0
      vertex 62.85 11.101 0
      vertex 76.5227 27.6399 0
    endloop
  endfacet
  facet normal -0 0 -1
    outer loop
      vertex 76.5227 27.6399 0
      vertex 62.85 11.101 0
      vertex 76.2537 27.8837 0
    endloop
  endfacet
  facet normal -0 0 -1
    outer loop
      vertex 76.2537 27.8837 0
      vertex 62.85 11.101 0
      vertex 76.0099 28.1527 0
    endloop
  endfacet
  facet normal -0 0 -1
    outer loop
      vertex 76.0099 28.1527 0
      vertex 62.85 11.101 0
      vertex 75.7936 28.4444 0
    endloop
  endfacet
  facet normal -0 0 -1
    outer loop
      vertex 75.1878 30.1373 0
      vertex 62.85 11.101 0
      vertex 75.17 30.5 0
    endloop
  endfacet
  facet normal -0 0 -1
    outer loop
      vertex 75.2411 29.7782 0
      vertex 62.85 11.101 0
      vertex 75.1878 30.1373 0
    endloop
  endfacet
  facet normal -0 0 -1
    outer loop
      vertex 75.3293 29.4259 0
      vertex 62.85 11.101 0
      vertex 75.2411 29.7782 0
    endloop
  endfacet
  facet normal -0 0 -1
    outer loop
      vertex 75.4516 29.0841 0
      vertex 62.85 11.101 0
      vertex 75.3293 29.4259 0
    endloop
  endfacet
  facet normal -0 0 -1
    outer loop
      vertex 75.6069 28.7558 0
      vertex 62.85 11.101 0
      vertex 75.4516 29.0841 0
    endloop
  endfacet
  facet normal -0 0 -1
    outer loop
      vertex 75.7936 28.4444 0
      vertex 62.85 11.101 0
      vertex 75.6069 28.7558 0
    endloop
  endfacet
  facet normal 0 0 -1
    outer loop
      vertex 4 0 0
      vertex 62.85 11.101 0
      vertex 89.57 0 0
    endloop
  endfacet
  facet normal 0 0 -1
    outer loop
      vertex 0 4 0
      vertex 12.35 11.101 0
      vertex 4 0 0
    endloop
  endfacet
  facet normal -0 0 -1
    outer loop
      vertex 62.85 11.101 0
      vertex 4 0 0
      vertex 12.35 11.101 0
    endloop
  endfacet
  facet normal 0 0 -1
    outer loop
      vertex 93.5507 57.3921 0
      vertex 89.57 61 0
      vertex 93.4931 57.7803 0
    endloop
  endfacet
  facet normal 0 0 -1
    outer loop
      vertex 93.3978 58.1611 0
      vertex 89.57 61 0
      vertex 93.2655 58.5307 0
    endloop
  endfacet
  facet normal 0 0 -1
    outer loop
      vertex 93.2655 58.5307 0
      vertex 89.57 61 0
      vertex 93.0977 58.8856 0
    endloop
  endfacet
  facet normal 0 0 -1
    outer loop
      vertex 92.8959 59.2223 0
      vertex 89.57 61 0
      vertex 92.662 59.5376 0
    endloop
  endfacet
  facet normal 0 0 -1
    outer loop
      vertex 92.662 59.5376 0
      vertex 89.57 61 0
      vertex 92.3984 59.8284 0
    endloop
  endfacet
  facet normal 0 0 -1
    outer loop
      vertex 92.1076 60.092 0
      vertex 89.57 61 0
      vertex 91.7923 60.3259 0
    endloop
  endfacet
  facet normal 0 0 -1
    outer loop
      vertex 91.7923 60.3259 0
      vertex 89.57 61 0
      vertex 91.4556 60.5277 0
    endloop
  endfacet
  facet normal 0 0 -1
    outer loop
      vertex 91.4556 60.5277 0
      vertex 89.57 61 0
      vertex 91.1007 60.6955 0
    endloop
  endfacet
  facet normal 0 0 -1
    outer loop
      vertex 90.7311 60.8278 0
      vertex 89.57 61 0
      vertex 90.3504 60.9231 0
    endloop
  endfacet
  facet normal 0 0 -1
    outer loop
      vertex 90.3504 60.9231 0
      vertex 89.57 61 0
      vertex 89.9621 60.9807 0
    endloop
  endfacet
  facet normal 0 0 -1
    outer loop
      vertex 91.1007 60.6955 0
      vertex 89.57 61 0
      vertex 90.7311 60.8278 0
    endloop
  endfacet
  facet normal 0 0 -1
    outer loop
      vertex 92.3984 59.8284 0
      vertex 89.57 61 0
      vertex 92.1076 60.092 0
    endloop
  endfacet
  facet normal 0 0 -1
    outer loop
      vertex 93.0977 58.8856 0
      vertex 89.57 61 0
      vertex 92.8959 59.2223 0
    endloop
  endfacet
  facet normal 0 0 -1
    outer loop
      vertex 93.4931 57.7803 0
      vertex 89.57 61 0
      vertex 93.3978 58.1611 0
    endloop
  endfacet
  facet normal -0 0 -1
    outer loop
      vertex 93.57 57 0
      vertex 79.2327 34.1822 0
      vertex 89.57 61 0
    endloop
  endfacet
  facet normal 0 0 -1
    outer loop
      vertex 78.87 34.2 0
      vertex 89.57 61 0
      vertex 79.2327 34.1822 0
    endloop
  endfacet
  facet normal 0 0 -1
    outer loop
      vertex 62.85 50.001 0
      vertex 78.87 34.2 0
      vertex 78.5073 34.1822 0
    endloop
  endfacet
  facet normal 0 0 -1
    outer loop
      vertex 62.85 50.001 0
      vertex 78.5073 34.1822 0
      vertex 78.1482 34.1289 0
    endloop
  endfacet
  facet normal 0 0 -1
    outer loop
      vertex 62.85 50.001 0
      vertex 78.1482 34.1289 0
      vertex 77.7959 34.0407 0
    endloop
  endfacet
  facet normal 0 0 -1
    outer loop
      vertex 62.85 50.001 0
      vertex 77.7959 34.0407 0
      vertex 77.4541 33.9184 0
    endloop
  endfacet
  facet normal 0 0 -1
    outer loop
      vertex 62.85 50.001 0
      vertex 77.4541 33.9184 0
      vertex 77.1258 33.7631 0
    endloop
  endfacet
  facet normal 0 0 -1
    outer loop
      vertex 62.85 50.001 0
      vertex 77.1258 33.7631 0
      vertex 76.8144 33.5764 0
    endloop
  endfacet
  facet normal 0 0 -1
    outer loop
      vertex 62.85 50.001 0
      vertex 76.8144 33.5764 0
      vertex 76.5227 33.3601 0
    endloop
  endfacet
  facet normal 0 0 -1
    outer loop
      vertex 62.85 50.001 0
      vertex 76.5227 33.3601 0
      vertex 76.2537 33.1163 0
    endloop
  endfacet
  facet normal 0 0 -1
    outer loop
      vertex 62.85 50.001 0
      vertex 76.2537 33.1163 0
      vertex 76.0099 32.8473 0
    endloop
  endfacet
  facet normal 0 0 -1
    outer loop
      vertex 62.85 50.001 0
      vertex 76.0099 32.8473 0
      vertex 75.7936 32.5556 0
    endloop
  endfacet
  facet normal 0 0 -1
    outer loop
      vertex 62.85 50.001 0
      vertex 75.7936 32.5556 0
      vertex 75.6069 32.2442 0
    endloop
  endfacet
  facet normal 0 0 -1
    outer loop
      vertex 62.85 50.001 0
      vertex 75.17 30.5 0
      vertex 62.85 11.101 0
    endloop
  endfacet
  facet normal 0 0 -1
    outer loop
      vertex 75.17 30.5 0
      vertex 62.85 50.001 0
      vertex 75.1878 30.8627 0
    endloop
  endfacet
  facet normal 0 0 -1
    outer loop
      vertex 75.1878 30.8627 0
      vertex 62.85 50.001 0
      vertex 75.2411 31.2218 0
    endloop
  endfacet
  facet normal 0 0 -1
    outer loop
      vertex 75.2411 31.2218 0
      vertex 62.85 50.001 0
      vertex 75.3293 31.5741 0
    endloop
  endfacet
  facet normal 0 0 -1
    outer loop
      vertex 75.3293 31.5741 0
      vertex 62.85 50.001 0
      vertex 75.4516 31.9159 0
    endloop
  endfacet
  facet normal 0 0 -1
    outer loop
      vertex 75.4516 31.9159 0
      vertex 62.85 50.001 0
      vertex 75.6069 32.2442 0
    endloop
  endfacet
  facet normal 0 0 -1
    outer loop
      vertex 78.87 34.2 0
      vertex 62.85 50.001 0
      vertex 89.57 61 0
    endloop
  endfacet
  facet normal 0 0 -1
    outer loop
      vertex 4 61 0
      vertex 62.85 50.001 0
      vertex 12.35 50.001 0
    endloop
  endfacet
  facet normal 0 0 -1
    outer loop
      vertex 62.85 50.001 0
      vertex 4 61 0
      vertex 89.57 61 0
    endloop
  endfacet
  facet normal -0 0 -1
    outer loop
      vertex 12.35 11.101 0
      vertex 0 4 0
      vertex 12.35 50.001 0
    endloop
  endfacet
  facet normal 0 0 -1
    outer loop
      vertex 0 4 0
      vertex 4 0 0
      vertex 3.60793 0.0192566 0
    endloop
  endfacet
  facet normal 0 0 -1
    outer loop
      vertex 0 57 0
      vertex 12.35 50.001 0
      vertex 0 4 0
    endloop
  endfacet
  facet normal 0 0 -1
    outer loop
      vertex 0 4 0
      vertex 3.60793 0.0192566 0
      vertex 3.21964 0.0768585 0
    endloop
  endfacet
  facet normal 0 0 -1
    outer loop
      vertex 12.35 50.001 0
      vertex 0 57 0
      vertex 4 61 0
    endloop
  endfacet
  facet normal 0 0 -1
    outer loop
      vertex 0 4 0
      vertex 3.21964 0.0768585 0
      vertex 2.83885 0.172226 0
    endloop
  endfacet
  facet normal 0 0 -1
    outer loop
      vertex 4 61 0
      vertex 0 57 0
      vertex 3.60793 60.9807 0
    endloop
  endfacet
  facet normal 0 0 -1
    outer loop
      vertex 0 4 0
      vertex 2.83885 0.172226 0
      vertex 2.46925 0.304474 0
    endloop
  endfacet
  facet normal 0 0 -1
    outer loop
      vertex 3.60793 60.9807 0
      vertex 0 57 0
      vertex 3.21964 60.9231 0
    endloop
  endfacet
  facet normal 0 0 -1
    outer loop
      vertex 0 4 0
      vertex 2.46925 0.304474 0
      vertex 2.11441 0.472305 0
    endloop
  endfacet
  facet normal 0 0 -1
    outer loop
      vertex 3.21964 60.9231 0
      vertex 0 57 0
      vertex 2.83885 60.8278 0
    endloop
  endfacet
  facet normal 0 0 -1
    outer loop
      vertex 0 4 0
      vertex 2.11441 0.472305 0
      vertex 1.77771 0.674118 0
    endloop
  endfacet
  facet normal 0 0 -1
    outer loop
      vertex 2.83885 60.8278 0
      vertex 0 57 0
      vertex 2.46925 60.6955 0
    endloop
  endfacet
  facet normal 0 0 -1
    outer loop
      vertex 0 4 0
      vertex 1.77771 0.674118 0
      vertex 1.46242 0.907944 0
    endloop
  endfacet
  facet normal 0 0 -1
    outer loop
      vertex 2.46925 60.6955 0
      vertex 0 57 0
      vertex 2.11441 60.5277 0
    endloop
  endfacet
  facet normal 0 0 -1
    outer loop
      vertex 0 4 0
      vertex 1.46242 0.907944 0
      vertex 1.17157 1.17157 0
    endloop
  endfacet
  facet normal 0 0 -1
    outer loop
      vertex 2.11441 60.5277 0
      vertex 0 57 0
      vertex 1.77771 60.3259 0
    endloop
  endfacet
  facet normal 0 0 -1
    outer loop
      vertex 0 4 0
      vertex 1.17157 1.17157 0
      vertex 0.907944 1.46242 0
    endloop
  endfacet
  facet normal 0 0 -1
    outer loop
      vertex 1.77771 60.3259 0
      vertex 0 57 0
      vertex 1.46242 60.092 0
    endloop
  endfacet
  facet normal 0 0 -1
    outer loop
      vertex 0 4 0
      vertex 0.907944 1.46242 0
      vertex 0.674118 1.77771 0
    endloop
  endfacet
  facet normal 0 0 -1
    outer loop
      vertex 1.46242 60.092 0
      vertex 0 57 0
      vertex 1.17157 59.8284 0
    endloop
  endfacet
  facet normal 0 0 -1
    outer loop
      vertex 0 4 0
      vertex 0.674118 1.77771 0
      vertex 0.472305 2.11441 0
    endloop
  endfacet
  facet normal 0 0 -1
    outer loop
      vertex 1.17157 59.8284 0
      vertex 0 57 0
      vertex 0.907944 59.5376 0
    endloop
  endfacet
  facet normal 0 0 -1
    outer loop
      vertex 0 4 0
      vertex 0.472305 2.11441 0
      vertex 0.304474 2.46925 0
    endloop
  endfacet
  facet normal 0 0 -1
    outer loop
      vertex 0.907944 59.5376 0
      vertex 0 57 0
      vertex 0.674118 59.2223 0
    endloop
  endfacet
  facet normal 0 0 -1
    outer loop
      vertex 0 4 0
      vertex 0.304474 2.46925 0
      vertex 0.172226 2.83885 0
    endloop
  endfacet
  facet normal 0 0 -1
    outer loop
      vertex 0.674118 59.2223 0
      vertex 0 57 0
      vertex 0.472305 58.8856 0
    endloop
  endfacet
  facet normal 0 0 -1
    outer loop
      vertex 0 4 0
      vertex 0.172226 2.83885 0
      vertex 0.0768585 3.21964 0
    endloop
  endfacet
  facet normal 0 0 -1
    outer loop
      vertex 0.472305 58.8856 0
      vertex 0 57 0
      vertex 0.304474 58.5307 0
    endloop
  endfacet
  facet normal 0 0 -1
    outer loop
      vertex 0 4 0
      vertex 0.0768585 3.21964 0
      vertex 0.0192566 3.60793 0
    endloop
  endfacet
  facet normal 0 0 -1
    outer loop
      vertex 0.304474 58.5307 0
      vertex 0 57 0
      vertex 0.172226 58.1611 0
    endloop
  endfacet
  facet normal 0 0 -1
    outer loop
      vertex 0.172226 58.1611 0
      vertex 0 57 0
      vertex 0.0768585 57.7803 0
    endloop
  endfacet
  facet normal 0 0 -1
    outer loop
      vertex 0.0768585 57.7803 0
      vertex 0 57 0
      vertex 0.0192566 57.3921 0
    endloop
  endfacet
  facet normal -0.595691 -0.803214 0
    outer loop
      vertex 3.90994 4.37937 2
      vertex 4.16218 4.1923 5.468
      vertex 3.90994 4.37937 5.468
    endloop
  endfacet
  facet normal -0.595691 -0.803214 -0
    outer loop
      vertex 4.16218 4.1923 5.468
      vertex 3.90994 4.37937 2
      vertex 4.16218 4.1923 2
    endloop
  endfacet
  facet normal -0.903996 0.427541 0
    outer loop
      vertex 2.98359 8.07759 2
      vertex 3.11785 8.36147 5.468
      vertex 3.11785 8.36147 2
    endloop
  endfacet
  facet normal -0.903996 0.427541 0
    outer loop
      vertex 3.11785 8.36147 5.468
      vertex 2.98359 8.07759 2
      vertex 2.98359 8.07759 5.468
    endloop
  endfacet
  facet normal -0.94154 0.336901 0
    outer loop
      vertex 2.87779 7.78191 2
      vertex 2.98359 8.07759 5.468
      vertex 2.98359 8.07759 2
    endloop
  endfacet
  facet normal -0.94154 0.336901 0
    outer loop
      vertex 2.98359 8.07759 5.468
      vertex 2.87779 7.78191 2
      vertex 2.87779 7.78191 5.468
    endloop
  endfacet
  facet normal -0.998795 0.049072 0
    outer loop
      vertex 2.74 6.853 2
      vertex 2.75541 7.16665 5.468
      vertex 2.75541 7.16665 2
    endloop
  endfacet
  facet normal -0.998795 0.049072 0
    outer loop
      vertex 2.75541 7.16665 5.468
      vertex 2.74 6.853 2
      vertex 2.74 6.853 5.468
    endloop
  endfacet
  facet normal -0.427541 -0.903996 0
    outer loop
      vertex 4.43153 4.03085 2
      vertex 4.71541 3.89659 5.468
      vertex 4.43153 4.03085 5.468
    endloop
  endfacet
  facet normal -0.427541 -0.903996 -0
    outer loop
      vertex 4.71541 3.89659 5.468
      vertex 4.43153 4.03085 2
      vertex 4.71541 3.89659 2
    endloop
  endfacet
  facet normal -0.970034 -0.24297 0
    outer loop
      vertex 2.87779 5.92409 2
      vertex 2.80149 6.22871 5.468
      vertex 2.80149 6.22871 2
    endloop
  endfacet
  facet normal -0.970034 -0.24297 0
    outer loop
      vertex 2.80149 6.22871 5.468
      vertex 2.87779 5.92409 2
      vertex 2.87779 5.92409 5.468
    endloop
  endfacet
  facet normal -0.970034 0.24297 0
    outer loop
      vertex 2.80149 7.47729 2
      vertex 2.87779 7.78191 5.468
      vertex 2.87779 7.78191 2
    endloop
  endfacet
  facet normal -0.970034 0.24297 0
    outer loop
      vertex 2.87779 7.78191 5.468
      vertex 2.80149 7.47729 2
      vertex 2.80149 7.47729 5.468
    endloop
  endfacet
  facet normal 0.336901 -0.94154 0
    outer loop
      vertex 6.86891 3.79079 2
      vertex 7.16459 3.89659 5.468
      vertex 6.86891 3.79079 5.468
    endloop
  endfacet
  facet normal 0.336901 -0.94154 0
    outer loop
      vertex 7.16459 3.89659 5.468
      vertex 6.86891 3.79079 2
      vertex 7.16459 3.89659 2
    endloop
  endfacet
  facet normal -0.24297 -0.970034 0
    outer loop
      vertex 5.01109 3.79079 2
      vertex 5.31571 3.71449 5.468
      vertex 5.01109 3.79079 5.468
    endloop
  endfacet
  facet normal -0.24297 -0.970034 -0
    outer loop
      vertex 5.31571 3.71449 5.468
      vertex 5.01109 3.79079 2
      vertex 5.31571 3.71449 2
    endloop
  endfacet
  facet normal -0.989176 -0.146733 0
    outer loop
      vertex 2.80149 6.22871 2
      vertex 2.75541 6.53935 5.468
      vertex 2.75541 6.53935 2
    endloop
  endfacet
  facet normal -0.989176 -0.146733 0
    outer loop
      vertex 2.75541 6.53935 5.468
      vertex 2.80149 6.22871 2
      vertex 2.80149 6.22871 5.468
    endloop
  endfacet
  facet normal -0.336901 -0.94154 0
    outer loop
      vertex 4.71541 3.89659 2
      vertex 5.01109 3.79079 5.468
      vertex 4.71541 3.89659 5.468
    endloop
  endfacet
  facet normal -0.336901 -0.94154 -0
    outer loop
      vertex 5.01109 3.79079 5.468
      vertex 4.71541 3.89659 2
      vertex 5.01109 3.79079 2
    endloop
  endfacet
  facet normal 0.514121 -0.857718 0
    outer loop
      vertex 7.44847 4.03085 2
      vertex 7.71782 4.1923 5.468
      vertex 7.44847 4.03085 5.468
    endloop
  endfacet
  facet normal 0.514121 -0.857718 0
    outer loop
      vertex 7.71782 4.1923 5.468
      vertex 7.44847 4.03085 2
      vertex 7.71782 4.1923 2
    endloop
  endfacet
  facet normal 0.427541 -0.903996 0
    outer loop
      vertex 7.16459 3.89659 2
      vertex 7.44847 4.03085 5.468
      vertex 7.16459 3.89659 5.468
    endloop
  endfacet
  facet normal 0.427541 -0.903996 0
    outer loop
      vertex 7.44847 4.03085 5.468
      vertex 7.16459 3.89659 2
      vertex 7.44847 4.03085 2
    endloop
  endfacet
  facet normal 0.595676 -0.803225 0
    outer loop
      vertex 7.71782 4.1923 2
      vertex 7.94 4.35707 5.468
      vertex 7.71782 4.1923 5.468
    endloop
  endfacet
  facet normal 0.595676 -0.803225 0
    outer loop
      vertex 7.94 4.35707 5.468
      vertex 7.71782 4.1923 2
      vertex 7.94 4.35707 2
    endloop
  endfacet
  facet normal -0 0 1
    outer loop
      vertex 7.0347 6.74518 5.468
      vertex 7.94 4.35707 5.468
      vertex 7.94 8.853 5.468
    endloop
  endfacet
  facet normal -0 0 1
    outer loop
      vertex 7.01886 6.6384 5.468
      vertex 7.94 4.35707 5.468
      vertex 7.0347 6.74518 5.468
    endloop
  endfacet
  facet normal -0 0 1
    outer loop
      vertex 6.95627 6.43205 5.468
      vertex 7.94 4.35707 5.468
      vertex 6.99263 6.53369 5.468
    endloop
  endfacet
  facet normal 0 0 1
    outer loop
      vertex 7.0347 6.74518 5.468
      vertex 7.94 8.853 5.468
      vertex 7.04 6.853 5.468
    endloop
  endfacet
  facet normal 0 0 1
    outer loop
      vertex 7.94 8.853 5.468
      vertex 7.0347 6.96082 5.468
      vertex 7.04 6.853 5.468
    endloop
  endfacet
  facet normal 0 0 1
    outer loop
      vertex 7.94 8.853 5.468
      vertex 7.01886 7.0676 5.468
      vertex 7.0347 6.96082 5.468
    endloop
  endfacet
  facet normal 0 0 1
    outer loop
      vertex 7.94 8.853 5.468
      vertex 6.99263 7.17231 5.468
      vertex 7.01886 7.0676 5.468
    endloop
  endfacet
  facet normal 0 0 1
    outer loop
      vertex 7.94 8.853 5.468
      vertex 6.95627 7.27395 5.468
      vertex 6.99263 7.17231 5.468
    endloop
  endfacet
  facet normal 0 0 1
    outer loop
      vertex 7.94 8.853 5.468
      vertex 6.91011 7.37154 5.468
      vertex 6.95627 7.27395 5.468
    endloop
  endfacet
  facet normal 0 0 1
    outer loop
      vertex 7.94 8.853 5.468
      vertex 6.85462 7.46413 5.468
      vertex 6.91011 7.37154 5.468
    endloop
  endfacet
  facet normal 0 0 1
    outer loop
      vertex 7.94 8.853 5.468
      vertex 6.79031 7.55083 5.468
      vertex 6.85462 7.46413 5.468
    endloop
  endfacet
  facet normal 0 0 1
    outer loop
      vertex 7.94 8.853 5.468
      vertex 6.71782 7.63082 5.468
      vertex 6.79031 7.55083 5.468
    endloop
  endfacet
  facet normal 0 0 1
    outer loop
      vertex 7.94 8.853 5.468
      vertex 6.63783 7.70331 5.468
      vertex 6.71782 7.63082 5.468
    endloop
  endfacet
  facet normal 0 0 1
    outer loop
      vertex 7.94 8.853 5.468
      vertex 6.55113 7.76762 5.468
      vertex 6.63783 7.70331 5.468
    endloop
  endfacet
  facet normal 0 0 1
    outer loop
      vertex 7.94 8.853 5.468
      vertex 6.45854 7.82311 5.468
      vertex 6.55113 7.76762 5.468
    endloop
  endfacet
  facet normal 0 0 1
    outer loop
      vertex 7.94 8.853 5.468
      vertex 6.36095 7.86927 5.468
      vertex 6.45854 7.82311 5.468
    endloop
  endfacet
  facet normal 0 0 1
    outer loop
      vertex 7.94 8.853 5.468
      vertex 6.25931 7.90563 5.468
      vertex 6.36095 7.86927 5.468
    endloop
  endfacet
  facet normal 0 0 1
    outer loop
      vertex 7.94 8.853 5.468
      vertex 6.1546 7.93186 5.468
      vertex 6.25931 7.90563 5.468
    endloop
  endfacet
  facet normal 0 0 1
    outer loop
      vertex 7.94 8.853 5.468
      vertex 6.04782 7.9477 5.468
      vertex 6.1546 7.93186 5.468
    endloop
  endfacet
  facet normal 0 0 1
    outer loop
      vertex 7.94 8.853 5.468
      vertex 5.94 7.953 5.468
      vertex 6.04782 7.9477 5.468
    endloop
  endfacet
  facet normal 0 0 1
    outer loop
      vertex 7.94 8.853 5.468
      vertex 5.83218 7.9477 5.468
      vertex 5.94 7.953 5.468
    endloop
  endfacet
  facet normal -0 0 1
    outer loop
      vertex 3.44407 8.853 5.468
      vertex 5.83218 7.9477 5.468
      vertex 7.94 8.853 5.468
    endloop
  endfacet
  facet normal 0 0 1
    outer loop
      vertex 5.83218 7.9477 5.468
      vertex 3.44407 8.853 5.468
      vertex 5.7254 7.93186 5.468
    endloop
  endfacet
  facet normal 0 0 1
    outer loop
      vertex 5.7254 7.93186 5.468
      vertex 3.44407 8.853 5.468
      vertex 5.62069 7.90563 5.468
    endloop
  endfacet
  facet normal 0 0 1
    outer loop
      vertex 5.42146 5.88289 5.468
      vertex 4.43153 4.03085 5.468
      vertex 4.71541 3.89659 5.468
    endloop
  endfacet
  facet normal 0 0 1
    outer loop
      vertex 2.74 6.853 5.468
      vertex 4.84 6.853 5.468
      vertex 4.8453 6.96082 5.468
    endloop
  endfacet
  facet normal 0 0 1
    outer loop
      vertex 4.8453 6.74518 5.468
      vertex 4.16218 4.1923 5.468
      vertex 4.43153 4.03085 5.468
    endloop
  endfacet
  facet normal 0 0 1
    outer loop
      vertex 2.75541 7.16665 5.468
      vertex 4.8453 6.96082 5.468
      vertex 4.86114 7.0676 5.468
    endloop
  endfacet
  facet normal 0 0 1
    outer loop
      vertex 4.8453 6.74518 5.468
      vertex 3.90994 4.37937 5.468
      vertex 4.16218 4.1923 5.468
    endloop
  endfacet
  facet normal 0 0 1
    outer loop
      vertex 2.80149 7.47729 5.468
      vertex 4.86114 7.0676 5.468
      vertex 4.88737 7.17231 5.468
    endloop
  endfacet
  facet normal 0 0 1
    outer loop
      vertex 4.8453 6.74518 5.468
      vertex 3.67726 4.59026 5.468
      vertex 3.90994 4.37937 5.468
    endloop
  endfacet
  facet normal 0 0 1
    outer loop
      vertex 2.87779 7.78191 5.468
      vertex 4.88737 7.17231 5.468
      vertex 4.92373 7.27395 5.468
    endloop
  endfacet
  facet normal 0 0 1
    outer loop
      vertex 4.8453 6.74518 5.468
      vertex 3.46637 4.82294 5.468
      vertex 3.67726 4.59026 5.468
    endloop
  endfacet
  facet normal 0 0 1
    outer loop
      vertex 2.98359 8.07759 5.468
      vertex 4.92373 7.27395 5.468
      vertex 4.96989 7.37154 5.468
    endloop
  endfacet
  facet normal 0 0 1
    outer loop
      vertex 5.62069 7.90563 5.468
      vertex 3.44407 8.853 5.468
      vertex 5.51905 7.86927 5.468
    endloop
  endfacet
  facet normal 0 0 1
    outer loop
      vertex 3.44407 8.853 5.468
      vertex 5.42146 7.82311 5.468
      vertex 5.51905 7.86927 5.468
    endloop
  endfacet
  facet normal 0 0 1
    outer loop
      vertex 3.44407 8.853 5.468
      vertex 5.32887 7.76762 5.468
      vertex 5.42146 7.82311 5.468
    endloop
  endfacet
  facet normal 0 0 1
    outer loop
      vertex 3.44407 8.853 5.468
      vertex 5.24217 7.70331 5.468
      vertex 5.32887 7.76762 5.468
    endloop
  endfacet
  facet normal 0 0 1
    outer loop
      vertex 3.44407 8.853 5.468
      vertex 5.16218 7.63082 5.468
      vertex 5.24217 7.70331 5.468
    endloop
  endfacet
  facet normal 0 0 1
    outer loop
      vertex 3.44407 8.853 5.468
      vertex 5.08969 7.55083 5.468
      vertex 5.16218 7.63082 5.468
    endloop
  endfacet
  facet normal 0 0 1
    outer loop
      vertex 3.44407 8.853 5.468
      vertex 5.02538 7.46413 5.468
      vertex 5.08969 7.55083 5.468
    endloop
  endfacet
  facet normal -0 0 1
    outer loop
      vertex 3.2793 8.63082 5.468
      vertex 5.02538 7.46413 5.468
      vertex 3.44407 8.853 5.468
    endloop
  endfacet
  facet normal 0 0 1
    outer loop
      vertex 5.02538 7.46413 5.468
      vertex 3.2793 8.63082 5.468
      vertex 4.96989 7.37154 5.468
    endloop
  endfacet
  facet normal -0 0 1
    outer loop
      vertex 3.11785 8.36147 5.468
      vertex 4.96989 7.37154 5.468
      vertex 3.2793 8.63082 5.468
    endloop
  endfacet
  facet normal 0 0 1
    outer loop
      vertex 4.8453 6.74518 5.468
      vertex 3.2793 5.07518 5.468
      vertex 3.46637 4.82294 5.468
    endloop
  endfacet
  facet normal -0 0 1
    outer loop
      vertex 2.98359 8.07759 5.468
      vertex 4.96989 7.37154 5.468
      vertex 3.11785 8.36147 5.468
    endloop
  endfacet
  facet normal 0 0 1
    outer loop
      vertex 4.8453 6.74518 5.468
      vertex 3.11785 5.34453 5.468
      vertex 3.2793 5.07518 5.468
    endloop
  endfacet
  facet normal 0 0 1
    outer loop
      vertex 4.92373 7.27395 5.468
      vertex 2.98359 8.07759 5.468
      vertex 2.87779 7.78191 5.468
    endloop
  endfacet
  facet normal 0 0 1
    outer loop
      vertex 4.8453 6.74518 5.468
      vertex 2.98359 5.62841 5.468
      vertex 3.11785 5.34453 5.468
    endloop
  endfacet
  facet normal 0 0 1
    outer loop
      vertex 4.88737 7.17231 5.468
      vertex 2.87779 7.78191 5.468
      vertex 2.80149 7.47729 5.468
    endloop
  endfacet
  facet normal 0 0 1
    outer loop
      vertex 4.8453 6.74518 5.468
      vertex 2.87779 5.92409 5.468
      vertex 2.98359 5.62841 5.468
    endloop
  endfacet
  facet normal 0 0 1
    outer loop
      vertex 4.86114 7.0676 5.468
      vertex 2.80149 7.47729 5.468
      vertex 2.75541 7.16665 5.468
    endloop
  endfacet
  facet normal 0 0 1
    outer loop
      vertex 4.8453 6.74518 5.468
      vertex 2.80149 6.22871 5.468
      vertex 2.87779 5.92409 5.468
    endloop
  endfacet
  facet normal 0 0 1
    outer loop
      vertex 4.8453 6.96082 5.468
      vertex 2.75541 7.16665 5.468
      vertex 2.74 6.853 5.468
    endloop
  endfacet
  facet normal 0 0 1
    outer loop
      vertex 4.8453 6.74518 5.468
      vertex 2.75541 6.53935 5.468
      vertex 2.80149 6.22871 5.468
    endloop
  endfacet
  facet normal 0 0 1
    outer loop
      vertex 4.84 6.853 5.468
      vertex 2.74 6.853 5.468
      vertex 2.75541 6.53935 5.468
    endloop
  endfacet
  facet normal -0 0 1
    outer loop
      vertex 6.99263 6.53369 5.468
      vertex 7.94 4.35707 5.468
      vertex 7.01886 6.6384 5.468
    endloop
  endfacet
  facet normal -0 0 1
    outer loop
      vertex 6.91011 6.33446 5.468
      vertex 7.94 4.35707 5.468
      vertex 6.95627 6.43205 5.468
    endloop
  endfacet
  facet normal -0 0 1
    outer loop
      vertex 6.85462 6.24187 5.468
      vertex 7.94 4.35707 5.468
      vertex 6.91011 6.33446 5.468
    endloop
  endfacet
  facet normal -0 0 1
    outer loop
      vertex 6.79031 6.15517 5.468
      vertex 7.94 4.35707 5.468
      vertex 6.85462 6.24187 5.468
    endloop
  endfacet
  facet normal -0 0 1
    outer loop
      vertex 6.71782 6.07518 5.468
      vertex 7.94 4.35707 5.468
      vertex 6.79031 6.15517 5.468
    endloop
  endfacet
  facet normal -0 0 1
    outer loop
      vertex 6.63783 6.00269 5.468
      vertex 7.94 4.35707 5.468
      vertex 6.71782 6.07518 5.468
    endloop
  endfacet
  facet normal -0 0 1
    outer loop
      vertex 6.55113 5.93838 5.468
      vertex 7.94 4.35707 5.468
      vertex 6.63783 6.00269 5.468
    endloop
  endfacet
  facet normal 0 0 1
    outer loop
      vertex 7.94 4.35707 5.468
      vertex 6.55113 5.93838 5.468
      vertex 7.71782 4.1923 5.468
    endloop
  endfacet
  facet normal 0 0 1
    outer loop
      vertex 7.71782 4.1923 5.468
      vertex 6.55113 5.93838 5.468
      vertex 7.44847 4.03085 5.468
    endloop
  endfacet
  facet normal -0 0 1
    outer loop
      vertex 6.45854 5.88289 5.468
      vertex 7.44847 4.03085 5.468
      vertex 6.55113 5.93838 5.468
    endloop
  endfacet
  facet normal 0 0 1
    outer loop
      vertex 7.44847 4.03085 5.468
      vertex 6.45854 5.88289 5.468
      vertex 7.16459 3.89659 5.468
    endloop
  endfacet
  facet normal -0 0 1
    outer loop
      vertex 6.36095 5.83673 5.468
      vertex 7.16459 3.89659 5.468
      vertex 6.45854 5.88289 5.468
    endloop
  endfacet
  facet normal 0 0 1
    outer loop
      vertex 7.16459 3.89659 5.468
      vertex 6.36095 5.83673 5.468
      vertex 6.86891 3.79079 5.468
    endloop
  endfacet
  facet normal -0 0 1
    outer loop
      vertex 6.25931 5.80037 5.468
      vertex 6.86891 3.79079 5.468
      vertex 6.36095 5.83673 5.468
    endloop
  endfacet
  facet normal 0 0 1
    outer loop
      vertex 6.86891 3.79079 5.468
      vertex 6.25931 5.80037 5.468
      vertex 6.56429 3.71449 5.468
    endloop
  endfacet
  facet normal -0 0 1
    outer loop
      vertex 6.1546 5.77414 5.468
      vertex 6.56429 3.71449 5.468
      vertex 6.25931 5.80037 5.468
    endloop
  endfacet
  facet normal 0 0 1
    outer loop
      vertex 6.56429 3.71449 5.468
      vertex 6.1546 5.77414 5.468
      vertex 6.25365 3.66841 5.468
    endloop
  endfacet
  facet normal -0 0 1
    outer loop
      vertex 6.04782 5.7583 5.468
      vertex 6.25365 3.66841 5.468
      vertex 6.1546 5.77414 5.468
    endloop
  endfacet
  facet normal 0 0 1
    outer loop
      vertex 6.04782 5.7583 5.468
      vertex 5.94 3.653 5.468
      vertex 6.25365 3.66841 5.468
    endloop
  endfacet
  facet normal -0 0 1
    outer loop
      vertex 5.94 5.753 5.468
      vertex 5.94 3.653 5.468
      vertex 6.04782 5.7583 5.468
    endloop
  endfacet
  facet normal 0 0 1
    outer loop
      vertex 5.83218 5.7583 5.468
      vertex 5.94 3.653 5.468
      vertex 5.94 5.753 5.468
    endloop
  endfacet
  facet normal 0 0 1
    outer loop
      vertex 5.62635 3.66841 5.468
      vertex 5.83218 5.7583 5.468
      vertex 5.7254 5.77414 5.468
    endloop
  endfacet
  facet normal 0 0 1
    outer loop
      vertex 5.83218 5.7583 5.468
      vertex 5.62635 3.66841 5.468
      vertex 5.94 3.653 5.468
    endloop
  endfacet
  facet normal 0 0 1
    outer loop
      vertex 5.31571 3.71449 5.468
      vertex 5.7254 5.77414 5.468
      vertex 5.62069 5.80037 5.468
    endloop
  endfacet
  facet normal 0 0 1
    outer loop
      vertex 5.01109 3.79079 5.468
      vertex 5.62069 5.80037 5.468
      vertex 5.51905 5.83673 5.468
    endloop
  endfacet
  facet normal 0 0 1
    outer loop
      vertex 4.71541 3.89659 5.468
      vertex 5.51905 5.83673 5.468
      vertex 5.42146 5.88289 5.468
    endloop
  endfacet
  facet normal 0 0 1
    outer loop
      vertex 4.43153 4.03085 5.468
      vertex 5.42146 5.88289 5.468
      vertex 5.32887 5.93838 5.468
    endloop
  endfacet
  facet normal 0 0 1
    outer loop
      vertex 5.7254 5.77414 5.468
      vertex 5.31571 3.71449 5.468
      vertex 5.62635 3.66841 5.468
    endloop
  endfacet
  facet normal 0 0 1
    outer loop
      vertex 4.43153 4.03085 5.468
      vertex 5.32887 5.93838 5.468
      vertex 5.24217 6.00269 5.468
    endloop
  endfacet
  facet normal 0 0 1
    outer loop
      vertex 4.43153 4.03085 5.468
      vertex 5.24217 6.00269 5.468
      vertex 5.16218 6.07518 5.468
    endloop
  endfacet
  facet normal 0 0 1
    outer loop
      vertex 4.43153 4.03085 5.468
      vertex 5.16218 6.07518 5.468
      vertex 5.08969 6.15517 5.468
    endloop
  endfacet
  facet normal 0 0 1
    outer loop
      vertex 4.43153 4.03085 5.468
      vertex 5.08969 6.15517 5.468
      vertex 5.02538 6.24187 5.468
    endloop
  endfacet
  facet normal 0 0 1
    outer loop
      vertex 5.62069 5.80037 5.468
      vertex 5.01109 3.79079 5.468
      vertex 5.31571 3.71449 5.468
    endloop
  endfacet
  facet normal 0 0 1
    outer loop
      vertex 4.43153 4.03085 5.468
      vertex 5.02538 6.24187 5.468
      vertex 4.96989 6.33446 5.468
    endloop
  endfacet
  facet normal 0 0 1
    outer loop
      vertex 4.43153 4.03085 5.468
      vertex 4.96989 6.33446 5.468
      vertex 4.92373 6.43205 5.468
    endloop
  endfacet
  facet normal 0 0 1
    outer loop
      vertex 4.43153 4.03085 5.468
      vertex 4.92373 6.43205 5.468
      vertex 4.88737 6.53369 5.468
    endloop
  endfacet
  facet normal 0 0 1
    outer loop
      vertex 4.43153 4.03085 5.468
      vertex 4.88737 6.53369 5.468
      vertex 4.86114 6.6384 5.468
    endloop
  endfacet
  facet normal 0 0 1
    outer loop
      vertex 4.43153 4.03085 5.468
      vertex 4.86114 6.6384 5.468
      vertex 4.8453 6.74518 5.468
    endloop
  endfacet
  facet normal 0 0 1
    outer loop
      vertex 5.51905 5.83673 5.468
      vertex 4.71541 3.89659 5.468
      vertex 5.01109 3.79079 5.468
    endloop
  endfacet
  facet normal 0 0 1
    outer loop
      vertex 2.75541 6.53935 5.468
      vertex 4.8453 6.74518 5.468
      vertex 4.84 6.853 5.468
    endloop
  endfacet
  facet normal -0.903996 -0.427541 0
    outer loop
      vertex 3.11785 5.34453 2
      vertex 2.98359 5.62841 5.468
      vertex 2.98359 5.62841 2
    endloop
  endfacet
  facet normal -0.903996 -0.427541 0
    outer loop
      vertex 2.98359 5.62841 5.468
      vertex 3.11785 5.34453 2
      vertex 3.11785 5.34453 5.468
    endloop
  endfacet
  facet normal -0.146733 -0.989176 0
    outer loop
      vertex 5.31571 3.71449 2
      vertex 5.62635 3.66841 5.468
      vertex 5.31571 3.71449 5.468
    endloop
  endfacet
  facet normal -0.146733 -0.989176 -0
    outer loop
      vertex 5.62635 3.66841 5.468
      vertex 5.31571 3.71449 2
      vertex 5.62635 3.66841 2
    endloop
  endfacet
  facet normal 1 -0 0
    outer loop
      vertex 7.94 4.35707 5.468
      vertex 7.94 8.853 2
      vertex 7.94 8.853 5.468
    endloop
  endfacet
  facet normal 1 0 0
    outer loop
      vertex 7.94 8.853 2
      vertex 7.94 4.35707 5.468
      vertex 7.94 4.35707 2
    endloop
  endfacet
  facet normal 0 1 -0
    outer loop
      vertex 7.94 8.853 2
      vertex 3.44407 8.853 5.468
      vertex 7.94 8.853 5.468
    endloop
  endfacet
  facet normal 0 1 0
    outer loop
      vertex 3.44407 8.853 5.468
      vertex 7.94 8.853 2
      vertex 3.44407 8.853 2
    endloop
  endfacet
  facet normal -0.989173 0.146752 0
    outer loop
      vertex 2.75541 54.6647 2
      vertex 2.80149 54.9753 5.468
      vertex 2.80149 54.9753 2
    endloop
  endfacet
  facet normal -0.989173 0.146752 0
    outer loop
      vertex 2.80149 54.9753 5.468
      vertex 2.75541 54.6647 2
      vertex 2.75541 54.6647 5.468
    endloop
  endfacet
  facet normal -0.998796 -0.0490642 0
    outer loop
      vertex 2.75541 54.0373 2
      vertex 2.74 54.351 5.468
      vertex 2.74 54.351 2
    endloop
  endfacet
  facet normal -0.998796 -0.0490642 0
    outer loop
      vertex 2.74 54.351 5.468
      vertex 2.75541 54.0373 2
      vertex 2.75541 54.0373 5.468
    endloop
  endfacet
  facet normal 0.427646 0.903947 -0
    outer loop
      vertex 7.44847 57.1731 2
      vertex 7.16459 57.3074 5.468
      vertex 7.44847 57.1731 5.468
    endloop
  endfacet
  facet normal 0.427646 0.903947 0
    outer loop
      vertex 7.16459 57.3074 5.468
      vertex 7.44847 57.1731 2
      vertex 7.16459 57.3074 2
    endloop
  endfacet
  facet normal -0.857676 -0.514191 0
    outer loop
      vertex 3.2793 52.5732 2
      vertex 3.11785 52.8425 5.468
      vertex 3.11785 52.8425 2
    endloop
  endfacet
  facet normal -0.857676 -0.514191 0
    outer loop
      vertex 3.11785 52.8425 5.468
      vertex 3.2793 52.5732 2
      vertex 3.2793 52.5732 5.468
    endloop
  endfacet
  facet normal -0.0490402 0.998797 0
    outer loop
      vertex 5.94 57.551 2
      vertex 5.62635 57.5356 5.468
      vertex 5.94 57.551 5.468
    endloop
  endfacet
  facet normal -0.0490402 0.998797 0
    outer loop
      vertex 5.62635 57.5356 5.468
      vertex 5.94 57.551 2
      vertex 5.62635 57.5356 2
    endloop
  endfacet
  facet normal 0.595746 0.803173 -0
    outer loop
      vertex 7.94 56.8469 2
      vertex 7.71782 57.0117 5.468
      vertex 7.94 56.8469 5.468
    endloop
  endfacet
  facet normal 0.595746 0.803173 0
    outer loop
      vertex 7.71782 57.0117 5.468
      vertex 7.94 56.8469 2
      vertex 7.71782 57.0117 2
    endloop
  endfacet
  facet normal 0.514004 0.857788 -0
    outer loop
      vertex 7.71782 57.0117 2
      vertex 7.44847 57.1731 5.468
      vertex 7.71782 57.0117 5.468
    endloop
  endfacet
  facet normal 0.514004 0.857788 0
    outer loop
      vertex 7.44847 57.1731 5.468
      vertex 7.71782 57.0117 2
      vertex 7.44847 57.1731 2
    endloop
  endfacet
  facet normal 0.336901 0.94154 -0
    outer loop
      vertex 7.16459 57.3074 2
      vertex 6.86891 57.4132 5.468
      vertex 7.16459 57.3074 5.468
    endloop
  endfacet
  facet normal 0.336901 0.94154 0
    outer loop
      vertex 6.86891 57.4132 5.468
      vertex 7.16459 57.3074 2
      vertex 6.86891 57.4132 2
    endloop
  endfacet
  facet normal -0.514004 0.857788 0
    outer loop
      vertex 4.43153 57.1731 2
      vertex 4.16218 57.0117 5.468
      vertex 4.43153 57.1731 5.468
    endloop
  endfacet
  facet normal -0.514004 0.857788 0
    outer loop
      vertex 4.16218 57.0117 5.468
      vertex 4.43153 57.1731 2
      vertex 4.16218 57.0117 2
    endloop
  endfacet
  facet normal -0.671578 0.740933 0
    outer loop
      vertex 3.90994 56.8246 2
      vertex 3.67726 56.6137 5.468
      vertex 3.90994 56.8246 5.468
    endloop
  endfacet
  facet normal -0.671578 0.740933 0
    outer loop
      vertex 3.67726 56.6137 5.468
      vertex 3.90994 56.8246 2
      vertex 3.67726 56.6137 2
    endloop
  endfacet
  facet normal -0.336901 0.94154 0
    outer loop
      vertex 5.01109 57.4132 2
      vertex 4.71541 57.3074 5.468
      vertex 5.01109 57.4132 5.468
    endloop
  endfacet
  facet normal -0.336901 0.94154 0
    outer loop
      vertex 4.71541 57.3074 5.468
      vertex 5.01109 57.4132 2
      vertex 4.71541 57.3074 2
    endloop
  endfacet
  facet normal -0.80325 -0.595642 0
    outer loop
      vertex 3.44407 52.351 2
      vertex 3.2793 52.5732 5.468
      vertex 3.2793 52.5732 2
    endloop
  endfacet
  facet normal -0.80325 -0.595642 0
    outer loop
      vertex 3.2793 52.5732 5.468
      vertex 3.44407 52.351 2
      vertex 3.44407 52.351 5.468
    endloop
  endfacet
  facet normal -0.857676 0.514191 0
    outer loop
      vertex 3.11785 55.8595 2
      vertex 3.2793 56.1288 5.468
      vertex 3.2793 56.1288 2
    endloop
  endfacet
  facet normal -0.857676 0.514191 0
    outer loop
      vertex 3.2793 56.1288 5.468
      vertex 3.11785 55.8595 2
      vertex 3.11785 55.8595 5.468
    endloop
  endfacet
  facet normal -0.941547 -0.336881 0
    outer loop
      vertex 2.98359 53.1264 2
      vertex 2.87779 53.4221 5.468
      vertex 2.87779 53.4221 2
    endloop
  endfacet
  facet normal -0.941547 -0.336881 0
    outer loop
      vertex 2.87779 53.4221 5.468
      vertex 2.98359 53.1264 2
      vertex 2.98359 53.1264 5.468
    endloop
  endfacet
  facet normal -0.803281 0.5956 0
    outer loop
      vertex 3.2793 56.1288 2
      vertex 3.46637 56.3811 5.468
      vertex 3.46637 56.3811 2
    endloop
  endfacet
  facet normal -0.803281 0.5956 0
    outer loop
      vertex 3.46637 56.3811 5.468
      vertex 3.2793 56.1288 2
      vertex 3.2793 56.1288 5.468
    endloop
  endfacet
  facet normal 0.0490402 0.998797 -0
    outer loop
      vertex 6.25365 57.5356 2
      vertex 5.94 57.551 5.468
      vertex 6.25365 57.5356 5.468
    endloop
  endfacet
  facet normal 0.0490402 0.998797 0
    outer loop
      vertex 5.94 57.551 5.468
      vertex 6.25365 57.5356 2
      vertex 5.94 57.551 2
    endloop
  endfacet
  facet normal -0.146796 0.989167 0
    outer loop
      vertex 5.62635 57.5356 2
      vertex 5.31571 57.4895 5.468
      vertex 5.62635 57.5356 5.468
    endloop
  endfacet
  facet normal -0.146796 0.989167 0
    outer loop
      vertex 5.31571 57.4895 5.468
      vertex 5.62635 57.5356 2
      vertex 5.31571 57.4895 2
    endloop
  endfacet
  facet normal 0.24297 0.970034 -0
    outer loop
      vertex 6.86891 57.4132 2
      vertex 6.56429 57.4895 5.468
      vertex 6.86891 57.4132 5.468
    endloop
  endfacet
  facet normal 0.24297 0.970034 0
    outer loop
      vertex 6.56429 57.4895 5.468
      vertex 6.86891 57.4132 2
      vertex 6.56429 57.4895 2
    endloop
  endfacet
  facet normal -0.595753 0.803168 0
    outer loop
      vertex 4.16218 57.0117 2
      vertex 3.90994 56.8246 5.468
      vertex 4.16218 57.0117 5.468
    endloop
  endfacet
  facet normal -0.595753 0.803168 0
    outer loop
      vertex 3.90994 56.8246 5.468
      vertex 4.16218 57.0117 2
      vertex 3.90994 56.8246 2
    endloop
  endfacet
  facet normal -0.904007 0.427517 0
    outer loop
      vertex 2.98359 55.5756 2
      vertex 3.11785 55.8595 5.468
      vertex 3.11785 55.8595 2
    endloop
  endfacet
  facet normal -0.904007 0.427517 0
    outer loop
      vertex 3.11785 55.8595 5.468
      vertex 2.98359 55.5756 2
      vertex 2.98359 55.5756 5.468
    endloop
  endfacet
  facet normal -0.941547 0.336881 0
    outer loop
      vertex 2.87779 55.2799 2
      vertex 2.98359 55.5756 5.468
      vertex 2.98359 55.5756 2
    endloop
  endfacet
  facet normal -0.941547 0.336881 0
    outer loop
      vertex 2.98359 55.5756 5.468
      vertex 2.87779 55.2799 2
      vertex 2.87779 55.2799 5.468
    endloop
  endfacet
  facet normal -0.998796 0.0490642 0
    outer loop
      vertex 2.74 54.351 2
      vertex 2.75541 54.6647 5.468
      vertex 2.75541 54.6647 2
    endloop
  endfacet
  facet normal -0.998796 0.0490642 0
    outer loop
      vertex 2.75541 54.6647 5.468
      vertex 2.74 54.351 2
      vertex 2.74 54.351 5.468
    endloop
  endfacet
  facet normal -0.24297 0.970034 0
    outer loop
      vertex 5.31571 57.4895 2
      vertex 5.01109 57.4132 5.468
      vertex 5.31571 57.4895 5.468
    endloop
  endfacet
  facet normal -0.24297 0.970034 0
    outer loop
      vertex 5.01109 57.4132 5.468
      vertex 5.31571 57.4895 2
      vertex 5.01109 57.4132 2
    endloop
  endfacet
  facet normal -0.97003 -0.242985 0
    outer loop
      vertex 2.87779 53.4221 2
      vertex 2.80149 53.7267 5.468
      vertex 2.80149 53.7267 2
    endloop
  endfacet
  facet normal -0.97003 -0.242985 0
    outer loop
      vertex 2.80149 53.7267 5.468
      vertex 2.87779 53.4221 2
      vertex 2.87779 53.4221 5.468
    endloop
  endfacet
  facet normal -0.97003 0.242985 0
    outer loop
      vertex 2.80149 54.9753 2
      vertex 2.87779 55.2799 5.468
      vertex 2.87779 55.2799 2
    endloop
  endfacet
  facet normal -0.97003 0.242985 0
    outer loop
      vertex 2.87779 55.2799 5.468
      vertex 2.80149 54.9753 2
      vertex 2.80149 54.9753 5.468
    endloop
  endfacet
  facet normal 0.146796 0.989167 -0
    outer loop
      vertex 6.56429 57.4895 2
      vertex 6.25365 57.5356 5.468
      vertex 6.56429 57.4895 5.468
    endloop
  endfacet
  facet normal 0.146796 0.989167 0
    outer loop
      vertex 6.25365 57.5356 5.468
      vertex 6.56429 57.4895 2
      vertex 6.25365 57.5356 2
    endloop
  endfacet
  facet normal -0.989173 -0.146752 0
    outer loop
      vertex 2.80149 53.7267 2
      vertex 2.75541 54.0373 5.468
      vertex 2.75541 54.0373 2
    endloop
  endfacet
  facet normal -0.989173 -0.146752 0
    outer loop
      vertex 2.75541 54.0373 5.468
      vertex 2.80149 53.7267 2
      vertex 2.80149 53.7267 5.468
    endloop
  endfacet
  facet normal -0.740834 0.671688 0
    outer loop
      vertex 3.46637 56.3811 2
      vertex 3.67726 56.6137 5.468
      vertex 3.67726 56.6137 2
    endloop
  endfacet
  facet normal -0.740834 0.671688 0
    outer loop
      vertex 3.67726 56.6137 5.468
      vertex 3.46637 56.3811 2
      vertex 3.46637 56.3811 5.468
    endloop
  endfacet
  facet normal 0 0 1
    outer loop
      vertex 7.94 52.351 5.468
      vertex 7.0347 54.4588 5.468
      vertex 7.04 54.351 5.468
    endloop
  endfacet
  facet normal 0 0 1
    outer loop
      vertex 7.44847 57.1731 5.468
      vertex 7.01886 54.5656 5.468
      vertex 7.0347 54.4588 5.468
    endloop
  endfacet
  facet normal 0 0 1
    outer loop
      vertex 7.44847 57.1731 5.468
      vertex 6.99263 54.6703 5.468
      vertex 7.01886 54.5656 5.468
    endloop
  endfacet
  facet normal 0 0 1
    outer loop
      vertex 7.44847 57.1731 5.468
      vertex 6.95627 54.7719 5.468
      vertex 6.99263 54.6703 5.468
    endloop
  endfacet
  facet normal 0 0 1
    outer loop
      vertex 7.44847 57.1731 5.468
      vertex 6.91011 54.8695 5.468
      vertex 6.95627 54.7719 5.468
    endloop
  endfacet
  facet normal 0 0 1
    outer loop
      vertex 6.36095 55.3673 5.468
      vertex 7.16459 57.3074 5.468
      vertex 6.86891 57.4132 5.468
    endloop
  endfacet
  facet normal 0 0 1
    outer loop
      vertex 7.44847 57.1731 5.468
      vertex 6.85462 54.9621 5.468
      vertex 6.91011 54.8695 5.468
    endloop
  endfacet
  facet normal 0 0 1
    outer loop
      vertex 7.44847 57.1731 5.468
      vertex 6.79031 55.0488 5.468
      vertex 6.85462 54.9621 5.468
    endloop
  endfacet
  facet normal 0 0 1
    outer loop
      vertex 7.44847 57.1731 5.468
      vertex 6.71782 55.1288 5.468
      vertex 6.79031 55.0488 5.468
    endloop
  endfacet
  facet normal 0 0 1
    outer loop
      vertex 7.44847 57.1731 5.468
      vertex 6.63783 55.2013 5.468
      vertex 6.71782 55.1288 5.468
    endloop
  endfacet
  facet normal 0 0 1
    outer loop
      vertex 6.25931 55.4036 5.468
      vertex 6.86891 57.4132 5.468
      vertex 6.56429 57.4895 5.468
    endloop
  endfacet
  facet normal 0 0 1
    outer loop
      vertex 7.44847 57.1731 5.468
      vertex 6.55113 55.2656 5.468
      vertex 6.63783 55.2013 5.468
    endloop
  endfacet
  facet normal 0 0 1
    outer loop
      vertex 7.44847 57.1731 5.468
      vertex 6.45854 55.3211 5.468
      vertex 6.55113 55.2656 5.468
    endloop
  endfacet
  facet normal 0 0 1
    outer loop
      vertex 7.16459 57.3074 5.468
      vertex 6.36095 55.3673 5.468
      vertex 6.45854 55.3211 5.468
    endloop
  endfacet
  facet normal 0 0 1
    outer loop
      vertex 6.86891 57.4132 5.468
      vertex 6.25931 55.4036 5.468
      vertex 6.36095 55.3673 5.468
    endloop
  endfacet
  facet normal 0 0 1
    outer loop
      vertex 6.1546 55.4299 5.468
      vertex 6.56429 57.4895 5.468
      vertex 6.25365 57.5356 5.468
    endloop
  endfacet
  facet normal 0 0 1
    outer loop
      vertex 6.56429 57.4895 5.468
      vertex 6.1546 55.4299 5.468
      vertex 6.25931 55.4036 5.468
    endloop
  endfacet
  facet normal 0 0 1
    outer loop
      vertex 6.25365 57.5356 5.468
      vertex 6.04782 55.4457 5.468
      vertex 6.1546 55.4299 5.468
    endloop
  endfacet
  facet normal 0 0 1
    outer loop
      vertex 5.94 57.551 5.468
      vertex 6.04782 55.4457 5.468
      vertex 6.25365 57.5356 5.468
    endloop
  endfacet
  facet normal 0 0 1
    outer loop
      vertex 5.94 57.551 5.468
      vertex 5.94 55.451 5.468
      vertex 6.04782 55.4457 5.468
    endloop
  endfacet
  facet normal 0 0 1
    outer loop
      vertex 5.94 57.551 5.468
      vertex 5.83218 55.4457 5.468
      vertex 5.94 55.451 5.468
    endloop
  endfacet
  facet normal -0 0 1
    outer loop
      vertex 5.62635 57.5356 5.468
      vertex 5.83218 55.4457 5.468
      vertex 5.94 57.551 5.468
    endloop
  endfacet
  facet normal 0 0 1
    outer loop
      vertex 5.83218 55.4457 5.468
      vertex 5.62635 57.5356 5.468
      vertex 5.7254 55.4299 5.468
    endloop
  endfacet
  facet normal -0 0 1
    outer loop
      vertex 5.31571 57.4895 5.468
      vertex 5.7254 55.4299 5.468
      vertex 5.62635 57.5356 5.468
    endloop
  endfacet
  facet normal 0 0 1
    outer loop
      vertex 5.7254 55.4299 5.468
      vertex 5.31571 57.4895 5.468
      vertex 5.62069 55.4036 5.468
    endloop
  endfacet
  facet normal -0 0 1
    outer loop
      vertex 5.01109 57.4132 5.468
      vertex 5.62069 55.4036 5.468
      vertex 5.31571 57.4895 5.468
    endloop
  endfacet
  facet normal 0 0 1
    outer loop
      vertex 5.62069 55.4036 5.468
      vertex 5.01109 57.4132 5.468
      vertex 5.51905 55.3673 5.468
    endloop
  endfacet
  facet normal -0 0 1
    outer loop
      vertex 4.71541 57.3074 5.468
      vertex 5.51905 55.3673 5.468
      vertex 5.01109 57.4132 5.468
    endloop
  endfacet
  facet normal 0 0 1
    outer loop
      vertex 5.51905 55.3673 5.468
      vertex 4.71541 57.3074 5.468
      vertex 5.42146 55.3211 5.468
    endloop
  endfacet
  facet normal -0 0 1
    outer loop
      vertex 4.43153 57.1731 5.468
      vertex 5.42146 55.3211 5.468
      vertex 4.71541 57.3074 5.468
    endloop
  endfacet
  facet normal 0 0 1
    outer loop
      vertex 5.42146 55.3211 5.468
      vertex 4.43153 57.1731 5.468
      vertex 5.32887 55.2656 5.468
    endloop
  endfacet
  facet normal -0 0 1
    outer loop
      vertex 4.16218 57.0117 5.468
      vertex 5.32887 55.2656 5.468
      vertex 4.43153 57.1731 5.468
    endloop
  endfacet
  facet normal 0 0 1
    outer loop
      vertex 5.32887 55.2656 5.468
      vertex 4.16218 57.0117 5.468
      vertex 5.24217 55.2013 5.468
    endloop
  endfacet
  facet normal -0 0 1
    outer loop
      vertex 3.90994 56.8246 5.468
      vertex 5.24217 55.2013 5.468
      vertex 4.16218 57.0117 5.468
    endloop
  endfacet
  facet normal 0 0 1
    outer loop
      vertex 5.24217 55.2013 5.468
      vertex 3.90994 56.8246 5.468
      vertex 5.16218 55.1288 5.468
    endloop
  endfacet
  facet normal -0 0 1
    outer loop
      vertex 3.67726 56.6137 5.468
      vertex 5.16218 55.1288 5.468
      vertex 3.90994 56.8246 5.468
    endloop
  endfacet
  facet normal 0 0 1
    outer loop
      vertex 5.16218 55.1288 5.468
      vertex 3.67726 56.6137 5.468
      vertex 5.08969 55.0488 5.468
    endloop
  endfacet
  facet normal -0 0 1
    outer loop
      vertex 3.46637 56.3811 5.468
      vertex 5.08969 55.0488 5.468
      vertex 3.67726 56.6137 5.468
    endloop
  endfacet
  facet normal -0 0 1
    outer loop
      vertex 3.2793 56.1288 5.468
      vertex 5.02538 54.9621 5.468
      vertex 3.46637 56.3811 5.468
    endloop
  endfacet
  facet normal 0 0 1
    outer loop
      vertex 5.08969 55.0488 5.468
      vertex 3.46637 56.3811 5.468
      vertex 5.02538 54.9621 5.468
    endloop
  endfacet
  facet normal 0 0 1
    outer loop
      vertex 7.0347 54.4588 5.468
      vertex 7.94 56.8469 5.468
      vertex 7.71782 57.0117 5.468
    endloop
  endfacet
  facet normal 0 0 1
    outer loop
      vertex 7.0347 54.4588 5.468
      vertex 7.71782 57.0117 5.468
      vertex 7.44847 57.1731 5.468
    endloop
  endfacet
  facet normal 0 0 1
    outer loop
      vertex 6.45854 55.3211 5.468
      vertex 7.44847 57.1731 5.468
      vertex 7.16459 57.3074 5.468
    endloop
  endfacet
  facet normal -0 0 1
    outer loop
      vertex 7.0347 54.4588 5.468
      vertex 7.94 52.351 5.468
      vertex 7.94 56.8469 5.468
    endloop
  endfacet
  facet normal -0 0 1
    outer loop
      vertex 7.0347 54.2432 5.468
      vertex 7.94 52.351 5.468
      vertex 7.04 54.351 5.468
    endloop
  endfacet
  facet normal -0 0 1
    outer loop
      vertex 7.01886 54.1364 5.468
      vertex 7.94 52.351 5.468
      vertex 7.0347 54.2432 5.468
    endloop
  endfacet
  facet normal -0 0 1
    outer loop
      vertex 6.99263 54.0317 5.468
      vertex 7.94 52.351 5.468
      vertex 7.01886 54.1364 5.468
    endloop
  endfacet
  facet normal -0 0 1
    outer loop
      vertex 6.95627 53.93 5.468
      vertex 7.94 52.351 5.468
      vertex 6.99263 54.0317 5.468
    endloop
  endfacet
  facet normal -0 0 1
    outer loop
      vertex 6.91011 53.8325 5.468
      vertex 7.94 52.351 5.468
      vertex 6.95627 53.93 5.468
    endloop
  endfacet
  facet normal -0 0 1
    outer loop
      vertex 6.85462 53.7399 5.468
      vertex 7.94 52.351 5.468
      vertex 6.91011 53.8325 5.468
    endloop
  endfacet
  facet normal -0 0 1
    outer loop
      vertex 6.79031 53.6532 5.468
      vertex 7.94 52.351 5.468
      vertex 6.85462 53.7399 5.468
    endloop
  endfacet
  facet normal -0 0 1
    outer loop
      vertex 6.71782 53.5732 5.468
      vertex 7.94 52.351 5.468
      vertex 6.79031 53.6532 5.468
    endloop
  endfacet
  facet normal -0 0 1
    outer loop
      vertex 6.63783 53.5007 5.468
      vertex 7.94 52.351 5.468
      vertex 6.71782 53.5732 5.468
    endloop
  endfacet
  facet normal -0 0 1
    outer loop
      vertex 6.55113 53.4364 5.468
      vertex 7.94 52.351 5.468
      vertex 6.63783 53.5007 5.468
    endloop
  endfacet
  facet normal -0 0 1
    outer loop
      vertex 6.45854 53.3809 5.468
      vertex 7.94 52.351 5.468
      vertex 6.55113 53.4364 5.468
    endloop
  endfacet
  facet normal -0 0 1
    outer loop
      vertex 6.36095 53.3347 5.468
      vertex 7.94 52.351 5.468
      vertex 6.45854 53.3809 5.468
    endloop
  endfacet
  facet normal -0 0 1
    outer loop
      vertex 6.25931 53.2984 5.468
      vertex 7.94 52.351 5.468
      vertex 6.36095 53.3347 5.468
    endloop
  endfacet
  facet normal -0 0 1
    outer loop
      vertex 6.1546 53.2721 5.468
      vertex 7.94 52.351 5.468
      vertex 6.25931 53.2984 5.468
    endloop
  endfacet
  facet normal -0 0 1
    outer loop
      vertex 6.04782 53.2563 5.468
      vertex 7.94 52.351 5.468
      vertex 6.1546 53.2721 5.468
    endloop
  endfacet
  facet normal -0 0 1
    outer loop
      vertex 5.94 53.251 5.468
      vertex 7.94 52.351 5.468
      vertex 6.04782 53.2563 5.468
    endloop
  endfacet
  facet normal 0 0 1
    outer loop
      vertex 5.83218 53.2563 5.468
      vertex 7.94 52.351 5.468
      vertex 5.94 53.251 5.468
    endloop
  endfacet
  facet normal 0 0 1
    outer loop
      vertex 3.44407 52.351 5.468
      vertex 5.83218 53.2563 5.468
      vertex 5.7254 53.2721 5.468
    endloop
  endfacet
  facet normal 0 0 1
    outer loop
      vertex 3.44407 52.351 5.468
      vertex 5.7254 53.2721 5.468
      vertex 5.62069 53.2984 5.468
    endloop
  endfacet
  facet normal 0 0 1
    outer loop
      vertex 3.44407 52.351 5.468
      vertex 5.62069 53.2984 5.468
      vertex 5.51905 53.3347 5.468
    endloop
  endfacet
  facet normal 0 0 1
    outer loop
      vertex 5.02538 54.9621 5.468
      vertex 3.2793 56.1288 5.468
      vertex 4.96989 54.8695 5.468
    endloop
  endfacet
  facet normal -0 0 1
    outer loop
      vertex 3.11785 55.8595 5.468
      vertex 4.96989 54.8695 5.468
      vertex 3.2793 56.1288 5.468
    endloop
  endfacet
  facet normal 0 0 1
    outer loop
      vertex 4.96989 54.8695 5.468
      vertex 3.11785 55.8595 5.468
      vertex 4.92373 54.7719 5.468
    endloop
  endfacet
  facet normal -0 0 1
    outer loop
      vertex 2.98359 55.5756 5.468
      vertex 4.92373 54.7719 5.468
      vertex 3.11785 55.8595 5.468
    endloop
  endfacet
  facet normal 0 0 1
    outer loop
      vertex 4.92373 54.7719 5.468
      vertex 2.98359 55.5756 5.468
      vertex 4.88737 54.6703 5.468
    endloop
  endfacet
  facet normal -0 0 1
    outer loop
      vertex 2.87779 55.2799 5.468
      vertex 4.88737 54.6703 5.468
      vertex 2.98359 55.5756 5.468
    endloop
  endfacet
  facet normal 0 0 1
    outer loop
      vertex 4.88737 54.6703 5.468
      vertex 2.87779 55.2799 5.468
      vertex 4.86114 54.5656 5.468
    endloop
  endfacet
  facet normal -0 0 1
    outer loop
      vertex 2.80149 54.9753 5.468
      vertex 4.86114 54.5656 5.468
      vertex 2.87779 55.2799 5.468
    endloop
  endfacet
  facet normal 0 0 1
    outer loop
      vertex 4.86114 54.5656 5.468
      vertex 2.80149 54.9753 5.468
      vertex 4.8453 54.4588 5.468
    endloop
  endfacet
  facet normal -0 0 1
    outer loop
      vertex 2.75541 54.6647 5.468
      vertex 4.8453 54.4588 5.468
      vertex 2.80149 54.9753 5.468
    endloop
  endfacet
  facet normal 0 0 1
    outer loop
      vertex 5.83218 53.2563 5.468
      vertex 3.44407 52.351 5.468
      vertex 7.94 52.351 5.468
    endloop
  endfacet
  facet normal 0 0 1
    outer loop
      vertex 5.42146 53.3809 5.468
      vertex 3.44407 52.351 5.468
      vertex 5.51905 53.3347 5.468
    endloop
  endfacet
  facet normal 0 0 1
    outer loop
      vertex 5.32887 53.4364 5.468
      vertex 3.44407 52.351 5.468
      vertex 5.42146 53.3809 5.468
    endloop
  endfacet
  facet normal 0 0 1
    outer loop
      vertex 5.24217 53.5007 5.468
      vertex 3.44407 52.351 5.468
      vertex 5.32887 53.4364 5.468
    endloop
  endfacet
  facet normal 0 0 1
    outer loop
      vertex 5.16218 53.5732 5.468
      vertex 3.44407 52.351 5.468
      vertex 5.24217 53.5007 5.468
    endloop
  endfacet
  facet normal 0 0 1
    outer loop
      vertex 5.08969 53.6532 5.468
      vertex 3.44407 52.351 5.468
      vertex 5.16218 53.5732 5.468
    endloop
  endfacet
  facet normal 0 0 1
    outer loop
      vertex 5.02538 53.7399 5.468
      vertex 3.44407 52.351 5.468
      vertex 5.08969 53.6532 5.468
    endloop
  endfacet
  facet normal 0 0 1
    outer loop
      vertex 3.2793 52.5732 5.468
      vertex 5.02538 53.7399 5.468
      vertex 4.96989 53.8325 5.468
    endloop
  endfacet
  facet normal 0 0 1
    outer loop
      vertex 4.8453 54.4588 5.468
      vertex 2.75541 54.6647 5.468
      vertex 4.84 54.351 5.468
    endloop
  endfacet
  facet normal 0 0 1
    outer loop
      vertex 2.74 54.351 5.468
      vertex 4.84 54.351 5.468
      vertex 2.75541 54.6647 5.468
    endloop
  endfacet
  facet normal 0 0 1
    outer loop
      vertex 5.02538 53.7399 5.468
      vertex 3.2793 52.5732 5.468
      vertex 3.44407 52.351 5.468
    endloop
  endfacet
  facet normal 0 0 1
    outer loop
      vertex 4.84 54.351 5.468
      vertex 2.74 54.351 5.468
      vertex 4.8453 54.2432 5.468
    endloop
  endfacet
  facet normal 0 0 1
    outer loop
      vertex 4.96989 53.8325 5.468
      vertex 3.11785 52.8425 5.468
      vertex 3.2793 52.5732 5.468
    endloop
  endfacet
  facet normal 0 -0 1
    outer loop
      vertex 2.75541 54.0373 5.468
      vertex 4.8453 54.2432 5.468
      vertex 2.74 54.351 5.468
    endloop
  endfacet
  facet normal 0 0 1
    outer loop
      vertex 4.96989 53.8325 5.468
      vertex 2.98359 53.1264 5.468
      vertex 3.11785 52.8425 5.468
    endloop
  endfacet
  facet normal 0 0 1
    outer loop
      vertex 4.8453 54.2432 5.468
      vertex 2.75541 54.0373 5.468
      vertex 4.86114 54.1364 5.468
    endloop
  endfacet
  facet normal 0 0 1
    outer loop
      vertex 4.92373 53.93 5.468
      vertex 2.98359 53.1264 5.468
      vertex 4.96989 53.8325 5.468
    endloop
  endfacet
  facet normal 0 -0 1
    outer loop
      vertex 2.80149 53.7267 5.468
      vertex 4.86114 54.1364 5.468
      vertex 2.75541 54.0373 5.468
    endloop
  endfacet
  facet normal 0 -0 1
    outer loop
      vertex 2.98359 53.1264 5.468
      vertex 4.92373 53.93 5.468
      vertex 2.87779 53.4221 5.468
    endloop
  endfacet
  facet normal 0 0 1
    outer loop
      vertex 4.86114 54.1364 5.468
      vertex 2.80149 53.7267 5.468
      vertex 4.88737 54.0317 5.468
    endloop
  endfacet
  facet normal 0 0 1
    outer loop
      vertex 4.88737 54.0317 5.468
      vertex 2.87779 53.4221 5.468
      vertex 4.92373 53.93 5.468
    endloop
  endfacet
  facet normal 0 -0 1
    outer loop
      vertex 2.87779 53.4221 5.468
      vertex 4.88737 54.0317 5.468
      vertex 2.80149 53.7267 5.468
    endloop
  endfacet
  facet normal -0.904007 -0.427517 0
    outer loop
      vertex 3.11785 52.8425 2
      vertex 2.98359 53.1264 5.468
      vertex 2.98359 53.1264 2
    endloop
  endfacet
  facet normal -0.904007 -0.427517 0
    outer loop
      vertex 2.98359 53.1264 5.468
      vertex 3.11785 52.8425 2
      vertex 3.11785 52.8425 5.468
    endloop
  endfacet
  facet normal -0.427646 0.903947 0
    outer loop
      vertex 4.71541 57.3074 2
      vertex 4.43153 57.1731 5.468
      vertex 4.71541 57.3074 5.468
    endloop
  endfacet
  facet normal -0.427646 0.903947 0
    outer loop
      vertex 4.43153 57.1731 5.468
      vertex 4.71541 57.3074 2
      vertex 4.43153 57.1731 2
    endloop
  endfacet
  facet normal 1 -0 0
    outer loop
      vertex 7.94 52.351 5.468
      vertex 7.94 56.8469 2
      vertex 7.94 56.8469 5.468
    endloop
  endfacet
  facet normal 1 0 0
    outer loop
      vertex 7.94 56.8469 2
      vertex 7.94 52.351 5.468
      vertex 7.94 52.351 2
    endloop
  endfacet
  facet normal 0 -1 0
    outer loop
      vertex 3.44407 52.351 2
      vertex 7.94 52.351 5.468
      vertex 3.44407 52.351 5.468
    endloop
  endfacet
  facet normal 0 -1 -0
    outer loop
      vertex 7.94 52.351 5.468
      vertex 3.44407 52.351 2
      vertex 7.94 52.351 2
    endloop
  endfacet
  facet normal 0.989167 0.146796 0
    outer loop
      vertex 68.8146 7.16665 5.468
      vertex 68.7685 7.47729 2
      vertex 68.7685 7.47729 5.468
    endloop
  endfacet
  facet normal 0.989167 0.146796 0
    outer loop
      vertex 68.7685 7.47729 2
      vertex 68.8146 7.16665 5.468
      vertex 68.8146 7.16665 2
    endloop
  endfacet
  facet normal 0.998797 0.0490402 0
    outer loop
      vertex 68.83 6.853 5.468
      vertex 68.8146 7.16665 2
      vertex 68.8146 7.16665 5.468
    endloop
  endfacet
  facet normal 0.998797 0.0490402 0
    outer loop
      vertex 68.8146 7.16665 2
      vertex 68.83 6.853 5.468
      vertex 68.83 6.853 2
    endloop
  endfacet
  facet normal -0.514191 -0.857676 0
    outer loop
      vertex 63.8522 4.1923 2
      vertex 64.1215 4.03085 5.468
      vertex 63.8522 4.1923 5.468
    endloop
  endfacet
  facet normal -0.514191 -0.857676 -0
    outer loop
      vertex 64.1215 4.03085 5.468
      vertex 63.8522 4.1923 2
      vertex 64.1215 4.03085 2
    endloop
  endfacet
  facet normal -0.146752 -0.989173 0
    outer loop
      vertex 65.0057 3.71449 2
      vertex 65.3163 3.66841 5.468
      vertex 65.0057 3.71449 5.468
    endloop
  endfacet
  facet normal -0.146752 -0.989173 -0
    outer loop
      vertex 65.3163 3.66841 5.468
      vertex 65.0057 3.71449 2
      vertex 65.3163 3.66841 2
    endloop
  endfacet
  facet normal 0.0490642 -0.998796 0
    outer loop
      vertex 65.63 3.653 2
      vertex 65.9437 3.66841 5.468
      vertex 65.63 3.653 5.468
    endloop
  endfacet
  facet normal 0.0490642 -0.998796 0
    outer loop
      vertex 65.9437 3.66841 5.468
      vertex 65.63 3.653 2
      vertex 65.9437 3.66841 2
    endloop
  endfacet
  facet normal 0.989167 -0.146796 0
    outer loop
      vertex 68.7685 6.22871 5.468
      vertex 68.8146 6.53935 2
      vertex 68.8146 6.53935 5.468
    endloop
  endfacet
  facet normal 0.989167 -0.146796 0
    outer loop
      vertex 68.8146 6.53935 2
      vertex 68.7685 6.22871 5.468
      vertex 68.7685 6.22871 2
    endloop
  endfacet
  facet normal 0.903947 0.427646 0
    outer loop
      vertex 68.5864 8.07759 5.468
      vertex 68.4521 8.36147 2
      vertex 68.4521 8.36147 5.468
    endloop
  endfacet
  facet normal 0.903947 0.427646 0
    outer loop
      vertex 68.4521 8.36147 2
      vertex 68.5864 8.07759 5.468
      vertex 68.5864 8.07759 2
    endloop
  endfacet
  facet normal 0.94154 0.336901 0
    outer loop
      vertex 68.6922 7.78191 5.468
      vertex 68.5864 8.07759 2
      vertex 68.5864 8.07759 5.468
    endloop
  endfacet
  facet normal 0.94154 0.336901 0
    outer loop
      vertex 68.5864 8.07759 2
      vertex 68.6922 7.78191 5.468
      vertex 68.6922 7.78191 2
    endloop
  endfacet
  facet normal 0.94154 -0.336901 0
    outer loop
      vertex 68.5864 5.62841 5.468
      vertex 68.6922 5.92409 2
      vertex 68.6922 5.92409 5.468
    endloop
  endfacet
  facet normal 0.94154 -0.336901 0
    outer loop
      vertex 68.6922 5.92409 2
      vertex 68.5864 5.62841 5.468
      vertex 68.5864 5.62841 2
    endloop
  endfacet
  facet normal 0.857788 0.514004 0
    outer loop
      vertex 68.4521 8.36147 5.468
      vertex 68.2907 8.63082 2
      vertex 68.2907 8.63082 5.468
    endloop
  endfacet
  facet normal 0.857788 0.514004 0
    outer loop
      vertex 68.2907 8.63082 2
      vertex 68.4521 8.36147 5.468
      vertex 68.4521 8.36147 2
    endloop
  endfacet
  facet normal 0.970034 -0.24297 0
    outer loop
      vertex 68.6922 5.92409 5.468
      vertex 68.7685 6.22871 2
      vertex 68.7685 6.22871 5.468
    endloop
  endfacet
  facet normal 0.970034 -0.24297 0
    outer loop
      vertex 68.7685 6.22871 2
      vertex 68.6922 5.92409 5.468
      vertex 68.6922 5.92409 2
    endloop
  endfacet
  facet normal 0.427517 -0.904007 0
    outer loop
      vertex 66.8546 3.89659 2
      vertex 67.1385 4.03085 5.468
      vertex 66.8546 3.89659 5.468
    endloop
  endfacet
  facet normal 0.427517 -0.904007 0
    outer loop
      vertex 67.1385 4.03085 5.468
      vertex 66.8546 3.89659 2
      vertex 67.1385 4.03085 2
    endloop
  endfacet
  facet normal 0.514191 -0.857676 0
    outer loop
      vertex 67.1385 4.03085 2
      vertex 67.4078 4.1923 5.468
      vertex 67.1385 4.03085 5.468
    endloop
  endfacet
  facet normal 0.514191 -0.857676 0
    outer loop
      vertex 67.4078 4.1923 5.468
      vertex 67.1385 4.03085 2
      vertex 67.4078 4.1923 2
    endloop
  endfacet
  facet normal 0.146752 -0.989173 0
    outer loop
      vertex 65.9437 3.66841 2
      vertex 66.2543 3.71449 5.468
      vertex 65.9437 3.66841 5.468
    endloop
  endfacet
  facet normal 0.146752 -0.989173 0
    outer loop
      vertex 66.2543 3.71449 5.468
      vertex 65.9437 3.66841 2
      vertex 66.2543 3.71449 2
    endloop
  endfacet
  facet normal 0.740933 -0.671578 0
    outer loop
      vertex 67.8927 4.59026 5.468
      vertex 68.1036 4.82294 2
      vertex 68.1036 4.82294 5.468
    endloop
  endfacet
  facet normal 0.740933 -0.671578 0
    outer loop
      vertex 68.1036 4.82294 2
      vertex 67.8927 4.59026 5.468
      vertex 67.8927 4.59026 2
    endloop
  endfacet
  facet normal 0.803168 -0.595753 0
    outer loop
      vertex 68.1036 4.82294 5.468
      vertex 68.2907 5.07518 2
      vertex 68.2907 5.07518 5.468
    endloop
  endfacet
  facet normal 0.803168 -0.595753 0
    outer loop
      vertex 68.2907 5.07518 2
      vertex 68.1036 4.82294 5.468
      vertex 68.1036 4.82294 2
    endloop
  endfacet
  facet normal -0.242985 -0.97003 0
    outer loop
      vertex 64.7011 3.79079 2
      vertex 65.0057 3.71449 5.468
      vertex 64.7011 3.79079 5.468
    endloop
  endfacet
  facet normal -0.242985 -0.97003 -0
    outer loop
      vertex 65.0057 3.71449 5.468
      vertex 64.7011 3.79079 2
      vertex 65.0057 3.71449 2
    endloop
  endfacet
  facet normal 0.970034 0.24297 0
    outer loop
      vertex 68.7685 7.47729 5.468
      vertex 68.6922 7.78191 2
      vertex 68.6922 7.78191 5.468
    endloop
  endfacet
  facet normal 0.970034 0.24297 0
    outer loop
      vertex 68.6922 7.78191 2
      vertex 68.7685 7.47729 5.468
      vertex 68.7685 7.47729 2
    endloop
  endfacet
  facet normal 0.803173 0.595746 0
    outer loop
      vertex 68.2907 8.63082 5.468
      vertex 68.1259 8.853 2
      vertex 68.1259 8.853 5.468
    endloop
  endfacet
  facet normal 0.803173 0.595746 0
    outer loop
      vertex 68.1259 8.853 2
      vertex 68.2907 8.63082 5.468
      vertex 68.2907 8.63082 2
    endloop
  endfacet
  facet normal -0.427517 -0.904007 0
    outer loop
      vertex 64.1215 4.03085 2
      vertex 64.4054 3.89659 5.468
      vertex 64.1215 4.03085 5.468
    endloop
  endfacet
  facet normal -0.427517 -0.904007 -0
    outer loop
      vertex 64.4054 3.89659 5.468
      vertex 64.1215 4.03085 2
      vertex 64.4054 3.89659 2
    endloop
  endfacet
  facet normal 0.5956 -0.803281 0
    outer loop
      vertex 67.4078 4.1923 2
      vertex 67.6601 4.37937 5.468
      vertex 67.4078 4.1923 5.468
    endloop
  endfacet
  facet normal 0.5956 -0.803281 0
    outer loop
      vertex 67.6601 4.37937 5.468
      vertex 67.4078 4.1923 2
      vertex 67.6601 4.37937 2
    endloop
  endfacet
  facet normal 0.998797 -0.0490402 0
    outer loop
      vertex 68.8146 6.53935 5.468
      vertex 68.83 6.853 2
      vertex 68.83 6.853 5.468
    endloop
  endfacet
  facet normal 0.998797 -0.0490402 0
    outer loop
      vertex 68.83 6.853 2
      vertex 68.8146 6.53935 5.468
      vertex 68.8146 6.53935 2
    endloop
  endfacet
  facet normal 0.336881 -0.941547 0
    outer loop
      vertex 66.5589 3.79079 2
      vertex 66.8546 3.89659 5.468
      vertex 66.5589 3.79079 5.468
    endloop
  endfacet
  facet normal 0.336881 -0.941547 0
    outer loop
      vertex 66.8546 3.89659 5.468
      vertex 66.5589 3.79079 2
      vertex 66.8546 3.89659 2
    endloop
  endfacet
  facet normal 0.242985 -0.97003 0
    outer loop
      vertex 66.2543 3.71449 2
      vertex 66.5589 3.79079 5.468
      vertex 66.2543 3.71449 5.468
    endloop
  endfacet
  facet normal 0.242985 -0.97003 0
    outer loop
      vertex 66.5589 3.79079 5.468
      vertex 66.2543 3.71449 2
      vertex 66.5589 3.79079 2
    endloop
  endfacet
  facet normal -0.595642 -0.80325 0
    outer loop
      vertex 63.63 4.35707 2
      vertex 63.8522 4.1923 5.468
      vertex 63.63 4.35707 5.468
    endloop
  endfacet
  facet normal -0.595642 -0.80325 -0
    outer loop
      vertex 63.8522 4.1923 5.468
      vertex 63.63 4.35707 2
      vertex 63.8522 4.1923 2
    endloop
  endfacet
  facet normal 0.903947 -0.427646 0
    outer loop
      vertex 68.4521 5.34453 5.468
      vertex 68.5864 5.62841 2
      vertex 68.5864 5.62841 5.468
    endloop
  endfacet
  facet normal 0.903947 -0.427646 0
    outer loop
      vertex 68.5864 5.62841 2
      vertex 68.4521 5.34453 5.468
      vertex 68.4521 5.34453 2
    endloop
  endfacet
  facet normal 0.857788 -0.514004 0
    outer loop
      vertex 68.2907 5.07518 5.468
      vertex 68.4521 5.34453 2
      vertex 68.4521 5.34453 5.468
    endloop
  endfacet
  facet normal 0.857788 -0.514004 0
    outer loop
      vertex 68.4521 5.34453 2
      vertex 68.2907 5.07518 5.468
      vertex 68.2907 5.07518 2
    endloop
  endfacet
  facet normal -0.0490642 -0.998796 0
    outer loop
      vertex 65.3163 3.66841 2
      vertex 65.63 3.653 5.468
      vertex 65.3163 3.66841 5.468
    endloop
  endfacet
  facet normal -0.0490642 -0.998796 -0
    outer loop
      vertex 65.63 3.653 5.468
      vertex 65.3163 3.66841 2
      vertex 65.63 3.653 2
    endloop
  endfacet
  facet normal 0 0 1
    outer loop
      vertex 66.73 6.853 5.468
      vertex 68.83 6.853 5.468
      vertex 68.8146 7.16665 5.468
    endloop
  endfacet
  facet normal 0 0 1
    outer loop
      vertex 66.7247 6.96082 5.468
      vertex 68.8146 7.16665 5.468
      vertex 68.7685 7.47729 5.468
    endloop
  endfacet
  facet normal 0 0 1
    outer loop
      vertex 68.83 6.853 5.468
      vertex 66.73 6.853 5.468
      vertex 68.8146 6.53935 5.468
    endloop
  endfacet
  facet normal 0 0 1
    outer loop
      vertex 66.7089 7.0676 5.468
      vertex 68.7685 7.47729 5.468
      vertex 68.6922 7.78191 5.468
    endloop
  endfacet
  facet normal -0 0 1
    outer loop
      vertex 66.7247 6.74518 5.468
      vertex 68.8146 6.53935 5.468
      vertex 66.73 6.853 5.468
    endloop
  endfacet
  facet normal 0 0 1
    outer loop
      vertex 66.6826 7.17231 5.468
      vertex 68.6922 7.78191 5.468
      vertex 68.5864 8.07759 5.468
    endloop
  endfacet
  facet normal 0 0 1
    outer loop
      vertex 68.8146 6.53935 5.468
      vertex 66.7247 6.74518 5.468
      vertex 68.7685 6.22871 5.468
    endloop
  endfacet
  facet normal 0 0 1
    outer loop
      vertex 66.6463 7.27395 5.468
      vertex 68.5864 8.07759 5.468
      vertex 68.4521 8.36147 5.468
    endloop
  endfacet
  facet normal -0 0 1
    outer loop
      vertex 66.7089 6.6384 5.468
      vertex 68.7685 6.22871 5.468
      vertex 66.7247 6.74518 5.468
    endloop
  endfacet
  facet normal 0 0 1
    outer loop
      vertex 66.6001 7.37154 5.468
      vertex 68.4521 8.36147 5.468
      vertex 68.2907 8.63082 5.468
    endloop
  endfacet
  facet normal 0 0 1
    outer loop
      vertex 68.7685 6.22871 5.468
      vertex 66.7089 6.6384 5.468
      vertex 68.6922 5.92409 5.468
    endloop
  endfacet
  facet normal 0 0 1
    outer loop
      vertex 66.5446 7.46413 5.468
      vertex 68.2907 8.63082 5.468
      vertex 68.1259 8.853 5.468
    endloop
  endfacet
  facet normal -0 0 1
    outer loop
      vertex 66.6826 6.53369 5.468
      vertex 68.6922 5.92409 5.468
      vertex 66.7089 6.6384 5.468
    endloop
  endfacet
  facet normal 0 0 1
    outer loop
      vertex 68.6922 5.92409 5.468
      vertex 66.6826 6.53369 5.468
      vertex 68.5864 5.62841 5.468
    endloop
  endfacet
  facet normal 0 0 1
    outer loop
      vertex 68.5864 5.62841 5.468
      vertex 66.6463 6.43205 5.468
      vertex 68.4521 5.34453 5.468
    endloop
  endfacet
  facet normal -0 0 1
    outer loop
      vertex 66.6001 6.33446 5.468
      vertex 68.4521 5.34453 5.468
      vertex 66.6463 6.43205 5.468
    endloop
  endfacet
  facet normal -0 0 1
    outer loop
      vertex 66.5446 6.24187 5.468
      vertex 68.2907 5.07518 5.468
      vertex 66.6001 6.33446 5.468
    endloop
  endfacet
  facet normal 0 0 1
    outer loop
      vertex 68.2907 5.07518 5.468
      vertex 66.5446 6.24187 5.468
      vertex 68.1036 4.82294 5.468
    endloop
  endfacet
  facet normal -0 0 1
    outer loop
      vertex 66.6463 6.43205 5.468
      vertex 68.5864 5.62841 5.468
      vertex 66.6826 6.53369 5.468
    endloop
  endfacet
  facet normal 0 0 1
    outer loop
      vertex 68.8146 7.16665 5.468
      vertex 66.7247 6.96082 5.468
      vertex 66.73 6.853 5.468
    endloop
  endfacet
  facet normal 0 0 1
    outer loop
      vertex 68.7685 7.47729 5.468
      vertex 66.7089 7.0676 5.468
      vertex 66.7247 6.96082 5.468
    endloop
  endfacet
  facet normal 0 0 1
    outer loop
      vertex 68.6922 7.78191 5.468
      vertex 66.6826 7.17231 5.468
      vertex 66.7089 7.0676 5.468
    endloop
  endfacet
  facet normal 0 0 1
    outer loop
      vertex 68.5864 8.07759 5.468
      vertex 66.6463 7.27395 5.468
      vertex 66.6826 7.17231 5.468
    endloop
  endfacet
  facet normal 0 0 1
    outer loop
      vertex 68.4521 8.36147 5.468
      vertex 66.6001 7.37154 5.468
      vertex 66.6463 7.27395 5.468
    endloop
  endfacet
  facet normal 0 0 1
    outer loop
      vertex 68.2907 8.63082 5.468
      vertex 66.5446 7.46413 5.468
      vertex 66.6001 7.37154 5.468
    endloop
  endfacet
  facet normal 0 0 1
    outer loop
      vertex 68.1259 8.853 5.468
      vertex 66.4803 7.55083 5.468
      vertex 66.5446 7.46413 5.468
    endloop
  endfacet
  facet normal 0 0 1
    outer loop
      vertex 68.1259 8.853 5.468
      vertex 66.4078 7.63082 5.468
      vertex 66.4803 7.55083 5.468
    endloop
  endfacet
  facet normal 0 0 1
    outer loop
      vertex 68.1259 8.853 5.468
      vertex 66.3278 7.70331 5.468
      vertex 66.4078 7.63082 5.468
    endloop
  endfacet
  facet normal 0 0 1
    outer loop
      vertex 68.1259 8.853 5.468
      vertex 66.2411 7.76762 5.468
      vertex 66.3278 7.70331 5.468
    endloop
  endfacet
  facet normal 0 0 1
    outer loop
      vertex 68.1259 8.853 5.468
      vertex 66.1485 7.82311 5.468
      vertex 66.2411 7.76762 5.468
    endloop
  endfacet
  facet normal 0 0 1
    outer loop
      vertex 68.1259 8.853 5.468
      vertex 66.0509 7.86927 5.468
      vertex 66.1485 7.82311 5.468
    endloop
  endfacet
  facet normal 0 0 1
    outer loop
      vertex 68.1259 8.853 5.468
      vertex 65.9493 7.90563 5.468
      vertex 66.0509 7.86927 5.468
    endloop
  endfacet
  facet normal 0 0 1
    outer loop
      vertex 68.1259 8.853 5.468
      vertex 65.8446 7.93186 5.468
      vertex 65.9493 7.90563 5.468
    endloop
  endfacet
  facet normal 0 0 1
    outer loop
      vertex 68.1259 8.853 5.468
      vertex 65.7378 7.9477 5.468
      vertex 65.8446 7.93186 5.468
    endloop
  endfacet
  facet normal -0 0 1
    outer loop
      vertex 63.63 8.853 5.468
      vertex 65.7378 7.9477 5.468
      vertex 68.1259 8.853 5.468
    endloop
  endfacet
  facet normal 0 0 1
    outer loop
      vertex 65.7378 7.9477 5.468
      vertex 63.63 8.853 5.468
      vertex 65.63 7.953 5.468
    endloop
  endfacet
  facet normal 0 0 1
    outer loop
      vertex 65.63 7.953 5.468
      vertex 63.63 8.853 5.468
      vertex 65.5222 7.9477 5.468
    endloop
  endfacet
  facet normal 0 0 1
    outer loop
      vertex 65.5222 7.9477 5.468
      vertex 63.63 8.853 5.468
      vertex 65.4154 7.93186 5.468
    endloop
  endfacet
  facet normal 0 0 1
    outer loop
      vertex 65.1115 5.88289 5.468
      vertex 64.1215 4.03085 5.468
      vertex 64.4054 3.89659 5.468
    endloop
  endfacet
  facet normal 0 0 1
    outer loop
      vertex 63.63 8.853 5.468
      vertex 64.53 6.853 5.468
      vertex 64.5353 6.96082 5.468
    endloop
  endfacet
  facet normal 0 0 1
    outer loop
      vertex 64.5353 6.74518 5.468
      vertex 63.8522 4.1923 5.468
      vertex 64.1215 4.03085 5.468
    endloop
  endfacet
  facet normal 0 0 1
    outer loop
      vertex 63.63 8.853 5.468
      vertex 64.5353 6.96082 5.468
      vertex 64.5511 7.0676 5.468
    endloop
  endfacet
  facet normal 0 0 1
    outer loop
      vertex 65.4154 7.93186 5.468
      vertex 63.63 8.853 5.468
      vertex 65.3107 7.90563 5.468
    endloop
  endfacet
  facet normal 0 0 1
    outer loop
      vertex 63.63 8.853 5.468
      vertex 65.209 7.86927 5.468
      vertex 65.3107 7.90563 5.468
    endloop
  endfacet
  facet normal 0 0 1
    outer loop
      vertex 63.63 8.853 5.468
      vertex 65.1115 7.82311 5.468
      vertex 65.209 7.86927 5.468
    endloop
  endfacet
  facet normal 0 0 1
    outer loop
      vertex 63.63 8.853 5.468
      vertex 65.0189 7.76762 5.468
      vertex 65.1115 7.82311 5.468
    endloop
  endfacet
  facet normal 0 0 1
    outer loop
      vertex 63.63 8.853 5.468
      vertex 64.9322 7.70331 5.468
      vertex 65.0189 7.76762 5.468
    endloop
  endfacet
  facet normal 0 0 1
    outer loop
      vertex 63.63 8.853 5.468
      vertex 64.8522 7.63082 5.468
      vertex 64.9322 7.70331 5.468
    endloop
  endfacet
  facet normal 0 0 1
    outer loop
      vertex 63.63 8.853 5.468
      vertex 64.7797 7.55083 5.468
      vertex 64.8522 7.63082 5.468
    endloop
  endfacet
  facet normal 0 0 1
    outer loop
      vertex 63.63 8.853 5.468
      vertex 64.7154 7.46413 5.468
      vertex 64.7797 7.55083 5.468
    endloop
  endfacet
  facet normal 0 0 1
    outer loop
      vertex 63.63 8.853 5.468
      vertex 64.6599 7.37154 5.468
      vertex 64.7154 7.46413 5.468
    endloop
  endfacet
  facet normal 0 0 1
    outer loop
      vertex 63.63 8.853 5.468
      vertex 64.6137 7.27395 5.468
      vertex 64.6599 7.37154 5.468
    endloop
  endfacet
  facet normal 0 0 1
    outer loop
      vertex 63.63 8.853 5.468
      vertex 64.5774 7.17231 5.468
      vertex 64.6137 7.27395 5.468
    endloop
  endfacet
  facet normal 0 0 1
    outer loop
      vertex 63.63 8.853 5.468
      vertex 64.5511 7.0676 5.468
      vertex 64.5774 7.17231 5.468
    endloop
  endfacet
  facet normal 0 0 1
    outer loop
      vertex 64.5353 6.74518 5.468
      vertex 63.63 8.853 5.468
      vertex 63.63 4.35707 5.468
    endloop
  endfacet
  facet normal 0 0 1
    outer loop
      vertex 64.5353 6.74518 5.468
      vertex 63.63 4.35707 5.468
      vertex 63.8522 4.1923 5.468
    endloop
  endfacet
  facet normal 0 0 1
    outer loop
      vertex 68.4521 5.34453 5.468
      vertex 66.6001 6.33446 5.468
      vertex 68.2907 5.07518 5.468
    endloop
  endfacet
  facet normal -0 0 1
    outer loop
      vertex 66.4803 6.15517 5.468
      vertex 68.1036 4.82294 5.468
      vertex 66.5446 6.24187 5.468
    endloop
  endfacet
  facet normal 0 0 1
    outer loop
      vertex 68.1036 4.82294 5.468
      vertex 66.4803 6.15517 5.468
      vertex 67.8927 4.59026 5.468
    endloop
  endfacet
  facet normal -0 0 1
    outer loop
      vertex 66.4078 6.07518 5.468
      vertex 67.8927 4.59026 5.468
      vertex 66.4803 6.15517 5.468
    endloop
  endfacet
  facet normal 0 0 1
    outer loop
      vertex 67.8927 4.59026 5.468
      vertex 66.4078 6.07518 5.468
      vertex 67.6601 4.37937 5.468
    endloop
  endfacet
  facet normal -0 0 1
    outer loop
      vertex 66.3278 6.00269 5.468
      vertex 67.6601 4.37937 5.468
      vertex 66.4078 6.07518 5.468
    endloop
  endfacet
  facet normal 0 0 1
    outer loop
      vertex 67.6601 4.37937 5.468
      vertex 66.3278 6.00269 5.468
      vertex 67.4078 4.1923 5.468
    endloop
  endfacet
  facet normal -0 0 1
    outer loop
      vertex 66.2411 5.93838 5.468
      vertex 67.4078 4.1923 5.468
      vertex 66.3278 6.00269 5.468
    endloop
  endfacet
  facet normal 0 0 1
    outer loop
      vertex 67.4078 4.1923 5.468
      vertex 66.2411 5.93838 5.468
      vertex 67.1385 4.03085 5.468
    endloop
  endfacet
  facet normal -0 0 1
    outer loop
      vertex 66.1485 5.88289 5.468
      vertex 67.1385 4.03085 5.468
      vertex 66.2411 5.93838 5.468
    endloop
  endfacet
  facet normal 0 0 1
    outer loop
      vertex 67.1385 4.03085 5.468
      vertex 66.1485 5.88289 5.468
      vertex 66.8546 3.89659 5.468
    endloop
  endfacet
  facet normal -0 0 1
    outer loop
      vertex 66.0509 5.83673 5.468
      vertex 66.8546 3.89659 5.468
      vertex 66.1485 5.88289 5.468
    endloop
  endfacet
  facet normal 0 0 1
    outer loop
      vertex 66.8546 3.89659 5.468
      vertex 66.0509 5.83673 5.468
      vertex 66.5589 3.79079 5.468
    endloop
  endfacet
  facet normal -0 0 1
    outer loop
      vertex 65.9493 5.80037 5.468
      vertex 66.5589 3.79079 5.468
      vertex 66.0509 5.83673 5.468
    endloop
  endfacet
  facet normal 0 0 1
    outer loop
      vertex 66.5589 3.79079 5.468
      vertex 65.9493 5.80037 5.468
      vertex 66.2543 3.71449 5.468
    endloop
  endfacet
  facet normal -0 0 1
    outer loop
      vertex 65.8446 5.77414 5.468
      vertex 66.2543 3.71449 5.468
      vertex 65.9493 5.80037 5.468
    endloop
  endfacet
  facet normal 0 0 1
    outer loop
      vertex 66.2543 3.71449 5.468
      vertex 65.8446 5.77414 5.468
      vertex 65.9437 3.66841 5.468
    endloop
  endfacet
  facet normal -0 0 1
    outer loop
      vertex 65.7378 5.7583 5.468
      vertex 65.9437 3.66841 5.468
      vertex 65.8446 5.77414 5.468
    endloop
  endfacet
  facet normal -0 0 1
    outer loop
      vertex 65.63 5.753 5.468
      vertex 65.9437 3.66841 5.468
      vertex 65.7378 5.7583 5.468
    endloop
  endfacet
  facet normal 0 0 1
    outer loop
      vertex 65.63 5.753 5.468
      vertex 65.63 3.653 5.468
      vertex 65.9437 3.66841 5.468
    endloop
  endfacet
  facet normal 0 0 1
    outer loop
      vertex 65.5222 5.7583 5.468
      vertex 65.63 3.653 5.468
      vertex 65.63 5.753 5.468
    endloop
  endfacet
  facet normal 0 0 1
    outer loop
      vertex 65.3163 3.66841 5.468
      vertex 65.5222 5.7583 5.468
      vertex 65.4154 5.77414 5.468
    endloop
  endfacet
  facet normal 0 0 1
    outer loop
      vertex 65.5222 5.7583 5.468
      vertex 65.3163 3.66841 5.468
      vertex 65.63 3.653 5.468
    endloop
  endfacet
  facet normal 0 0 1
    outer loop
      vertex 65.0057 3.71449 5.468
      vertex 65.4154 5.77414 5.468
      vertex 65.3107 5.80037 5.468
    endloop
  endfacet
  facet normal 0 0 1
    outer loop
      vertex 64.7011 3.79079 5.468
      vertex 65.3107 5.80037 5.468
      vertex 65.209 5.83673 5.468
    endloop
  endfacet
  facet normal 0 0 1
    outer loop
      vertex 64.4054 3.89659 5.468
      vertex 65.209 5.83673 5.468
      vertex 65.1115 5.88289 5.468
    endloop
  endfacet
  facet normal 0 0 1
    outer loop
      vertex 64.1215 4.03085 5.468
      vertex 65.1115 5.88289 5.468
      vertex 65.0189 5.93838 5.468
    endloop
  endfacet
  facet normal 0 0 1
    outer loop
      vertex 65.4154 5.77414 5.468
      vertex 65.0057 3.71449 5.468
      vertex 65.3163 3.66841 5.468
    endloop
  endfacet
  facet normal 0 0 1
    outer loop
      vertex 64.1215 4.03085 5.468
      vertex 65.0189 5.93838 5.468
      vertex 64.9322 6.00269 5.468
    endloop
  endfacet
  facet normal 0 0 1
    outer loop
      vertex 64.1215 4.03085 5.468
      vertex 64.9322 6.00269 5.468
      vertex 64.8522 6.07518 5.468
    endloop
  endfacet
  facet normal 0 0 1
    outer loop
      vertex 64.1215 4.03085 5.468
      vertex 64.8522 6.07518 5.468
      vertex 64.7797 6.15517 5.468
    endloop
  endfacet
  facet normal 0 0 1
    outer loop
      vertex 64.1215 4.03085 5.468
      vertex 64.7797 6.15517 5.468
      vertex 64.7154 6.24187 5.468
    endloop
  endfacet
  facet normal 0 0 1
    outer loop
      vertex 65.3107 5.80037 5.468
      vertex 64.7011 3.79079 5.468
      vertex 65.0057 3.71449 5.468
    endloop
  endfacet
  facet normal 0 0 1
    outer loop
      vertex 64.1215 4.03085 5.468
      vertex 64.7154 6.24187 5.468
      vertex 64.6599 6.33446 5.468
    endloop
  endfacet
  facet normal 0 0 1
    outer loop
      vertex 64.1215 4.03085 5.468
      vertex 64.6599 6.33446 5.468
      vertex 64.6137 6.43205 5.468
    endloop
  endfacet
  facet normal 0 0 1
    outer loop
      vertex 64.1215 4.03085 5.468
      vertex 64.6137 6.43205 5.468
      vertex 64.5774 6.53369 5.468
    endloop
  endfacet
  facet normal 0 0 1
    outer loop
      vertex 64.1215 4.03085 5.468
      vertex 64.5774 6.53369 5.468
      vertex 64.5511 6.6384 5.468
    endloop
  endfacet
  facet normal 0 0 1
    outer loop
      vertex 64.1215 4.03085 5.468
      vertex 64.5511 6.6384 5.468
      vertex 64.5353 6.74518 5.468
    endloop
  endfacet
  facet normal 0 0 1
    outer loop
      vertex 65.209 5.83673 5.468
      vertex 64.4054 3.89659 5.468
      vertex 64.7011 3.79079 5.468
    endloop
  endfacet
  facet normal 0 0 1
    outer loop
      vertex 63.63 8.853 5.468
      vertex 64.5353 6.74518 5.468
      vertex 64.53 6.853 5.468
    endloop
  endfacet
  facet normal -0.336881 -0.941547 0
    outer loop
      vertex 64.4054 3.89659 2
      vertex 64.7011 3.79079 5.468
      vertex 64.4054 3.89659 5.468
    endloop
  endfacet
  facet normal -0.336881 -0.941547 -0
    outer loop
      vertex 64.7011 3.79079 5.468
      vertex 64.4054 3.89659 2
      vertex 64.7011 3.79079 2
    endloop
  endfacet
  facet normal 0.671688 -0.740834 0
    outer loop
      vertex 67.6601 4.37937 2
      vertex 67.8927 4.59026 5.468
      vertex 67.6601 4.37937 5.468
    endloop
  endfacet
  facet normal 0.671688 -0.740834 0
    outer loop
      vertex 67.8927 4.59026 5.468
      vertex 67.6601 4.37937 2
      vertex 67.8927 4.59026 2
    endloop
  endfacet
  facet normal -1 0 0
    outer loop
      vertex 63.63 4.35707 2
      vertex 63.63 8.853 5.468
      vertex 63.63 8.853 2
    endloop
  endfacet
  facet normal -1 -0 0
    outer loop
      vertex 63.63 8.853 5.468
      vertex 63.63 4.35707 2
      vertex 63.63 4.35707 5.468
    endloop
  endfacet
  facet normal 0 1 -0
    outer loop
      vertex 68.1259 8.853 2
      vertex 63.63 8.853 5.468
      vertex 68.1259 8.853 5.468
    endloop
  endfacet
  facet normal 0 1 0
    outer loop
      vertex 63.63 8.853 5.468
      vertex 68.1259 8.853 2
      vertex 63.63 8.853 2
    endloop
  endfacet
  facet normal 0.989164 0.146814 0
    outer loop
      vertex 68.8146 54.6647 5.468
      vertex 68.7685 54.9753 2
      vertex 68.7685 54.9753 5.468
    endloop
  endfacet
  facet normal 0.989164 0.146814 0
    outer loop
      vertex 68.7685 54.9753 2
      vertex 68.8146 54.6647 5.468
      vertex 68.8146 54.6647 2
    endloop
  endfacet
  facet normal 0.998797 -0.0490324 0
    outer loop
      vertex 68.8146 54.0373 5.468
      vertex 68.83 54.351 2
      vertex 68.83 54.351 5.468
    endloop
  endfacet
  facet normal 0.998797 -0.0490324 0
    outer loop
      vertex 68.83 54.351 2
      vertex 68.8146 54.0373 5.468
      vertex 68.8146 54.0373 2
    endloop
  endfacet
  facet normal 0.671705 0.740819 -0
    outer loop
      vertex 67.8927 56.6137 2
      vertex 67.6601 56.8246 5.468
      vertex 67.8927 56.6137 5.468
    endloop
  endfacet
  facet normal 0.671705 0.740819 0
    outer loop
      vertex 67.6601 56.8246 5.468
      vertex 67.8927 56.6137 2
      vertex 67.6601 56.8246 2
    endloop
  endfacet
  facet normal -0.146814 0.989164 0
    outer loop
      vertex 65.3163 57.5356 2
      vertex 65.0057 57.4895 5.468
      vertex 65.3163 57.5356 5.468
    endloop
  endfacet
  facet normal -0.146814 0.989164 0
    outer loop
      vertex 65.0057 57.4895 5.468
      vertex 65.3163 57.5356 2
      vertex 65.0057 57.4895 2
    endloop
  endfacet
  facet normal 0.514074 0.857746 -0
    outer loop
      vertex 67.4078 57.0117 2
      vertex 67.1385 57.1731 5.468
      vertex 67.4078 57.0117 5.468
    endloop
  endfacet
  facet normal 0.514074 0.857746 0
    outer loop
      vertex 67.1385 57.1731 5.468
      vertex 67.4078 57.0117 2
      vertex 67.1385 57.1731 2
    endloop
  endfacet
  facet normal 0.427621 0.903958 -0
    outer loop
      vertex 67.1385 57.1731 2
      vertex 66.8546 57.3074 5.468
      vertex 67.1385 57.1731 5.468
    endloop
  endfacet
  facet normal 0.427621 0.903958 0
    outer loop
      vertex 66.8546 57.3074 5.468
      vertex 67.1385 57.1731 2
      vertex 66.8546 57.3074 2
    endloop
  endfacet
  facet normal 0.998797 0.0490324 0
    outer loop
      vertex 68.83 54.351 5.468
      vertex 68.8146 54.6647 2
      vertex 68.8146 54.6647 5.468
    endloop
  endfacet
  facet normal 0.998797 0.0490324 0
    outer loop
      vertex 68.8146 54.6647 2
      vertex 68.83 54.351 5.468
      vertex 68.83 54.351 2
    endloop
  endfacet
  facet normal 0.857746 -0.514074 0
    outer loop
      vertex 68.2907 52.5732 5.468
      vertex 68.4521 52.8425 2
      vertex 68.4521 52.8425 5.468
    endloop
  endfacet
  facet normal 0.857746 -0.514074 0
    outer loop
      vertex 68.4521 52.8425 2
      vertex 68.2907 52.5732 5.468
      vertex 68.2907 52.5732 2
    endloop
  endfacet
  facet normal 0.97003 -0.242985 0
    outer loop
      vertex 68.6922 53.4221 5.468
      vertex 68.7685 53.7267 2
      vertex 68.7685 53.7267 5.468
    endloop
  endfacet
  facet normal 0.97003 -0.242985 0
    outer loop
      vertex 68.7685 53.7267 2
      vertex 68.6922 53.4221 5.468
      vertex 68.6922 53.4221 2
    endloop
  endfacet
  facet normal 0.989164 -0.146814 0
    outer loop
      vertex 68.7685 53.7267 5.468
      vertex 68.8146 54.0373 2
      vertex 68.8146 54.0373 5.468
    endloop
  endfacet
  facet normal 0.989164 -0.146814 0
    outer loop
      vertex 68.8146 54.0373 2
      vertex 68.7685 53.7267 5.468
      vertex 68.7685 53.7267 2
    endloop
  endfacet
  facet normal -0.0490324 0.998797 0
    outer loop
      vertex 65.63 57.551 2
      vertex 65.3163 57.5356 5.468
      vertex 65.63 57.551 5.468
    endloop
  endfacet
  facet normal -0.0490324 0.998797 0
    outer loop
      vertex 65.3163 57.5356 5.468
      vertex 65.63 57.551 2
      vertex 65.3163 57.5356 2
    endloop
  endfacet
  facet normal 0.595661 0.803236 -0
    outer loop
      vertex 67.6601 56.8246 2
      vertex 67.4078 57.0117 5.468
      vertex 67.6601 56.8246 5.468
    endloop
  endfacet
  facet normal 0.595661 0.803236 0
    outer loop
      vertex 67.4078 57.0117 5.468
      vertex 67.6601 56.8246 2
      vertex 67.4078 57.0117 2
    endloop
  endfacet
  facet normal -0.242985 0.97003 0
    outer loop
      vertex 65.0057 57.4895 2
      vertex 64.7011 57.4132 5.468
      vertex 65.0057 57.4895 5.468
    endloop
  endfacet
  facet normal -0.242985 0.97003 0
    outer loop
      vertex 64.7011 57.4132 5.468
      vertex 65.0057 57.4895 2
      vertex 64.7011 57.4132 2
    endloop
  endfacet
  facet normal 0.0490324 0.998797 -0
    outer loop
      vertex 65.9437 57.5356 2
      vertex 65.63 57.551 5.468
      vertex 65.9437 57.5356 5.468
    endloop
  endfacet
  facet normal 0.0490324 0.998797 0
    outer loop
      vertex 65.63 57.551 5.468
      vertex 65.9437 57.5356 2
      vertex 65.63 57.551 2
    endloop
  endfacet
  facet normal -0.514074 0.857746 0
    outer loop
      vertex 64.1215 57.1731 2
      vertex 63.8522 57.0117 5.468
      vertex 64.1215 57.1731 5.468
    endloop
  endfacet
  facet normal -0.514074 0.857746 0
    outer loop
      vertex 63.8522 57.0117 5.468
      vertex 64.1215 57.1731 2
      vertex 63.8522 57.0117 2
    endloop
  endfacet
  facet normal 0.941547 0.336881 0
    outer loop
      vertex 68.6922 55.2799 5.468
      vertex 68.5864 55.5756 2
      vertex 68.5864 55.5756 5.468
    endloop
  endfacet
  facet normal 0.941547 0.336881 0
    outer loop
      vertex 68.5864 55.5756 2
      vertex 68.6922 55.2799 5.468
      vertex 68.6922 55.2799 2
    endloop
  endfacet
  facet normal 0.97003 0.242985 0
    outer loop
      vertex 68.7685 54.9753 5.468
      vertex 68.6922 55.2799 2
      vertex 68.6922 55.2799 5.468
    endloop
  endfacet
  facet normal 0.97003 0.242985 0
    outer loop
      vertex 68.6922 55.2799 2
      vertex 68.7685 54.9753 5.468
      vertex 68.7685 54.9753 2
    endloop
  endfacet
  facet normal 0.803198 -0.595712 0
    outer loop
      vertex 68.1259 52.351 5.468
      vertex 68.2907 52.5732 2
      vertex 68.2907 52.5732 5.468
    endloop
  endfacet
  facet normal 0.803198 -0.595712 0
    outer loop
      vertex 68.2907 52.5732 2
      vertex 68.1259 52.351 5.468
      vertex 68.1259 52.351 2
    endloop
  endfacet
  facet normal 0.857746 0.514074 0
    outer loop
      vertex 68.4521 55.8595 5.468
      vertex 68.2907 56.1288 2
      vertex 68.2907 56.1288 5.468
    endloop
  endfacet
  facet normal 0.857746 0.514074 0
    outer loop
      vertex 68.2907 56.1288 2
      vertex 68.4521 55.8595 5.468
      vertex 68.4521 55.8595 2
    endloop
  endfacet
  facet normal 0.941547 -0.336881 0
    outer loop
      vertex 68.5864 53.1264 5.468
      vertex 68.6922 53.4221 2
      vertex 68.6922 53.4221 5.468
    endloop
  endfacet
  facet normal 0.941547 -0.336881 0
    outer loop
      vertex 68.6922 53.4221 2
      vertex 68.5864 53.1264 5.468
      vertex 68.5864 53.1264 2
    endloop
  endfacet
  facet normal 0.903958 -0.427621 0
    outer loop
      vertex 68.4521 52.8425 5.468
      vertex 68.5864 53.1264 2
      vertex 68.5864 53.1264 5.468
    endloop
  endfacet
  facet normal 0.903958 -0.427621 0
    outer loop
      vertex 68.5864 53.1264 2
      vertex 68.4521 52.8425 5.468
      vertex 68.4521 52.8425 2
    endloop
  endfacet
  facet normal 0.903958 0.427621 0
    outer loop
      vertex 68.5864 55.5756 5.468
      vertex 68.4521 55.8595 2
      vertex 68.4521 55.8595 5.468
    endloop
  endfacet
  facet normal 0.903958 0.427621 0
    outer loop
      vertex 68.4521 55.8595 2
      vertex 68.5864 55.5756 5.468
      vertex 68.5864 55.5756 2
    endloop
  endfacet
  facet normal -0.595712 0.803198 0
    outer loop
      vertex 63.8522 57.0117 2
      vertex 63.63 56.8469 5.468
      vertex 63.8522 57.0117 5.468
    endloop
  endfacet
  facet normal -0.595712 0.803198 0
    outer loop
      vertex 63.63 56.8469 5.468
      vertex 63.8522 57.0117 2
      vertex 63.63 56.8469 2
    endloop
  endfacet
  facet normal 0.242985 0.97003 -0
    outer loop
      vertex 66.5589 57.4132 2
      vertex 66.2543 57.4895 5.468
      vertex 66.5589 57.4132 5.468
    endloop
  endfacet
  facet normal 0.242985 0.97003 0
    outer loop
      vertex 66.2543 57.4895 5.468
      vertex 66.5589 57.4132 2
      vertex 66.2543 57.4895 2
    endloop
  endfacet
  facet normal 0.146814 0.989164 -0
    outer loop
      vertex 66.2543 57.4895 2
      vertex 65.9437 57.5356 5.468
      vertex 66.2543 57.4895 5.468
    endloop
  endfacet
  facet normal 0.146814 0.989164 0
    outer loop
      vertex 65.9437 57.5356 5.468
      vertex 66.2543 57.4895 2
      vertex 65.9437 57.5356 2
    endloop
  endfacet
  facet normal -0.336881 0.941547 0
    outer loop
      vertex 64.7011 57.4132 2
      vertex 64.4054 57.3074 5.468
      vertex 64.7011 57.4132 5.468
    endloop
  endfacet
  facet normal -0.336881 0.941547 0
    outer loop
      vertex 64.4054 57.3074 5.468
      vertex 64.7011 57.4132 2
      vertex 64.4054 57.3074 2
    endloop
  endfacet
  facet normal 0.803236 0.595661 0
    outer loop
      vertex 68.2907 56.1288 5.468
      vertex 68.1036 56.3811 2
      vertex 68.1036 56.3811 5.468
    endloop
  endfacet
  facet normal 0.803236 0.595661 0
    outer loop
      vertex 68.1036 56.3811 2
      vertex 68.2907 56.1288 5.468
      vertex 68.2907 56.1288 2
    endloop
  endfacet
  facet normal 0.740819 0.671705 0
    outer loop
      vertex 68.1036 56.3811 5.468
      vertex 67.8927 56.6137 2
      vertex 67.8927 56.6137 5.468
    endloop
  endfacet
  facet normal 0.740819 0.671705 0
    outer loop
      vertex 67.8927 56.6137 2
      vertex 68.1036 56.3811 5.468
      vertex 68.1036 56.3811 2
    endloop
  endfacet
  facet normal 0.336881 0.941547 -0
    outer loop
      vertex 66.8546 57.3074 2
      vertex 66.5589 57.4132 5.468
      vertex 66.8546 57.3074 5.468
    endloop
  endfacet
  facet normal 0.336881 0.941547 0
    outer loop
      vertex 66.5589 57.4132 5.468
      vertex 66.8546 57.3074 2
      vertex 66.5589 57.4132 2
    endloop
  endfacet
  facet normal -0.427621 0.903958 0
    outer loop
      vertex 64.4054 57.3074 2
      vertex 64.1215 57.1731 5.468
      vertex 64.4054 57.3074 5.468
    endloop
  endfacet
  facet normal -0.427621 0.903958 0
    outer loop
      vertex 64.1215 57.1731 5.468
      vertex 64.4054 57.3074 2
      vertex 64.1215 57.1731 2
    endloop
  endfacet
  facet normal 0 0 1
    outer loop
      vertex 68.8146 54.6647 5.468
      vertex 66.7247 54.4588 5.468
      vertex 66.73 54.351 5.468
    endloop
  endfacet
  facet normal 0 0 1
    outer loop
      vertex 67.1385 57.1731 5.468
      vertex 66.7089 54.5656 5.468
      vertex 66.7247 54.4588 5.468
    endloop
  endfacet
  facet normal 0 0 1
    outer loop
      vertex 67.1385 57.1731 5.468
      vertex 66.6826 54.6703 5.468
      vertex 66.7089 54.5656 5.468
    endloop
  endfacet
  facet normal 0 0 1
    outer loop
      vertex 67.1385 57.1731 5.468
      vertex 66.6463 54.7719 5.468
      vertex 66.6826 54.6703 5.468
    endloop
  endfacet
  facet normal 0 0 1
    outer loop
      vertex 67.1385 57.1731 5.468
      vertex 66.6001 54.8695 5.468
      vertex 66.6463 54.7719 5.468
    endloop
  endfacet
  facet normal 0 0 1
    outer loop
      vertex 66.0509 55.3673 5.468
      vertex 66.8546 57.3074 5.468
      vertex 66.5589 57.4132 5.468
    endloop
  endfacet
  facet normal 0 0 1
    outer loop
      vertex 67.1385 57.1731 5.468
      vertex 66.5446 54.9621 5.468
      vertex 66.6001 54.8695 5.468
    endloop
  endfacet
  facet normal 0 0 1
    outer loop
      vertex 67.1385 57.1731 5.468
      vertex 66.4803 55.0488 5.468
      vertex 66.5446 54.9621 5.468
    endloop
  endfacet
  facet normal 0 0 1
    outer loop
      vertex 67.1385 57.1731 5.468
      vertex 66.4078 55.1288 5.468
      vertex 66.4803 55.0488 5.468
    endloop
  endfacet
  facet normal 0 0 1
    outer loop
      vertex 67.1385 57.1731 5.468
      vertex 66.3278 55.2013 5.468
      vertex 66.4078 55.1288 5.468
    endloop
  endfacet
  facet normal 0 0 1
    outer loop
      vertex 65.9493 55.4036 5.468
      vertex 66.5589 57.4132 5.468
      vertex 66.2543 57.4895 5.468
    endloop
  endfacet
  facet normal 0 0 1
    outer loop
      vertex 67.1385 57.1731 5.468
      vertex 66.2411 55.2656 5.468
      vertex 66.3278 55.2013 5.468
    endloop
  endfacet
  facet normal 0 0 1
    outer loop
      vertex 67.1385 57.1731 5.468
      vertex 66.1485 55.3211 5.468
      vertex 66.2411 55.2656 5.468
    endloop
  endfacet
  facet normal 0 0 1
    outer loop
      vertex 66.8546 57.3074 5.468
      vertex 66.0509 55.3673 5.468
      vertex 66.1485 55.3211 5.468
    endloop
  endfacet
  facet normal 0 0 1
    outer loop
      vertex 66.5589 57.4132 5.468
      vertex 65.9493 55.4036 5.468
      vertex 66.0509 55.3673 5.468
    endloop
  endfacet
  facet normal 0 0 1
    outer loop
      vertex 65.8446 55.4299 5.468
      vertex 66.2543 57.4895 5.468
      vertex 65.9437 57.5356 5.468
    endloop
  endfacet
  facet normal 0 0 1
    outer loop
      vertex 66.2543 57.4895 5.468
      vertex 65.8446 55.4299 5.468
      vertex 65.9493 55.4036 5.468
    endloop
  endfacet
  facet normal 0 0 1
    outer loop
      vertex 65.9437 57.5356 5.468
      vertex 65.7378 55.4457 5.468
      vertex 65.8446 55.4299 5.468
    endloop
  endfacet
  facet normal 0 0 1
    outer loop
      vertex 65.63 57.551 5.468
      vertex 65.7378 55.4457 5.468
      vertex 65.9437 57.5356 5.468
    endloop
  endfacet
  facet normal 0 0 1
    outer loop
      vertex 65.63 57.551 5.468
      vertex 65.63 55.451 5.468
      vertex 65.7378 55.4457 5.468
    endloop
  endfacet
  facet normal 0 0 1
    outer loop
      vertex 65.63 57.551 5.468
      vertex 65.5222 55.4457 5.468
      vertex 65.63 55.451 5.468
    endloop
  endfacet
  facet normal -0 0 1
    outer loop
      vertex 65.3163 57.5356 5.468
      vertex 65.5222 55.4457 5.468
      vertex 65.63 57.551 5.468
    endloop
  endfacet
  facet normal 0 0 1
    outer loop
      vertex 65.5222 55.4457 5.468
      vertex 65.3163 57.5356 5.468
      vertex 65.4154 55.4299 5.468
    endloop
  endfacet
  facet normal -0 0 1
    outer loop
      vertex 65.0057 57.4895 5.468
      vertex 65.4154 55.4299 5.468
      vertex 65.3163 57.5356 5.468
    endloop
  endfacet
  facet normal 0 0 1
    outer loop
      vertex 65.4154 55.4299 5.468
      vertex 65.0057 57.4895 5.468
      vertex 65.3107 55.4036 5.468
    endloop
  endfacet
  facet normal -0 0 1
    outer loop
      vertex 64.7011 57.4132 5.468
      vertex 65.3107 55.4036 5.468
      vertex 65.0057 57.4895 5.468
    endloop
  endfacet
  facet normal 0 0 1
    outer loop
      vertex 65.3107 55.4036 5.468
      vertex 64.7011 57.4132 5.468
      vertex 65.209 55.3673 5.468
    endloop
  endfacet
  facet normal -0 0 1
    outer loop
      vertex 64.4054 57.3074 5.468
      vertex 65.209 55.3673 5.468
      vertex 64.7011 57.4132 5.468
    endloop
  endfacet
  facet normal 0 0 1
    outer loop
      vertex 65.209 55.3673 5.468
      vertex 64.4054 57.3074 5.468
      vertex 65.1115 55.3211 5.468
    endloop
  endfacet
  facet normal -0 0 1
    outer loop
      vertex 64.1215 57.1731 5.468
      vertex 65.1115 55.3211 5.468
      vertex 64.4054 57.3074 5.468
    endloop
  endfacet
  facet normal 0 0 1
    outer loop
      vertex 65.1115 55.3211 5.468
      vertex 64.1215 57.1731 5.468
      vertex 65.0189 55.2656 5.468
    endloop
  endfacet
  facet normal -0 0 1
    outer loop
      vertex 63.8522 57.0117 5.468
      vertex 65.0189 55.2656 5.468
      vertex 64.1215 57.1731 5.468
    endloop
  endfacet
  facet normal -0 0 1
    outer loop
      vertex 63.63 56.8469 5.468
      vertex 65.0189 55.2656 5.468
      vertex 63.8522 57.0117 5.468
    endloop
  endfacet
  facet normal 0 0 1
    outer loop
      vertex 65.0189 55.2656 5.468
      vertex 63.63 56.8469 5.468
      vertex 64.9322 55.2013 5.468
    endloop
  endfacet
  facet normal 0 0 1
    outer loop
      vertex 64.9322 55.2013 5.468
      vertex 63.63 56.8469 5.468
      vertex 64.8522 55.1288 5.468
    endloop
  endfacet
  facet normal 0 0 1
    outer loop
      vertex 64.8522 55.1288 5.468
      vertex 63.63 56.8469 5.468
      vertex 64.7797 55.0488 5.468
    endloop
  endfacet
  facet normal 0 0 1
    outer loop
      vertex 64.7797 55.0488 5.468
      vertex 63.63 56.8469 5.468
      vertex 64.7154 54.9621 5.468
    endloop
  endfacet
  facet normal 0 0 1
    outer loop
      vertex 64.7154 54.9621 5.468
      vertex 63.63 56.8469 5.468
      vertex 64.6599 54.8695 5.468
    endloop
  endfacet
  facet normal 0 0 1
    outer loop
      vertex 64.6137 54.7719 5.468
      vertex 63.63 56.8469 5.468
      vertex 64.5774 54.6703 5.468
    endloop
  endfacet
  facet normal 0 0 1
    outer loop
      vertex 64.6599 54.8695 5.468
      vertex 63.63 56.8469 5.468
      vertex 64.6137 54.7719 5.468
    endloop
  endfacet
  facet normal 0 0 1
    outer loop
      vertex 66.73 54.351 5.468
      vertex 68.83 54.351 5.468
      vertex 68.8146 54.6647 5.468
    endloop
  endfacet
  facet normal 0 0 1
    outer loop
      vertex 66.7247 54.4588 5.468
      vertex 68.8146 54.6647 5.468
      vertex 68.7685 54.9753 5.468
    endloop
  endfacet
  facet normal 0 0 1
    outer loop
      vertex 68.83 54.351 5.468
      vertex 66.73 54.351 5.468
      vertex 68.8146 54.0373 5.468
    endloop
  endfacet
  facet normal 0 0 1
    outer loop
      vertex 66.7247 54.4588 5.468
      vertex 68.7685 54.9753 5.468
      vertex 68.6922 55.2799 5.468
    endloop
  endfacet
  facet normal -0 0 1
    outer loop
      vertex 66.7247 54.2432 5.468
      vertex 68.8146 54.0373 5.468
      vertex 66.73 54.351 5.468
    endloop
  endfacet
  facet normal 0 0 1
    outer loop
      vertex 66.7247 54.4588 5.468
      vertex 68.6922 55.2799 5.468
      vertex 68.5864 55.5756 5.468
    endloop
  endfacet
  facet normal 0 0 1
    outer loop
      vertex 68.8146 54.0373 5.468
      vertex 66.7247 54.2432 5.468
      vertex 68.7685 53.7267 5.468
    endloop
  endfacet
  facet normal 0 0 1
    outer loop
      vertex 66.7247 54.4588 5.468
      vertex 68.5864 55.5756 5.468
      vertex 68.4521 55.8595 5.468
    endloop
  endfacet
  facet normal -0 0 1
    outer loop
      vertex 66.7089 54.1364 5.468
      vertex 68.7685 53.7267 5.468
      vertex 66.7247 54.2432 5.468
    endloop
  endfacet
  facet normal 0 0 1
    outer loop
      vertex 66.7247 54.4588 5.468
      vertex 68.4521 55.8595 5.468
      vertex 68.2907 56.1288 5.468
    endloop
  endfacet
  facet normal 0 0 1
    outer loop
      vertex 68.7685 53.7267 5.468
      vertex 66.7089 54.1364 5.468
      vertex 68.6922 53.4221 5.468
    endloop
  endfacet
  facet normal -0 0 1
    outer loop
      vertex 66.6826 54.0317 5.468
      vertex 68.6922 53.4221 5.468
      vertex 66.7089 54.1364 5.468
    endloop
  endfacet
  facet normal 0 0 1
    outer loop
      vertex 66.7247 54.4588 5.468
      vertex 68.2907 56.1288 5.468
      vertex 68.1036 56.3811 5.468
    endloop
  endfacet
  facet normal 0 0 1
    outer loop
      vertex 66.7247 54.4588 5.468
      vertex 68.1036 56.3811 5.468
      vertex 67.8927 56.6137 5.468
    endloop
  endfacet
  facet normal 0 0 1
    outer loop
      vertex 66.7247 54.4588 5.468
      vertex 67.8927 56.6137 5.468
      vertex 67.6601 56.8246 5.468
    endloop
  endfacet
  facet normal 0 0 1
    outer loop
      vertex 66.7247 54.4588 5.468
      vertex 67.6601 56.8246 5.468
      vertex 67.4078 57.0117 5.468
    endloop
  endfacet
  facet normal 0 0 1
    outer loop
      vertex 66.7247 54.4588 5.468
      vertex 67.4078 57.0117 5.468
      vertex 67.1385 57.1731 5.468
    endloop
  endfacet
  facet normal 0 0 1
    outer loop
      vertex 66.1485 55.3211 5.468
      vertex 67.1385 57.1731 5.468
      vertex 66.8546 57.3074 5.468
    endloop
  endfacet
  facet normal 0 0 1
    outer loop
      vertex 68.6922 53.4221 5.468
      vertex 66.6826 54.0317 5.468
      vertex 68.5864 53.1264 5.468
    endloop
  endfacet
  facet normal -0 0 1
    outer loop
      vertex 66.6463 53.93 5.468
      vertex 68.5864 53.1264 5.468
      vertex 66.6826 54.0317 5.468
    endloop
  endfacet
  facet normal 0 0 1
    outer loop
      vertex 68.5864 53.1264 5.468
      vertex 66.6463 53.93 5.468
      vertex 68.4521 52.8425 5.468
    endloop
  endfacet
  facet normal -0 0 1
    outer loop
      vertex 66.6001 53.8325 5.468
      vertex 68.4521 52.8425 5.468
      vertex 66.6463 53.93 5.468
    endloop
  endfacet
  facet normal 0 0 1
    outer loop
      vertex 68.4521 52.8425 5.468
      vertex 66.6001 53.8325 5.468
      vertex 68.2907 52.5732 5.468
    endloop
  endfacet
  facet normal -0 0 1
    outer loop
      vertex 66.5446 53.7399 5.468
      vertex 68.2907 52.5732 5.468
      vertex 66.6001 53.8325 5.468
    endloop
  endfacet
  facet normal 0 0 1
    outer loop
      vertex 68.2907 52.5732 5.468
      vertex 66.5446 53.7399 5.468
      vertex 68.1259 52.351 5.468
    endloop
  endfacet
  facet normal -0 0 1
    outer loop
      vertex 66.4803 53.6532 5.468
      vertex 68.1259 52.351 5.468
      vertex 66.5446 53.7399 5.468
    endloop
  endfacet
  facet normal -0 0 1
    outer loop
      vertex 66.4078 53.5732 5.468
      vertex 68.1259 52.351 5.468
      vertex 66.4803 53.6532 5.468
    endloop
  endfacet
  facet normal -0 0 1
    outer loop
      vertex 66.3278 53.5007 5.468
      vertex 68.1259 52.351 5.468
      vertex 66.4078 53.5732 5.468
    endloop
  endfacet
  facet normal -0 0 1
    outer loop
      vertex 66.2411 53.4364 5.468
      vertex 68.1259 52.351 5.468
      vertex 66.3278 53.5007 5.468
    endloop
  endfacet
  facet normal -0 0 1
    outer loop
      vertex 66.1485 53.3809 5.468
      vertex 68.1259 52.351 5.468
      vertex 66.2411 53.4364 5.468
    endloop
  endfacet
  facet normal -0 0 1
    outer loop
      vertex 66.0509 53.3347 5.468
      vertex 68.1259 52.351 5.468
      vertex 66.1485 53.3809 5.468
    endloop
  endfacet
  facet normal -0 0 1
    outer loop
      vertex 65.9493 53.2984 5.468
      vertex 68.1259 52.351 5.468
      vertex 66.0509 53.3347 5.468
    endloop
  endfacet
  facet normal -0 0 1
    outer loop
      vertex 65.8446 53.2721 5.468
      vertex 68.1259 52.351 5.468
      vertex 65.9493 53.2984 5.468
    endloop
  endfacet
  facet normal -0 0 1
    outer loop
      vertex 65.7378 53.2563 5.468
      vertex 68.1259 52.351 5.468
      vertex 65.8446 53.2721 5.468
    endloop
  endfacet
  facet normal 0 0 1
    outer loop
      vertex 63.63 52.351 5.468
      vertex 65.7378 53.2563 5.468
      vertex 65.63 53.251 5.468
    endloop
  endfacet
  facet normal 0 0 1
    outer loop
      vertex 63.63 52.351 5.468
      vertex 65.63 53.251 5.468
      vertex 65.5222 53.2563 5.468
    endloop
  endfacet
  facet normal 0 0 1
    outer loop
      vertex 63.63 52.351 5.468
      vertex 65.5222 53.2563 5.468
      vertex 65.4154 53.2721 5.468
    endloop
  endfacet
  facet normal 0 0 1
    outer loop
      vertex 63.63 52.351 5.468
      vertex 65.4154 53.2721 5.468
      vertex 65.3107 53.2984 5.468
    endloop
  endfacet
  facet normal 0 0 1
    outer loop
      vertex 64.5774 54.6703 5.468
      vertex 63.63 56.8469 5.468
      vertex 64.5511 54.5656 5.468
    endloop
  endfacet
  facet normal 0 0 1
    outer loop
      vertex 64.5511 54.5656 5.468
      vertex 63.63 56.8469 5.468
      vertex 64.5353 54.4588 5.468
    endloop
  endfacet
  facet normal 0 0 1
    outer loop
      vertex 63.63 52.351 5.468
      vertex 64.5353 54.4588 5.468
      vertex 63.63 56.8469 5.468
    endloop
  endfacet
  facet normal 0 0 1
    outer loop
      vertex 64.5353 54.4588 5.468
      vertex 63.63 52.351 5.468
      vertex 64.53 54.351 5.468
    endloop
  endfacet
  facet normal 0 0 1
    outer loop
      vertex 64.53 54.351 5.468
      vertex 63.63 52.351 5.468
      vertex 64.5353 54.2432 5.468
    endloop
  endfacet
  facet normal 0 0 1
    outer loop
      vertex 64.5353 54.2432 5.468
      vertex 63.63 52.351 5.468
      vertex 64.5511 54.1364 5.468
    endloop
  endfacet
  facet normal 0 0 1
    outer loop
      vertex 65.7378 53.2563 5.468
      vertex 63.63 52.351 5.468
      vertex 68.1259 52.351 5.468
    endloop
  endfacet
  facet normal 0 0 1
    outer loop
      vertex 65.209 53.3347 5.468
      vertex 63.63 52.351 5.468
      vertex 65.3107 53.2984 5.468
    endloop
  endfacet
  facet normal 0 0 1
    outer loop
      vertex 65.1115 53.3809 5.468
      vertex 63.63 52.351 5.468
      vertex 65.209 53.3347 5.468
    endloop
  endfacet
  facet normal 0 0 1
    outer loop
      vertex 65.0189 53.4364 5.468
      vertex 63.63 52.351 5.468
      vertex 65.1115 53.3809 5.468
    endloop
  endfacet
  facet normal 0 0 1
    outer loop
      vertex 64.9322 53.5007 5.468
      vertex 63.63 52.351 5.468
      vertex 65.0189 53.4364 5.468
    endloop
  endfacet
  facet normal 0 0 1
    outer loop
      vertex 64.8522 53.5732 5.468
      vertex 63.63 52.351 5.468
      vertex 64.9322 53.5007 5.468
    endloop
  endfacet
  facet normal 0 0 1
    outer loop
      vertex 64.7797 53.6532 5.468
      vertex 63.63 52.351 5.468
      vertex 64.8522 53.5732 5.468
    endloop
  endfacet
  facet normal 0 0 1
    outer loop
      vertex 64.7154 53.7399 5.468
      vertex 63.63 52.351 5.468
      vertex 64.7797 53.6532 5.468
    endloop
  endfacet
  facet normal 0 0 1
    outer loop
      vertex 64.6599 53.8325 5.468
      vertex 63.63 52.351 5.468
      vertex 64.7154 53.7399 5.468
    endloop
  endfacet
  facet normal 0 0 1
    outer loop
      vertex 64.6137 53.93 5.468
      vertex 63.63 52.351 5.468
      vertex 64.6599 53.8325 5.468
    endloop
  endfacet
  facet normal 0 0 1
    outer loop
      vertex 64.5774 54.0317 5.468
      vertex 63.63 52.351 5.468
      vertex 64.6137 53.93 5.468
    endloop
  endfacet
  facet normal 0 0 1
    outer loop
      vertex 64.5511 54.1364 5.468
      vertex 63.63 52.351 5.468
      vertex 64.5774 54.0317 5.468
    endloop
  endfacet
  facet normal -1 0 0
    outer loop
      vertex 63.63 52.351 2
      vertex 63.63 56.8469 5.468
      vertex 63.63 56.8469 2
    endloop
  endfacet
  facet normal -1 -0 0
    outer loop
      vertex 63.63 56.8469 5.468
      vertex 63.63 52.351 2
      vertex 63.63 52.351 5.468
    endloop
  endfacet
  facet normal 0 -1 0
    outer loop
      vertex 63.63 52.351 2
      vertex 68.1259 52.351 5.468
      vertex 63.63 52.351 5.468
    endloop
  endfacet
  facet normal 0 -1 -0
    outer loop
      vertex 68.1259 52.351 5.468
      vertex 63.63 52.351 2
      vertex 68.1259 52.351 2
    endloop
  endfacet
  facet normal 0.707107 0.707107 -0
    outer loop
      vertex 87.8503 27.1766 2
      vertex 86.5775 28.4494 5
      vertex 87.8503 27.1766 5
    endloop
  endfacet
  facet normal 0.707107 0.707107 0
    outer loop
      vertex 86.5775 28.4494 5
      vertex 87.8503 27.1766 2
      vertex 86.5775 28.4494 2
    endloop
  endfacet
  facet normal 0 0 1
    outer loop
      vertex 86.5775 28.4494 5
      vertex 82.1934 21.5197 5
      vertex 87.8503 27.1766 5
    endloop
  endfacet
  facet normal 0 -0 1
    outer loop
      vertex 82.1934 21.5197 5
      vertex 86.5775 28.4494 5
      vertex 80.9206 22.7925 5
    endloop
  endfacet
  facet normal -0.707107 -0.707107 0
    outer loop
      vertex 80.9206 22.7925 2
      vertex 82.1934 21.5197 5
      vertex 80.9206 22.7925 5
    endloop
  endfacet
  facet normal -0.707107 -0.707107 -0
    outer loop
      vertex 82.1934 21.5197 5
      vertex 80.9206 22.7925 2
      vertex 82.1934 21.5197 2
    endloop
  endfacet
  facet normal -0.707107 0.707107 0
    outer loop
      vertex 80.9206 22.7925 2
      vertex 86.5775 28.4494 5
      vertex 86.5775 28.4494 2
    endloop
  endfacet
  facet normal -0.707107 0.707107 0
    outer loop
      vertex 86.5775 28.4494 5
      vertex 80.9206 22.7925 2
      vertex 80.9206 22.7925 5
    endloop
  endfacet
  facet normal 0.707107 -0.707107 0
    outer loop
      vertex 82.1934 21.5197 5
      vertex 87.8503 27.1766 2
      vertex 87.8503 27.1766 5
    endloop
  endfacet
  facet normal 0.707107 -0.707107 0
    outer loop
      vertex 87.8503 27.1766 2
      vertex 82.1934 21.5197 5
      vertex 82.1934 21.5197 2
    endloop
  endfacet
  facet normal 0.707107 0.707107 0
    outer loop
      vertex 76.8194 38.2075 5
      vertex 75.5466 39.4803 2
      vertex 75.5466 39.4803 5
    endloop
  endfacet
  facet normal 0.707107 0.707107 0
    outer loop
      vertex 75.5466 39.4803 2
      vertex 76.8194 38.2075 5
      vertex 76.8194 38.2075 2
    endloop
  endfacet
  facet normal 0 0 1
    outer loop
      vertex 75.5466 39.4803 5
      vertex 71.1625 32.5506 5
      vertex 76.8194 38.2075 5
    endloop
  endfacet
  facet normal 0 -0 1
    outer loop
      vertex 71.1625 32.5506 5
      vertex 75.5466 39.4803 5
      vertex 69.8897 33.8234 5
    endloop
  endfacet
  facet normal -0.707107 -0.707107 0
    outer loop
      vertex 71.1625 32.5506 2
      vertex 69.8897 33.8234 5
      vertex 69.8897 33.8234 2
    endloop
  endfacet
  facet normal -0.707107 -0.707107 0
    outer loop
      vertex 69.8897 33.8234 5
      vertex 71.1625 32.5506 2
      vertex 71.1625 32.5506 5
    endloop
  endfacet
  facet normal -0.707107 0.707107 0
    outer loop
      vertex 69.8897 33.8234 2
      vertex 75.5466 39.4803 5
      vertex 75.5466 39.4803 2
    endloop
  endfacet
  facet normal -0.707107 0.707107 0
    outer loop
      vertex 75.5466 39.4803 5
      vertex 69.8897 33.8234 2
      vertex 69.8897 33.8234 5
    endloop
  endfacet
  facet normal 0.707107 -0.707107 0
    outer loop
      vertex 71.1625 32.5506 5
      vertex 76.8194 38.2075 2
      vertex 76.8194 38.2075 5
    endloop
  endfacet
  facet normal 0.707107 -0.707107 0
    outer loop
      vertex 76.8194 38.2075 2
      vertex 71.1625 32.5506 5
      vertex 71.1625 32.5506 2
    endloop
  endfacet
  facet normal -0.989175 -0.146742 0
    outer loop
      vertex 0.0768585 3.21964 0
      vertex 0.0192566 3.60793 2
      vertex 0.0192566 3.60793 0
    endloop
  endfacet
  facet normal -0.989175 -0.146742 0
    outer loop
      vertex 0.0192566 3.60793 2
      vertex 0.0768585 3.21964 0
      vertex 0.0768585 3.21964 2
    endloop
  endfacet
  facet normal -0.336897 -0.941542 0
    outer loop
      vertex 2.46925 0.304474 0
      vertex 2.83885 0.172226 2
      vertex 2.46925 0.304474 2
    endloop
  endfacet
  facet normal -0.336897 -0.941542 -0
    outer loop
      vertex 2.83885 0.172226 2
      vertex 2.46925 0.304474 0
      vertex 2.83885 0.172226 0
    endloop
  endfacet
  facet normal 0.242997 -0.970027 0
    outer loop
      vertex 90.3504 0.0768585 0
      vertex 90.7311 0.172226 2
      vertex 90.3504 0.0768585 2
    endloop
  endfacet
  facet normal 0.242997 -0.970027 0
    outer loop
      vertex 90.7311 0.172226 2
      vertex 90.3504 0.0768585 0
      vertex 90.7311 0.172226 0
    endloop
  endfacet
  facet normal -0.998796 -0.0490561 0
    outer loop
      vertex 0.0192566 3.60793 0
      vertex 0 4 2
      vertex 0 4 0
    endloop
  endfacet
  facet normal -0.998796 -0.0490561 0
    outer loop
      vertex 0 4 2
      vertex 0.0192566 3.60793 0
      vertex 0.0192566 3.60793 2
    endloop
  endfacet
  facet normal 0.42744 0.904044 -0
    outer loop
      vertex 91.4556 60.5277 0
      vertex 91.1007 60.6955 2
      vertex 91.4556 60.5277 2
    endloop
  endfacet
  facet normal 0.42744 0.904044 0
    outer loop
      vertex 91.1007 60.6955 2
      vertex 91.4556 60.5277 0
      vertex 91.1007 60.6955 0
    endloop
  endfacet
  facet normal 0.595672 -0.803228 0
    outer loop
      vertex 91.7923 0.674118 0
      vertex 92.1076 0.907944 2
      vertex 91.7923 0.674118 2
    endloop
  endfacet
  facet normal 0.595672 -0.803228 0
    outer loop
      vertex 92.1076 0.907944 2
      vertex 91.7923 0.674118 0
      vertex 92.1076 0.907944 0
    endloop
  endfacet
  facet normal -0.514108 -0.857725 0
    outer loop
      vertex 1.77771 0.674118 0
      vertex 2.11441 0.472305 2
      vertex 1.77771 0.674118 2
    endloop
  endfacet
  facet normal -0.514108 -0.857725 -0
    outer loop
      vertex 2.11441 0.472305 2
      vertex 1.77771 0.674118 0
      vertex 2.11441 0.472305 0
    endloop
  endfacet
  facet normal 1 -0 0
    outer loop
      vertex 93.57 4 2
      vertex 93.57 57 0
      vertex 93.57 57 2
    endloop
  endfacet
  facet normal 1 0 0
    outer loop
      vertex 93.57 57 0
      vertex 93.57 4 2
      vertex 93.57 4 0
    endloop
  endfacet
  facet normal 0 1 -0
    outer loop
      vertex 89.57 61 0
      vertex 4 61 2
      vertex 89.57 61 2
    endloop
  endfacet
  facet normal 0 1 0
    outer loop
      vertex 4 61 2
      vertex 89.57 61 0
      vertex 4 61 0
    endloop
  endfacet
  facet normal -0.146742 -0.989175 0
    outer loop
      vertex 3.21964 0.0768585 0
      vertex 3.60793 0.0192566 2
      vertex 3.21964 0.0768585 2
    endloop
  endfacet
  facet normal -0.146742 -0.989175 -0
    outer loop
      vertex 3.60793 0.0192566 2
      vertex 3.21964 0.0768585 0
      vertex 3.60793 0.0192566 0
    endloop
  endfacet
  facet normal -0.98917 0.146775 0
    outer loop
      vertex 0.0192566 57.3921 0
      vertex 0.0768585 57.7803 2
      vertex 0.0768585 57.7803 0
    endloop
  endfacet
  facet normal -0.98917 0.146775 0
    outer loop
      vertex 0.0768585 57.7803 2
      vertex 0.0192566 57.3921 0
      vertex 0.0192566 57.3921 2
    endloop
  endfacet
  facet normal 0.85774 0.514084 0
    outer loop
      vertex 93.0977 58.8856 2
      vertex 92.8959 59.2223 0
      vertex 92.8959 59.2223 2
    endloop
  endfacet
  facet normal 0.85774 0.514084 0
    outer loop
      vertex 92.8959 59.2223 0
      vertex 93.0977 58.8856 2
      vertex 93.0977 58.8856 0
    endloop
  endfacet
  facet normal -0.904013 0.427505 0
    outer loop
      vertex 0.304474 58.5307 0
      vertex 0.472305 58.8856 2
      vertex 0.472305 58.8856 0
    endloop
  endfacet
  facet normal -0.904013 0.427505 0
    outer loop
      vertex 0.472305 58.8856 2
      vertex 0.304474 58.5307 0
      vertex 0.304474 58.5307 2
    endloop
  endfacet
  facet normal -1 0 0
    outer loop
      vertex 0 4 0
      vertex 0 57 2
      vertex 0 57 0
    endloop
  endfacet
  facet normal -1 -0 0
    outer loop
      vertex 0 57 2
      vertex 0 4 0
      vertex 0 4 2
    endloop
  endfacet
  facet normal 0 -1 0
    outer loop
      vertex 4 0 0
      vertex 89.57 0 2
      vertex 4 0 2
    endloop
  endfacet
  facet normal 0 -1 -0
    outer loop
      vertex 89.57 0 2
      vertex 4 0 0
      vertex 89.57 0 0
    endloop
  endfacet
  facet normal 0.970083 0.242775 0
    outer loop
      vertex 93.4931 57.7803 2
      vertex 93.3978 58.1611 0
      vertex 93.3978 58.1611 2
    endloop
  endfacet
  facet normal 0.970083 0.242775 0
    outer loop
      vertex 93.3978 58.1611 0
      vertex 93.4931 57.7803 2
      vertex 93.4931 57.7803 0
    endloop
  endfacet
  facet normal -0.803228 0.595672 0
    outer loop
      vertex 0.674118 59.2223 0
      vertex 0.907944 59.5376 2
      vertex 0.907944 59.5376 0
    endloop
  endfacet
  facet normal -0.803228 0.595672 0
    outer loop
      vertex 0.907944 59.5376 2
      vertex 0.674118 59.2223 0
      vertex 0.674118 59.2223 2
    endloop
  endfacet
  facet normal 0.242835 0.970068 -0
    outer loop
      vertex 90.7311 60.8278 0
      vertex 90.3504 60.9231 2
      vertex 90.7311 60.8278 2
    endloop
  endfacet
  facet normal 0.242835 0.970068 0
    outer loop
      vertex 90.3504 60.9231 2
      vertex 90.7311 60.8278 0
      vertex 90.3504 60.9231 0
    endloop
  endfacet
  facet normal 0.595794 0.803137 -0
    outer loop
      vertex 92.1076 60.092 0
      vertex 91.7923 60.3259 2
      vertex 92.1076 60.092 2
    endloop
  endfacet
  facet normal 0.595794 0.803137 0
    outer loop
      vertex 91.7923 60.3259 2
      vertex 92.1076 60.092 0
      vertex 91.7923 60.3259 0
    endloop
  endfacet
  facet normal 0.336897 -0.941542 0
    outer loop
      vertex 90.7311 0.172226 0
      vertex 91.1007 0.304474 2
      vertex 90.7311 0.172226 2
    endloop
  endfacet
  facet normal 0.336897 -0.941542 0
    outer loop
      vertex 91.1007 0.304474 2
      vertex 90.7311 0.172226 0
      vertex 91.1007 0.304474 0
    endloop
  endfacet
  facet normal 0.0490523 -0.998796 0
    outer loop
      vertex 89.57 0 0
      vertex 89.9621 0.0192566 2
      vertex 89.57 0 2
    endloop
  endfacet
  facet normal 0.0490523 -0.998796 0
    outer loop
      vertex 89.9621 0.0192566 2
      vertex 89.57 0 0
      vertex 89.9621 0.0192566 0
    endloop
  endfacet
  facet normal 0.803128 -0.595806 0
    outer loop
      vertex 92.662 1.46242 2
      vertex 92.8959 1.77771 0
      vertex 92.8959 1.77771 2
    endloop
  endfacet
  facet normal 0.803128 -0.595806 0
    outer loop
      vertex 92.8959 1.77771 0
      vertex 92.662 1.46242 2
      vertex 92.662 1.46242 0
    endloop
  endfacet
  facet normal -0.941542 -0.336897 0
    outer loop
      vertex 0.304474 2.46925 0
      vertex 0.172226 2.83885 2
      vertex 0.172226 2.83885 0
    endloop
  endfacet
  facet normal -0.941542 -0.336897 0
    outer loop
      vertex 0.172226 2.83885 2
      vertex 0.304474 2.46925 0
      vertex 0.304474 2.46925 2
    endloop
  endfacet
  facet normal -0.242943 -0.970041 0
    outer loop
      vertex 2.83885 0.172226 0
      vertex 3.21964 0.0768585 2
      vertex 2.83885 0.172226 2
    endloop
  endfacet
  facet normal -0.242943 -0.970041 -0
    outer loop
      vertex 3.21964 0.0768585 2
      vertex 2.83885 0.172226 0
      vertex 3.21964 0.0768585 0
    endloop
  endfacet
  facet normal -0.998796 0.0490523 0
    outer loop
      vertex 0 57 0
      vertex 0.0192566 57.3921 2
      vertex 0.0192566 57.3921 0
    endloop
  endfacet
  facet normal -0.998796 0.0490523 0
    outer loop
      vertex 0.0192566 57.3921 2
      vertex 0 57 0
      vertex 0 57 2
    endloop
  endfacet
  facet normal -0.970042 0.242937 0
    outer loop
      vertex 0.0768585 57.7803 0
      vertex 0.172226 58.1611 2
      vertex 0.172226 58.1611 0
    endloop
  endfacet
  facet normal -0.970042 0.242937 0
    outer loop
      vertex 0.172226 58.1611 2
      vertex 0.0768585 57.7803 0
      vertex 0.0768585 57.7803 2
    endloop
  endfacet
  facet normal -0.903985 -0.427564 0
    outer loop
      vertex 0.472305 2.11441 0
      vertex 0.304474 2.46925 2
      vertex 0.304474 2.46925 0
    endloop
  endfacet
  facet normal -0.903985 -0.427564 0
    outer loop
      vertex 0.304474 2.46925 2
      vertex 0.472305 2.11441 0
      vertex 0.472305 2.11441 2
    endloop
  endfacet
  facet normal 0.998791 0.0491626 0
    outer loop
      vertex 93.57 57 2
      vertex 93.5507 57.3921 0
      vertex 93.5507 57.3921 2
    endloop
  endfacet
  facet normal 0.998791 0.0491626 0
    outer loop
      vertex 93.5507 57.3921 0
      vertex 93.57 57 2
      vertex 93.57 57 0
    endloop
  endfacet
  facet normal 0.970081 -0.242781 0
    outer loop
      vertex 93.3978 2.83885 2
      vertex 93.4931 3.21964 0
      vertex 93.4931 3.21964 2
    endloop
  endfacet
  facet normal 0.970081 -0.242781 0
    outer loop
      vertex 93.4931 3.21964 0
      vertex 93.3978 2.83885 2
      vertex 93.3978 2.83885 0
    endloop
  endfacet
  facet normal -0.671543 0.740965 0
    outer loop
      vertex 1.46242 60.092 0
      vertex 1.17157 59.8284 2
      vertex 1.46242 60.092 2
    endloop
  endfacet
  facet normal -0.671543 0.740965 0
    outer loop
      vertex 1.17157 59.8284 2
      vertex 1.46242 60.092 0
      vertex 1.17157 59.8284 0
    endloop
  endfacet
  facet normal -0.337014 0.9415 0
    outer loop
      vertex 2.83885 60.8278 0
      vertex 2.46925 60.6955 2
      vertex 2.83885 60.8278 2
    endloop
  endfacet
  facet normal -0.337014 0.9415 0
    outer loop
      vertex 2.46925 60.6955 2
      vertex 2.83885 60.8278 0
      vertex 2.46925 60.6955 0
    endloop
  endfacet
  facet normal -0.427499 0.904016 0
    outer loop
      vertex 2.46925 60.6955 0
      vertex 2.11441 60.5277 2
      vertex 2.46925 60.6955 2
    endloop
  endfacet
  facet normal -0.427499 0.904016 0
    outer loop
      vertex 2.11441 60.5277 2
      vertex 2.46925 60.6955 0
      vertex 2.11441 60.5277 0
    endloop
  endfacet
  facet normal 0.0491626 0.998791 -0
    outer loop
      vertex 89.9621 60.9807 0
      vertex 89.57 61 2
      vertex 89.9621 60.9807 2
    endloop
  endfacet
  facet normal 0.0491626 0.998791 0
    outer loop
      vertex 89.57 61 2
      vertex 89.9621 60.9807 0
      vertex 89.57 61 0
    endloop
  endfacet
  facet normal 0.803137 0.595794 0
    outer loop
      vertex 92.8959 59.2223 2
      vertex 92.662 59.5376 0
      vertex 92.662 59.5376 2
    endloop
  endfacet
  facet normal 0.803137 0.595794 0
    outer loop
      vertex 92.662 59.5376 0
      vertex 92.8959 59.2223 2
      vertex 92.8959 59.2223 0
    endloop
  endfacet
  facet normal -0.0491664 0.998791 0
    outer loop
      vertex 4 61 0
      vertex 3.60793 60.9807 2
      vertex 4 61 2
    endloop
  endfacet
  facet normal -0.0491664 0.998791 0
    outer loop
      vertex 3.60793 60.9807 2
      vertex 4 61 0
      vertex 3.60793 60.9807 0
    endloop
  endfacet
  facet normal 0.514108 -0.857725 0
    outer loop
      vertex 91.4556 0.472305 0
      vertex 91.7923 0.674118 2
      vertex 91.4556 0.472305 2
    endloop
  endfacet
  facet normal 0.514108 -0.857725 0
    outer loop
      vertex 91.7923 0.674118 2
      vertex 91.4556 0.472305 0
      vertex 91.7923 0.674118 0
    endloop
  endfacet
  facet normal 0.904044 0.42744 0
    outer loop
      vertex 93.2655 58.5307 2
      vertex 93.0977 58.8856 0
      vertex 93.0977 58.8856 2
    endloop
  endfacet
  facet normal 0.904044 0.42744 0
    outer loop
      vertex 93.0977 58.8856 0
      vertex 93.2655 58.5307 2
      vertex 93.2655 58.5307 0
    endloop
  endfacet
  facet normal -0.803219 -0.595685 0
    outer loop
      vertex 0.907944 1.46242 0
      vertex 0.674118 1.77771 2
      vertex 0.674118 1.77771 0
    endloop
  endfacet
  facet normal -0.803219 -0.595685 0
    outer loop
      vertex 0.674118 1.77771 2
      vertex 0.907944 1.46242 0
      vertex 0.907944 1.46242 2
    endloop
  endfacet
  facet normal -0.740932 -0.67158 0
    outer loop
      vertex 1.17157 1.17157 0
      vertex 0.907944 1.46242 2
      vertex 0.907944 1.46242 0
    endloop
  endfacet
  facet normal -0.740932 -0.67158 0
    outer loop
      vertex 0.907944 1.46242 2
      vertex 1.17157 1.17157 0
      vertex 1.17157 1.17157 2
    endloop
  endfacet
  facet normal 0.989171 0.14677 0
    outer loop
      vertex 93.5507 57.3921 2
      vertex 93.4931 57.7803 0
      vertex 93.4931 57.7803 2
    endloop
  endfacet
  facet normal 0.989171 0.14677 0
    outer loop
      vertex 93.4931 57.7803 0
      vertex 93.5507 57.3921 2
      vertex 93.5507 57.3921 0
    endloop
  endfacet
  facet normal 0.85774 -0.514084 0
    outer loop
      vertex 92.8959 1.77771 2
      vertex 93.0977 2.11441 0
      vertex 93.0977 2.11441 2
    endloop
  endfacet
  facet normal 0.85774 -0.514084 0
    outer loop
      vertex 93.0977 2.11441 0
      vertex 92.8959 1.77771 2
      vertex 92.8959 1.77771 0
    endloop
  endfacet
  facet normal 0.9415 0.337014 0
    outer loop
      vertex 93.3978 58.1611 2
      vertex 93.2655 58.5307 0
      vertex 93.2655 58.5307 2
    endloop
  endfacet
  facet normal 0.9415 0.337014 0
    outer loop
      vertex 93.2655 58.5307 0
      vertex 93.3978 58.1611 2
      vertex 93.3978 58.1611 0
    endloop
  endfacet
  facet normal -0.857725 -0.514108 0
    outer loop
      vertex 0.674118 1.77771 0
      vertex 0.472305 2.11441 2
      vertex 0.472305 2.11441 0
    endloop
  endfacet
  facet normal -0.857725 -0.514108 0
    outer loop
      vertex 0.472305 2.11441 2
      vertex 0.674118 1.77771 0
      vertex 0.674118 1.77771 2
    endloop
  endfacet
  facet normal -0.740875 0.671643 0
    outer loop
      vertex 0.907944 59.5376 0
      vertex 1.17157 59.8284 2
      vertex 1.17157 59.8284 0
    endloop
  endfacet
  facet normal -0.740875 0.671643 0
    outer loop
      vertex 1.17157 59.8284 2
      vertex 0.907944 59.5376 0
      vertex 0.907944 59.5376 2
    endloop
  endfacet
  facet normal -0.514084 0.85774 0
    outer loop
      vertex 2.11441 60.5277 0
      vertex 1.77771 60.3259 2
      vertex 2.11441 60.5277 2
    endloop
  endfacet
  facet normal -0.514084 0.85774 0
    outer loop
      vertex 1.77771 60.3259 2
      vertex 2.11441 60.5277 0
      vertex 1.77771 60.3259 0
    endloop
  endfacet
  facet normal -0.146737 0.989176 0
    outer loop
      vertex 3.60793 60.9807 0
      vertex 3.21964 60.9231 2
      vertex 3.60793 60.9807 2
    endloop
  endfacet
  facet normal -0.146737 0.989176 0
    outer loop
      vertex 3.21964 60.9231 2
      vertex 3.60793 60.9807 0
      vertex 3.21964 60.9231 0
    endloop
  endfacet
  facet normal 0.671607 0.740908 -0
    outer loop
      vertex 92.3984 59.8284 0
      vertex 92.1076 60.092 2
      vertex 92.3984 59.8284 2
    endloop
  endfacet
  facet normal 0.671607 0.740908 0
    outer loop
      vertex 92.1076 60.092 2
      vertex 92.3984 59.8284 0
      vertex 92.1076 60.092 0
    endloop
  endfacet
  facet normal -0.595806 0.803128 0
    outer loop
      vertex 1.77771 60.3259 0
      vertex 1.46242 60.092 2
      vertex 1.77771 60.3259 2
    endloop
  endfacet
  facet normal -0.595806 0.803128 0
    outer loop
      vertex 1.46242 60.092 2
      vertex 1.77771 60.3259 0
      vertex 1.46242 60.092 0
    endloop
  endfacet
  facet normal 0.989176 -0.146737 0
    outer loop
      vertex 93.4931 3.21964 2
      vertex 93.5507 3.60793 0
      vertex 93.5507 3.60793 2
    endloop
  endfacet
  facet normal 0.989176 -0.146737 0
    outer loop
      vertex 93.5507 3.60793 0
      vertex 93.4931 3.21964 2
      vertex 93.4931 3.21964 0
    endloop
  endfacet
  facet normal 0.514084 0.85774 -0
    outer loop
      vertex 91.7923 60.3259 0
      vertex 91.4556 60.5277 2
      vertex 91.7923 60.3259 2
    endloop
  endfacet
  facet normal 0.514084 0.85774 0
    outer loop
      vertex 91.4556 60.5277 2
      vertex 91.7923 60.3259 0
      vertex 91.4556 60.5277 0
    endloop
  endfacet
  facet normal -0.941542 0.336897 0
    outer loop
      vertex 0.172226 58.1611 0
      vertex 0.304474 58.5307 2
      vertex 0.304474 58.5307 0
    endloop
  endfacet
  facet normal -0.941542 0.336897 0
    outer loop
      vertex 0.304474 58.5307 2
      vertex 0.172226 58.1611 0
      vertex 0.172226 58.1611 2
    endloop
  endfacet
  facet normal 0.427505 -0.904013 0
    outer loop
      vertex 91.1007 0.304474 0
      vertex 91.4556 0.472305 2
      vertex 91.1007 0.304474 2
    endloop
  endfacet
  facet normal 0.427505 -0.904013 0
    outer loop
      vertex 91.4556 0.472305 2
      vertex 91.1007 0.304474 0
      vertex 91.4556 0.472305 0
    endloop
  endfacet
  facet normal 0.337014 0.9415 -0
    outer loop
      vertex 91.1007 60.6955 0
      vertex 90.7311 60.8278 2
      vertex 91.1007 60.6955 2
    endloop
  endfacet
  facet normal 0.337014 0.9415 0
    outer loop
      vertex 90.7311 60.8278 2
      vertex 91.1007 60.6955 0
      vertex 90.7311 60.8278 0
    endloop
  endfacet
  facet normal 0.740908 0.671607 0
    outer loop
      vertex 92.662 59.5376 2
      vertex 92.3984 59.8284 0
      vertex 92.3984 59.8284 2
    endloop
  endfacet
  facet normal 0.740908 0.671607 0
    outer loop
      vertex 92.3984 59.8284 0
      vertex 92.662 59.5376 2
      vertex 92.662 59.5376 0
    endloop
  endfacet
  facet normal 0.9415 -0.337014 0
    outer loop
      vertex 93.2655 2.46925 2
      vertex 93.3978 2.83885 0
      vertex 93.3978 2.83885 2
    endloop
  endfacet
  facet normal 0.9415 -0.337014 0
    outer loop
      vertex 93.3978 2.83885 0
      vertex 93.2655 2.46925 2
      vertex 93.2655 2.46925 0
    endloop
  endfacet
  facet normal 0.146733 0.989176 -0
    outer loop
      vertex 90.3504 60.9231 0
      vertex 89.9621 60.9807 2
      vertex 90.3504 60.9231 2
    endloop
  endfacet
  facet normal 0.146733 0.989176 0
    outer loop
      vertex 89.9621 60.9807 2
      vertex 90.3504 60.9231 0
      vertex 89.9621 60.9807 0
    endloop
  endfacet
  facet normal 0.740965 -0.671543 0
    outer loop
      vertex 92.3984 1.17157 2
      vertex 92.662 1.46242 0
      vertex 92.662 1.46242 2
    endloop
  endfacet
  facet normal 0.740965 -0.671543 0
    outer loop
      vertex 92.662 1.46242 0
      vertex 92.3984 1.17157 2
      vertex 92.3984 1.17157 0
    endloop
  endfacet
  facet normal -0.857725 0.514108 0
    outer loop
      vertex 0.472305 58.8856 0
      vertex 0.674118 59.2223 2
      vertex 0.674118 59.2223 0
    endloop
  endfacet
  facet normal -0.857725 0.514108 0
    outer loop
      vertex 0.674118 59.2223 2
      vertex 0.472305 58.8856 0
      vertex 0.472305 58.8856 2
    endloop
  endfacet
  facet normal -0.242781 0.970081 0
    outer loop
      vertex 3.21964 60.9231 0
      vertex 2.83885 60.8278 2
      vertex 3.21964 60.9231 2
    endloop
  endfacet
  facet normal -0.242781 0.970081 0
    outer loop
      vertex 2.83885 60.8278 2
      vertex 3.21964 60.9231 0
      vertex 2.83885 60.8278 0
    endloop
  endfacet
  facet normal 0.998791 -0.0491664 0
    outer loop
      vertex 93.5507 3.60793 2
      vertex 93.57 4 0
      vertex 93.57 4 2
    endloop
  endfacet
  facet normal 0.998791 -0.0491664 0
    outer loop
      vertex 93.57 4 0
      vertex 93.5507 3.60793 2
      vertex 93.5507 3.60793 0
    endloop
  endfacet
  facet normal 0.671643 -0.740875 0
    outer loop
      vertex 92.1076 0.907944 0
      vertex 92.3984 1.17157 2
      vertex 92.1076 0.907944 2
    endloop
  endfacet
  facet normal 0.671643 -0.740875 0
    outer loop
      vertex 92.3984 1.17157 2
      vertex 92.1076 0.907944 0
      vertex 92.3984 1.17157 0
    endloop
  endfacet
  facet normal -0.427564 -0.903985 0
    outer loop
      vertex 2.11441 0.472305 0
      vertex 2.46925 0.304474 2
      vertex 2.11441 0.472305 2
    endloop
  endfacet
  facet normal -0.427564 -0.903985 -0
    outer loop
      vertex 2.46925 0.304474 2
      vertex 2.11441 0.472305 0
      vertex 2.46925 0.304474 0
    endloop
  endfacet
  facet normal -0.0490561 -0.998796 0
    outer loop
      vertex 3.60793 0.0192566 0
      vertex 4 0 2
      vertex 3.60793 0.0192566 2
    endloop
  endfacet
  facet normal -0.0490561 -0.998796 -0
    outer loop
      vertex 4 0 2
      vertex 3.60793 0.0192566 0
      vertex 4 0 0
    endloop
  endfacet
  facet normal -0.595685 -0.803219 0
    outer loop
      vertex 1.46242 0.907944 0
      vertex 1.77771 0.674118 2
      vertex 1.46242 0.907944 2
    endloop
  endfacet
  facet normal -0.595685 -0.803219 -0
    outer loop
      vertex 1.77771 0.674118 2
      vertex 1.46242 0.907944 0
      vertex 1.77771 0.674118 0
    endloop
  endfacet
  facet normal 0.146738 -0.989175 0
    outer loop
      vertex 89.9621 0.0192566 0
      vertex 90.3504 0.0768585 2
      vertex 89.9621 0.0192566 2
    endloop
  endfacet
  facet normal 0.146738 -0.989175 0
    outer loop
      vertex 90.3504 0.0768585 2
      vertex 89.9621 0.0192566 0
      vertex 90.3504 0.0768585 0
    endloop
  endfacet
  facet normal 0 0 1
    outer loop
      vertex 12.35 50.001 2
      vertex 3.44407 8.853 2
      vertex 12.35 11.101 2
    endloop
  endfacet
  facet normal 0 0 1
    outer loop
      vertex 12.35 11.101 2
      vertex 3.44407 8.853 2
      vertex 7.94 8.853 2
    endloop
  endfacet
  facet normal 0 0 1
    outer loop
      vertex 3.2793 52.5732 2
      vertex 3.44407 8.853 2
      vertex 3.44407 52.351 2
    endloop
  endfacet
  facet normal 0 0 1
    outer loop
      vertex 3.2793 52.5732 2
      vertex 3.2793 8.63082 2
      vertex 3.44407 8.853 2
    endloop
  endfacet
  facet normal 0 0 1
    outer loop
      vertex 0 57 2
      vertex 3.2793 52.5732 2
      vertex 3.11785 52.8425 2
    endloop
  endfacet
  facet normal 0 0 1
    outer loop
      vertex 3.2793 52.5732 2
      vertex 0 57 2
      vertex 3.2793 8.63082 2
    endloop
  endfacet
  facet normal 0 0 1
    outer loop
      vertex 0 57 2
      vertex 3.11785 52.8425 2
      vertex 2.98359 53.1264 2
    endloop
  endfacet
  facet normal 0 0 1
    outer loop
      vertex 0 4 2
      vertex 3.2793 8.63082 2
      vertex 0 57 2
    endloop
  endfacet
  facet normal 0 0 1
    outer loop
      vertex 0 57 2
      vertex 2.98359 53.1264 2
      vertex 2.87779 53.4221 2
    endloop
  endfacet
  facet normal 0 0 1
    outer loop
      vertex 3.2793 8.63082 2
      vertex 0 4 2
      vertex 3.11785 8.36147 2
    endloop
  endfacet
  facet normal 0 0 1
    outer loop
      vertex 0 57 2
      vertex 2.87779 53.4221 2
      vertex 2.80149 53.7267 2
    endloop
  endfacet
  facet normal 0 0 1
    outer loop
      vertex 3.11785 8.36147 2
      vertex 0 4 2
      vertex 2.98359 8.07759 2
    endloop
  endfacet
  facet normal 0 0 1
    outer loop
      vertex 0 57 2
      vertex 2.80149 53.7267 2
      vertex 2.75541 54.0373 2
    endloop
  endfacet
  facet normal 0 0 1
    outer loop
      vertex 2.98359 8.07759 2
      vertex 0 4 2
      vertex 2.87779 7.78191 2
    endloop
  endfacet
  facet normal 0 0 1
    outer loop
      vertex 0 57 2
      vertex 2.75541 54.0373 2
      vertex 2.74 54.351 2
    endloop
  endfacet
  facet normal 0 0 1
    outer loop
      vertex 2.87779 7.78191 2
      vertex 0 4 2
      vertex 2.80149 7.47729 2
    endloop
  endfacet
  facet normal -0 0 1
    outer loop
      vertex 68.6922 53.4221 2
      vertex 75.5466 39.4803 2
      vertex 68.7685 53.7267 2
    endloop
  endfacet
  facet normal 0 0 1
    outer loop
      vertex 69.8897 33.8234 2
      vertex 68.8146 7.16665 2
      vertex 68.83 6.853 2
    endloop
  endfacet
  facet normal -0 0 1
    outer loop
      vertex 68.5864 53.1264 2
      vertex 75.5466 39.4803 2
      vertex 68.6922 53.4221 2
    endloop
  endfacet
  facet normal 0 0 1
    outer loop
      vertex 69.8897 33.8234 2
      vertex 68.7685 7.47729 2
      vertex 68.8146 7.16665 2
    endloop
  endfacet
  facet normal -0 0 1
    outer loop
      vertex 68.4521 52.8425 2
      vertex 75.5466 39.4803 2
      vertex 68.5864 53.1264 2
    endloop
  endfacet
  facet normal 0 0 1
    outer loop
      vertex 69.8897 33.8234 2
      vertex 68.6922 7.78191 2
      vertex 68.7685 7.47729 2
    endloop
  endfacet
  facet normal -0 0 1
    outer loop
      vertex 68.2907 52.5732 2
      vertex 75.5466 39.4803 2
      vertex 68.4521 52.8425 2
    endloop
  endfacet
  facet normal 0 0 1
    outer loop
      vertex 69.8897 33.8234 2
      vertex 68.5864 8.07759 2
      vertex 68.6922 7.78191 2
    endloop
  endfacet
  facet normal -0 0 1
    outer loop
      vertex 68.1259 52.351 2
      vertex 75.5466 39.4803 2
      vertex 68.2907 52.5732 2
    endloop
  endfacet
  facet normal 0 0 1
    outer loop
      vertex 69.8897 33.8234 2
      vertex 68.4521 8.36147 2
      vertex 68.5864 8.07759 2
    endloop
  endfacet
  facet normal -0 0 1
    outer loop
      vertex 62.85 50.001 2
      vertex 75.5466 39.4803 2
      vertex 68.1259 52.351 2
    endloop
  endfacet
  facet normal 0 0 1
    outer loop
      vertex 69.8897 33.8234 2
      vertex 68.2907 8.63082 2
      vertex 68.4521 8.36147 2
    endloop
  endfacet
  facet normal 0 0 1
    outer loop
      vertex 75.5466 39.4803 2
      vertex 62.85 50.001 2
      vertex 69.8897 33.8234 2
    endloop
  endfacet
  facet normal 0 0 1
    outer loop
      vertex 69.8897 33.8234 2
      vertex 68.1259 8.853 2
      vertex 68.2907 8.63082 2
    endloop
  endfacet
  facet normal 0 0 1
    outer loop
      vertex 62.85 50.001 2
      vertex 68.1259 52.351 2
      vertex 63.63 52.351 2
    endloop
  endfacet
  facet normal 0 0 1
    outer loop
      vertex 62.85 11.101 2
      vertex 69.8897 33.8234 2
      vertex 62.85 50.001 2
    endloop
  endfacet
  facet normal 0 0 1
    outer loop
      vertex 76.8194 38.2075 2
      vertex 76.8144 33.5764 2
      vertex 77.1258 33.7631 2
    endloop
  endfacet
  facet normal 0 0 1
    outer loop
      vertex 76.8194 38.2075 2
      vertex 76.5227 33.3601 2
      vertex 76.8144 33.5764 2
    endloop
  endfacet
  facet normal 0 0 1
    outer loop
      vertex 76.8194 38.2075 2
      vertex 76.2537 33.1163 2
      vertex 76.5227 33.3601 2
    endloop
  endfacet
  facet normal 0 0 1
    outer loop
      vertex 71.1625 32.5506 2
      vertex 76.2537 33.1163 2
      vertex 76.8194 38.2075 2
    endloop
  endfacet
  facet normal 0 0 1
    outer loop
      vertex 76.2537 33.1163 2
      vertex 71.1625 32.5506 2
      vertex 76.0099 32.8473 2
    endloop
  endfacet
  facet normal 0 0 1
    outer loop
      vertex 76.0099 32.8473 2
      vertex 71.1625 32.5506 2
      vertex 75.7936 32.5556 2
    endloop
  endfacet
  facet normal 0 0 1
    outer loop
      vertex 75.7936 32.5556 2
      vertex 71.1625 32.5506 2
      vertex 75.6069 32.2442 2
    endloop
  endfacet
  facet normal 0 0 1
    outer loop
      vertex 75.6069 32.2442 2
      vertex 71.1625 32.5506 2
      vertex 75.4516 31.9159 2
    endloop
  endfacet
  facet normal 0 0 1
    outer loop
      vertex 75.4516 31.9159 2
      vertex 71.1625 32.5506 2
      vertex 75.3293 31.5741 2
    endloop
  endfacet
  facet normal 0 0 1
    outer loop
      vertex 75.1878 30.8627 2
      vertex 71.1625 32.5506 2
      vertex 75.17 30.5 2
    endloop
  endfacet
  facet normal 0 0 1
    outer loop
      vertex 75.2411 31.2218 2
      vertex 71.1625 32.5506 2
      vertex 75.1878 30.8627 2
    endloop
  endfacet
  facet normal 0 0 1
    outer loop
      vertex 75.3293 31.5741 2
      vertex 71.1625 32.5506 2
      vertex 75.2411 31.2218 2
    endloop
  endfacet
  facet normal 0 0 1
    outer loop
      vertex 89.57 61 2
      vertex 93.57 57 2
      vertex 93.5507 57.3921 2
    endloop
  endfacet
  facet normal 0 0 1
    outer loop
      vertex 93.57 57 2
      vertex 87.8503 27.1766 2
      vertex 93.57 4 2
    endloop
  endfacet
  facet normal 0 0 1
    outer loop
      vertex 89.57 61 2
      vertex 93.5507 57.3921 2
      vertex 93.4931 57.7803 2
    endloop
  endfacet
  facet normal -0 0 1
    outer loop
      vertex 82.1934 21.5197 2
      vertex 93.57 4 2
      vertex 87.8503 27.1766 2
    endloop
  endfacet
  facet normal 0 0 1
    outer loop
      vertex 89.57 61 2
      vertex 93.4931 57.7803 2
      vertex 93.3978 58.1611 2
    endloop
  endfacet
  facet normal 0 -0 1
    outer loop
      vertex 89.57 0 2
      vertex 93.57 4 2
      vertex 82.1934 21.5197 2
    endloop
  endfacet
  facet normal 0 0 1
    outer loop
      vertex 89.57 61 2
      vertex 93.3978 58.1611 2
      vertex 93.2655 58.5307 2
    endloop
  endfacet
  facet normal 0 0 1
    outer loop
      vertex 93.57 4 2
      vertex 89.57 0 2
      vertex 93.5507 3.60793 2
    endloop
  endfacet
  facet normal 0 0 1
    outer loop
      vertex 89.57 61 2
      vertex 93.2655 58.5307 2
      vertex 93.0977 58.8856 2
    endloop
  endfacet
  facet normal 0 0 1
    outer loop
      vertex 93.5507 3.60793 2
      vertex 89.57 0 2
      vertex 93.4931 3.21964 2
    endloop
  endfacet
  facet normal 0 0 1
    outer loop
      vertex 89.57 61 2
      vertex 93.0977 58.8856 2
      vertex 92.8959 59.2223 2
    endloop
  endfacet
  facet normal 0 0 1
    outer loop
      vertex 93.4931 3.21964 2
      vertex 89.57 0 2
      vertex 93.3978 2.83885 2
    endloop
  endfacet
  facet normal 0 0 1
    outer loop
      vertex 89.57 61 2
      vertex 92.8959 59.2223 2
      vertex 92.662 59.5376 2
    endloop
  endfacet
  facet normal 0 0 1
    outer loop
      vertex 93.3978 2.83885 2
      vertex 89.57 0 2
      vertex 93.2655 2.46925 2
    endloop
  endfacet
  facet normal 0 0 1
    outer loop
      vertex 89.57 61 2
      vertex 92.662 59.5376 2
      vertex 92.3984 59.8284 2
    endloop
  endfacet
  facet normal 0 0 1
    outer loop
      vertex 93.2655 2.46925 2
      vertex 89.57 0 2
      vertex 93.0977 2.11441 2
    endloop
  endfacet
  facet normal 0 0 1
    outer loop
      vertex 89.57 61 2
      vertex 92.3984 59.8284 2
      vertex 92.1076 60.092 2
    endloop
  endfacet
  facet normal 0 0 1
    outer loop
      vertex 93.0977 2.11441 2
      vertex 89.57 0 2
      vertex 92.8959 1.77771 2
    endloop
  endfacet
  facet normal 0 0 1
    outer loop
      vertex 89.57 61 2
      vertex 92.1076 60.092 2
      vertex 91.7923 60.3259 2
    endloop
  endfacet
  facet normal 0 0 1
    outer loop
      vertex 92.8959 1.77771 2
      vertex 89.57 0 2
      vertex 92.662 1.46242 2
    endloop
  endfacet
  facet normal 0 0 1
    outer loop
      vertex 89.57 61 2
      vertex 91.7923 60.3259 2
      vertex 91.4556 60.5277 2
    endloop
  endfacet
  facet normal 0 0 1
    outer loop
      vertex 92.662 1.46242 2
      vertex 89.57 0 2
      vertex 92.3984 1.17157 2
    endloop
  endfacet
  facet normal 0 0 1
    outer loop
      vertex 89.57 61 2
      vertex 91.4556 60.5277 2
      vertex 91.1007 60.6955 2
    endloop
  endfacet
  facet normal 0 0 1
    outer loop
      vertex 92.3984 1.17157 2
      vertex 89.57 0 2
      vertex 92.1076 0.907944 2
    endloop
  endfacet
  facet normal 0 0 1
    outer loop
      vertex 89.57 61 2
      vertex 91.1007 60.6955 2
      vertex 90.7311 60.8278 2
    endloop
  endfacet
  facet normal 0 0 1
    outer loop
      vertex 92.1076 0.907944 2
      vertex 89.57 0 2
      vertex 91.7923 0.674118 2
    endloop
  endfacet
  facet normal 0 0 1
    outer loop
      vertex 89.57 61 2
      vertex 90.7311 60.8278 2
      vertex 90.3504 60.9231 2
    endloop
  endfacet
  facet normal 0 0 1
    outer loop
      vertex 91.7923 0.674118 2
      vertex 89.57 0 2
      vertex 91.4556 0.472305 2
    endloop
  endfacet
  facet normal 0 0 1
    outer loop
      vertex 89.57 61 2
      vertex 90.3504 60.9231 2
      vertex 89.9621 60.9807 2
    endloop
  endfacet
  facet normal 0 0 1
    outer loop
      vertex 91.4556 0.472305 2
      vertex 89.57 0 2
      vertex 91.1007 0.304474 2
    endloop
  endfacet
  facet normal 0 0 1
    outer loop
      vertex 93.57 57 2
      vertex 89.57 61 2
      vertex 75.5466 39.4803 2
    endloop
  endfacet
  facet normal 0 0 1
    outer loop
      vertex 91.1007 0.304474 2
      vertex 89.57 0 2
      vertex 90.7311 0.172226 2
    endloop
  endfacet
  facet normal 0 0 1
    outer loop
      vertex 90.7311 0.172226 2
      vertex 89.57 0 2
      vertex 90.3504 0.0768585 2
    endloop
  endfacet
  facet normal 0 0 1
    outer loop
      vertex 93.57 57 2
      vertex 86.5775 28.4494 2
      vertex 87.8503 27.1766 2
    endloop
  endfacet
  facet normal 0 0 1
    outer loop
      vertex 93.57 57 2
      vertex 81.7301 32.8473 2
      vertex 86.5775 28.4494 2
    endloop
  endfacet
  facet normal 0 0 1
    outer loop
      vertex 86.5775 28.4494 2
      vertex 82.5522 30.8627 2
      vertex 82.57 30.5 2
    endloop
  endfacet
  facet normal 0 0 1
    outer loop
      vertex 86.5775 28.4494 2
      vertex 82.4989 31.2218 2
      vertex 82.5522 30.8627 2
    endloop
  endfacet
  facet normal 0 0 1
    outer loop
      vertex 86.5775 28.4494 2
      vertex 82.4107 31.5741 2
      vertex 82.4989 31.2218 2
    endloop
  endfacet
  facet normal 0 0 1
    outer loop
      vertex 86.5775 28.4494 2
      vertex 82.2884 31.9159 2
      vertex 82.4107 31.5741 2
    endloop
  endfacet
  facet normal 0 0 1
    outer loop
      vertex 86.5775 28.4494 2
      vertex 82.1331 32.2442 2
      vertex 82.2884 31.9159 2
    endloop
  endfacet
  facet normal 0 0 1
    outer loop
      vertex 86.5775 28.4494 2
      vertex 81.9464 32.5556 2
      vertex 82.1331 32.2442 2
    endloop
  endfacet
  facet normal 0 0 1
    outer loop
      vertex 86.5775 28.4494 2
      vertex 81.7301 32.8473 2
      vertex 81.9464 32.5556 2
    endloop
  endfacet
  facet normal 0 0 1
    outer loop
      vertex 93.57 57 2
      vertex 81.4863 33.1163 2
      vertex 81.7301 32.8473 2
    endloop
  endfacet
  facet normal 0 0 1
    outer loop
      vertex 93.57 57 2
      vertex 81.2173 33.3601 2
      vertex 81.4863 33.1163 2
    endloop
  endfacet
  facet normal 0 0 1
    outer loop
      vertex 93.57 57 2
      vertex 80.9256 33.5764 2
      vertex 81.2173 33.3601 2
    endloop
  endfacet
  facet normal 0 0 1
    outer loop
      vertex 93.57 57 2
      vertex 76.8194 38.2075 2
      vertex 80.9256 33.5764 2
    endloop
  endfacet
  facet normal 0 0 1
    outer loop
      vertex 80.9256 33.5764 2
      vertex 76.8194 38.2075 2
      vertex 80.6142 33.7631 2
    endloop
  endfacet
  facet normal 0 0 1
    outer loop
      vertex 80.6142 33.7631 2
      vertex 76.8194 38.2075 2
      vertex 80.2859 33.9184 2
    endloop
  endfacet
  facet normal 0 0 1
    outer loop
      vertex 80.2859 33.9184 2
      vertex 76.8194 38.2075 2
      vertex 79.9441 34.0407 2
    endloop
  endfacet
  facet normal 0 0 1
    outer loop
      vertex 79.9441 34.0407 2
      vertex 76.8194 38.2075 2
      vertex 79.5918 34.1289 2
    endloop
  endfacet
  facet normal 0 0 1
    outer loop
      vertex 79.5918 34.1289 2
      vertex 76.8194 38.2075 2
      vertex 79.2327 34.1822 2
    endloop
  endfacet
  facet normal 0 0 1
    outer loop
      vertex 79.2327 34.1822 2
      vertex 76.8194 38.2075 2
      vertex 78.87 34.2 2
    endloop
  endfacet
  facet normal 0 0 1
    outer loop
      vertex 78.87 34.2 2
      vertex 76.8194 38.2075 2
      vertex 78.5073 34.1822 2
    endloop
  endfacet
  facet normal 0 0 1
    outer loop
      vertex 78.5073 34.1822 2
      vertex 76.8194 38.2075 2
      vertex 78.1482 34.1289 2
    endloop
  endfacet
  facet normal 0 0 1
    outer loop
      vertex 78.1482 34.1289 2
      vertex 76.8194 38.2075 2
      vertex 77.7959 34.0407 2
    endloop
  endfacet
  facet normal 0 0 1
    outer loop
      vertex 77.7959 34.0407 2
      vertex 76.8194 38.2075 2
      vertex 77.4541 33.9184 2
    endloop
  endfacet
  facet normal 0 0 1
    outer loop
      vertex 77.4541 33.9184 2
      vertex 76.8194 38.2075 2
      vertex 77.1258 33.7631 2
    endloop
  endfacet
  facet normal 0 0 1
    outer loop
      vertex 93.57 57 2
      vertex 75.5466 39.4803 2
      vertex 76.8194 38.2075 2
    endloop
  endfacet
  facet normal 0 0 1
    outer loop
      vertex 68.8146 54.0373 2
      vertex 89.57 61 2
      vertex 68.83 54.351 2
    endloop
  endfacet
  facet normal 0 0 1
    outer loop
      vertex 68.7685 53.7267 2
      vertex 89.57 61 2
      vertex 68.8146 54.0373 2
    endloop
  endfacet
  facet normal 0 0 1
    outer loop
      vertex 89.57 61 2
      vertex 68.8146 54.6647 2
      vertex 68.83 54.351 2
    endloop
  endfacet
  facet normal 0 0 1
    outer loop
      vertex 89.57 61 2
      vertex 68.7685 54.9753 2
      vertex 68.8146 54.6647 2
    endloop
  endfacet
  facet normal 0 0 1
    outer loop
      vertex 89.57 61 2
      vertex 68.6922 55.2799 2
      vertex 68.7685 54.9753 2
    endloop
  endfacet
  facet normal 0 0 1
    outer loop
      vertex 89.57 61 2
      vertex 68.5864 55.5756 2
      vertex 68.6922 55.2799 2
    endloop
  endfacet
  facet normal 0 0 1
    outer loop
      vertex 89.57 61 2
      vertex 68.4521 55.8595 2
      vertex 68.5864 55.5756 2
    endloop
  endfacet
  facet normal 0 0 1
    outer loop
      vertex 89.57 61 2
      vertex 68.2907 56.1288 2
      vertex 68.4521 55.8595 2
    endloop
  endfacet
  facet normal 0 0 1
    outer loop
      vertex 89.57 61 2
      vertex 68.1036 56.3811 2
      vertex 68.2907 56.1288 2
    endloop
  endfacet
  facet normal 0 0 1
    outer loop
      vertex 89.57 61 2
      vertex 67.8927 56.6137 2
      vertex 68.1036 56.3811 2
    endloop
  endfacet
  facet normal 0 0 1
    outer loop
      vertex 89.57 61 2
      vertex 67.6601 56.8246 2
      vertex 67.8927 56.6137 2
    endloop
  endfacet
  facet normal 0 0 1
    outer loop
      vertex 89.57 61 2
      vertex 67.4078 57.0117 2
      vertex 67.6601 56.8246 2
    endloop
  endfacet
  facet normal 0 0 1
    outer loop
      vertex 89.57 61 2
      vertex 67.1385 57.1731 2
      vertex 67.4078 57.0117 2
    endloop
  endfacet
  facet normal 0 0 1
    outer loop
      vertex 89.57 61 2
      vertex 66.8546 57.3074 2
      vertex 67.1385 57.1731 2
    endloop
  endfacet
  facet normal 0 0 1
    outer loop
      vertex 89.57 61 2
      vertex 66.5589 57.4132 2
      vertex 66.8546 57.3074 2
    endloop
  endfacet
  facet normal 0 0 1
    outer loop
      vertex 89.57 61 2
      vertex 66.2543 57.4895 2
      vertex 66.5589 57.4132 2
    endloop
  endfacet
  facet normal 0 0 1
    outer loop
      vertex 89.57 61 2
      vertex 65.9437 57.5356 2
      vertex 66.2543 57.4895 2
    endloop
  endfacet
  facet normal 0 0 1
    outer loop
      vertex 89.57 61 2
      vertex 65.63 57.551 2
      vertex 65.9437 57.5356 2
    endloop
  endfacet
  facet normal 0 0 1
    outer loop
      vertex 89.57 61 2
      vertex 65.3163 57.5356 2
      vertex 65.63 57.551 2
    endloop
  endfacet
  facet normal 0 0 1
    outer loop
      vertex 62.85 50.001 2
      vertex 63.63 52.351 2
      vertex 63.63 56.8469 2
    endloop
  endfacet
  facet normal 0 0 1
    outer loop
      vertex 69.8897 33.8234 2
      vertex 62.85 11.101 2
      vertex 68.1259 8.853 2
    endloop
  endfacet
  facet normal 0 0 1
    outer loop
      vertex 68.1259 8.853 2
      vertex 62.85 11.101 2
      vertex 63.63 8.853 2
    endloop
  endfacet
  facet normal 0 0 1
    outer loop
      vertex 63.63 56.8469 2
      vertex 12.35 50.001 2
      vertex 62.85 50.001 2
    endloop
  endfacet
  facet normal 0 0 1
    outer loop
      vertex 4 61 2
      vertex 63.63 56.8469 2
      vertex 63.8522 57.0117 2
    endloop
  endfacet
  facet normal 0 0 1
    outer loop
      vertex 4 61 2
      vertex 63.8522 57.0117 2
      vertex 64.1215 57.1731 2
    endloop
  endfacet
  facet normal 0 0 1
    outer loop
      vertex 4 61 2
      vertex 64.1215 57.1731 2
      vertex 64.4054 57.3074 2
    endloop
  endfacet
  facet normal 0 0 1
    outer loop
      vertex 4 61 2
      vertex 64.4054 57.3074 2
      vertex 64.7011 57.4132 2
    endloop
  endfacet
  facet normal 0 0 1
    outer loop
      vertex 4 61 2
      vertex 64.7011 57.4132 2
      vertex 65.0057 57.4895 2
    endloop
  endfacet
  facet normal 0 0 1
    outer loop
      vertex 4 61 2
      vertex 65.0057 57.4895 2
      vertex 65.3163 57.5356 2
    endloop
  endfacet
  facet normal -0 0 1
    outer loop
      vertex 4 61 2
      vertex 65.3163 57.5356 2
      vertex 89.57 61 2
    endloop
  endfacet
  facet normal -0 0 1
    outer loop
      vertex 7.94 52.351 2
      vertex 12.35 50.001 2
      vertex 7.94 56.8469 2
    endloop
  endfacet
  facet normal 0 0 1
    outer loop
      vertex 63.63 56.8469 2
      vertex 7.94 56.8469 2
      vertex 12.35 50.001 2
    endloop
  endfacet
  facet normal 0 0 1
    outer loop
      vertex 63.63 56.8469 2
      vertex 4 61 2
      vertex 7.94 56.8469 2
    endloop
  endfacet
  facet normal 0 0 1
    outer loop
      vertex 7.94 56.8469 2
      vertex 4 61 2
      vertex 7.71782 57.0117 2
    endloop
  endfacet
  facet normal 0 0 1
    outer loop
      vertex 7.71782 57.0117 2
      vertex 4 61 2
      vertex 7.44847 57.1731 2
    endloop
  endfacet
  facet normal 0 0 1
    outer loop
      vertex 7.44847 57.1731 2
      vertex 4 61 2
      vertex 7.16459 57.3074 2
    endloop
  endfacet
  facet normal 0 0 1
    outer loop
      vertex 7.16459 57.3074 2
      vertex 4 61 2
      vertex 6.86891 57.4132 2
    endloop
  endfacet
  facet normal 0 0 1
    outer loop
      vertex 6.86891 57.4132 2
      vertex 4 61 2
      vertex 6.56429 57.4895 2
    endloop
  endfacet
  facet normal 0 0 1
    outer loop
      vertex 6.56429 57.4895 2
      vertex 4 61 2
      vertex 6.25365 57.5356 2
    endloop
  endfacet
  facet normal 0 0 1
    outer loop
      vertex 6.25365 57.5356 2
      vertex 4 61 2
      vertex 5.94 57.551 2
    endloop
  endfacet
  facet normal 0 0 1
    outer loop
      vertex 4 61 2
      vertex 5.62635 57.5356 2
      vertex 5.94 57.551 2
    endloop
  endfacet
  facet normal 0 0 1
    outer loop
      vertex 4 61 2
      vertex 5.31571 57.4895 2
      vertex 5.62635 57.5356 2
    endloop
  endfacet
  facet normal 0 0 1
    outer loop
      vertex 4 61 2
      vertex 5.01109 57.4132 2
      vertex 5.31571 57.4895 2
    endloop
  endfacet
  facet normal 0 0 1
    outer loop
      vertex 4 61 2
      vertex 4.71541 57.3074 2
      vertex 5.01109 57.4132 2
    endloop
  endfacet
  facet normal -0 0 1
    outer loop
      vertex 3.60793 60.9807 2
      vertex 4.71541 57.3074 2
      vertex 4 61 2
    endloop
  endfacet
  facet normal 0 0 1
    outer loop
      vertex 4.71541 57.3074 2
      vertex 3.60793 60.9807 2
      vertex 4.43153 57.1731 2
    endloop
  endfacet
  facet normal -0 0 1
    outer loop
      vertex 3.21964 60.9231 2
      vertex 4.43153 57.1731 2
      vertex 3.60793 60.9807 2
    endloop
  endfacet
  facet normal -0 0 1
    outer loop
      vertex 2.83885 60.8278 2
      vertex 4.43153 57.1731 2
      vertex 3.21964 60.9231 2
    endloop
  endfacet
  facet normal -0 0 1
    outer loop
      vertex 2.46925 60.6955 2
      vertex 4.43153 57.1731 2
      vertex 2.83885 60.8278 2
    endloop
  endfacet
  facet normal 0 0 1
    outer loop
      vertex 4.43153 57.1731 2
      vertex 2.46925 60.6955 2
      vertex 4.16218 57.0117 2
    endloop
  endfacet
  facet normal -0 0 1
    outer loop
      vertex 2.11441 60.5277 2
      vertex 4.16218 57.0117 2
      vertex 2.46925 60.6955 2
    endloop
  endfacet
  facet normal -0 0 1
    outer loop
      vertex 1.77771 60.3259 2
      vertex 4.16218 57.0117 2
      vertex 2.11441 60.5277 2
    endloop
  endfacet
  facet normal 0 0 1
    outer loop
      vertex 4.16218 57.0117 2
      vertex 1.77771 60.3259 2
      vertex 3.90994 56.8246 2
    endloop
  endfacet
  facet normal -0 0 1
    outer loop
      vertex 1.46242 60.092 2
      vertex 3.90994 56.8246 2
      vertex 1.77771 60.3259 2
    endloop
  endfacet
  facet normal -0 0 1
    outer loop
      vertex 1.17157 59.8284 2
      vertex 3.90994 56.8246 2
      vertex 1.46242 60.092 2
    endloop
  endfacet
  facet normal -0 0 1
    outer loop
      vertex 0.907944 59.5376 2
      vertex 3.90994 56.8246 2
      vertex 1.17157 59.8284 2
    endloop
  endfacet
  facet normal 0 0 1
    outer loop
      vertex 3.90994 56.8246 2
      vertex 0.907944 59.5376 2
      vertex 3.67726 56.6137 2
    endloop
  endfacet
  facet normal -0 0 1
    outer loop
      vertex 0.674118 59.2223 2
      vertex 3.67726 56.6137 2
      vertex 0.907944 59.5376 2
    endloop
  endfacet
  facet normal -0 0 1
    outer loop
      vertex 0.472305 58.8856 2
      vertex 3.67726 56.6137 2
      vertex 0.674118 59.2223 2
    endloop
  endfacet
  facet normal 0 0 1
    outer loop
      vertex 3.67726 56.6137 2
      vertex 0.304474 58.5307 2
      vertex 3.46637 56.3811 2
    endloop
  endfacet
  facet normal -0 0 1
    outer loop
      vertex 0.304474 58.5307 2
      vertex 3.67726 56.6137 2
      vertex 0.472305 58.8856 2
    endloop
  endfacet
  facet normal 0 0 1
    outer loop
      vertex 90.3504 0.0768585 2
      vertex 89.57 0 2
      vertex 89.9621 0.0192566 2
    endloop
  endfacet
  facet normal 0 0 1
    outer loop
      vertex 68.83 6.853 2
      vertex 82.1934 21.5197 2
      vertex 80.9206 22.7925 2
    endloop
  endfacet
  facet normal -0 0 1
    outer loop
      vertex 80.2859 27.0816 2
      vertex 80.9206 22.7925 2
      vertex 80.6142 27.2369 2
    endloop
  endfacet
  facet normal -0 0 1
    outer loop
      vertex 79.9441 26.9593 2
      vertex 80.9206 22.7925 2
      vertex 80.2859 27.0816 2
    endloop
  endfacet
  facet normal -0 0 1
    outer loop
      vertex 79.5918 26.8711 2
      vertex 80.9206 22.7925 2
      vertex 79.9441 26.9593 2
    endloop
  endfacet
  facet normal -0 0 1
    outer loop
      vertex 79.2327 26.8178 2
      vertex 80.9206 22.7925 2
      vertex 79.5918 26.8711 2
    endloop
  endfacet
  facet normal -0 0 1
    outer loop
      vertex 78.87 26.8 2
      vertex 80.9206 22.7925 2
      vertex 79.2327 26.8178 2
    endloop
  endfacet
  facet normal 0 0 1
    outer loop
      vertex 78.5073 26.8178 2
      vertex 80.9206 22.7925 2
      vertex 78.87 26.8 2
    endloop
  endfacet
  facet normal 0 0 1
    outer loop
      vertex 78.1482 26.8711 2
      vertex 80.9206 22.7925 2
      vertex 78.5073 26.8178 2
    endloop
  endfacet
  facet normal 0 0 1
    outer loop
      vertex 77.7959 26.9593 2
      vertex 80.9206 22.7925 2
      vertex 78.1482 26.8711 2
    endloop
  endfacet
  facet normal 0 0 1
    outer loop
      vertex 77.4541 27.0816 2
      vertex 80.9206 22.7925 2
      vertex 77.7959 26.9593 2
    endloop
  endfacet
  facet normal 0 0 1
    outer loop
      vertex 77.1258 27.2369 2
      vertex 80.9206 22.7925 2
      vertex 77.4541 27.0816 2
    endloop
  endfacet
  facet normal 0 0 1
    outer loop
      vertex 76.8144 27.4236 2
      vertex 80.9206 22.7925 2
      vertex 77.1258 27.2369 2
    endloop
  endfacet
  facet normal 0 0 1
    outer loop
      vertex 80.9206 22.7925 2
      vertex 76.8144 27.4236 2
      vertex 68.83 6.853 2
    endloop
  endfacet
  facet normal 0 0 1
    outer loop
      vertex 68.83 6.853 2
      vertex 76.8144 27.4236 2
      vertex 76.5227 27.6399 2
    endloop
  endfacet
  facet normal 0 0 1
    outer loop
      vertex 68.83 6.853 2
      vertex 76.5227 27.6399 2
      vertex 76.2537 27.8837 2
    endloop
  endfacet
  facet normal 0 0 1
    outer loop
      vertex 68.83 6.853 2
      vertex 76.2537 27.8837 2
      vertex 76.0099 28.1527 2
    endloop
  endfacet
  facet normal 0 0 1
    outer loop
      vertex 68.83 6.853 2
      vertex 76.0099 28.1527 2
      vertex 75.7936 28.4444 2
    endloop
  endfacet
  facet normal 0 0 1
    outer loop
      vertex 71.1625 32.5506 2
      vertex 75.7936 28.4444 2
      vertex 75.6069 28.7558 2
    endloop
  endfacet
  facet normal 0 0 1
    outer loop
      vertex 71.1625 32.5506 2
      vertex 75.1878 30.1373 2
      vertex 75.17 30.5 2
    endloop
  endfacet
  facet normal 0 0 1
    outer loop
      vertex 71.1625 32.5506 2
      vertex 75.2411 29.7782 2
      vertex 75.1878 30.1373 2
    endloop
  endfacet
  facet normal 0 0 1
    outer loop
      vertex 71.1625 32.5506 2
      vertex 75.3293 29.4259 2
      vertex 75.2411 29.7782 2
    endloop
  endfacet
  facet normal 0 0 1
    outer loop
      vertex 71.1625 32.5506 2
      vertex 75.4516 29.0841 2
      vertex 75.3293 29.4259 2
    endloop
  endfacet
  facet normal 0 0 1
    outer loop
      vertex 71.1625 32.5506 2
      vertex 75.6069 28.7558 2
      vertex 75.4516 29.0841 2
    endloop
  endfacet
  facet normal 0 0 1
    outer loop
      vertex 75.7936 28.4444 2
      vertex 71.1625 32.5506 2
      vertex 68.83 6.853 2
    endloop
  endfacet
  facet normal 0 0 1
    outer loop
      vertex 68.83 6.853 2
      vertex 71.1625 32.5506 2
      vertex 69.8897 33.8234 2
    endloop
  endfacet
  facet normal 0 0 1
    outer loop
      vertex 89.57 61 2
      vertex 68.7685 53.7267 2
      vertex 75.5466 39.4803 2
    endloop
  endfacet
  facet normal 0 0 1
    outer loop
      vertex 82.1934 21.5197 2
      vertex 68.83 6.853 2
      vertex 89.57 0 2
    endloop
  endfacet
  facet normal -0 0 1
    outer loop
      vertex 68.8146 6.53935 2
      vertex 89.57 0 2
      vertex 68.83 6.853 2
    endloop
  endfacet
  facet normal -0 0 1
    outer loop
      vertex 68.7685 6.22871 2
      vertex 89.57 0 2
      vertex 68.8146 6.53935 2
    endloop
  endfacet
  facet normal -0 0 1
    outer loop
      vertex 68.6922 5.92409 2
      vertex 89.57 0 2
      vertex 68.7685 6.22871 2
    endloop
  endfacet
  facet normal -0 0 1
    outer loop
      vertex 68.5864 5.62841 2
      vertex 89.57 0 2
      vertex 68.6922 5.92409 2
    endloop
  endfacet
  facet normal -0 0 1
    outer loop
      vertex 68.4521 5.34453 2
      vertex 89.57 0 2
      vertex 68.5864 5.62841 2
    endloop
  endfacet
  facet normal -0 0 1
    outer loop
      vertex 68.2907 5.07518 2
      vertex 89.57 0 2
      vertex 68.4521 5.34453 2
    endloop
  endfacet
  facet normal -0 0 1
    outer loop
      vertex 68.1036 4.82294 2
      vertex 89.57 0 2
      vertex 68.2907 5.07518 2
    endloop
  endfacet
  facet normal -0 0 1
    outer loop
      vertex 67.8927 4.59026 2
      vertex 89.57 0 2
      vertex 68.1036 4.82294 2
    endloop
  endfacet
  facet normal -0 0 1
    outer loop
      vertex 67.6601 4.37937 2
      vertex 89.57 0 2
      vertex 67.8927 4.59026 2
    endloop
  endfacet
  facet normal -0 0 1
    outer loop
      vertex 67.4078 4.1923 2
      vertex 89.57 0 2
      vertex 67.6601 4.37937 2
    endloop
  endfacet
  facet normal -0 0 1
    outer loop
      vertex 67.1385 4.03085 2
      vertex 89.57 0 2
      vertex 67.4078 4.1923 2
    endloop
  endfacet
  facet normal -0 0 1
    outer loop
      vertex 66.8546 3.89659 2
      vertex 89.57 0 2
      vertex 67.1385 4.03085 2
    endloop
  endfacet
  facet normal -0 0 1
    outer loop
      vertex 66.5589 3.79079 2
      vertex 89.57 0 2
      vertex 66.8546 3.89659 2
    endloop
  endfacet
  facet normal -0 0 1
    outer loop
      vertex 66.2543 3.71449 2
      vertex 89.57 0 2
      vertex 66.5589 3.79079 2
    endloop
  endfacet
  facet normal -0 0 1
    outer loop
      vertex 65.9437 3.66841 2
      vertex 89.57 0 2
      vertex 66.2543 3.71449 2
    endloop
  endfacet
  facet normal -0 0 1
    outer loop
      vertex 65.63 3.653 2
      vertex 89.57 0 2
      vertex 65.9437 3.66841 2
    endloop
  endfacet
  facet normal 0 0 1
    outer loop
      vertex 65.3163 3.66841 2
      vertex 89.57 0 2
      vertex 65.63 3.653 2
    endloop
  endfacet
  facet normal 0 0 1
    outer loop
      vertex 4 0 2
      vertex 65.3163 3.66841 2
      vertex 65.0057 3.71449 2
    endloop
  endfacet
  facet normal 0 0 1
    outer loop
      vertex 63.63 8.853 2
      vertex 62.85 11.101 2
      vertex 63.63 4.35707 2
    endloop
  endfacet
  facet normal -0 0 1
    outer loop
      vertex 12.35 11.101 2
      vertex 63.63 4.35707 2
      vertex 62.85 11.101 2
    endloop
  endfacet
  facet normal 0 0 1
    outer loop
      vertex 7.94 4.35707 2
      vertex 63.63 4.35707 2
      vertex 12.35 11.101 2
    endloop
  endfacet
  facet normal 0 0 1
    outer loop
      vertex 4 0 2
      vertex 63.63 4.35707 2
      vertex 7.94 4.35707 2
    endloop
  endfacet
  facet normal 0 0 1
    outer loop
      vertex 63.63 4.35707 2
      vertex 4 0 2
      vertex 63.8522 4.1923 2
    endloop
  endfacet
  facet normal 0 0 1
    outer loop
      vertex 63.8522 4.1923 2
      vertex 4 0 2
      vertex 64.1215 4.03085 2
    endloop
  endfacet
  facet normal 0 0 1
    outer loop
      vertex 64.1215 4.03085 2
      vertex 4 0 2
      vertex 64.4054 3.89659 2
    endloop
  endfacet
  facet normal 0 0 1
    outer loop
      vertex 64.4054 3.89659 2
      vertex 4 0 2
      vertex 64.7011 3.79079 2
    endloop
  endfacet
  facet normal -0 0 1
    outer loop
      vertex 3.44407 52.351 2
      vertex 12.35 50.001 2
      vertex 7.94 52.351 2
    endloop
  endfacet
  facet normal 0 0 1
    outer loop
      vertex 3.44407 8.853 2
      vertex 12.35 50.001 2
      vertex 3.44407 52.351 2
    endloop
  endfacet
  facet normal 0 0 1
    outer loop
      vertex 7.94 4.35707 2
      vertex 12.35 11.101 2
      vertex 7.94 8.853 2
    endloop
  endfacet
  facet normal 0 0 1
    outer loop
      vertex 64.7011 3.79079 2
      vertex 4 0 2
      vertex 65.0057 3.71449 2
    endloop
  endfacet
  facet normal 0 0 1
    outer loop
      vertex 4 0 2
      vertex 7.94 4.35707 2
      vertex 7.71782 4.1923 2
    endloop
  endfacet
  facet normal 0 0 1
    outer loop
      vertex 4 0 2
      vertex 7.71782 4.1923 2
      vertex 7.44847 4.03085 2
    endloop
  endfacet
  facet normal 0 0 1
    outer loop
      vertex 4 0 2
      vertex 7.44847 4.03085 2
      vertex 7.16459 3.89659 2
    endloop
  endfacet
  facet normal 0 0 1
    outer loop
      vertex 4 0 2
      vertex 7.16459 3.89659 2
      vertex 6.86891 3.79079 2
    endloop
  endfacet
  facet normal 0 0 1
    outer loop
      vertex 4 0 2
      vertex 6.86891 3.79079 2
      vertex 6.56429 3.71449 2
    endloop
  endfacet
  facet normal 0 0 1
    outer loop
      vertex 4 0 2
      vertex 6.56429 3.71449 2
      vertex 6.25365 3.66841 2
    endloop
  endfacet
  facet normal 0 0 1
    outer loop
      vertex 4 0 2
      vertex 6.25365 3.66841 2
      vertex 5.94 3.653 2
    endloop
  endfacet
  facet normal 0 0 1
    outer loop
      vertex 65.3163 3.66841 2
      vertex 4 0 2
      vertex 89.57 0 2
    endloop
  endfacet
  facet normal 0 0 1
    outer loop
      vertex 5.62635 3.66841 2
      vertex 4 0 2
      vertex 5.94 3.653 2
    endloop
  endfacet
  facet normal 0 0 1
    outer loop
      vertex 5.31571 3.71449 2
      vertex 4 0 2
      vertex 5.62635 3.66841 2
    endloop
  endfacet
  facet normal 0 0 1
    outer loop
      vertex 5.01109 3.79079 2
      vertex 4 0 2
      vertex 5.31571 3.71449 2
    endloop
  endfacet
  facet normal 0 0 1
    outer loop
      vertex 4.71541 3.89659 2
      vertex 4 0 2
      vertex 5.01109 3.79079 2
    endloop
  endfacet
  facet normal 0 0 1
    outer loop
      vertex 3.21964 0.0768585 2
      vertex 4.71541 3.89659 2
      vertex 4.43153 4.03085 2
    endloop
  endfacet
  facet normal 0 0 1
    outer loop
      vertex 2.46925 0.304474 2
      vertex 4.43153 4.03085 2
      vertex 4.16218 4.1923 2
    endloop
  endfacet
  facet normal 0 0 1
    outer loop
      vertex 1.46242 0.907944 2
      vertex 4.16218 4.1923 2
      vertex 3.90994 4.37937 2
    endloop
  endfacet
  facet normal 0 0 1
    outer loop
      vertex 0.674118 1.77771 2
      vertex 3.90994 4.37937 2
      vertex 3.67726 4.59026 2
    endloop
  endfacet
  facet normal 0 0 1
    outer loop
      vertex 4.71541 3.89659 2
      vertex 3.60793 0.0192566 2
      vertex 4 0 2
    endloop
  endfacet
  facet normal 0 0 1
    outer loop
      vertex 0.172226 2.83885 2
      vertex 3.67726 4.59026 2
      vertex 3.46637 4.82294 2
    endloop
  endfacet
  facet normal 0 0 1
    outer loop
      vertex 0.0192566 3.60793 2
      vertex 3.46637 4.82294 2
      vertex 3.2793 5.07518 2
    endloop
  endfacet
  facet normal 0 0 1
    outer loop
      vertex 4.71541 3.89659 2
      vertex 3.21964 0.0768585 2
      vertex 3.60793 0.0192566 2
    endloop
  endfacet
  facet normal 0 0 1
    outer loop
      vertex 0 4 2
      vertex 3.2793 5.07518 2
      vertex 3.11785 5.34453 2
    endloop
  endfacet
  facet normal 0 0 1
    outer loop
      vertex 0 4 2
      vertex 3.11785 5.34453 2
      vertex 2.98359 5.62841 2
    endloop
  endfacet
  facet normal 0 0 1
    outer loop
      vertex 0 4 2
      vertex 2.98359 5.62841 2
      vertex 2.87779 5.92409 2
    endloop
  endfacet
  facet normal 0 0 1
    outer loop
      vertex 4.43153 4.03085 2
      vertex 2.83885 0.172226 2
      vertex 3.21964 0.0768585 2
    endloop
  endfacet
  facet normal 0 0 1
    outer loop
      vertex 0 4 2
      vertex 2.87779 5.92409 2
      vertex 2.80149 6.22871 2
    endloop
  endfacet
  facet normal 0 0 1
    outer loop
      vertex 0 4 2
      vertex 2.80149 6.22871 2
      vertex 2.75541 6.53935 2
    endloop
  endfacet
  facet normal 0 0 1
    outer loop
      vertex 0 4 2
      vertex 2.75541 6.53935 2
      vertex 2.74 6.853 2
    endloop
  endfacet
  facet normal 0 0 1
    outer loop
      vertex 4.43153 4.03085 2
      vertex 2.46925 0.304474 2
      vertex 2.83885 0.172226 2
    endloop
  endfacet
  facet normal 0 0 1
    outer loop
      vertex 2.80149 7.47729 2
      vertex 0 4 2
      vertex 2.75541 7.16665 2
    endloop
  endfacet
  facet normal -0 0 1
    outer loop
      vertex 0.172226 58.1611 2
      vertex 3.46637 56.3811 2
      vertex 0.304474 58.5307 2
    endloop
  endfacet
  facet normal 0 0 1
    outer loop
      vertex 2.75541 7.16665 2
      vertex 0 4 2
      vertex 2.74 6.853 2
    endloop
  endfacet
  facet normal -0 0 1
    outer loop
      vertex 0.0768585 57.7803 2
      vertex 3.46637 56.3811 2
      vertex 0.172226 58.1611 2
    endloop
  endfacet
  facet normal 0 0 1
    outer loop
      vertex 3.2793 5.07518 2
      vertex 0 4 2
      vertex 0.0192566 3.60793 2
    endloop
  endfacet
  facet normal 0 0 1
    outer loop
      vertex 3.46637 56.3811 2
      vertex 0.0768585 57.7803 2
      vertex 3.2793 56.1288 2
    endloop
  endfacet
  facet normal 0 0 1
    outer loop
      vertex 4.16218 4.1923 2
      vertex 2.11441 0.472305 2
      vertex 2.46925 0.304474 2
    endloop
  endfacet
  facet normal -0 0 1
    outer loop
      vertex 0.0192566 57.3921 2
      vertex 3.2793 56.1288 2
      vertex 0.0768585 57.7803 2
    endloop
  endfacet
  facet normal 0 0 1
    outer loop
      vertex 4.16218 4.1923 2
      vertex 1.77771 0.674118 2
      vertex 2.11441 0.472305 2
    endloop
  endfacet
  facet normal -0 0 1
    outer loop
      vertex 0 57 2
      vertex 3.2793 56.1288 2
      vertex 0.0192566 57.3921 2
    endloop
  endfacet
  facet normal 0 0 1
    outer loop
      vertex 4.16218 4.1923 2
      vertex 1.46242 0.907944 2
      vertex 1.77771 0.674118 2
    endloop
  endfacet
  facet normal 0 0 1
    outer loop
      vertex 3.2793 56.1288 2
      vertex 0 57 2
      vertex 3.11785 55.8595 2
    endloop
  endfacet
  facet normal 0 0 1
    outer loop
      vertex 3.90994 4.37937 2
      vertex 1.17157 1.17157 2
      vertex 1.46242 0.907944 2
    endloop
  endfacet
  facet normal 0 0 1
    outer loop
      vertex 3.11785 55.8595 2
      vertex 0 57 2
      vertex 2.98359 55.5756 2
    endloop
  endfacet
  facet normal 0 0 1
    outer loop
      vertex 3.90994 4.37937 2
      vertex 0.907944 1.46242 2
      vertex 1.17157 1.17157 2
    endloop
  endfacet
  facet normal 0 0 1
    outer loop
      vertex 2.98359 55.5756 2
      vertex 0 57 2
      vertex 2.87779 55.2799 2
    endloop
  endfacet
  facet normal 0 0 1
    outer loop
      vertex 3.90994 4.37937 2
      vertex 0.674118 1.77771 2
      vertex 0.907944 1.46242 2
    endloop
  endfacet
  facet normal 0 0 1
    outer loop
      vertex 2.87779 55.2799 2
      vertex 0 57 2
      vertex 2.80149 54.9753 2
    endloop
  endfacet
  facet normal 0 0 1
    outer loop
      vertex 3.67726 4.59026 2
      vertex 0.472305 2.11441 2
      vertex 0.674118 1.77771 2
    endloop
  endfacet
  facet normal 0 0 1
    outer loop
      vertex 2.80149 54.9753 2
      vertex 0 57 2
      vertex 2.75541 54.6647 2
    endloop
  endfacet
  facet normal 0 0 1
    outer loop
      vertex 3.67726 4.59026 2
      vertex 0.304474 2.46925 2
      vertex 0.472305 2.11441 2
    endloop
  endfacet
  facet normal 0 0 1
    outer loop
      vertex 2.75541 54.6647 2
      vertex 0 57 2
      vertex 2.74 54.351 2
    endloop
  endfacet
  facet normal 0 0 1
    outer loop
      vertex 3.67726 4.59026 2
      vertex 0.172226 2.83885 2
      vertex 0.304474 2.46925 2
    endloop
  endfacet
  facet normal 0 0 1
    outer loop
      vertex 3.46637 4.82294 2
      vertex 0.0768585 3.21964 2
      vertex 0.172226 2.83885 2
    endloop
  endfacet
  facet normal 0 0 1
    outer loop
      vertex 3.46637 4.82294 2
      vertex 0.0192566 3.60793 2
      vertex 0.0768585 3.21964 2
    endloop
  endfacet
  facet normal -0 0 1
    outer loop
      vertex 82.5522 30.1373 2
      vertex 86.5775 28.4494 2
      vertex 82.57 30.5 2
    endloop
  endfacet
  facet normal -0 0 1
    outer loop
      vertex 82.4989 29.7782 2
      vertex 86.5775 28.4494 2
      vertex 82.5522 30.1373 2
    endloop
  endfacet
  facet normal -0 0 1
    outer loop
      vertex 82.4107 29.4259 2
      vertex 86.5775 28.4494 2
      vertex 82.4989 29.7782 2
    endloop
  endfacet
  facet normal -0 0 1
    outer loop
      vertex 82.2884 29.0841 2
      vertex 86.5775 28.4494 2
      vertex 82.4107 29.4259 2
    endloop
  endfacet
  facet normal -0 0 1
    outer loop
      vertex 82.1331 28.7558 2
      vertex 86.5775 28.4494 2
      vertex 82.2884 29.0841 2
    endloop
  endfacet
  facet normal 0 0 1
    outer loop
      vertex 81.9464 28.4444 2
      vertex 86.5775 28.4494 2
      vertex 82.1331 28.7558 2
    endloop
  endfacet
  facet normal 0 0 1
    outer loop
      vertex 81.7301 28.1527 2
      vertex 86.5775 28.4494 2
      vertex 81.9464 28.4444 2
    endloop
  endfacet
  facet normal 0 0 1
    outer loop
      vertex 81.4863 27.8837 2
      vertex 86.5775 28.4494 2
      vertex 81.7301 28.1527 2
    endloop
  endfacet
  facet normal 0 0 1
    outer loop
      vertex 80.9206 22.7925 2
      vertex 81.4863 27.8837 2
      vertex 81.2173 27.6399 2
    endloop
  endfacet
  facet normal 0 0 1
    outer loop
      vertex 80.9206 22.7925 2
      vertex 81.2173 27.6399 2
      vertex 80.9256 27.4236 2
    endloop
  endfacet
  facet normal -0 0 1
    outer loop
      vertex 81.4863 27.8837 2
      vertex 80.9206 22.7925 2
      vertex 86.5775 28.4494 2
    endloop
  endfacet
  facet normal 0 -0 1
    outer loop
      vertex 80.9206 22.7925 2
      vertex 80.9256 27.4236 2
      vertex 80.6142 27.2369 2
    endloop
  endfacet
  facet normal 0.904016 -0.427499 0
    outer loop
      vertex 93.0977 2.11441 2
      vertex 93.2655 2.46925 0
      vertex 93.2655 2.46925 2
    endloop
  endfacet
  facet normal 0.904016 -0.427499 0
    outer loop
      vertex 93.2655 2.46925 0
      vertex 93.0977 2.11441 2
      vertex 93.0977 2.11441 0
    endloop
  endfacet
  facet normal -0.67158 -0.740932 0
    outer loop
      vertex 1.17157 1.17157 0
      vertex 1.46242 0.907944 2
      vertex 1.17157 1.17157 2
    endloop
  endfacet
  facet normal -0.67158 -0.740932 -0
    outer loop
      vertex 1.46242 0.907944 2
      vertex 1.17157 1.17157 0
      vertex 1.46242 0.907944 0
    endloop
  endfacet
  facet normal -0.970041 -0.242943 0
    outer loop
      vertex 0.172226 2.83885 0
      vertex 0.0768585 3.21964 2
      vertex 0.0768585 3.21964 0
    endloop
  endfacet
  facet normal -0.970041 -0.242943 0
    outer loop
      vertex 0.0768585 3.21964 2
      vertex 0.172226 2.83885 0
      vertex 0.172226 2.83885 2
    endloop
  endfacet
  facet normal 0.336829 0.941566 -0
    outer loop
      vertex 5.62069 5.80037 2
      vertex 5.51905 5.83673 5.468
      vertex 5.62069 5.80037 5.468
    endloop
  endfacet
  facet normal 0.336829 0.941566 0
    outer loop
      vertex 5.51905 5.83673 5.468
      vertex 5.62069 5.80037 2
      vertex 5.51905 5.83673 2
    endloop
  endfacet
  facet normal -0.989176 -0.146737 0
    outer loop
      vertex 7.0347 6.96082 2
      vertex 7.01886 7.0676 5.468
      vertex 7.01886 7.0676 2
    endloop
  endfacet
  facet normal -0.989176 -0.146737 0
    outer loop
      vertex 7.01886 7.0676 5.468
      vertex 7.0347 6.96082 2
      vertex 7.0347 6.96082 5.468
    endloop
  endfacet
  facet normal -0.998794 -0.0490967 0
    outer loop
      vertex 7.04 6.853 2
      vertex 7.0347 6.96082 5.468
      vertex 7.0347 6.96082 2
    endloop
  endfacet
  facet normal -0.998794 -0.0490967 0
    outer loop
      vertex 7.0347 6.96082 5.468
      vertex 7.04 6.853 2
      vertex 7.04 6.853 5.468
    endloop
  endfacet
  facet normal -0.970028 -0.242993 0
    outer loop
      vertex 7.01886 7.0676 2
      vertex 6.99263 7.17231 5.468
      vertex 6.99263 7.17231 2
    endloop
  endfacet
  facet normal -0.970028 -0.242993 0
    outer loop
      vertex 6.99263 7.17231 5.468
      vertex 7.01886 7.0676 2
      vertex 7.01886 7.0676 5.468
    endloop
  endfacet
  facet normal 0.989176 -0.146737 0
    outer loop
      vertex 4.8453 6.96082 5.468
      vertex 4.86114 7.0676 2
      vertex 4.86114 7.0676 5.468
    endloop
  endfacet
  facet normal 0.989176 -0.146737 0
    outer loop
      vertex 4.86114 7.0676 2
      vertex 4.8453 6.96082 5.468
      vertex 4.8453 6.96082 2
    endloop
  endfacet
  facet normal 0.242993 0.970028 -0
    outer loop
      vertex 5.7254 5.77414 2
      vertex 5.62069 5.80037 5.468
      vertex 5.7254 5.77414 5.468
    endloop
  endfacet
  facet normal 0.242993 0.970028 0
    outer loop
      vertex 5.62069 5.80037 5.468
      vertex 5.7254 5.77414 2
      vertex 5.62069 5.80037 2
    endloop
  endfacet
  facet normal -0.336829 -0.941566 0
    outer loop
      vertex 6.25931 7.90563 2
      vertex 6.36095 7.86927 5.468
      vertex 6.25931 7.90563 5.468
    endloop
  endfacet
  facet normal -0.336829 -0.941566 -0
    outer loop
      vertex 6.36095 7.86927 5.468
      vertex 6.25931 7.90563 2
      vertex 6.36095 7.86927 2
    endloop
  endfacet
  facet normal 0.51406 -0.857754 0
    outer loop
      vertex 5.32887 7.76762 2
      vertex 5.42146 7.82311 5.468
      vertex 5.32887 7.76762 5.468
    endloop
  endfacet
  facet normal 0.51406 -0.857754 0
    outer loop
      vertex 5.42146 7.82311 5.468
      vertex 5.32887 7.76762 2
      vertex 5.42146 7.82311 2
    endloop
  endfacet
  facet normal 0.903977 0.427581 0
    outer loop
      vertex 4.96989 6.33446 5.468
      vertex 4.92373 6.43205 2
      vertex 4.92373 6.43205 5.468
    endloop
  endfacet
  facet normal 0.903977 0.427581 0
    outer loop
      vertex 4.92373 6.43205 2
      vertex 4.96989 6.33446 5.468
      vertex 4.96989 6.33446 2
    endloop
  endfacet
  facet normal 0.242993 -0.970028 0
    outer loop
      vertex 5.62069 7.90563 2
      vertex 5.7254 7.93186 5.468
      vertex 5.62069 7.90563 5.468
    endloop
  endfacet
  facet normal 0.242993 -0.970028 0
    outer loop
      vertex 5.7254 7.93186 5.468
      vertex 5.62069 7.90563 2
      vertex 5.7254 7.93186 2
    endloop
  endfacet
  facet normal 0.857754 0.51406 0
    outer loop
      vertex 5.02538 6.24187 5.468
      vertex 4.96989 6.33446 2
      vertex 4.96989 6.33446 5.468
    endloop
  endfacet
  facet normal 0.857754 0.51406 0
    outer loop
      vertex 4.96989 6.33446 2
      vertex 5.02538 6.24187 5.468
      vertex 5.02538 6.24187 2
    endloop
  endfacet
  facet normal -0.242993 0.970028 0
    outer loop
      vertex 6.25931 5.80037 2
      vertex 6.1546 5.77414 5.468
      vertex 6.25931 5.80037 5.468
    endloop
  endfacet
  facet normal -0.242993 0.970028 0
    outer loop
      vertex 6.1546 5.77414 5.468
      vertex 6.25931 5.80037 2
      vertex 6.1546 5.77414 2
    endloop
  endfacet
  facet normal 0.595752 0.803168 -0
    outer loop
      vertex 5.32887 5.93838 2
      vertex 5.24217 6.00269 5.468
      vertex 5.32887 5.93838 5.468
    endloop
  endfacet
  facet normal 0.595752 0.803168 0
    outer loop
      vertex 5.24217 6.00269 5.468
      vertex 5.32887 5.93838 2
      vertex 5.24217 6.00269 2
    endloop
  endfacet
  facet normal -0.51406 0.857754 0
    outer loop
      vertex 6.55113 5.93838 2
      vertex 6.45854 5.88289 5.468
      vertex 6.55113 5.93838 5.468
    endloop
  endfacet
  facet normal -0.51406 0.857754 0
    outer loop
      vertex 6.45854 5.88289 5.468
      vertex 6.55113 5.93838 2
      vertex 6.45854 5.88289 2
    endloop
  endfacet
  facet normal -0.803168 0.595752 0
    outer loop
      vertex 6.79031 6.15517 2
      vertex 6.85462 6.24187 5.468
      vertex 6.85462 6.24187 2
    endloop
  endfacet
  facet normal -0.803168 0.595752 0
    outer loop
      vertex 6.85462 6.24187 5.468
      vertex 6.79031 6.15517 2
      vertex 6.79031 6.15517 5.468
    endloop
  endfacet
  facet normal -0.146737 -0.989176 0
    outer loop
      vertex 6.04782 7.9477 2
      vertex 6.1546 7.93186 5.468
      vertex 6.04782 7.9477 5.468
    endloop
  endfacet
  facet normal -0.146737 -0.989176 -0
    outer loop
      vertex 6.1546 7.93186 5.468
      vertex 6.04782 7.9477 2
      vertex 6.1546 7.93186 2
    endloop
  endfacet
  facet normal 0.595752 -0.803168 0
    outer loop
      vertex 5.24217 7.70331 2
      vertex 5.32887 7.76762 5.468
      vertex 5.24217 7.70331 5.468
    endloop
  endfacet
  facet normal 0.595752 -0.803168 0
    outer loop
      vertex 5.32887 7.76762 5.468
      vertex 5.24217 7.70331 2
      vertex 5.32887 7.76762 2
    endloop
  endfacet
  facet normal 0.803168 -0.595752 0
    outer loop
      vertex 5.02538 7.46413 5.468
      vertex 5.08969 7.55083 2
      vertex 5.08969 7.55083 5.468
    endloop
  endfacet
  facet normal 0.803168 -0.595752 0
    outer loop
      vertex 5.08969 7.55083 2
      vertex 5.02538 7.46413 5.468
      vertex 5.02538 7.46413 2
    endloop
  endfacet
  facet normal -0.989176 0.146737 0
    outer loop
      vertex 7.01886 6.6384 2
      vertex 7.0347 6.74518 5.468
      vertex 7.0347 6.74518 2
    endloop
  endfacet
  facet normal -0.989176 0.146737 0
    outer loop
      vertex 7.0347 6.74518 5.468
      vertex 7.01886 6.6384 2
      vertex 7.01886 6.6384 5.468
    endloop
  endfacet
  facet normal 0.941566 -0.336829 0
    outer loop
      vertex 4.88737 7.17231 5.468
      vertex 4.92373 7.27395 2
      vertex 4.92373 7.27395 5.468
    endloop
  endfacet
  facet normal 0.941566 -0.336829 0
    outer loop
      vertex 4.92373 7.27395 2
      vertex 4.88737 7.17231 5.468
      vertex 4.88737 7.17231 2
    endloop
  endfacet
  facet normal -0.427581 -0.903977 0
    outer loop
      vertex 6.36095 7.86927 2
      vertex 6.45854 7.82311 5.468
      vertex 6.36095 7.86927 5.468
    endloop
  endfacet
  facet normal -0.427581 -0.903977 -0
    outer loop
      vertex 6.45854 7.82311 5.468
      vertex 6.36095 7.86927 2
      vertex 6.45854 7.82311 2
    endloop
  endfacet
  facet normal 0.941566 0.336829 0
    outer loop
      vertex 4.92373 6.43205 5.468
      vertex 4.88737 6.53369 2
      vertex 4.88737 6.53369 5.468
    endloop
  endfacet
  facet normal 0.941566 0.336829 0
    outer loop
      vertex 4.88737 6.53369 2
      vertex 4.92373 6.43205 5.468
      vertex 4.92373 6.43205 2
    endloop
  endfacet
  facet normal -0.970028 0.242993 0
    outer loop
      vertex 6.99263 6.53369 2
      vertex 7.01886 6.6384 5.468
      vertex 7.01886 6.6384 2
    endloop
  endfacet
  facet normal -0.970028 0.242993 0
    outer loop
      vertex 7.01886 6.6384 5.468
      vertex 6.99263 6.53369 2
      vertex 6.99263 6.53369 5.468
    endloop
  endfacet
  facet normal 0.0490967 -0.998794 0
    outer loop
      vertex 5.83218 7.9477 2
      vertex 5.94 7.953 5.468
      vertex 5.83218 7.9477 5.468
    endloop
  endfacet
  facet normal 0.0490967 -0.998794 0
    outer loop
      vertex 5.94 7.953 5.468
      vertex 5.83218 7.9477 2
      vertex 5.94 7.953 2
    endloop
  endfacet
  facet normal -0.671515 -0.740991 0
    outer loop
      vertex 6.63783 7.70331 2
      vertex 6.71782 7.63082 5.468
      vertex 6.63783 7.70331 5.468
    endloop
  endfacet
  facet normal -0.671515 -0.740991 -0
    outer loop
      vertex 6.71782 7.63082 5.468
      vertex 6.63783 7.70331 2
      vertex 6.71782 7.63082 2
    endloop
  endfacet
  facet normal 0.427581 -0.903977 0
    outer loop
      vertex 5.42146 7.82311 2
      vertex 5.51905 7.86927 5.468
      vertex 5.42146 7.82311 5.468
    endloop
  endfacet
  facet normal 0.427581 -0.903977 0
    outer loop
      vertex 5.51905 7.86927 5.468
      vertex 5.42146 7.82311 2
      vertex 5.51905 7.86927 2
    endloop
  endfacet
  facet normal 0.671515 -0.740991 0
    outer loop
      vertex 5.16218 7.63082 2
      vertex 5.24217 7.70331 5.468
      vertex 5.16218 7.63082 5.468
    endloop
  endfacet
  facet normal 0.671515 -0.740991 0
    outer loop
      vertex 5.24217 7.70331 5.468
      vertex 5.16218 7.63082 2
      vertex 5.24217 7.70331 2
    endloop
  endfacet
  facet normal -0.336829 0.941566 0
    outer loop
      vertex 6.36095 5.83673 2
      vertex 6.25931 5.80037 5.468
      vertex 6.36095 5.83673 5.468
    endloop
  endfacet
  facet normal -0.336829 0.941566 0
    outer loop
      vertex 6.25931 5.80037 5.468
      vertex 6.36095 5.83673 2
      vertex 6.25931 5.80037 2
    endloop
  endfacet
  facet normal 0.336829 -0.941566 0
    outer loop
      vertex 5.51905 7.86927 2
      vertex 5.62069 7.90563 5.468
      vertex 5.51905 7.86927 5.468
    endloop
  endfacet
  facet normal 0.336829 -0.941566 0
    outer loop
      vertex 5.62069 7.90563 5.468
      vertex 5.51905 7.86927 2
      vertex 5.62069 7.90563 2
    endloop
  endfacet
  facet normal -0.803168 -0.595752 0
    outer loop
      vertex 6.85462 7.46413 2
      vertex 6.79031 7.55083 5.468
      vertex 6.79031 7.55083 2
    endloop
  endfacet
  facet normal -0.803168 -0.595752 0
    outer loop
      vertex 6.79031 7.55083 5.468
      vertex 6.85462 7.46413 2
      vertex 6.85462 7.46413 5.468
    endloop
  endfacet
  facet normal 0.857754 -0.51406 0
    outer loop
      vertex 4.96989 7.37154 5.468
      vertex 5.02538 7.46413 2
      vertex 5.02538 7.46413 5.468
    endloop
  endfacet
  facet normal 0.857754 -0.51406 0
    outer loop
      vertex 5.02538 7.46413 2
      vertex 4.96989 7.37154 5.468
      vertex 4.96989 7.37154 2
    endloop
  endfacet
  facet normal -0.998794 0.0490967 0
    outer loop
      vertex 7.0347 6.74518 2
      vertex 7.04 6.853 5.468
      vertex 7.04 6.853 2
    endloop
  endfacet
  facet normal -0.998794 0.0490967 0
    outer loop
      vertex 7.04 6.853 5.468
      vertex 7.0347 6.74518 2
      vertex 7.0347 6.74518 5.468
    endloop
  endfacet
  facet normal -0.903977 0.427581 0
    outer loop
      vertex 6.91011 6.33446 2
      vertex 6.95627 6.43205 5.468
      vertex 6.95627 6.43205 2
    endloop
  endfacet
  facet normal -0.903977 0.427581 0
    outer loop
      vertex 6.95627 6.43205 5.468
      vertex 6.91011 6.33446 2
      vertex 6.91011 6.33446 5.468
    endloop
  endfacet
  facet normal -0.857754 -0.51406 0
    outer loop
      vertex 6.91011 7.37154 2
      vertex 6.85462 7.46413 5.468
      vertex 6.85462 7.46413 2
    endloop
  endfacet
  facet normal -0.857754 -0.51406 0
    outer loop
      vertex 6.85462 7.46413 5.468
      vertex 6.91011 7.37154 2
      vertex 6.91011 7.37154 5.468
    endloop
  endfacet
  facet normal 0.671515 0.740991 -0
    outer loop
      vertex 5.24217 6.00269 2
      vertex 5.16218 6.07518 5.468
      vertex 5.24217 6.00269 5.468
    endloop
  endfacet
  facet normal 0.671515 0.740991 0
    outer loop
      vertex 5.16218 6.07518 5.468
      vertex 5.24217 6.00269 2
      vertex 5.16218 6.07518 2
    endloop
  endfacet
  facet normal -0.595752 -0.803168 0
    outer loop
      vertex 6.55113 7.76762 2
      vertex 6.63783 7.70331 5.468
      vertex 6.55113 7.76762 5.468
    endloop
  endfacet
  facet normal -0.595752 -0.803168 -0
    outer loop
      vertex 6.63783 7.70331 5.468
      vertex 6.55113 7.76762 2
      vertex 6.63783 7.70331 2
    endloop
  endfacet
  facet normal 0.51406 0.857754 -0
    outer loop
      vertex 5.42146 5.88289 2
      vertex 5.32887 5.93838 5.468
      vertex 5.42146 5.88289 5.468
    endloop
  endfacet
  facet normal 0.51406 0.857754 0
    outer loop
      vertex 5.32887 5.93838 5.468
      vertex 5.42146 5.88289 2
      vertex 5.32887 5.93838 2
    endloop
  endfacet
  facet normal -0.51406 -0.857754 0
    outer loop
      vertex 6.45854 7.82311 2
      vertex 6.55113 7.76762 5.468
      vertex 6.45854 7.82311 5.468
    endloop
  endfacet
  facet normal -0.51406 -0.857754 -0
    outer loop
      vertex 6.55113 7.76762 5.468
      vertex 6.45854 7.82311 2
      vertex 6.55113 7.76762 2
    endloop
  endfacet
  facet normal -0.146737 0.989176 0
    outer loop
      vertex 6.1546 5.77414 2
      vertex 6.04782 5.7583 5.468
      vertex 6.1546 5.77414 5.468
    endloop
  endfacet
  facet normal -0.146737 0.989176 0
    outer loop
      vertex 6.04782 5.7583 5.468
      vertex 6.1546 5.77414 2
      vertex 6.04782 5.7583 2
    endloop
  endfacet
  facet normal -0.941566 -0.336829 0
    outer loop
      vertex 6.99263 7.17231 2
      vertex 6.95627 7.27395 5.468
      vertex 6.95627 7.27395 2
    endloop
  endfacet
  facet normal -0.941566 -0.336829 0
    outer loop
      vertex 6.95627 7.27395 5.468
      vertex 6.99263 7.17231 2
      vertex 6.99263 7.17231 5.468
    endloop
  endfacet
  facet normal -0.857754 0.51406 0
    outer loop
      vertex 6.85462 6.24187 2
      vertex 6.91011 6.33446 5.468
      vertex 6.91011 6.33446 2
    endloop
  endfacet
  facet normal -0.857754 0.51406 0
    outer loop
      vertex 6.91011 6.33446 5.468
      vertex 6.85462 6.24187 2
      vertex 6.85462 6.24187 5.468
    endloop
  endfacet
  facet normal 0.998794 0.0490967 0
    outer loop
      vertex 4.8453 6.74518 5.468
      vertex 4.84 6.853 2
      vertex 4.84 6.853 5.468
    endloop
  endfacet
  facet normal 0.998794 0.0490967 0
    outer loop
      vertex 4.84 6.853 2
      vertex 4.8453 6.74518 5.468
      vertex 4.8453 6.74518 2
    endloop
  endfacet
  facet normal -0.941566 0.336829 0
    outer loop
      vertex 6.95627 6.43205 2
      vertex 6.99263 6.53369 5.468
      vertex 6.99263 6.53369 2
    endloop
  endfacet
  facet normal -0.941566 0.336829 0
    outer loop
      vertex 6.99263 6.53369 5.468
      vertex 6.95627 6.43205 2
      vertex 6.95627 6.43205 5.468
    endloop
  endfacet
  facet normal -0.740991 -0.671515 0
    outer loop
      vertex 6.79031 7.55083 2
      vertex 6.71782 7.63082 5.468
      vertex 6.71782 7.63082 2
    endloop
  endfacet
  facet normal -0.740991 -0.671515 0
    outer loop
      vertex 6.71782 7.63082 5.468
      vertex 6.79031 7.55083 2
      vertex 6.79031 7.55083 5.468
    endloop
  endfacet
  facet normal -0.0490967 -0.998794 0
    outer loop
      vertex 5.94 7.953 2
      vertex 6.04782 7.9477 5.468
      vertex 5.94 7.953 5.468
    endloop
  endfacet
  facet normal -0.0490967 -0.998794 -0
    outer loop
      vertex 6.04782 7.9477 5.468
      vertex 5.94 7.953 2
      vertex 6.04782 7.9477 2
    endloop
  endfacet
  facet normal -0.903977 -0.427581 0
    outer loop
      vertex 6.95627 7.27395 2
      vertex 6.91011 7.37154 5.468
      vertex 6.91011 7.37154 2
    endloop
  endfacet
  facet normal -0.903977 -0.427581 0
    outer loop
      vertex 6.91011 7.37154 5.468
      vertex 6.95627 7.27395 2
      vertex 6.95627 7.27395 5.468
    endloop
  endfacet
  facet normal 0.146737 0.989176 -0
    outer loop
      vertex 5.83218 5.7583 2
      vertex 5.7254 5.77414 5.468
      vertex 5.83218 5.7583 5.468
    endloop
  endfacet
  facet normal 0.146737 0.989176 0
    outer loop
      vertex 5.7254 5.77414 5.468
      vertex 5.83218 5.7583 2
      vertex 5.7254 5.77414 2
    endloop
  endfacet
  facet normal -0.671515 0.740991 0
    outer loop
      vertex 6.71782 6.07518 2
      vertex 6.63783 6.00269 5.468
      vertex 6.71782 6.07518 5.468
    endloop
  endfacet
  facet normal -0.671515 0.740991 0
    outer loop
      vertex 6.63783 6.00269 5.468
      vertex 6.71782 6.07518 2
      vertex 6.63783 6.00269 2
    endloop
  endfacet
  facet normal 0.0490967 0.998794 -0
    outer loop
      vertex 5.94 5.753 2
      vertex 5.83218 5.7583 5.468
      vertex 5.94 5.753 5.468
    endloop
  endfacet
  facet normal 0.0490967 0.998794 0
    outer loop
      vertex 5.83218 5.7583 5.468
      vertex 5.94 5.753 2
      vertex 5.83218 5.7583 2
    endloop
  endfacet
  facet normal 0.740991 -0.671515 0
    outer loop
      vertex 5.08969 7.55083 5.468
      vertex 5.16218 7.63082 2
      vertex 5.16218 7.63082 5.468
    endloop
  endfacet
  facet normal 0.740991 -0.671515 0
    outer loop
      vertex 5.16218 7.63082 2
      vertex 5.08969 7.55083 5.468
      vertex 5.08969 7.55083 2
    endloop
  endfacet
  facet normal 0.146737 -0.989176 0
    outer loop
      vertex 5.7254 7.93186 2
      vertex 5.83218 7.9477 5.468
      vertex 5.7254 7.93186 5.468
    endloop
  endfacet
  facet normal 0.146737 -0.989176 0
    outer loop
      vertex 5.83218 7.9477 5.468
      vertex 5.7254 7.93186 2
      vertex 5.83218 7.9477 2
    endloop
  endfacet
  facet normal 0.903977 -0.427581 0
    outer loop
      vertex 4.92373 7.27395 5.468
      vertex 4.96989 7.37154 2
      vertex 4.96989 7.37154 5.468
    endloop
  endfacet
  facet normal 0.903977 -0.427581 0
    outer loop
      vertex 4.96989 7.37154 2
      vertex 4.92373 7.27395 5.468
      vertex 4.92373 7.27395 2
    endloop
  endfacet
  facet normal 0.970028 -0.242993 0
    outer loop
      vertex 4.86114 7.0676 5.468
      vertex 4.88737 7.17231 2
      vertex 4.88737 7.17231 5.468
    endloop
  endfacet
  facet normal 0.970028 -0.242993 0
    outer loop
      vertex 4.88737 7.17231 2
      vertex 4.86114 7.0676 5.468
      vertex 4.86114 7.0676 2
    endloop
  endfacet
  facet normal -0.242993 -0.970028 0
    outer loop
      vertex 6.1546 7.93186 2
      vertex 6.25931 7.90563 5.468
      vertex 6.1546 7.93186 5.468
    endloop
  endfacet
  facet normal -0.242993 -0.970028 -0
    outer loop
      vertex 6.25931 7.90563 5.468
      vertex 6.1546 7.93186 2
      vertex 6.25931 7.90563 2
    endloop
  endfacet
  facet normal 0.970028 0.242993 0
    outer loop
      vertex 4.88737 6.53369 5.468
      vertex 4.86114 6.6384 2
      vertex 4.86114 6.6384 5.468
    endloop
  endfacet
  facet normal 0.970028 0.242993 0
    outer loop
      vertex 4.86114 6.6384 2
      vertex 4.88737 6.53369 5.468
      vertex 4.88737 6.53369 2
    endloop
  endfacet
  facet normal 0.427581 0.903977 -0
    outer loop
      vertex 5.51905 5.83673 2
      vertex 5.42146 5.88289 5.468
      vertex 5.51905 5.83673 5.468
    endloop
  endfacet
  facet normal 0.427581 0.903977 0
    outer loop
      vertex 5.42146 5.88289 5.468
      vertex 5.51905 5.83673 2
      vertex 5.42146 5.88289 2
    endloop
  endfacet
  facet normal 0.740991 0.671515 0
    outer loop
      vertex 5.16218 6.07518 5.468
      vertex 5.08969 6.15517 2
      vertex 5.08969 6.15517 5.468
    endloop
  endfacet
  facet normal 0.740991 0.671515 0
    outer loop
      vertex 5.08969 6.15517 2
      vertex 5.16218 6.07518 5.468
      vertex 5.16218 6.07518 2
    endloop
  endfacet
  facet normal -0.427581 0.903977 0
    outer loop
      vertex 6.45854 5.88289 2
      vertex 6.36095 5.83673 5.468
      vertex 6.45854 5.88289 5.468
    endloop
  endfacet
  facet normal -0.427581 0.903977 0
    outer loop
      vertex 6.36095 5.83673 5.468
      vertex 6.45854 5.88289 2
      vertex 6.36095 5.83673 2
    endloop
  endfacet
  facet normal -0.0490967 0.998794 0
    outer loop
      vertex 6.04782 5.7583 2
      vertex 5.94 5.753 5.468
      vertex 6.04782 5.7583 5.468
    endloop
  endfacet
  facet normal -0.0490967 0.998794 0
    outer loop
      vertex 5.94 5.753 5.468
      vertex 6.04782 5.7583 2
      vertex 5.94 5.753 2
    endloop
  endfacet
  facet normal 0.989176 0.146737 0
    outer loop
      vertex 4.86114 6.6384 5.468
      vertex 4.8453 6.74518 2
      vertex 4.8453 6.74518 5.468
    endloop
  endfacet
  facet normal 0.989176 0.146737 0
    outer loop
      vertex 4.8453 6.74518 2
      vertex 4.86114 6.6384 5.468
      vertex 4.86114 6.6384 2
    endloop
  endfacet
  facet normal -0.595752 0.803168 0
    outer loop
      vertex 6.63783 6.00269 2
      vertex 6.55113 5.93838 5.468
      vertex 6.63783 6.00269 5.468
    endloop
  endfacet
  facet normal -0.595752 0.803168 0
    outer loop
      vertex 6.55113 5.93838 5.468
      vertex 6.63783 6.00269 2
      vertex 6.55113 5.93838 2
    endloop
  endfacet
  facet normal 0 0 1
    outer loop
      vertex 7.0347 6.96082 2
      vertex 7.0347 6.74518 2
      vertex 7.04 6.853 2
    endloop
  endfacet
  facet normal 0 0 1
    outer loop
      vertex 7.01886 7.0676 2
      vertex 7.0347 6.74518 2
      vertex 7.0347 6.96082 2
    endloop
  endfacet
  facet normal 0 0 1
    outer loop
      vertex 7.01886 7.0676 2
      vertex 7.01886 6.6384 2
      vertex 7.0347 6.74518 2
    endloop
  endfacet
  facet normal 0 0 1
    outer loop
      vertex 6.99263 7.17231 2
      vertex 7.01886 6.6384 2
      vertex 7.01886 7.0676 2
    endloop
  endfacet
  facet normal 0 0 1
    outer loop
      vertex 6.99263 7.17231 2
      vertex 6.99263 6.53369 2
      vertex 7.01886 6.6384 2
    endloop
  endfacet
  facet normal 0 0 1
    outer loop
      vertex 6.95627 7.27395 2
      vertex 6.99263 6.53369 2
      vertex 6.99263 7.17231 2
    endloop
  endfacet
  facet normal 0 0 1
    outer loop
      vertex 6.95627 7.27395 2
      vertex 6.95627 6.43205 2
      vertex 6.99263 6.53369 2
    endloop
  endfacet
  facet normal 0 0 1
    outer loop
      vertex 6.91011 7.37154 2
      vertex 6.95627 6.43205 2
      vertex 6.95627 7.27395 2
    endloop
  endfacet
  facet normal 0 0 1
    outer loop
      vertex 6.91011 7.37154 2
      vertex 6.91011 6.33446 2
      vertex 6.95627 6.43205 2
    endloop
  endfacet
  facet normal 0 0 1
    outer loop
      vertex 6.85462 7.46413 2
      vertex 6.91011 6.33446 2
      vertex 6.91011 7.37154 2
    endloop
  endfacet
  facet normal 0 0 1
    outer loop
      vertex 6.85462 7.46413 2
      vertex 6.85462 6.24187 2
      vertex 6.91011 6.33446 2
    endloop
  endfacet
  facet normal 0 0 1
    outer loop
      vertex 6.79031 7.55083 2
      vertex 6.85462 6.24187 2
      vertex 6.85462 7.46413 2
    endloop
  endfacet
  facet normal 0 0 1
    outer loop
      vertex 6.79031 7.55083 2
      vertex 6.79031 6.15517 2
      vertex 6.85462 6.24187 2
    endloop
  endfacet
  facet normal 0 0 1
    outer loop
      vertex 6.71782 7.63082 2
      vertex 6.79031 6.15517 2
      vertex 6.79031 7.55083 2
    endloop
  endfacet
  facet normal 0 0 1
    outer loop
      vertex 6.71782 7.63082 2
      vertex 6.71782 6.07518 2
      vertex 6.79031 6.15517 2
    endloop
  endfacet
  facet normal 0 0 1
    outer loop
      vertex 6.63783 7.70331 2
      vertex 6.71782 6.07518 2
      vertex 6.71782 7.63082 2
    endloop
  endfacet
  facet normal 0 0 1
    outer loop
      vertex 6.63783 7.70331 2
      vertex 6.63783 6.00269 2
      vertex 6.71782 6.07518 2
    endloop
  endfacet
  facet normal 0 0 1
    outer loop
      vertex 6.55113 7.76762 2
      vertex 6.63783 6.00269 2
      vertex 6.63783 7.70331 2
    endloop
  endfacet
  facet normal 0 0 1
    outer loop
      vertex 6.55113 7.76762 2
      vertex 6.55113 5.93838 2
      vertex 6.63783 6.00269 2
    endloop
  endfacet
  facet normal 0 0 1
    outer loop
      vertex 6.45854 7.82311 2
      vertex 6.55113 5.93838 2
      vertex 6.55113 7.76762 2
    endloop
  endfacet
  facet normal 0 0 1
    outer loop
      vertex 6.45854 7.82311 2
      vertex 6.45854 5.88289 2
      vertex 6.55113 5.93838 2
    endloop
  endfacet
  facet normal 0 0 1
    outer loop
      vertex 6.36095 7.86927 2
      vertex 6.45854 5.88289 2
      vertex 6.45854 7.82311 2
    endloop
  endfacet
  facet normal 0 0 1
    outer loop
      vertex 6.36095 7.86927 2
      vertex 6.36095 5.83673 2
      vertex 6.45854 5.88289 2
    endloop
  endfacet
  facet normal 0 0 1
    outer loop
      vertex 6.25931 7.90563 2
      vertex 6.36095 5.83673 2
      vertex 6.36095 7.86927 2
    endloop
  endfacet
  facet normal 0 0 1
    outer loop
      vertex 6.25931 7.90563 2
      vertex 6.25931 5.80037 2
      vertex 6.36095 5.83673 2
    endloop
  endfacet
  facet normal 0 0 1
    outer loop
      vertex 6.1546 7.93186 2
      vertex 6.25931 5.80037 2
      vertex 6.25931 7.90563 2
    endloop
  endfacet
  facet normal 0 0 1
    outer loop
      vertex 6.1546 7.93186 2
      vertex 6.1546 5.77414 2
      vertex 6.25931 5.80037 2
    endloop
  endfacet
  facet normal 0 0 1
    outer loop
      vertex 6.04782 7.9477 2
      vertex 6.1546 5.77414 2
      vertex 6.1546 7.93186 2
    endloop
  endfacet
  facet normal 0 0 1
    outer loop
      vertex 6.04782 7.9477 2
      vertex 6.04782 5.7583 2
      vertex 6.1546 5.77414 2
    endloop
  endfacet
  facet normal 0 0 1
    outer loop
      vertex 5.94 7.953 2
      vertex 6.04782 5.7583 2
      vertex 6.04782 7.9477 2
    endloop
  endfacet
  facet normal 0 0 1
    outer loop
      vertex 5.94 7.953 2
      vertex 5.94 5.753 2
      vertex 6.04782 5.7583 2
    endloop
  endfacet
  facet normal -0 0 1
    outer loop
      vertex 5.83218 7.9477 2
      vertex 5.94 5.753 2
      vertex 5.94 7.953 2
    endloop
  endfacet
  facet normal 0 0 1
    outer loop
      vertex 5.83218 7.9477 2
      vertex 5.83218 5.7583 2
      vertex 5.94 5.753 2
    endloop
  endfacet
  facet normal -0 0 1
    outer loop
      vertex 5.7254 7.93186 2
      vertex 5.83218 5.7583 2
      vertex 5.83218 7.9477 2
    endloop
  endfacet
  facet normal 0 0 1
    outer loop
      vertex 5.7254 7.93186 2
      vertex 5.7254 5.77414 2
      vertex 5.83218 5.7583 2
    endloop
  endfacet
  facet normal -0 0 1
    outer loop
      vertex 5.62069 7.90563 2
      vertex 5.7254 5.77414 2
      vertex 5.7254 7.93186 2
    endloop
  endfacet
  facet normal 0 0 1
    outer loop
      vertex 5.62069 7.90563 2
      vertex 5.62069 5.80037 2
      vertex 5.7254 5.77414 2
    endloop
  endfacet
  facet normal -0 0 1
    outer loop
      vertex 5.51905 7.86927 2
      vertex 5.62069 5.80037 2
      vertex 5.62069 7.90563 2
    endloop
  endfacet
  facet normal 0 0 1
    outer loop
      vertex 5.51905 7.86927 2
      vertex 5.51905 5.83673 2
      vertex 5.62069 5.80037 2
    endloop
  endfacet
  facet normal -0 0 1
    outer loop
      vertex 5.42146 7.82311 2
      vertex 5.51905 5.83673 2
      vertex 5.51905 7.86927 2
    endloop
  endfacet
  facet normal 0 0 1
    outer loop
      vertex 5.42146 7.82311 2
      vertex 5.42146 5.88289 2
      vertex 5.51905 5.83673 2
    endloop
  endfacet
  facet normal -0 0 1
    outer loop
      vertex 5.32887 7.76762 2
      vertex 5.42146 5.88289 2
      vertex 5.42146 7.82311 2
    endloop
  endfacet
  facet normal 0 0 1
    outer loop
      vertex 5.32887 7.76762 2
      vertex 5.32887 5.93838 2
      vertex 5.42146 5.88289 2
    endloop
  endfacet
  facet normal -0 0 1
    outer loop
      vertex 5.24217 7.70331 2
      vertex 5.32887 5.93838 2
      vertex 5.32887 7.76762 2
    endloop
  endfacet
  facet normal 0 0 1
    outer loop
      vertex 5.24217 7.70331 2
      vertex 5.24217 6.00269 2
      vertex 5.32887 5.93838 2
    endloop
  endfacet
  facet normal -0 0 1
    outer loop
      vertex 5.16218 7.63082 2
      vertex 5.24217 6.00269 2
      vertex 5.24217 7.70331 2
    endloop
  endfacet
  facet normal 0 0 1
    outer loop
      vertex 5.16218 7.63082 2
      vertex 5.16218 6.07518 2
      vertex 5.24217 6.00269 2
    endloop
  endfacet
  facet normal -0 0 1
    outer loop
      vertex 5.08969 7.55083 2
      vertex 5.16218 6.07518 2
      vertex 5.16218 7.63082 2
    endloop
  endfacet
  facet normal 0 0 1
    outer loop
      vertex 5.08969 7.55083 2
      vertex 5.08969 6.15517 2
      vertex 5.16218 6.07518 2
    endloop
  endfacet
  facet normal -0 0 1
    outer loop
      vertex 5.02538 7.46413 2
      vertex 5.08969 6.15517 2
      vertex 5.08969 7.55083 2
    endloop
  endfacet
  facet normal 0 0 1
    outer loop
      vertex 5.02538 7.46413 2
      vertex 5.02538 6.24187 2
      vertex 5.08969 6.15517 2
    endloop
  endfacet
  facet normal -0 0 1
    outer loop
      vertex 4.96989 7.37154 2
      vertex 5.02538 6.24187 2
      vertex 5.02538 7.46413 2
    endloop
  endfacet
  facet normal 0 0 1
    outer loop
      vertex 4.96989 7.37154 2
      vertex 4.96989 6.33446 2
      vertex 5.02538 6.24187 2
    endloop
  endfacet
  facet normal -0 0 1
    outer loop
      vertex 4.92373 7.27395 2
      vertex 4.96989 6.33446 2
      vertex 4.96989 7.37154 2
    endloop
  endfacet
  facet normal 0 0 1
    outer loop
      vertex 4.92373 7.27395 2
      vertex 4.92373 6.43205 2
      vertex 4.96989 6.33446 2
    endloop
  endfacet
  facet normal -0 0 1
    outer loop
      vertex 4.88737 7.17231 2
      vertex 4.92373 6.43205 2
      vertex 4.92373 7.27395 2
    endloop
  endfacet
  facet normal 0 0 1
    outer loop
      vertex 4.88737 7.17231 2
      vertex 4.88737 6.53369 2
      vertex 4.92373 6.43205 2
    endloop
  endfacet
  facet normal -0 0 1
    outer loop
      vertex 4.86114 7.0676 2
      vertex 4.88737 6.53369 2
      vertex 4.88737 7.17231 2
    endloop
  endfacet
  facet normal 0 0 1
    outer loop
      vertex 4.86114 7.0676 2
      vertex 4.86114 6.6384 2
      vertex 4.88737 6.53369 2
    endloop
  endfacet
  facet normal -0 0 1
    outer loop
      vertex 4.8453 6.96082 2
      vertex 4.86114 6.6384 2
      vertex 4.86114 7.0676 2
    endloop
  endfacet
  facet normal 0 0 1
    outer loop
      vertex 4.8453 6.96082 2
      vertex 4.8453 6.74518 2
      vertex 4.86114 6.6384 2
    endloop
  endfacet
  facet normal 0 -0 1
    outer loop
      vertex 4.8453 6.74518 2
      vertex 4.8453 6.96082 2
      vertex 4.84 6.853 2
    endloop
  endfacet
  facet normal 0.803168 0.595752 0
    outer loop
      vertex 5.08969 6.15517 5.468
      vertex 5.02538 6.24187 2
      vertex 5.02538 6.24187 5.468
    endloop
  endfacet
  facet normal 0.803168 0.595752 0
    outer loop
      vertex 5.02538 6.24187 2
      vertex 5.08969 6.15517 5.468
      vertex 5.08969 6.15517 2
    endloop
  endfacet
  facet normal 0.998794 -0.0490967 0
    outer loop
      vertex 4.84 6.853 5.468
      vertex 4.8453 6.96082 2
      vertex 4.8453 6.96082 5.468
    endloop
  endfacet
  facet normal 0.998794 -0.0490967 0
    outer loop
      vertex 4.8453 6.96082 2
      vertex 4.84 6.853 5.468
      vertex 4.84 6.853 2
    endloop
  endfacet
  facet normal -0.740991 0.671515 0
    outer loop
      vertex 6.71782 6.07518 2
      vertex 6.79031 6.15517 5.468
      vertex 6.79031 6.15517 2
    endloop
  endfacet
  facet normal -0.740991 0.671515 0
    outer loop
      vertex 6.79031 6.15517 5.468
      vertex 6.71782 6.07518 2
      vertex 6.71782 6.07518 5.468
    endloop
  endfacet
  facet normal 0.336336 0.941742 -0
    outer loop
      vertex 5.62069 53.2984 2
      vertex 5.51905 53.3347 5.468
      vertex 5.62069 53.2984 5.468
    endloop
  endfacet
  facet normal 0.336336 0.941742 0
    outer loop
      vertex 5.51905 53.3347 5.468
      vertex 5.62069 53.2984 2
      vertex 5.51905 53.3347 2
    endloop
  endfacet
  facet normal -0.98918 -0.14671 0
    outer loop
      vertex 7.0347 54.4588 2
      vertex 7.01886 54.5656 5.468
      vertex 7.01886 54.5656 2
    endloop
  endfacet
  facet normal -0.98918 -0.14671 0
    outer loop
      vertex 7.01886 54.5656 5.468
      vertex 7.0347 54.4588 2
      vertex 7.0347 54.4588 5.468
    endloop
  endfacet
  facet normal -0.998794 -0.0491058 0
    outer loop
      vertex 7.04 54.351 2
      vertex 7.0347 54.4588 5.468
      vertex 7.0347 54.4588 2
    endloop
  endfacet
  facet normal -0.998794 -0.0491058 0
    outer loop
      vertex 7.0347 54.4588 5.468
      vertex 7.04 54.351 2
      vertex 7.04 54.351 5.468
    endloop
  endfacet
  facet normal -0.970022 -0.243015 0
    outer loop
      vertex 7.01886 54.5656 2
      vertex 6.99263 54.6703 5.468
      vertex 6.99263 54.6703 2
    endloop
  endfacet
  facet normal -0.970022 -0.243015 0
    outer loop
      vertex 6.99263 54.6703 5.468
      vertex 7.01886 54.5656 2
      vertex 7.01886 54.5656 5.468
    endloop
  endfacet
  facet normal 0.98918 -0.14671 0
    outer loop
      vertex 4.8453 54.4588 5.468
      vertex 4.86114 54.5656 2
      vertex 4.86114 54.5656 5.468
    endloop
  endfacet
  facet normal 0.98918 -0.14671 0
    outer loop
      vertex 4.86114 54.5656 2
      vertex 4.8453 54.4588 5.468
      vertex 4.8453 54.4588 2
    endloop
  endfacet
  facet normal 0.243603 0.969875 -0
    outer loop
      vertex 5.7254 53.2721 2
      vertex 5.62069 53.2984 5.468
      vertex 5.7254 53.2721 5.468
    endloop
  endfacet
  facet normal 0.243603 0.969875 0
    outer loop
      vertex 5.62069 53.2984 5.468
      vertex 5.7254 53.2721 2
      vertex 5.62069 53.2984 2
    endloop
  endfacet
  facet normal -0.336336 -0.941742 0
    outer loop
      vertex 6.25931 55.4036 2
      vertex 6.36095 55.3673 5.468
      vertex 6.25931 55.4036 5.468
    endloop
  endfacet
  facet normal -0.336336 -0.941742 -0
    outer loop
      vertex 6.36095 55.3673 5.468
      vertex 6.25931 55.4036 2
      vertex 6.36095 55.3673 2
    endloop
  endfacet
  facet normal 0.514128 -0.857714 0
    outer loop
      vertex 5.32887 55.2656 2
      vertex 5.42146 55.3211 5.468
      vertex 5.32887 55.2656 5.468
    endloop
  endfacet
  facet normal 0.514128 -0.857714 0
    outer loop
      vertex 5.42146 55.3211 5.468
      vertex 5.32887 55.2656 2
      vertex 5.42146 55.3211 2
    endloop
  endfacet
  facet normal 0.903825 0.427903 0
    outer loop
      vertex 4.96989 53.8325 5.468
      vertex 4.92373 53.93 2
      vertex 4.92373 53.93 5.468
    endloop
  endfacet
  facet normal 0.903825 0.427903 0
    outer loop
      vertex 4.92373 53.93 2
      vertex 4.96989 53.8325 5.468
      vertex 4.96989 53.8325 2
    endloop
  endfacet
  facet normal 0.243603 -0.969875 0
    outer loop
      vertex 5.62069 55.4036 2
      vertex 5.7254 55.4299 5.468
      vertex 5.62069 55.4036 5.468
    endloop
  endfacet
  facet normal 0.243603 -0.969875 0
    outer loop
      vertex 5.7254 55.4299 5.468
      vertex 5.62069 55.4036 2
      vertex 5.7254 55.4299 2
    endloop
  endfacet
  facet normal 0.857779 0.514019 0
    outer loop
      vertex 5.02538 53.7399 5.468
      vertex 4.96989 53.8325 2
      vertex 4.96989 53.8325 5.468
    endloop
  endfacet
  facet normal 0.857779 0.514019 0
    outer loop
      vertex 4.96989 53.8325 2
      vertex 5.02538 53.7399 5.468
      vertex 5.02538 53.7399 2
    endloop
  endfacet
  facet normal -0.243603 0.969875 0
    outer loop
      vertex 6.25931 53.2984 2
      vertex 6.1546 53.2721 5.468
      vertex 6.25931 53.2984 5.468
    endloop
  endfacet
  facet normal -0.243603 0.969875 0
    outer loop
      vertex 6.1546 53.2721 5.468
      vertex 6.25931 53.2984 2
      vertex 6.1546 53.2721 2
    endloop
  endfacet
  facet normal 0.595693 0.803212 -0
    outer loop
      vertex 5.32887 53.4364 2
      vertex 5.24217 53.5007 5.468
      vertex 5.32887 53.4364 5.468
    endloop
  endfacet
  facet normal 0.595693 0.803212 0
    outer loop
      vertex 5.24217 53.5007 5.468
      vertex 5.32887 53.4364 2
      vertex 5.24217 53.5007 2
    endloop
  endfacet
  facet normal -0.514128 0.857714 0
    outer loop
      vertex 6.55113 53.4364 2
      vertex 6.45854 53.3809 5.468
      vertex 6.55113 53.4364 5.468
    endloop
  endfacet
  facet normal -0.514128 0.857714 0
    outer loop
      vertex 6.45854 53.3809 5.468
      vertex 6.55113 53.4364 2
      vertex 6.45854 53.3809 2
    endloop
  endfacet
  facet normal -0.803168 0.595752 0
    outer loop
      vertex 6.79031 53.6532 2
      vertex 6.85462 53.7399 5.468
      vertex 6.85462 53.7399 2
    endloop
  endfacet
  facet normal -0.803168 0.595752 0
    outer loop
      vertex 6.85462 53.7399 5.468
      vertex 6.79031 53.6532 2
      vertex 6.79031 53.6532 5.468
    endloop
  endfacet
  facet normal -0.146374 -0.989229 0
    outer loop
      vertex 6.04782 55.4457 2
      vertex 6.1546 55.4299 5.468
      vertex 6.04782 55.4457 5.468
    endloop
  endfacet
  facet normal -0.146374 -0.989229 -0
    outer loop
      vertex 6.1546 55.4299 5.468
      vertex 6.04782 55.4457 2
      vertex 6.1546 55.4299 2
    endloop
  endfacet
  facet normal 0.595693 -0.803212 0
    outer loop
      vertex 5.24217 55.2013 2
      vertex 5.32887 55.2656 5.468
      vertex 5.24217 55.2013 5.468
    endloop
  endfacet
  facet normal 0.595693 -0.803212 0
    outer loop
      vertex 5.32887 55.2656 5.468
      vertex 5.24217 55.2013 2
      vertex 5.32887 55.2656 2
    endloop
  endfacet
  facet normal 0.803168 -0.595752 0
    outer loop
      vertex 5.02538 54.9621 5.468
      vertex 5.08969 55.0488 2
      vertex 5.08969 55.0488 5.468
    endloop
  endfacet
  facet normal 0.803168 -0.595752 0
    outer loop
      vertex 5.08969 55.0488 2
      vertex 5.02538 54.9621 5.468
      vertex 5.02538 54.9621 2
    endloop
  endfacet
  facet normal -0.98918 0.14671 0
    outer loop
      vertex 7.01886 54.1364 2
      vertex 7.0347 54.2432 5.468
      vertex 7.0347 54.2432 2
    endloop
  endfacet
  facet normal -0.98918 0.14671 0
    outer loop
      vertex 7.0347 54.2432 5.468
      vertex 7.01886 54.1364 2
      vertex 7.01886 54.1364 5.468
    endloop
  endfacet
  facet normal 0.941524 -0.336947 0
    outer loop
      vertex 4.88737 54.6703 5.468
      vertex 4.92373 54.7719 2
      vertex 4.92373 54.7719 5.468
    endloop
  endfacet
  facet normal 0.941524 -0.336947 0
    outer loop
      vertex 4.92373 54.7719 2
      vertex 4.88737 54.6703 5.468
      vertex 4.88737 54.6703 2
    endloop
  endfacet
  facet normal -0.427883 -0.903834 0
    outer loop
      vertex 6.36095 55.3673 2
      vertex 6.45854 55.3211 5.468
      vertex 6.36095 55.3673 5.468
    endloop
  endfacet
  facet normal -0.427883 -0.903834 -0
    outer loop
      vertex 6.45854 55.3211 5.468
      vertex 6.36095 55.3673 2
      vertex 6.45854 55.3211 2
    endloop
  endfacet
  facet normal 0.941629 0.336653 0
    outer loop
      vertex 4.92373 53.93 5.468
      vertex 4.88737 54.0317 2
      vertex 4.88737 54.0317 5.468
    endloop
  endfacet
  facet normal 0.941629 0.336653 0
    outer loop
      vertex 4.88737 54.0317 2
      vertex 4.92373 53.93 5.468
      vertex 4.92373 53.93 2
    endloop
  endfacet
  facet normal -0.970022 0.243015 0
    outer loop
      vertex 6.99263 54.0317 2
      vertex 7.01886 54.1364 5.468
      vertex 7.01886 54.1364 2
    endloop
  endfacet
  facet normal -0.970022 0.243015 0
    outer loop
      vertex 7.01886 54.1364 5.468
      vertex 6.99263 54.0317 2
      vertex 6.99263 54.0317 5.468
    endloop
  endfacet
  facet normal 0.0490967 -0.998794 0
    outer loop
      vertex 5.83218 55.4457 2
      vertex 5.94 55.451 5.468
      vertex 5.83218 55.4457 5.468
    endloop
  endfacet
  facet normal 0.0490967 -0.998794 0
    outer loop
      vertex 5.94 55.451 5.468
      vertex 5.83218 55.4457 2
      vertex 5.94 55.451 2
    endloop
  endfacet
  facet normal -0.671566 -0.740945 0
    outer loop
      vertex 6.63783 55.2013 2
      vertex 6.71782 55.1288 5.468
      vertex 6.63783 55.2013 5.468
    endloop
  endfacet
  facet normal -0.671566 -0.740945 -0
    outer loop
      vertex 6.71782 55.1288 5.468
      vertex 6.63783 55.2013 2
      vertex 6.71782 55.1288 2
    endloop
  endfacet
  facet normal 0.427883 -0.903834 0
    outer loop
      vertex 5.42146 55.3211 2
      vertex 5.51905 55.3673 5.468
      vertex 5.42146 55.3211 5.468
    endloop
  endfacet
  facet normal 0.427883 -0.903834 0
    outer loop
      vertex 5.51905 55.3673 5.468
      vertex 5.42146 55.3211 2
      vertex 5.51905 55.3673 2
    endloop
  endfacet
  facet normal 0.671566 -0.740945 0
    outer loop
      vertex 5.16218 55.1288 2
      vertex 5.24217 55.2013 5.468
      vertex 5.16218 55.1288 5.468
    endloop
  endfacet
  facet normal 0.671566 -0.740945 0
    outer loop
      vertex 5.24217 55.2013 5.468
      vertex 5.16218 55.1288 2
      vertex 5.24217 55.2013 2
    endloop
  endfacet
  facet normal -0.336336 0.941742 0
    outer loop
      vertex 6.36095 53.3347 2
      vertex 6.25931 53.2984 5.468
      vertex 6.36095 53.3347 5.468
    endloop
  endfacet
  facet normal -0.336336 0.941742 0
    outer loop
      vertex 6.25931 53.2984 5.468
      vertex 6.36095 53.3347 2
      vertex 6.25931 53.2984 2
    endloop
  endfacet
  facet normal 0.336336 -0.941742 0
    outer loop
      vertex 5.51905 55.3673 2
      vertex 5.62069 55.4036 5.468
      vertex 5.51905 55.3673 5.468
    endloop
  endfacet
  facet normal 0.336336 -0.941742 0
    outer loop
      vertex 5.62069 55.4036 5.468
      vertex 5.51905 55.3673 2
      vertex 5.62069 55.4036 2
    endloop
  endfacet
  facet normal -0.803168 -0.595752 0
    outer loop
      vertex 6.85462 54.9621 2
      vertex 6.79031 55.0488 5.468
      vertex 6.79031 55.0488 2
    endloop
  endfacet
  facet normal -0.803168 -0.595752 0
    outer loop
      vertex 6.79031 55.0488 5.468
      vertex 6.85462 54.9621 2
      vertex 6.85462 54.9621 5.468
    endloop
  endfacet
  facet normal 0.857779 -0.514019 0
    outer loop
      vertex 4.96989 54.8695 5.468
      vertex 5.02538 54.9621 2
      vertex 5.02538 54.9621 5.468
    endloop
  endfacet
  facet normal 0.857779 -0.514019 0
    outer loop
      vertex 5.02538 54.9621 2
      vertex 4.96989 54.8695 5.468
      vertex 4.96989 54.8695 2
    endloop
  endfacet
  facet normal -0.998794 0.0491058 0
    outer loop
      vertex 7.0347 54.2432 2
      vertex 7.04 54.351 5.468
      vertex 7.04 54.351 2
    endloop
  endfacet
  facet normal -0.998794 0.0491058 0
    outer loop
      vertex 7.04 54.351 5.468
      vertex 7.0347 54.2432 2
      vertex 7.0347 54.2432 5.468
    endloop
  endfacet
  facet normal -0.903825 0.427903 0
    outer loop
      vertex 6.91011 53.8325 2
      vertex 6.95627 53.93 5.468
      vertex 6.95627 53.93 2
    endloop
  endfacet
  facet normal -0.903825 0.427903 0
    outer loop
      vertex 6.95627 53.93 5.468
      vertex 6.91011 53.8325 2
      vertex 6.91011 53.8325 5.468
    endloop
  endfacet
  facet normal 0.671566 0.740945 -0
    outer loop
      vertex 5.24217 53.5007 2
      vertex 5.16218 53.5732 5.468
      vertex 5.24217 53.5007 5.468
    endloop
  endfacet
  facet normal 0.671566 0.740945 0
    outer loop
      vertex 5.16218 53.5732 5.468
      vertex 5.24217 53.5007 2
      vertex 5.16218 53.5732 2
    endloop
  endfacet
  facet normal -0.595693 -0.803212 0
    outer loop
      vertex 6.55113 55.2656 2
      vertex 6.63783 55.2013 5.468
      vertex 6.55113 55.2656 5.468
    endloop
  endfacet
  facet normal -0.595693 -0.803212 -0
    outer loop
      vertex 6.63783 55.2013 5.468
      vertex 6.55113 55.2656 2
      vertex 6.63783 55.2013 2
    endloop
  endfacet
  facet normal 0.514128 0.857714 -0
    outer loop
      vertex 5.42146 53.3809 2
      vertex 5.32887 53.4364 5.468
      vertex 5.42146 53.3809 5.468
    endloop
  endfacet
  facet normal 0.514128 0.857714 0
    outer loop
      vertex 5.32887 53.4364 5.468
      vertex 5.42146 53.3809 2
      vertex 5.32887 53.4364 2
    endloop
  endfacet
  facet normal -0.514128 -0.857714 0
    outer loop
      vertex 6.45854 55.3211 2
      vertex 6.55113 55.2656 5.468
      vertex 6.45854 55.3211 5.468
    endloop
  endfacet
  facet normal -0.514128 -0.857714 -0
    outer loop
      vertex 6.55113 55.2656 5.468
      vertex 6.45854 55.3211 2
      vertex 6.55113 55.2656 2
    endloop
  endfacet
  facet normal -0.146374 0.989229 0
    outer loop
      vertex 6.1546 53.2721 2
      vertex 6.04782 53.2563 5.468
      vertex 6.1546 53.2721 5.468
    endloop
  endfacet
  facet normal -0.146374 0.989229 0
    outer loop
      vertex 6.04782 53.2563 5.468
      vertex 6.1546 53.2721 2
      vertex 6.04782 53.2563 2
    endloop
  endfacet
  facet normal -0.941524 -0.336947 0
    outer loop
      vertex 6.99263 54.6703 2
      vertex 6.95627 54.7719 5.468
      vertex 6.95627 54.7719 2
    endloop
  endfacet
  facet normal -0.941524 -0.336947 0
    outer loop
      vertex 6.95627 54.7719 5.468
      vertex 6.99263 54.6703 2
      vertex 6.99263 54.6703 5.468
    endloop
  endfacet
  facet normal -0.857779 0.514019 0
    outer loop
      vertex 6.85462 53.7399 2
      vertex 6.91011 53.8325 5.468
      vertex 6.91011 53.8325 2
    endloop
  endfacet
  facet normal -0.857779 0.514019 0
    outer loop
      vertex 6.91011 53.8325 5.468
      vertex 6.85462 53.7399 2
      vertex 6.85462 53.7399 5.468
    endloop
  endfacet
  facet normal 0.998794 0.0491058 0
    outer loop
      vertex 4.8453 54.2432 5.468
      vertex 4.84 54.351 2
      vertex 4.84 54.351 5.468
    endloop
  endfacet
  facet normal 0.998794 0.0491058 0
    outer loop
      vertex 4.84 54.351 2
      vertex 4.8453 54.2432 5.468
      vertex 4.8453 54.2432 2
    endloop
  endfacet
  facet normal -0.941629 0.336653 0
    outer loop
      vertex 6.95627 53.93 2
      vertex 6.99263 54.0317 5.468
      vertex 6.99263 54.0317 2
    endloop
  endfacet
  facet normal -0.941629 0.336653 0
    outer loop
      vertex 6.99263 54.0317 5.468
      vertex 6.95627 53.93 2
      vertex 6.95627 53.93 5.468
    endloop
  endfacet
  facet normal -0.741033 -0.671469 0
    outer loop
      vertex 6.79031 55.0488 2
      vertex 6.71782 55.1288 5.468
      vertex 6.71782 55.1288 2
    endloop
  endfacet
  facet normal -0.741033 -0.671469 0
    outer loop
      vertex 6.71782 55.1288 5.468
      vertex 6.79031 55.0488 2
      vertex 6.79031 55.0488 5.468
    endloop
  endfacet
  facet normal -0.0490967 -0.998794 0
    outer loop
      vertex 5.94 55.451 2
      vertex 6.04782 55.4457 5.468
      vertex 5.94 55.451 5.468
    endloop
  endfacet
  facet normal -0.0490967 -0.998794 -0
    outer loop
      vertex 6.04782 55.4457 5.468
      vertex 5.94 55.451 2
      vertex 6.04782 55.4457 2
    endloop
  endfacet
  facet normal -0.903994 -0.427545 0
    outer loop
      vertex 6.95627 54.7719 2
      vertex 6.91011 54.8695 5.468
      vertex 6.91011 54.8695 2
    endloop
  endfacet
  facet normal -0.903994 -0.427545 0
    outer loop
      vertex 6.91011 54.8695 5.468
      vertex 6.95627 54.7719 2
      vertex 6.95627 54.7719 5.468
    endloop
  endfacet
  facet normal 0.146374 0.989229 -0
    outer loop
      vertex 5.83218 53.2563 2
      vertex 5.7254 53.2721 5.468
      vertex 5.83218 53.2563 5.468
    endloop
  endfacet
  facet normal 0.146374 0.989229 0
    outer loop
      vertex 5.7254 53.2721 5.468
      vertex 5.83218 53.2563 2
      vertex 5.7254 53.2721 2
    endloop
  endfacet
  facet normal -0.671566 0.740945 0
    outer loop
      vertex 6.71782 53.5732 2
      vertex 6.63783 53.5007 5.468
      vertex 6.71782 53.5732 5.468
    endloop
  endfacet
  facet normal -0.671566 0.740945 0
    outer loop
      vertex 6.63783 53.5007 5.468
      vertex 6.71782 53.5732 2
      vertex 6.63783 53.5007 2
    endloop
  endfacet
  facet normal -0.857779 -0.514019 0
    outer loop
      vertex 6.91011 54.8695 2
      vertex 6.85462 54.9621 5.468
      vertex 6.85462 54.9621 2
    endloop
  endfacet
  facet normal -0.857779 -0.514019 0
    outer loop
      vertex 6.85462 54.9621 5.468
      vertex 6.91011 54.8695 2
      vertex 6.91011 54.8695 5.468
    endloop
  endfacet
  facet normal 0.0490967 0.998794 -0
    outer loop
      vertex 5.94 53.251 2
      vertex 5.83218 53.2563 5.468
      vertex 5.94 53.251 5.468
    endloop
  endfacet
  facet normal 0.0490967 0.998794 0
    outer loop
      vertex 5.83218 53.2563 5.468
      vertex 5.94 53.251 2
      vertex 5.83218 53.2563 2
    endloop
  endfacet
  facet normal 0.741033 -0.671469 0
    outer loop
      vertex 5.08969 55.0488 5.468
      vertex 5.16218 55.1288 2
      vertex 5.16218 55.1288 5.468
    endloop
  endfacet
  facet normal 0.741033 -0.671469 0
    outer loop
      vertex 5.16218 55.1288 2
      vertex 5.08969 55.0488 5.468
      vertex 5.08969 55.0488 2
    endloop
  endfacet
  facet normal 0.146374 -0.989229 0
    outer loop
      vertex 5.7254 55.4299 2
      vertex 5.83218 55.4457 5.468
      vertex 5.7254 55.4299 5.468
    endloop
  endfacet
  facet normal 0.146374 -0.989229 0
    outer loop
      vertex 5.83218 55.4457 5.468
      vertex 5.7254 55.4299 2
      vertex 5.83218 55.4457 2
    endloop
  endfacet
  facet normal 0.903994 -0.427545 0
    outer loop
      vertex 4.92373 54.7719 5.468
      vertex 4.96989 54.8695 2
      vertex 4.96989 54.8695 5.468
    endloop
  endfacet
  facet normal 0.903994 -0.427545 0
    outer loop
      vertex 4.96989 54.8695 2
      vertex 4.92373 54.7719 5.468
      vertex 4.92373 54.7719 2
    endloop
  endfacet
  facet normal 0.970022 -0.243015 0
    outer loop
      vertex 4.86114 54.5656 5.468
      vertex 4.88737 54.6703 2
      vertex 4.88737 54.6703 5.468
    endloop
  endfacet
  facet normal 0.970022 -0.243015 0
    outer loop
      vertex 4.88737 54.6703 2
      vertex 4.86114 54.5656 5.468
      vertex 4.86114 54.5656 2
    endloop
  endfacet
  facet normal -0.243603 -0.969875 0
    outer loop
      vertex 6.1546 55.4299 2
      vertex 6.25931 55.4036 5.468
      vertex 6.1546 55.4299 5.468
    endloop
  endfacet
  facet normal -0.243603 -0.969875 -0
    outer loop
      vertex 6.25931 55.4036 5.468
      vertex 6.1546 55.4299 2
      vertex 6.25931 55.4036 2
    endloop
  endfacet
  facet normal 0.970022 0.243015 0
    outer loop
      vertex 4.88737 54.0317 5.468
      vertex 4.86114 54.1364 2
      vertex 4.86114 54.1364 5.468
    endloop
  endfacet
  facet normal 0.970022 0.243015 0
    outer loop
      vertex 4.86114 54.1364 2
      vertex 4.88737 54.0317 5.468
      vertex 4.88737 54.0317 2
    endloop
  endfacet
  facet normal 0.427883 0.903834 -0
    outer loop
      vertex 5.51905 53.3347 2
      vertex 5.42146 53.3809 5.468
      vertex 5.51905 53.3347 5.468
    endloop
  endfacet
  facet normal 0.427883 0.903834 0
    outer loop
      vertex 5.42146 53.3809 5.468
      vertex 5.51905 53.3347 2
      vertex 5.42146 53.3809 2
    endloop
  endfacet
  facet normal 0.741033 0.671469 0
    outer loop
      vertex 5.16218 53.5732 5.468
      vertex 5.08969 53.6532 2
      vertex 5.08969 53.6532 5.468
    endloop
  endfacet
  facet normal 0.741033 0.671469 0
    outer loop
      vertex 5.08969 53.6532 2
      vertex 5.16218 53.5732 5.468
      vertex 5.16218 53.5732 2
    endloop
  endfacet
  facet normal -0.427883 0.903834 0
    outer loop
      vertex 6.45854 53.3809 2
      vertex 6.36095 53.3347 5.468
      vertex 6.45854 53.3809 5.468
    endloop
  endfacet
  facet normal -0.427883 0.903834 0
    outer loop
      vertex 6.36095 53.3347 5.468
      vertex 6.45854 53.3809 2
      vertex 6.36095 53.3347 2
    endloop
  endfacet
  facet normal -0.0490967 0.998794 0
    outer loop
      vertex 6.04782 53.2563 2
      vertex 5.94 53.251 5.468
      vertex 6.04782 53.2563 5.468
    endloop
  endfacet
  facet normal -0.0490967 0.998794 0
    outer loop
      vertex 5.94 53.251 5.468
      vertex 6.04782 53.2563 2
      vertex 5.94 53.251 2
    endloop
  endfacet
  facet normal 0.98918 0.14671 0
    outer loop
      vertex 4.86114 54.1364 5.468
      vertex 4.8453 54.2432 2
      vertex 4.8453 54.2432 5.468
    endloop
  endfacet
  facet normal 0.98918 0.14671 0
    outer loop
      vertex 4.8453 54.2432 2
      vertex 4.86114 54.1364 5.468
      vertex 4.86114 54.1364 2
    endloop
  endfacet
  facet normal -0.595693 0.803212 0
    outer loop
      vertex 6.63783 53.5007 2
      vertex 6.55113 53.4364 5.468
      vertex 6.63783 53.5007 5.468
    endloop
  endfacet
  facet normal -0.595693 0.803212 0
    outer loop
      vertex 6.55113 53.4364 5.468
      vertex 6.63783 53.5007 2
      vertex 6.55113 53.4364 2
    endloop
  endfacet
  facet normal 0 0 1
    outer loop
      vertex 7.0347 54.4588 2
      vertex 7.0347 54.2432 2
      vertex 7.04 54.351 2
    endloop
  endfacet
  facet normal 0 0 1
    outer loop
      vertex 7.01886 54.5656 2
      vertex 7.0347 54.2432 2
      vertex 7.0347 54.4588 2
    endloop
  endfacet
  facet normal 0 0 1
    outer loop
      vertex 7.01886 54.5656 2
      vertex 7.01886 54.1364 2
      vertex 7.0347 54.2432 2
    endloop
  endfacet
  facet normal 0 0 1
    outer loop
      vertex 6.99263 54.6703 2
      vertex 7.01886 54.1364 2
      vertex 7.01886 54.5656 2
    endloop
  endfacet
  facet normal 0 0 1
    outer loop
      vertex 6.99263 54.6703 2
      vertex 6.99263 54.0317 2
      vertex 7.01886 54.1364 2
    endloop
  endfacet
  facet normal 0 0 1
    outer loop
      vertex 6.95627 54.7719 2
      vertex 6.99263 54.0317 2
      vertex 6.99263 54.6703 2
    endloop
  endfacet
  facet normal 0 0 1
    outer loop
      vertex 6.95627 54.7719 2
      vertex 6.95627 53.93 2
      vertex 6.99263 54.0317 2
    endloop
  endfacet
  facet normal 0 0 1
    outer loop
      vertex 6.91011 54.8695 2
      vertex 6.95627 53.93 2
      vertex 6.95627 54.7719 2
    endloop
  endfacet
  facet normal 0 0 1
    outer loop
      vertex 6.91011 54.8695 2
      vertex 6.91011 53.8325 2
      vertex 6.95627 53.93 2
    endloop
  endfacet
  facet normal 0 0 1
    outer loop
      vertex 6.85462 54.9621 2
      vertex 6.91011 53.8325 2
      vertex 6.91011 54.8695 2
    endloop
  endfacet
  facet normal 0 0 1
    outer loop
      vertex 6.85462 54.9621 2
      vertex 6.85462 53.7399 2
      vertex 6.91011 53.8325 2
    endloop
  endfacet
  facet normal 0 0 1
    outer loop
      vertex 6.79031 55.0488 2
      vertex 6.85462 53.7399 2
      vertex 6.85462 54.9621 2
    endloop
  endfacet
  facet normal 0 0 1
    outer loop
      vertex 6.79031 55.0488 2
      vertex 6.79031 53.6532 2
      vertex 6.85462 53.7399 2
    endloop
  endfacet
  facet normal 0 0 1
    outer loop
      vertex 6.71782 55.1288 2
      vertex 6.79031 53.6532 2
      vertex 6.79031 55.0488 2
    endloop
  endfacet
  facet normal 0 0 1
    outer loop
      vertex 6.71782 55.1288 2
      vertex 6.71782 53.5732 2
      vertex 6.79031 53.6532 2
    endloop
  endfacet
  facet normal 0 0 1
    outer loop
      vertex 6.63783 55.2013 2
      vertex 6.71782 53.5732 2
      vertex 6.71782 55.1288 2
    endloop
  endfacet
  facet normal 0 0 1
    outer loop
      vertex 6.63783 55.2013 2
      vertex 6.63783 53.5007 2
      vertex 6.71782 53.5732 2
    endloop
  endfacet
  facet normal 0 0 1
    outer loop
      vertex 6.55113 55.2656 2
      vertex 6.63783 53.5007 2
      vertex 6.63783 55.2013 2
    endloop
  endfacet
  facet normal 0 0 1
    outer loop
      vertex 6.55113 55.2656 2
      vertex 6.55113 53.4364 2
      vertex 6.63783 53.5007 2
    endloop
  endfacet
  facet normal 0 0 1
    outer loop
      vertex 6.45854 55.3211 2
      vertex 6.55113 53.4364 2
      vertex 6.55113 55.2656 2
    endloop
  endfacet
  facet normal 0 0 1
    outer loop
      vertex 6.45854 55.3211 2
      vertex 6.45854 53.3809 2
      vertex 6.55113 53.4364 2
    endloop
  endfacet
  facet normal 0 0 1
    outer loop
      vertex 6.36095 55.3673 2
      vertex 6.45854 53.3809 2
      vertex 6.45854 55.3211 2
    endloop
  endfacet
  facet normal 0 0 1
    outer loop
      vertex 6.36095 55.3673 2
      vertex 6.36095 53.3347 2
      vertex 6.45854 53.3809 2
    endloop
  endfacet
  facet normal 0 0 1
    outer loop
      vertex 6.25931 55.4036 2
      vertex 6.36095 53.3347 2
      vertex 6.36095 55.3673 2
    endloop
  endfacet
  facet normal 0 0 1
    outer loop
      vertex 6.25931 55.4036 2
      vertex 6.25931 53.2984 2
      vertex 6.36095 53.3347 2
    endloop
  endfacet
  facet normal 0 0 1
    outer loop
      vertex 6.1546 55.4299 2
      vertex 6.25931 53.2984 2
      vertex 6.25931 55.4036 2
    endloop
  endfacet
  facet normal 0 0 1
    outer loop
      vertex 6.1546 55.4299 2
      vertex 6.1546 53.2721 2
      vertex 6.25931 53.2984 2
    endloop
  endfacet
  facet normal 0 0 1
    outer loop
      vertex 6.04782 55.4457 2
      vertex 6.1546 53.2721 2
      vertex 6.1546 55.4299 2
    endloop
  endfacet
  facet normal 0 0 1
    outer loop
      vertex 6.04782 55.4457 2
      vertex 6.04782 53.2563 2
      vertex 6.1546 53.2721 2
    endloop
  endfacet
  facet normal 0 0 1
    outer loop
      vertex 5.94 55.451 2
      vertex 6.04782 53.2563 2
      vertex 6.04782 55.4457 2
    endloop
  endfacet
  facet normal 0 0 1
    outer loop
      vertex 5.94 55.451 2
      vertex 5.94 53.251 2
      vertex 6.04782 53.2563 2
    endloop
  endfacet
  facet normal -0 0 1
    outer loop
      vertex 5.83218 55.4457 2
      vertex 5.94 53.251 2
      vertex 5.94 55.451 2
    endloop
  endfacet
  facet normal 0 0 1
    outer loop
      vertex 5.83218 55.4457 2
      vertex 5.83218 53.2563 2
      vertex 5.94 53.251 2
    endloop
  endfacet
  facet normal -0 0 1
    outer loop
      vertex 5.7254 55.4299 2
      vertex 5.83218 53.2563 2
      vertex 5.83218 55.4457 2
    endloop
  endfacet
  facet normal 0 0 1
    outer loop
      vertex 5.7254 55.4299 2
      vertex 5.7254 53.2721 2
      vertex 5.83218 53.2563 2
    endloop
  endfacet
  facet normal -0 0 1
    outer loop
      vertex 5.62069 55.4036 2
      vertex 5.7254 53.2721 2
      vertex 5.7254 55.4299 2
    endloop
  endfacet
  facet normal 0 0 1
    outer loop
      vertex 5.62069 55.4036 2
      vertex 5.62069 53.2984 2
      vertex 5.7254 53.2721 2
    endloop
  endfacet
  facet normal -0 0 1
    outer loop
      vertex 5.51905 55.3673 2
      vertex 5.62069 53.2984 2
      vertex 5.62069 55.4036 2
    endloop
  endfacet
  facet normal 0 0 1
    outer loop
      vertex 5.51905 55.3673 2
      vertex 5.51905 53.3347 2
      vertex 5.62069 53.2984 2
    endloop
  endfacet
  facet normal -0 0 1
    outer loop
      vertex 5.42146 55.3211 2
      vertex 5.51905 53.3347 2
      vertex 5.51905 55.3673 2
    endloop
  endfacet
  facet normal 0 0 1
    outer loop
      vertex 5.42146 55.3211 2
      vertex 5.42146 53.3809 2
      vertex 5.51905 53.3347 2
    endloop
  endfacet
  facet normal -0 0 1
    outer loop
      vertex 5.32887 55.2656 2
      vertex 5.42146 53.3809 2
      vertex 5.42146 55.3211 2
    endloop
  endfacet
  facet normal 0 0 1
    outer loop
      vertex 5.32887 55.2656 2
      vertex 5.32887 53.4364 2
      vertex 5.42146 53.3809 2
    endloop
  endfacet
  facet normal -0 0 1
    outer loop
      vertex 5.24217 55.2013 2
      vertex 5.32887 53.4364 2
      vertex 5.32887 55.2656 2
    endloop
  endfacet
  facet normal 0 0 1
    outer loop
      vertex 5.24217 55.2013 2
      vertex 5.24217 53.5007 2
      vertex 5.32887 53.4364 2
    endloop
  endfacet
  facet normal -0 0 1
    outer loop
      vertex 5.16218 55.1288 2
      vertex 5.24217 53.5007 2
      vertex 5.24217 55.2013 2
    endloop
  endfacet
  facet normal 0 0 1
    outer loop
      vertex 5.16218 55.1288 2
      vertex 5.16218 53.5732 2
      vertex 5.24217 53.5007 2
    endloop
  endfacet
  facet normal -0 0 1
    outer loop
      vertex 5.08969 55.0488 2
      vertex 5.16218 53.5732 2
      vertex 5.16218 55.1288 2
    endloop
  endfacet
  facet normal 0 0 1
    outer loop
      vertex 5.08969 55.0488 2
      vertex 5.08969 53.6532 2
      vertex 5.16218 53.5732 2
    endloop
  endfacet
  facet normal -0 0 1
    outer loop
      vertex 5.02538 54.9621 2
      vertex 5.08969 53.6532 2
      vertex 5.08969 55.0488 2
    endloop
  endfacet
  facet normal 0 0 1
    outer loop
      vertex 5.02538 54.9621 2
      vertex 5.02538 53.7399 2
      vertex 5.08969 53.6532 2
    endloop
  endfacet
  facet normal -0 0 1
    outer loop
      vertex 4.96989 54.8695 2
      vertex 5.02538 53.7399 2
      vertex 5.02538 54.9621 2
    endloop
  endfacet
  facet normal 0 0 1
    outer loop
      vertex 4.96989 54.8695 2
      vertex 4.96989 53.8325 2
      vertex 5.02538 53.7399 2
    endloop
  endfacet
  facet normal -0 0 1
    outer loop
      vertex 4.92373 54.7719 2
      vertex 4.96989 53.8325 2
      vertex 4.96989 54.8695 2
    endloop
  endfacet
  facet normal 0 0 1
    outer loop
      vertex 4.92373 54.7719 2
      vertex 4.92373 53.93 2
      vertex 4.96989 53.8325 2
    endloop
  endfacet
  facet normal -0 0 1
    outer loop
      vertex 4.88737 54.6703 2
      vertex 4.92373 53.93 2
      vertex 4.92373 54.7719 2
    endloop
  endfacet
  facet normal 0 0 1
    outer loop
      vertex 4.88737 54.6703 2
      vertex 4.88737 54.0317 2
      vertex 4.92373 53.93 2
    endloop
  endfacet
  facet normal -0 0 1
    outer loop
      vertex 4.86114 54.5656 2
      vertex 4.88737 54.0317 2
      vertex 4.88737 54.6703 2
    endloop
  endfacet
  facet normal 0 0 1
    outer loop
      vertex 4.86114 54.5656 2
      vertex 4.86114 54.1364 2
      vertex 4.88737 54.0317 2
    endloop
  endfacet
  facet normal -0 0 1
    outer loop
      vertex 4.8453 54.4588 2
      vertex 4.86114 54.1364 2
      vertex 4.86114 54.5656 2
    endloop
  endfacet
  facet normal 0 0 1
    outer loop
      vertex 4.8453 54.4588 2
      vertex 4.8453 54.2432 2
      vertex 4.86114 54.1364 2
    endloop
  endfacet
  facet normal 0 -0 1
    outer loop
      vertex 4.8453 54.2432 2
      vertex 4.8453 54.4588 2
      vertex 4.84 54.351 2
    endloop
  endfacet
  facet normal 0.803168 0.595752 0
    outer loop
      vertex 5.08969 53.6532 5.468
      vertex 5.02538 53.7399 2
      vertex 5.02538 53.7399 5.468
    endloop
  endfacet
  facet normal 0.803168 0.595752 0
    outer loop
      vertex 5.02538 53.7399 2
      vertex 5.08969 53.6532 5.468
      vertex 5.08969 53.6532 2
    endloop
  endfacet
  facet normal 0.998794 -0.0491058 0
    outer loop
      vertex 4.84 54.351 5.468
      vertex 4.8453 54.4588 2
      vertex 4.8453 54.4588 5.468
    endloop
  endfacet
  facet normal 0.998794 -0.0491058 0
    outer loop
      vertex 4.8453 54.4588 2
      vertex 4.84 54.351 5.468
      vertex 4.84 54.351 2
    endloop
  endfacet
  facet normal -0.741033 0.671469 0
    outer loop
      vertex 6.71782 53.5732 2
      vertex 6.79031 53.6532 5.468
      vertex 6.79031 53.6532 2
    endloop
  endfacet
  facet normal -0.741033 0.671469 0
    outer loop
      vertex 6.79031 53.6532 5.468
      vertex 6.71782 53.5732 2
      vertex 6.71782 53.5732 5.468
    endloop
  endfacet
  facet normal -0.336947 0.941524 0
    outer loop
      vertex 66.0509 5.83673 2
      vertex 65.9493 5.80037 5.468
      vertex 66.0509 5.83673 5.468
    endloop
  endfacet
  facet normal -0.336947 0.941524 0
    outer loop
      vertex 65.9493 5.80037 5.468
      vertex 66.0509 5.83673 2
      vertex 65.9493 5.80037 2
    endloop
  endfacet
  facet normal -0.989229 -0.146374 0
    outer loop
      vertex 66.7247 6.96082 2
      vertex 66.7089 7.0676 5.468
      vertex 66.7089 7.0676 2
    endloop
  endfacet
  facet normal -0.989229 -0.146374 0
    outer loop
      vertex 66.7089 7.0676 5.468
      vertex 66.7247 6.96082 2
      vertex 66.7247 6.96082 5.468
    endloop
  endfacet
  facet normal -0.998794 -0.0490967 0
    outer loop
      vertex 66.73 6.853 2
      vertex 66.7247 6.96082 5.468
      vertex 66.7247 6.96082 2
    endloop
  endfacet
  facet normal -0.998794 -0.0490967 0
    outer loop
      vertex 66.7247 6.96082 5.468
      vertex 66.73 6.853 2
      vertex 66.73 6.853 5.468
    endloop
  endfacet
  facet normal -0.969875 -0.243603 0
    outer loop
      vertex 66.7089 7.0676 2
      vertex 66.6826 7.17231 5.468
      vertex 66.6826 7.17231 2
    endloop
  endfacet
  facet normal -0.969875 -0.243603 0
    outer loop
      vertex 66.6826 7.17231 5.468
      vertex 66.7089 7.0676 2
      vertex 66.7089 7.0676 5.468
    endloop
  endfacet
  facet normal -0.803212 -0.595693 0
    outer loop
      vertex 66.5446 7.46413 2
      vertex 66.4803 7.55083 5.468
      vertex 66.4803 7.55083 2
    endloop
  endfacet
  facet normal -0.803212 -0.595693 0
    outer loop
      vertex 66.4803 7.55083 5.468
      vertex 66.5446 7.46413 2
      vertex 66.5446 7.46413 5.468
    endloop
  endfacet
  facet normal -0.595752 -0.803168 0
    outer loop
      vertex 66.2411 7.76762 2
      vertex 66.3278 7.70331 5.468
      vertex 66.2411 7.76762 5.468
    endloop
  endfacet
  facet normal -0.595752 -0.803168 -0
    outer loop
      vertex 66.3278 7.70331 5.468
      vertex 66.2411 7.76762 2
      vertex 66.3278 7.70331 2
    endloop
  endfacet
  facet normal 0.514019 -0.857779 0
    outer loop
      vertex 65.0189 7.76762 2
      vertex 65.1115 7.82311 5.468
      vertex 65.0189 7.76762 5.468
    endloop
  endfacet
  facet normal 0.514019 -0.857779 0
    outer loop
      vertex 65.1115 7.82311 5.468
      vertex 65.0189 7.76762 2
      vertex 65.1115 7.82311 2
    endloop
  endfacet
  facet normal -0.998794 0.0490967 0
    outer loop
      vertex 66.7247 6.74518 2
      vertex 66.73 6.853 5.468
      vertex 66.73 6.853 2
    endloop
  endfacet
  facet normal -0.998794 0.0490967 0
    outer loop
      vertex 66.73 6.853 5.468
      vertex 66.7247 6.74518 2
      vertex 66.7247 6.74518 5.468
    endloop
  endfacet
  facet normal 0.14671 -0.98918 0
    outer loop
      vertex 65.4154 7.93186 2
      vertex 65.5222 7.9477 5.468
      vertex 65.4154 7.93186 5.468
    endloop
  endfacet
  facet normal 0.14671 -0.98918 0
    outer loop
      vertex 65.5222 7.9477 5.468
      vertex 65.4154 7.93186 2
      vertex 65.5222 7.9477 2
    endloop
  endfacet
  facet normal 0.740945 -0.671566 0
    outer loop
      vertex 64.7797 7.55083 5.468
      vertex 64.8522 7.63082 2
      vertex 64.8522 7.63082 5.468
    endloop
  endfacet
  facet normal 0.740945 -0.671566 0
    outer loop
      vertex 64.8522 7.63082 2
      vertex 64.7797 7.55083 5.468
      vertex 64.7797 7.55083 2
    endloop
  endfacet
  facet normal -0.427545 -0.903994 0
    outer loop
      vertex 66.0509 7.86927 2
      vertex 66.1485 7.82311 5.468
      vertex 66.0509 7.86927 5.468
    endloop
  endfacet
  facet normal -0.427545 -0.903994 -0
    outer loop
      vertex 66.1485 7.82311 5.468
      vertex 66.0509 7.86927 2
      vertex 66.1485 7.82311 2
    endloop
  endfacet
  facet normal 0.903834 0.427883 0
    outer loop
      vertex 64.6599 6.33446 5.468
      vertex 64.6137 6.43205 2
      vertex 64.6137 6.43205 5.468
    endloop
  endfacet
  facet normal 0.903834 0.427883 0
    outer loop
      vertex 64.6137 6.43205 2
      vertex 64.6599 6.33446 5.468
      vertex 64.6599 6.33446 2
    endloop
  endfacet
  facet normal 0.336653 -0.941629 0
    outer loop
      vertex 65.209 7.86927 2
      vertex 65.3107 7.90563 5.468
      vertex 65.209 7.86927 5.468
    endloop
  endfacet
  facet normal 0.336653 -0.941629 0
    outer loop
      vertex 65.3107 7.90563 5.468
      vertex 65.209 7.86927 2
      vertex 65.3107 7.90563 2
    endloop
  endfacet
  facet normal 0.595752 -0.803168 0
    outer loop
      vertex 64.9322 7.70331 2
      vertex 65.0189 7.76762 5.468
      vertex 64.9322 7.70331 5.468
    endloop
  endfacet
  facet normal 0.595752 -0.803168 0
    outer loop
      vertex 65.0189 7.76762 5.468
      vertex 64.9322 7.70331 2
      vertex 65.0189 7.76762 2
    endloop
  endfacet
  facet normal 0.998794 0.0490967 0
    outer loop
      vertex 64.5353 6.74518 5.468
      vertex 64.53 6.853 2
      vertex 64.53 6.853 5.468
    endloop
  endfacet
  facet normal 0.998794 0.0490967 0
    outer loop
      vertex 64.53 6.853 2
      vertex 64.5353 6.74518 5.468
      vertex 64.5353 6.74518 2
    endloop
  endfacet
  facet normal -0.803212 0.595693 0
    outer loop
      vertex 66.4803 6.15517 2
      vertex 66.5446 6.24187 5.468
      vertex 66.5446 6.24187 2
    endloop
  endfacet
  facet normal -0.803212 0.595693 0
    outer loop
      vertex 66.5446 6.24187 5.468
      vertex 66.4803 6.15517 2
      vertex 66.4803 6.15517 5.468
    endloop
  endfacet
  facet normal 0.427903 0.903825 -0
    outer loop
      vertex 65.209 5.83673 2
      vertex 65.1115 5.88289 5.468
      vertex 65.209 5.83673 5.468
    endloop
  endfacet
  facet normal 0.427903 0.903825 0
    outer loop
      vertex 65.1115 5.88289 5.468
      vertex 65.209 5.83673 2
      vertex 65.1115 5.88289 2
    endloop
  endfacet
  facet normal -0.989229 0.146374 0
    outer loop
      vertex 66.7089 6.6384 2
      vertex 66.7247 6.74518 5.468
      vertex 66.7247 6.74518 2
    endloop
  endfacet
  facet normal -0.989229 0.146374 0
    outer loop
      vertex 66.7247 6.74518 5.468
      vertex 66.7089 6.6384 2
      vertex 66.7089 6.6384 5.468
    endloop
  endfacet
  facet normal 0.0491058 0.998794 -0
    outer loop
      vertex 65.63 5.753 2
      vertex 65.5222 5.7583 5.468
      vertex 65.63 5.753 5.468
    endloop
  endfacet
  facet normal 0.0491058 0.998794 0
    outer loop
      vertex 65.5222 5.7583 5.468
      vertex 65.63 5.753 2
      vertex 65.5222 5.7583 2
    endloop
  endfacet
  facet normal -0.941742 -0.336336 0
    outer loop
      vertex 66.6826 7.17231 2
      vertex 66.6463 7.27395 5.468
      vertex 66.6463 7.27395 2
    endloop
  endfacet
  facet normal -0.941742 -0.336336 0
    outer loop
      vertex 66.6463 7.27395 5.468
      vertex 66.6826 7.17231 2
      vertex 66.6826 7.17231 5.468
    endloop
  endfacet
  facet normal -0.336947 -0.941524 0
    outer loop
      vertex 65.9493 7.90563 2
      vertex 66.0509 7.86927 5.468
      vertex 65.9493 7.90563 5.468
    endloop
  endfacet
  facet normal -0.336947 -0.941524 -0
    outer loop
      vertex 66.0509 7.86927 5.468
      vertex 65.9493 7.90563 2
      vertex 66.0509 7.86927 2
    endloop
  endfacet
  facet normal 0.427903 -0.903825 0
    outer loop
      vertex 65.1115 7.82311 2
      vertex 65.209 7.86927 5.468
      vertex 65.1115 7.82311 5.468
    endloop
  endfacet
  facet normal 0.427903 -0.903825 0
    outer loop
      vertex 65.209 7.86927 5.468
      vertex 65.1115 7.82311 2
      vertex 65.209 7.86927 2
    endloop
  endfacet
  facet normal 0.969875 -0.243603 0
    outer loop
      vertex 64.5511 7.0676 5.468
      vertex 64.5774 7.17231 2
      vertex 64.5774 7.17231 5.468
    endloop
  endfacet
  facet normal 0.969875 -0.243603 0
    outer loop
      vertex 64.5774 7.17231 2
      vertex 64.5511 7.0676 5.468
      vertex 64.5511 7.0676 2
    endloop
  endfacet
  facet normal -0.14671 -0.98918 0
    outer loop
      vertex 65.7378 7.9477 2
      vertex 65.8446 7.93186 5.468
      vertex 65.7378 7.9477 5.468
    endloop
  endfacet
  facet normal -0.14671 -0.98918 -0
    outer loop
      vertex 65.8446 7.93186 5.468
      vertex 65.7378 7.9477 2
      vertex 65.8446 7.93186 2
    endloop
  endfacet
  facet normal -0.514019 0.857779 0
    outer loop
      vertex 66.2411 5.93838 2
      vertex 66.1485 5.88289 5.468
      vertex 66.2411 5.93838 5.468
    endloop
  endfacet
  facet normal -0.514019 0.857779 0
    outer loop
      vertex 66.1485 5.88289 5.468
      vertex 66.2411 5.93838 2
      vertex 66.1485 5.88289 2
    endloop
  endfacet
  facet normal -0.514019 -0.857779 0
    outer loop
      vertex 66.1485 7.82311 2
      vertex 66.2411 7.76762 5.468
      vertex 66.1485 7.82311 5.468
    endloop
  endfacet
  facet normal -0.514019 -0.857779 -0
    outer loop
      vertex 66.2411 7.76762 5.468
      vertex 66.1485 7.82311 2
      vertex 66.2411 7.76762 2
    endloop
  endfacet
  facet normal -0.740945 -0.671566 0
    outer loop
      vertex 66.4803 7.55083 2
      vertex 66.4078 7.63082 5.468
      vertex 66.4078 7.63082 2
    endloop
  endfacet
  facet normal -0.740945 -0.671566 0
    outer loop
      vertex 66.4078 7.63082 5.468
      vertex 66.4803 7.55083 2
      vertex 66.4803 7.55083 5.468
    endloop
  endfacet
  facet normal 0.243015 -0.970022 0
    outer loop
      vertex 65.3107 7.90563 2
      vertex 65.4154 7.93186 5.468
      vertex 65.3107 7.90563 5.468
    endloop
  endfacet
  facet normal 0.243015 -0.970022 0
    outer loop
      vertex 65.4154 7.93186 5.468
      vertex 65.3107 7.90563 2
      vertex 65.4154 7.93186 2
    endloop
  endfacet
  facet normal -0.903834 -0.427883 0
    outer loop
      vertex 66.6463 7.27395 2
      vertex 66.6001 7.37154 5.468
      vertex 66.6001 7.37154 2
    endloop
  endfacet
  facet normal -0.903834 -0.427883 0
    outer loop
      vertex 66.6001 7.37154 5.468
      vertex 66.6463 7.27395 2
      vertex 66.6463 7.27395 5.468
    endloop
  endfacet
  facet normal 0.803212 0.595693 0
    outer loop
      vertex 64.7797 6.15517 5.468
      vertex 64.7154 6.24187 2
      vertex 64.7154 6.24187 5.468
    endloop
  endfacet
  facet normal 0.803212 0.595693 0
    outer loop
      vertex 64.7154 6.24187 2
      vertex 64.7797 6.15517 5.468
      vertex 64.7797 6.15517 2
    endloop
  endfacet
  facet normal 0.998794 -0.0490967 0
    outer loop
      vertex 64.53 6.853 5.468
      vertex 64.5353 6.96082 2
      vertex 64.5353 6.96082 5.468
    endloop
  endfacet
  facet normal 0.998794 -0.0490967 0
    outer loop
      vertex 64.5353 6.96082 2
      vertex 64.53 6.853 5.468
      vertex 64.53 6.853 2
    endloop
  endfacet
  facet normal 0.989229 0.146374 0
    outer loop
      vertex 64.5511 6.6384 5.468
      vertex 64.5353 6.74518 2
      vertex 64.5353 6.74518 5.468
    endloop
  endfacet
  facet normal 0.989229 0.146374 0
    outer loop
      vertex 64.5353 6.74518 2
      vertex 64.5511 6.6384 5.468
      vertex 64.5511 6.6384 2
    endloop
  endfacet
  facet normal -0.14671 0.98918 0
    outer loop
      vertex 65.8446 5.77414 2
      vertex 65.7378 5.7583 5.468
      vertex 65.8446 5.77414 5.468
    endloop
  endfacet
  facet normal -0.14671 0.98918 0
    outer loop
      vertex 65.7378 5.7583 5.468
      vertex 65.8446 5.77414 2
      vertex 65.7378 5.7583 2
    endloop
  endfacet
  facet normal 0.941742 0.336336 0
    outer loop
      vertex 64.6137 6.43205 5.468
      vertex 64.5774 6.53369 2
      vertex 64.5774 6.53369 5.468
    endloop
  endfacet
  facet normal 0.941742 0.336336 0
    outer loop
      vertex 64.5774 6.53369 2
      vertex 64.6137 6.43205 5.468
      vertex 64.6137 6.43205 2
    endloop
  endfacet
  facet normal -0.595752 0.803168 0
    outer loop
      vertex 66.3278 6.00269 2
      vertex 66.2411 5.93838 5.468
      vertex 66.3278 6.00269 5.468
    endloop
  endfacet
  facet normal -0.595752 0.803168 0
    outer loop
      vertex 66.2411 5.93838 5.468
      vertex 66.3278 6.00269 2
      vertex 66.2411 5.93838 2
    endloop
  endfacet
  facet normal -0.427545 0.903994 0
    outer loop
      vertex 66.1485 5.88289 2
      vertex 66.0509 5.83673 5.468
      vertex 66.1485 5.88289 5.468
    endloop
  endfacet
  facet normal -0.427545 0.903994 0
    outer loop
      vertex 66.0509 5.83673 5.468
      vertex 66.1485 5.88289 2
      vertex 66.0509 5.83673 2
    endloop
  endfacet
  facet normal 0.740945 0.671566 0
    outer loop
      vertex 64.8522 6.07518 5.468
      vertex 64.7797 6.15517 2
      vertex 64.7797 6.15517 5.468
    endloop
  endfacet
  facet normal 0.740945 0.671566 0
    outer loop
      vertex 64.7797 6.15517 2
      vertex 64.8522 6.07518 5.468
      vertex 64.8522 6.07518 2
    endloop
  endfacet
  facet normal 0.671469 0.741033 -0
    outer loop
      vertex 64.9322 6.00269 2
      vertex 64.8522 6.07518 5.468
      vertex 64.9322 6.00269 5.468
    endloop
  endfacet
  facet normal 0.671469 0.741033 0
    outer loop
      vertex 64.8522 6.07518 5.468
      vertex 64.9322 6.00269 2
      vertex 64.8522 6.07518 2
    endloop
  endfacet
  facet normal 0.243015 0.970022 -0
    outer loop
      vertex 65.4154 5.77414 2
      vertex 65.3107 5.80037 5.468
      vertex 65.4154 5.77414 5.468
    endloop
  endfacet
  facet normal 0.243015 0.970022 0
    outer loop
      vertex 65.3107 5.80037 5.468
      vertex 65.4154 5.77414 2
      vertex 65.3107 5.80037 2
    endloop
  endfacet
  facet normal -0.0491058 -0.998794 0
    outer loop
      vertex 65.63 7.953 2
      vertex 65.7378 7.9477 5.468
      vertex 65.63 7.953 5.468
    endloop
  endfacet
  facet normal -0.0491058 -0.998794 -0
    outer loop
      vertex 65.7378 7.9477 5.468
      vertex 65.63 7.953 2
      vertex 65.7378 7.9477 2
    endloop
  endfacet
  facet normal -0.903834 0.427883 0
    outer loop
      vertex 66.6001 6.33446 2
      vertex 66.6463 6.43205 5.468
      vertex 66.6463 6.43205 2
    endloop
  endfacet
  facet normal -0.903834 0.427883 0
    outer loop
      vertex 66.6463 6.43205 5.468
      vertex 66.6001 6.33446 2
      vertex 66.6001 6.33446 5.468
    endloop
  endfacet
  facet normal 0.0491058 -0.998794 0
    outer loop
      vertex 65.5222 7.9477 2
      vertex 65.63 7.953 5.468
      vertex 65.5222 7.9477 5.468
    endloop
  endfacet
  facet normal 0.0491058 -0.998794 0
    outer loop
      vertex 65.63 7.953 5.468
      vertex 65.5222 7.9477 2
      vertex 65.63 7.953 2
    endloop
  endfacet
  facet normal -0.969875 0.243603 0
    outer loop
      vertex 66.6826 6.53369 2
      vertex 66.7089 6.6384 5.468
      vertex 66.7089 6.6384 2
    endloop
  endfacet
  facet normal -0.969875 0.243603 0
    outer loop
      vertex 66.7089 6.6384 5.468
      vertex 66.6826 6.53369 2
      vertex 66.6826 6.53369 5.468
    endloop
  endfacet
  facet normal -0.671469 -0.741033 0
    outer loop
      vertex 66.3278 7.70331 2
      vertex 66.4078 7.63082 5.468
      vertex 66.3278 7.70331 5.468
    endloop
  endfacet
  facet normal -0.671469 -0.741033 -0
    outer loop
      vertex 66.4078 7.63082 5.468
      vertex 66.3278 7.70331 2
      vertex 66.4078 7.63082 2
    endloop
  endfacet
  facet normal -0.857714 -0.514128 0
    outer loop
      vertex 66.6001 7.37154 2
      vertex 66.5446 7.46413 5.468
      vertex 66.5446 7.46413 2
    endloop
  endfacet
  facet normal -0.857714 -0.514128 0
    outer loop
      vertex 66.5446 7.46413 5.468
      vertex 66.6001 7.37154 2
      vertex 66.6001 7.37154 5.468
    endloop
  endfacet
  facet normal 0.857714 -0.514128 0
    outer loop
      vertex 64.6599 7.37154 5.468
      vertex 64.7154 7.46413 2
      vertex 64.7154 7.46413 5.468
    endloop
  endfacet
  facet normal 0.857714 -0.514128 0
    outer loop
      vertex 64.7154 7.46413 2
      vertex 64.6599 7.37154 5.468
      vertex 64.6599 7.37154 2
    endloop
  endfacet
  facet normal -0.0491058 0.998794 0
    outer loop
      vertex 65.7378 5.7583 2
      vertex 65.63 5.753 5.468
      vertex 65.7378 5.7583 5.468
    endloop
  endfacet
  facet normal -0.0491058 0.998794 0
    outer loop
      vertex 65.63 5.753 5.468
      vertex 65.7378 5.7583 2
      vertex 65.63 5.753 2
    endloop
  endfacet
  facet normal 0.969875 0.243603 0
    outer loop
      vertex 64.5774 6.53369 5.468
      vertex 64.5511 6.6384 2
      vertex 64.5511 6.6384 5.468
    endloop
  endfacet
  facet normal 0.969875 0.243603 0
    outer loop
      vertex 64.5511 6.6384 2
      vertex 64.5774 6.53369 5.468
      vertex 64.5774 6.53369 2
    endloop
  endfacet
  facet normal -0.243015 0.970022 0
    outer loop
      vertex 65.9493 5.80037 2
      vertex 65.8446 5.77414 5.468
      vertex 65.9493 5.80037 5.468
    endloop
  endfacet
  facet normal -0.243015 0.970022 0
    outer loop
      vertex 65.8446 5.77414 5.468
      vertex 65.9493 5.80037 2
      vertex 65.8446 5.77414 2
    endloop
  endfacet
  facet normal 0.671469 -0.741033 0
    outer loop
      vertex 64.8522 7.63082 2
      vertex 64.9322 7.70331 5.468
      vertex 64.8522 7.63082 5.468
    endloop
  endfacet
  facet normal 0.671469 -0.741033 0
    outer loop
      vertex 64.9322 7.70331 5.468
      vertex 64.8522 7.63082 2
      vertex 64.9322 7.70331 2
    endloop
  endfacet
  facet normal 0.336653 0.941629 -0
    outer loop
      vertex 65.3107 5.80037 2
      vertex 65.209 5.83673 5.468
      vertex 65.3107 5.80037 5.468
    endloop
  endfacet
  facet normal 0.336653 0.941629 0
    outer loop
      vertex 65.209 5.83673 5.468
      vertex 65.3107 5.80037 2
      vertex 65.209 5.83673 2
    endloop
  endfacet
  facet normal 0.514019 0.857779 -0
    outer loop
      vertex 65.1115 5.88289 2
      vertex 65.0189 5.93838 5.468
      vertex 65.1115 5.88289 5.468
    endloop
  endfacet
  facet normal 0.514019 0.857779 0
    outer loop
      vertex 65.0189 5.93838 5.468
      vertex 65.1115 5.88289 2
      vertex 65.0189 5.93838 2
    endloop
  endfacet
  facet normal 0.595752 0.803168 -0
    outer loop
      vertex 65.0189 5.93838 2
      vertex 64.9322 6.00269 5.468
      vertex 65.0189 5.93838 5.468
    endloop
  endfacet
  facet normal 0.595752 0.803168 0
    outer loop
      vertex 64.9322 6.00269 5.468
      vertex 65.0189 5.93838 2
      vertex 64.9322 6.00269 2
    endloop
  endfacet
  facet normal 0.941742 -0.336336 0
    outer loop
      vertex 64.5774 7.17231 5.468
      vertex 64.6137 7.27395 2
      vertex 64.6137 7.27395 5.468
    endloop
  endfacet
  facet normal 0.941742 -0.336336 0
    outer loop
      vertex 64.6137 7.27395 2
      vertex 64.5774 7.17231 5.468
      vertex 64.5774 7.17231 2
    endloop
  endfacet
  facet normal 0.857714 0.514128 0
    outer loop
      vertex 64.7154 6.24187 5.468
      vertex 64.6599 6.33446 2
      vertex 64.6599 6.33446 5.468
    endloop
  endfacet
  facet normal 0.857714 0.514128 0
    outer loop
      vertex 64.6599 6.33446 2
      vertex 64.7154 6.24187 5.468
      vertex 64.7154 6.24187 2
    endloop
  endfacet
  facet normal -0.857714 0.514128 0
    outer loop
      vertex 66.5446 6.24187 2
      vertex 66.6001 6.33446 5.468
      vertex 66.6001 6.33446 2
    endloop
  endfacet
  facet normal -0.857714 0.514128 0
    outer loop
      vertex 66.6001 6.33446 5.468
      vertex 66.5446 6.24187 2
      vertex 66.5446 6.24187 5.468
    endloop
  endfacet
  facet normal -0.941742 0.336336 0
    outer loop
      vertex 66.6463 6.43205 2
      vertex 66.6826 6.53369 5.468
      vertex 66.6826 6.53369 2
    endloop
  endfacet
  facet normal -0.941742 0.336336 0
    outer loop
      vertex 66.6826 6.53369 5.468
      vertex 66.6463 6.43205 2
      vertex 66.6463 6.43205 5.468
    endloop
  endfacet
  facet normal 0.903834 -0.427883 0
    outer loop
      vertex 64.6137 7.27395 5.468
      vertex 64.6599 7.37154 2
      vertex 64.6599 7.37154 5.468
    endloop
  endfacet
  facet normal 0.903834 -0.427883 0
    outer loop
      vertex 64.6599 7.37154 2
      vertex 64.6137 7.27395 5.468
      vertex 64.6137 7.27395 2
    endloop
  endfacet
  facet normal -0.671469 0.741033 0
    outer loop
      vertex 66.4078 6.07518 2
      vertex 66.3278 6.00269 5.468
      vertex 66.4078 6.07518 5.468
    endloop
  endfacet
  facet normal -0.671469 0.741033 0
    outer loop
      vertex 66.3278 6.00269 5.468
      vertex 66.4078 6.07518 2
      vertex 66.3278 6.00269 2
    endloop
  endfacet
  facet normal 0.989229 -0.146374 0
    outer loop
      vertex 64.5353 6.96082 5.468
      vertex 64.5511 7.0676 2
      vertex 64.5511 7.0676 5.468
    endloop
  endfacet
  facet normal 0.989229 -0.146374 0
    outer loop
      vertex 64.5511 7.0676 2
      vertex 64.5353 6.96082 5.468
      vertex 64.5353 6.96082 2
    endloop
  endfacet
  facet normal 0 0 1
    outer loop
      vertex 66.7247 6.96082 2
      vertex 66.7247 6.74518 2
      vertex 66.73 6.853 2
    endloop
  endfacet
  facet normal 0 0 1
    outer loop
      vertex 66.7089 7.0676 2
      vertex 66.7247 6.74518 2
      vertex 66.7247 6.96082 2
    endloop
  endfacet
  facet normal 0 0 1
    outer loop
      vertex 66.7089 7.0676 2
      vertex 66.7089 6.6384 2
      vertex 66.7247 6.74518 2
    endloop
  endfacet
  facet normal 0 0 1
    outer loop
      vertex 66.6826 7.17231 2
      vertex 66.7089 6.6384 2
      vertex 66.7089 7.0676 2
    endloop
  endfacet
  facet normal 0 0 1
    outer loop
      vertex 66.6826 7.17231 2
      vertex 66.6826 6.53369 2
      vertex 66.7089 6.6384 2
    endloop
  endfacet
  facet normal 0 0 1
    outer loop
      vertex 66.6463 7.27395 2
      vertex 66.6826 6.53369 2
      vertex 66.6826 7.17231 2
    endloop
  endfacet
  facet normal 0 0 1
    outer loop
      vertex 66.6463 7.27395 2
      vertex 66.6463 6.43205 2
      vertex 66.6826 6.53369 2
    endloop
  endfacet
  facet normal 0 0 1
    outer loop
      vertex 66.6001 7.37154 2
      vertex 66.6463 6.43205 2
      vertex 66.6463 7.27395 2
    endloop
  endfacet
  facet normal 0 0 1
    outer loop
      vertex 66.6001 7.37154 2
      vertex 66.6001 6.33446 2
      vertex 66.6463 6.43205 2
    endloop
  endfacet
  facet normal 0 0 1
    outer loop
      vertex 66.5446 7.46413 2
      vertex 66.6001 6.33446 2
      vertex 66.6001 7.37154 2
    endloop
  endfacet
  facet normal 0 0 1
    outer loop
      vertex 66.5446 7.46413 2
      vertex 66.5446 6.24187 2
      vertex 66.6001 6.33446 2
    endloop
  endfacet
  facet normal 0 0 1
    outer loop
      vertex 66.4803 7.55083 2
      vertex 66.5446 6.24187 2
      vertex 66.5446 7.46413 2
    endloop
  endfacet
  facet normal 0 0 1
    outer loop
      vertex 66.4803 7.55083 2
      vertex 66.4803 6.15517 2
      vertex 66.5446 6.24187 2
    endloop
  endfacet
  facet normal 0 0 1
    outer loop
      vertex 66.4078 7.63082 2
      vertex 66.4803 6.15517 2
      vertex 66.4803 7.55083 2
    endloop
  endfacet
  facet normal 0 0 1
    outer loop
      vertex 66.4078 7.63082 2
      vertex 66.4078 6.07518 2
      vertex 66.4803 6.15517 2
    endloop
  endfacet
  facet normal 0 0 1
    outer loop
      vertex 66.3278 7.70331 2
      vertex 66.4078 6.07518 2
      vertex 66.4078 7.63082 2
    endloop
  endfacet
  facet normal 0 0 1
    outer loop
      vertex 66.3278 7.70331 2
      vertex 66.3278 6.00269 2
      vertex 66.4078 6.07518 2
    endloop
  endfacet
  facet normal 0 0 1
    outer loop
      vertex 66.2411 7.76762 2
      vertex 66.3278 6.00269 2
      vertex 66.3278 7.70331 2
    endloop
  endfacet
  facet normal 0 0 1
    outer loop
      vertex 66.2411 7.76762 2
      vertex 66.2411 5.93838 2
      vertex 66.3278 6.00269 2
    endloop
  endfacet
  facet normal 0 0 1
    outer loop
      vertex 66.1485 7.82311 2
      vertex 66.2411 5.93838 2
      vertex 66.2411 7.76762 2
    endloop
  endfacet
  facet normal 0 0 1
    outer loop
      vertex 66.1485 7.82311 2
      vertex 66.1485 5.88289 2
      vertex 66.2411 5.93838 2
    endloop
  endfacet
  facet normal 0 0 1
    outer loop
      vertex 66.0509 7.86927 2
      vertex 66.1485 5.88289 2
      vertex 66.1485 7.82311 2
    endloop
  endfacet
  facet normal 0 0 1
    outer loop
      vertex 66.0509 7.86927 2
      vertex 66.0509 5.83673 2
      vertex 66.1485 5.88289 2
    endloop
  endfacet
  facet normal 0 0 1
    outer loop
      vertex 65.9493 7.90563 2
      vertex 66.0509 5.83673 2
      vertex 66.0509 7.86927 2
    endloop
  endfacet
  facet normal 0 0 1
    outer loop
      vertex 65.9493 7.90563 2
      vertex 65.9493 5.80037 2
      vertex 66.0509 5.83673 2
    endloop
  endfacet
  facet normal 0 0 1
    outer loop
      vertex 65.8446 7.93186 2
      vertex 65.9493 5.80037 2
      vertex 65.9493 7.90563 2
    endloop
  endfacet
  facet normal 0 0 1
    outer loop
      vertex 65.8446 7.93186 2
      vertex 65.8446 5.77414 2
      vertex 65.9493 5.80037 2
    endloop
  endfacet
  facet normal 0 0 1
    outer loop
      vertex 65.7378 7.9477 2
      vertex 65.8446 5.77414 2
      vertex 65.8446 7.93186 2
    endloop
  endfacet
  facet normal 0 0 1
    outer loop
      vertex 65.7378 7.9477 2
      vertex 65.7378 5.7583 2
      vertex 65.8446 5.77414 2
    endloop
  endfacet
  facet normal 0 0 1
    outer loop
      vertex 65.63 7.953 2
      vertex 65.7378 5.7583 2
      vertex 65.7378 7.9477 2
    endloop
  endfacet
  facet normal 0 0 1
    outer loop
      vertex 65.63 7.953 2
      vertex 65.63 5.753 2
      vertex 65.7378 5.7583 2
    endloop
  endfacet
  facet normal -0 0 1
    outer loop
      vertex 65.5222 7.9477 2
      vertex 65.63 5.753 2
      vertex 65.63 7.953 2
    endloop
  endfacet
  facet normal 0 0 1
    outer loop
      vertex 65.5222 7.9477 2
      vertex 65.5222 5.7583 2
      vertex 65.63 5.753 2
    endloop
  endfacet
  facet normal -0 0 1
    outer loop
      vertex 65.4154 7.93186 2
      vertex 65.5222 5.7583 2
      vertex 65.5222 7.9477 2
    endloop
  endfacet
  facet normal 0 0 1
    outer loop
      vertex 65.4154 7.93186 2
      vertex 65.4154 5.77414 2
      vertex 65.5222 5.7583 2
    endloop
  endfacet
  facet normal -0 0 1
    outer loop
      vertex 65.3107 7.90563 2
      vertex 65.4154 5.77414 2
      vertex 65.4154 7.93186 2
    endloop
  endfacet
  facet normal 0 0 1
    outer loop
      vertex 65.3107 7.90563 2
      vertex 65.3107 5.80037 2
      vertex 65.4154 5.77414 2
    endloop
  endfacet
  facet normal -0 0 1
    outer loop
      vertex 65.209 7.86927 2
      vertex 65.3107 5.80037 2
      vertex 65.3107 7.90563 2
    endloop
  endfacet
  facet normal 0 0 1
    outer loop
      vertex 65.209 7.86927 2
      vertex 65.209 5.83673 2
      vertex 65.3107 5.80037 2
    endloop
  endfacet
  facet normal -0 0 1
    outer loop
      vertex 65.1115 7.82311 2
      vertex 65.209 5.83673 2
      vertex 65.209 7.86927 2
    endloop
  endfacet
  facet normal 0 0 1
    outer loop
      vertex 65.1115 7.82311 2
      vertex 65.1115 5.88289 2
      vertex 65.209 5.83673 2
    endloop
  endfacet
  facet normal -0 0 1
    outer loop
      vertex 65.0189 7.76762 2
      vertex 65.1115 5.88289 2
      vertex 65.1115 7.82311 2
    endloop
  endfacet
  facet normal 0 0 1
    outer loop
      vertex 65.0189 7.76762 2
      vertex 65.0189 5.93838 2
      vertex 65.1115 5.88289 2
    endloop
  endfacet
  facet normal -0 0 1
    outer loop
      vertex 64.9322 7.70331 2
      vertex 65.0189 5.93838 2
      vertex 65.0189 7.76762 2
    endloop
  endfacet
  facet normal 0 0 1
    outer loop
      vertex 64.9322 7.70331 2
      vertex 64.9322 6.00269 2
      vertex 65.0189 5.93838 2
    endloop
  endfacet
  facet normal -0 0 1
    outer loop
      vertex 64.8522 7.63082 2
      vertex 64.9322 6.00269 2
      vertex 64.9322 7.70331 2
    endloop
  endfacet
  facet normal 0 0 1
    outer loop
      vertex 64.8522 7.63082 2
      vertex 64.8522 6.07518 2
      vertex 64.9322 6.00269 2
    endloop
  endfacet
  facet normal -0 0 1
    outer loop
      vertex 64.7797 7.55083 2
      vertex 64.8522 6.07518 2
      vertex 64.8522 7.63082 2
    endloop
  endfacet
  facet normal 0 0 1
    outer loop
      vertex 64.7797 7.55083 2
      vertex 64.7797 6.15517 2
      vertex 64.8522 6.07518 2
    endloop
  endfacet
  facet normal -0 0 1
    outer loop
      vertex 64.7154 7.46413 2
      vertex 64.7797 6.15517 2
      vertex 64.7797 7.55083 2
    endloop
  endfacet
  facet normal 0 0 1
    outer loop
      vertex 64.7154 7.46413 2
      vertex 64.7154 6.24187 2
      vertex 64.7797 6.15517 2
    endloop
  endfacet
  facet normal -0 0 1
    outer loop
      vertex 64.6599 7.37154 2
      vertex 64.7154 6.24187 2
      vertex 64.7154 7.46413 2
    endloop
  endfacet
  facet normal 0 0 1
    outer loop
      vertex 64.6599 7.37154 2
      vertex 64.6599 6.33446 2
      vertex 64.7154 6.24187 2
    endloop
  endfacet
  facet normal -0 0 1
    outer loop
      vertex 64.6137 7.27395 2
      vertex 64.6599 6.33446 2
      vertex 64.6599 7.37154 2
    endloop
  endfacet
  facet normal 0 0 1
    outer loop
      vertex 64.6137 7.27395 2
      vertex 64.6137 6.43205 2
      vertex 64.6599 6.33446 2
    endloop
  endfacet
  facet normal -0 0 1
    outer loop
      vertex 64.5774 7.17231 2
      vertex 64.6137 6.43205 2
      vertex 64.6137 7.27395 2
    endloop
  endfacet
  facet normal 0 0 1
    outer loop
      vertex 64.5774 7.17231 2
      vertex 64.5774 6.53369 2
      vertex 64.6137 6.43205 2
    endloop
  endfacet
  facet normal -0 0 1
    outer loop
      vertex 64.5511 7.0676 2
      vertex 64.5774 6.53369 2
      vertex 64.5774 7.17231 2
    endloop
  endfacet
  facet normal 0 0 1
    outer loop
      vertex 64.5511 7.0676 2
      vertex 64.5511 6.6384 2
      vertex 64.5774 6.53369 2
    endloop
  endfacet
  facet normal -0 0 1
    outer loop
      vertex 64.5353 6.96082 2
      vertex 64.5511 6.6384 2
      vertex 64.5511 7.0676 2
    endloop
  endfacet
  facet normal 0 0 1
    outer loop
      vertex 64.5353 6.96082 2
      vertex 64.5353 6.74518 2
      vertex 64.5511 6.6384 2
    endloop
  endfacet
  facet normal 0 -0 1
    outer loop
      vertex 64.5353 6.74518 2
      vertex 64.5353 6.96082 2
      vertex 64.53 6.853 2
    endloop
  endfacet
  facet normal -0.740945 0.671566 0
    outer loop
      vertex 66.4078 6.07518 2
      vertex 66.4803 6.15517 5.468
      vertex 66.4803 6.15517 2
    endloop
  endfacet
  facet normal -0.740945 0.671566 0
    outer loop
      vertex 66.4803 6.15517 5.468
      vertex 66.4078 6.07518 2
      vertex 66.4078 6.07518 5.468
    endloop
  endfacet
  facet normal -0.243015 -0.970022 0
    outer loop
      vertex 65.8446 7.93186 2
      vertex 65.9493 7.90563 5.468
      vertex 65.8446 7.93186 5.468
    endloop
  endfacet
  facet normal -0.243015 -0.970022 -0
    outer loop
      vertex 65.9493 7.90563 5.468
      vertex 65.8446 7.93186 2
      vertex 65.9493 7.90563 2
    endloop
  endfacet
  facet normal 0.803212 -0.595693 0
    outer loop
      vertex 64.7154 7.46413 5.468
      vertex 64.7797 7.55083 2
      vertex 64.7797 7.55083 5.468
    endloop
  endfacet
  facet normal 0.803212 -0.595693 0
    outer loop
      vertex 64.7797 7.55083 2
      vertex 64.7154 7.46413 5.468
      vertex 64.7154 7.46413 2
    endloop
  endfacet
  facet normal 0.14671 0.98918 -0
    outer loop
      vertex 65.5222 5.7583 2
      vertex 65.4154 5.77414 5.468
      vertex 65.5222 5.7583 5.468
    endloop
  endfacet
  facet normal 0.14671 0.98918 0
    outer loop
      vertex 65.4154 5.77414 5.468
      vertex 65.5222 5.7583 2
      vertex 65.4154 5.77414 2
    endloop
  endfacet
  facet normal 0.33616 0.941805 -0
    outer loop
      vertex 65.3107 53.2984 2
      vertex 65.209 53.3347 5.468
      vertex 65.3107 53.2984 5.468
    endloop
  endfacet
  facet normal 0.33616 0.941805 0
    outer loop
      vertex 65.209 53.3347 5.468
      vertex 65.3107 53.2984 2
      vertex 65.209 53.3347 2
    endloop
  endfacet
  facet normal -0.989233 -0.146347 0
    outer loop
      vertex 66.7247 54.4588 2
      vertex 66.7089 54.5656 5.468
      vertex 66.7089 54.5656 2
    endloop
  endfacet
  facet normal -0.989233 -0.146347 0
    outer loop
      vertex 66.7089 54.5656 5.468
      vertex 66.7247 54.4588 2
      vertex 66.7247 54.4588 5.468
    endloop
  endfacet
  facet normal -0.998794 -0.0491058 0
    outer loop
      vertex 66.73 54.351 2
      vertex 66.7247 54.4588 5.468
      vertex 66.7247 54.4588 2
    endloop
  endfacet
  facet normal -0.998794 -0.0491058 0
    outer loop
      vertex 66.7247 54.4588 5.468
      vertex 66.73 54.351 2
      vertex 66.73 54.351 5.468
    endloop
  endfacet
  facet normal -0.969869 -0.243625 0
    outer loop
      vertex 66.7089 54.5656 2
      vertex 66.6826 54.6703 5.468
      vertex 66.6826 54.6703 2
    endloop
  endfacet
  facet normal -0.969869 -0.243625 0
    outer loop
      vertex 66.6826 54.6703 5.468
      vertex 66.7089 54.5656 2
      vertex 66.7089 54.5656 5.468
    endloop
  endfacet
  facet normal 0.989233 -0.146347 0
    outer loop
      vertex 64.5353 54.4588 5.468
      vertex 64.5511 54.5656 2
      vertex 64.5511 54.5656 5.468
    endloop
  endfacet
  facet normal 0.989233 -0.146347 0
    outer loop
      vertex 64.5511 54.5656 2
      vertex 64.5353 54.4588 5.468
      vertex 64.5353 54.4588 2
    endloop
  endfacet
  facet normal 0.243625 0.969869 -0
    outer loop
      vertex 65.4154 53.2721 2
      vertex 65.3107 53.2984 5.468
      vertex 65.4154 53.2721 5.468
    endloop
  endfacet
  facet normal 0.243625 0.969869 0
    outer loop
      vertex 65.3107 53.2984 5.468
      vertex 65.4154 53.2721 2
      vertex 65.3107 53.2984 2
    endloop
  endfacet
  facet normal -0.336454 -0.9417 0
    outer loop
      vertex 65.9493 55.4036 2
      vertex 66.0509 55.3673 5.468
      vertex 65.9493 55.4036 5.468
    endloop
  endfacet
  facet normal -0.336454 -0.9417 -0
    outer loop
      vertex 66.0509 55.3673 5.468
      vertex 65.9493 55.4036 2
      vertex 66.0509 55.3673 2
    endloop
  endfacet
  facet normal 0.514087 -0.857738 0
    outer loop
      vertex 65.0189 55.2656 2
      vertex 65.1115 55.3211 5.468
      vertex 65.0189 55.2656 5.468
    endloop
  endfacet
  facet normal 0.514087 -0.857738 0
    outer loop
      vertex 65.1115 55.3211 5.468
      vertex 65.0189 55.2656 2
      vertex 65.1115 55.3211 2
    endloop
  endfacet
  facet normal 0.903681 0.428206 0
    outer loop
      vertex 64.6599 53.8325 5.468
      vertex 64.6137 53.93 2
      vertex 64.6137 53.93 5.468
    endloop
  endfacet
  facet normal 0.903681 0.428206 0
    outer loop
      vertex 64.6137 53.93 2
      vertex 64.6599 53.8325 5.468
      vertex 64.6599 53.8325 2
    endloop
  endfacet
  facet normal 0.243625 -0.969869 0
    outer loop
      vertex 65.3107 55.4036 2
      vertex 65.4154 55.4299 5.468
      vertex 65.3107 55.4036 5.468
    endloop
  endfacet
  facet normal 0.243625 -0.969869 0
    outer loop
      vertex 65.4154 55.4299 5.468
      vertex 65.3107 55.4036 2
      vertex 65.4154 55.4299 2
    endloop
  endfacet
  facet normal 0.857738 0.514087 0
    outer loop
      vertex 64.7154 53.7399 5.468
      vertex 64.6599 53.8325 2
      vertex 64.6599 53.8325 5.468
    endloop
  endfacet
  facet normal 0.857738 0.514087 0
    outer loop
      vertex 64.6599 53.8325 2
      vertex 64.7154 53.7399 5.468
      vertex 64.7154 53.7399 2
    endloop
  endfacet
  facet normal -0.243625 0.969869 0
    outer loop
      vertex 65.9493 53.2984 2
      vertex 65.8446 53.2721 5.468
      vertex 65.9493 53.2984 5.468
    endloop
  endfacet
  facet normal -0.243625 0.969869 0
    outer loop
      vertex 65.8446 53.2721 5.468
      vertex 65.9493 53.2984 2
      vertex 65.8446 53.2721 2
    endloop
  endfacet
  facet normal 0.595693 0.803212 -0
    outer loop
      vertex 65.0189 53.4364 2
      vertex 64.9322 53.5007 5.468
      vertex 65.0189 53.4364 5.468
    endloop
  endfacet
  facet normal 0.595693 0.803212 0
    outer loop
      vertex 64.9322 53.5007 5.468
      vertex 65.0189 53.4364 2
      vertex 64.9322 53.5007 2
    endloop
  endfacet
  facet normal -0.514087 0.857738 0
    outer loop
      vertex 66.2411 53.4364 2
      vertex 66.1485 53.3809 5.468
      vertex 66.2411 53.4364 5.468
    endloop
  endfacet
  facet normal -0.514087 0.857738 0
    outer loop
      vertex 66.1485 53.3809 5.468
      vertex 66.2411 53.4364 2
      vertex 66.1485 53.3809 2
    endloop
  endfacet
  facet normal -0.803212 0.595693 0
    outer loop
      vertex 66.4803 53.6532 2
      vertex 66.5446 53.7399 5.468
      vertex 66.5446 53.7399 2
    endloop
  endfacet
  facet normal -0.803212 0.595693 0
    outer loop
      vertex 66.5446 53.7399 5.468
      vertex 66.4803 53.6532 2
      vertex 66.4803 53.6532 5.468
    endloop
  endfacet
  facet normal -0.146347 -0.989233 0
    outer loop
      vertex 65.7378 55.4457 2
      vertex 65.8446 55.4299 5.468
      vertex 65.7378 55.4457 5.468
    endloop
  endfacet
  facet normal -0.146347 -0.989233 -0
    outer loop
      vertex 65.8446 55.4299 5.468
      vertex 65.7378 55.4457 2
      vertex 65.8446 55.4299 2
    endloop
  endfacet
  facet normal 0.595693 -0.803212 0
    outer loop
      vertex 64.9322 55.2013 2
      vertex 65.0189 55.2656 5.468
      vertex 64.9322 55.2013 5.468
    endloop
  endfacet
  facet normal 0.595693 -0.803212 0
    outer loop
      vertex 65.0189 55.2656 5.468
      vertex 64.9322 55.2013 2
      vertex 65.0189 55.2656 2
    endloop
  endfacet
  facet normal -0.427847 0.903851 0
    outer loop
      vertex 66.1485 53.3809 2
      vertex 66.0509 53.3347 5.468
      vertex 66.1485 53.3809 5.468
    endloop
  endfacet
  facet normal -0.427847 0.903851 0
    outer loop
      vertex 66.0509 53.3347 5.468
      vertex 66.1485 53.3809 2
      vertex 66.0509 53.3347 2
    endloop
  endfacet
  facet normal 0.803212 -0.595693 0
    outer loop
      vertex 64.7154 54.9621 5.468
      vertex 64.7797 55.0488 2
      vertex 64.7797 55.0488 5.468
    endloop
  endfacet
  facet normal 0.803212 -0.595693 0
    outer loop
      vertex 64.7797 55.0488 2
      vertex 64.7154 54.9621 5.468
      vertex 64.7154 54.9621 2
    endloop
  endfacet
  facet normal -0.989233 0.146347 0
    outer loop
      vertex 66.7089 54.1364 2
      vertex 66.7247 54.2432 5.468
      vertex 66.7247 54.2432 2
    endloop
  endfacet
  facet normal -0.989233 0.146347 0
    outer loop
      vertex 66.7247 54.2432 5.468
      vertex 66.7089 54.1364 2
      vertex 66.7089 54.1364 5.468
    endloop
  endfacet
  facet normal 0.9417 -0.336454 0
    outer loop
      vertex 64.5774 54.6703 5.468
      vertex 64.6137 54.7719 2
      vertex 64.6137 54.7719 5.468
    endloop
  endfacet
  facet normal 0.9417 -0.336454 0
    outer loop
      vertex 64.6137 54.7719 2
      vertex 64.5774 54.6703 5.468
      vertex 64.5774 54.6703 2
    endloop
  endfacet
  facet normal -0.427847 -0.903851 0
    outer loop
      vertex 66.0509 55.3673 2
      vertex 66.1485 55.3211 5.468
      vertex 66.0509 55.3673 5.468
    endloop
  endfacet
  facet normal -0.427847 -0.903851 -0
    outer loop
      vertex 66.1485 55.3211 5.468
      vertex 66.0509 55.3673 2
      vertex 66.1485 55.3211 2
    endloop
  endfacet
  facet normal 0.941805 0.33616 0
    outer loop
      vertex 64.6137 53.93 5.468
      vertex 64.5774 54.0317 2
      vertex 64.5774 54.0317 5.468
    endloop
  endfacet
  facet normal 0.941805 0.33616 0
    outer loop
      vertex 64.5774 54.0317 2
      vertex 64.6137 53.93 5.468
      vertex 64.6137 53.93 2
    endloop
  endfacet
  facet normal -0.969869 0.243625 0
    outer loop
      vertex 66.6826 54.0317 2
      vertex 66.7089 54.1364 5.468
      vertex 66.7089 54.1364 2
    endloop
  endfacet
  facet normal -0.969869 0.243625 0
    outer loop
      vertex 66.7089 54.1364 5.468
      vertex 66.6826 54.0317 2
      vertex 66.6826 54.0317 5.468
    endloop
  endfacet
  facet normal 0.0491058 -0.998794 0
    outer loop
      vertex 65.5222 55.4457 2
      vertex 65.63 55.451 5.468
      vertex 65.5222 55.4457 5.468
    endloop
  endfacet
  facet normal 0.0491058 -0.998794 0
    outer loop
      vertex 65.63 55.451 5.468
      vertex 65.5222 55.4457 2
      vertex 65.63 55.451 2
    endloop
  endfacet
  facet normal 0.428206 -0.903681 0
    outer loop
      vertex 65.1115 55.3211 2
      vertex 65.209 55.3673 5.468
      vertex 65.1115 55.3211 5.468
    endloop
  endfacet
  facet normal 0.428206 -0.903681 0
    outer loop
      vertex 65.209 55.3673 5.468
      vertex 65.1115 55.3211 2
      vertex 65.209 55.3673 2
    endloop
  endfacet
  facet normal 0.671519 -0.740987 0
    outer loop
      vertex 64.8522 55.1288 2
      vertex 64.9322 55.2013 5.468
      vertex 64.8522 55.1288 5.468
    endloop
  endfacet
  facet normal 0.671519 -0.740987 0
    outer loop
      vertex 64.9322 55.2013 5.468
      vertex 64.8522 55.1288 2
      vertex 64.9322 55.2013 2
    endloop
  endfacet
  facet normal -0.336454 0.9417 0
    outer loop
      vertex 66.0509 53.3347 2
      vertex 65.9493 53.2984 5.468
      vertex 66.0509 53.3347 5.468
    endloop
  endfacet
  facet normal -0.336454 0.9417 0
    outer loop
      vertex 65.9493 53.2984 5.468
      vertex 66.0509 53.3347 2
      vertex 65.9493 53.2984 2
    endloop
  endfacet
  facet normal 0.33616 -0.941805 0
    outer loop
      vertex 65.209 55.3673 2
      vertex 65.3107 55.4036 5.468
      vertex 65.209 55.3673 5.468
    endloop
  endfacet
  facet normal 0.33616 -0.941805 0
    outer loop
      vertex 65.3107 55.4036 5.468
      vertex 65.209 55.3673 2
      vertex 65.3107 55.4036 2
    endloop
  endfacet
  facet normal -0.803212 -0.595693 0
    outer loop
      vertex 66.5446 54.9621 2
      vertex 66.4803 55.0488 5.468
      vertex 66.4803 55.0488 2
    endloop
  endfacet
  facet normal -0.803212 -0.595693 0
    outer loop
      vertex 66.4803 55.0488 5.468
      vertex 66.5446 54.9621 2
      vertex 66.5446 54.9621 5.468
    endloop
  endfacet
  facet normal 0.857738 -0.514087 0
    outer loop
      vertex 64.6599 54.8695 5.468
      vertex 64.7154 54.9621 2
      vertex 64.7154 54.9621 5.468
    endloop
  endfacet
  facet normal 0.857738 -0.514087 0
    outer loop
      vertex 64.7154 54.9621 2
      vertex 64.6599 54.8695 5.468
      vertex 64.6599 54.8695 2
    endloop
  endfacet
  facet normal -0.998794 0.0491058 0
    outer loop
      vertex 66.7247 54.2432 2
      vertex 66.73 54.351 5.468
      vertex 66.73 54.351 2
    endloop
  endfacet
  facet normal -0.998794 0.0491058 0
    outer loop
      vertex 66.73 54.351 5.468
      vertex 66.7247 54.2432 2
      vertex 66.7247 54.2432 5.468
    endloop
  endfacet
  facet normal -0.903681 0.428206 0
    outer loop
      vertex 66.6001 53.8325 2
      vertex 66.6463 53.93 5.468
      vertex 66.6463 53.93 2
    endloop
  endfacet
  facet normal -0.903681 0.428206 0
    outer loop
      vertex 66.6463 53.93 5.468
      vertex 66.6001 53.8325 2
      vertex 66.6001 53.8325 5.468
    endloop
  endfacet
  facet normal -0.857738 -0.514087 0
    outer loop
      vertex 66.6001 54.8695 2
      vertex 66.5446 54.9621 5.468
      vertex 66.5446 54.9621 2
    endloop
  endfacet
  facet normal -0.857738 -0.514087 0
    outer loop
      vertex 66.5446 54.9621 5.468
      vertex 66.6001 54.8695 2
      vertex 66.6001 54.8695 5.468
    endloop
  endfacet
  facet normal -0.595693 -0.803212 0
    outer loop
      vertex 66.2411 55.2656 2
      vertex 66.3278 55.2013 5.468
      vertex 66.2411 55.2656 5.468
    endloop
  endfacet
  facet normal -0.595693 -0.803212 -0
    outer loop
      vertex 66.3278 55.2013 5.468
      vertex 66.2411 55.2656 2
      vertex 66.3278 55.2013 2
    endloop
  endfacet
  facet normal 0.514087 0.857738 -0
    outer loop
      vertex 65.1115 53.3809 2
      vertex 65.0189 53.4364 5.468
      vertex 65.1115 53.3809 5.468
    endloop
  endfacet
  facet normal 0.514087 0.857738 0
    outer loop
      vertex 65.0189 53.4364 5.468
      vertex 65.1115 53.3809 2
      vertex 65.0189 53.4364 2
    endloop
  endfacet
  facet normal -0.514087 -0.857738 0
    outer loop
      vertex 66.1485 55.3211 2
      vertex 66.2411 55.2656 5.468
      vertex 66.1485 55.3211 5.468
    endloop
  endfacet
  facet normal -0.514087 -0.857738 -0
    outer loop
      vertex 66.2411 55.2656 5.468
      vertex 66.1485 55.3211 2
      vertex 66.2411 55.2656 2
    endloop
  endfacet
  facet normal -0.146347 0.989233 0
    outer loop
      vertex 65.8446 53.2721 2
      vertex 65.7378 53.2563 5.468
      vertex 65.8446 53.2721 5.468
    endloop
  endfacet
  facet normal -0.146347 0.989233 0
    outer loop
      vertex 65.7378 53.2563 5.468
      vertex 65.8446 53.2721 2
      vertex 65.7378 53.2563 2
    endloop
  endfacet
  facet normal -0.9417 -0.336454 0
    outer loop
      vertex 66.6826 54.6703 2
      vertex 66.6463 54.7719 5.468
      vertex 66.6463 54.7719 2
    endloop
  endfacet
  facet normal -0.9417 -0.336454 0
    outer loop
      vertex 66.6463 54.7719 5.468
      vertex 66.6826 54.6703 2
      vertex 66.6826 54.6703 5.468
    endloop
  endfacet
  facet normal -0.857738 0.514087 0
    outer loop
      vertex 66.5446 53.7399 2
      vertex 66.6001 53.8325 5.468
      vertex 66.6001 53.8325 2
    endloop
  endfacet
  facet normal -0.857738 0.514087 0
    outer loop
      vertex 66.6001 53.8325 5.468
      vertex 66.5446 53.7399 2
      vertex 66.5446 53.7399 5.468
    endloop
  endfacet
  facet normal 0.998794 0.0491058 0
    outer loop
      vertex 64.5353 54.2432 5.468
      vertex 64.53 54.351 2
      vertex 64.53 54.351 5.468
    endloop
  endfacet
  facet normal 0.998794 0.0491058 0
    outer loop
      vertex 64.53 54.351 2
      vertex 64.5353 54.2432 5.468
      vertex 64.5353 54.2432 2
    endloop
  endfacet
  facet normal -0.941805 0.33616 0
    outer loop
      vertex 66.6463 53.93 2
      vertex 66.6826 54.0317 5.468
      vertex 66.6826 54.0317 2
    endloop
  endfacet
  facet normal -0.941805 0.33616 0
    outer loop
      vertex 66.6826 54.0317 5.468
      vertex 66.6463 53.93 2
      vertex 66.6463 53.93 5.468
    endloop
  endfacet
  facet normal 0.146347 -0.989233 0
    outer loop
      vertex 65.4154 55.4299 2
      vertex 65.5222 55.4457 5.468
      vertex 65.4154 55.4299 5.468
    endloop
  endfacet
  facet normal 0.146347 -0.989233 0
    outer loop
      vertex 65.5222 55.4457 5.468
      vertex 65.4154 55.4299 2
      vertex 65.5222 55.4457 2
    endloop
  endfacet
  facet normal -0.740987 -0.671519 0
    outer loop
      vertex 66.4803 55.0488 2
      vertex 66.4078 55.1288 5.468
      vertex 66.4078 55.1288 2
    endloop
  endfacet
  facet normal -0.740987 -0.671519 0
    outer loop
      vertex 66.4078 55.1288 5.468
      vertex 66.4803 55.0488 2
      vertex 66.4803 55.0488 5.468
    endloop
  endfacet
  facet normal -0.0491058 -0.998794 0
    outer loop
      vertex 65.63 55.451 2
      vertex 65.7378 55.4457 5.468
      vertex 65.63 55.451 5.468
    endloop
  endfacet
  facet normal -0.0491058 -0.998794 -0
    outer loop
      vertex 65.7378 55.4457 5.468
      vertex 65.63 55.451 2
      vertex 65.7378 55.4457 2
    endloop
  endfacet
  facet normal -0.903851 -0.427847 0
    outer loop
      vertex 66.6463 54.7719 2
      vertex 66.6001 54.8695 5.468
      vertex 66.6001 54.8695 2
    endloop
  endfacet
  facet normal -0.903851 -0.427847 0
    outer loop
      vertex 66.6001 54.8695 5.468
      vertex 66.6463 54.7719 2
      vertex 66.6463 54.7719 5.468
    endloop
  endfacet
  facet normal 0.146347 0.989233 -0
    outer loop
      vertex 65.5222 53.2563 2
      vertex 65.4154 53.2721 5.468
      vertex 65.5222 53.2563 5.468
    endloop
  endfacet
  facet normal 0.146347 0.989233 0
    outer loop
      vertex 65.4154 53.2721 5.468
      vertex 65.5222 53.2563 2
      vertex 65.4154 53.2721 2
    endloop
  endfacet
  facet normal -0.671519 0.740987 0
    outer loop
      vertex 66.4078 53.5732 2
      vertex 66.3278 53.5007 5.468
      vertex 66.4078 53.5732 5.468
    endloop
  endfacet
  facet normal -0.671519 0.740987 0
    outer loop
      vertex 66.3278 53.5007 5.468
      vertex 66.4078 53.5732 2
      vertex 66.3278 53.5007 2
    endloop
  endfacet
  facet normal 0.0491058 0.998794 -0
    outer loop
      vertex 65.63 53.251 2
      vertex 65.5222 53.2563 5.468
      vertex 65.63 53.251 5.468
    endloop
  endfacet
  facet normal 0.0491058 0.998794 0
    outer loop
      vertex 65.5222 53.2563 5.468
      vertex 65.63 53.251 2
      vertex 65.5222 53.2563 2
    endloop
  endfacet
  facet normal 0.740987 -0.671519 0
    outer loop
      vertex 64.7797 55.0488 5.468
      vertex 64.8522 55.1288 2
      vertex 64.8522 55.1288 5.468
    endloop
  endfacet
  facet normal 0.740987 -0.671519 0
    outer loop
      vertex 64.8522 55.1288 2
      vertex 64.7797 55.0488 5.468
      vertex 64.7797 55.0488 2
    endloop
  endfacet
  facet normal -0.671519 -0.740987 0
    outer loop
      vertex 66.3278 55.2013 2
      vertex 66.4078 55.1288 5.468
      vertex 66.3278 55.2013 5.468
    endloop
  endfacet
  facet normal -0.671519 -0.740987 -0
    outer loop
      vertex 66.4078 55.1288 5.468
      vertex 66.3278 55.2013 2
      vertex 66.4078 55.1288 2
    endloop
  endfacet
  facet normal 0.903851 -0.427847 0
    outer loop
      vertex 64.6137 54.7719 5.468
      vertex 64.6599 54.8695 2
      vertex 64.6599 54.8695 5.468
    endloop
  endfacet
  facet normal 0.903851 -0.427847 0
    outer loop
      vertex 64.6599 54.8695 2
      vertex 64.6137 54.7719 5.468
      vertex 64.6137 54.7719 2
    endloop
  endfacet
  facet normal 0.671519 0.740987 -0
    outer loop
      vertex 64.9322 53.5007 2
      vertex 64.8522 53.5732 5.468
      vertex 64.9322 53.5007 5.468
    endloop
  endfacet
  facet normal 0.671519 0.740987 0
    outer loop
      vertex 64.8522 53.5732 5.468
      vertex 64.9322 53.5007 2
      vertex 64.8522 53.5732 2
    endloop
  endfacet
  facet normal 0.969869 -0.243625 0
    outer loop
      vertex 64.5511 54.5656 5.468
      vertex 64.5774 54.6703 2
      vertex 64.5774 54.6703 5.468
    endloop
  endfacet
  facet normal 0.969869 -0.243625 0
    outer loop
      vertex 64.5774 54.6703 2
      vertex 64.5511 54.5656 5.468
      vertex 64.5511 54.5656 2
    endloop
  endfacet
  facet normal -0.243625 -0.969869 0
    outer loop
      vertex 65.8446 55.4299 2
      vertex 65.9493 55.4036 5.468
      vertex 65.8446 55.4299 5.468
    endloop
  endfacet
  facet normal -0.243625 -0.969869 -0
    outer loop
      vertex 65.9493 55.4036 5.468
      vertex 65.8446 55.4299 2
      vertex 65.9493 55.4036 2
    endloop
  endfacet
  facet normal 0.969869 0.243625 0
    outer loop
      vertex 64.5774 54.0317 5.468
      vertex 64.5511 54.1364 2
      vertex 64.5511 54.1364 5.468
    endloop
  endfacet
  facet normal 0.969869 0.243625 0
    outer loop
      vertex 64.5511 54.1364 2
      vertex 64.5774 54.0317 5.468
      vertex 64.5774 54.0317 2
    endloop
  endfacet
  facet normal 0.428206 0.903681 -0
    outer loop
      vertex 65.209 53.3347 2
      vertex 65.1115 53.3809 5.468
      vertex 65.209 53.3347 5.468
    endloop
  endfacet
  facet normal 0.428206 0.903681 0
    outer loop
      vertex 65.1115 53.3809 5.468
      vertex 65.209 53.3347 2
      vertex 65.1115 53.3809 2
    endloop
  endfacet
  facet normal 0.740987 0.671519 0
    outer loop
      vertex 64.8522 53.5732 5.468
      vertex 64.7797 53.6532 2
      vertex 64.7797 53.6532 5.468
    endloop
  endfacet
  facet normal 0.740987 0.671519 0
    outer loop
      vertex 64.7797 53.6532 2
      vertex 64.8522 53.5732 5.468
      vertex 64.8522 53.5732 2
    endloop
  endfacet
  facet normal -0.0491058 0.998794 0
    outer loop
      vertex 65.7378 53.2563 2
      vertex 65.63 53.251 5.468
      vertex 65.7378 53.2563 5.468
    endloop
  endfacet
  facet normal -0.0491058 0.998794 0
    outer loop
      vertex 65.63 53.251 5.468
      vertex 65.7378 53.2563 2
      vertex 65.63 53.251 2
    endloop
  endfacet
  facet normal 0.989233 0.146347 0
    outer loop
      vertex 64.5511 54.1364 5.468
      vertex 64.5353 54.2432 2
      vertex 64.5353 54.2432 5.468
    endloop
  endfacet
  facet normal 0.989233 0.146347 0
    outer loop
      vertex 64.5353 54.2432 2
      vertex 64.5511 54.1364 5.468
      vertex 64.5511 54.1364 2
    endloop
  endfacet
  facet normal -0.595693 0.803212 0
    outer loop
      vertex 66.3278 53.5007 2
      vertex 66.2411 53.4364 5.468
      vertex 66.3278 53.5007 5.468
    endloop
  endfacet
  facet normal -0.595693 0.803212 0
    outer loop
      vertex 66.2411 53.4364 5.468
      vertex 66.3278 53.5007 2
      vertex 66.2411 53.4364 2
    endloop
  endfacet
  facet normal 0 0 1
    outer loop
      vertex 66.7247 54.4588 2
      vertex 66.7247 54.2432 2
      vertex 66.73 54.351 2
    endloop
  endfacet
  facet normal 0 0 1
    outer loop
      vertex 66.7089 54.5656 2
      vertex 66.7247 54.2432 2
      vertex 66.7247 54.4588 2
    endloop
  endfacet
  facet normal 0 0 1
    outer loop
      vertex 66.7089 54.5656 2
      vertex 66.7089 54.1364 2
      vertex 66.7247 54.2432 2
    endloop
  endfacet
  facet normal 0 0 1
    outer loop
      vertex 66.6826 54.6703 2
      vertex 66.7089 54.1364 2
      vertex 66.7089 54.5656 2
    endloop
  endfacet
  facet normal 0 0 1
    outer loop
      vertex 66.6826 54.6703 2
      vertex 66.6826 54.0317 2
      vertex 66.7089 54.1364 2
    endloop
  endfacet
  facet normal 0 0 1
    outer loop
      vertex 66.6463 54.7719 2
      vertex 66.6826 54.0317 2
      vertex 66.6826 54.6703 2
    endloop
  endfacet
  facet normal 0 0 1
    outer loop
      vertex 66.6463 54.7719 2
      vertex 66.6463 53.93 2
      vertex 66.6826 54.0317 2
    endloop
  endfacet
  facet normal 0 0 1
    outer loop
      vertex 66.6001 54.8695 2
      vertex 66.6463 53.93 2
      vertex 66.6463 54.7719 2
    endloop
  endfacet
  facet normal 0 0 1
    outer loop
      vertex 66.6001 54.8695 2
      vertex 66.6001 53.8325 2
      vertex 66.6463 53.93 2
    endloop
  endfacet
  facet normal 0 0 1
    outer loop
      vertex 66.5446 54.9621 2
      vertex 66.6001 53.8325 2
      vertex 66.6001 54.8695 2
    endloop
  endfacet
  facet normal 0 0 1
    outer loop
      vertex 66.5446 54.9621 2
      vertex 66.5446 53.7399 2
      vertex 66.6001 53.8325 2
    endloop
  endfacet
  facet normal 0 0 1
    outer loop
      vertex 66.4803 55.0488 2
      vertex 66.5446 53.7399 2
      vertex 66.5446 54.9621 2
    endloop
  endfacet
  facet normal 0 0 1
    outer loop
      vertex 66.4803 55.0488 2
      vertex 66.4803 53.6532 2
      vertex 66.5446 53.7399 2
    endloop
  endfacet
  facet normal 0 0 1
    outer loop
      vertex 66.4078 55.1288 2
      vertex 66.4803 53.6532 2
      vertex 66.4803 55.0488 2
    endloop
  endfacet
  facet normal 0 0 1
    outer loop
      vertex 66.4078 55.1288 2
      vertex 66.4078 53.5732 2
      vertex 66.4803 53.6532 2
    endloop
  endfacet
  facet normal 0 0 1
    outer loop
      vertex 66.3278 55.2013 2
      vertex 66.4078 53.5732 2
      vertex 66.4078 55.1288 2
    endloop
  endfacet
  facet normal 0 0 1
    outer loop
      vertex 66.3278 55.2013 2
      vertex 66.3278 53.5007 2
      vertex 66.4078 53.5732 2
    endloop
  endfacet
  facet normal 0 0 1
    outer loop
      vertex 66.2411 55.2656 2
      vertex 66.3278 53.5007 2
      vertex 66.3278 55.2013 2
    endloop
  endfacet
  facet normal 0 0 1
    outer loop
      vertex 66.2411 55.2656 2
      vertex 66.2411 53.4364 2
      vertex 66.3278 53.5007 2
    endloop
  endfacet
  facet normal 0 0 1
    outer loop
      vertex 66.1485 55.3211 2
      vertex 66.2411 53.4364 2
      vertex 66.2411 55.2656 2
    endloop
  endfacet
  facet normal 0 0 1
    outer loop
      vertex 66.1485 55.3211 2
      vertex 66.1485 53.3809 2
      vertex 66.2411 53.4364 2
    endloop
  endfacet
  facet normal 0 0 1
    outer loop
      vertex 66.0509 55.3673 2
      vertex 66.1485 53.3809 2
      vertex 66.1485 55.3211 2
    endloop
  endfacet
  facet normal 0 0 1
    outer loop
      vertex 66.0509 55.3673 2
      vertex 66.0509 53.3347 2
      vertex 66.1485 53.3809 2
    endloop
  endfacet
  facet normal 0 0 1
    outer loop
      vertex 65.9493 55.4036 2
      vertex 66.0509 53.3347 2
      vertex 66.0509 55.3673 2
    endloop
  endfacet
  facet normal 0 0 1
    outer loop
      vertex 65.9493 55.4036 2
      vertex 65.9493 53.2984 2
      vertex 66.0509 53.3347 2
    endloop
  endfacet
  facet normal 0 0 1
    outer loop
      vertex 65.8446 55.4299 2
      vertex 65.9493 53.2984 2
      vertex 65.9493 55.4036 2
    endloop
  endfacet
  facet normal 0 0 1
    outer loop
      vertex 65.8446 55.4299 2
      vertex 65.8446 53.2721 2
      vertex 65.9493 53.2984 2
    endloop
  endfacet
  facet normal 0 0 1
    outer loop
      vertex 65.7378 55.4457 2
      vertex 65.8446 53.2721 2
      vertex 65.8446 55.4299 2
    endloop
  endfacet
  facet normal 0 0 1
    outer loop
      vertex 65.7378 55.4457 2
      vertex 65.7378 53.2563 2
      vertex 65.8446 53.2721 2
    endloop
  endfacet
  facet normal 0 0 1
    outer loop
      vertex 65.63 55.451 2
      vertex 65.7378 53.2563 2
      vertex 65.7378 55.4457 2
    endloop
  endfacet
  facet normal 0 0 1
    outer loop
      vertex 65.63 55.451 2
      vertex 65.63 53.251 2
      vertex 65.7378 53.2563 2
    endloop
  endfacet
  facet normal -0 0 1
    outer loop
      vertex 65.5222 55.4457 2
      vertex 65.63 53.251 2
      vertex 65.63 55.451 2
    endloop
  endfacet
  facet normal 0 0 1
    outer loop
      vertex 65.5222 55.4457 2
      vertex 65.5222 53.2563 2
      vertex 65.63 53.251 2
    endloop
  endfacet
  facet normal -0 0 1
    outer loop
      vertex 65.4154 55.4299 2
      vertex 65.5222 53.2563 2
      vertex 65.5222 55.4457 2
    endloop
  endfacet
  facet normal 0 0 1
    outer loop
      vertex 65.4154 55.4299 2
      vertex 65.4154 53.2721 2
      vertex 65.5222 53.2563 2
    endloop
  endfacet
  facet normal -0 0 1
    outer loop
      vertex 65.3107 55.4036 2
      vertex 65.4154 53.2721 2
      vertex 65.4154 55.4299 2
    endloop
  endfacet
  facet normal 0 0 1
    outer loop
      vertex 65.3107 55.4036 2
      vertex 65.3107 53.2984 2
      vertex 65.4154 53.2721 2
    endloop
  endfacet
  facet normal -0 0 1
    outer loop
      vertex 65.209 55.3673 2
      vertex 65.3107 53.2984 2
      vertex 65.3107 55.4036 2
    endloop
  endfacet
  facet normal 0 0 1
    outer loop
      vertex 65.209 55.3673 2
      vertex 65.209 53.3347 2
      vertex 65.3107 53.2984 2
    endloop
  endfacet
  facet normal -0 0 1
    outer loop
      vertex 65.1115 55.3211 2
      vertex 65.209 53.3347 2
      vertex 65.209 55.3673 2
    endloop
  endfacet
  facet normal 0 0 1
    outer loop
      vertex 65.1115 55.3211 2
      vertex 65.1115 53.3809 2
      vertex 65.209 53.3347 2
    endloop
  endfacet
  facet normal -0 0 1
    outer loop
      vertex 65.0189 55.2656 2
      vertex 65.1115 53.3809 2
      vertex 65.1115 55.3211 2
    endloop
  endfacet
  facet normal 0 0 1
    outer loop
      vertex 65.0189 55.2656 2
      vertex 65.0189 53.4364 2
      vertex 65.1115 53.3809 2
    endloop
  endfacet
  facet normal -0 0 1
    outer loop
      vertex 64.9322 55.2013 2
      vertex 65.0189 53.4364 2
      vertex 65.0189 55.2656 2
    endloop
  endfacet
  facet normal 0 0 1
    outer loop
      vertex 64.9322 55.2013 2
      vertex 64.9322 53.5007 2
      vertex 65.0189 53.4364 2
    endloop
  endfacet
  facet normal -0 0 1
    outer loop
      vertex 64.8522 55.1288 2
      vertex 64.9322 53.5007 2
      vertex 64.9322 55.2013 2
    endloop
  endfacet
  facet normal 0 0 1
    outer loop
      vertex 64.8522 55.1288 2
      vertex 64.8522 53.5732 2
      vertex 64.9322 53.5007 2
    endloop
  endfacet
  facet normal -0 0 1
    outer loop
      vertex 64.7797 55.0488 2
      vertex 64.8522 53.5732 2
      vertex 64.8522 55.1288 2
    endloop
  endfacet
  facet normal 0 0 1
    outer loop
      vertex 64.7797 55.0488 2
      vertex 64.7797 53.6532 2
      vertex 64.8522 53.5732 2
    endloop
  endfacet
  facet normal -0 0 1
    outer loop
      vertex 64.7154 54.9621 2
      vertex 64.7797 53.6532 2
      vertex 64.7797 55.0488 2
    endloop
  endfacet
  facet normal 0 0 1
    outer loop
      vertex 64.7154 54.9621 2
      vertex 64.7154 53.7399 2
      vertex 64.7797 53.6532 2
    endloop
  endfacet
  facet normal -0 0 1
    outer loop
      vertex 64.6599 54.8695 2
      vertex 64.7154 53.7399 2
      vertex 64.7154 54.9621 2
    endloop
  endfacet
  facet normal 0 0 1
    outer loop
      vertex 64.6599 54.8695 2
      vertex 64.6599 53.8325 2
      vertex 64.7154 53.7399 2
    endloop
  endfacet
  facet normal -0 0 1
    outer loop
      vertex 64.6137 54.7719 2
      vertex 64.6599 53.8325 2
      vertex 64.6599 54.8695 2
    endloop
  endfacet
  facet normal 0 0 1
    outer loop
      vertex 64.6137 54.7719 2
      vertex 64.6137 53.93 2
      vertex 64.6599 53.8325 2
    endloop
  endfacet
  facet normal -0 0 1
    outer loop
      vertex 64.5774 54.6703 2
      vertex 64.6137 53.93 2
      vertex 64.6137 54.7719 2
    endloop
  endfacet
  facet normal 0 0 1
    outer loop
      vertex 64.5774 54.6703 2
      vertex 64.5774 54.0317 2
      vertex 64.6137 53.93 2
    endloop
  endfacet
  facet normal -0 0 1
    outer loop
      vertex 64.5511 54.5656 2
      vertex 64.5774 54.0317 2
      vertex 64.5774 54.6703 2
    endloop
  endfacet
  facet normal 0 0 1
    outer loop
      vertex 64.5511 54.5656 2
      vertex 64.5511 54.1364 2
      vertex 64.5774 54.0317 2
    endloop
  endfacet
  facet normal -0 0 1
    outer loop
      vertex 64.5353 54.4588 2
      vertex 64.5511 54.1364 2
      vertex 64.5511 54.5656 2
    endloop
  endfacet
  facet normal 0 0 1
    outer loop
      vertex 64.5353 54.4588 2
      vertex 64.5353 54.2432 2
      vertex 64.5511 54.1364 2
    endloop
  endfacet
  facet normal 0 -0 1
    outer loop
      vertex 64.5353 54.2432 2
      vertex 64.5353 54.4588 2
      vertex 64.53 54.351 2
    endloop
  endfacet
  facet normal 0.803212 0.595693 0
    outer loop
      vertex 64.7797 53.6532 5.468
      vertex 64.7154 53.7399 2
      vertex 64.7154 53.7399 5.468
    endloop
  endfacet
  facet normal 0.803212 0.595693 0
    outer loop
      vertex 64.7154 53.7399 2
      vertex 64.7797 53.6532 5.468
      vertex 64.7797 53.6532 2
    endloop
  endfacet
  facet normal 0.998794 -0.0491058 0
    outer loop
      vertex 64.53 54.351 5.468
      vertex 64.5353 54.4588 2
      vertex 64.5353 54.4588 5.468
    endloop
  endfacet
  facet normal 0.998794 -0.0491058 0
    outer loop
      vertex 64.5353 54.4588 2
      vertex 64.53 54.351 5.468
      vertex 64.53 54.351 2
    endloop
  endfacet
  facet normal -0.740987 0.671519 0
    outer loop
      vertex 66.4078 53.5732 2
      vertex 66.4803 53.6532 5.468
      vertex 66.4803 53.6532 2
    endloop
  endfacet
  facet normal -0.740987 0.671519 0
    outer loop
      vertex 66.4803 53.6532 5.468
      vertex 66.4078 53.5732 2
      vertex 66.4078 53.5732 5.468
    endloop
  endfacet
  facet normal -1 0 0
    outer loop
      vertex 62.85 11.101 0
      vertex 62.85 50.001 2
      vertex 62.85 50.001 0
    endloop
  endfacet
  facet normal -1 -0 0
    outer loop
      vertex 62.85 50.001 2
      vertex 62.85 11.101 0
      vertex 62.85 11.101 2
    endloop
  endfacet
  facet normal 1 -0 0
    outer loop
      vertex 12.35 11.101 2
      vertex 12.35 50.001 0
      vertex 12.35 50.001 2
    endloop
  endfacet
  facet normal 1 0 0
    outer loop
      vertex 12.35 50.001 0
      vertex 12.35 11.101 2
      vertex 12.35 11.101 0
    endloop
  endfacet
  facet normal 0 -1 0
    outer loop
      vertex 12.35 50.001 0
      vertex 62.85 50.001 2
      vertex 12.35 50.001 2
    endloop
  endfacet
  facet normal 0 -1 -0
    outer loop
      vertex 62.85 50.001 2
      vertex 12.35 50.001 0
      vertex 62.85 50.001 0
    endloop
  endfacet
  facet normal 0 1 -0
    outer loop
      vertex 62.85 11.101 0
      vertex 12.35 11.101 2
      vertex 62.85 11.101 2
    endloop
  endfacet
  facet normal 0 1 0
    outer loop
      vertex 12.35 11.101 2
      vertex 62.85 11.101 0
      vertex 12.35 11.101 0
    endloop
  endfacet
  facet normal -0.989163 -0.146818 0
    outer loop
      vertex 82.5522 30.8627 0
      vertex 82.4989 31.2218 2
      vertex 82.4989 31.2218 0
    endloop
  endfacet
  facet normal -0.989163 -0.146818 0
    outer loop
      vertex 82.4989 31.2218 2
      vertex 82.5522 30.8627 0
      vertex 82.5522 30.8627 2
    endloop
  endfacet
  facet normal -0.998798 -0.0490174 0
    outer loop
      vertex 82.57 30.5 0
      vertex 82.5522 30.8627 2
      vertex 82.5522 30.8627 0
    endloop
  endfacet
  facet normal -0.998798 -0.0490174 0
    outer loop
      vertex 82.5522 30.8627 2
      vertex 82.57 30.5 0
      vertex 82.57 30.5 2
    endloop
  endfacet
  facet normal -0.970061 -0.24286 0
    outer loop
      vertex 82.4989 31.2218 0
      vertex 82.4107 31.5741 2
      vertex 82.4107 31.5741 0
    endloop
  endfacet
  facet normal -0.970061 -0.24286 0
    outer loop
      vertex 82.4107 31.5741 2
      vertex 82.4989 31.2218 0
      vertex 82.4989 31.2218 2
    endloop
  endfacet
  facet normal -0.998798 0.0490174 0
    outer loop
      vertex 82.5522 30.1373 0
      vertex 82.57 30.5 2
      vertex 82.57 30.5 0
    endloop
  endfacet
  facet normal -0.998798 0.0490174 0
    outer loop
      vertex 82.57 30.5 2
      vertex 82.5522 30.1373 0
      vertex 82.5522 30.1373 2
    endloop
  endfacet
  facet normal 0.0490174 0.998798 -0
    outer loop
      vertex 78.87 26.8 0
      vertex 78.5073 26.8178 2
      vertex 78.87 26.8 2
    endloop
  endfacet
  facet normal 0.0490174 0.998798 0
    outer loop
      vertex 78.5073 26.8178 2
      vertex 78.87 26.8 0
      vertex 78.5073 26.8178 0
    endloop
  endfacet
  facet normal -0.740961 -0.671548 0
    outer loop
      vertex 81.7301 32.8473 0
      vertex 81.4863 33.1163 2
      vertex 81.4863 33.1163 0
    endloop
  endfacet
  facet normal -0.740961 -0.671548 0
    outer loop
      vertex 81.4863 33.1163 2
      vertex 81.7301 32.8473 0
      vertex 81.7301 32.8473 2
    endloop
  endfacet
  facet normal -0.941542 0.336895 0
    outer loop
      vertex 82.2884 29.0841 0
      vertex 82.4107 29.4259 2
      vertex 82.4107 29.4259 0
    endloop
  endfacet
  facet normal -0.941542 0.336895 0
    outer loop
      vertex 82.4107 29.4259 2
      vertex 82.2884 29.0841 0
      vertex 82.2884 29.0841 2
    endloop
  endfacet
  facet normal 0.740961 0.671548 0
    outer loop
      vertex 76.2537 27.8837 2
      vertex 76.0099 28.1527 0
      vertex 76.0099 28.1527 2
    endloop
  endfacet
  facet normal 0.740961 0.671548 0
    outer loop
      vertex 76.0099 28.1527 0
      vertex 76.2537 27.8837 2
      vertex 76.2537 27.8837 0
    endloop
  endfacet
  facet normal 0.671548 -0.740961 0
    outer loop
      vertex 76.2537 33.1163 0
      vertex 76.5227 33.3601 2
      vertex 76.2537 33.1163 2
    endloop
  endfacet
  facet normal 0.671548 -0.740961 0
    outer loop
      vertex 76.5227 33.3601 2
      vertex 76.2537 33.1163 0
      vertex 76.5227 33.3601 0
    endloop
  endfacet
  facet normal -0.903962 0.427613 0
    outer loop
      vertex 82.1331 28.7558 0
      vertex 82.2884 29.0841 2
      vertex 82.2884 29.0841 0
    endloop
  endfacet
  facet normal -0.903962 0.427613 0
    outer loop
      vertex 82.2884 29.0841 2
      vertex 82.1331 28.7558 0
      vertex 82.1331 28.7558 2
    endloop
  endfacet
  facet normal 0.24286 0.970061 -0
    outer loop
      vertex 78.1482 26.8711 0
      vertex 77.7959 26.9593 2
      vertex 78.1482 26.8711 2
    endloop
  endfacet
  facet normal 0.24286 0.970061 0
    outer loop
      vertex 77.7959 26.9593 2
      vertex 78.1482 26.8711 0
      vertex 77.7959 26.9593 0
    endloop
  endfacet
  facet normal -0.989163 0.146818 0
    outer loop
      vertex 82.4989 29.7782 0
      vertex 82.5522 30.1373 2
      vertex 82.5522 30.1373 0
    endloop
  endfacet
  facet normal -0.989163 0.146818 0
    outer loop
      vertex 82.5522 30.1373 2
      vertex 82.4989 29.7782 0
      vertex 82.4989 29.7782 2
    endloop
  endfacet
  facet normal 0.740961 -0.671548 0
    outer loop
      vertex 76.0099 32.8473 2
      vertex 76.2537 33.1163 0
      vertex 76.2537 33.1163 2
    endloop
  endfacet
  facet normal 0.740961 -0.671548 0
    outer loop
      vertex 76.2537 33.1163 0
      vertex 76.0099 32.8473 2
      vertex 76.0099 32.8473 0
    endloop
  endfacet
  facet normal -0.24286 -0.970061 0
    outer loop
      vertex 79.5918 34.1289 0
      vertex 79.9441 34.0407 2
      vertex 79.5918 34.1289 2
    endloop
  endfacet
  facet normal -0.24286 -0.970061 -0
    outer loop
      vertex 79.9441 34.0407 2
      vertex 79.5918 34.1289 0
      vertex 79.9441 34.0407 0
    endloop
  endfacet
  facet normal -0.595629 -0.80326 0
    outer loop
      vertex 80.9256 33.5764 0
      vertex 81.2173 33.3601 2
      vertex 80.9256 33.5764 2
    endloop
  endfacet
  facet normal -0.595629 -0.80326 -0
    outer loop
      vertex 81.2173 33.3601 2
      vertex 80.9256 33.5764 0
      vertex 81.2173 33.3601 0
    endloop
  endfacet
  facet normal 0.427613 0.903962 -0
    outer loop
      vertex 77.4541 27.0816 0
      vertex 77.1258 27.2369 2
      vertex 77.4541 27.0816 2
    endloop
  endfacet
  facet normal 0.427613 0.903962 0
    outer loop
      vertex 77.1258 27.2369 2
      vertex 77.4541 27.0816 0
      vertex 77.1258 27.2369 0
    endloop
  endfacet
  facet normal -0.671548 0.740961 0
    outer loop
      vertex 81.4863 27.8837 0
      vertex 81.2173 27.6399 2
      vertex 81.4863 27.8837 2
    endloop
  endfacet
  facet normal -0.671548 0.740961 0
    outer loop
      vertex 81.2173 27.6399 2
      vertex 81.4863 27.8837 0
      vertex 81.2173 27.6399 0
    endloop
  endfacet
  facet normal -0.427613 0.903962 0
    outer loop
      vertex 80.6142 27.2369 0
      vertex 80.2859 27.0816 2
      vertex 80.6142 27.2369 2
    endloop
  endfacet
  facet normal -0.427613 0.903962 0
    outer loop
      vertex 80.2859 27.0816 2
      vertex 80.6142 27.2369 0
      vertex 80.2859 27.0816 0
    endloop
  endfacet
  facet normal -0.80326 -0.595629 0
    outer loop
      vertex 81.9464 32.5556 0
      vertex 81.7301 32.8473 2
      vertex 81.7301 32.8473 0
    endloop
  endfacet
  facet normal -0.80326 -0.595629 0
    outer loop
      vertex 81.7301 32.8473 2
      vertex 81.9464 32.5556 0
      vertex 81.9464 32.5556 2
    endloop
  endfacet
  facet normal -0.146818 0.989163 0
    outer loop
      vertex 79.5918 26.8711 0
      vertex 79.2327 26.8178 2
      vertex 79.5918 26.8711 2
    endloop
  endfacet
  facet normal -0.146818 0.989163 0
    outer loop
      vertex 79.2327 26.8178 2
      vertex 79.5918 26.8711 0
      vertex 79.2327 26.8178 0
    endloop
  endfacet
  facet normal -0.427613 -0.903962 0
    outer loop
      vertex 80.2859 33.9184 0
      vertex 80.6142 33.7631 2
      vertex 80.2859 33.9184 2
    endloop
  endfacet
  facet normal -0.427613 -0.903962 -0
    outer loop
      vertex 80.6142 33.7631 2
      vertex 80.2859 33.9184 0
      vertex 80.6142 33.7631 0
    endloop
  endfacet
  facet normal 0.336895 0.941542 -0
    outer loop
      vertex 77.7959 26.9593 0
      vertex 77.4541 27.0816 2
      vertex 77.7959 26.9593 2
    endloop
  endfacet
  facet normal 0.336895 0.941542 0
    outer loop
      vertex 77.4541 27.0816 2
      vertex 77.7959 26.9593 0
      vertex 77.4541 27.0816 0
    endloop
  endfacet
  facet normal -0.740961 0.671548 0
    outer loop
      vertex 81.4863 27.8837 0
      vertex 81.7301 28.1527 2
      vertex 81.7301 28.1527 0
    endloop
  endfacet
  facet normal -0.740961 0.671548 0
    outer loop
      vertex 81.7301 28.1527 2
      vertex 81.4863 27.8837 0
      vertex 81.4863 27.8837 2
    endloop
  endfacet
  facet normal 0.427613 -0.903962 0
    outer loop
      vertex 77.1258 33.7631 0
      vertex 77.4541 33.9184 2
      vertex 77.1258 33.7631 2
    endloop
  endfacet
  facet normal 0.427613 -0.903962 0
    outer loop
      vertex 77.4541 33.9184 2
      vertex 77.1258 33.7631 0
      vertex 77.4541 33.9184 0
    endloop
  endfacet
  facet normal 0.146818 0.989163 -0
    outer loop
      vertex 78.5073 26.8178 0
      vertex 78.1482 26.8711 2
      vertex 78.5073 26.8178 2
    endloop
  endfacet
  facet normal 0.146818 0.989163 0
    outer loop
      vertex 78.1482 26.8711 2
      vertex 78.5073 26.8178 0
      vertex 78.1482 26.8711 0
    endloop
  endfacet
  facet normal 0.941542 -0.336895 0
    outer loop
      vertex 75.3293 31.5741 2
      vertex 75.4516 31.9159 0
      vertex 75.4516 31.9159 2
    endloop
  endfacet
  facet normal 0.941542 -0.336895 0
    outer loop
      vertex 75.4516 31.9159 0
      vertex 75.3293 31.5741 2
      vertex 75.3293 31.5741 0
    endloop
  endfacet
  facet normal 0.595629 -0.80326 0
    outer loop
      vertex 76.5227 33.3601 0
      vertex 76.8144 33.5764 2
      vertex 76.5227 33.3601 2
    endloop
  endfacet
  facet normal 0.595629 -0.80326 0
    outer loop
      vertex 76.8144 33.5764 2
      vertex 76.5227 33.3601 0
      vertex 76.8144 33.5764 0
    endloop
  endfacet
  facet normal -0.80326 0.595629 0
    outer loop
      vertex 81.7301 28.1527 0
      vertex 81.9464 28.4444 2
      vertex 81.9464 28.4444 0
    endloop
  endfacet
  facet normal -0.80326 0.595629 0
    outer loop
      vertex 81.9464 28.4444 2
      vertex 81.7301 28.1527 0
      vertex 81.7301 28.1527 2
    endloop
  endfacet
  facet normal -0.0490174 -0.998798 0
    outer loop
      vertex 78.87 34.2 0
      vertex 79.2327 34.1822 2
      vertex 78.87 34.2 2
    endloop
  endfacet
  facet normal -0.0490174 -0.998798 -0
    outer loop
      vertex 79.2327 34.1822 2
      vertex 78.87 34.2 0
      vertex 79.2327 34.1822 0
    endloop
  endfacet
  facet normal -0.336895 -0.941542 0
    outer loop
      vertex 79.9441 34.0407 0
      vertex 80.2859 33.9184 2
      vertex 79.9441 34.0407 2
    endloop
  endfacet
  facet normal -0.336895 -0.941542 -0
    outer loop
      vertex 80.2859 33.9184 2
      vertex 79.9441 34.0407 0
      vertex 80.2859 33.9184 0
    endloop
  endfacet
  facet normal 0.989163 0.146818 0
    outer loop
      vertex 75.2411 29.7782 2
      vertex 75.1878 30.1373 0
      vertex 75.1878 30.1373 2
    endloop
  endfacet
  facet normal 0.989163 0.146818 0
    outer loop
      vertex 75.1878 30.1373 0
      vertex 75.2411 29.7782 2
      vertex 75.2411 29.7782 0
    endloop
  endfacet
  facet normal 0.989163 -0.146818 0
    outer loop
      vertex 75.1878 30.8627 2
      vertex 75.2411 31.2218 0
      vertex 75.2411 31.2218 2
    endloop
  endfacet
  facet normal 0.989163 -0.146818 0
    outer loop
      vertex 75.2411 31.2218 0
      vertex 75.1878 30.8627 2
      vertex 75.1878 30.8627 0
    endloop
  endfacet
  facet normal 0.941542 0.336895 0
    outer loop
      vertex 75.4516 29.0841 2
      vertex 75.3293 29.4259 0
      vertex 75.3293 29.4259 2
    endloop
  endfacet
  facet normal 0.941542 0.336895 0
    outer loop
      vertex 75.3293 29.4259 0
      vertex 75.4516 29.0841 2
      vertex 75.4516 29.0841 0
    endloop
  endfacet
  facet normal -0.857663 0.514212 0
    outer loop
      vertex 81.9464 28.4444 0
      vertex 82.1331 28.7558 2
      vertex 82.1331 28.7558 0
    endloop
  endfacet
  facet normal -0.857663 0.514212 0
    outer loop
      vertex 82.1331 28.7558 2
      vertex 81.9464 28.4444 0
      vertex 81.9464 28.4444 2
    endloop
  endfacet
  facet normal -0.941542 -0.336895 0
    outer loop
      vertex 82.4107 31.5741 0
      vertex 82.2884 31.9159 2
      vertex 82.2884 31.9159 0
    endloop
  endfacet
  facet normal -0.941542 -0.336895 0
    outer loop
      vertex 82.2884 31.9159 2
      vertex 82.4107 31.5741 0
      vertex 82.4107 31.5741 2
    endloop
  endfacet
  facet normal -0.514212 -0.857663 0
    outer loop
      vertex 80.6142 33.7631 0
      vertex 80.9256 33.5764 2
      vertex 80.6142 33.7631 2
    endloop
  endfacet
  facet normal -0.514212 -0.857663 -0
    outer loop
      vertex 80.9256 33.5764 2
      vertex 80.6142 33.7631 0
      vertex 80.9256 33.5764 0
    endloop
  endfacet
  facet normal -0.970061 0.24286 0
    outer loop
      vertex 82.4107 29.4259 0
      vertex 82.4989 29.7782 2
      vertex 82.4989 29.7782 0
    endloop
  endfacet
  facet normal -0.970061 0.24286 0
    outer loop
      vertex 82.4989 29.7782 2
      vertex 82.4107 29.4259 0
      vertex 82.4107 29.4259 2
    endloop
  endfacet
  facet normal -0.903962 -0.427613 0
    outer loop
      vertex 82.2884 31.9159 0
      vertex 82.1331 32.2442 2
      vertex 82.1331 32.2442 0
    endloop
  endfacet
  facet normal -0.903962 -0.427613 0
    outer loop
      vertex 82.1331 32.2442 2
      vertex 82.2884 31.9159 0
      vertex 82.2884 31.9159 2
    endloop
  endfacet
  facet normal -0.336895 0.941542 0
    outer loop
      vertex 80.2859 27.0816 0
      vertex 79.9441 26.9593 2
      vertex 80.2859 27.0816 2
    endloop
  endfacet
  facet normal -0.336895 0.941542 0
    outer loop
      vertex 79.9441 26.9593 2
      vertex 80.2859 27.0816 0
      vertex 79.9441 26.9593 0
    endloop
  endfacet
  facet normal -0.857663 -0.514212 0
    outer loop
      vertex 82.1331 32.2442 0
      vertex 81.9464 32.5556 2
      vertex 81.9464 32.5556 0
    endloop
  endfacet
  facet normal -0.857663 -0.514212 0
    outer loop
      vertex 81.9464 32.5556 2
      vertex 82.1331 32.2442 0
      vertex 82.1331 32.2442 2
    endloop
  endfacet
  facet normal 0.671548 0.740961 -0
    outer loop
      vertex 76.5227 27.6399 0
      vertex 76.2537 27.8837 2
      vertex 76.5227 27.6399 2
    endloop
  endfacet
  facet normal 0.671548 0.740961 0
    outer loop
      vertex 76.2537 27.8837 2
      vertex 76.5227 27.6399 0
      vertex 76.2537 27.8837 0
    endloop
  endfacet
  facet normal 0.0490174 -0.998798 0
    outer loop
      vertex 78.5073 34.1822 0
      vertex 78.87 34.2 2
      vertex 78.5073 34.1822 2
    endloop
  endfacet
  facet normal 0.0490174 -0.998798 0
    outer loop
      vertex 78.87 34.2 2
      vertex 78.5073 34.1822 0
      vertex 78.87 34.2 0
    endloop
  endfacet
  facet normal 0.80326 -0.595629 0
    outer loop
      vertex 75.7936 32.5556 2
      vertex 76.0099 32.8473 0
      vertex 76.0099 32.8473 2
    endloop
  endfacet
  facet normal 0.80326 -0.595629 0
    outer loop
      vertex 76.0099 32.8473 0
      vertex 75.7936 32.5556 2
      vertex 75.7936 32.5556 0
    endloop
  endfacet
  facet normal 0.24286 -0.970061 0
    outer loop
      vertex 77.7959 34.0407 0
      vertex 78.1482 34.1289 2
      vertex 77.7959 34.0407 2
    endloop
  endfacet
  facet normal 0.24286 -0.970061 0
    outer loop
      vertex 78.1482 34.1289 2
      vertex 77.7959 34.0407 0
      vertex 78.1482 34.1289 0
    endloop
  endfacet
  facet normal -0.595629 0.80326 0
    outer loop
      vertex 81.2173 27.6399 0
      vertex 80.9256 27.4236 2
      vertex 81.2173 27.6399 2
    endloop
  endfacet
  facet normal -0.595629 0.80326 0
    outer loop
      vertex 80.9256 27.4236 2
      vertex 81.2173 27.6399 0
      vertex 80.9256 27.4236 0
    endloop
  endfacet
  facet normal 0.146818 -0.989163 0
    outer loop
      vertex 78.1482 34.1289 0
      vertex 78.5073 34.1822 2
      vertex 78.1482 34.1289 2
    endloop
  endfacet
  facet normal 0.146818 -0.989163 0
    outer loop
      vertex 78.5073 34.1822 2
      vertex 78.1482 34.1289 0
      vertex 78.5073 34.1822 0
    endloop
  endfacet
  facet normal 0.336895 -0.941542 0
    outer loop
      vertex 77.4541 33.9184 0
      vertex 77.7959 34.0407 2
      vertex 77.4541 33.9184 2
    endloop
  endfacet
  facet normal 0.336895 -0.941542 0
    outer loop
      vertex 77.7959 34.0407 2
      vertex 77.4541 33.9184 0
      vertex 77.7959 34.0407 0
    endloop
  endfacet
  facet normal 0.857663 0.514212 0
    outer loop
      vertex 75.7936 28.4444 2
      vertex 75.6069 28.7558 0
      vertex 75.6069 28.7558 2
    endloop
  endfacet
  facet normal 0.857663 0.514212 0
    outer loop
      vertex 75.6069 28.7558 0
      vertex 75.7936 28.4444 2
      vertex 75.7936 28.4444 0
    endloop
  endfacet
  facet normal 0.998798 0.0490174 0
    outer loop
      vertex 75.1878 30.1373 2
      vertex 75.17 30.5 0
      vertex 75.17 30.5 2
    endloop
  endfacet
  facet normal 0.998798 0.0490174 0
    outer loop
      vertex 75.17 30.5 0
      vertex 75.1878 30.1373 2
      vertex 75.1878 30.1373 0
    endloop
  endfacet
  facet normal -0.514212 0.857663 0
    outer loop
      vertex 80.9256 27.4236 0
      vertex 80.6142 27.2369 2
      vertex 80.9256 27.4236 2
    endloop
  endfacet
  facet normal -0.514212 0.857663 0
    outer loop
      vertex 80.6142 27.2369 2
      vertex 80.9256 27.4236 0
      vertex 80.6142 27.2369 0
    endloop
  endfacet
  facet normal -0.0490174 0.998798 0
    outer loop
      vertex 79.2327 26.8178 0
      vertex 78.87 26.8 2
      vertex 79.2327 26.8178 2
    endloop
  endfacet
  facet normal -0.0490174 0.998798 0
    outer loop
      vertex 78.87 26.8 2
      vertex 79.2327 26.8178 0
      vertex 78.87 26.8 0
    endloop
  endfacet
  facet normal 0.80326 0.595629 0
    outer loop
      vertex 76.0099 28.1527 2
      vertex 75.7936 28.4444 0
      vertex 75.7936 28.4444 2
    endloop
  endfacet
  facet normal 0.80326 0.595629 0
    outer loop
      vertex 75.7936 28.4444 0
      vertex 76.0099 28.1527 2
      vertex 76.0099 28.1527 0
    endloop
  endfacet
  facet normal 0.857663 -0.514212 0
    outer loop
      vertex 75.6069 32.2442 2
      vertex 75.7936 32.5556 0
      vertex 75.7936 32.5556 2
    endloop
  endfacet
  facet normal 0.857663 -0.514212 0
    outer loop
      vertex 75.7936 32.5556 0
      vertex 75.6069 32.2442 2
      vertex 75.6069 32.2442 0
    endloop
  endfacet
  facet normal -0.671548 -0.740961 0
    outer loop
      vertex 81.2173 33.3601 0
      vertex 81.4863 33.1163 2
      vertex 81.2173 33.3601 2
    endloop
  endfacet
  facet normal -0.671548 -0.740961 -0
    outer loop
      vertex 81.4863 33.1163 2
      vertex 81.2173 33.3601 0
      vertex 81.4863 33.1163 0
    endloop
  endfacet
  facet normal 0.514212 0.857663 -0
    outer loop
      vertex 77.1258 27.2369 0
      vertex 76.8144 27.4236 2
      vertex 77.1258 27.2369 2
    endloop
  endfacet
  facet normal 0.514212 0.857663 0
    outer loop
      vertex 76.8144 27.4236 2
      vertex 77.1258 27.2369 0
      vertex 76.8144 27.4236 0
    endloop
  endfacet
  facet normal 0.970061 0.24286 0
    outer loop
      vertex 75.3293 29.4259 2
      vertex 75.2411 29.7782 0
      vertex 75.2411 29.7782 2
    endloop
  endfacet
  facet normal 0.970061 0.24286 0
    outer loop
      vertex 75.2411 29.7782 0
      vertex 75.3293 29.4259 2
      vertex 75.3293 29.4259 0
    endloop
  endfacet
  facet normal 0.970061 -0.24286 0
    outer loop
      vertex 75.2411 31.2218 2
      vertex 75.3293 31.5741 0
      vertex 75.3293 31.5741 2
    endloop
  endfacet
  facet normal 0.970061 -0.24286 0
    outer loop
      vertex 75.3293 31.5741 0
      vertex 75.2411 31.2218 2
      vertex 75.2411 31.2218 0
    endloop
  endfacet
  facet normal 0.903962 0.427613 0
    outer loop
      vertex 75.6069 28.7558 2
      vertex 75.4516 29.0841 0
      vertex 75.4516 29.0841 2
    endloop
  endfacet
  facet normal 0.903962 0.427613 0
    outer loop
      vertex 75.4516 29.0841 0
      vertex 75.6069 28.7558 2
      vertex 75.6069 28.7558 0
    endloop
  endfacet
  facet normal 0.514212 -0.857663 0
    outer loop
      vertex 76.8144 33.5764 0
      vertex 77.1258 33.7631 2
      vertex 76.8144 33.5764 2
    endloop
  endfacet
  facet normal 0.514212 -0.857663 0
    outer loop
      vertex 77.1258 33.7631 2
      vertex 76.8144 33.5764 0
      vertex 77.1258 33.7631 0
    endloop
  endfacet
  facet normal -0.24286 0.970061 0
    outer loop
      vertex 79.9441 26.9593 0
      vertex 79.5918 26.8711 2
      vertex 79.9441 26.9593 2
    endloop
  endfacet
  facet normal -0.24286 0.970061 0
    outer loop
      vertex 79.5918 26.8711 2
      vertex 79.9441 26.9593 0
      vertex 79.5918 26.8711 0
    endloop
  endfacet
  facet normal 0.998798 -0.0490174 0
    outer loop
      vertex 75.17 30.5 2
      vertex 75.1878 30.8627 0
      vertex 75.1878 30.8627 2
    endloop
  endfacet
  facet normal 0.998798 -0.0490174 0
    outer loop
      vertex 75.1878 30.8627 0
      vertex 75.17 30.5 2
      vertex 75.17 30.5 0
    endloop
  endfacet
  facet normal -0.146818 -0.989163 0
    outer loop
      vertex 79.2327 34.1822 0
      vertex 79.5918 34.1289 2
      vertex 79.2327 34.1822 2
    endloop
  endfacet
  facet normal -0.146818 -0.989163 -0
    outer loop
      vertex 79.5918 34.1289 2
      vertex 79.2327 34.1822 0
      vertex 79.5918 34.1289 0
    endloop
  endfacet
  facet normal 0.595629 0.80326 -0
    outer loop
      vertex 76.8144 27.4236 0
      vertex 76.5227 27.6399 2
      vertex 76.8144 27.4236 2
    endloop
  endfacet
  facet normal 0.595629 0.80326 0
    outer loop
      vertex 76.5227 27.6399 2
      vertex 76.8144 27.4236 0
      vertex 76.5227 27.6399 0
    endloop
  endfacet
  facet normal 0.903962 -0.427613 0
    outer loop
      vertex 75.4516 31.9159 2
      vertex 75.6069 32.2442 0
      vertex 75.6069 32.2442 2
    endloop
  endfacet
  facet normal 0.903962 -0.427613 0
    outer loop
      vertex 75.6069 32.2442 0
      vertex 75.4516 31.9159 2
      vertex 75.4516 31.9159 0
    endloop
  endfacet
endsolid OpenSCAD_Model
