solid OpenSCAD_Model
  facet normal -0.671561 -0.740949 0
    outer loop
      vertex 3.67726 4.59026 2
      vertex 3.90994 4.37937 5.468
      vertex 3.67726 4.59026 5.468
    endloop
  endfacet
  facet normal -0.671561 -0.740949 -0
    outer loop
      vertex 3.90994 4.37937 5.468
      vertex 3.67726 4.59026 2
      vertex 3.90994 4.37937 2
    endloop
  endfacet
  facet normal -0.94154 0.336901 0
    outer loop
      vertex 2.87779 7.78191 2
      vertex 2.98359 8.07759 5.468
      vertex 2.98359 8.07759 2
    endloop
  endfacet
  facet normal -0.94154 0.336901 0
    outer loop
      vertex 2.98359 8.07759 5.468
      vertex 2.87779 7.78191 2
      vertex 2.87779 7.78191 5.468
    endloop
  endfacet
  facet normal -0.514121 -0.857718 0
    outer loop
      vertex 4.16218 4.1923 2
      vertex 4.43153 4.03085 5.468
      vertex 4.16218 4.1923 5.468
    endloop
  endfacet
  facet normal -0.514121 -0.857718 -0
    outer loop
      vertex 4.43153 4.03085 5.468
      vertex 4.16218 4.1923 2
      vertex 4.43153 4.03085 2
    endloop
  endfacet
  facet normal -0.146733 -0.989176 0
    outer loop
      vertex 5.31571 3.71449 2
      vertex 5.62635 3.66841 5.468
      vertex 5.31571 3.71449 5.468
    endloop
  endfacet
  facet normal -0.146733 -0.989176 -0
    outer loop
      vertex 5.62635 3.66841 5.468
      vertex 5.31571 3.71449 2
      vertex 5.62635 3.66841 2
    endloop
  endfacet
  facet normal 0.049072 -0.998795 0
    outer loop
      vertex 5.94 3.653 2
      vertex 6.25365 3.66841 5.468
      vertex 5.94 3.653 5.468
    endloop
  endfacet
  facet normal 0.049072 -0.998795 0
    outer loop
      vertex 6.25365 3.66841 5.468
      vertex 5.94 3.653 2
      vertex 6.25365 3.66841 2
    endloop
  endfacet
  facet normal -0.803225 0.595676 0
    outer loop
      vertex 3.2793 8.63082 2
      vertex 3.44407 8.853 5.468
      vertex 3.44407 8.853 2
    endloop
  endfacet
  facet normal -0.803225 0.595676 0
    outer loop
      vertex 3.44407 8.853 5.468
      vertex 3.2793 8.63082 2
      vertex 3.2793 8.63082 5.468
    endloop
  endfacet
  facet normal -0.857718 -0.514121 0
    outer loop
      vertex 3.2793 5.07518 2
      vertex 3.11785 5.34453 5.468
      vertex 3.11785 5.34453 2
    endloop
  endfacet
  facet normal -0.857718 -0.514121 0
    outer loop
      vertex 3.11785 5.34453 5.468
      vertex 3.2793 5.07518 2
      vertex 3.2793 5.07518 5.468
    endloop
  endfacet
  facet normal -0.857718 0.514121 0
    outer loop
      vertex 3.11785 8.36147 2
      vertex 3.2793 8.63082 5.468
      vertex 3.2793 8.63082 2
    endloop
  endfacet
  facet normal -0.857718 0.514121 0
    outer loop
      vertex 3.2793 8.63082 5.468
      vertex 3.11785 8.36147 2
      vertex 3.11785 8.36147 5.468
    endloop
  endfacet
  facet normal -0.970034 -0.24297 0
    outer loop
      vertex 2.87779 5.92409 2
      vertex 2.80149 6.22871 5.468
      vertex 2.80149 6.22871 2
    endloop
  endfacet
  facet normal -0.970034 -0.24297 0
    outer loop
      vertex 2.80149 6.22871 5.468
      vertex 2.87779 5.92409 2
      vertex 2.87779 5.92409 5.468
    endloop
  endfacet
  facet normal -0.94154 -0.336901 0
    outer loop
      vertex 2.98359 5.62841 2
      vertex 2.87779 5.92409 5.468
      vertex 2.87779 5.92409 2
    endloop
  endfacet
  facet normal -0.94154 -0.336901 0
    outer loop
      vertex 2.87779 5.92409 5.468
      vertex 2.98359 5.62841 2
      vertex 2.98359 5.62841 5.468
    endloop
  endfacet
  facet normal 0 0 -1
    outer loop
      vertex 95.57 3.95091 0
      vertex 82.5522 30.1373 0
      vertex 82.57 30.5 0
    endloop
  endfacet
  facet normal 0 0 -1
    outer loop
      vertex 95.57 3.95091 0
      vertex 82.4989 29.7782 0
      vertex 82.5522 30.1373 0
    endloop
  endfacet
  facet normal 0 0 -1
    outer loop
      vertex 95.57 3.95091 0
      vertex 82.4107 29.4259 0
      vertex 82.4989 29.7782 0
    endloop
  endfacet
  facet normal 0 0 -1
    outer loop
      vertex 95.57 3.95091 0
      vertex 82.2884 29.0841 0
      vertex 82.4107 29.4259 0
    endloop
  endfacet
  facet normal 0 0 -1
    outer loop
      vertex 95.57 3.95091 0
      vertex 82.1331 28.7558 0
      vertex 82.2884 29.0841 0
    endloop
  endfacet
  facet normal 0 0 -1
    outer loop
      vertex 95.57 3.95091 0
      vertex 81.9464 28.4444 0
      vertex 82.1331 28.7558 0
    endloop
  endfacet
  facet normal 0 0 -1
    outer loop
      vertex 95.57 3.95091 0
      vertex 81.7301 28.1527 0
      vertex 81.9464 28.4444 0
    endloop
  endfacet
  facet normal 0 0 -1
    outer loop
      vertex 95.57 3.95091 0
      vertex 81.4863 27.8837 0
      vertex 81.7301 28.1527 0
    endloop
  endfacet
  facet normal 0 0 -1
    outer loop
      vertex 95.57 3.95091 0
      vertex 81.2173 27.6399 0
      vertex 81.4863 27.8837 0
    endloop
  endfacet
  facet normal 0 0 -1
    outer loop
      vertex 95.57 3.95091 0
      vertex 80.9256 27.4236 0
      vertex 81.2173 27.6399 0
    endloop
  endfacet
  facet normal 0 0 -1
    outer loop
      vertex 95.57 3.95091 0
      vertex 80.6142 27.2369 0
      vertex 80.9256 27.4236 0
    endloop
  endfacet
  facet normal 0 0 -1
    outer loop
      vertex 95.57 3.95091 0
      vertex 80.2859 27.0816 0
      vertex 80.6142 27.2369 0
    endloop
  endfacet
  facet normal 0 0 -1
    outer loop
      vertex 95.57 3.95091 0
      vertex 79.9441 26.9593 0
      vertex 80.2859 27.0816 0
    endloop
  endfacet
  facet normal 0 0 -1
    outer loop
      vertex 95.57 3.95091 0
      vertex 79.5918 26.8711 0
      vertex 79.9441 26.9593 0
    endloop
  endfacet
  facet normal 0 0 -1
    outer loop
      vertex 89.6191 -2 0
      vertex 79.2327 26.8178 0
      vertex 79.5918 26.8711 0
    endloop
  endfacet
  facet normal 0 0 -1
    outer loop
      vertex 89.6191 -2 0
      vertex 78.87 26.8 0
      vertex 79.2327 26.8178 0
    endloop
  endfacet
  facet normal 0 0 -1
    outer loop
      vertex 62.85 11.101 0
      vertex 78.87 26.8 0
      vertex 89.6191 -2 0
    endloop
  endfacet
  facet normal -0 0 -1
    outer loop
      vertex 78.87 26.8 0
      vertex 62.85 11.101 0
      vertex 78.5073 26.8178 0
    endloop
  endfacet
  facet normal -0 0 -1
    outer loop
      vertex 78.5073 26.8178 0
      vertex 62.85 11.101 0
      vertex 78.1482 26.8711 0
    endloop
  endfacet
  facet normal -0 0 -1
    outer loop
      vertex 78.1482 26.8711 0
      vertex 62.85 11.101 0
      vertex 77.7959 26.9593 0
    endloop
  endfacet
  facet normal -0 0 -1
    outer loop
      vertex 77.7959 26.9593 0
      vertex 62.85 11.101 0
      vertex 77.4541 27.0816 0
    endloop
  endfacet
  facet normal -0 0 -1
    outer loop
      vertex 77.4541 27.0816 0
      vertex 62.85 11.101 0
      vertex 77.1258 27.2369 0
    endloop
  endfacet
  facet normal -0 0 -1
    outer loop
      vertex 77.1258 27.2369 0
      vertex 62.85 11.101 0
      vertex 76.8144 27.4236 0
    endloop
  endfacet
  facet normal -0 0 -1
    outer loop
      vertex 76.8144 27.4236 0
      vertex 62.85 11.101 0
      vertex 76.5227 27.6399 0
    endloop
  endfacet
  facet normal -0 0 -1
    outer loop
      vertex 76.5227 27.6399 0
      vertex 62.85 11.101 0
      vertex 76.2537 27.8837 0
    endloop
  endfacet
  facet normal -0 0 -1
    outer loop
      vertex 76.2537 27.8837 0
      vertex 62.85 11.101 0
      vertex 76.0099 28.1527 0
    endloop
  endfacet
  facet normal -0 0 -1
    outer loop
      vertex 76.0099 28.1527 0
      vertex 62.85 11.101 0
      vertex 75.7936 28.4444 0
    endloop
  endfacet
  facet normal -0 0 -1
    outer loop
      vertex 75.7936 28.4444 0
      vertex 62.85 11.101 0
      vertex 75.6069 28.7558 0
    endloop
  endfacet
  facet normal -0 0 -1
    outer loop
      vertex 75.1878 30.1373 0
      vertex 62.85 11.101 0
      vertex 75.17 30.5 0
    endloop
  endfacet
  facet normal -0 0 -1
    outer loop
      vertex 75.2411 29.7782 0
      vertex 62.85 11.101 0
      vertex 75.1878 30.1373 0
    endloop
  endfacet
  facet normal -0 0 -1
    outer loop
      vertex 75.3293 29.4259 0
      vertex 62.85 11.101 0
      vertex 75.2411 29.7782 0
    endloop
  endfacet
  facet normal -0 0 -1
    outer loop
      vertex 75.4516 29.0841 0
      vertex 62.85 11.101 0
      vertex 75.3293 29.4259 0
    endloop
  endfacet
  facet normal -0 0 -1
    outer loop
      vertex 75.6069 28.7558 0
      vertex 62.85 11.101 0
      vertex 75.4516 29.0841 0
    endloop
  endfacet
  facet normal 0 0 -1
    outer loop
      vertex 3.95091 -2 0
      vertex 62.85 11.101 0
      vertex 89.6191 -2 0
    endloop
  endfacet
  facet normal 0 0 -1
    outer loop
      vertex -2 3.95091 0
      vertex 12.35 11.101 0
      vertex 3.95091 -2 0
    endloop
  endfacet
  facet normal -0 0 -1
    outer loop
      vertex 62.85 11.101 0
      vertex 3.95091 -2 0
      vertex 12.35 11.101 0
    endloop
  endfacet
  facet normal 0 0 -1
    outer loop
      vertex 89.6191 -2 0
      vertex 95.57 3.95091 0
      vertex 95.5435 3.41165 0
    endloop
  endfacet
  facet normal 0 0 -1
    outer loop
      vertex 95.57 3.95091 0
      vertex 82.57 30.5 0
      vertex 95.57 57.0491 0
    endloop
  endfacet
  facet normal 0 0 -1
    outer loop
      vertex 89.6191 -2 0
      vertex 95.5435 3.41165 0
      vertex 95.4571 2.82896 0
    endloop
  endfacet
  facet normal 0 0 -1
    outer loop
      vertex 82.5522 30.8627 0
      vertex 95.57 57.0491 0
      vertex 82.57 30.5 0
    endloop
  endfacet
  facet normal 0 0 -1
    outer loop
      vertex 89.6191 -2 0
      vertex 95.4571 2.82896 0
      vertex 95.3139 2.25757 0
    endloop
  endfacet
  facet normal 0 0 -1
    outer loop
      vertex 82.4989 31.2218 0
      vertex 95.57 57.0491 0
      vertex 82.5522 30.8627 0
    endloop
  endfacet
  facet normal 0 0 -1
    outer loop
      vertex 89.6191 -2 0
      vertex 95.3139 2.25757 0
      vertex 95.1155 1.70294 0
    endloop
  endfacet
  facet normal 0 0 -1
    outer loop
      vertex 82.4107 31.5741 0
      vertex 95.57 57.0491 0
      vertex 82.4989 31.2218 0
    endloop
  endfacet
  facet normal 0 0 -1
    outer loop
      vertex 89.6191 -2 0
      vertex 95.1155 1.70294 0
      vertex 94.8636 1.1705 0
    endloop
  endfacet
  facet normal 0 0 -1
    outer loop
      vertex 82.2884 31.9159 0
      vertex 95.57 57.0491 0
      vertex 82.4107 31.5741 0
    endloop
  endfacet
  facet normal 0 0 -1
    outer loop
      vertex 89.6191 -2 0
      vertex 94.8636 1.1705 0
      vertex 94.5608 0.665237 0
    endloop
  endfacet
  facet normal 0 0 -1
    outer loop
      vertex 82.1331 32.2442 0
      vertex 95.57 57.0491 0
      vertex 82.2884 31.9159 0
    endloop
  endfacet
  facet normal 0 0 -1
    outer loop
      vertex 89.6191 -2 0
      vertex 94.5608 0.665237 0
      vertex 94.2099 0.192093 0
    endloop
  endfacet
  facet normal 0 0 -1
    outer loop
      vertex 81.9464 32.5556 0
      vertex 95.57 57.0491 0
      vertex 82.1331 32.2442 0
    endloop
  endfacet
  facet normal 0 0 -1
    outer loop
      vertex 89.6191 -2 0
      vertex 94.2099 0.192093 0
      vertex 93.8143 -0.244354 0
    endloop
  endfacet
  facet normal 0 0 -1
    outer loop
      vertex 81.7301 32.8473 0
      vertex 95.57 57.0491 0
      vertex 81.9464 32.5556 0
    endloop
  endfacet
  facet normal 0 0 -1
    outer loop
      vertex 89.6191 -2 0
      vertex 93.8143 -0.244354 0
      vertex 93.3779 -0.639954 0
    endloop
  endfacet
  facet normal 0 0 -1
    outer loop
      vertex 81.4863 33.1163 0
      vertex 95.57 57.0491 0
      vertex 81.7301 32.8473 0
    endloop
  endfacet
  facet normal 0 0 -1
    outer loop
      vertex 89.6191 -2 0
      vertex 93.3779 -0.639954 0
      vertex 92.9048 -0.990829 0
    endloop
  endfacet
  facet normal 0 0 -1
    outer loop
      vertex 81.2173 33.3601 0
      vertex 95.57 57.0491 0
      vertex 81.4863 33.1163 0
    endloop
  endfacet
  facet normal 0 0 -1
    outer loop
      vertex 89.6191 -2 0
      vertex 92.9048 -0.990829 0
      vertex 92.3995 -1.29366 0
    endloop
  endfacet
  facet normal 0 0 -1
    outer loop
      vertex 80.9256 33.5764 0
      vertex 95.57 57.0491 0
      vertex 81.2173 33.3601 0
    endloop
  endfacet
  facet normal 0 0 -1
    outer loop
      vertex 89.6191 -2 0
      vertex 92.3995 -1.29366 0
      vertex 91.867 -1.54552 0
    endloop
  endfacet
  facet normal 0 0 -1
    outer loop
      vertex 80.6142 33.7631 0
      vertex 95.57 57.0491 0
      vertex 80.9256 33.5764 0
    endloop
  endfacet
  facet normal 0 0 -1
    outer loop
      vertex 89.6191 -2 0
      vertex 91.867 -1.54552 0
      vertex 91.3124 -1.74397 0
    endloop
  endfacet
  facet normal 0 0 -1
    outer loop
      vertex 80.2859 33.9184 0
      vertex 95.57 57.0491 0
      vertex 80.6142 33.7631 0
    endloop
  endfacet
  facet normal 0 0 -1
    outer loop
      vertex 89.6191 -2 0
      vertex 91.3124 -1.74397 0
      vertex 90.741 -1.88708 0
    endloop
  endfacet
  facet normal 0 0 -1
    outer loop
      vertex 79.9441 34.0407 0
      vertex 95.57 57.0491 0
      vertex 80.2859 33.9184 0
    endloop
  endfacet
  facet normal 0 0 -1
    outer loop
      vertex 79.5918 34.1289 0
      vertex 95.57 57.0491 0
      vertex 79.9441 34.0407 0
    endloop
  endfacet
  facet normal 0 0 -1
    outer loop
      vertex 89.6191 -2 0
      vertex 90.741 -1.88708 0
      vertex 90.1583 -1.97351 0
    endloop
  endfacet
  facet normal 0 -0 -1
    outer loop
      vertex 89.6191 63 0
      vertex 95.57 57.0491 0
      vertex 79.5918 34.1289 0
    endloop
  endfacet
  facet normal 0 0 -1
    outer loop
      vertex 79.5918 26.8711 0
      vertex 95.57 3.95091 0
      vertex 89.6191 -2 0
    endloop
  endfacet
  facet normal 0 0 -1
    outer loop
      vertex 95.57 57.0491 0
      vertex 89.6191 63 0
      vertex 95.5435 57.5883 0
    endloop
  endfacet
  facet normal 0 0 -1
    outer loop
      vertex 95.4571 58.171 0
      vertex 89.6191 63 0
      vertex 95.3139 58.7424 0
    endloop
  endfacet
  facet normal 0 0 -1
    outer loop
      vertex 95.3139 58.7424 0
      vertex 89.6191 63 0
      vertex 95.1155 59.297 0
    endloop
  endfacet
  facet normal 0 0 -1
    outer loop
      vertex 95.1155 59.297 0
      vertex 89.6191 63 0
      vertex 94.8636 59.8295 0
    endloop
  endfacet
  facet normal 0 0 -1
    outer loop
      vertex 94.5608 60.3347 0
      vertex 89.6191 63 0
      vertex 94.2099 60.8079 0
    endloop
  endfacet
  facet normal 0 0 -1
    outer loop
      vertex 94.2099 60.8079 0
      vertex 89.6191 63 0
      vertex 93.8143 61.2443 0
    endloop
  endfacet
  facet normal 0 0 -1
    outer loop
      vertex 93.8143 61.2443 0
      vertex 89.6191 63 0
      vertex 93.3779 61.6399 0
    endloop
  endfacet
  facet normal 0 0 -1
    outer loop
      vertex 92.9048 61.9908 0
      vertex 89.6191 63 0
      vertex 92.3995 62.2936 0
    endloop
  endfacet
  facet normal 0 0 -1
    outer loop
      vertex 92.3995 62.2936 0
      vertex 89.6191 63 0
      vertex 91.867 62.5455 0
    endloop
  endfacet
  facet normal 0 0 -1
    outer loop
      vertex 91.867 62.5455 0
      vertex 89.6191 63 0
      vertex 91.3124 62.744 0
    endloop
  endfacet
  facet normal 0 0 -1
    outer loop
      vertex 90.741 62.8871 0
      vertex 89.6191 63 0
      vertex 90.1584 62.9735 0
    endloop
  endfacet
  facet normal 0 0 -1
    outer loop
      vertex 91.3124 62.744 0
      vertex 89.6191 63 0
      vertex 90.741 62.8871 0
    endloop
  endfacet
  facet normal 0 0 -1
    outer loop
      vertex 93.3779 61.6399 0
      vertex 89.6191 63 0
      vertex 92.9048 61.9908 0
    endloop
  endfacet
  facet normal 0 0 -1
    outer loop
      vertex 94.8636 59.8295 0
      vertex 89.6191 63 0
      vertex 94.5608 60.3347 0
    endloop
  endfacet
  facet normal 0 0 -1
    outer loop
      vertex 95.5435 57.5883 0
      vertex 89.6191 63 0
      vertex 95.4571 58.171 0
    endloop
  endfacet
  facet normal 0 0 -1
    outer loop
      vertex 79.2327 34.1822 0
      vertex 89.6191 63 0
      vertex 79.5918 34.1289 0
    endloop
  endfacet
  facet normal 0 0 -1
    outer loop
      vertex 78.87 34.2 0
      vertex 89.6191 63 0
      vertex 79.2327 34.1822 0
    endloop
  endfacet
  facet normal 0 0 -1
    outer loop
      vertex 62.85 50.001 0
      vertex 78.87 34.2 0
      vertex 78.5073 34.1822 0
    endloop
  endfacet
  facet normal 0 0 -1
    outer loop
      vertex 62.85 50.001 0
      vertex 78.5073 34.1822 0
      vertex 78.1482 34.1289 0
    endloop
  endfacet
  facet normal 0 0 -1
    outer loop
      vertex 62.85 50.001 0
      vertex 78.1482 34.1289 0
      vertex 77.7959 34.0407 0
    endloop
  endfacet
  facet normal 0 0 -1
    outer loop
      vertex 62.85 50.001 0
      vertex 77.7959 34.0407 0
      vertex 77.4541 33.9184 0
    endloop
  endfacet
  facet normal 0 0 -1
    outer loop
      vertex 62.85 50.001 0
      vertex 77.4541 33.9184 0
      vertex 77.1258 33.7631 0
    endloop
  endfacet
  facet normal 0 0 -1
    outer loop
      vertex 62.85 50.001 0
      vertex 77.1258 33.7631 0
      vertex 76.8144 33.5764 0
    endloop
  endfacet
  facet normal 0 0 -1
    outer loop
      vertex 62.85 50.001 0
      vertex 76.8144 33.5764 0
      vertex 76.5227 33.3601 0
    endloop
  endfacet
  facet normal 0 0 -1
    outer loop
      vertex 62.85 50.001 0
      vertex 76.5227 33.3601 0
      vertex 76.2537 33.1163 0
    endloop
  endfacet
  facet normal 0 0 -1
    outer loop
      vertex 62.85 50.001 0
      vertex 76.2537 33.1163 0
      vertex 76.0099 32.8473 0
    endloop
  endfacet
  facet normal 0 0 -1
    outer loop
      vertex 62.85 50.001 0
      vertex 76.0099 32.8473 0
      vertex 75.7936 32.5556 0
    endloop
  endfacet
  facet normal 0 0 -1
    outer loop
      vertex 62.85 50.001 0
      vertex 75.7936 32.5556 0
      vertex 75.6069 32.2442 0
    endloop
  endfacet
  facet normal 0 0 -1
    outer loop
      vertex 62.85 50.001 0
      vertex 75.6069 32.2442 0
      vertex 75.4516 31.9159 0
    endloop
  endfacet
  facet normal 0 0 -1
    outer loop
      vertex 62.85 50.001 0
      vertex 75.17 30.5 0
      vertex 62.85 11.101 0
    endloop
  endfacet
  facet normal 0 0 -1
    outer loop
      vertex 75.17 30.5 0
      vertex 62.85 50.001 0
      vertex 75.1878 30.8627 0
    endloop
  endfacet
  facet normal 0 0 -1
    outer loop
      vertex 75.1878 30.8627 0
      vertex 62.85 50.001 0
      vertex 75.2411 31.2218 0
    endloop
  endfacet
  facet normal 0 0 -1
    outer loop
      vertex 75.2411 31.2218 0
      vertex 62.85 50.001 0
      vertex 75.3293 31.5741 0
    endloop
  endfacet
  facet normal 0 0 -1
    outer loop
      vertex 75.3293 31.5741 0
      vertex 62.85 50.001 0
      vertex 75.4516 31.9159 0
    endloop
  endfacet
  facet normal 0 0 -1
    outer loop
      vertex 78.87 34.2 0
      vertex 62.85 50.001 0
      vertex 89.6191 63 0
    endloop
  endfacet
  facet normal 0 0 -1
    outer loop
      vertex 3.95088 63 0
      vertex 62.85 50.001 0
      vertex 12.35 50.001 0
    endloop
  endfacet
  facet normal 0 0 -1
    outer loop
      vertex 62.85 50.001 0
      vertex 3.95088 63 0
      vertex 89.6191 63 0
    endloop
  endfacet
  facet normal -0 0 -1
    outer loop
      vertex 12.35 11.101 0
      vertex -2 3.95091 0
      vertex 12.35 50.001 0
    endloop
  endfacet
  facet normal 0 0 -1
    outer loop
      vertex -2 3.95091 0
      vertex 3.95091 -2 0
      vertex 3.41165 -1.97351 0
    endloop
  endfacet
  facet normal 0 0 -1
    outer loop
      vertex -2 57.0491 0
      vertex 12.35 50.001 0
      vertex -2 3.95091 0
    endloop
  endfacet
  facet normal 0 0 -1
    outer loop
      vertex -2 3.95091 0
      vertex 3.41165 -1.97351 0
      vertex 2.82901 -1.88708 0
    endloop
  endfacet
  facet normal 0 0 -1
    outer loop
      vertex 12.35 50.001 0
      vertex -2 57.0491 0
      vertex 3.95088 63 0
    endloop
  endfacet
  facet normal 0 0 -1
    outer loop
      vertex -2 3.95091 0
      vertex 2.82901 -1.88708 0
      vertex 2.2576 -1.74397 0
    endloop
  endfacet
  facet normal 0 0 -1
    outer loop
      vertex 3.95088 63 0
      vertex -2 57.0491 0
      vertex 3.41162 62.9735 0
    endloop
  endfacet
  facet normal 0 0 -1
    outer loop
      vertex -2 3.95091 0
      vertex 2.2576 -1.74397 0
      vertex 1.70294 -1.5455 0
    endloop
  endfacet
  facet normal 0 0 -1
    outer loop
      vertex 3.41162 62.9735 0
      vertex -2 57.0491 0
      vertex 2.82901 62.8871 0
    endloop
  endfacet
  facet normal 0 0 -1
    outer loop
      vertex -2 3.95091 0
      vertex 1.70294 -1.5455 0
      vertex 1.17047 -1.29366 0
    endloop
  endfacet
  facet normal 0 0 -1
    outer loop
      vertex 2.82901 62.8871 0
      vertex -2 57.0491 0
      vertex 2.2576 62.744 0
    endloop
  endfacet
  facet normal 0 0 -1
    outer loop
      vertex -2 3.95091 0
      vertex 1.17047 -1.29366 0
      vertex 0.665237 -0.990829 0
    endloop
  endfacet
  facet normal 0 0 -1
    outer loop
      vertex 2.2576 62.744 0
      vertex -2 57.0491 0
      vertex 1.70294 62.5455 0
    endloop
  endfacet
  facet normal 0 0 -1
    outer loop
      vertex -2 3.95091 0
      vertex 0.665237 -0.990829 0
      vertex 0.192093 -0.639938 0
    endloop
  endfacet
  facet normal 0 0 -1
    outer loop
      vertex 1.70294 62.5455 0
      vertex -2 57.0491 0
      vertex 1.17047 62.2936 0
    endloop
  endfacet
  facet normal 0 0 -1
    outer loop
      vertex -2 3.95091 0
      vertex 0.192093 -0.639938 0
      vertex -0.244354 -0.244354 0
    endloop
  endfacet
  facet normal 0 0 -1
    outer loop
      vertex 1.17047 62.2936 0
      vertex -2 57.0491 0
      vertex 0.665237 61.9908 0
    endloop
  endfacet
  facet normal 0 0 -1
    outer loop
      vertex -2 3.95091 0
      vertex -0.244354 -0.244354 0
      vertex -0.639938 0.192093 0
    endloop
  endfacet
  facet normal 0 0 -1
    outer loop
      vertex 0.665237 61.9908 0
      vertex -2 57.0491 0
      vertex 0.192093 61.6399 0
    endloop
  endfacet
  facet normal 0 0 -1
    outer loop
      vertex -2 3.95091 0
      vertex -0.639938 0.192093 0
      vertex -0.990829 0.665237 0
    endloop
  endfacet
  facet normal 0 0 -1
    outer loop
      vertex 0.192093 61.6399 0
      vertex -2 57.0491 0
      vertex -0.244354 61.2443 0
    endloop
  endfacet
  facet normal 0 0 -1
    outer loop
      vertex -2 3.95091 0
      vertex -0.990829 0.665237 0
      vertex -1.29366 1.17047 0
    endloop
  endfacet
  facet normal 0 0 -1
    outer loop
      vertex -0.244354 61.2443 0
      vertex -2 57.0491 0
      vertex -0.639938 60.8079 0
    endloop
  endfacet
  facet normal 0 0 -1
    outer loop
      vertex -2 3.95091 0
      vertex -1.29366 1.17047 0
      vertex -1.5455 1.70294 0
    endloop
  endfacet
  facet normal 0 0 -1
    outer loop
      vertex -0.639938 60.8079 0
      vertex -2 57.0491 0
      vertex -0.990829 60.3347 0
    endloop
  endfacet
  facet normal 0 0 -1
    outer loop
      vertex -2 3.95091 0
      vertex -1.5455 1.70294 0
      vertex -1.74397 2.2576 0
    endloop
  endfacet
  facet normal 0 0 -1
    outer loop
      vertex -0.990829 60.3347 0
      vertex -2 57.0491 0
      vertex -1.29366 59.8295 0
    endloop
  endfacet
  facet normal 0 0 -1
    outer loop
      vertex -2 3.95091 0
      vertex -1.74397 2.2576 0
      vertex -1.88708 2.82901 0
    endloop
  endfacet
  facet normal 0 0 -1
    outer loop
      vertex -1.29366 59.8295 0
      vertex -2 57.0491 0
      vertex -1.5455 59.297 0
    endloop
  endfacet
  facet normal 0 0 -1
    outer loop
      vertex -2 3.95091 0
      vertex -1.88708 2.82901 0
      vertex -1.97351 3.41165 0
    endloop
  endfacet
  facet normal 0 0 -1
    outer loop
      vertex -1.5455 59.297 0
      vertex -2 57.0491 0
      vertex -1.74397 58.7424 0
    endloop
  endfacet
  facet normal 0 0 -1
    outer loop
      vertex -1.74397 58.7424 0
      vertex -2 57.0491 0
      vertex -1.88708 58.171 0
    endloop
  endfacet
  facet normal 0 0 -1
    outer loop
      vertex -1.88708 58.171 0
      vertex -2 57.0491 0
      vertex -1.97351 57.5883 0
    endloop
  endfacet
  facet normal -0.998795 -0.049072 0
    outer loop
      vertex 2.75541 6.53935 2
      vertex 2.74 6.853 5.468
      vertex 2.74 6.853 2
    endloop
  endfacet
  facet normal -0.998795 -0.049072 0
    outer loop
      vertex 2.74 6.853 5.468
      vertex 2.75541 6.53935 2
      vertex 2.75541 6.53935 5.468
    endloop
  endfacet
  facet normal -0.970034 0.24297 0
    outer loop
      vertex 2.80149 7.47729 2
      vertex 2.87779 7.78191 5.468
      vertex 2.87779 7.78191 2
    endloop
  endfacet
  facet normal -0.970034 0.24297 0
    outer loop
      vertex 2.87779 7.78191 5.468
      vertex 2.80149 7.47729 2
      vertex 2.80149 7.47729 5.468
    endloop
  endfacet
  facet normal 0.427541 -0.903996 0
    outer loop
      vertex 7.16459 3.89659 2
      vertex 7.44847 4.03085 5.468
      vertex 7.16459 3.89659 5.468
    endloop
  endfacet
  facet normal 0.427541 -0.903996 0
    outer loop
      vertex 7.44847 4.03085 5.468
      vertex 7.16459 3.89659 2
      vertex 7.44847 4.03085 2
    endloop
  endfacet
  facet normal 0.514121 -0.857718 0
    outer loop
      vertex 7.44847 4.03085 2
      vertex 7.71782 4.1923 5.468
      vertex 7.44847 4.03085 5.468
    endloop
  endfacet
  facet normal 0.514121 -0.857718 0
    outer loop
      vertex 7.71782 4.1923 5.468
      vertex 7.44847 4.03085 2
      vertex 7.71782 4.1923 2
    endloop
  endfacet
  facet normal 0.146733 -0.989176 0
    outer loop
      vertex 6.25365 3.66841 2
      vertex 6.56429 3.71449 5.468
      vertex 6.25365 3.66841 5.468
    endloop
  endfacet
  facet normal 0.146733 -0.989176 0
    outer loop
      vertex 6.56429 3.71449 5.468
      vertex 6.25365 3.66841 2
      vertex 6.56429 3.71449 2
    endloop
  endfacet
  facet normal -0.989176 0.146733 0
    outer loop
      vertex 2.75541 7.16665 2
      vertex 2.80149 7.47729 5.468
      vertex 2.80149 7.47729 2
    endloop
  endfacet
  facet normal -0.989176 0.146733 0
    outer loop
      vertex 2.80149 7.47729 5.468
      vertex 2.75541 7.16665 2
      vertex 2.75541 7.16665 5.468
    endloop
  endfacet
  facet normal -0.24297 -0.970034 0
    outer loop
      vertex 5.01109 3.79079 2
      vertex 5.31571 3.71449 5.468
      vertex 5.01109 3.79079 5.468
    endloop
  endfacet
  facet normal -0.24297 -0.970034 -0
    outer loop
      vertex 5.31571 3.71449 5.468
      vertex 5.01109 3.79079 2
      vertex 5.31571 3.71449 2
    endloop
  endfacet
  facet normal -0.803214 -0.595691 0
    outer loop
      vertex 3.46637 4.82294 2
      vertex 3.2793 5.07518 5.468
      vertex 3.2793 5.07518 2
    endloop
  endfacet
  facet normal -0.803214 -0.595691 0
    outer loop
      vertex 3.2793 5.07518 5.468
      vertex 3.46637 4.82294 2
      vertex 3.46637 4.82294 5.468
    endloop
  endfacet
  facet normal -0.903996 -0.427541 0
    outer loop
      vertex 3.11785 5.34453 2
      vertex 2.98359 5.62841 5.468
      vertex 2.98359 5.62841 2
    endloop
  endfacet
  facet normal -0.903996 -0.427541 0
    outer loop
      vertex 2.98359 5.62841 5.468
      vertex 3.11785 5.34453 2
      vertex 3.11785 5.34453 5.468
    endloop
  endfacet
  facet normal -0.427541 -0.903996 0
    outer loop
      vertex 4.43153 4.03085 2
      vertex 4.71541 3.89659 5.468
      vertex 4.43153 4.03085 5.468
    endloop
  endfacet
  facet normal -0.427541 -0.903996 -0
    outer loop
      vertex 4.71541 3.89659 5.468
      vertex 4.43153 4.03085 2
      vertex 4.71541 3.89659 2
    endloop
  endfacet
  facet normal 0.595676 -0.803225 0
    outer loop
      vertex 7.71782 4.1923 2
      vertex 7.94 4.35707 5.468
      vertex 7.71782 4.1923 5.468
    endloop
  endfacet
  facet normal 0.595676 -0.803225 0
    outer loop
      vertex 7.94 4.35707 5.468
      vertex 7.71782 4.1923 2
      vertex 7.94 4.35707 2
    endloop
  endfacet
  facet normal -0.989176 -0.146733 0
    outer loop
      vertex 2.80149 6.22871 2
      vertex 2.75541 6.53935 5.468
      vertex 2.75541 6.53935 2
    endloop
  endfacet
  facet normal -0.989176 -0.146733 0
    outer loop
      vertex 2.75541 6.53935 5.468
      vertex 2.80149 6.22871 2
      vertex 2.80149 6.22871 5.468
    endloop
  endfacet
  facet normal 0.336901 -0.94154 0
    outer loop
      vertex 6.86891 3.79079 2
      vertex 7.16459 3.89659 5.468
      vertex 6.86891 3.79079 5.468
    endloop
  endfacet
  facet normal 0.336901 -0.94154 0
    outer loop
      vertex 7.16459 3.89659 5.468
      vertex 6.86891 3.79079 2
      vertex 7.16459 3.89659 2
    endloop
  endfacet
  facet normal 0.24297 -0.970034 0
    outer loop
      vertex 6.56429 3.71449 2
      vertex 6.86891 3.79079 5.468
      vertex 6.56429 3.71449 5.468
    endloop
  endfacet
  facet normal 0.24297 -0.970034 0
    outer loop
      vertex 6.86891 3.79079 5.468
      vertex 6.56429 3.71449 2
      vertex 6.86891 3.79079 2
    endloop
  endfacet
  facet normal -0.903996 0.427541 0
    outer loop
      vertex 2.98359 8.07759 2
      vertex 3.11785 8.36147 5.468
      vertex 3.11785 8.36147 2
    endloop
  endfacet
  facet normal -0.903996 0.427541 0
    outer loop
      vertex 3.11785 8.36147 5.468
      vertex 2.98359 8.07759 2
      vertex 2.98359 8.07759 5.468
    endloop
  endfacet
  facet normal -0.740949 -0.671561 0
    outer loop
      vertex 3.67726 4.59026 2
      vertex 3.46637 4.82294 5.468
      vertex 3.46637 4.82294 2
    endloop
  endfacet
  facet normal -0.740949 -0.671561 0
    outer loop
      vertex 3.46637 4.82294 5.468
      vertex 3.67726 4.59026 2
      vertex 3.67726 4.59026 5.468
    endloop
  endfacet
  facet normal -0.595691 -0.803214 0
    outer loop
      vertex 3.90994 4.37937 2
      vertex 4.16218 4.1923 5.468
      vertex 3.90994 4.37937 5.468
    endloop
  endfacet
  facet normal -0.595691 -0.803214 -0
    outer loop
      vertex 4.16218 4.1923 5.468
      vertex 3.90994 4.37937 2
      vertex 4.16218 4.1923 2
    endloop
  endfacet
  facet normal -0.049072 -0.998795 0
    outer loop
      vertex 5.62635 3.66841 2
      vertex 5.94 3.653 5.468
      vertex 5.62635 3.66841 5.468
    endloop
  endfacet
  facet normal -0.049072 -0.998795 -0
    outer loop
      vertex 5.94 3.653 5.468
      vertex 5.62635 3.66841 2
      vertex 5.94 3.653 2
    endloop
  endfacet
  facet normal -0 0 1
    outer loop
      vertex 7.0347 6.74518 5.468
      vertex 7.94 4.35707 5.468
      vertex 7.94 8.853 5.468
    endloop
  endfacet
  facet normal -0 0 1
    outer loop
      vertex 7.01886 6.6384 5.468
      vertex 7.94 4.35707 5.468
      vertex 7.0347 6.74518 5.468
    endloop
  endfacet
  facet normal -0 0 1
    outer loop
      vertex 6.95627 6.43205 5.468
      vertex 7.94 4.35707 5.468
      vertex 6.99263 6.53369 5.468
    endloop
  endfacet
  facet normal 0 0 1
    outer loop
      vertex 7.0347 6.74518 5.468
      vertex 7.94 8.853 5.468
      vertex 7.04 6.853 5.468
    endloop
  endfacet
  facet normal 0 0 1
    outer loop
      vertex 7.94 8.853 5.468
      vertex 7.0347 6.96082 5.468
      vertex 7.04 6.853 5.468
    endloop
  endfacet
  facet normal 0 0 1
    outer loop
      vertex 7.94 8.853 5.468
      vertex 7.01886 7.0676 5.468
      vertex 7.0347 6.96082 5.468
    endloop
  endfacet
  facet normal 0 0 1
    outer loop
      vertex 7.94 8.853 5.468
      vertex 6.99263 7.17231 5.468
      vertex 7.01886 7.0676 5.468
    endloop
  endfacet
  facet normal 0 0 1
    outer loop
      vertex 7.94 8.853 5.468
      vertex 6.95627 7.27395 5.468
      vertex 6.99263 7.17231 5.468
    endloop
  endfacet
  facet normal 0 0 1
    outer loop
      vertex 7.94 8.853 5.468
      vertex 6.91011 7.37154 5.468
      vertex 6.95627 7.27395 5.468
    endloop
  endfacet
  facet normal 0 0 1
    outer loop
      vertex 7.94 8.853 5.468
      vertex 6.85462 7.46413 5.468
      vertex 6.91011 7.37154 5.468
    endloop
  endfacet
  facet normal 0 0 1
    outer loop
      vertex 7.94 8.853 5.468
      vertex 6.79031 7.55083 5.468
      vertex 6.85462 7.46413 5.468
    endloop
  endfacet
  facet normal 0 0 1
    outer loop
      vertex 7.94 8.853 5.468
      vertex 6.71782 7.63082 5.468
      vertex 6.79031 7.55083 5.468
    endloop
  endfacet
  facet normal 0 0 1
    outer loop
      vertex 7.94 8.853 5.468
      vertex 6.63783 7.70331 5.468
      vertex 6.71782 7.63082 5.468
    endloop
  endfacet
  facet normal 0 0 1
    outer loop
      vertex 7.94 8.853 5.468
      vertex 6.55113 7.76762 5.468
      vertex 6.63783 7.70331 5.468
    endloop
  endfacet
  facet normal 0 0 1
    outer loop
      vertex 7.94 8.853 5.468
      vertex 6.45854 7.82311 5.468
      vertex 6.55113 7.76762 5.468
    endloop
  endfacet
  facet normal 0 0 1
    outer loop
      vertex 7.94 8.853 5.468
      vertex 6.36095 7.86927 5.468
      vertex 6.45854 7.82311 5.468
    endloop
  endfacet
  facet normal 0 0 1
    outer loop
      vertex 7.94 8.853 5.468
      vertex 6.25931 7.90563 5.468
      vertex 6.36095 7.86927 5.468
    endloop
  endfacet
  facet normal 0 0 1
    outer loop
      vertex 7.94 8.853 5.468
      vertex 6.1546 7.93186 5.468
      vertex 6.25931 7.90563 5.468
    endloop
  endfacet
  facet normal 0 0 1
    outer loop
      vertex 7.94 8.853 5.468
      vertex 6.04782 7.9477 5.468
      vertex 6.1546 7.93186 5.468
    endloop
  endfacet
  facet normal 0 0 1
    outer loop
      vertex 7.94 8.853 5.468
      vertex 5.94 7.953 5.468
      vertex 6.04782 7.9477 5.468
    endloop
  endfacet
  facet normal 0 0 1
    outer loop
      vertex 7.94 8.853 5.468
      vertex 5.83218 7.9477 5.468
      vertex 5.94 7.953 5.468
    endloop
  endfacet
  facet normal -0 0 1
    outer loop
      vertex 3.44407 8.853 5.468
      vertex 5.83218 7.9477 5.468
      vertex 7.94 8.853 5.468
    endloop
  endfacet
  facet normal 0 0 1
    outer loop
      vertex 5.83218 7.9477 5.468
      vertex 3.44407 8.853 5.468
      vertex 5.7254 7.93186 5.468
    endloop
  endfacet
  facet normal 0 0 1
    outer loop
      vertex 5.7254 7.93186 5.468
      vertex 3.44407 8.853 5.468
      vertex 5.62069 7.90563 5.468
    endloop
  endfacet
  facet normal 0 0 1
    outer loop
      vertex 5.42146 5.88289 5.468
      vertex 4.43153 4.03085 5.468
      vertex 4.71541 3.89659 5.468
    endloop
  endfacet
  facet normal 0 0 1
    outer loop
      vertex 2.74 6.853 5.468
      vertex 4.84 6.853 5.468
      vertex 4.8453 6.96082 5.468
    endloop
  endfacet
  facet normal 0 0 1
    outer loop
      vertex 4.8453 6.74518 5.468
      vertex 4.16218 4.1923 5.468
      vertex 4.43153 4.03085 5.468
    endloop
  endfacet
  facet normal 0 0 1
    outer loop
      vertex 2.75541 7.16665 5.468
      vertex 4.8453 6.96082 5.468
      vertex 4.86114 7.0676 5.468
    endloop
  endfacet
  facet normal 0 0 1
    outer loop
      vertex 4.8453 6.74518 5.468
      vertex 3.90994 4.37937 5.468
      vertex 4.16218 4.1923 5.468
    endloop
  endfacet
  facet normal 0 0 1
    outer loop
      vertex 2.80149 7.47729 5.468
      vertex 4.86114 7.0676 5.468
      vertex 4.88737 7.17231 5.468
    endloop
  endfacet
  facet normal 0 0 1
    outer loop
      vertex 4.8453 6.74518 5.468
      vertex 3.67726 4.59026 5.468
      vertex 3.90994 4.37937 5.468
    endloop
  endfacet
  facet normal 0 0 1
    outer loop
      vertex 2.87779 7.78191 5.468
      vertex 4.88737 7.17231 5.468
      vertex 4.92373 7.27395 5.468
    endloop
  endfacet
  facet normal 0 0 1
    outer loop
      vertex 4.8453 6.74518 5.468
      vertex 3.46637 4.82294 5.468
      vertex 3.67726 4.59026 5.468
    endloop
  endfacet
  facet normal 0 0 1
    outer loop
      vertex 2.98359 8.07759 5.468
      vertex 4.92373 7.27395 5.468
      vertex 4.96989 7.37154 5.468
    endloop
  endfacet
  facet normal 0 0 1
    outer loop
      vertex 5.62069 7.90563 5.468
      vertex 3.44407 8.853 5.468
      vertex 5.51905 7.86927 5.468
    endloop
  endfacet
  facet normal 0 0 1
    outer loop
      vertex 3.44407 8.853 5.468
      vertex 5.42146 7.82311 5.468
      vertex 5.51905 7.86927 5.468
    endloop
  endfacet
  facet normal 0 0 1
    outer loop
      vertex 3.44407 8.853 5.468
      vertex 5.32887 7.76762 5.468
      vertex 5.42146 7.82311 5.468
    endloop
  endfacet
  facet normal 0 0 1
    outer loop
      vertex 3.44407 8.853 5.468
      vertex 5.24217 7.70331 5.468
      vertex 5.32887 7.76762 5.468
    endloop
  endfacet
  facet normal 0 0 1
    outer loop
      vertex 3.44407 8.853 5.468
      vertex 5.16218 7.63082 5.468
      vertex 5.24217 7.70331 5.468
    endloop
  endfacet
  facet normal 0 0 1
    outer loop
      vertex 3.44407 8.853 5.468
      vertex 5.08969 7.55083 5.468
      vertex 5.16218 7.63082 5.468
    endloop
  endfacet
  facet normal 0 0 1
    outer loop
      vertex 3.44407 8.853 5.468
      vertex 5.02538 7.46413 5.468
      vertex 5.08969 7.55083 5.468
    endloop
  endfacet
  facet normal -0 0 1
    outer loop
      vertex 3.2793 8.63082 5.468
      vertex 5.02538 7.46413 5.468
      vertex 3.44407 8.853 5.468
    endloop
  endfacet
  facet normal 0 0 1
    outer loop
      vertex 5.02538 7.46413 5.468
      vertex 3.2793 8.63082 5.468
      vertex 4.96989 7.37154 5.468
    endloop
  endfacet
  facet normal -0 0 1
    outer loop
      vertex 3.11785 8.36147 5.468
      vertex 4.96989 7.37154 5.468
      vertex 3.2793 8.63082 5.468
    endloop
  endfacet
  facet normal 0 0 1
    outer loop
      vertex 4.8453 6.74518 5.468
      vertex 3.2793 5.07518 5.468
      vertex 3.46637 4.82294 5.468
    endloop
  endfacet
  facet normal -0 0 1
    outer loop
      vertex 2.98359 8.07759 5.468
      vertex 4.96989 7.37154 5.468
      vertex 3.11785 8.36147 5.468
    endloop
  endfacet
  facet normal 0 0 1
    outer loop
      vertex 4.8453 6.74518 5.468
      vertex 3.11785 5.34453 5.468
      vertex 3.2793 5.07518 5.468
    endloop
  endfacet
  facet normal 0 0 1
    outer loop
      vertex 4.92373 7.27395 5.468
      vertex 2.98359 8.07759 5.468
      vertex 2.87779 7.78191 5.468
    endloop
  endfacet
  facet normal 0 0 1
    outer loop
      vertex 4.8453 6.74518 5.468
      vertex 2.98359 5.62841 5.468
      vertex 3.11785 5.34453 5.468
    endloop
  endfacet
  facet normal 0 0 1
    outer loop
      vertex 4.88737 7.17231 5.468
      vertex 2.87779 7.78191 5.468
      vertex 2.80149 7.47729 5.468
    endloop
  endfacet
  facet normal 0 0 1
    outer loop
      vertex 4.8453 6.74518 5.468
      vertex 2.87779 5.92409 5.468
      vertex 2.98359 5.62841 5.468
    endloop
  endfacet
  facet normal 0 0 1
    outer loop
      vertex 4.86114 7.0676 5.468
      vertex 2.80149 7.47729 5.468
      vertex 2.75541 7.16665 5.468
    endloop
  endfacet
  facet normal 0 0 1
    outer loop
      vertex 4.8453 6.74518 5.468
      vertex 2.80149 6.22871 5.468
      vertex 2.87779 5.92409 5.468
    endloop
  endfacet
  facet normal 0 0 1
    outer loop
      vertex 4.8453 6.96082 5.468
      vertex 2.75541 7.16665 5.468
      vertex 2.74 6.853 5.468
    endloop
  endfacet
  facet normal 0 0 1
    outer loop
      vertex 4.8453 6.74518 5.468
      vertex 2.75541 6.53935 5.468
      vertex 2.80149 6.22871 5.468
    endloop
  endfacet
  facet normal 0 0 1
    outer loop
      vertex 4.84 6.853 5.468
      vertex 2.74 6.853 5.468
      vertex 2.75541 6.53935 5.468
    endloop
  endfacet
  facet normal -0 0 1
    outer loop
      vertex 6.99263 6.53369 5.468
      vertex 7.94 4.35707 5.468
      vertex 7.01886 6.6384 5.468
    endloop
  endfacet
  facet normal -0 0 1
    outer loop
      vertex 6.91011 6.33446 5.468
      vertex 7.94 4.35707 5.468
      vertex 6.95627 6.43205 5.468
    endloop
  endfacet
  facet normal -0 0 1
    outer loop
      vertex 6.85462 6.24187 5.468
      vertex 7.94 4.35707 5.468
      vertex 6.91011 6.33446 5.468
    endloop
  endfacet
  facet normal -0 0 1
    outer loop
      vertex 6.79031 6.15517 5.468
      vertex 7.94 4.35707 5.468
      vertex 6.85462 6.24187 5.468
    endloop
  endfacet
  facet normal -0 0 1
    outer loop
      vertex 6.71782 6.07518 5.468
      vertex 7.94 4.35707 5.468
      vertex 6.79031 6.15517 5.468
    endloop
  endfacet
  facet normal -0 0 1
    outer loop
      vertex 6.63783 6.00269 5.468
      vertex 7.94 4.35707 5.468
      vertex 6.71782 6.07518 5.468
    endloop
  endfacet
  facet normal -0 0 1
    outer loop
      vertex 6.55113 5.93838 5.468
      vertex 7.94 4.35707 5.468
      vertex 6.63783 6.00269 5.468
    endloop
  endfacet
  facet normal 0 0 1
    outer loop
      vertex 7.94 4.35707 5.468
      vertex 6.55113 5.93838 5.468
      vertex 7.71782 4.1923 5.468
    endloop
  endfacet
  facet normal 0 0 1
    outer loop
      vertex 7.71782 4.1923 5.468
      vertex 6.55113 5.93838 5.468
      vertex 7.44847 4.03085 5.468
    endloop
  endfacet
  facet normal -0 0 1
    outer loop
      vertex 6.45854 5.88289 5.468
      vertex 7.44847 4.03085 5.468
      vertex 6.55113 5.93838 5.468
    endloop
  endfacet
  facet normal 0 0 1
    outer loop
      vertex 7.44847 4.03085 5.468
      vertex 6.45854 5.88289 5.468
      vertex 7.16459 3.89659 5.468
    endloop
  endfacet
  facet normal -0 0 1
    outer loop
      vertex 6.36095 5.83673 5.468
      vertex 7.16459 3.89659 5.468
      vertex 6.45854 5.88289 5.468
    endloop
  endfacet
  facet normal 0 0 1
    outer loop
      vertex 7.16459 3.89659 5.468
      vertex 6.36095 5.83673 5.468
      vertex 6.86891 3.79079 5.468
    endloop
  endfacet
  facet normal -0 0 1
    outer loop
      vertex 6.25931 5.80037 5.468
      vertex 6.86891 3.79079 5.468
      vertex 6.36095 5.83673 5.468
    endloop
  endfacet
  facet normal 0 0 1
    outer loop
      vertex 6.86891 3.79079 5.468
      vertex 6.25931 5.80037 5.468
      vertex 6.56429 3.71449 5.468
    endloop
  endfacet
  facet normal -0 0 1
    outer loop
      vertex 6.1546 5.77414 5.468
      vertex 6.56429 3.71449 5.468
      vertex 6.25931 5.80037 5.468
    endloop
  endfacet
  facet normal 0 0 1
    outer loop
      vertex 6.56429 3.71449 5.468
      vertex 6.1546 5.77414 5.468
      vertex 6.25365 3.66841 5.468
    endloop
  endfacet
  facet normal -0 0 1
    outer loop
      vertex 6.04782 5.7583 5.468
      vertex 6.25365 3.66841 5.468
      vertex 6.1546 5.77414 5.468
    endloop
  endfacet
  facet normal 0 0 1
    outer loop
      vertex 6.04782 5.7583 5.468
      vertex 5.94 3.653 5.468
      vertex 6.25365 3.66841 5.468
    endloop
  endfacet
  facet normal -0 0 1
    outer loop
      vertex 5.94 5.753 5.468
      vertex 5.94 3.653 5.468
      vertex 6.04782 5.7583 5.468
    endloop
  endfacet
  facet normal 0 0 1
    outer loop
      vertex 5.83218 5.7583 5.468
      vertex 5.94 3.653 5.468
      vertex 5.94 5.753 5.468
    endloop
  endfacet
  facet normal 0 0 1
    outer loop
      vertex 5.62635 3.66841 5.468
      vertex 5.83218 5.7583 5.468
      vertex 5.7254 5.77414 5.468
    endloop
  endfacet
  facet normal 0 0 1
    outer loop
      vertex 5.83218 5.7583 5.468
      vertex 5.62635 3.66841 5.468
      vertex 5.94 3.653 5.468
    endloop
  endfacet
  facet normal 0 0 1
    outer loop
      vertex 5.31571 3.71449 5.468
      vertex 5.7254 5.77414 5.468
      vertex 5.62069 5.80037 5.468
    endloop
  endfacet
  facet normal 0 0 1
    outer loop
      vertex 5.01109 3.79079 5.468
      vertex 5.62069 5.80037 5.468
      vertex 5.51905 5.83673 5.468
    endloop
  endfacet
  facet normal 0 0 1
    outer loop
      vertex 4.71541 3.89659 5.468
      vertex 5.51905 5.83673 5.468
      vertex 5.42146 5.88289 5.468
    endloop
  endfacet
  facet normal 0 0 1
    outer loop
      vertex 4.43153 4.03085 5.468
      vertex 5.42146 5.88289 5.468
      vertex 5.32887 5.93838 5.468
    endloop
  endfacet
  facet normal 0 0 1
    outer loop
      vertex 5.7254 5.77414 5.468
      vertex 5.31571 3.71449 5.468
      vertex 5.62635 3.66841 5.468
    endloop
  endfacet
  facet normal 0 0 1
    outer loop
      vertex 4.43153 4.03085 5.468
      vertex 5.32887 5.93838 5.468
      vertex 5.24217 6.00269 5.468
    endloop
  endfacet
  facet normal 0 0 1
    outer loop
      vertex 4.43153 4.03085 5.468
      vertex 5.24217 6.00269 5.468
      vertex 5.16218 6.07518 5.468
    endloop
  endfacet
  facet normal 0 0 1
    outer loop
      vertex 4.43153 4.03085 5.468
      vertex 5.16218 6.07518 5.468
      vertex 5.08969 6.15517 5.468
    endloop
  endfacet
  facet normal 0 0 1
    outer loop
      vertex 4.43153 4.03085 5.468
      vertex 5.08969 6.15517 5.468
      vertex 5.02538 6.24187 5.468
    endloop
  endfacet
  facet normal 0 0 1
    outer loop
      vertex 5.62069 5.80037 5.468
      vertex 5.01109 3.79079 5.468
      vertex 5.31571 3.71449 5.468
    endloop
  endfacet
  facet normal 0 0 1
    outer loop
      vertex 4.43153 4.03085 5.468
      vertex 5.02538 6.24187 5.468
      vertex 4.96989 6.33446 5.468
    endloop
  endfacet
  facet normal 0 0 1
    outer loop
      vertex 4.43153 4.03085 5.468
      vertex 4.96989 6.33446 5.468
      vertex 4.92373 6.43205 5.468
    endloop
  endfacet
  facet normal 0 0 1
    outer loop
      vertex 4.43153 4.03085 5.468
      vertex 4.92373 6.43205 5.468
      vertex 4.88737 6.53369 5.468
    endloop
  endfacet
  facet normal 0 0 1
    outer loop
      vertex 4.43153 4.03085 5.468
      vertex 4.88737 6.53369 5.468
      vertex 4.86114 6.6384 5.468
    endloop
  endfacet
  facet normal 0 0 1
    outer loop
      vertex 4.43153 4.03085 5.468
      vertex 4.86114 6.6384 5.468
      vertex 4.8453 6.74518 5.468
    endloop
  endfacet
  facet normal 0 0 1
    outer loop
      vertex 5.51905 5.83673 5.468
      vertex 4.71541 3.89659 5.468
      vertex 5.01109 3.79079 5.468
    endloop
  endfacet
  facet normal 0 0 1
    outer loop
      vertex 2.75541 6.53935 5.468
      vertex 4.8453 6.74518 5.468
      vertex 4.84 6.853 5.468
    endloop
  endfacet
  facet normal -0.998795 0.049072 0
    outer loop
      vertex 2.74 6.853 2
      vertex 2.75541 7.16665 5.468
      vertex 2.75541 7.16665 2
    endloop
  endfacet
  facet normal -0.998795 0.049072 0
    outer loop
      vertex 2.75541 7.16665 5.468
      vertex 2.74 6.853 2
      vertex 2.74 6.853 5.468
    endloop
  endfacet
  facet normal -0.336901 -0.94154 0
    outer loop
      vertex 4.71541 3.89659 2
      vertex 5.01109 3.79079 5.468
      vertex 4.71541 3.89659 5.468
    endloop
  endfacet
  facet normal -0.336901 -0.94154 -0
    outer loop
      vertex 5.01109 3.79079 5.468
      vertex 4.71541 3.89659 2
      vertex 5.01109 3.79079 2
    endloop
  endfacet
  facet normal 1 -0 0
    outer loop
      vertex 7.94 4.35707 5.468
      vertex 7.94 8.853 2
      vertex 7.94 8.853 5.468
    endloop
  endfacet
  facet normal 1 0 0
    outer loop
      vertex 7.94 8.853 2
      vertex 7.94 4.35707 5.468
      vertex 7.94 4.35707 2
    endloop
  endfacet
  facet normal 0 1 -0
    outer loop
      vertex 7.94 8.853 2
      vertex 3.44407 8.853 5.468
      vertex 7.94 8.853 5.468
    endloop
  endfacet
  facet normal 0 1 0
    outer loop
      vertex 3.44407 8.853 5.468
      vertex 7.94 8.853 2
      vertex 3.44407 8.853 2
    endloop
  endfacet
  facet normal -0.146796 0.989167 0
    outer loop
      vertex 5.62635 57.5356 2
      vertex 5.31571 57.4895 5.468
      vertex 5.62635 57.5356 5.468
    endloop
  endfacet
  facet normal -0.146796 0.989167 0
    outer loop
      vertex 5.31571 57.4895 5.468
      vertex 5.62635 57.5356 2
      vertex 5.31571 57.4895 2
    endloop
  endfacet
  facet normal 0.514004 0.857788 -0
    outer loop
      vertex 7.71782 57.0117 2
      vertex 7.44847 57.1731 5.468
      vertex 7.71782 57.0117 5.468
    endloop
  endfacet
  facet normal 0.514004 0.857788 0
    outer loop
      vertex 7.44847 57.1731 5.468
      vertex 7.71782 57.0117 2
      vertex 7.44847 57.1731 2
    endloop
  endfacet
  facet normal 0.427646 0.903947 -0
    outer loop
      vertex 7.44847 57.1731 2
      vertex 7.16459 57.3074 5.468
      vertex 7.44847 57.1731 5.468
    endloop
  endfacet
  facet normal 0.427646 0.903947 0
    outer loop
      vertex 7.16459 57.3074 5.468
      vertex 7.44847 57.1731 2
      vertex 7.16459 57.3074 2
    endloop
  endfacet
  facet normal -0.998796 -0.0490642 0
    outer loop
      vertex 2.75541 54.0373 2
      vertex 2.74 54.351 5.468
      vertex 2.74 54.351 2
    endloop
  endfacet
  facet normal -0.998796 -0.0490642 0
    outer loop
      vertex 2.74 54.351 5.468
      vertex 2.75541 54.0373 2
      vertex 2.75541 54.0373 5.468
    endloop
  endfacet
  facet normal -0.0490402 0.998797 0
    outer loop
      vertex 5.94 57.551 2
      vertex 5.62635 57.5356 5.468
      vertex 5.94 57.551 5.468
    endloop
  endfacet
  facet normal -0.0490402 0.998797 0
    outer loop
      vertex 5.62635 57.5356 5.468
      vertex 5.94 57.551 2
      vertex 5.62635 57.5356 2
    endloop
  endfacet
  facet normal 0.595746 0.803173 -0
    outer loop
      vertex 7.94 56.8469 2
      vertex 7.71782 57.0117 5.468
      vertex 7.94 56.8469 5.468
    endloop
  endfacet
  facet normal 0.595746 0.803173 0
    outer loop
      vertex 7.71782 57.0117 5.468
      vertex 7.94 56.8469 2
      vertex 7.71782 57.0117 2
    endloop
  endfacet
  facet normal -0.24297 0.970034 0
    outer loop
      vertex 5.31571 57.4895 2
      vertex 5.01109 57.4132 5.468
      vertex 5.31571 57.4895 5.468
    endloop
  endfacet
  facet normal -0.24297 0.970034 0
    outer loop
      vertex 5.01109 57.4132 5.468
      vertex 5.31571 57.4895 2
      vertex 5.01109 57.4132 2
    endloop
  endfacet
  facet normal -0.97003 -0.242985 0
    outer loop
      vertex 2.87779 53.4221 2
      vertex 2.80149 53.7267 5.468
      vertex 2.80149 53.7267 2
    endloop
  endfacet
  facet normal -0.97003 -0.242985 0
    outer loop
      vertex 2.80149 53.7267 5.468
      vertex 2.87779 53.4221 2
      vertex 2.87779 53.4221 5.468
    endloop
  endfacet
  facet normal 0.0490402 0.998797 -0
    outer loop
      vertex 6.25365 57.5356 2
      vertex 5.94 57.551 5.468
      vertex 6.25365 57.5356 5.468
    endloop
  endfacet
  facet normal 0.0490402 0.998797 0
    outer loop
      vertex 5.94 57.551 5.468
      vertex 6.25365 57.5356 2
      vertex 5.94 57.551 2
    endloop
  endfacet
  facet normal -0.671578 0.740933 0
    outer loop
      vertex 3.90994 56.8246 2
      vertex 3.67726 56.6137 5.468
      vertex 3.90994 56.8246 5.468
    endloop
  endfacet
  facet normal -0.671578 0.740933 0
    outer loop
      vertex 3.67726 56.6137 5.468
      vertex 3.90994 56.8246 2
      vertex 3.67726 56.6137 2
    endloop
  endfacet
  facet normal -0.904007 -0.427517 0
    outer loop
      vertex 3.11785 52.8425 2
      vertex 2.98359 53.1264 5.468
      vertex 2.98359 53.1264 2
    endloop
  endfacet
  facet normal -0.904007 -0.427517 0
    outer loop
      vertex 2.98359 53.1264 5.468
      vertex 3.11785 52.8425 2
      vertex 3.11785 52.8425 5.468
    endloop
  endfacet
  facet normal -0.514004 0.857788 0
    outer loop
      vertex 4.43153 57.1731 2
      vertex 4.16218 57.0117 5.468
      vertex 4.43153 57.1731 5.468
    endloop
  endfacet
  facet normal -0.514004 0.857788 0
    outer loop
      vertex 4.16218 57.0117 5.468
      vertex 4.43153 57.1731 2
      vertex 4.16218 57.0117 2
    endloop
  endfacet
  facet normal -0.80325 -0.595642 0
    outer loop
      vertex 3.44407 52.351 2
      vertex 3.2793 52.5732 5.468
      vertex 3.2793 52.5732 2
    endloop
  endfacet
  facet normal -0.80325 -0.595642 0
    outer loop
      vertex 3.2793 52.5732 5.468
      vertex 3.44407 52.351 2
      vertex 3.44407 52.351 5.468
    endloop
  endfacet
  facet normal -0.97003 0.242985 0
    outer loop
      vertex 2.80149 54.9753 2
      vertex 2.87779 55.2799 5.468
      vertex 2.87779 55.2799 2
    endloop
  endfacet
  facet normal -0.97003 0.242985 0
    outer loop
      vertex 2.87779 55.2799 5.468
      vertex 2.80149 54.9753 2
      vertex 2.80149 54.9753 5.468
    endloop
  endfacet
  facet normal -0.740834 0.671688 0
    outer loop
      vertex 3.46637 56.3811 2
      vertex 3.67726 56.6137 5.468
      vertex 3.67726 56.6137 2
    endloop
  endfacet
  facet normal -0.740834 0.671688 0
    outer loop
      vertex 3.67726 56.6137 5.468
      vertex 3.46637 56.3811 2
      vertex 3.46637 56.3811 5.468
    endloop
  endfacet
  facet normal -0.998796 0.0490642 0
    outer loop
      vertex 2.74 54.351 2
      vertex 2.75541 54.6647 5.468
      vertex 2.75541 54.6647 2
    endloop
  endfacet
  facet normal -0.998796 0.0490642 0
    outer loop
      vertex 2.75541 54.6647 5.468
      vertex 2.74 54.351 2
      vertex 2.74 54.351 5.468
    endloop
  endfacet
  facet normal -0.989173 0.146752 0
    outer loop
      vertex 2.75541 54.6647 2
      vertex 2.80149 54.9753 5.468
      vertex 2.80149 54.9753 2
    endloop
  endfacet
  facet normal -0.989173 0.146752 0
    outer loop
      vertex 2.80149 54.9753 5.468
      vertex 2.75541 54.6647 2
      vertex 2.75541 54.6647 5.468
    endloop
  endfacet
  facet normal -0.941547 0.336881 0
    outer loop
      vertex 2.87779 55.2799 2
      vertex 2.98359 55.5756 5.468
      vertex 2.98359 55.5756 2
    endloop
  endfacet
  facet normal -0.941547 0.336881 0
    outer loop
      vertex 2.98359 55.5756 5.468
      vertex 2.87779 55.2799 2
      vertex 2.87779 55.2799 5.468
    endloop
  endfacet
  facet normal -0.595753 0.803168 0
    outer loop
      vertex 4.16218 57.0117 2
      vertex 3.90994 56.8246 5.468
      vertex 4.16218 57.0117 5.468
    endloop
  endfacet
  facet normal -0.595753 0.803168 0
    outer loop
      vertex 3.90994 56.8246 5.468
      vertex 4.16218 57.0117 2
      vertex 3.90994 56.8246 2
    endloop
  endfacet
  facet normal -0.941547 -0.336881 0
    outer loop
      vertex 2.98359 53.1264 2
      vertex 2.87779 53.4221 5.468
      vertex 2.87779 53.4221 2
    endloop
  endfacet
  facet normal -0.941547 -0.336881 0
    outer loop
      vertex 2.87779 53.4221 5.468
      vertex 2.98359 53.1264 2
      vertex 2.98359 53.1264 5.468
    endloop
  endfacet
  facet normal -0.857676 -0.514191 0
    outer loop
      vertex 3.2793 52.5732 2
      vertex 3.11785 52.8425 5.468
      vertex 3.11785 52.8425 2
    endloop
  endfacet
  facet normal -0.857676 -0.514191 0
    outer loop
      vertex 3.11785 52.8425 5.468
      vertex 3.2793 52.5732 2
      vertex 3.2793 52.5732 5.468
    endloop
  endfacet
  facet normal 0.24297 0.970034 -0
    outer loop
      vertex 6.86891 57.4132 2
      vertex 6.56429 57.4895 5.468
      vertex 6.86891 57.4132 5.468
    endloop
  endfacet
  facet normal 0.24297 0.970034 0
    outer loop
      vertex 6.56429 57.4895 5.468
      vertex 6.86891 57.4132 2
      vertex 6.56429 57.4895 2
    endloop
  endfacet
  facet normal -0.803281 0.5956 0
    outer loop
      vertex 3.2793 56.1288 2
      vertex 3.46637 56.3811 5.468
      vertex 3.46637 56.3811 2
    endloop
  endfacet
  facet normal -0.803281 0.5956 0
    outer loop
      vertex 3.46637 56.3811 5.468
      vertex 3.2793 56.1288 2
      vertex 3.2793 56.1288 5.468
    endloop
  endfacet
  facet normal 0.146796 0.989167 -0
    outer loop
      vertex 6.56429 57.4895 2
      vertex 6.25365 57.5356 5.468
      vertex 6.56429 57.4895 5.468
    endloop
  endfacet
  facet normal 0.146796 0.989167 0
    outer loop
      vertex 6.25365 57.5356 5.468
      vertex 6.56429 57.4895 2
      vertex 6.25365 57.5356 2
    endloop
  endfacet
  facet normal -0.336901 0.94154 0
    outer loop
      vertex 5.01109 57.4132 2
      vertex 4.71541 57.3074 5.468
      vertex 5.01109 57.4132 5.468
    endloop
  endfacet
  facet normal -0.336901 0.94154 0
    outer loop
      vertex 4.71541 57.3074 5.468
      vertex 5.01109 57.4132 2
      vertex 4.71541 57.3074 2
    endloop
  endfacet
  facet normal -0.904007 0.427517 0
    outer loop
      vertex 2.98359 55.5756 2
      vertex 3.11785 55.8595 5.468
      vertex 3.11785 55.8595 2
    endloop
  endfacet
  facet normal -0.904007 0.427517 0
    outer loop
      vertex 3.11785 55.8595 5.468
      vertex 2.98359 55.5756 2
      vertex 2.98359 55.5756 5.468
    endloop
  endfacet
  facet normal -0.989173 -0.146752 0
    outer loop
      vertex 2.80149 53.7267 2
      vertex 2.75541 54.0373 5.468
      vertex 2.75541 54.0373 2
    endloop
  endfacet
  facet normal -0.989173 -0.146752 0
    outer loop
      vertex 2.75541 54.0373 5.468
      vertex 2.80149 53.7267 2
      vertex 2.80149 53.7267 5.468
    endloop
  endfacet
  facet normal 0.336901 0.94154 -0
    outer loop
      vertex 7.16459 57.3074 2
      vertex 6.86891 57.4132 5.468
      vertex 7.16459 57.3074 5.468
    endloop
  endfacet
  facet normal 0.336901 0.94154 0
    outer loop
      vertex 6.86891 57.4132 5.468
      vertex 7.16459 57.3074 2
      vertex 6.86891 57.4132 2
    endloop
  endfacet
  facet normal -0.427646 0.903947 0
    outer loop
      vertex 4.71541 57.3074 2
      vertex 4.43153 57.1731 5.468
      vertex 4.71541 57.3074 5.468
    endloop
  endfacet
  facet normal -0.427646 0.903947 0
    outer loop
      vertex 4.43153 57.1731 5.468
      vertex 4.71541 57.3074 2
      vertex 4.43153 57.1731 2
    endloop
  endfacet
  facet normal 0 0 1
    outer loop
      vertex 7.94 52.351 5.468
      vertex 7.0347 54.4588 5.468
      vertex 7.04 54.351 5.468
    endloop
  endfacet
  facet normal 0 0 1
    outer loop
      vertex 7.44847 57.1731 5.468
      vertex 7.01886 54.5656 5.468
      vertex 7.0347 54.4588 5.468
    endloop
  endfacet
  facet normal 0 0 1
    outer loop
      vertex 7.44847 57.1731 5.468
      vertex 6.99263 54.6703 5.468
      vertex 7.01886 54.5656 5.468
    endloop
  endfacet
  facet normal 0 0 1
    outer loop
      vertex 7.44847 57.1731 5.468
      vertex 6.95627 54.7719 5.468
      vertex 6.99263 54.6703 5.468
    endloop
  endfacet
  facet normal 0 0 1
    outer loop
      vertex 7.44847 57.1731 5.468
      vertex 6.91011 54.8695 5.468
      vertex 6.95627 54.7719 5.468
    endloop
  endfacet
  facet normal 0 0 1
    outer loop
      vertex 6.36095 55.3673 5.468
      vertex 7.16459 57.3074 5.468
      vertex 6.86891 57.4132 5.468
    endloop
  endfacet
  facet normal 0 0 1
    outer loop
      vertex 7.44847 57.1731 5.468
      vertex 6.85462 54.9621 5.468
      vertex 6.91011 54.8695 5.468
    endloop
  endfacet
  facet normal 0 0 1
    outer loop
      vertex 7.44847 57.1731 5.468
      vertex 6.79031 55.0488 5.468
      vertex 6.85462 54.9621 5.468
    endloop
  endfacet
  facet normal 0 0 1
    outer loop
      vertex 7.44847 57.1731 5.468
      vertex 6.71782 55.1288 5.468
      vertex 6.79031 55.0488 5.468
    endloop
  endfacet
  facet normal 0 0 1
    outer loop
      vertex 7.44847 57.1731 5.468
      vertex 6.63783 55.2013 5.468
      vertex 6.71782 55.1288 5.468
    endloop
  endfacet
  facet normal 0 0 1
    outer loop
      vertex 6.25931 55.4036 5.468
      vertex 6.86891 57.4132 5.468
      vertex 6.56429 57.4895 5.468
    endloop
  endfacet
  facet normal 0 0 1
    outer loop
      vertex 7.44847 57.1731 5.468
      vertex 6.55113 55.2656 5.468
      vertex 6.63783 55.2013 5.468
    endloop
  endfacet
  facet normal 0 0 1
    outer loop
      vertex 7.44847 57.1731 5.468
      vertex 6.45854 55.3211 5.468
      vertex 6.55113 55.2656 5.468
    endloop
  endfacet
  facet normal 0 0 1
    outer loop
      vertex 7.16459 57.3074 5.468
      vertex 6.36095 55.3673 5.468
      vertex 6.45854 55.3211 5.468
    endloop
  endfacet
  facet normal 0 0 1
    outer loop
      vertex 6.86891 57.4132 5.468
      vertex 6.25931 55.4036 5.468
      vertex 6.36095 55.3673 5.468
    endloop
  endfacet
  facet normal 0 0 1
    outer loop
      vertex 6.1546 55.4299 5.468
      vertex 6.56429 57.4895 5.468
      vertex 6.25365 57.5356 5.468
    endloop
  endfacet
  facet normal 0 0 1
    outer loop
      vertex 6.56429 57.4895 5.468
      vertex 6.1546 55.4299 5.468
      vertex 6.25931 55.4036 5.468
    endloop
  endfacet
  facet normal 0 0 1
    outer loop
      vertex 6.25365 57.5356 5.468
      vertex 6.04782 55.4457 5.468
      vertex 6.1546 55.4299 5.468
    endloop
  endfacet
  facet normal 0 0 1
    outer loop
      vertex 5.94 57.551 5.468
      vertex 6.04782 55.4457 5.468
      vertex 6.25365 57.5356 5.468
    endloop
  endfacet
  facet normal 0 0 1
    outer loop
      vertex 5.94 57.551 5.468
      vertex 5.94 55.451 5.468
      vertex 6.04782 55.4457 5.468
    endloop
  endfacet
  facet normal 0 0 1
    outer loop
      vertex 5.94 57.551 5.468
      vertex 5.83218 55.4457 5.468
      vertex 5.94 55.451 5.468
    endloop
  endfacet
  facet normal -0 0 1
    outer loop
      vertex 5.62635 57.5356 5.468
      vertex 5.83218 55.4457 5.468
      vertex 5.94 57.551 5.468
    endloop
  endfacet
  facet normal 0 0 1
    outer loop
      vertex 5.83218 55.4457 5.468
      vertex 5.62635 57.5356 5.468
      vertex 5.7254 55.4299 5.468
    endloop
  endfacet
  facet normal -0 0 1
    outer loop
      vertex 5.31571 57.4895 5.468
      vertex 5.7254 55.4299 5.468
      vertex 5.62635 57.5356 5.468
    endloop
  endfacet
  facet normal 0 0 1
    outer loop
      vertex 5.7254 55.4299 5.468
      vertex 5.31571 57.4895 5.468
      vertex 5.62069 55.4036 5.468
    endloop
  endfacet
  facet normal -0 0 1
    outer loop
      vertex 5.01109 57.4132 5.468
      vertex 5.62069 55.4036 5.468
      vertex 5.31571 57.4895 5.468
    endloop
  endfacet
  facet normal 0 0 1
    outer loop
      vertex 5.62069 55.4036 5.468
      vertex 5.01109 57.4132 5.468
      vertex 5.51905 55.3673 5.468
    endloop
  endfacet
  facet normal -0 0 1
    outer loop
      vertex 4.71541 57.3074 5.468
      vertex 5.51905 55.3673 5.468
      vertex 5.01109 57.4132 5.468
    endloop
  endfacet
  facet normal 0 0 1
    outer loop
      vertex 5.51905 55.3673 5.468
      vertex 4.71541 57.3074 5.468
      vertex 5.42146 55.3211 5.468
    endloop
  endfacet
  facet normal -0 0 1
    outer loop
      vertex 4.43153 57.1731 5.468
      vertex 5.42146 55.3211 5.468
      vertex 4.71541 57.3074 5.468
    endloop
  endfacet
  facet normal 0 0 1
    outer loop
      vertex 5.42146 55.3211 5.468
      vertex 4.43153 57.1731 5.468
      vertex 5.32887 55.2656 5.468
    endloop
  endfacet
  facet normal -0 0 1
    outer loop
      vertex 4.16218 57.0117 5.468
      vertex 5.32887 55.2656 5.468
      vertex 4.43153 57.1731 5.468
    endloop
  endfacet
  facet normal 0 0 1
    outer loop
      vertex 5.32887 55.2656 5.468
      vertex 4.16218 57.0117 5.468
      vertex 5.24217 55.2013 5.468
    endloop
  endfacet
  facet normal -0 0 1
    outer loop
      vertex 3.90994 56.8246 5.468
      vertex 5.24217 55.2013 5.468
      vertex 4.16218 57.0117 5.468
    endloop
  endfacet
  facet normal 0 0 1
    outer loop
      vertex 5.24217 55.2013 5.468
      vertex 3.90994 56.8246 5.468
      vertex 5.16218 55.1288 5.468
    endloop
  endfacet
  facet normal -0 0 1
    outer loop
      vertex 3.67726 56.6137 5.468
      vertex 5.16218 55.1288 5.468
      vertex 3.90994 56.8246 5.468
    endloop
  endfacet
  facet normal 0 0 1
    outer loop
      vertex 5.16218 55.1288 5.468
      vertex 3.67726 56.6137 5.468
      vertex 5.08969 55.0488 5.468
    endloop
  endfacet
  facet normal -0 0 1
    outer loop
      vertex 3.46637 56.3811 5.468
      vertex 5.08969 55.0488 5.468
      vertex 3.67726 56.6137 5.468
    endloop
  endfacet
  facet normal -0 0 1
    outer loop
      vertex 3.2793 56.1288 5.468
      vertex 5.02538 54.9621 5.468
      vertex 3.46637 56.3811 5.468
    endloop
  endfacet
  facet normal 0 0 1
    outer loop
      vertex 5.08969 55.0488 5.468
      vertex 3.46637 56.3811 5.468
      vertex 5.02538 54.9621 5.468
    endloop
  endfacet
  facet normal 0 0 1
    outer loop
      vertex 7.0347 54.4588 5.468
      vertex 7.94 56.8469 5.468
      vertex 7.71782 57.0117 5.468
    endloop
  endfacet
  facet normal 0 0 1
    outer loop
      vertex 7.0347 54.4588 5.468
      vertex 7.71782 57.0117 5.468
      vertex 7.44847 57.1731 5.468
    endloop
  endfacet
  facet normal 0 0 1
    outer loop
      vertex 6.45854 55.3211 5.468
      vertex 7.44847 57.1731 5.468
      vertex 7.16459 57.3074 5.468
    endloop
  endfacet
  facet normal -0 0 1
    outer loop
      vertex 7.0347 54.4588 5.468
      vertex 7.94 52.351 5.468
      vertex 7.94 56.8469 5.468
    endloop
  endfacet
  facet normal -0 0 1
    outer loop
      vertex 7.0347 54.2432 5.468
      vertex 7.94 52.351 5.468
      vertex 7.04 54.351 5.468
    endloop
  endfacet
  facet normal -0 0 1
    outer loop
      vertex 7.01886 54.1364 5.468
      vertex 7.94 52.351 5.468
      vertex 7.0347 54.2432 5.468
    endloop
  endfacet
  facet normal -0 0 1
    outer loop
      vertex 6.99263 54.0317 5.468
      vertex 7.94 52.351 5.468
      vertex 7.01886 54.1364 5.468
    endloop
  endfacet
  facet normal -0 0 1
    outer loop
      vertex 6.95627 53.93 5.468
      vertex 7.94 52.351 5.468
      vertex 6.99263 54.0317 5.468
    endloop
  endfacet
  facet normal -0 0 1
    outer loop
      vertex 6.91011 53.8325 5.468
      vertex 7.94 52.351 5.468
      vertex 6.95627 53.93 5.468
    endloop
  endfacet
  facet normal -0 0 1
    outer loop
      vertex 6.85462 53.7399 5.468
      vertex 7.94 52.351 5.468
      vertex 6.91011 53.8325 5.468
    endloop
  endfacet
  facet normal -0 0 1
    outer loop
      vertex 6.79031 53.6532 5.468
      vertex 7.94 52.351 5.468
      vertex 6.85462 53.7399 5.468
    endloop
  endfacet
  facet normal -0 0 1
    outer loop
      vertex 6.71782 53.5732 5.468
      vertex 7.94 52.351 5.468
      vertex 6.79031 53.6532 5.468
    endloop
  endfacet
  facet normal -0 0 1
    outer loop
      vertex 6.63783 53.5007 5.468
      vertex 7.94 52.351 5.468
      vertex 6.71782 53.5732 5.468
    endloop
  endfacet
  facet normal -0 0 1
    outer loop
      vertex 6.55113 53.4364 5.468
      vertex 7.94 52.351 5.468
      vertex 6.63783 53.5007 5.468
    endloop
  endfacet
  facet normal -0 0 1
    outer loop
      vertex 6.45854 53.3809 5.468
      vertex 7.94 52.351 5.468
      vertex 6.55113 53.4364 5.468
    endloop
  endfacet
  facet normal -0 0 1
    outer loop
      vertex 6.36095 53.3347 5.468
      vertex 7.94 52.351 5.468
      vertex 6.45854 53.3809 5.468
    endloop
  endfacet
  facet normal -0 0 1
    outer loop
      vertex 6.25931 53.2984 5.468
      vertex 7.94 52.351 5.468
      vertex 6.36095 53.3347 5.468
    endloop
  endfacet
  facet normal -0 0 1
    outer loop
      vertex 6.1546 53.2721 5.468
      vertex 7.94 52.351 5.468
      vertex 6.25931 53.2984 5.468
    endloop
  endfacet
  facet normal -0 0 1
    outer loop
      vertex 6.04782 53.2563 5.468
      vertex 7.94 52.351 5.468
      vertex 6.1546 53.2721 5.468
    endloop
  endfacet
  facet normal -0 0 1
    outer loop
      vertex 5.94 53.251 5.468
      vertex 7.94 52.351 5.468
      vertex 6.04782 53.2563 5.468
    endloop
  endfacet
  facet normal 0 0 1
    outer loop
      vertex 5.83218 53.2563 5.468
      vertex 7.94 52.351 5.468
      vertex 5.94 53.251 5.468
    endloop
  endfacet
  facet normal 0 0 1
    outer loop
      vertex 3.44407 52.351 5.468
      vertex 5.83218 53.2563 5.468
      vertex 5.7254 53.2721 5.468
    endloop
  endfacet
  facet normal 0 0 1
    outer loop
      vertex 3.44407 52.351 5.468
      vertex 5.7254 53.2721 5.468
      vertex 5.62069 53.2984 5.468
    endloop
  endfacet
  facet normal 0 0 1
    outer loop
      vertex 3.44407 52.351 5.468
      vertex 5.62069 53.2984 5.468
      vertex 5.51905 53.3347 5.468
    endloop
  endfacet
  facet normal 0 0 1
    outer loop
      vertex 5.02538 54.9621 5.468
      vertex 3.2793 56.1288 5.468
      vertex 4.96989 54.8695 5.468
    endloop
  endfacet
  facet normal -0 0 1
    outer loop
      vertex 3.11785 55.8595 5.468
      vertex 4.96989 54.8695 5.468
      vertex 3.2793 56.1288 5.468
    endloop
  endfacet
  facet normal 0 0 1
    outer loop
      vertex 4.96989 54.8695 5.468
      vertex 3.11785 55.8595 5.468
      vertex 4.92373 54.7719 5.468
    endloop
  endfacet
  facet normal -0 0 1
    outer loop
      vertex 2.98359 55.5756 5.468
      vertex 4.92373 54.7719 5.468
      vertex 3.11785 55.8595 5.468
    endloop
  endfacet
  facet normal 0 0 1
    outer loop
      vertex 4.92373 54.7719 5.468
      vertex 2.98359 55.5756 5.468
      vertex 4.88737 54.6703 5.468
    endloop
  endfacet
  facet normal -0 0 1
    outer loop
      vertex 2.87779 55.2799 5.468
      vertex 4.88737 54.6703 5.468
      vertex 2.98359 55.5756 5.468
    endloop
  endfacet
  facet normal 0 0 1
    outer loop
      vertex 4.88737 54.6703 5.468
      vertex 2.87779 55.2799 5.468
      vertex 4.86114 54.5656 5.468
    endloop
  endfacet
  facet normal -0 0 1
    outer loop
      vertex 2.80149 54.9753 5.468
      vertex 4.86114 54.5656 5.468
      vertex 2.87779 55.2799 5.468
    endloop
  endfacet
  facet normal 0 0 1
    outer loop
      vertex 4.86114 54.5656 5.468
      vertex 2.80149 54.9753 5.468
      vertex 4.8453 54.4588 5.468
    endloop
  endfacet
  facet normal -0 0 1
    outer loop
      vertex 2.75541 54.6647 5.468
      vertex 4.8453 54.4588 5.468
      vertex 2.80149 54.9753 5.468
    endloop
  endfacet
  facet normal 0 0 1
    outer loop
      vertex 5.83218 53.2563 5.468
      vertex 3.44407 52.351 5.468
      vertex 7.94 52.351 5.468
    endloop
  endfacet
  facet normal 0 0 1
    outer loop
      vertex 5.42146 53.3809 5.468
      vertex 3.44407 52.351 5.468
      vertex 5.51905 53.3347 5.468
    endloop
  endfacet
  facet normal 0 0 1
    outer loop
      vertex 5.32887 53.4364 5.468
      vertex 3.44407 52.351 5.468
      vertex 5.42146 53.3809 5.468
    endloop
  endfacet
  facet normal 0 0 1
    outer loop
      vertex 5.24217 53.5007 5.468
      vertex 3.44407 52.351 5.468
      vertex 5.32887 53.4364 5.468
    endloop
  endfacet
  facet normal 0 0 1
    outer loop
      vertex 5.16218 53.5732 5.468
      vertex 3.44407 52.351 5.468
      vertex 5.24217 53.5007 5.468
    endloop
  endfacet
  facet normal 0 0 1
    outer loop
      vertex 5.08969 53.6532 5.468
      vertex 3.44407 52.351 5.468
      vertex 5.16218 53.5732 5.468
    endloop
  endfacet
  facet normal 0 0 1
    outer loop
      vertex 5.02538 53.7399 5.468
      vertex 3.44407 52.351 5.468
      vertex 5.08969 53.6532 5.468
    endloop
  endfacet
  facet normal 0 0 1
    outer loop
      vertex 3.2793 52.5732 5.468
      vertex 5.02538 53.7399 5.468
      vertex 4.96989 53.8325 5.468
    endloop
  endfacet
  facet normal 0 0 1
    outer loop
      vertex 4.8453 54.4588 5.468
      vertex 2.75541 54.6647 5.468
      vertex 4.84 54.351 5.468
    endloop
  endfacet
  facet normal 0 0 1
    outer loop
      vertex 2.74 54.351 5.468
      vertex 4.84 54.351 5.468
      vertex 2.75541 54.6647 5.468
    endloop
  endfacet
  facet normal 0 0 1
    outer loop
      vertex 5.02538 53.7399 5.468
      vertex 3.2793 52.5732 5.468
      vertex 3.44407 52.351 5.468
    endloop
  endfacet
  facet normal 0 0 1
    outer loop
      vertex 4.84 54.351 5.468
      vertex 2.74 54.351 5.468
      vertex 4.8453 54.2432 5.468
    endloop
  endfacet
  facet normal 0 0 1
    outer loop
      vertex 4.96989 53.8325 5.468
      vertex 3.11785 52.8425 5.468
      vertex 3.2793 52.5732 5.468
    endloop
  endfacet
  facet normal 0 -0 1
    outer loop
      vertex 2.75541 54.0373 5.468
      vertex 4.8453 54.2432 5.468
      vertex 2.74 54.351 5.468
    endloop
  endfacet
  facet normal 0 0 1
    outer loop
      vertex 4.96989 53.8325 5.468
      vertex 2.98359 53.1264 5.468
      vertex 3.11785 52.8425 5.468
    endloop
  endfacet
  facet normal 0 0 1
    outer loop
      vertex 4.8453 54.2432 5.468
      vertex 2.75541 54.0373 5.468
      vertex 4.86114 54.1364 5.468
    endloop
  endfacet
  facet normal 0 0 1
    outer loop
      vertex 4.92373 53.93 5.468
      vertex 2.98359 53.1264 5.468
      vertex 4.96989 53.8325 5.468
    endloop
  endfacet
  facet normal 0 -0 1
    outer loop
      vertex 2.80149 53.7267 5.468
      vertex 4.86114 54.1364 5.468
      vertex 2.75541 54.0373 5.468
    endloop
  endfacet
  facet normal 0 -0 1
    outer loop
      vertex 2.98359 53.1264 5.468
      vertex 4.92373 53.93 5.468
      vertex 2.87779 53.4221 5.468
    endloop
  endfacet
  facet normal 0 0 1
    outer loop
      vertex 4.86114 54.1364 5.468
      vertex 2.80149 53.7267 5.468
      vertex 4.88737 54.0317 5.468
    endloop
  endfacet
  facet normal 0 0 1
    outer loop
      vertex 4.88737 54.0317 5.468
      vertex 2.87779 53.4221 5.468
      vertex 4.92373 53.93 5.468
    endloop
  endfacet
  facet normal 0 -0 1
    outer loop
      vertex 2.87779 53.4221 5.468
      vertex 4.88737 54.0317 5.468
      vertex 2.80149 53.7267 5.468
    endloop
  endfacet
  facet normal -0.857676 0.514191 0
    outer loop
      vertex 3.11785 55.8595 2
      vertex 3.2793 56.1288 5.468
      vertex 3.2793 56.1288 2
    endloop
  endfacet
  facet normal -0.857676 0.514191 0
    outer loop
      vertex 3.2793 56.1288 5.468
      vertex 3.11785 55.8595 2
      vertex 3.11785 55.8595 5.468
    endloop
  endfacet
  facet normal 1 -0 0
    outer loop
      vertex 7.94 52.351 5.468
      vertex 7.94 56.8469 2
      vertex 7.94 56.8469 5.468
    endloop
  endfacet
  facet normal 1 0 0
    outer loop
      vertex 7.94 56.8469 2
      vertex 7.94 52.351 5.468
      vertex 7.94 52.351 2
    endloop
  endfacet
  facet normal 0 -1 0
    outer loop
      vertex 3.44407 52.351 2
      vertex 7.94 52.351 5.468
      vertex 3.44407 52.351 5.468
    endloop
  endfacet
  facet normal 0 -1 -0
    outer loop
      vertex 7.94 52.351 5.468
      vertex 3.44407 52.351 2
      vertex 7.94 52.351 2
    endloop
  endfacet
  facet normal 0.989167 0.146796 0
    outer loop
      vertex 68.8146 7.16665 5.468
      vertex 68.7685 7.47729 2
      vertex 68.7685 7.47729 5.468
    endloop
  endfacet
  facet normal 0.989167 0.146796 0
    outer loop
      vertex 68.7685 7.47729 2
      vertex 68.8146 7.16665 5.468
      vertex 68.8146 7.16665 2
    endloop
  endfacet
  facet normal 0.998797 0.0490402 0
    outer loop
      vertex 68.83 6.853 5.468
      vertex 68.8146 7.16665 2
      vertex 68.8146 7.16665 5.468
    endloop
  endfacet
  facet normal 0.998797 0.0490402 0
    outer loop
      vertex 68.8146 7.16665 2
      vertex 68.83 6.853 5.468
      vertex 68.83 6.853 2
    endloop
  endfacet
  facet normal -0.514191 -0.857676 0
    outer loop
      vertex 63.8522 4.1923 2
      vertex 64.1215 4.03085 5.468
      vertex 63.8522 4.1923 5.468
    endloop
  endfacet
  facet normal -0.514191 -0.857676 -0
    outer loop
      vertex 64.1215 4.03085 5.468
      vertex 63.8522 4.1923 2
      vertex 64.1215 4.03085 2
    endloop
  endfacet
  facet normal -0.146752 -0.989173 0
    outer loop
      vertex 65.0057 3.71449 2
      vertex 65.3163 3.66841 5.468
      vertex 65.0057 3.71449 5.468
    endloop
  endfacet
  facet normal -0.146752 -0.989173 -0
    outer loop
      vertex 65.3163 3.66841 5.468
      vertex 65.0057 3.71449 2
      vertex 65.3163 3.66841 2
    endloop
  endfacet
  facet normal 0.0490642 -0.998796 0
    outer loop
      vertex 65.63 3.653 2
      vertex 65.9437 3.66841 5.468
      vertex 65.63 3.653 5.468
    endloop
  endfacet
  facet normal 0.0490642 -0.998796 0
    outer loop
      vertex 65.9437 3.66841 5.468
      vertex 65.63 3.653 2
      vertex 65.9437 3.66841 2
    endloop
  endfacet
  facet normal 0.989167 -0.146796 0
    outer loop
      vertex 68.7685 6.22871 5.468
      vertex 68.8146 6.53935 2
      vertex 68.8146 6.53935 5.468
    endloop
  endfacet
  facet normal 0.989167 -0.146796 0
    outer loop
      vertex 68.8146 6.53935 2
      vertex 68.7685 6.22871 5.468
      vertex 68.7685 6.22871 2
    endloop
  endfacet
  facet normal 0.903947 0.427646 0
    outer loop
      vertex 68.5864 8.07759 5.468
      vertex 68.4521 8.36147 2
      vertex 68.4521 8.36147 5.468
    endloop
  endfacet
  facet normal 0.903947 0.427646 0
    outer loop
      vertex 68.4521 8.36147 2
      vertex 68.5864 8.07759 5.468
      vertex 68.5864 8.07759 2
    endloop
  endfacet
  facet normal 0.94154 0.336901 0
    outer loop
      vertex 68.6922 7.78191 5.468
      vertex 68.5864 8.07759 2
      vertex 68.5864 8.07759 5.468
    endloop
  endfacet
  facet normal 0.94154 0.336901 0
    outer loop
      vertex 68.5864 8.07759 2
      vertex 68.6922 7.78191 5.468
      vertex 68.6922 7.78191 2
    endloop
  endfacet
  facet normal 0.94154 -0.336901 0
    outer loop
      vertex 68.5864 5.62841 5.468
      vertex 68.6922 5.92409 2
      vertex 68.6922 5.92409 5.468
    endloop
  endfacet
  facet normal 0.94154 -0.336901 0
    outer loop
      vertex 68.6922 5.92409 2
      vertex 68.5864 5.62841 5.468
      vertex 68.5864 5.62841 2
    endloop
  endfacet
  facet normal 0.857788 0.514004 0
    outer loop
      vertex 68.4521 8.36147 5.468
      vertex 68.2907 8.63082 2
      vertex 68.2907 8.63082 5.468
    endloop
  endfacet
  facet normal 0.857788 0.514004 0
    outer loop
      vertex 68.2907 8.63082 2
      vertex 68.4521 8.36147 5.468
      vertex 68.4521 8.36147 2
    endloop
  endfacet
  facet normal 0.970034 -0.24297 0
    outer loop
      vertex 68.6922 5.92409 5.468
      vertex 68.7685 6.22871 2
      vertex 68.7685 6.22871 5.468
    endloop
  endfacet
  facet normal 0.970034 -0.24297 0
    outer loop
      vertex 68.7685 6.22871 2
      vertex 68.6922 5.92409 5.468
      vertex 68.6922 5.92409 2
    endloop
  endfacet
  facet normal 0.427517 -0.904007 0
    outer loop
      vertex 66.8546 3.89659 2
      vertex 67.1385 4.03085 5.468
      vertex 66.8546 3.89659 5.468
    endloop
  endfacet
  facet normal 0.427517 -0.904007 0
    outer loop
      vertex 67.1385 4.03085 5.468
      vertex 66.8546 3.89659 2
      vertex 67.1385 4.03085 2
    endloop
  endfacet
  facet normal -0.336881 -0.941547 0
    outer loop
      vertex 64.4054 3.89659 2
      vertex 64.7011 3.79079 5.468
      vertex 64.4054 3.89659 5.468
    endloop
  endfacet
  facet normal -0.336881 -0.941547 -0
    outer loop
      vertex 64.7011 3.79079 5.468
      vertex 64.4054 3.89659 2
      vertex 64.7011 3.79079 2
    endloop
  endfacet
  facet normal 0.514191 -0.857676 0
    outer loop
      vertex 67.1385 4.03085 2
      vertex 67.4078 4.1923 5.468
      vertex 67.1385 4.03085 5.468
    endloop
  endfacet
  facet normal 0.514191 -0.857676 0
    outer loop
      vertex 67.4078 4.1923 5.468
      vertex 67.1385 4.03085 2
      vertex 67.4078 4.1923 2
    endloop
  endfacet
  facet normal 0.146752 -0.989173 0
    outer loop
      vertex 65.9437 3.66841 2
      vertex 66.2543 3.71449 5.468
      vertex 65.9437 3.66841 5.468
    endloop
  endfacet
  facet normal 0.146752 -0.989173 0
    outer loop
      vertex 66.2543 3.71449 5.468
      vertex 65.9437 3.66841 2
      vertex 66.2543 3.71449 2
    endloop
  endfacet
  facet normal 0.740933 -0.671578 0
    outer loop
      vertex 67.8927 4.59026 5.468
      vertex 68.1036 4.82294 2
      vertex 68.1036 4.82294 5.468
    endloop
  endfacet
  facet normal 0.740933 -0.671578 0
    outer loop
      vertex 68.1036 4.82294 2
      vertex 67.8927 4.59026 5.468
      vertex 67.8927 4.59026 2
    endloop
  endfacet
  facet normal 0.803168 -0.595753 0
    outer loop
      vertex 68.1036 4.82294 5.468
      vertex 68.2907 5.07518 2
      vertex 68.2907 5.07518 5.468
    endloop
  endfacet
  facet normal 0.803168 -0.595753 0
    outer loop
      vertex 68.2907 5.07518 2
      vertex 68.1036 4.82294 5.468
      vertex 68.1036 4.82294 2
    endloop
  endfacet
  facet normal -0.242985 -0.97003 0
    outer loop
      vertex 64.7011 3.79079 2
      vertex 65.0057 3.71449 5.468
      vertex 64.7011 3.79079 5.468
    endloop
  endfacet
  facet normal -0.242985 -0.97003 -0
    outer loop
      vertex 65.0057 3.71449 5.468
      vertex 64.7011 3.79079 2
      vertex 65.0057 3.71449 2
    endloop
  endfacet
  facet normal 0.970034 0.24297 0
    outer loop
      vertex 68.7685 7.47729 5.468
      vertex 68.6922 7.78191 2
      vertex 68.6922 7.78191 5.468
    endloop
  endfacet
  facet normal 0.970034 0.24297 0
    outer loop
      vertex 68.6922 7.78191 2
      vertex 68.7685 7.47729 5.468
      vertex 68.7685 7.47729 2
    endloop
  endfacet
  facet normal 0.803173 0.595746 0
    outer loop
      vertex 68.2907 8.63082 5.468
      vertex 68.1259 8.853 2
      vertex 68.1259 8.853 5.468
    endloop
  endfacet
  facet normal 0.803173 0.595746 0
    outer loop
      vertex 68.1259 8.853 2
      vertex 68.2907 8.63082 5.468
      vertex 68.2907 8.63082 2
    endloop
  endfacet
  facet normal -0.427517 -0.904007 0
    outer loop
      vertex 64.1215 4.03085 2
      vertex 64.4054 3.89659 5.468
      vertex 64.1215 4.03085 5.468
    endloop
  endfacet
  facet normal -0.427517 -0.904007 -0
    outer loop
      vertex 64.4054 3.89659 5.468
      vertex 64.1215 4.03085 2
      vertex 64.4054 3.89659 2
    endloop
  endfacet
  facet normal 0.5956 -0.803281 0
    outer loop
      vertex 67.4078 4.1923 2
      vertex 67.6601 4.37937 5.468
      vertex 67.4078 4.1923 5.468
    endloop
  endfacet
  facet normal 0.5956 -0.803281 0
    outer loop
      vertex 67.6601 4.37937 5.468
      vertex 67.4078 4.1923 2
      vertex 67.6601 4.37937 2
    endloop
  endfacet
  facet normal 0.998797 -0.0490402 0
    outer loop
      vertex 68.8146 6.53935 5.468
      vertex 68.83 6.853 2
      vertex 68.83 6.853 5.468
    endloop
  endfacet
  facet normal 0.998797 -0.0490402 0
    outer loop
      vertex 68.83 6.853 2
      vertex 68.8146 6.53935 5.468
      vertex 68.8146 6.53935 2
    endloop
  endfacet
  facet normal 0.336881 -0.941547 0
    outer loop
      vertex 66.5589 3.79079 2
      vertex 66.8546 3.89659 5.468
      vertex 66.5589 3.79079 5.468
    endloop
  endfacet
  facet normal 0.336881 -0.941547 0
    outer loop
      vertex 66.8546 3.89659 5.468
      vertex 66.5589 3.79079 2
      vertex 66.8546 3.89659 2
    endloop
  endfacet
  facet normal 0.242985 -0.97003 0
    outer loop
      vertex 66.2543 3.71449 2
      vertex 66.5589 3.79079 5.468
      vertex 66.2543 3.71449 5.468
    endloop
  endfacet
  facet normal 0.242985 -0.97003 0
    outer loop
      vertex 66.5589 3.79079 5.468
      vertex 66.2543 3.71449 2
      vertex 66.5589 3.79079 2
    endloop
  endfacet
  facet normal -0.595642 -0.80325 0
    outer loop
      vertex 63.63 4.35707 2
      vertex 63.8522 4.1923 5.468
      vertex 63.63 4.35707 5.468
    endloop
  endfacet
  facet normal -0.595642 -0.80325 -0
    outer loop
      vertex 63.8522 4.1923 5.468
      vertex 63.63 4.35707 2
      vertex 63.8522 4.1923 2
    endloop
  endfacet
  facet normal 0.903947 -0.427646 0
    outer loop
      vertex 68.4521 5.34453 5.468
      vertex 68.5864 5.62841 2
      vertex 68.5864 5.62841 5.468
    endloop
  endfacet
  facet normal 0.903947 -0.427646 0
    outer loop
      vertex 68.5864 5.62841 2
      vertex 68.4521 5.34453 5.468
      vertex 68.4521 5.34453 2
    endloop
  endfacet
  facet normal 0.857788 -0.514004 0
    outer loop
      vertex 68.2907 5.07518 5.468
      vertex 68.4521 5.34453 2
      vertex 68.4521 5.34453 5.468
    endloop
  endfacet
  facet normal 0.857788 -0.514004 0
    outer loop
      vertex 68.4521 5.34453 2
      vertex 68.2907 5.07518 5.468
      vertex 68.2907 5.07518 2
    endloop
  endfacet
  facet normal -0.0490642 -0.998796 0
    outer loop
      vertex 65.3163 3.66841 2
      vertex 65.63 3.653 5.468
      vertex 65.3163 3.66841 5.468
    endloop
  endfacet
  facet normal -0.0490642 -0.998796 -0
    outer loop
      vertex 65.63 3.653 5.468
      vertex 65.3163 3.66841 2
      vertex 65.63 3.653 2
    endloop
  endfacet
  facet normal 0 0 1
    outer loop
      vertex 66.73 6.853 5.468
      vertex 68.83 6.853 5.468
      vertex 68.8146 7.16665 5.468
    endloop
  endfacet
  facet normal 0 0 1
    outer loop
      vertex 66.7247 6.96082 5.468
      vertex 68.8146 7.16665 5.468
      vertex 68.7685 7.47729 5.468
    endloop
  endfacet
  facet normal 0 0 1
    outer loop
      vertex 68.83 6.853 5.468
      vertex 66.73 6.853 5.468
      vertex 68.8146 6.53935 5.468
    endloop
  endfacet
  facet normal 0 0 1
    outer loop
      vertex 66.7089 7.0676 5.468
      vertex 68.7685 7.47729 5.468
      vertex 68.6922 7.78191 5.468
    endloop
  endfacet
  facet normal -0 0 1
    outer loop
      vertex 66.7247 6.74518 5.468
      vertex 68.8146 6.53935 5.468
      vertex 66.73 6.853 5.468
    endloop
  endfacet
  facet normal 0 0 1
    outer loop
      vertex 66.6826 7.17231 5.468
      vertex 68.6922 7.78191 5.468
      vertex 68.5864 8.07759 5.468
    endloop
  endfacet
  facet normal 0 0 1
    outer loop
      vertex 68.8146 6.53935 5.468
      vertex 66.7247 6.74518 5.468
      vertex 68.7685 6.22871 5.468
    endloop
  endfacet
  facet normal 0 0 1
    outer loop
      vertex 66.6463 7.27395 5.468
      vertex 68.5864 8.07759 5.468
      vertex 68.4521 8.36147 5.468
    endloop
  endfacet
  facet normal -0 0 1
    outer loop
      vertex 66.7089 6.6384 5.468
      vertex 68.7685 6.22871 5.468
      vertex 66.7247 6.74518 5.468
    endloop
  endfacet
  facet normal 0 0 1
    outer loop
      vertex 66.6001 7.37154 5.468
      vertex 68.4521 8.36147 5.468
      vertex 68.2907 8.63082 5.468
    endloop
  endfacet
  facet normal 0 0 1
    outer loop
      vertex 68.7685 6.22871 5.468
      vertex 66.7089 6.6384 5.468
      vertex 68.6922 5.92409 5.468
    endloop
  endfacet
  facet normal 0 0 1
    outer loop
      vertex 66.5446 7.46413 5.468
      vertex 68.2907 8.63082 5.468
      vertex 68.1259 8.853 5.468
    endloop
  endfacet
  facet normal -0 0 1
    outer loop
      vertex 66.6826 6.53369 5.468
      vertex 68.6922 5.92409 5.468
      vertex 66.7089 6.6384 5.468
    endloop
  endfacet
  facet normal 0 0 1
    outer loop
      vertex 68.6922 5.92409 5.468
      vertex 66.6826 6.53369 5.468
      vertex 68.5864 5.62841 5.468
    endloop
  endfacet
  facet normal 0 0 1
    outer loop
      vertex 68.5864 5.62841 5.468
      vertex 66.6463 6.43205 5.468
      vertex 68.4521 5.34453 5.468
    endloop
  endfacet
  facet normal -0 0 1
    outer loop
      vertex 66.6001 6.33446 5.468
      vertex 68.4521 5.34453 5.468
      vertex 66.6463 6.43205 5.468
    endloop
  endfacet
  facet normal -0 0 1
    outer loop
      vertex 66.5446 6.24187 5.468
      vertex 68.2907 5.07518 5.468
      vertex 66.6001 6.33446 5.468
    endloop
  endfacet
  facet normal 0 0 1
    outer loop
      vertex 68.2907 5.07518 5.468
      vertex 66.5446 6.24187 5.468
      vertex 68.1036 4.82294 5.468
    endloop
  endfacet
  facet normal -0 0 1
    outer loop
      vertex 66.6463 6.43205 5.468
      vertex 68.5864 5.62841 5.468
      vertex 66.6826 6.53369 5.468
    endloop
  endfacet
  facet normal 0 0 1
    outer loop
      vertex 68.8146 7.16665 5.468
      vertex 66.7247 6.96082 5.468
      vertex 66.73 6.853 5.468
    endloop
  endfacet
  facet normal 0 0 1
    outer loop
      vertex 68.7685 7.47729 5.468
      vertex 66.7089 7.0676 5.468
      vertex 66.7247 6.96082 5.468
    endloop
  endfacet
  facet normal 0 0 1
    outer loop
      vertex 68.6922 7.78191 5.468
      vertex 66.6826 7.17231 5.468
      vertex 66.7089 7.0676 5.468
    endloop
  endfacet
  facet normal 0 0 1
    outer loop
      vertex 68.5864 8.07759 5.468
      vertex 66.6463 7.27395 5.468
      vertex 66.6826 7.17231 5.468
    endloop
  endfacet
  facet normal 0 0 1
    outer loop
      vertex 68.4521 8.36147 5.468
      vertex 66.6001 7.37154 5.468
      vertex 66.6463 7.27395 5.468
    endloop
  endfacet
  facet normal 0 0 1
    outer loop
      vertex 68.2907 8.63082 5.468
      vertex 66.5446 7.46413 5.468
      vertex 66.6001 7.37154 5.468
    endloop
  endfacet
  facet normal 0 0 1
    outer loop
      vertex 68.1259 8.853 5.468
      vertex 66.4803 7.55083 5.468
      vertex 66.5446 7.46413 5.468
    endloop
  endfacet
  facet normal 0 0 1
    outer loop
      vertex 68.1259 8.853 5.468
      vertex 66.4078 7.63082 5.468
      vertex 66.4803 7.55083 5.468
    endloop
  endfacet
  facet normal 0 0 1
    outer loop
      vertex 68.1259 8.853 5.468
      vertex 66.3278 7.70331 5.468
      vertex 66.4078 7.63082 5.468
    endloop
  endfacet
  facet normal 0 0 1
    outer loop
      vertex 68.1259 8.853 5.468
      vertex 66.2411 7.76762 5.468
      vertex 66.3278 7.70331 5.468
    endloop
  endfacet
  facet normal 0 0 1
    outer loop
      vertex 68.1259 8.853 5.468
      vertex 66.1485 7.82311 5.468
      vertex 66.2411 7.76762 5.468
    endloop
  endfacet
  facet normal 0 0 1
    outer loop
      vertex 68.1259 8.853 5.468
      vertex 66.0509 7.86927 5.468
      vertex 66.1485 7.82311 5.468
    endloop
  endfacet
  facet normal 0 0 1
    outer loop
      vertex 68.1259 8.853 5.468
      vertex 65.9493 7.90563 5.468
      vertex 66.0509 7.86927 5.468
    endloop
  endfacet
  facet normal 0 0 1
    outer loop
      vertex 68.1259 8.853 5.468
      vertex 65.8446 7.93186 5.468
      vertex 65.9493 7.90563 5.468
    endloop
  endfacet
  facet normal 0 0 1
    outer loop
      vertex 68.1259 8.853 5.468
      vertex 65.7378 7.9477 5.468
      vertex 65.8446 7.93186 5.468
    endloop
  endfacet
  facet normal -0 0 1
    outer loop
      vertex 63.63 8.853 5.468
      vertex 65.7378 7.9477 5.468
      vertex 68.1259 8.853 5.468
    endloop
  endfacet
  facet normal 0 0 1
    outer loop
      vertex 65.7378 7.9477 5.468
      vertex 63.63 8.853 5.468
      vertex 65.63 7.953 5.468
    endloop
  endfacet
  facet normal 0 0 1
    outer loop
      vertex 65.63 7.953 5.468
      vertex 63.63 8.853 5.468
      vertex 65.5222 7.9477 5.468
    endloop
  endfacet
  facet normal 0 0 1
    outer loop
      vertex 65.5222 7.9477 5.468
      vertex 63.63 8.853 5.468
      vertex 65.4154 7.93186 5.468
    endloop
  endfacet
  facet normal 0 0 1
    outer loop
      vertex 65.1115 5.88289 5.468
      vertex 64.1215 4.03085 5.468
      vertex 64.4054 3.89659 5.468
    endloop
  endfacet
  facet normal 0 0 1
    outer loop
      vertex 63.63 8.853 5.468
      vertex 64.53 6.853 5.468
      vertex 64.5353 6.96082 5.468
    endloop
  endfacet
  facet normal 0 0 1
    outer loop
      vertex 64.5353 6.74518 5.468
      vertex 63.8522 4.1923 5.468
      vertex 64.1215 4.03085 5.468
    endloop
  endfacet
  facet normal 0 0 1
    outer loop
      vertex 63.63 8.853 5.468
      vertex 64.5353 6.96082 5.468
      vertex 64.5511 7.0676 5.468
    endloop
  endfacet
  facet normal 0 0 1
    outer loop
      vertex 65.4154 7.93186 5.468
      vertex 63.63 8.853 5.468
      vertex 65.3107 7.90563 5.468
    endloop
  endfacet
  facet normal 0 0 1
    outer loop
      vertex 63.63 8.853 5.468
      vertex 65.209 7.86927 5.468
      vertex 65.3107 7.90563 5.468
    endloop
  endfacet
  facet normal 0 0 1
    outer loop
      vertex 63.63 8.853 5.468
      vertex 65.1115 7.82311 5.468
      vertex 65.209 7.86927 5.468
    endloop
  endfacet
  facet normal 0 0 1
    outer loop
      vertex 63.63 8.853 5.468
      vertex 65.0189 7.76762 5.468
      vertex 65.1115 7.82311 5.468
    endloop
  endfacet
  facet normal 0 0 1
    outer loop
      vertex 63.63 8.853 5.468
      vertex 64.9322 7.70331 5.468
      vertex 65.0189 7.76762 5.468
    endloop
  endfacet
  facet normal 0 0 1
    outer loop
      vertex 63.63 8.853 5.468
      vertex 64.8522 7.63082 5.468
      vertex 64.9322 7.70331 5.468
    endloop
  endfacet
  facet normal 0 0 1
    outer loop
      vertex 63.63 8.853 5.468
      vertex 64.7797 7.55083 5.468
      vertex 64.8522 7.63082 5.468
    endloop
  endfacet
  facet normal 0 0 1
    outer loop
      vertex 63.63 8.853 5.468
      vertex 64.7154 7.46413 5.468
      vertex 64.7797 7.55083 5.468
    endloop
  endfacet
  facet normal 0 0 1
    outer loop
      vertex 63.63 8.853 5.468
      vertex 64.6599 7.37154 5.468
      vertex 64.7154 7.46413 5.468
    endloop
  endfacet
  facet normal 0 0 1
    outer loop
      vertex 63.63 8.853 5.468
      vertex 64.6137 7.27395 5.468
      vertex 64.6599 7.37154 5.468
    endloop
  endfacet
  facet normal 0 0 1
    outer loop
      vertex 63.63 8.853 5.468
      vertex 64.5774 7.17231 5.468
      vertex 64.6137 7.27395 5.468
    endloop
  endfacet
  facet normal 0 0 1
    outer loop
      vertex 63.63 8.853 5.468
      vertex 64.5511 7.0676 5.468
      vertex 64.5774 7.17231 5.468
    endloop
  endfacet
  facet normal 0 0 1
    outer loop
      vertex 64.5353 6.74518 5.468
      vertex 63.63 8.853 5.468
      vertex 63.63 4.35707 5.468
    endloop
  endfacet
  facet normal 0 0 1
    outer loop
      vertex 64.5353 6.74518 5.468
      vertex 63.63 4.35707 5.468
      vertex 63.8522 4.1923 5.468
    endloop
  endfacet
  facet normal 0 0 1
    outer loop
      vertex 68.4521 5.34453 5.468
      vertex 66.6001 6.33446 5.468
      vertex 68.2907 5.07518 5.468
    endloop
  endfacet
  facet normal -0 0 1
    outer loop
      vertex 66.4803 6.15517 5.468
      vertex 68.1036 4.82294 5.468
      vertex 66.5446 6.24187 5.468
    endloop
  endfacet
  facet normal 0 0 1
    outer loop
      vertex 68.1036 4.82294 5.468
      vertex 66.4803 6.15517 5.468
      vertex 67.8927 4.59026 5.468
    endloop
  endfacet
  facet normal -0 0 1
    outer loop
      vertex 66.4078 6.07518 5.468
      vertex 67.8927 4.59026 5.468
      vertex 66.4803 6.15517 5.468
    endloop
  endfacet
  facet normal 0 0 1
    outer loop
      vertex 67.8927 4.59026 5.468
      vertex 66.4078 6.07518 5.468
      vertex 67.6601 4.37937 5.468
    endloop
  endfacet
  facet normal -0 0 1
    outer loop
      vertex 66.3278 6.00269 5.468
      vertex 67.6601 4.37937 5.468
      vertex 66.4078 6.07518 5.468
    endloop
  endfacet
  facet normal 0 0 1
    outer loop
      vertex 67.6601 4.37937 5.468
      vertex 66.3278 6.00269 5.468
      vertex 67.4078 4.1923 5.468
    endloop
  endfacet
  facet normal -0 0 1
    outer loop
      vertex 66.2411 5.93838 5.468
      vertex 67.4078 4.1923 5.468
      vertex 66.3278 6.00269 5.468
    endloop
  endfacet
  facet normal 0 0 1
    outer loop
      vertex 67.4078 4.1923 5.468
      vertex 66.2411 5.93838 5.468
      vertex 67.1385 4.03085 5.468
    endloop
  endfacet
  facet normal -0 0 1
    outer loop
      vertex 66.1485 5.88289 5.468
      vertex 67.1385 4.03085 5.468
      vertex 66.2411 5.93838 5.468
    endloop
  endfacet
  facet normal 0 0 1
    outer loop
      vertex 67.1385 4.03085 5.468
      vertex 66.1485 5.88289 5.468
      vertex 66.8546 3.89659 5.468
    endloop
  endfacet
  facet normal -0 0 1
    outer loop
      vertex 66.0509 5.83673 5.468
      vertex 66.8546 3.89659 5.468
      vertex 66.1485 5.88289 5.468
    endloop
  endfacet
  facet normal 0 0 1
    outer loop
      vertex 66.8546 3.89659 5.468
      vertex 66.0509 5.83673 5.468
      vertex 66.5589 3.79079 5.468
    endloop
  endfacet
  facet normal -0 0 1
    outer loop
      vertex 65.9493 5.80037 5.468
      vertex 66.5589 3.79079 5.468
      vertex 66.0509 5.83673 5.468
    endloop
  endfacet
  facet normal 0 0 1
    outer loop
      vertex 66.5589 3.79079 5.468
      vertex 65.9493 5.80037 5.468
      vertex 66.2543 3.71449 5.468
    endloop
  endfacet
  facet normal -0 0 1
    outer loop
      vertex 65.8446 5.77414 5.468
      vertex 66.2543 3.71449 5.468
      vertex 65.9493 5.80037 5.468
    endloop
  endfacet
  facet normal 0 0 1
    outer loop
      vertex 66.2543 3.71449 5.468
      vertex 65.8446 5.77414 5.468
      vertex 65.9437 3.66841 5.468
    endloop
  endfacet
  facet normal -0 0 1
    outer loop
      vertex 65.7378 5.7583 5.468
      vertex 65.9437 3.66841 5.468
      vertex 65.8446 5.77414 5.468
    endloop
  endfacet
  facet normal -0 0 1
    outer loop
      vertex 65.63 5.753 5.468
      vertex 65.9437 3.66841 5.468
      vertex 65.7378 5.7583 5.468
    endloop
  endfacet
  facet normal 0 0 1
    outer loop
      vertex 65.63 5.753 5.468
      vertex 65.63 3.653 5.468
      vertex 65.9437 3.66841 5.468
    endloop
  endfacet
  facet normal 0 0 1
    outer loop
      vertex 65.5222 5.7583 5.468
      vertex 65.63 3.653 5.468
      vertex 65.63 5.753 5.468
    endloop
  endfacet
  facet normal 0 0 1
    outer loop
      vertex 65.3163 3.66841 5.468
      vertex 65.5222 5.7583 5.468
      vertex 65.4154 5.77414 5.468
    endloop
  endfacet
  facet normal 0 0 1
    outer loop
      vertex 65.5222 5.7583 5.468
      vertex 65.3163 3.66841 5.468
      vertex 65.63 3.653 5.468
    endloop
  endfacet
  facet normal 0 0 1
    outer loop
      vertex 65.0057 3.71449 5.468
      vertex 65.4154 5.77414 5.468
      vertex 65.3107 5.80037 5.468
    endloop
  endfacet
  facet normal 0 0 1
    outer loop
      vertex 64.7011 3.79079 5.468
      vertex 65.3107 5.80037 5.468
      vertex 65.209 5.83673 5.468
    endloop
  endfacet
  facet normal 0 0 1
    outer loop
      vertex 64.4054 3.89659 5.468
      vertex 65.209 5.83673 5.468
      vertex 65.1115 5.88289 5.468
    endloop
  endfacet
  facet normal 0 0 1
    outer loop
      vertex 64.1215 4.03085 5.468
      vertex 65.1115 5.88289 5.468
      vertex 65.0189 5.93838 5.468
    endloop
  endfacet
  facet normal 0 0 1
    outer loop
      vertex 65.4154 5.77414 5.468
      vertex 65.0057 3.71449 5.468
      vertex 65.3163 3.66841 5.468
    endloop
  endfacet
  facet normal 0 0 1
    outer loop
      vertex 64.1215 4.03085 5.468
      vertex 65.0189 5.93838 5.468
      vertex 64.9322 6.00269 5.468
    endloop
  endfacet
  facet normal 0 0 1
    outer loop
      vertex 64.1215 4.03085 5.468
      vertex 64.9322 6.00269 5.468
      vertex 64.8522 6.07518 5.468
    endloop
  endfacet
  facet normal 0 0 1
    outer loop
      vertex 64.1215 4.03085 5.468
      vertex 64.8522 6.07518 5.468
      vertex 64.7797 6.15517 5.468
    endloop
  endfacet
  facet normal 0 0 1
    outer loop
      vertex 64.1215 4.03085 5.468
      vertex 64.7797 6.15517 5.468
      vertex 64.7154 6.24187 5.468
    endloop
  endfacet
  facet normal 0 0 1
    outer loop
      vertex 65.3107 5.80037 5.468
      vertex 64.7011 3.79079 5.468
      vertex 65.0057 3.71449 5.468
    endloop
  endfacet
  facet normal 0 0 1
    outer loop
      vertex 64.1215 4.03085 5.468
      vertex 64.7154 6.24187 5.468
      vertex 64.6599 6.33446 5.468
    endloop
  endfacet
  facet normal 0 0 1
    outer loop
      vertex 64.1215 4.03085 5.468
      vertex 64.6599 6.33446 5.468
      vertex 64.6137 6.43205 5.468
    endloop
  endfacet
  facet normal 0 0 1
    outer loop
      vertex 64.1215 4.03085 5.468
      vertex 64.6137 6.43205 5.468
      vertex 64.5774 6.53369 5.468
    endloop
  endfacet
  facet normal 0 0 1
    outer loop
      vertex 64.1215 4.03085 5.468
      vertex 64.5774 6.53369 5.468
      vertex 64.5511 6.6384 5.468
    endloop
  endfacet
  facet normal 0 0 1
    outer loop
      vertex 64.1215 4.03085 5.468
      vertex 64.5511 6.6384 5.468
      vertex 64.5353 6.74518 5.468
    endloop
  endfacet
  facet normal 0 0 1
    outer loop
      vertex 65.209 5.83673 5.468
      vertex 64.4054 3.89659 5.468
      vertex 64.7011 3.79079 5.468
    endloop
  endfacet
  facet normal 0 0 1
    outer loop
      vertex 63.63 8.853 5.468
      vertex 64.5353 6.74518 5.468
      vertex 64.53 6.853 5.468
    endloop
  endfacet
  facet normal 0.671688 -0.740834 0
    outer loop
      vertex 67.6601 4.37937 2
      vertex 67.8927 4.59026 5.468
      vertex 67.6601 4.37937 5.468
    endloop
  endfacet
  facet normal 0.671688 -0.740834 0
    outer loop
      vertex 67.8927 4.59026 5.468
      vertex 67.6601 4.37937 2
      vertex 67.8927 4.59026 2
    endloop
  endfacet
  facet normal -1 0 0
    outer loop
      vertex 63.63 4.35707 2
      vertex 63.63 8.853 5.468
      vertex 63.63 8.853 2
    endloop
  endfacet
  facet normal -1 -0 0
    outer loop
      vertex 63.63 8.853 5.468
      vertex 63.63 4.35707 2
      vertex 63.63 4.35707 5.468
    endloop
  endfacet
  facet normal 0 1 -0
    outer loop
      vertex 68.1259 8.853 2
      vertex 63.63 8.853 5.468
      vertex 68.1259 8.853 5.468
    endloop
  endfacet
  facet normal 0 1 0
    outer loop
      vertex 63.63 8.853 5.468
      vertex 68.1259 8.853 2
      vertex 63.63 8.853 2
    endloop
  endfacet
  facet normal 0.989164 0.146814 0
    outer loop
      vertex 68.8146 54.6647 5.468
      vertex 68.7685 54.9753 2
      vertex 68.7685 54.9753 5.468
    endloop
  endfacet
  facet normal 0.989164 0.146814 0
    outer loop
      vertex 68.7685 54.9753 2
      vertex 68.8146 54.6647 5.468
      vertex 68.8146 54.6647 2
    endloop
  endfacet
  facet normal 0.998797 0.0490324 0
    outer loop
      vertex 68.83 54.351 5.468
      vertex 68.8146 54.6647 2
      vertex 68.8146 54.6647 5.468
    endloop
  endfacet
  facet normal 0.998797 0.0490324 0
    outer loop
      vertex 68.8146 54.6647 2
      vertex 68.83 54.351 5.468
      vertex 68.83 54.351 2
    endloop
  endfacet
  facet normal 0.671705 0.740819 -0
    outer loop
      vertex 67.8927 56.6137 2
      vertex 67.6601 56.8246 5.468
      vertex 67.8927 56.6137 5.468
    endloop
  endfacet
  facet normal 0.671705 0.740819 0
    outer loop
      vertex 67.6601 56.8246 5.468
      vertex 67.8927 56.6137 2
      vertex 67.6601 56.8246 2
    endloop
  endfacet
  facet normal 0.740819 0.671705 0
    outer loop
      vertex 68.1036 56.3811 5.468
      vertex 67.8927 56.6137 2
      vertex 67.8927 56.6137 5.468
    endloop
  endfacet
  facet normal 0.740819 0.671705 0
    outer loop
      vertex 67.8927 56.6137 2
      vertex 68.1036 56.3811 5.468
      vertex 68.1036 56.3811 2
    endloop
  endfacet
  facet normal 0.427621 0.903958 -0
    outer loop
      vertex 67.1385 57.1731 2
      vertex 66.8546 57.3074 5.468
      vertex 67.1385 57.1731 5.468
    endloop
  endfacet
  facet normal 0.427621 0.903958 0
    outer loop
      vertex 66.8546 57.3074 5.468
      vertex 67.1385 57.1731 2
      vertex 66.8546 57.3074 2
    endloop
  endfacet
  facet normal 0.989164 -0.146814 0
    outer loop
      vertex 68.7685 53.7267 5.468
      vertex 68.8146 54.0373 2
      vertex 68.8146 54.0373 5.468
    endloop
  endfacet
  facet normal 0.989164 -0.146814 0
    outer loop
      vertex 68.8146 54.0373 2
      vertex 68.7685 53.7267 5.468
      vertex 68.7685 53.7267 2
    endloop
  endfacet
  facet normal 0.903958 0.427621 0
    outer loop
      vertex 68.5864 55.5756 5.468
      vertex 68.4521 55.8595 2
      vertex 68.4521 55.8595 5.468
    endloop
  endfacet
  facet normal 0.903958 0.427621 0
    outer loop
      vertex 68.4521 55.8595 2
      vertex 68.5864 55.5756 5.468
      vertex 68.5864 55.5756 2
    endloop
  endfacet
  facet normal -0.242985 0.97003 0
    outer loop
      vertex 65.0057 57.4895 2
      vertex 64.7011 57.4132 5.468
      vertex 65.0057 57.4895 5.468
    endloop
  endfacet
  facet normal -0.242985 0.97003 0
    outer loop
      vertex 64.7011 57.4132 5.468
      vertex 65.0057 57.4895 2
      vertex 64.7011 57.4132 2
    endloop
  endfacet
  facet normal 0.242985 0.97003 -0
    outer loop
      vertex 66.5589 57.4132 2
      vertex 66.2543 57.4895 5.468
      vertex 66.5589 57.4132 5.468
    endloop
  endfacet
  facet normal 0.242985 0.97003 0
    outer loop
      vertex 66.2543 57.4895 5.468
      vertex 66.5589 57.4132 2
      vertex 66.2543 57.4895 2
    endloop
  endfacet
  facet normal 0.336881 0.941547 -0
    outer loop
      vertex 66.8546 57.3074 2
      vertex 66.5589 57.4132 5.468
      vertex 66.8546 57.3074 5.468
    endloop
  endfacet
  facet normal 0.336881 0.941547 0
    outer loop
      vertex 66.5589 57.4132 5.468
      vertex 66.8546 57.3074 2
      vertex 66.5589 57.4132 2
    endloop
  endfacet
  facet normal 0.941547 0.336881 0
    outer loop
      vertex 68.6922 55.2799 5.468
      vertex 68.5864 55.5756 2
      vertex 68.5864 55.5756 5.468
    endloop
  endfacet
  facet normal 0.941547 0.336881 0
    outer loop
      vertex 68.5864 55.5756 2
      vertex 68.6922 55.2799 5.468
      vertex 68.6922 55.2799 2
    endloop
  endfacet
  facet normal 0.595661 0.803236 -0
    outer loop
      vertex 67.6601 56.8246 2
      vertex 67.4078 57.0117 5.468
      vertex 67.6601 56.8246 5.468
    endloop
  endfacet
  facet normal 0.595661 0.803236 0
    outer loop
      vertex 67.4078 57.0117 5.468
      vertex 67.6601 56.8246 2
      vertex 67.4078 57.0117 2
    endloop
  endfacet
  facet normal 0.514074 0.857746 -0
    outer loop
      vertex 67.4078 57.0117 2
      vertex 67.1385 57.1731 5.468
      vertex 67.4078 57.0117 5.468
    endloop
  endfacet
  facet normal 0.514074 0.857746 0
    outer loop
      vertex 67.1385 57.1731 5.468
      vertex 67.4078 57.0117 2
      vertex 67.1385 57.1731 2
    endloop
  endfacet
  facet normal 0.941547 -0.336881 0
    outer loop
      vertex 68.5864 53.1264 5.468
      vertex 68.6922 53.4221 2
      vertex 68.6922 53.4221 5.468
    endloop
  endfacet
  facet normal 0.941547 -0.336881 0
    outer loop
      vertex 68.6922 53.4221 2
      vertex 68.5864 53.1264 5.468
      vertex 68.5864 53.1264 2
    endloop
  endfacet
  facet normal 0.0490324 0.998797 -0
    outer loop
      vertex 65.9437 57.5356 2
      vertex 65.63 57.551 5.468
      vertex 65.9437 57.5356 5.468
    endloop
  endfacet
  facet normal 0.0490324 0.998797 0
    outer loop
      vertex 65.63 57.551 5.468
      vertex 65.9437 57.5356 2
      vertex 65.63 57.551 2
    endloop
  endfacet
  facet normal 0.857746 0.514074 0
    outer loop
      vertex 68.4521 55.8595 5.468
      vertex 68.2907 56.1288 2
      vertex 68.2907 56.1288 5.468
    endloop
  endfacet
  facet normal 0.857746 0.514074 0
    outer loop
      vertex 68.2907 56.1288 2
      vertex 68.4521 55.8595 5.468
      vertex 68.4521 55.8595 2
    endloop
  endfacet
  facet normal 0.97003 -0.242985 0
    outer loop
      vertex 68.6922 53.4221 5.468
      vertex 68.7685 53.7267 2
      vertex 68.7685 53.7267 5.468
    endloop
  endfacet
  facet normal 0.97003 -0.242985 0
    outer loop
      vertex 68.7685 53.7267 2
      vertex 68.6922 53.4221 5.468
      vertex 68.6922 53.4221 2
    endloop
  endfacet
  facet normal -0.514074 0.857746 0
    outer loop
      vertex 64.1215 57.1731 2
      vertex 63.8522 57.0117 5.468
      vertex 64.1215 57.1731 5.468
    endloop
  endfacet
  facet normal -0.514074 0.857746 0
    outer loop
      vertex 63.8522 57.0117 5.468
      vertex 64.1215 57.1731 2
      vertex 63.8522 57.0117 2
    endloop
  endfacet
  facet normal -0.336881 0.941547 0
    outer loop
      vertex 64.7011 57.4132 2
      vertex 64.4054 57.3074 5.468
      vertex 64.7011 57.4132 5.468
    endloop
  endfacet
  facet normal -0.336881 0.941547 0
    outer loop
      vertex 64.4054 57.3074 5.468
      vertex 64.7011 57.4132 2
      vertex 64.4054 57.3074 2
    endloop
  endfacet
  facet normal 0.803198 -0.595712 0
    outer loop
      vertex 68.1259 52.351 5.468
      vertex 68.2907 52.5732 2
      vertex 68.2907 52.5732 5.468
    endloop
  endfacet
  facet normal 0.803198 -0.595712 0
    outer loop
      vertex 68.2907 52.5732 2
      vertex 68.1259 52.351 5.468
      vertex 68.1259 52.351 2
    endloop
  endfacet
  facet normal -0.0490324 0.998797 0
    outer loop
      vertex 65.63 57.551 2
      vertex 65.3163 57.5356 5.468
      vertex 65.63 57.551 5.468
    endloop
  endfacet
  facet normal -0.0490324 0.998797 0
    outer loop
      vertex 65.3163 57.5356 5.468
      vertex 65.63 57.551 2
      vertex 65.3163 57.5356 2
    endloop
  endfacet
  facet normal -0.427621 0.903958 0
    outer loop
      vertex 64.4054 57.3074 2
      vertex 64.1215 57.1731 5.468
      vertex 64.4054 57.3074 5.468
    endloop
  endfacet
  facet normal -0.427621 0.903958 0
    outer loop
      vertex 64.1215 57.1731 5.468
      vertex 64.4054 57.3074 2
      vertex 64.1215 57.1731 2
    endloop
  endfacet
  facet normal -0.595712 0.803198 0
    outer loop
      vertex 63.8522 57.0117 2
      vertex 63.63 56.8469 5.468
      vertex 63.8522 57.0117 5.468
    endloop
  endfacet
  facet normal -0.595712 0.803198 0
    outer loop
      vertex 63.63 56.8469 5.468
      vertex 63.8522 57.0117 2
      vertex 63.63 56.8469 2
    endloop
  endfacet
  facet normal 0.97003 0.242985 0
    outer loop
      vertex 68.7685 54.9753 5.468
      vertex 68.6922 55.2799 2
      vertex 68.6922 55.2799 5.468
    endloop
  endfacet
  facet normal 0.97003 0.242985 0
    outer loop
      vertex 68.6922 55.2799 2
      vertex 68.7685 54.9753 5.468
      vertex 68.7685 54.9753 2
    endloop
  endfacet
  facet normal 0.803236 0.595661 0
    outer loop
      vertex 68.2907 56.1288 5.468
      vertex 68.1036 56.3811 2
      vertex 68.1036 56.3811 5.468
    endloop
  endfacet
  facet normal 0.803236 0.595661 0
    outer loop
      vertex 68.1036 56.3811 2
      vertex 68.2907 56.1288 5.468
      vertex 68.2907 56.1288 2
    endloop
  endfacet
  facet normal 0.146814 0.989164 -0
    outer loop
      vertex 66.2543 57.4895 2
      vertex 65.9437 57.5356 5.468
      vertex 66.2543 57.4895 5.468
    endloop
  endfacet
  facet normal 0.146814 0.989164 0
    outer loop
      vertex 65.9437 57.5356 5.468
      vertex 66.2543 57.4895 2
      vertex 65.9437 57.5356 2
    endloop
  endfacet
  facet normal 0.998797 -0.0490324 0
    outer loop
      vertex 68.8146 54.0373 5.468
      vertex 68.83 54.351 2
      vertex 68.83 54.351 5.468
    endloop
  endfacet
  facet normal 0.998797 -0.0490324 0
    outer loop
      vertex 68.83 54.351 2
      vertex 68.8146 54.0373 5.468
      vertex 68.8146 54.0373 2
    endloop
  endfacet
  facet normal -0.146814 0.989164 0
    outer loop
      vertex 65.3163 57.5356 2
      vertex 65.0057 57.4895 5.468
      vertex 65.3163 57.5356 5.468
    endloop
  endfacet
  facet normal -0.146814 0.989164 0
    outer loop
      vertex 65.0057 57.4895 5.468
      vertex 65.3163 57.5356 2
      vertex 65.0057 57.4895 2
    endloop
  endfacet
  facet normal 0.903958 -0.427621 0
    outer loop
      vertex 68.4521 52.8425 5.468
      vertex 68.5864 53.1264 2
      vertex 68.5864 53.1264 5.468
    endloop
  endfacet
  facet normal 0.903958 -0.427621 0
    outer loop
      vertex 68.5864 53.1264 2
      vertex 68.4521 52.8425 5.468
      vertex 68.4521 52.8425 2
    endloop
  endfacet
  facet normal 0.857746 -0.514074 0
    outer loop
      vertex 68.2907 52.5732 5.468
      vertex 68.4521 52.8425 2
      vertex 68.4521 52.8425 5.468
    endloop
  endfacet
  facet normal 0.857746 -0.514074 0
    outer loop
      vertex 68.4521 52.8425 2
      vertex 68.2907 52.5732 5.468
      vertex 68.2907 52.5732 2
    endloop
  endfacet
  facet normal 0 0 1
    outer loop
      vertex 68.8146 54.6647 5.468
      vertex 66.7247 54.4588 5.468
      vertex 66.73 54.351 5.468
    endloop
  endfacet
  facet normal 0 0 1
    outer loop
      vertex 67.1385 57.1731 5.468
      vertex 66.7089 54.5656 5.468
      vertex 66.7247 54.4588 5.468
    endloop
  endfacet
  facet normal 0 0 1
    outer loop
      vertex 67.1385 57.1731 5.468
      vertex 66.6826 54.6703 5.468
      vertex 66.7089 54.5656 5.468
    endloop
  endfacet
  facet normal 0 0 1
    outer loop
      vertex 67.1385 57.1731 5.468
      vertex 66.6463 54.7719 5.468
      vertex 66.6826 54.6703 5.468
    endloop
  endfacet
  facet normal 0 0 1
    outer loop
      vertex 67.1385 57.1731 5.468
      vertex 66.6001 54.8695 5.468
      vertex 66.6463 54.7719 5.468
    endloop
  endfacet
  facet normal 0 0 1
    outer loop
      vertex 66.0509 55.3673 5.468
      vertex 66.8546 57.3074 5.468
      vertex 66.5589 57.4132 5.468
    endloop
  endfacet
  facet normal 0 0 1
    outer loop
      vertex 67.1385 57.1731 5.468
      vertex 66.5446 54.9621 5.468
      vertex 66.6001 54.8695 5.468
    endloop
  endfacet
  facet normal 0 0 1
    outer loop
      vertex 67.1385 57.1731 5.468
      vertex 66.4803 55.0488 5.468
      vertex 66.5446 54.9621 5.468
    endloop
  endfacet
  facet normal 0 0 1
    outer loop
      vertex 67.1385 57.1731 5.468
      vertex 66.4078 55.1288 5.468
      vertex 66.4803 55.0488 5.468
    endloop
  endfacet
  facet normal 0 0 1
    outer loop
      vertex 67.1385 57.1731 5.468
      vertex 66.3278 55.2013 5.468
      vertex 66.4078 55.1288 5.468
    endloop
  endfacet
  facet normal 0 0 1
    outer loop
      vertex 65.9493 55.4036 5.468
      vertex 66.5589 57.4132 5.468
      vertex 66.2543 57.4895 5.468
    endloop
  endfacet
  facet normal 0 0 1
    outer loop
      vertex 67.1385 57.1731 5.468
      vertex 66.2411 55.2656 5.468
      vertex 66.3278 55.2013 5.468
    endloop
  endfacet
  facet normal 0 0 1
    outer loop
      vertex 67.1385 57.1731 5.468
      vertex 66.1485 55.3211 5.468
      vertex 66.2411 55.2656 5.468
    endloop
  endfacet
  facet normal 0 0 1
    outer loop
      vertex 66.8546 57.3074 5.468
      vertex 66.0509 55.3673 5.468
      vertex 66.1485 55.3211 5.468
    endloop
  endfacet
  facet normal 0 0 1
    outer loop
      vertex 66.5589 57.4132 5.468
      vertex 65.9493 55.4036 5.468
      vertex 66.0509 55.3673 5.468
    endloop
  endfacet
  facet normal 0 0 1
    outer loop
      vertex 65.8446 55.4299 5.468
      vertex 66.2543 57.4895 5.468
      vertex 65.9437 57.5356 5.468
    endloop
  endfacet
  facet normal 0 0 1
    outer loop
      vertex 66.2543 57.4895 5.468
      vertex 65.8446 55.4299 5.468
      vertex 65.9493 55.4036 5.468
    endloop
  endfacet
  facet normal 0 0 1
    outer loop
      vertex 65.9437 57.5356 5.468
      vertex 65.7378 55.4457 5.468
      vertex 65.8446 55.4299 5.468
    endloop
  endfacet
  facet normal 0 0 1
    outer loop
      vertex 65.63 57.551 5.468
      vertex 65.7378 55.4457 5.468
      vertex 65.9437 57.5356 5.468
    endloop
  endfacet
  facet normal 0 0 1
    outer loop
      vertex 65.63 57.551 5.468
      vertex 65.63 55.451 5.468
      vertex 65.7378 55.4457 5.468
    endloop
  endfacet
  facet normal 0 0 1
    outer loop
      vertex 65.63 57.551 5.468
      vertex 65.5222 55.4457 5.468
      vertex 65.63 55.451 5.468
    endloop
  endfacet
  facet normal -0 0 1
    outer loop
      vertex 65.3163 57.5356 5.468
      vertex 65.5222 55.4457 5.468
      vertex 65.63 57.551 5.468
    endloop
  endfacet
  facet normal 0 0 1
    outer loop
      vertex 65.5222 55.4457 5.468
      vertex 65.3163 57.5356 5.468
      vertex 65.4154 55.4299 5.468
    endloop
  endfacet
  facet normal -0 0 1
    outer loop
      vertex 65.0057 57.4895 5.468
      vertex 65.4154 55.4299 5.468
      vertex 65.3163 57.5356 5.468
    endloop
  endfacet
  facet normal 0 0 1
    outer loop
      vertex 65.4154 55.4299 5.468
      vertex 65.0057 57.4895 5.468
      vertex 65.3107 55.4036 5.468
    endloop
  endfacet
  facet normal -0 0 1
    outer loop
      vertex 64.7011 57.4132 5.468
      vertex 65.3107 55.4036 5.468
      vertex 65.0057 57.4895 5.468
    endloop
  endfacet
  facet normal 0 0 1
    outer loop
      vertex 65.3107 55.4036 5.468
      vertex 64.7011 57.4132 5.468
      vertex 65.209 55.3673 5.468
    endloop
  endfacet
  facet normal -0 0 1
    outer loop
      vertex 64.4054 57.3074 5.468
      vertex 65.209 55.3673 5.468
      vertex 64.7011 57.4132 5.468
    endloop
  endfacet
  facet normal 0 0 1
    outer loop
      vertex 65.209 55.3673 5.468
      vertex 64.4054 57.3074 5.468
      vertex 65.1115 55.3211 5.468
    endloop
  endfacet
  facet normal -0 0 1
    outer loop
      vertex 64.1215 57.1731 5.468
      vertex 65.1115 55.3211 5.468
      vertex 64.4054 57.3074 5.468
    endloop
  endfacet
  facet normal 0 0 1
    outer loop
      vertex 65.1115 55.3211 5.468
      vertex 64.1215 57.1731 5.468
      vertex 65.0189 55.2656 5.468
    endloop
  endfacet
  facet normal -0 0 1
    outer loop
      vertex 63.8522 57.0117 5.468
      vertex 65.0189 55.2656 5.468
      vertex 64.1215 57.1731 5.468
    endloop
  endfacet
  facet normal -0 0 1
    outer loop
      vertex 63.63 56.8469 5.468
      vertex 65.0189 55.2656 5.468
      vertex 63.8522 57.0117 5.468
    endloop
  endfacet
  facet normal 0 0 1
    outer loop
      vertex 65.0189 55.2656 5.468
      vertex 63.63 56.8469 5.468
      vertex 64.9322 55.2013 5.468
    endloop
  endfacet
  facet normal 0 0 1
    outer loop
      vertex 64.9322 55.2013 5.468
      vertex 63.63 56.8469 5.468
      vertex 64.8522 55.1288 5.468
    endloop
  endfacet
  facet normal 0 0 1
    outer loop
      vertex 64.8522 55.1288 5.468
      vertex 63.63 56.8469 5.468
      vertex 64.7797 55.0488 5.468
    endloop
  endfacet
  facet normal 0 0 1
    outer loop
      vertex 64.7797 55.0488 5.468
      vertex 63.63 56.8469 5.468
      vertex 64.7154 54.9621 5.468
    endloop
  endfacet
  facet normal 0 0 1
    outer loop
      vertex 64.7154 54.9621 5.468
      vertex 63.63 56.8469 5.468
      vertex 64.6599 54.8695 5.468
    endloop
  endfacet
  facet normal 0 0 1
    outer loop
      vertex 64.6137 54.7719 5.468
      vertex 63.63 56.8469 5.468
      vertex 64.5774 54.6703 5.468
    endloop
  endfacet
  facet normal 0 0 1
    outer loop
      vertex 64.6599 54.8695 5.468
      vertex 63.63 56.8469 5.468
      vertex 64.6137 54.7719 5.468
    endloop
  endfacet
  facet normal 0 0 1
    outer loop
      vertex 66.73 54.351 5.468
      vertex 68.83 54.351 5.468
      vertex 68.8146 54.6647 5.468
    endloop
  endfacet
  facet normal 0 0 1
    outer loop
      vertex 66.7247 54.4588 5.468
      vertex 68.8146 54.6647 5.468
      vertex 68.7685 54.9753 5.468
    endloop
  endfacet
  facet normal 0 0 1
    outer loop
      vertex 68.83 54.351 5.468
      vertex 66.73 54.351 5.468
      vertex 68.8146 54.0373 5.468
    endloop
  endfacet
  facet normal 0 0 1
    outer loop
      vertex 66.7247 54.4588 5.468
      vertex 68.7685 54.9753 5.468
      vertex 68.6922 55.2799 5.468
    endloop
  endfacet
  facet normal -0 0 1
    outer loop
      vertex 66.7247 54.2432 5.468
      vertex 68.8146 54.0373 5.468
      vertex 66.73 54.351 5.468
    endloop
  endfacet
  facet normal 0 0 1
    outer loop
      vertex 66.7247 54.4588 5.468
      vertex 68.6922 55.2799 5.468
      vertex 68.5864 55.5756 5.468
    endloop
  endfacet
  facet normal 0 0 1
    outer loop
      vertex 68.8146 54.0373 5.468
      vertex 66.7247 54.2432 5.468
      vertex 68.7685 53.7267 5.468
    endloop
  endfacet
  facet normal 0 0 1
    outer loop
      vertex 66.7247 54.4588 5.468
      vertex 68.5864 55.5756 5.468
      vertex 68.4521 55.8595 5.468
    endloop
  endfacet
  facet normal -0 0 1
    outer loop
      vertex 66.7089 54.1364 5.468
      vertex 68.7685 53.7267 5.468
      vertex 66.7247 54.2432 5.468
    endloop
  endfacet
  facet normal 0 0 1
    outer loop
      vertex 66.7247 54.4588 5.468
      vertex 68.4521 55.8595 5.468
      vertex 68.2907 56.1288 5.468
    endloop
  endfacet
  facet normal 0 0 1
    outer loop
      vertex 68.7685 53.7267 5.468
      vertex 66.7089 54.1364 5.468
      vertex 68.6922 53.4221 5.468
    endloop
  endfacet
  facet normal -0 0 1
    outer loop
      vertex 66.6826 54.0317 5.468
      vertex 68.6922 53.4221 5.468
      vertex 66.7089 54.1364 5.468
    endloop
  endfacet
  facet normal 0 0 1
    outer loop
      vertex 66.7247 54.4588 5.468
      vertex 68.2907 56.1288 5.468
      vertex 68.1036 56.3811 5.468
    endloop
  endfacet
  facet normal 0 0 1
    outer loop
      vertex 66.7247 54.4588 5.468
      vertex 68.1036 56.3811 5.468
      vertex 67.8927 56.6137 5.468
    endloop
  endfacet
  facet normal 0 0 1
    outer loop
      vertex 66.7247 54.4588 5.468
      vertex 67.8927 56.6137 5.468
      vertex 67.6601 56.8246 5.468
    endloop
  endfacet
  facet normal 0 0 1
    outer loop
      vertex 66.7247 54.4588 5.468
      vertex 67.6601 56.8246 5.468
      vertex 67.4078 57.0117 5.468
    endloop
  endfacet
  facet normal 0 0 1
    outer loop
      vertex 66.7247 54.4588 5.468
      vertex 67.4078 57.0117 5.468
      vertex 67.1385 57.1731 5.468
    endloop
  endfacet
  facet normal 0 0 1
    outer loop
      vertex 66.1485 55.3211 5.468
      vertex 67.1385 57.1731 5.468
      vertex 66.8546 57.3074 5.468
    endloop
  endfacet
  facet normal 0 0 1
    outer loop
      vertex 68.6922 53.4221 5.468
      vertex 66.6826 54.0317 5.468
      vertex 68.5864 53.1264 5.468
    endloop
  endfacet
  facet normal -0 0 1
    outer loop
      vertex 66.6463 53.93 5.468
      vertex 68.5864 53.1264 5.468
      vertex 66.6826 54.0317 5.468
    endloop
  endfacet
  facet normal 0 0 1
    outer loop
      vertex 68.5864 53.1264 5.468
      vertex 66.6463 53.93 5.468
      vertex 68.4521 52.8425 5.468
    endloop
  endfacet
  facet normal -0 0 1
    outer loop
      vertex 66.6001 53.8325 5.468
      vertex 68.4521 52.8425 5.468
      vertex 66.6463 53.93 5.468
    endloop
  endfacet
  facet normal 0 0 1
    outer loop
      vertex 68.4521 52.8425 5.468
      vertex 66.6001 53.8325 5.468
      vertex 68.2907 52.5732 5.468
    endloop
  endfacet
  facet normal -0 0 1
    outer loop
      vertex 66.5446 53.7399 5.468
      vertex 68.2907 52.5732 5.468
      vertex 66.6001 53.8325 5.468
    endloop
  endfacet
  facet normal 0 0 1
    outer loop
      vertex 68.2907 52.5732 5.468
      vertex 66.5446 53.7399 5.468
      vertex 68.1259 52.351 5.468
    endloop
  endfacet
  facet normal -0 0 1
    outer loop
      vertex 66.4803 53.6532 5.468
      vertex 68.1259 52.351 5.468
      vertex 66.5446 53.7399 5.468
    endloop
  endfacet
  facet normal -0 0 1
    outer loop
      vertex 66.4078 53.5732 5.468
      vertex 68.1259 52.351 5.468
      vertex 66.4803 53.6532 5.468
    endloop
  endfacet
  facet normal -0 0 1
    outer loop
      vertex 66.3278 53.5007 5.468
      vertex 68.1259 52.351 5.468
      vertex 66.4078 53.5732 5.468
    endloop
  endfacet
  facet normal -0 0 1
    outer loop
      vertex 66.2411 53.4364 5.468
      vertex 68.1259 52.351 5.468
      vertex 66.3278 53.5007 5.468
    endloop
  endfacet
  facet normal -0 0 1
    outer loop
      vertex 66.1485 53.3809 5.468
      vertex 68.1259 52.351 5.468
      vertex 66.2411 53.4364 5.468
    endloop
  endfacet
  facet normal -0 0 1
    outer loop
      vertex 66.0509 53.3347 5.468
      vertex 68.1259 52.351 5.468
      vertex 66.1485 53.3809 5.468
    endloop
  endfacet
  facet normal -0 0 1
    outer loop
      vertex 65.9493 53.2984 5.468
      vertex 68.1259 52.351 5.468
      vertex 66.0509 53.3347 5.468
    endloop
  endfacet
  facet normal -0 0 1
    outer loop
      vertex 65.8446 53.2721 5.468
      vertex 68.1259 52.351 5.468
      vertex 65.9493 53.2984 5.468
    endloop
  endfacet
  facet normal -0 0 1
    outer loop
      vertex 65.7378 53.2563 5.468
      vertex 68.1259 52.351 5.468
      vertex 65.8446 53.2721 5.468
    endloop
  endfacet
  facet normal 0 0 1
    outer loop
      vertex 63.63 52.351 5.468
      vertex 65.7378 53.2563 5.468
      vertex 65.63 53.251 5.468
    endloop
  endfacet
  facet normal 0 0 1
    outer loop
      vertex 63.63 52.351 5.468
      vertex 65.63 53.251 5.468
      vertex 65.5222 53.2563 5.468
    endloop
  endfacet
  facet normal 0 0 1
    outer loop
      vertex 63.63 52.351 5.468
      vertex 65.5222 53.2563 5.468
      vertex 65.4154 53.2721 5.468
    endloop
  endfacet
  facet normal 0 0 1
    outer loop
      vertex 63.63 52.351 5.468
      vertex 65.4154 53.2721 5.468
      vertex 65.3107 53.2984 5.468
    endloop
  endfacet
  facet normal 0 0 1
    outer loop
      vertex 64.5774 54.6703 5.468
      vertex 63.63 56.8469 5.468
      vertex 64.5511 54.5656 5.468
    endloop
  endfacet
  facet normal 0 0 1
    outer loop
      vertex 64.5511 54.5656 5.468
      vertex 63.63 56.8469 5.468
      vertex 64.5353 54.4588 5.468
    endloop
  endfacet
  facet normal 0 0 1
    outer loop
      vertex 63.63 52.351 5.468
      vertex 64.5353 54.4588 5.468
      vertex 63.63 56.8469 5.468
    endloop
  endfacet
  facet normal 0 0 1
    outer loop
      vertex 64.5353 54.4588 5.468
      vertex 63.63 52.351 5.468
      vertex 64.53 54.351 5.468
    endloop
  endfacet
  facet normal 0 0 1
    outer loop
      vertex 64.53 54.351 5.468
      vertex 63.63 52.351 5.468
      vertex 64.5353 54.2432 5.468
    endloop
  endfacet
  facet normal 0 0 1
    outer loop
      vertex 64.5353 54.2432 5.468
      vertex 63.63 52.351 5.468
      vertex 64.5511 54.1364 5.468
    endloop
  endfacet
  facet normal 0 0 1
    outer loop
      vertex 65.7378 53.2563 5.468
      vertex 63.63 52.351 5.468
      vertex 68.1259 52.351 5.468
    endloop
  endfacet
  facet normal 0 0 1
    outer loop
      vertex 65.209 53.3347 5.468
      vertex 63.63 52.351 5.468
      vertex 65.3107 53.2984 5.468
    endloop
  endfacet
  facet normal 0 0 1
    outer loop
      vertex 65.1115 53.3809 5.468
      vertex 63.63 52.351 5.468
      vertex 65.209 53.3347 5.468
    endloop
  endfacet
  facet normal 0 0 1
    outer loop
      vertex 65.0189 53.4364 5.468
      vertex 63.63 52.351 5.468
      vertex 65.1115 53.3809 5.468
    endloop
  endfacet
  facet normal 0 0 1
    outer loop
      vertex 64.9322 53.5007 5.468
      vertex 63.63 52.351 5.468
      vertex 65.0189 53.4364 5.468
    endloop
  endfacet
  facet normal 0 0 1
    outer loop
      vertex 64.8522 53.5732 5.468
      vertex 63.63 52.351 5.468
      vertex 64.9322 53.5007 5.468
    endloop
  endfacet
  facet normal 0 0 1
    outer loop
      vertex 64.7797 53.6532 5.468
      vertex 63.63 52.351 5.468
      vertex 64.8522 53.5732 5.468
    endloop
  endfacet
  facet normal 0 0 1
    outer loop
      vertex 64.7154 53.7399 5.468
      vertex 63.63 52.351 5.468
      vertex 64.7797 53.6532 5.468
    endloop
  endfacet
  facet normal 0 0 1
    outer loop
      vertex 64.6599 53.8325 5.468
      vertex 63.63 52.351 5.468
      vertex 64.7154 53.7399 5.468
    endloop
  endfacet
  facet normal 0 0 1
    outer loop
      vertex 64.6137 53.93 5.468
      vertex 63.63 52.351 5.468
      vertex 64.6599 53.8325 5.468
    endloop
  endfacet
  facet normal 0 0 1
    outer loop
      vertex 64.5774 54.0317 5.468
      vertex 63.63 52.351 5.468
      vertex 64.6137 53.93 5.468
    endloop
  endfacet
  facet normal 0 0 1
    outer loop
      vertex 64.5511 54.1364 5.468
      vertex 63.63 52.351 5.468
      vertex 64.5774 54.0317 5.468
    endloop
  endfacet
  facet normal -1 0 0
    outer loop
      vertex 63.63 52.351 2
      vertex 63.63 56.8469 5.468
      vertex 63.63 56.8469 2
    endloop
  endfacet
  facet normal -1 -0 0
    outer loop
      vertex 63.63 56.8469 5.468
      vertex 63.63 52.351 2
      vertex 63.63 52.351 5.468
    endloop
  endfacet
  facet normal 0 -1 0
    outer loop
      vertex 63.63 52.351 2
      vertex 68.1259 52.351 5.468
      vertex 63.63 52.351 5.468
    endloop
  endfacet
  facet normal 0 -1 -0
    outer loop
      vertex 68.1259 52.351 5.468
      vertex 63.63 52.351 2
      vertex 68.1259 52.351 2
    endloop
  endfacet
  facet normal 0.707107 0.707107 -0
    outer loop
      vertex 87.8503 27.1766 2
      vertex 86.5775 28.4494 5
      vertex 87.8503 27.1766 5
    endloop
  endfacet
  facet normal 0.707107 0.707107 0
    outer loop
      vertex 86.5775 28.4494 5
      vertex 87.8503 27.1766 2
      vertex 86.5775 28.4494 2
    endloop
  endfacet
  facet normal 0 0 1
    outer loop
      vertex 86.5775 28.4494 5
      vertex 82.1934 21.5197 5
      vertex 87.8503 27.1766 5
    endloop
  endfacet
  facet normal 0 -0 1
    outer loop
      vertex 82.1934 21.5197 5
      vertex 86.5775 28.4494 5
      vertex 80.9206 22.7925 5
    endloop
  endfacet
  facet normal -0.707107 -0.707107 0
    outer loop
      vertex 80.9206 22.7925 2
      vertex 82.1934 21.5197 5
      vertex 80.9206 22.7925 5
    endloop
  endfacet
  facet normal -0.707107 -0.707107 -0
    outer loop
      vertex 82.1934 21.5197 5
      vertex 80.9206 22.7925 2
      vertex 82.1934 21.5197 2
    endloop
  endfacet
  facet normal -0.707107 0.707107 0
    outer loop
      vertex 80.9206 22.7925 2
      vertex 86.5775 28.4494 5
      vertex 86.5775 28.4494 2
    endloop
  endfacet
  facet normal -0.707107 0.707107 0
    outer loop
      vertex 86.5775 28.4494 5
      vertex 80.9206 22.7925 2
      vertex 80.9206 22.7925 5
    endloop
  endfacet
  facet normal 0.707107 -0.707107 0
    outer loop
      vertex 82.1934 21.5197 5
      vertex 87.8503 27.1766 2
      vertex 87.8503 27.1766 5
    endloop
  endfacet
  facet normal 0.707107 -0.707107 0
    outer loop
      vertex 87.8503 27.1766 2
      vertex 82.1934 21.5197 5
      vertex 82.1934 21.5197 2
    endloop
  endfacet
  facet normal 0.707107 0.707107 0
    outer loop
      vertex 76.8194 38.2075 5
      vertex 75.5466 39.4803 2
      vertex 75.5466 39.4803 5
    endloop
  endfacet
  facet normal 0.707107 0.707107 0
    outer loop
      vertex 75.5466 39.4803 2
      vertex 76.8194 38.2075 5
      vertex 76.8194 38.2075 2
    endloop
  endfacet
  facet normal 0 0 1
    outer loop
      vertex 75.5466 39.4803 5
      vertex 71.1625 32.5506 5
      vertex 76.8194 38.2075 5
    endloop
  endfacet
  facet normal 0 -0 1
    outer loop
      vertex 71.1625 32.5506 5
      vertex 75.5466 39.4803 5
      vertex 69.8897 33.8234 5
    endloop
  endfacet
  facet normal -0.707107 -0.707107 0
    outer loop
      vertex 71.1625 32.5506 2
      vertex 69.8897 33.8234 5
      vertex 69.8897 33.8234 2
    endloop
  endfacet
  facet normal -0.707107 -0.707107 0
    outer loop
      vertex 69.8897 33.8234 5
      vertex 71.1625 32.5506 2
      vertex 71.1625 32.5506 5
    endloop
  endfacet
  facet normal -0.707107 0.707107 0
    outer loop
      vertex 69.8897 33.8234 2
      vertex 75.5466 39.4803 5
      vertex 75.5466 39.4803 2
    endloop
  endfacet
  facet normal -0.707107 0.707107 0
    outer loop
      vertex 75.5466 39.4803 5
      vertex 69.8897 33.8234 2
      vertex 69.8897 33.8234 5
    endloop
  endfacet
  facet normal 0.707107 -0.707107 0
    outer loop
      vertex 71.1625 32.5506 5
      vertex 76.8194 38.2075 2
      vertex 76.8194 38.2075 5
    endloop
  endfacet
  facet normal 0.707107 -0.707107 0
    outer loop
      vertex 76.8194 38.2075 2
      vertex 71.1625 32.5506 5
      vertex 71.1625 32.5506 2
    endloop
  endfacet
  facet normal 0 0 1
    outer loop
      vertex 12.35 50.001 2
      vertex 3.44407 8.853 2
      vertex 12.35 11.101 2
    endloop
  endfacet
  facet normal 0 0 1
    outer loop
      vertex 12.35 11.101 2
      vertex 3.44407 8.853 2
      vertex 7.94 8.853 2
    endloop
  endfacet
  facet normal 0 0 1
    outer loop
      vertex -2 57.0491 2
      vertex 3.44407 52.351 2
      vertex 3.2793 52.5732 2
    endloop
  endfacet
  facet normal 0 0 1
    outer loop
      vertex 3.44407 52.351 2
      vertex -2 57.0491 2
      vertex 3.44407 8.853 2
    endloop
  endfacet
  facet normal 0 0 1
    outer loop
      vertex -2 57.0491 2
      vertex 3.2793 52.5732 2
      vertex 3.11785 52.8425 2
    endloop
  endfacet
  facet normal 0 0 1
    outer loop
      vertex -2 3.95091 2
      vertex 3.44407 8.853 2
      vertex -2 57.0491 2
    endloop
  endfacet
  facet normal 0 0 1
    outer loop
      vertex -2 57.0491 2
      vertex 3.11785 52.8425 2
      vertex 2.98359 53.1264 2
    endloop
  endfacet
  facet normal 0 0 1
    outer loop
      vertex 3.44407 8.853 2
      vertex -2 3.95091 2
      vertex 3.2793 8.63082 2
    endloop
  endfacet
  facet normal 0 0 1
    outer loop
      vertex -2 57.0491 2
      vertex 2.98359 53.1264 2
      vertex 2.87779 53.4221 2
    endloop
  endfacet
  facet normal 0 0 1
    outer loop
      vertex 3.2793 8.63082 2
      vertex -2 3.95091 2
      vertex 3.11785 8.36147 2
    endloop
  endfacet
  facet normal 0 0 1
    outer loop
      vertex -2 57.0491 2
      vertex 2.87779 53.4221 2
      vertex 2.80149 53.7267 2
    endloop
  endfacet
  facet normal 0 0 1
    outer loop
      vertex 3.11785 8.36147 2
      vertex -2 3.95091 2
      vertex 2.98359 8.07759 2
    endloop
  endfacet
  facet normal 0 0 1
    outer loop
      vertex -2 57.0491 2
      vertex 2.80149 53.7267 2
      vertex 2.75541 54.0373 2
    endloop
  endfacet
  facet normal 0 0 1
    outer loop
      vertex 2.98359 8.07759 2
      vertex -2 3.95091 2
      vertex 2.87779 7.78191 2
    endloop
  endfacet
  facet normal 0 0 1
    outer loop
      vertex -2 57.0491 2
      vertex 2.75541 54.0373 2
      vertex 2.74 54.351 2
    endloop
  endfacet
  facet normal 0 0 1
    outer loop
      vertex 2.87779 7.78191 2
      vertex -2 3.95091 2
      vertex 2.80149 7.47729 2
    endloop
  endfacet
  facet normal 0 0 1
    outer loop
      vertex 68.4521 52.8425 2
      vertex 69.5899 53.0555 2
      vertex 68.5864 53.1264 2
    endloop
  endfacet
  facet normal 0 0 1
    outer loop
      vertex 69.8897 33.8234 2
      vertex 68.8146 7.16665 2
      vertex 68.83 6.853 2
    endloop
  endfacet
  facet normal 0 0 1
    outer loop
      vertex 69.5899 53.0555 2
      vertex 68.4521 52.8425 2
      vertex 69.7945 52.7796 2
    endloop
  endfacet
  facet normal 0 0 1
    outer loop
      vertex 69.8897 33.8234 2
      vertex 68.7685 7.47729 2
      vertex 68.8146 7.16665 2
    endloop
  endfacet
  facet normal 0 0 1
    outer loop
      vertex 68.2907 52.5732 2
      vertex 69.7945 52.7796 2
      vertex 68.4521 52.8425 2
    endloop
  endfacet
  facet normal 0 0 1
    outer loop
      vertex 69.8897 33.8234 2
      vertex 68.6922 7.78191 2
      vertex 68.7685 7.47729 2
    endloop
  endfacet
  facet normal 0 0 1
    outer loop
      vertex 69.7945 52.7796 2
      vertex 68.2907 52.5732 2
      vertex 70.0251 52.5251 2
    endloop
  endfacet
  facet normal 0 0 1
    outer loop
      vertex 69.8897 33.8234 2
      vertex 68.5864 8.07759 2
      vertex 68.6922 7.78191 2
    endloop
  endfacet
  facet normal 0 0 1
    outer loop
      vertex 68.1259 52.351 2
      vertex 70.0251 52.5251 2
      vertex 68.2907 52.5732 2
    endloop
  endfacet
  facet normal 0 0 1
    outer loop
      vertex 69.8897 33.8234 2
      vertex 68.4521 8.36147 2
      vertex 68.5864 8.07759 2
    endloop
  endfacet
  facet normal 0 0 1
    outer loop
      vertex 70.0251 52.5251 2
      vertex 68.1259 52.351 2
      vertex 69.8897 33.8234 2
    endloop
  endfacet
  facet normal 0 0 1
    outer loop
      vertex 69.8897 33.8234 2
      vertex 68.2907 8.63082 2
      vertex 68.4521 8.36147 2
    endloop
  endfacet
  facet normal -0 0 1
    outer loop
      vertex 62.85 50.001 2
      vertex 69.8897 33.8234 2
      vertex 68.1259 52.351 2
    endloop
  endfacet
  facet normal 0 0 1
    outer loop
      vertex 69.8897 33.8234 2
      vertex 68.1259 8.853 2
      vertex 68.2907 8.63082 2
    endloop
  endfacet
  facet normal 0 0 1
    outer loop
      vertex 62.85 50.001 2
      vertex 68.1259 52.351 2
      vertex 63.63 52.351 2
    endloop
  endfacet
  facet normal 0 0 1
    outer loop
      vertex 62.85 11.101 2
      vertex 69.8897 33.8234 2
      vertex 62.85 50.001 2
    endloop
  endfacet
  facet normal 0 0 1
    outer loop
      vertex 85.0869 6.34306 2
      vertex 75.9831 6.34306 2
      vertex 76 6 2
    endloop
  endfacet
  facet normal 0 0 1
    outer loop
      vertex 76.2537 27.8837 2
      vertex 75.9327 6.68282 2
      vertex 75.9831 6.34306 2
    endloop
  endfacet
  facet normal 0 0 1
    outer loop
      vertex 76.2537 27.8837 2
      vertex 75.8493 7.016 2
      vertex 75.9327 6.68282 2
    endloop
  endfacet
  facet normal 0 0 1
    outer loop
      vertex 71.1606 9.23358 2
      vertex 76.0099 28.1527 2
      vertex 75.7936 28.4444 2
    endloop
  endfacet
  facet normal 0 0 1
    outer loop
      vertex 76.2537 27.8837 2
      vertex 75.7336 7.33939 2
      vertex 75.8493 7.016 2
    endloop
  endfacet
  facet normal 0 0 1
    outer loop
      vertex 71.1625 32.5506 2
      vertex 75.7936 28.4444 2
      vertex 75.6069 28.7558 2
    endloop
  endfacet
  facet normal 0 0 1
    outer loop
      vertex 76.2537 27.8837 2
      vertex 75.5867 7.64989 2
      vertex 75.7336 7.33939 2
    endloop
  endfacet
  facet normal 0 0 1
    outer loop
      vertex 71.1625 32.5506 2
      vertex 75.6069 28.7558 2
      vertex 75.4516 29.0841 2
    endloop
  endfacet
  facet normal 0 0 1
    outer loop
      vertex 76.2537 27.8837 2
      vertex 75.4101 7.9445 2
      vertex 75.5867 7.64989 2
    endloop
  endfacet
  facet normal 0 0 1
    outer loop
      vertex 71.1625 32.5506 2
      vertex 75.4516 29.0841 2
      vertex 75.3293 29.4259 2
    endloop
  endfacet
  facet normal 0 0 1
    outer loop
      vertex 71.1625 32.5506 2
      vertex 75.3293 29.4259 2
      vertex 75.2411 29.7782 2
    endloop
  endfacet
  facet normal 0 0 1
    outer loop
      vertex 76.2537 27.8837 2
      vertex 75.2055 8.22038 2
      vertex 75.4101 7.9445 2
    endloop
  endfacet
  facet normal 0 0 1
    outer loop
      vertex 71.1625 32.5506 2
      vertex 75.2411 29.7782 2
      vertex 75.1878 30.1373 2
    endloop
  endfacet
  facet normal 0 0 1
    outer loop
      vertex 71.1625 32.5506 2
      vertex 75.1878 30.1373 2
      vertex 75.17 30.5 2
    endloop
  endfacet
  facet normal 0 0 1
    outer loop
      vertex 76.2537 27.8837 2
      vertex 74.9749 8.47487 2
      vertex 75.2055 8.22038 2
    endloop
  endfacet
  facet normal 0 0 1
    outer loop
      vertex 76.8194 38.2075 2
      vertex 76.8144 33.5764 2
      vertex 77.1258 33.7631 2
    endloop
  endfacet
  facet normal 0 0 1
    outer loop
      vertex 76.8194 38.2075 2
      vertex 76.5227 33.3601 2
      vertex 76.8144 33.5764 2
    endloop
  endfacet
  facet normal 0 0 1
    outer loop
      vertex 76.8194 38.2075 2
      vertex 76.2537 33.1163 2
      vertex 76.5227 33.3601 2
    endloop
  endfacet
  facet normal 0 0 1
    outer loop
      vertex 71.1625 32.5506 2
      vertex 76.2537 33.1163 2
      vertex 76.8194 38.2075 2
    endloop
  endfacet
  facet normal 0 0 1
    outer loop
      vertex 76.2537 33.1163 2
      vertex 71.1625 32.5506 2
      vertex 76.0099 32.8473 2
    endloop
  endfacet
  facet normal 0 0 1
    outer loop
      vertex 76.0099 32.8473 2
      vertex 71.1625 32.5506 2
      vertex 75.7936 32.5556 2
    endloop
  endfacet
  facet normal 0 0 1
    outer loop
      vertex 75.7936 32.5556 2
      vertex 71.1625 32.5506 2
      vertex 75.6069 32.2442 2
    endloop
  endfacet
  facet normal 0 0 1
    outer loop
      vertex 75.6069 32.2442 2
      vertex 71.1625 32.5506 2
      vertex 75.4516 31.9159 2
    endloop
  endfacet
  facet normal 0 0 1
    outer loop
      vertex 75.4516 31.9159 2
      vertex 71.1625 32.5506 2
      vertex 75.3293 31.5741 2
    endloop
  endfacet
  facet normal 0 0 1
    outer loop
      vertex 76.2537 27.8837 2
      vertex 74.7204 8.70554 2
      vertex 74.9749 8.47487 2
    endloop
  endfacet
  facet normal 0 0 1
    outer loop
      vertex 76.2537 27.8837 2
      vertex 74.4445 8.91014 2
      vertex 74.7204 8.70554 2
    endloop
  endfacet
  facet normal 0 0 1
    outer loop
      vertex 76.2537 27.8837 2
      vertex 74.1499 9.08672 2
      vertex 74.4445 8.91014 2
    endloop
  endfacet
  facet normal 0 0 1
    outer loop
      vertex 76.2537 27.8837 2
      vertex 73.8394 9.23358 2
      vertex 74.1499 9.08672 2
    endloop
  endfacet
  facet normal 0 0 1
    outer loop
      vertex 71.1625 32.5506 2
      vertex 75.17 30.5 2
      vertex 75.1878 30.8627 2
    endloop
  endfacet
  facet normal 0 0 1
    outer loop
      vertex 76.2537 27.8837 2
      vertex 73.516 9.34929 2
      vertex 73.8394 9.23358 2
    endloop
  endfacet
  facet normal 0 0 1
    outer loop
      vertex 76.2537 27.8837 2
      vertex 73.1828 9.43275 2
      vertex 73.516 9.34929 2
    endloop
  endfacet
  facet normal 0 0 1
    outer loop
      vertex 76.2537 27.8837 2
      vertex 72.8431 9.48315 2
      vertex 73.1828 9.43275 2
    endloop
  endfacet
  facet normal 0 0 1
    outer loop
      vertex 76.2537 27.8837 2
      vertex 72.5 9.5 2
      vertex 72.8431 9.48315 2
    endloop
  endfacet
  facet normal 0 0 1
    outer loop
      vertex 76.2537 27.8837 2
      vertex 72.1569 9.48315 2
      vertex 72.5 9.5 2
    endloop
  endfacet
  facet normal 0 0 1
    outer loop
      vertex 76.2537 27.8837 2
      vertex 71.8172 9.43275 2
      vertex 72.1569 9.48315 2
    endloop
  endfacet
  facet normal 0 0 1
    outer loop
      vertex 71.1625 32.5506 2
      vertex 75.1878 30.8627 2
      vertex 75.2411 31.2218 2
    endloop
  endfacet
  facet normal 0 0 1
    outer loop
      vertex 75.7936 28.4444 2
      vertex 71.1625 32.5506 2
      vertex 70.8501 9.08672 2
    endloop
  endfacet
  facet normal 0 0 1
    outer loop
      vertex 75.3293 31.5741 2
      vertex 71.1625 32.5506 2
      vertex 75.2411 31.2218 2
    endloop
  endfacet
  facet normal 0 0 1
    outer loop
      vertex 76.2537 27.8837 2
      vertex 71.484 9.34929 2
      vertex 71.8172 9.43275 2
    endloop
  endfacet
  facet normal 0 0 1
    outer loop
      vertex 76.0099 28.1527 2
      vertex 71.1606 9.23358 2
      vertex 71.484 9.34929 2
    endloop
  endfacet
  facet normal 0 0 1
    outer loop
      vertex 75.7936 28.4444 2
      vertex 70.8501 9.08672 2
      vertex 71.1606 9.23358 2
    endloop
  endfacet
  facet normal 0 0 1
    outer loop
      vertex 71.1625 32.5506 2
      vertex 70.5555 8.91014 2
      vertex 70.8501 9.08672 2
    endloop
  endfacet
  facet normal 0 0 1
    outer loop
      vertex 71.1625 32.5506 2
      vertex 70.2796 8.70554 2
      vertex 70.5555 8.91014 2
    endloop
  endfacet
  facet normal 0 0 1
    outer loop
      vertex 71.1625 32.5506 2
      vertex 70.0251 8.47487 2
      vertex 70.2796 8.70554 2
    endloop
  endfacet
  facet normal 0 0 1
    outer loop
      vertex 69.8897 33.8234 2
      vertex 70.0251 8.47487 2
      vertex 71.1625 32.5506 2
    endloop
  endfacet
  facet normal 0 0 1
    outer loop
      vertex 69.8897 33.8234 2
      vertex 69.7945 8.22038 2
      vertex 70.0251 8.47487 2
    endloop
  endfacet
  facet normal 0 0 1
    outer loop
      vertex 68.5864 53.1264 2
      vertex 69.4133 53.3501 2
      vertex 68.6922 53.4221 2
    endloop
  endfacet
  facet normal 0 0 1
    outer loop
      vertex 68.6922 53.4221 2
      vertex 69.2664 53.6606 2
      vertex 68.7685 53.7267 2
    endloop
  endfacet
  facet normal 0 0 1
    outer loop
      vertex 69.8897 33.8234 2
      vertex 69.5899 7.9445 2
      vertex 69.7945 8.22038 2
    endloop
  endfacet
  facet normal 0 0 1
    outer loop
      vertex 69.1507 53.984 2
      vertex 68.7685 53.7267 2
      vertex 69.2664 53.6606 2
    endloop
  endfacet
  facet normal 0 0 1
    outer loop
      vertex 69.8897 33.8234 2
      vertex 68.83 6.853 2
      vertex 69.5899 7.9445 2
    endloop
  endfacet
  facet normal 0 0 1
    outer loop
      vertex 68.7685 53.7267 2
      vertex 69.1507 53.984 2
      vertex 68.8146 54.0373 2
    endloop
  endfacet
  facet normal 0 0 1
    outer loop
      vertex 69.5899 7.9445 2
      vertex 68.83 6.853 2
      vertex 69.4133 7.64989 2
    endloop
  endfacet
  facet normal 0 0 1
    outer loop
      vertex 69.0673 54.3172 2
      vertex 68.8146 54.0373 2
      vertex 69.1507 53.984 2
    endloop
  endfacet
  facet normal 0 0 1
    outer loop
      vertex 69.4133 7.64989 2
      vertex 68.83 6.853 2
      vertex 69.2664 7.33939 2
    endloop
  endfacet
  facet normal 0 0 1
    outer loop
      vertex 68.8146 54.0373 2
      vertex 69.0673 54.3172 2
      vertex 68.83 54.351 2
    endloop
  endfacet
  facet normal 0 0 1
    outer loop
      vertex 69.2664 53.6606 2
      vertex 68.6922 53.4221 2
      vertex 69.4133 53.3501 2
    endloop
  endfacet
  facet normal -0 0 1
    outer loop
      vertex 68.83 54.351 2
      vertex 69.0673 54.3172 2
      vertex 69.0169 54.6569 2
    endloop
  endfacet
  facet normal 0 0 1
    outer loop
      vertex 69.2664 7.33939 2
      vertex 68.83 6.853 2
      vertex 69.1507 7.016 2
    endloop
  endfacet
  facet normal -0 0 1
    outer loop
      vertex 68.8146 54.6647 2
      vertex 69.0169 54.6569 2
      vertex 69 55 2
    endloop
  endfacet
  facet normal 0 0 1
    outer loop
      vertex 69.1507 7.016 2
      vertex 68.83 6.853 2
      vertex 69.0673 6.68282 2
    endloop
  endfacet
  facet normal 0 0 1
    outer loop
      vertex 75.5867 53.3501 2
      vertex 85.4833 53.3501 2
      vertex 75.7336 53.6606 2
    endloop
  endfacet
  facet normal 0 0 1
    outer loop
      vertex 85.4833 53.3501 2
      vertex 75.5867 53.3501 2
      vertex 85.6599 53.0555 2
    endloop
  endfacet
  facet normal 0 0 1
    outer loop
      vertex 75.4101 53.0555 2
      vertex 85.6599 53.0555 2
      vertex 75.5867 53.3501 2
    endloop
  endfacet
  facet normal 0 0 1
    outer loop
      vertex 85.6599 53.0555 2
      vertex 75.4101 53.0555 2
      vertex 85.8645 52.7796 2
    endloop
  endfacet
  facet normal 0 0 1
    outer loop
      vertex 75.2055 52.7796 2
      vertex 85.8645 52.7796 2
      vertex 75.4101 53.0555 2
    endloop
  endfacet
  facet normal 0 0 1
    outer loop
      vertex 85.8645 52.7796 2
      vertex 75.2055 52.7796 2
      vertex 86.0951 52.5251 2
    endloop
  endfacet
  facet normal 0 0 1
    outer loop
      vertex 74.9749 52.5251 2
      vertex 86.0951 52.5251 2
      vertex 75.2055 52.7796 2
    endloop
  endfacet
  facet normal 0 0 1
    outer loop
      vertex 86.0951 52.5251 2
      vertex 75.5466 39.4803 2
      vertex 76.8194 38.2075 2
    endloop
  endfacet
  facet normal 0 0 1
    outer loop
      vertex 86.0951 52.5251 2
      vertex 74.9749 52.5251 2
      vertex 75.5466 39.4803 2
    endloop
  endfacet
  facet normal -0 0 1
    outer loop
      vertex 74.7204 52.2945 2
      vertex 75.5466 39.4803 2
      vertex 74.9749 52.5251 2
    endloop
  endfacet
  facet normal -0 0 1
    outer loop
      vertex 74.4445 52.0899 2
      vertex 75.5466 39.4803 2
      vertex 74.7204 52.2945 2
    endloop
  endfacet
  facet normal -0 0 1
    outer loop
      vertex 74.1499 51.9133 2
      vertex 75.5466 39.4803 2
      vertex 74.4445 52.0899 2
    endloop
  endfacet
  facet normal -0 0 1
    outer loop
      vertex 73.8394 51.7664 2
      vertex 75.5466 39.4803 2
      vertex 74.1499 51.9133 2
    endloop
  endfacet
  facet normal -0 0 1
    outer loop
      vertex 73.516 51.6507 2
      vertex 75.5466 39.4803 2
      vertex 73.8394 51.7664 2
    endloop
  endfacet
  facet normal -0 0 1
    outer loop
      vertex 73.1828 51.5673 2
      vertex 75.5466 39.4803 2
      vertex 73.516 51.6507 2
    endloop
  endfacet
  facet normal -0 0 1
    outer loop
      vertex 72.8431 51.5169 2
      vertex 75.5466 39.4803 2
      vertex 73.1828 51.5673 2
    endloop
  endfacet
  facet normal -0 0 1
    outer loop
      vertex 72.5 51.5 2
      vertex 75.5466 39.4803 2
      vertex 72.8431 51.5169 2
    endloop
  endfacet
  facet normal 0 0 1
    outer loop
      vertex 72.1569 51.5169 2
      vertex 75.5466 39.4803 2
      vertex 72.5 51.5 2
    endloop
  endfacet
  facet normal 0 0 1
    outer loop
      vertex 71.8172 51.5673 2
      vertex 75.5466 39.4803 2
      vertex 72.1569 51.5169 2
    endloop
  endfacet
  facet normal 0 0 1
    outer loop
      vertex 71.484 51.6507 2
      vertex 75.5466 39.4803 2
      vertex 71.8172 51.5673 2
    endloop
  endfacet
  facet normal 0 0 1
    outer loop
      vertex 71.1606 51.7664 2
      vertex 75.5466 39.4803 2
      vertex 71.484 51.6507 2
    endloop
  endfacet
  facet normal 0 0 1
    outer loop
      vertex 70.8501 51.9133 2
      vertex 75.5466 39.4803 2
      vertex 71.1606 51.7664 2
    endloop
  endfacet
  facet normal 0 0 1
    outer loop
      vertex 69.8897 33.8234 2
      vertex 70.8501 51.9133 2
      vertex 70.5555 52.0899 2
    endloop
  endfacet
  facet normal 0 0 1
    outer loop
      vertex 69.8897 33.8234 2
      vertex 70.5555 52.0899 2
      vertex 70.2796 52.2945 2
    endloop
  endfacet
  facet normal 0 0 1
    outer loop
      vertex 69.8897 33.8234 2
      vertex 70.2796 52.2945 2
      vertex 70.0251 52.5251 2
    endloop
  endfacet
  facet normal 0 0 1
    outer loop
      vertex 70.8501 51.9133 2
      vertex 69.8897 33.8234 2
      vertex 75.5466 39.4803 2
    endloop
  endfacet
  facet normal 0 0 1
    outer loop
      vertex 69.4133 53.3501 2
      vertex 68.5864 53.1264 2
      vertex 69.5899 53.0555 2
    endloop
  endfacet
  facet normal 0 0 1
    outer loop
      vertex 91.9193 53.984 2
      vertex 95.57 57.0491 2
      vertex 92.0027 54.3172 2
    endloop
  endfacet
  facet normal 0 0 1
    outer loop
      vertex 95.57 3.95091 2
      vertex 92.0531 6.34306 2
      vertex 92.07 6 2
    endloop
  endfacet
  facet normal 0 0 1
    outer loop
      vertex 91.8036 53.6606 2
      vertex 95.57 57.0491 2
      vertex 91.9193 53.984 2
    endloop
  endfacet
  facet normal 0 0 1
    outer loop
      vertex 95.57 3.95091 2
      vertex 92.0027 6.68282 2
      vertex 92.0531 6.34306 2
    endloop
  endfacet
  facet normal 0 0 1
    outer loop
      vertex 91.6567 53.3501 2
      vertex 95.57 57.0491 2
      vertex 91.8036 53.6606 2
    endloop
  endfacet
  facet normal 0 0 1
    outer loop
      vertex 95.57 3.95091 2
      vertex 91.9193 7.016 2
      vertex 92.0027 6.68282 2
    endloop
  endfacet
  facet normal 0 0 1
    outer loop
      vertex 95.57 57.0491 2
      vertex 87.8503 27.1766 2
      vertex 95.57 3.95091 2
    endloop
  endfacet
  facet normal 0 0 1
    outer loop
      vertex 95.57 3.95091 2
      vertex 91.8036 7.33939 2
      vertex 91.9193 7.016 2
    endloop
  endfacet
  facet normal 0 0 1
    outer loop
      vertex 91.4801 53.0555 2
      vertex 95.57 57.0491 2
      vertex 91.6567 53.3501 2
    endloop
  endfacet
  facet normal -0 -0 1
    outer loop
      vertex 91.2755 8.22038 2
      vertex 95.57 3.95091 2
      vertex 87.8503 27.1766 2
    endloop
  endfacet
  facet normal 0 0 1
    outer loop
      vertex 91.2755 52.7796 2
      vertex 95.57 57.0491 2
      vertex 91.4801 53.0555 2
    endloop
  endfacet
  facet normal 0 0 1
    outer loop
      vertex 95.57 3.95091 2
      vertex 91.6567 7.64989 2
      vertex 91.8036 7.33939 2
    endloop
  endfacet
  facet normal 0 0 1
    outer loop
      vertex 95.57 57.0491 2
      vertex 91.2755 52.7796 2
      vertex 87.8503 27.1766 2
    endloop
  endfacet
  facet normal 0 0 1
    outer loop
      vertex 95.57 3.95091 2
      vertex 91.4801 7.9445 2
      vertex 91.6567 7.64989 2
    endloop
  endfacet
  facet normal 0 0 1
    outer loop
      vertex 87.8503 27.1766 2
      vertex 91.2755 52.7796 2
      vertex 91.0449 52.5251 2
    endloop
  endfacet
  facet normal 0 0 1
    outer loop
      vertex 95.57 3.95091 2
      vertex 91.2755 8.22038 2
      vertex 91.4801 7.9445 2
    endloop
  endfacet
  facet normal 0 0 1
    outer loop
      vertex 87.8503 27.1766 2
      vertex 91.0449 52.5251 2
      vertex 90.7904 52.2945 2
    endloop
  endfacet
  facet normal 0 0 1
    outer loop
      vertex 91.2755 8.22038 2
      vertex 87.8503 27.1766 2
      vertex 91.0449 8.47487 2
    endloop
  endfacet
  facet normal 0 0 1
    outer loop
      vertex 87.8503 27.1766 2
      vertex 90.7904 52.2945 2
      vertex 90.5145 52.0899 2
    endloop
  endfacet
  facet normal 0 0 1
    outer loop
      vertex 91.0449 8.47487 2
      vertex 87.8503 27.1766 2
      vertex 90.7904 8.70554 2
    endloop
  endfacet
  facet normal 0 0 1
    outer loop
      vertex 87.8503 27.1766 2
      vertex 90.5145 52.0899 2
      vertex 90.2199 51.9133 2
    endloop
  endfacet
  facet normal 0 0 1
    outer loop
      vertex 90.7904 8.70554 2
      vertex 87.8503 27.1766 2
      vertex 90.5145 8.91014 2
    endloop
  endfacet
  facet normal 0 0 1
    outer loop
      vertex 86.5775 28.4494 2
      vertex 90.2199 51.9133 2
      vertex 89.9094 51.7664 2
    endloop
  endfacet
  facet normal 0 0 1
    outer loop
      vertex 90.5145 8.91014 2
      vertex 87.8503 27.1766 2
      vertex 90.2199 9.08672 2
    endloop
  endfacet
  facet normal 0 0 1
    outer loop
      vertex 86.5775 28.4494 2
      vertex 89.9094 51.7664 2
      vertex 89.586 51.6507 2
    endloop
  endfacet
  facet normal 0 0 1
    outer loop
      vertex 90.2199 9.08672 2
      vertex 87.8503 27.1766 2
      vertex 89.9094 9.23358 2
    endloop
  endfacet
  facet normal 0 0 1
    outer loop
      vertex 86.5775 28.4494 2
      vertex 89.586 51.6507 2
      vertex 89.2528 51.5673 2
    endloop
  endfacet
  facet normal 0 0 1
    outer loop
      vertex 89.9094 9.23358 2
      vertex 87.8503 27.1766 2
      vertex 89.586 9.34929 2
    endloop
  endfacet
  facet normal 0 0 1
    outer loop
      vertex 86.5775 28.4494 2
      vertex 89.2528 51.5673 2
      vertex 88.9131 51.5169 2
    endloop
  endfacet
  facet normal 0 0 1
    outer loop
      vertex 89.586 9.34929 2
      vertex 87.8503 27.1766 2
      vertex 89.2528 9.43275 2
    endloop
  endfacet
  facet normal 0 0 1
    outer loop
      vertex 81.4863 33.1163 2
      vertex 88.9131 51.5169 2
      vertex 88.57 51.5 2
    endloop
  endfacet
  facet normal -0 0 1
    outer loop
      vertex 82.1934 21.5197 2
      vertex 89.2528 9.43275 2
      vertex 87.8503 27.1766 2
    endloop
  endfacet
  facet normal 0 0 1
    outer loop
      vertex 81.2173 33.3601 2
      vertex 88.57 51.5 2
      vertex 88.2269 51.5169 2
    endloop
  endfacet
  facet normal 0 0 1
    outer loop
      vertex 89.2528 9.43275 2
      vertex 82.1934 21.5197 2
      vertex 88.9131 9.48315 2
    endloop
  endfacet
  facet normal 0 0 1
    outer loop
      vertex 80.9256 33.5764 2
      vertex 88.2269 51.5169 2
      vertex 87.8872 51.5673 2
    endloop
  endfacet
  facet normal 0 0 1
    outer loop
      vertex 88.9131 9.48315 2
      vertex 82.1934 21.5197 2
      vertex 88.57 9.5 2
    endloop
  endfacet
  facet normal 0 0 1
    outer loop
      vertex 88.57 9.5 2
      vertex 82.1934 21.5197 2
      vertex 88.2269 9.48315 2
    endloop
  endfacet
  facet normal 0 0 1
    outer loop
      vertex 76.8194 38.2075 2
      vertex 87.8872 51.5673 2
      vertex 87.554 51.6507 2
    endloop
  endfacet
  facet normal 0 0 1
    outer loop
      vertex 76.8194 38.2075 2
      vertex 87.554 51.6507 2
      vertex 87.2306 51.7664 2
    endloop
  endfacet
  facet normal 0 0 1
    outer loop
      vertex 76.8194 38.2075 2
      vertex 87.2306 51.7664 2
      vertex 86.9201 51.9133 2
    endloop
  endfacet
  facet normal 0 0 1
    outer loop
      vertex 76.8194 38.2075 2
      vertex 86.9201 51.9133 2
      vertex 86.6255 52.0899 2
    endloop
  endfacet
  facet normal 0 0 1
    outer loop
      vertex 90.2199 51.9133 2
      vertex 86.5775 28.4494 2
      vertex 87.8503 27.1766 2
    endloop
  endfacet
  facet normal 0 0 1
    outer loop
      vertex 76.8194 38.2075 2
      vertex 86.6255 52.0899 2
      vertex 86.3496 52.2945 2
    endloop
  endfacet
  facet normal 0 0 1
    outer loop
      vertex 76.8194 38.2075 2
      vertex 86.3496 52.2945 2
      vertex 86.0951 52.5251 2
    endloop
  endfacet
  facet normal 0 0 1
    outer loop
      vertex 85.3364 53.6606 2
      vertex 75.7336 53.6606 2
      vertex 85.4833 53.3501 2
    endloop
  endfacet
  facet normal 0 0 1
    outer loop
      vertex 85.2207 53.984 2
      vertex 75.8493 53.984 2
      vertex 85.3364 53.6606 2
    endloop
  endfacet
  facet normal 0 0 1
    outer loop
      vertex 75.8493 53.984 2
      vertex 85.2207 53.984 2
      vertex 75.9327 54.3172 2
    endloop
  endfacet
  facet normal 0 0 1
    outer loop
      vertex 85.1373 54.3172 2
      vertex 75.9327 54.3172 2
      vertex 85.2207 53.984 2
    endloop
  endfacet
  facet normal 0 0 1
    outer loop
      vertex 75.9327 54.3172 2
      vertex 85.1373 54.3172 2
      vertex 75.9831 54.6569 2
    endloop
  endfacet
  facet normal 0 0 1
    outer loop
      vertex 85.0869 54.6569 2
      vertex 75.9831 54.6569 2
      vertex 85.1373 54.3172 2
    endloop
  endfacet
  facet normal 0 0 1
    outer loop
      vertex 75.9831 54.6569 2
      vertex 85.0869 54.6569 2
      vertex 76 55 2
    endloop
  endfacet
  facet normal -0 0 1
    outer loop
      vertex 76 55 2
      vertex 85.0869 54.6569 2
      vertex 85.07 55 2
    endloop
  endfacet
  facet normal 0 0 1
    outer loop
      vertex 88.9131 51.5169 2
      vertex 82.5522 30.8627 2
      vertex 86.5775 28.4494 2
    endloop
  endfacet
  facet normal -0 0 1
    outer loop
      vertex 82.5522 30.1373 2
      vertex 86.5775 28.4494 2
      vertex 82.57 30.5 2
    endloop
  endfacet
  facet normal -0 0 1
    outer loop
      vertex 82.4989 29.7782 2
      vertex 86.5775 28.4494 2
      vertex 82.5522 30.1373 2
    endloop
  endfacet
  facet normal -0 0 1
    outer loop
      vertex 82.4107 29.4259 2
      vertex 86.5775 28.4494 2
      vertex 82.4989 29.7782 2
    endloop
  endfacet
  facet normal -0 0 1
    outer loop
      vertex 82.2884 29.0841 2
      vertex 86.5775 28.4494 2
      vertex 82.4107 29.4259 2
    endloop
  endfacet
  facet normal -0 0 1
    outer loop
      vertex 82.1331 28.7558 2
      vertex 86.5775 28.4494 2
      vertex 82.2884 29.0841 2
    endloop
  endfacet
  facet normal 0 0 1
    outer loop
      vertex 81.9464 28.4444 2
      vertex 86.5775 28.4494 2
      vertex 82.1331 28.7558 2
    endloop
  endfacet
  facet normal 0 0 1
    outer loop
      vertex 81.7301 28.1527 2
      vertex 86.5775 28.4494 2
      vertex 81.9464 28.4444 2
    endloop
  endfacet
  facet normal 0 0 1
    outer loop
      vertex 81.4863 27.8837 2
      vertex 86.5775 28.4494 2
      vertex 81.7301 28.1527 2
    endloop
  endfacet
  facet normal 0 0 1
    outer loop
      vertex 80.9206 22.7925 2
      vertex 81.4863 27.8837 2
      vertex 81.2173 27.6399 2
    endloop
  endfacet
  facet normal 0 0 1
    outer loop
      vertex 80.9206 22.7925 2
      vertex 81.2173 27.6399 2
      vertex 80.9256 27.4236 2
    endloop
  endfacet
  facet normal -0 0 1
    outer loop
      vertex 81.4863 27.8837 2
      vertex 80.9206 22.7925 2
      vertex 86.5775 28.4494 2
    endloop
  endfacet
  facet normal 0 -0 1
    outer loop
      vertex 80.9206 22.7925 2
      vertex 80.9256 27.4236 2
      vertex 80.6142 27.2369 2
    endloop
  endfacet
  facet normal 0 0 1
    outer loop
      vertex 91.8036 56.3394 2
      vertex 95.57 57.0491 2
      vertex 95.5435 57.5883 2
    endloop
  endfacet
  facet normal 0 0 1
    outer loop
      vertex 92.0531 54.6569 2
      vertex 95.57 57.0491 2
      vertex 92.07 55 2
    endloop
  endfacet
  facet normal 0 0 1
    outer loop
      vertex 91.6567 56.6499 2
      vertex 95.5435 57.5883 2
      vertex 95.4571 58.171 2
    endloop
  endfacet
  facet normal 0 0 1
    outer loop
      vertex 92.0027 54.3172 2
      vertex 95.57 57.0491 2
      vertex 92.0531 54.6569 2
    endloop
  endfacet
  facet normal 0 0 1
    outer loop
      vertex 91.4801 56.9445 2
      vertex 95.4571 58.171 2
      vertex 95.3139 58.7424 2
    endloop
  endfacet
  facet normal -0 0 1
    outer loop
      vertex 92.0531 5.65694 2
      vertex 95.57 3.95091 2
      vertex 92.07 6 2
    endloop
  endfacet
  facet normal 0 0 1
    outer loop
      vertex 91.4801 56.9445 2
      vertex 95.3139 58.7424 2
      vertex 95.1155 59.297 2
    endloop
  endfacet
  facet normal -0 0 1
    outer loop
      vertex 92.0027 5.31718 2
      vertex 95.57 3.95091 2
      vertex 92.0531 5.65694 2
    endloop
  endfacet
  facet normal 0 0 1
    outer loop
      vertex 91.2755 57.2204 2
      vertex 95.1155 59.297 2
      vertex 94.8636 59.8295 2
    endloop
  endfacet
  facet normal -0 0 1
    outer loop
      vertex 91.9193 4.984 2
      vertex 95.57 3.95091 2
      vertex 92.0027 5.31718 2
    endloop
  endfacet
  facet normal 0 0 1
    outer loop
      vertex 91.0449 57.4749 2
      vertex 94.8636 59.8295 2
      vertex 94.5608 60.3347 2
    endloop
  endfacet
  facet normal -0 0 1
    outer loop
      vertex 91.8036 4.66061 2
      vertex 95.57 3.95091 2
      vertex 91.9193 4.984 2
    endloop
  endfacet
  facet normal 0 0 1
    outer loop
      vertex 91.0449 57.4749 2
      vertex 94.5608 60.3347 2
      vertex 94.2099 60.8079 2
    endloop
  endfacet
  facet normal 0 0 1
    outer loop
      vertex 95.57 3.95091 2
      vertex 91.8036 4.66061 2
      vertex 95.5435 3.41165 2
    endloop
  endfacet
  facet normal 0 0 1
    outer loop
      vertex 90.7904 57.7055 2
      vertex 94.2099 60.8079 2
      vertex 93.8143 61.2443 2
    endloop
  endfacet
  facet normal -0 0 1
    outer loop
      vertex 91.6567 4.35011 2
      vertex 95.5435 3.41165 2
      vertex 91.8036 4.66061 2
    endloop
  endfacet
  facet normal 0 0 1
    outer loop
      vertex 90.5145 57.9101 2
      vertex 93.8143 61.2443 2
      vertex 93.3779 61.6399 2
    endloop
  endfacet
  facet normal 0 0 1
    outer loop
      vertex 95.5435 3.41165 2
      vertex 91.6567 4.35011 2
      vertex 95.4571 2.82896 2
    endloop
  endfacet
  facet normal 0 0 1
    outer loop
      vertex 90.5145 57.9101 2
      vertex 93.3779 61.6399 2
      vertex 92.9048 61.9908 2
    endloop
  endfacet
  facet normal -0 0 1
    outer loop
      vertex 91.4801 4.0555 2
      vertex 95.4571 2.82896 2
      vertex 91.6567 4.35011 2
    endloop
  endfacet
  facet normal 0 0 1
    outer loop
      vertex 90.2199 58.0867 2
      vertex 92.9048 61.9908 2
      vertex 92.3995 62.2936 2
    endloop
  endfacet
  facet normal 0 0 1
    outer loop
      vertex 95.4571 2.82896 2
      vertex 91.4801 4.0555 2
      vertex 95.3139 2.25757 2
    endloop
  endfacet
  facet normal 0 0 1
    outer loop
      vertex 95.3139 2.25757 2
      vertex 91.4801 4.0555 2
      vertex 95.1155 1.70294 2
    endloop
  endfacet
  facet normal 0 0 1
    outer loop
      vertex 95.57 57.0491 2
      vertex 92.0531 55.3431 2
      vertex 92.07 55 2
    endloop
  endfacet
  facet normal 0 0 1
    outer loop
      vertex 95.57 57.0491 2
      vertex 92.0027 55.6828 2
      vertex 92.0531 55.3431 2
    endloop
  endfacet
  facet normal 0 0 1
    outer loop
      vertex 95.57 57.0491 2
      vertex 91.9193 56.016 2
      vertex 92.0027 55.6828 2
    endloop
  endfacet
  facet normal 0 0 1
    outer loop
      vertex 90.2199 58.0867 2
      vertex 92.3995 62.2936 2
      vertex 91.867 62.5455 2
    endloop
  endfacet
  facet normal 0 0 1
    outer loop
      vertex 95.57 57.0491 2
      vertex 91.8036 56.3394 2
      vertex 91.9193 56.016 2
    endloop
  endfacet
  facet normal 0 0 1
    outer loop
      vertex 95.5435 57.5883 2
      vertex 91.6567 56.6499 2
      vertex 91.8036 56.3394 2
    endloop
  endfacet
  facet normal 0 0 1
    outer loop
      vertex 95.4571 58.171 2
      vertex 91.4801 56.9445 2
      vertex 91.6567 56.6499 2
    endloop
  endfacet
  facet normal 0 0 1
    outer loop
      vertex 89.9094 58.2336 2
      vertex 91.867 62.5455 2
      vertex 91.3124 62.744 2
    endloop
  endfacet
  facet normal 0 0 1
    outer loop
      vertex 95.1155 59.297 2
      vertex 91.2755 57.2204 2
      vertex 91.4801 56.9445 2
    endloop
  endfacet
  facet normal 0 0 1
    outer loop
      vertex 94.8636 59.8295 2
      vertex 91.0449 57.4749 2
      vertex 91.2755 57.2204 2
    endloop
  endfacet
  facet normal 0 0 1
    outer loop
      vertex 94.2099 60.8079 2
      vertex 90.7904 57.7055 2
      vertex 91.0449 57.4749 2
    endloop
  endfacet
  facet normal 0 0 1
    outer loop
      vertex 89.586 58.3493 2
      vertex 91.3124 62.744 2
      vertex 90.741 62.8871 2
    endloop
  endfacet
  facet normal 0 0 1
    outer loop
      vertex 93.8143 61.2443 2
      vertex 90.5145 57.9101 2
      vertex 90.7904 57.7055 2
    endloop
  endfacet
  facet normal 0 0 1
    outer loop
      vertex 92.9048 61.9908 2
      vertex 90.2199 58.0867 2
      vertex 90.5145 57.9101 2
    endloop
  endfacet
  facet normal 0 0 1
    outer loop
      vertex 89.586 58.3493 2
      vertex 90.741 62.8871 2
      vertex 90.1584 62.9735 2
    endloop
  endfacet
  facet normal 0 0 1
    outer loop
      vertex 91.867 62.5455 2
      vertex 89.9094 58.2336 2
      vertex 90.2199 58.0867 2
    endloop
  endfacet
  facet normal 0 0 1
    outer loop
      vertex 89.2528 58.4327 2
      vertex 90.1584 62.9735 2
      vertex 89.6191 63 2
    endloop
  endfacet
  facet normal 0 0 1
    outer loop
      vertex 91.3124 62.744 2
      vertex 89.586 58.3493 2
      vertex 89.9094 58.2336 2
    endloop
  endfacet
  facet normal 0 0 1
    outer loop
      vertex 90.1584 62.9735 2
      vertex 89.2528 58.4327 2
      vertex 89.586 58.3493 2
    endloop
  endfacet
  facet normal 0 0 1
    outer loop
      vertex 89.6191 63 2
      vertex 88.9131 58.4831 2
      vertex 89.2528 58.4327 2
    endloop
  endfacet
  facet normal 0 0 1
    outer loop
      vertex 89.6191 63 2
      vertex 88.57 58.5 2
      vertex 88.9131 58.4831 2
    endloop
  endfacet
  facet normal 0 0 1
    outer loop
      vertex 89.6191 63 2
      vertex 88.2269 58.4831 2
      vertex 88.57 58.5 2
    endloop
  endfacet
  facet normal 0 0 1
    outer loop
      vertex 89.6191 63 2
      vertex 87.8872 58.4327 2
      vertex 88.2269 58.4831 2
    endloop
  endfacet
  facet normal 0 0 1
    outer loop
      vertex 89.6191 63 2
      vertex 87.554 58.3493 2
      vertex 87.8872 58.4327 2
    endloop
  endfacet
  facet normal 0 0 1
    outer loop
      vertex 89.6191 63 2
      vertex 87.2306 58.2336 2
      vertex 87.554 58.3493 2
    endloop
  endfacet
  facet normal 0 0 1
    outer loop
      vertex 89.6191 63 2
      vertex 86.9201 58.0867 2
      vertex 87.2306 58.2336 2
    endloop
  endfacet
  facet normal 0 0 1
    outer loop
      vertex 89.6191 63 2
      vertex 86.6255 57.9101 2
      vertex 86.9201 58.0867 2
    endloop
  endfacet
  facet normal 0 0 1
    outer loop
      vertex 89.6191 63 2
      vertex 86.3496 57.7055 2
      vertex 86.6255 57.9101 2
    endloop
  endfacet
  facet normal 0 0 1
    outer loop
      vertex 74.7204 57.7055 2
      vertex 86.3496 57.7055 2
      vertex 89.6191 63 2
    endloop
  endfacet
  facet normal 0 0 1
    outer loop
      vertex 86.3496 57.7055 2
      vertex 74.7204 57.7055 2
      vertex 86.0951 57.4749 2
    endloop
  endfacet
  facet normal 0 -0 1
    outer loop
      vertex 74.9749 57.4749 2
      vertex 86.0951 57.4749 2
      vertex 74.7204 57.7055 2
    endloop
  endfacet
  facet normal 0 0 1
    outer loop
      vertex 76 55 2
      vertex 85.07 55 2
      vertex 85.0869 55.3431 2
    endloop
  endfacet
  facet normal 0 0 1
    outer loop
      vertex 86.5775 28.4494 2
      vertex 82.5522 30.8627 2
      vertex 82.57 30.5 2
    endloop
  endfacet
  facet normal 0 0 1
    outer loop
      vertex 88.9131 51.5169 2
      vertex 82.4989 31.2218 2
      vertex 82.5522 30.8627 2
    endloop
  endfacet
  facet normal 0 0 1
    outer loop
      vertex 88.9131 51.5169 2
      vertex 82.4107 31.5741 2
      vertex 82.4989 31.2218 2
    endloop
  endfacet
  facet normal 0 0 1
    outer loop
      vertex 88.9131 51.5169 2
      vertex 82.2884 31.9159 2
      vertex 82.4107 31.5741 2
    endloop
  endfacet
  facet normal 0 0 1
    outer loop
      vertex 88.9131 51.5169 2
      vertex 82.1331 32.2442 2
      vertex 82.2884 31.9159 2
    endloop
  endfacet
  facet normal 0 0 1
    outer loop
      vertex 88.9131 51.5169 2
      vertex 81.9464 32.5556 2
      vertex 82.1331 32.2442 2
    endloop
  endfacet
  facet normal 0 0 1
    outer loop
      vertex 88.9131 51.5169 2
      vertex 81.7301 32.8473 2
      vertex 81.9464 32.5556 2
    endloop
  endfacet
  facet normal 0 0 1
    outer loop
      vertex 75.9831 55.3431 2
      vertex 85.0869 55.3431 2
      vertex 85.1373 55.6828 2
    endloop
  endfacet
  facet normal 0 0 1
    outer loop
      vertex 88.9131 51.5169 2
      vertex 81.4863 33.1163 2
      vertex 81.7301 32.8473 2
    endloop
  endfacet
  facet normal 0 0 1
    outer loop
      vertex 88.57 51.5 2
      vertex 81.2173 33.3601 2
      vertex 81.4863 33.1163 2
    endloop
  endfacet
  facet normal 0 0 1
    outer loop
      vertex 88.2269 51.5169 2
      vertex 80.9256 33.5764 2
      vertex 81.2173 33.3601 2
    endloop
  endfacet
  facet normal 0 0 1
    outer loop
      vertex 87.8872 51.5673 2
      vertex 76.8194 38.2075 2
      vertex 80.9256 33.5764 2
    endloop
  endfacet
  facet normal 0 0 1
    outer loop
      vertex 80.9256 33.5764 2
      vertex 76.8194 38.2075 2
      vertex 80.6142 33.7631 2
    endloop
  endfacet
  facet normal 0 0 1
    outer loop
      vertex 80.6142 33.7631 2
      vertex 76.8194 38.2075 2
      vertex 80.2859 33.9184 2
    endloop
  endfacet
  facet normal 0 0 1
    outer loop
      vertex 80.2859 33.9184 2
      vertex 76.8194 38.2075 2
      vertex 79.9441 34.0407 2
    endloop
  endfacet
  facet normal 0 0 1
    outer loop
      vertex 75.9327 55.6828 2
      vertex 85.1373 55.6828 2
      vertex 85.2207 56.016 2
    endloop
  endfacet
  facet normal 0 0 1
    outer loop
      vertex 79.9441 34.0407 2
      vertex 76.8194 38.2075 2
      vertex 79.5918 34.1289 2
    endloop
  endfacet
  facet normal 0 0 1
    outer loop
      vertex 79.5918 34.1289 2
      vertex 76.8194 38.2075 2
      vertex 79.2327 34.1822 2
    endloop
  endfacet
  facet normal 0 0 1
    outer loop
      vertex 79.2327 34.1822 2
      vertex 76.8194 38.2075 2
      vertex 78.87 34.2 2
    endloop
  endfacet
  facet normal 0 0 1
    outer loop
      vertex 78.87 34.2 2
      vertex 76.8194 38.2075 2
      vertex 78.5073 34.1822 2
    endloop
  endfacet
  facet normal 0 0 1
    outer loop
      vertex 78.5073 34.1822 2
      vertex 76.8194 38.2075 2
      vertex 78.1482 34.1289 2
    endloop
  endfacet
  facet normal 0 0 1
    outer loop
      vertex 78.1482 34.1289 2
      vertex 76.8194 38.2075 2
      vertex 77.7959 34.0407 2
    endloop
  endfacet
  facet normal 0 0 1
    outer loop
      vertex 77.7959 34.0407 2
      vertex 76.8194 38.2075 2
      vertex 77.4541 33.9184 2
    endloop
  endfacet
  facet normal 0 0 1
    outer loop
      vertex 75.8493 56.016 2
      vertex 85.2207 56.016 2
      vertex 85.3364 56.3394 2
    endloop
  endfacet
  facet normal 0 0 1
    outer loop
      vertex 77.4541 33.9184 2
      vertex 76.8194 38.2075 2
      vertex 77.1258 33.7631 2
    endloop
  endfacet
  facet normal 0 0 1
    outer loop
      vertex 75.7336 53.6606 2
      vertex 85.3364 53.6606 2
      vertex 75.8493 53.984 2
    endloop
  endfacet
  facet normal 0 0 1
    outer loop
      vertex 75.7336 56.3394 2
      vertex 85.3364 56.3394 2
      vertex 85.4833 56.6499 2
    endloop
  endfacet
  facet normal 0 0 1
    outer loop
      vertex 75.5867 56.6499 2
      vertex 85.4833 56.6499 2
      vertex 85.6599 56.9445 2
    endloop
  endfacet
  facet normal 0 0 1
    outer loop
      vertex 86.0951 57.4749 2
      vertex 74.9749 57.4749 2
      vertex 85.8645 57.2204 2
    endloop
  endfacet
  facet normal 0 0 1
    outer loop
      vertex 85.0869 55.3431 2
      vertex 75.9831 55.3431 2
      vertex 76 55 2
    endloop
  endfacet
  facet normal 0 0 1
    outer loop
      vertex 85.1373 55.6828 2
      vertex 75.9327 55.6828 2
      vertex 75.9831 55.3431 2
    endloop
  endfacet
  facet normal 0 0 1
    outer loop
      vertex 85.2207 56.016 2
      vertex 75.8493 56.016 2
      vertex 75.9327 55.6828 2
    endloop
  endfacet
  facet normal 0 0 1
    outer loop
      vertex 85.3364 56.3394 2
      vertex 75.7336 56.3394 2
      vertex 75.8493 56.016 2
    endloop
  endfacet
  facet normal 0 0 1
    outer loop
      vertex 85.4833 56.6499 2
      vertex 75.5867 56.6499 2
      vertex 75.7336 56.3394 2
    endloop
  endfacet
  facet normal 0 0 1
    outer loop
      vertex 85.6599 56.9445 2
      vertex 75.4101 56.9445 2
      vertex 75.5867 56.6499 2
    endloop
  endfacet
  facet normal 0 0 1
    outer loop
      vertex 85.6599 56.9445 2
      vertex 75.2055 57.2204 2
      vertex 75.4101 56.9445 2
    endloop
  endfacet
  facet normal 0 0 1
    outer loop
      vertex 85.8645 57.2204 2
      vertex 75.2055 57.2204 2
      vertex 85.6599 56.9445 2
    endloop
  endfacet
  facet normal 0 -0 1
    outer loop
      vertex 75.2055 57.2204 2
      vertex 85.8645 57.2204 2
      vertex 74.9749 57.4749 2
    endloop
  endfacet
  facet normal 0 0 1
    outer loop
      vertex 89.6191 63 2
      vertex 74.4445 57.9101 2
      vertex 74.7204 57.7055 2
    endloop
  endfacet
  facet normal 0 0 1
    outer loop
      vertex 89.6191 63 2
      vertex 74.1499 58.0867 2
      vertex 74.4445 57.9101 2
    endloop
  endfacet
  facet normal 0 0 1
    outer loop
      vertex 89.6191 63 2
      vertex 73.8394 58.2336 2
      vertex 74.1499 58.0867 2
    endloop
  endfacet
  facet normal 0 0 1
    outer loop
      vertex 89.6191 63 2
      vertex 73.516 58.3493 2
      vertex 73.8394 58.2336 2
    endloop
  endfacet
  facet normal 0 0 1
    outer loop
      vertex 89.6191 63 2
      vertex 73.1828 58.4327 2
      vertex 73.516 58.3493 2
    endloop
  endfacet
  facet normal 0 0 1
    outer loop
      vertex 89.6191 63 2
      vertex 72.8431 58.4831 2
      vertex 73.1828 58.4327 2
    endloop
  endfacet
  facet normal 0 0 1
    outer loop
      vertex 89.6191 63 2
      vertex 72.5 58.5 2
      vertex 72.8431 58.4831 2
    endloop
  endfacet
  facet normal 0 0 1
    outer loop
      vertex 89.6191 63 2
      vertex 72.1569 58.4831 2
      vertex 72.5 58.5 2
    endloop
  endfacet
  facet normal 0 0 1
    outer loop
      vertex 89.6191 63 2
      vertex 71.8172 58.4327 2
      vertex 72.1569 58.4831 2
    endloop
  endfacet
  facet normal 0 0 1
    outer loop
      vertex 65.3163 57.5356 2
      vertex 71.8172 58.4327 2
      vertex 89.6191 63 2
    endloop
  endfacet
  facet normal 0 0 1
    outer loop
      vertex 68.8146 6.53935 2
      vertex 69.0673 6.68282 2
      vertex 68.83 6.853 2
    endloop
  endfacet
  facet normal -0 0 1
    outer loop
      vertex 68.6922 55.2799 2
      vertex 69 55 2
      vertex 69.0169 55.3431 2
    endloop
  endfacet
  facet normal -0 0 1
    outer loop
      vertex 68.5864 55.5756 2
      vertex 69.0169 55.3431 2
      vertex 69.0673 55.6828 2
    endloop
  endfacet
  facet normal 0 0 1
    outer loop
      vertex 69.0169 54.6569 2
      vertex 68.8146 54.6647 2
      vertex 68.83 54.351 2
    endloop
  endfacet
  facet normal 0 0 1
    outer loop
      vertex 69 55 2
      vertex 68.7685 54.9753 2
      vertex 68.8146 54.6647 2
    endloop
  endfacet
  facet normal -0 0 1
    outer loop
      vertex 68.4521 55.8595 2
      vertex 69.0673 55.6828 2
      vertex 69.1507 56.016 2
    endloop
  endfacet
  facet normal -0 0 1
    outer loop
      vertex 68.2907 56.1288 2
      vertex 69.1507 56.016 2
      vertex 69.2664 56.3394 2
    endloop
  endfacet
  facet normal 0 0 1
    outer loop
      vertex 69 55 2
      vertex 68.6922 55.2799 2
      vertex 68.7685 54.9753 2
    endloop
  endfacet
  facet normal -0 0 1
    outer loop
      vertex 68.1036 56.3811 2
      vertex 69.2664 56.3394 2
      vertex 69.4133 56.6499 2
    endloop
  endfacet
  facet normal 0 0 1
    outer loop
      vertex 69.0169 55.3431 2
      vertex 68.5864 55.5756 2
      vertex 68.6922 55.2799 2
    endloop
  endfacet
  facet normal 0 0 1
    outer loop
      vertex 67.8927 56.6137 2
      vertex 69.4133 56.6499 2
      vertex 69.5899 56.9445 2
    endloop
  endfacet
  facet normal 0 0 1
    outer loop
      vertex 69.0673 55.6828 2
      vertex 68.4521 55.8595 2
      vertex 68.5864 55.5756 2
    endloop
  endfacet
  facet normal 0 0 1
    outer loop
      vertex 67.6601 56.8246 2
      vertex 69.5899 56.9445 2
      vertex 69.7945 57.2204 2
    endloop
  endfacet
  facet normal 0 0 1
    outer loop
      vertex 67.4078 57.0117 2
      vertex 69.7945 57.2204 2
      vertex 70.0251 57.4749 2
    endloop
  endfacet
  facet normal 0 0 1
    outer loop
      vertex 69.1507 56.016 2
      vertex 68.2907 56.1288 2
      vertex 68.4521 55.8595 2
    endloop
  endfacet
  facet normal 0 0 1
    outer loop
      vertex 67.1385 57.1731 2
      vertex 70.0251 57.4749 2
      vertex 70.2796 57.7055 2
    endloop
  endfacet
  facet normal 0 0 1
    outer loop
      vertex 69.2664 56.3394 2
      vertex 68.1036 56.3811 2
      vertex 68.2907 56.1288 2
    endloop
  endfacet
  facet normal 0 0 1
    outer loop
      vertex 66.8546 57.3074 2
      vertex 70.2796 57.7055 2
      vertex 70.5555 57.9101 2
    endloop
  endfacet
  facet normal 0 0 1
    outer loop
      vertex 69.4133 56.6499 2
      vertex 67.8927 56.6137 2
      vertex 68.1036 56.3811 2
    endloop
  endfacet
  facet normal 0 0 1
    outer loop
      vertex 66.5589 57.4132 2
      vertex 70.5555 57.9101 2
      vertex 70.8501 58.0867 2
    endloop
  endfacet
  facet normal 0 0 1
    outer loop
      vertex 69.5899 56.9445 2
      vertex 67.6601 56.8246 2
      vertex 67.8927 56.6137 2
    endloop
  endfacet
  facet normal 0 0 1
    outer loop
      vertex 66.2543 57.4895 2
      vertex 70.8501 58.0867 2
      vertex 71.1606 58.2336 2
    endloop
  endfacet
  facet normal 0 0 1
    outer loop
      vertex 69.7945 57.2204 2
      vertex 67.4078 57.0117 2
      vertex 67.6601 56.8246 2
    endloop
  endfacet
  facet normal 0 0 1
    outer loop
      vertex 65.9437 57.5356 2
      vertex 71.1606 58.2336 2
      vertex 71.484 58.3493 2
    endloop
  endfacet
  facet normal 0 0 1
    outer loop
      vertex 70.0251 57.4749 2
      vertex 67.1385 57.1731 2
      vertex 67.4078 57.0117 2
    endloop
  endfacet
  facet normal 0 0 1
    outer loop
      vertex 70.2796 57.7055 2
      vertex 66.8546 57.3074 2
      vertex 67.1385 57.1731 2
    endloop
  endfacet
  facet normal 0 -0 1
    outer loop
      vertex 65.63 57.551 2
      vertex 71.8172 58.4327 2
      vertex 65.3163 57.5356 2
    endloop
  endfacet
  facet normal 0 0 1
    outer loop
      vertex 70.5555 57.9101 2
      vertex 66.5589 57.4132 2
      vertex 66.8546 57.3074 2
    endloop
  endfacet
  facet normal 0 0 1
    outer loop
      vertex 70.8501 58.0867 2
      vertex 66.2543 57.4895 2
      vertex 66.5589 57.4132 2
    endloop
  endfacet
  facet normal 0 0 1
    outer loop
      vertex 71.1606 58.2336 2
      vertex 65.9437 57.5356 2
      vertex 66.2543 57.4895 2
    endloop
  endfacet
  facet normal 0 0 1
    outer loop
      vertex 71.484 58.3493 2
      vertex 65.63 57.551 2
      vertex 65.9437 57.5356 2
    endloop
  endfacet
  facet normal 0 0 1
    outer loop
      vertex 71.8172 58.4327 2
      vertex 65.63 57.551 2
      vertex 71.484 58.3493 2
    endloop
  endfacet
  facet normal -0 0 1
    outer loop
      vertex 3.95088 63 2
      vertex 65.3163 57.5356 2
      vertex 89.6191 63 2
    endloop
  endfacet
  facet normal 0 0 1
    outer loop
      vertex 62.85 50.001 2
      vertex 63.63 52.351 2
      vertex 63.63 56.8469 2
    endloop
  endfacet
  facet normal 0 0 1
    outer loop
      vertex 69.8897 33.8234 2
      vertex 62.85 11.101 2
      vertex 68.1259 8.853 2
    endloop
  endfacet
  facet normal 0 0 1
    outer loop
      vertex 68.1259 8.853 2
      vertex 62.85 11.101 2
      vertex 63.63 8.853 2
    endloop
  endfacet
  facet normal 0 0 1
    outer loop
      vertex 63.63 56.8469 2
      vertex 12.35 50.001 2
      vertex 62.85 50.001 2
    endloop
  endfacet
  facet normal 0 0 1
    outer loop
      vertex 3.95088 63 2
      vertex 63.63 56.8469 2
      vertex 63.8522 57.0117 2
    endloop
  endfacet
  facet normal 0 0 1
    outer loop
      vertex 3.95088 63 2
      vertex 63.8522 57.0117 2
      vertex 64.1215 57.1731 2
    endloop
  endfacet
  facet normal 0 0 1
    outer loop
      vertex 3.95088 63 2
      vertex 64.1215 57.1731 2
      vertex 64.4054 57.3074 2
    endloop
  endfacet
  facet normal 0 0 1
    outer loop
      vertex 3.95088 63 2
      vertex 64.4054 57.3074 2
      vertex 64.7011 57.4132 2
    endloop
  endfacet
  facet normal 0 0 1
    outer loop
      vertex 3.95088 63 2
      vertex 64.7011 57.4132 2
      vertex 65.0057 57.4895 2
    endloop
  endfacet
  facet normal 0 0 1
    outer loop
      vertex 65.3163 57.5356 2
      vertex 3.95088 63 2
      vertex 65.0057 57.4895 2
    endloop
  endfacet
  facet normal -0 0 1
    outer loop
      vertex 7.94 52.351 2
      vertex 12.35 50.001 2
      vertex 7.94 56.8469 2
    endloop
  endfacet
  facet normal 0 0 1
    outer loop
      vertex 63.63 56.8469 2
      vertex 7.94 56.8469 2
      vertex 12.35 50.001 2
    endloop
  endfacet
  facet normal 0 0 1
    outer loop
      vertex 63.63 56.8469 2
      vertex 3.95088 63 2
      vertex 7.94 56.8469 2
    endloop
  endfacet
  facet normal 0 0 1
    outer loop
      vertex 7.94 56.8469 2
      vertex 3.95088 63 2
      vertex 7.71782 57.0117 2
    endloop
  endfacet
  facet normal 0 0 1
    outer loop
      vertex 7.71782 57.0117 2
      vertex 3.95088 63 2
      vertex 7.44847 57.1731 2
    endloop
  endfacet
  facet normal 0 0 1
    outer loop
      vertex 7.44847 57.1731 2
      vertex 3.95088 63 2
      vertex 7.16459 57.3074 2
    endloop
  endfacet
  facet normal 0 0 1
    outer loop
      vertex 7.16459 57.3074 2
      vertex 3.95088 63 2
      vertex 6.86891 57.4132 2
    endloop
  endfacet
  facet normal 0 0 1
    outer loop
      vertex 6.86891 57.4132 2
      vertex 3.95088 63 2
      vertex 6.56429 57.4895 2
    endloop
  endfacet
  facet normal 0 0 1
    outer loop
      vertex 6.56429 57.4895 2
      vertex 3.95088 63 2
      vertex 6.25365 57.5356 2
    endloop
  endfacet
  facet normal 0 0 1
    outer loop
      vertex 6.25365 57.5356 2
      vertex 3.95088 63 2
      vertex 5.94 57.551 2
    endloop
  endfacet
  facet normal 0 0 1
    outer loop
      vertex 5.94 57.551 2
      vertex 3.95088 63 2
      vertex 5.62635 57.5356 2
    endloop
  endfacet
  facet normal 0 0 1
    outer loop
      vertex 3.95088 63 2
      vertex 5.31571 57.4895 2
      vertex 5.62635 57.5356 2
    endloop
  endfacet
  facet normal 0 0 1
    outer loop
      vertex 3.95088 63 2
      vertex 5.01109 57.4132 2
      vertex 5.31571 57.4895 2
    endloop
  endfacet
  facet normal 0 0 1
    outer loop
      vertex 3.95088 63 2
      vertex 4.71541 57.3074 2
      vertex 5.01109 57.4132 2
    endloop
  endfacet
  facet normal -0 0 1
    outer loop
      vertex 3.41162 62.9735 2
      vertex 4.71541 57.3074 2
      vertex 3.95088 63 2
    endloop
  endfacet
  facet normal -0 0 1
    outer loop
      vertex 2.82901 62.8871 2
      vertex 4.71541 57.3074 2
      vertex 3.41162 62.9735 2
    endloop
  endfacet
  facet normal 0 0 1
    outer loop
      vertex 4.71541 57.3074 2
      vertex 2.82901 62.8871 2
      vertex 4.43153 57.1731 2
    endloop
  endfacet
  facet normal -0 0 1
    outer loop
      vertex 2.2576 62.744 2
      vertex 4.43153 57.1731 2
      vertex 2.82901 62.8871 2
    endloop
  endfacet
  facet normal -0 0 1
    outer loop
      vertex 1.70294 62.5455 2
      vertex 4.43153 57.1731 2
      vertex 2.2576 62.744 2
    endloop
  endfacet
  facet normal 0 0 1
    outer loop
      vertex 4.43153 57.1731 2
      vertex 1.70294 62.5455 2
      vertex 4.16218 57.0117 2
    endloop
  endfacet
  facet normal -0 0 1
    outer loop
      vertex 1.17047 62.2936 2
      vertex 4.16218 57.0117 2
      vertex 1.70294 62.5455 2
    endloop
  endfacet
  facet normal -0 0 1
    outer loop
      vertex 0.665237 61.9908 2
      vertex 4.16218 57.0117 2
      vertex 1.17047 62.2936 2
    endloop
  endfacet
  facet normal 0 0 1
    outer loop
      vertex 4.16218 57.0117 2
      vertex 0.665237 61.9908 2
      vertex 3.90994 56.8246 2
    endloop
  endfacet
  facet normal -0 0 1
    outer loop
      vertex 0.192093 61.6399 2
      vertex 3.90994 56.8246 2
      vertex 0.665237 61.9908 2
    endloop
  endfacet
  facet normal -0 0 1
    outer loop
      vertex -0.244354 61.2443 2
      vertex 3.90994 56.8246 2
      vertex 0.192093 61.6399 2
    endloop
  endfacet
  facet normal -0 0 1
    outer loop
      vertex -0.639938 60.8079 2
      vertex 3.90994 56.8246 2
      vertex -0.244354 61.2443 2
    endloop
  endfacet
  facet normal 0 0 1
    outer loop
      vertex 3.90994 56.8246 2
      vertex -0.639938 60.8079 2
      vertex 3.67726 56.6137 2
    endloop
  endfacet
  facet normal -0 0 1
    outer loop
      vertex -0.990829 60.3347 2
      vertex 3.67726 56.6137 2
      vertex -0.639938 60.8079 2
    endloop
  endfacet
  facet normal 0 0 1
    outer loop
      vertex 3.67726 56.6137 2
      vertex -1.29366 59.8295 2
      vertex 3.46637 56.3811 2
    endloop
  endfacet
  facet normal -0 0 1
    outer loop
      vertex -1.29366 59.8295 2
      vertex 3.67726 56.6137 2
      vertex -0.990829 60.3347 2
    endloop
  endfacet
  facet normal -0 0 1
    outer loop
      vertex 91.2755 3.77962 2
      vertex 95.1155 1.70294 2
      vertex 91.4801 4.0555 2
    endloop
  endfacet
  facet normal 0 0 1
    outer loop
      vertex 95.1155 1.70294 2
      vertex 91.2755 3.77962 2
      vertex 94.8636 1.1705 2
    endloop
  endfacet
  facet normal -0 0 1
    outer loop
      vertex 91.0449 3.52513 2
      vertex 94.8636 1.1705 2
      vertex 91.2755 3.77962 2
    endloop
  endfacet
  facet normal 0 0 1
    outer loop
      vertex 94.8636 1.1705 2
      vertex 91.0449 3.52513 2
      vertex 94.5608 0.665237 2
    endloop
  endfacet
  facet normal 0 0 1
    outer loop
      vertex 94.5608 0.665237 2
      vertex 91.0449 3.52513 2
      vertex 94.2099 0.192093 2
    endloop
  endfacet
  facet normal -0 0 1
    outer loop
      vertex 90.7904 3.29446 2
      vertex 94.2099 0.192093 2
      vertex 91.0449 3.52513 2
    endloop
  endfacet
  facet normal 0 0 1
    outer loop
      vertex 94.2099 0.192093 2
      vertex 90.7904 3.29446 2
      vertex 93.8143 -0.244354 2
    endloop
  endfacet
  facet normal -0 0 1
    outer loop
      vertex 90.5145 3.08986 2
      vertex 93.8143 -0.244354 2
      vertex 90.7904 3.29446 2
    endloop
  endfacet
  facet normal 0 0 1
    outer loop
      vertex 93.8143 -0.244354 2
      vertex 90.5145 3.08986 2
      vertex 93.3779 -0.639954 2
    endloop
  endfacet
  facet normal 0 0 1
    outer loop
      vertex 93.3779 -0.639954 2
      vertex 90.5145 3.08986 2
      vertex 92.9048 -0.990829 2
    endloop
  endfacet
  facet normal -0 0 1
    outer loop
      vertex 90.2199 2.91327 2
      vertex 92.9048 -0.990829 2
      vertex 90.5145 3.08986 2
    endloop
  endfacet
  facet normal 0 0 1
    outer loop
      vertex 92.9048 -0.990829 2
      vertex 90.2199 2.91327 2
      vertex 92.3995 -1.29366 2
    endloop
  endfacet
  facet normal 0 0 1
    outer loop
      vertex 92.3995 -1.29366 2
      vertex 90.2199 2.91327 2
      vertex 91.867 -1.54552 2
    endloop
  endfacet
  facet normal -0 0 1
    outer loop
      vertex 89.9094 2.76642 2
      vertex 91.867 -1.54552 2
      vertex 90.2199 2.91327 2
    endloop
  endfacet
  facet normal 0 0 1
    outer loop
      vertex 91.867 -1.54552 2
      vertex 89.9094 2.76642 2
      vertex 91.3124 -1.74397 2
    endloop
  endfacet
  facet normal -0 0 1
    outer loop
      vertex 89.586 2.65071 2
      vertex 91.3124 -1.74397 2
      vertex 89.9094 2.76642 2
    endloop
  endfacet
  facet normal 0 0 1
    outer loop
      vertex 91.3124 -1.74397 2
      vertex 89.586 2.65071 2
      vertex 90.741 -1.88708 2
    endloop
  endfacet
  facet normal 0 0 1
    outer loop
      vertex 90.741 -1.88708 2
      vertex 89.586 2.65071 2
      vertex 90.1583 -1.97351 2
    endloop
  endfacet
  facet normal -0 0 1
    outer loop
      vertex 89.2528 2.56725 2
      vertex 90.1583 -1.97351 2
      vertex 89.586 2.65071 2
    endloop
  endfacet
  facet normal 0 0 1
    outer loop
      vertex 90.1583 -1.97351 2
      vertex 89.2528 2.56725 2
      vertex 89.6191 -2 2
    endloop
  endfacet
  facet normal -0 0 1
    outer loop
      vertex 88.9131 2.51685 2
      vertex 89.6191 -2 2
      vertex 89.2528 2.56725 2
    endloop
  endfacet
  facet normal -0 0 1
    outer loop
      vertex 88.57 2.5 2
      vertex 89.6191 -2 2
      vertex 88.9131 2.51685 2
    endloop
  endfacet
  facet normal 0 0 1
    outer loop
      vertex 88.2269 2.51685 2
      vertex 89.6191 -2 2
      vertex 88.57 2.5 2
    endloop
  endfacet
  facet normal 0 0 1
    outer loop
      vertex 87.8872 2.56725 2
      vertex 89.6191 -2 2
      vertex 88.2269 2.51685 2
    endloop
  endfacet
  facet normal 0 0 1
    outer loop
      vertex 87.554 2.65071 2
      vertex 89.6191 -2 2
      vertex 87.8872 2.56725 2
    endloop
  endfacet
  facet normal 0 0 1
    outer loop
      vertex 87.2306 2.76642 2
      vertex 89.6191 -2 2
      vertex 87.554 2.65071 2
    endloop
  endfacet
  facet normal 0 0 1
    outer loop
      vertex 86.9201 2.91327 2
      vertex 89.6191 -2 2
      vertex 87.2306 2.76642 2
    endloop
  endfacet
  facet normal 0 0 1
    outer loop
      vertex 86.6255 3.08986 2
      vertex 89.6191 -2 2
      vertex 86.9201 2.91327 2
    endloop
  endfacet
  facet normal 0 0 1
    outer loop
      vertex 86.3496 3.29446 2
      vertex 89.6191 -2 2
      vertex 86.6255 3.08986 2
    endloop
  endfacet
  facet normal 0 0 1
    outer loop
      vertex 74.7204 3.29446 2
      vertex 86.3496 3.29446 2
      vertex 86.0951 3.52513 2
    endloop
  endfacet
  facet normal 0 0 1
    outer loop
      vertex 74.9749 3.52513 2
      vertex 86.0951 3.52513 2
      vertex 85.8645 3.77962 2
    endloop
  endfacet
  facet normal 0 0 1
    outer loop
      vertex 75.2055 3.77962 2
      vertex 85.8645 3.77962 2
      vertex 85.6599 4.0555 2
    endloop
  endfacet
  facet normal 0 0 1
    outer loop
      vertex 85.0869 6.34306 2
      vertex 76 6 2
      vertex 85.07 6 2
    endloop
  endfacet
  facet normal 0 0 1
    outer loop
      vertex 85.07 6 2
      vertex 76 6 2
      vertex 85.0869 5.65694 2
    endloop
  endfacet
  facet normal 0 0 1
    outer loop
      vertex 75.9831 6.34306 2
      vertex 82.1934 21.5197 2
      vertex 80.9206 22.7925 2
    endloop
  endfacet
  facet normal -0 0 1
    outer loop
      vertex 80.2859 27.0816 2
      vertex 80.9206 22.7925 2
      vertex 80.6142 27.2369 2
    endloop
  endfacet
  facet normal -0 0 1
    outer loop
      vertex 79.9441 26.9593 2
      vertex 80.9206 22.7925 2
      vertex 80.2859 27.0816 2
    endloop
  endfacet
  facet normal -0 0 1
    outer loop
      vertex 79.5918 26.8711 2
      vertex 80.9206 22.7925 2
      vertex 79.9441 26.9593 2
    endloop
  endfacet
  facet normal -0 0 1
    outer loop
      vertex 79.2327 26.8178 2
      vertex 80.9206 22.7925 2
      vertex 79.5918 26.8711 2
    endloop
  endfacet
  facet normal 0 0 1
    outer loop
      vertex 75.9831 5.65694 2
      vertex 85.0869 5.65694 2
      vertex 76 6 2
    endloop
  endfacet
  facet normal -0 0 1
    outer loop
      vertex 78.87 26.8 2
      vertex 80.9206 22.7925 2
      vertex 79.2327 26.8178 2
    endloop
  endfacet
  facet normal 0 0 1
    outer loop
      vertex 78.5073 26.8178 2
      vertex 80.9206 22.7925 2
      vertex 78.87 26.8 2
    endloop
  endfacet
  facet normal 0 0 1
    outer loop
      vertex 78.1482 26.8711 2
      vertex 80.9206 22.7925 2
      vertex 78.5073 26.8178 2
    endloop
  endfacet
  facet normal 0 0 1
    outer loop
      vertex 77.7959 26.9593 2
      vertex 80.9206 22.7925 2
      vertex 78.1482 26.8711 2
    endloop
  endfacet
  facet normal 0 0 1
    outer loop
      vertex 77.4541 27.0816 2
      vertex 80.9206 22.7925 2
      vertex 77.7959 26.9593 2
    endloop
  endfacet
  facet normal 0 0 1
    outer loop
      vertex 77.1258 27.2369 2
      vertex 80.9206 22.7925 2
      vertex 77.4541 27.0816 2
    endloop
  endfacet
  facet normal 0 0 1
    outer loop
      vertex 76.8144 27.4236 2
      vertex 80.9206 22.7925 2
      vertex 77.1258 27.2369 2
    endloop
  endfacet
  facet normal 0 0 1
    outer loop
      vertex 85.0869 5.65694 2
      vertex 75.9831 5.65694 2
      vertex 85.1373 5.31718 2
    endloop
  endfacet
  facet normal 0 0 1
    outer loop
      vertex 75.9831 6.34306 2
      vertex 80.9206 22.7925 2
      vertex 76.8144 27.4236 2
    endloop
  endfacet
  facet normal 0 0 1
    outer loop
      vertex 75.9831 6.34306 2
      vertex 76.8144 27.4236 2
      vertex 76.5227 27.6399 2
    endloop
  endfacet
  facet normal 0 0 1
    outer loop
      vertex 75.9831 6.34306 2
      vertex 76.5227 27.6399 2
      vertex 76.2537 27.8837 2
    endloop
  endfacet
  facet normal 0 0 1
    outer loop
      vertex 71.484 9.34929 2
      vertex 76.2537 27.8837 2
      vertex 76.0099 28.1527 2
    endloop
  endfacet
  facet normal 0 0 1
    outer loop
      vertex 75.9327 5.31718 2
      vertex 85.1373 5.31718 2
      vertex 75.9831 5.65694 2
    endloop
  endfacet
  facet normal 0 0 1
    outer loop
      vertex 85.1373 5.31718 2
      vertex 75.9327 5.31718 2
      vertex 85.2207 4.984 2
    endloop
  endfacet
  facet normal 0 0 1
    outer loop
      vertex 75.8493 4.984 2
      vertex 85.2207 4.984 2
      vertex 75.9327 5.31718 2
    endloop
  endfacet
  facet normal 0 0 1
    outer loop
      vertex 85.2207 4.984 2
      vertex 75.8493 4.984 2
      vertex 85.3364 4.66061 2
    endloop
  endfacet
  facet normal 0 0 1
    outer loop
      vertex 75.7336 4.66061 2
      vertex 85.3364 4.66061 2
      vertex 75.8493 4.984 2
    endloop
  endfacet
  facet normal 0 0 1
    outer loop
      vertex 85.3364 4.66061 2
      vertex 75.7336 4.66061 2
      vertex 85.4833 4.35011 2
    endloop
  endfacet
  facet normal 0 0 1
    outer loop
      vertex 75.5867 4.35011 2
      vertex 85.4833 4.35011 2
      vertex 75.7336 4.66061 2
    endloop
  endfacet
  facet normal 0 0 1
    outer loop
      vertex 85.4833 4.35011 2
      vertex 75.5867 4.35011 2
      vertex 85.6599 4.0555 2
    endloop
  endfacet
  facet normal 0 0 1
    outer loop
      vertex 75.4101 4.0555 2
      vertex 85.6599 4.0555 2
      vertex 75.5867 4.35011 2
    endloop
  endfacet
  facet normal 0 0 1
    outer loop
      vertex 75.2055 3.77962 2
      vertex 85.6599 4.0555 2
      vertex 75.4101 4.0555 2
    endloop
  endfacet
  facet normal 0 0 1
    outer loop
      vertex 85.8645 3.77962 2
      vertex 75.2055 3.77962 2
      vertex 74.9749 3.52513 2
    endloop
  endfacet
  facet normal 0 0 1
    outer loop
      vertex 86.0951 3.52513 2
      vertex 74.9749 3.52513 2
      vertex 74.7204 3.29446 2
    endloop
  endfacet
  facet normal 0 0 1
    outer loop
      vertex 86.3496 3.29446 2
      vertex 74.7204 3.29446 2
      vertex 89.6191 -2 2
    endloop
  endfacet
  facet normal -0 0 1
    outer loop
      vertex 74.4445 3.08986 2
      vertex 89.6191 -2 2
      vertex 74.7204 3.29446 2
    endloop
  endfacet
  facet normal -0 0 1
    outer loop
      vertex 74.1499 2.91327 2
      vertex 89.6191 -2 2
      vertex 74.4445 3.08986 2
    endloop
  endfacet
  facet normal -0 0 1
    outer loop
      vertex 73.8394 2.76642 2
      vertex 89.6191 -2 2
      vertex 74.1499 2.91327 2
    endloop
  endfacet
  facet normal -0 0 1
    outer loop
      vertex 73.516 2.65071 2
      vertex 89.6191 -2 2
      vertex 73.8394 2.76642 2
    endloop
  endfacet
  facet normal -0 0 1
    outer loop
      vertex 73.1828 2.56725 2
      vertex 89.6191 -2 2
      vertex 73.516 2.65071 2
    endloop
  endfacet
  facet normal -0 0 1
    outer loop
      vertex 72.8431 2.51685 2
      vertex 89.6191 -2 2
      vertex 73.1828 2.56725 2
    endloop
  endfacet
  facet normal -0 0 1
    outer loop
      vertex 72.5 2.5 2
      vertex 89.6191 -2 2
      vertex 72.8431 2.51685 2
    endloop
  endfacet
  facet normal 0 0 1
    outer loop
      vertex 72.1569 2.51685 2
      vertex 89.6191 -2 2
      vertex 72.5 2.5 2
    endloop
  endfacet
  facet normal 0 0 1
    outer loop
      vertex 71.8172 2.56725 2
      vertex 89.6191 -2 2
      vertex 72.1569 2.51685 2
    endloop
  endfacet
  facet normal 0 0 1
    outer loop
      vertex 65.3163 3.66841 2
      vertex 71.8172 2.56725 2
      vertex 71.484 2.65071 2
    endloop
  endfacet
  facet normal 0 0 1
    outer loop
      vertex 69.0673 6.68282 2
      vertex 68.8146 6.53935 2
      vertex 69.0169 6.34306 2
    endloop
  endfacet
  facet normal 0 0 1
    outer loop
      vertex 68.7685 6.22871 2
      vertex 69.0169 6.34306 2
      vertex 68.8146 6.53935 2
    endloop
  endfacet
  facet normal 0 0 1
    outer loop
      vertex 69.0169 6.34306 2
      vertex 68.7685 6.22871 2
      vertex 69 6 2
    endloop
  endfacet
  facet normal 0 0 1
    outer loop
      vertex 68.6922 5.92409 2
      vertex 69 6 2
      vertex 68.7685 6.22871 2
    endloop
  endfacet
  facet normal 0 0 1
    outer loop
      vertex 69 6 2
      vertex 68.6922 5.92409 2
      vertex 69.0169 5.65694 2
    endloop
  endfacet
  facet normal 0 0 1
    outer loop
      vertex 68.5864 5.62841 2
      vertex 69.0169 5.65694 2
      vertex 68.6922 5.92409 2
    endloop
  endfacet
  facet normal 0 0 1
    outer loop
      vertex 69.0169 5.65694 2
      vertex 68.5864 5.62841 2
      vertex 69.0673 5.31718 2
    endloop
  endfacet
  facet normal -0 0 1
    outer loop
      vertex 68.4521 5.34453 2
      vertex 69.0673 5.31718 2
      vertex 68.5864 5.62841 2
    endloop
  endfacet
  facet normal 0 0 1
    outer loop
      vertex 69.0673 5.31718 2
      vertex 68.4521 5.34453 2
      vertex 69.1507 4.984 2
    endloop
  endfacet
  facet normal -0 0 1
    outer loop
      vertex 68.2907 5.07518 2
      vertex 69.1507 4.984 2
      vertex 68.4521 5.34453 2
    endloop
  endfacet
  facet normal 0 0 1
    outer loop
      vertex 69.1507 4.984 2
      vertex 68.2907 5.07518 2
      vertex 69.2664 4.66061 2
    endloop
  endfacet
  facet normal -0 0 1
    outer loop
      vertex 68.1036 4.82294 2
      vertex 69.2664 4.66061 2
      vertex 68.2907 5.07518 2
    endloop
  endfacet
  facet normal 0 0 1
    outer loop
      vertex 69.2664 4.66061 2
      vertex 68.1036 4.82294 2
      vertex 69.4133 4.35011 2
    endloop
  endfacet
  facet normal -0 0 1
    outer loop
      vertex 67.8927 4.59026 2
      vertex 69.4133 4.35011 2
      vertex 68.1036 4.82294 2
    endloop
  endfacet
  facet normal -0 0 1
    outer loop
      vertex 67.6601 4.37937 2
      vertex 69.4133 4.35011 2
      vertex 67.8927 4.59026 2
    endloop
  endfacet
  facet normal 0 0 1
    outer loop
      vertex 69.4133 4.35011 2
      vertex 67.6601 4.37937 2
      vertex 69.5899 4.0555 2
    endloop
  endfacet
  facet normal -0 0 1
    outer loop
      vertex 67.4078 4.1923 2
      vertex 69.5899 4.0555 2
      vertex 67.6601 4.37937 2
    endloop
  endfacet
  facet normal 0 0 1
    outer loop
      vertex 69.5899 4.0555 2
      vertex 67.4078 4.1923 2
      vertex 69.7945 3.77962 2
    endloop
  endfacet
  facet normal -0 0 1
    outer loop
      vertex 67.1385 4.03085 2
      vertex 69.7945 3.77962 2
      vertex 67.4078 4.1923 2
    endloop
  endfacet
  facet normal 0 0 1
    outer loop
      vertex 69.7945 3.77962 2
      vertex 67.1385 4.03085 2
      vertex 70.0251 3.52513 2
    endloop
  endfacet
  facet normal -0 0 1
    outer loop
      vertex 66.8546 3.89659 2
      vertex 70.0251 3.52513 2
      vertex 67.1385 4.03085 2
    endloop
  endfacet
  facet normal 0 0 1
    outer loop
      vertex 70.0251 3.52513 2
      vertex 66.8546 3.89659 2
      vertex 70.2796 3.29446 2
    endloop
  endfacet
  facet normal -0 0 1
    outer loop
      vertex 66.5589 3.79079 2
      vertex 70.2796 3.29446 2
      vertex 66.8546 3.89659 2
    endloop
  endfacet
  facet normal 0 0 1
    outer loop
      vertex 70.2796 3.29446 2
      vertex 66.5589 3.79079 2
      vertex 70.5555 3.08986 2
    endloop
  endfacet
  facet normal -0 0 1
    outer loop
      vertex 66.2543 3.71449 2
      vertex 70.5555 3.08986 2
      vertex 66.5589 3.79079 2
    endloop
  endfacet
  facet normal 0 0 1
    outer loop
      vertex 70.5555 3.08986 2
      vertex 66.2543 3.71449 2
      vertex 70.8501 2.91327 2
    endloop
  endfacet
  facet normal -0 0 1
    outer loop
      vertex 65.9437 3.66841 2
      vertex 70.8501 2.91327 2
      vertex 66.2543 3.71449 2
    endloop
  endfacet
  facet normal 0 0 1
    outer loop
      vertex 70.8501 2.91327 2
      vertex 65.9437 3.66841 2
      vertex 71.1606 2.76642 2
    endloop
  endfacet
  facet normal -0 0 1
    outer loop
      vertex 65.63 3.653 2
      vertex 71.1606 2.76642 2
      vertex 65.9437 3.66841 2
    endloop
  endfacet
  facet normal 0 0 1
    outer loop
      vertex 71.1606 2.76642 2
      vertex 65.63 3.653 2
      vertex 71.484 2.65071 2
    endloop
  endfacet
  facet normal 0 0 1
    outer loop
      vertex 65.3163 3.66841 2
      vertex 71.484 2.65071 2
      vertex 65.63 3.653 2
    endloop
  endfacet
  facet normal 0 0 1
    outer loop
      vertex 71.8172 2.56725 2
      vertex 65.3163 3.66841 2
      vertex 89.6191 -2 2
    endloop
  endfacet
  facet normal 0 0 1
    outer loop
      vertex 3.95091 -2 2
      vertex 65.3163 3.66841 2
      vertex 65.0057 3.71449 2
    endloop
  endfacet
  facet normal 0 0 1
    outer loop
      vertex 63.63 8.853 2
      vertex 62.85 11.101 2
      vertex 63.63 4.35707 2
    endloop
  endfacet
  facet normal -0 0 1
    outer loop
      vertex 12.35 11.101 2
      vertex 63.63 4.35707 2
      vertex 62.85 11.101 2
    endloop
  endfacet
  facet normal 0 0 1
    outer loop
      vertex 7.94 4.35707 2
      vertex 63.63 4.35707 2
      vertex 12.35 11.101 2
    endloop
  endfacet
  facet normal 0 0 1
    outer loop
      vertex 3.95091 -2 2
      vertex 63.63 4.35707 2
      vertex 7.94 4.35707 2
    endloop
  endfacet
  facet normal 0 0 1
    outer loop
      vertex 63.63 4.35707 2
      vertex 3.95091 -2 2
      vertex 63.8522 4.1923 2
    endloop
  endfacet
  facet normal 0 0 1
    outer loop
      vertex 63.8522 4.1923 2
      vertex 3.95091 -2 2
      vertex 64.1215 4.03085 2
    endloop
  endfacet
  facet normal 0 0 1
    outer loop
      vertex 64.1215 4.03085 2
      vertex 3.95091 -2 2
      vertex 64.4054 3.89659 2
    endloop
  endfacet
  facet normal 0 0 1
    outer loop
      vertex 64.4054 3.89659 2
      vertex 3.95091 -2 2
      vertex 64.7011 3.79079 2
    endloop
  endfacet
  facet normal -0 0 1
    outer loop
      vertex 3.44407 52.351 2
      vertex 12.35 50.001 2
      vertex 7.94 52.351 2
    endloop
  endfacet
  facet normal 0 0 1
    outer loop
      vertex 3.44407 8.853 2
      vertex 12.35 50.001 2
      vertex 3.44407 52.351 2
    endloop
  endfacet
  facet normal 0 0 1
    outer loop
      vertex 7.94 4.35707 2
      vertex 12.35 11.101 2
      vertex 7.94 8.853 2
    endloop
  endfacet
  facet normal 0 0 1
    outer loop
      vertex 64.7011 3.79079 2
      vertex 3.95091 -2 2
      vertex 65.0057 3.71449 2
    endloop
  endfacet
  facet normal 0 0 1
    outer loop
      vertex 3.95091 -2 2
      vertex 7.94 4.35707 2
      vertex 7.71782 4.1923 2
    endloop
  endfacet
  facet normal 0 0 1
    outer loop
      vertex 3.95091 -2 2
      vertex 7.71782 4.1923 2
      vertex 7.44847 4.03085 2
    endloop
  endfacet
  facet normal 0 0 1
    outer loop
      vertex 3.95091 -2 2
      vertex 7.44847 4.03085 2
      vertex 7.16459 3.89659 2
    endloop
  endfacet
  facet normal 0 0 1
    outer loop
      vertex 3.95091 -2 2
      vertex 7.16459 3.89659 2
      vertex 6.86891 3.79079 2
    endloop
  endfacet
  facet normal 0 0 1
    outer loop
      vertex 3.95091 -2 2
      vertex 6.86891 3.79079 2
      vertex 6.56429 3.71449 2
    endloop
  endfacet
  facet normal 0 0 1
    outer loop
      vertex 3.95091 -2 2
      vertex 6.56429 3.71449 2
      vertex 6.25365 3.66841 2
    endloop
  endfacet
  facet normal 0 0 1
    outer loop
      vertex 3.95091 -2 2
      vertex 6.25365 3.66841 2
      vertex 5.94 3.653 2
    endloop
  endfacet
  facet normal 0 0 1
    outer loop
      vertex 3.95091 -2 2
      vertex 5.94 3.653 2
      vertex 5.62635 3.66841 2
    endloop
  endfacet
  facet normal 0 0 1
    outer loop
      vertex 65.3163 3.66841 2
      vertex 3.95091 -2 2
      vertex 89.6191 -2 2
    endloop
  endfacet
  facet normal 0 0 1
    outer loop
      vertex 5.31571 3.71449 2
      vertex 3.95091 -2 2
      vertex 5.62635 3.66841 2
    endloop
  endfacet
  facet normal 0 0 1
    outer loop
      vertex 5.01109 3.79079 2
      vertex 3.95091 -2 2
      vertex 5.31571 3.71449 2
    endloop
  endfacet
  facet normal 0 0 1
    outer loop
      vertex 4.71541 3.89659 2
      vertex 3.95091 -2 2
      vertex 5.01109 3.79079 2
    endloop
  endfacet
  facet normal 0 0 1
    outer loop
      vertex 2.2576 -1.74397 2
      vertex 4.71541 3.89659 2
      vertex 4.43153 4.03085 2
    endloop
  endfacet
  facet normal 0 0 1
    outer loop
      vertex 1.17047 -1.29366 2
      vertex 4.43153 4.03085 2
      vertex 4.16218 4.1923 2
    endloop
  endfacet
  facet normal 0 0 1
    outer loop
      vertex 0.192093 -0.639938 2
      vertex 4.16218 4.1923 2
      vertex 3.90994 4.37937 2
    endloop
  endfacet
  facet normal 0 0 1
    outer loop
      vertex -0.639938 0.192093 2
      vertex 3.90994 4.37937 2
      vertex 3.67726 4.59026 2
    endloop
  endfacet
  facet normal 0 0 1
    outer loop
      vertex -1.29366 1.17047 2
      vertex 3.67726 4.59026 2
      vertex 3.46637 4.82294 2
    endloop
  endfacet
  facet normal 0 0 1
    outer loop
      vertex 4.71541 3.89659 2
      vertex 3.41165 -1.97351 2
      vertex 3.95091 -2 2
    endloop
  endfacet
  facet normal 0 0 1
    outer loop
      vertex -1.74397 2.2576 2
      vertex 3.46637 4.82294 2
      vertex 3.2793 5.07518 2
    endloop
  endfacet
  facet normal 0 0 1
    outer loop
      vertex -1.97351 3.41165 2
      vertex 3.2793 5.07518 2
      vertex 3.11785 5.34453 2
    endloop
  endfacet
  facet normal 0 0 1
    outer loop
      vertex -2 3.95091 2
      vertex 3.11785 5.34453 2
      vertex 2.98359 5.62841 2
    endloop
  endfacet
  facet normal 0 0 1
    outer loop
      vertex -2 3.95091 2
      vertex 2.98359 5.62841 2
      vertex 2.87779 5.92409 2
    endloop
  endfacet
  facet normal 0 0 1
    outer loop
      vertex 4.71541 3.89659 2
      vertex 2.82901 -1.88708 2
      vertex 3.41165 -1.97351 2
    endloop
  endfacet
  facet normal 0 0 1
    outer loop
      vertex -2 3.95091 2
      vertex 2.87779 5.92409 2
      vertex 2.80149 6.22871 2
    endloop
  endfacet
  facet normal 0 0 1
    outer loop
      vertex -2 3.95091 2
      vertex 2.80149 6.22871 2
      vertex 2.75541 6.53935 2
    endloop
  endfacet
  facet normal 0 0 1
    outer loop
      vertex -2 3.95091 2
      vertex 2.75541 6.53935 2
      vertex 2.74 6.853 2
    endloop
  endfacet
  facet normal 0 0 1
    outer loop
      vertex 4.71541 3.89659 2
      vertex 2.2576 -1.74397 2
      vertex 2.82901 -1.88708 2
    endloop
  endfacet
  facet normal 0 0 1
    outer loop
      vertex 2.80149 7.47729 2
      vertex -2 3.95091 2
      vertex 2.75541 7.16665 2
    endloop
  endfacet
  facet normal -0 0 1
    outer loop
      vertex -1.5455 59.297 2
      vertex 3.46637 56.3811 2
      vertex -1.29366 59.8295 2
    endloop
  endfacet
  facet normal 0 0 1
    outer loop
      vertex 2.75541 7.16665 2
      vertex -2 3.95091 2
      vertex 2.74 6.853 2
    endloop
  endfacet
  facet normal -0 0 1
    outer loop
      vertex -1.74397 58.7424 2
      vertex 3.46637 56.3811 2
      vertex -1.5455 59.297 2
    endloop
  endfacet
  facet normal 0 0 1
    outer loop
      vertex 3.11785 5.34453 2
      vertex -2 3.95091 2
      vertex -1.97351 3.41165 2
    endloop
  endfacet
  facet normal 0 0 1
    outer loop
      vertex 3.46637 56.3811 2
      vertex -1.74397 58.7424 2
      vertex 3.2793 56.1288 2
    endloop
  endfacet
  facet normal 0 0 1
    outer loop
      vertex 4.43153 4.03085 2
      vertex 1.70294 -1.5455 2
      vertex 2.2576 -1.74397 2
    endloop
  endfacet
  facet normal -0 0 1
    outer loop
      vertex -1.88708 58.171 2
      vertex 3.2793 56.1288 2
      vertex -1.74397 58.7424 2
    endloop
  endfacet
  facet normal 0 0 1
    outer loop
      vertex 4.43153 4.03085 2
      vertex 1.17047 -1.29366 2
      vertex 1.70294 -1.5455 2
    endloop
  endfacet
  facet normal -0 0 1
    outer loop
      vertex -1.97351 57.5883 2
      vertex 3.2793 56.1288 2
      vertex -1.88708 58.171 2
    endloop
  endfacet
  facet normal 0 0 1
    outer loop
      vertex 4.16218 4.1923 2
      vertex 0.665237 -0.990829 2
      vertex 1.17047 -1.29366 2
    endloop
  endfacet
  facet normal 0 0 1
    outer loop
      vertex 3.2793 56.1288 2
      vertex -1.97351 57.5883 2
      vertex 3.11785 55.8595 2
    endloop
  endfacet
  facet normal 0 0 1
    outer loop
      vertex 4.16218 4.1923 2
      vertex 0.192093 -0.639938 2
      vertex 0.665237 -0.990829 2
    endloop
  endfacet
  facet normal -0 0 1
    outer loop
      vertex -2 57.0491 2
      vertex 3.11785 55.8595 2
      vertex -1.97351 57.5883 2
    endloop
  endfacet
  facet normal 0 0 1
    outer loop
      vertex 3.90994 4.37937 2
      vertex -0.244354 -0.244354 2
      vertex 0.192093 -0.639938 2
    endloop
  endfacet
  facet normal 0 0 1
    outer loop
      vertex 3.11785 55.8595 2
      vertex -2 57.0491 2
      vertex 2.98359 55.5756 2
    endloop
  endfacet
  facet normal 0 0 1
    outer loop
      vertex 3.90994 4.37937 2
      vertex -0.639938 0.192093 2
      vertex -0.244354 -0.244354 2
    endloop
  endfacet
  facet normal 0 0 1
    outer loop
      vertex 2.98359 55.5756 2
      vertex -2 57.0491 2
      vertex 2.87779 55.2799 2
    endloop
  endfacet
  facet normal 0 0 1
    outer loop
      vertex 3.67726 4.59026 2
      vertex -0.990829 0.665237 2
      vertex -0.639938 0.192093 2
    endloop
  endfacet
  facet normal 0 0 1
    outer loop
      vertex 2.87779 55.2799 2
      vertex -2 57.0491 2
      vertex 2.80149 54.9753 2
    endloop
  endfacet
  facet normal 0 0 1
    outer loop
      vertex 3.67726 4.59026 2
      vertex -1.29366 1.17047 2
      vertex -0.990829 0.665237 2
    endloop
  endfacet
  facet normal 0 0 1
    outer loop
      vertex 2.80149 54.9753 2
      vertex -2 57.0491 2
      vertex 2.75541 54.6647 2
    endloop
  endfacet
  facet normal 0 0 1
    outer loop
      vertex 3.46637 4.82294 2
      vertex -1.5455 1.70294 2
      vertex -1.29366 1.17047 2
    endloop
  endfacet
  facet normal 0 0 1
    outer loop
      vertex 2.75541 54.6647 2
      vertex -2 57.0491 2
      vertex 2.74 54.351 2
    endloop
  endfacet
  facet normal 0 0 1
    outer loop
      vertex 3.46637 4.82294 2
      vertex -1.74397 2.2576 2
      vertex -1.5455 1.70294 2
    endloop
  endfacet
  facet normal 0 0 1
    outer loop
      vertex 3.2793 5.07518 2
      vertex -1.88708 2.82901 2
      vertex -1.74397 2.2576 2
    endloop
  endfacet
  facet normal 0 0 1
    outer loop
      vertex 3.2793 5.07518 2
      vertex -1.97351 3.41165 2
      vertex -1.88708 2.82901 2
    endloop
  endfacet
  facet normal 0 0 1
    outer loop
      vertex 88.2269 9.48315 2
      vertex 82.1934 21.5197 2
      vertex 87.8872 9.43275 2
    endloop
  endfacet
  facet normal 0 0 1
    outer loop
      vertex 87.8872 9.43275 2
      vertex 82.1934 21.5197 2
      vertex 87.554 9.34929 2
    endloop
  endfacet
  facet normal 0 0 1
    outer loop
      vertex 87.554 9.34929 2
      vertex 82.1934 21.5197 2
      vertex 87.2306 9.23358 2
    endloop
  endfacet
  facet normal 0 0 1
    outer loop
      vertex 87.2306 9.23358 2
      vertex 82.1934 21.5197 2
      vertex 86.9201 9.08672 2
    endloop
  endfacet
  facet normal 0 0 1
    outer loop
      vertex 86.9201 9.08672 2
      vertex 82.1934 21.5197 2
      vertex 86.6255 8.91014 2
    endloop
  endfacet
  facet normal 0 0 1
    outer loop
      vertex 86.6255 8.91014 2
      vertex 82.1934 21.5197 2
      vertex 86.3496 8.70554 2
    endloop
  endfacet
  facet normal 0 0 1
    outer loop
      vertex 86.3496 8.70554 2
      vertex 82.1934 21.5197 2
      vertex 86.0951 8.47487 2
    endloop
  endfacet
  facet normal 0 0 1
    outer loop
      vertex 86.0951 8.47487 2
      vertex 82.1934 21.5197 2
      vertex 85.8645 8.22038 2
    endloop
  endfacet
  facet normal 0 0 1
    outer loop
      vertex 75.9831 6.34306 2
      vertex 85.8645 8.22038 2
      vertex 82.1934 21.5197 2
    endloop
  endfacet
  facet normal 0 0 1
    outer loop
      vertex 75.9831 6.34306 2
      vertex 85.6599 7.9445 2
      vertex 85.8645 8.22038 2
    endloop
  endfacet
  facet normal 0 0 1
    outer loop
      vertex 75.9831 6.34306 2
      vertex 85.4833 7.64989 2
      vertex 85.6599 7.9445 2
    endloop
  endfacet
  facet normal 0 0 1
    outer loop
      vertex 75.9831 6.34306 2
      vertex 85.3364 7.33939 2
      vertex 85.4833 7.64989 2
    endloop
  endfacet
  facet normal 0 0 1
    outer loop
      vertex 75.9831 6.34306 2
      vertex 85.2207 7.016 2
      vertex 85.3364 7.33939 2
    endloop
  endfacet
  facet normal 0 0 1
    outer loop
      vertex 75.9831 6.34306 2
      vertex 85.0869 6.34306 2
      vertex 85.1373 6.68282 2
    endloop
  endfacet
  facet normal 0 0 1
    outer loop
      vertex 75.9831 6.34306 2
      vertex 85.1373 6.68282 2
      vertex 85.2207 7.016 2
    endloop
  endfacet
  facet normal 0.941566 0.336829 0
    outer loop
      vertex 4.92373 6.43205 5.468
      vertex 4.88737 6.53369 2
      vertex 4.88737 6.53369 5.468
    endloop
  endfacet
  facet normal 0.941566 0.336829 0
    outer loop
      vertex 4.88737 6.53369 2
      vertex 4.92373 6.43205 5.468
      vertex 4.92373 6.43205 2
    endloop
  endfacet
  facet normal -0.0490967 -0.998794 0
    outer loop
      vertex 5.94 7.953 2
      vertex 6.04782 7.9477 5.468
      vertex 5.94 7.953 5.468
    endloop
  endfacet
  facet normal -0.0490967 -0.998794 -0
    outer loop
      vertex 6.04782 7.9477 5.468
      vertex 5.94 7.953 2
      vertex 6.04782 7.9477 2
    endloop
  endfacet
  facet normal -0.671515 0.740991 0
    outer loop
      vertex 6.71782 6.07518 2
      vertex 6.63783 6.00269 5.468
      vertex 6.71782 6.07518 5.468
    endloop
  endfacet
  facet normal -0.671515 0.740991 0
    outer loop
      vertex 6.63783 6.00269 5.468
      vertex 6.71782 6.07518 2
      vertex 6.63783 6.00269 2
    endloop
  endfacet
  facet normal -0.595752 -0.803168 0
    outer loop
      vertex 6.55113 7.76762 2
      vertex 6.63783 7.70331 5.468
      vertex 6.55113 7.76762 5.468
    endloop
  endfacet
  facet normal -0.595752 -0.803168 -0
    outer loop
      vertex 6.63783 7.70331 5.468
      vertex 6.55113 7.76762 2
      vertex 6.63783 7.70331 2
    endloop
  endfacet
  facet normal 0.998794 -0.0490967 0
    outer loop
      vertex 4.84 6.853 5.468
      vertex 4.8453 6.96082 2
      vertex 4.8453 6.96082 5.468
    endloop
  endfacet
  facet normal 0.998794 -0.0490967 0
    outer loop
      vertex 4.8453 6.96082 2
      vertex 4.84 6.853 5.468
      vertex 4.84 6.853 2
    endloop
  endfacet
  facet normal 0.51406 0.857754 -0
    outer loop
      vertex 5.42146 5.88289 2
      vertex 5.32887 5.93838 5.468
      vertex 5.42146 5.88289 5.468
    endloop
  endfacet
  facet normal 0.51406 0.857754 0
    outer loop
      vertex 5.32887 5.93838 5.468
      vertex 5.42146 5.88289 2
      vertex 5.32887 5.93838 2
    endloop
  endfacet
  facet normal 0.857754 0.51406 0
    outer loop
      vertex 5.02538 6.24187 5.468
      vertex 4.96989 6.33446 2
      vertex 4.96989 6.33446 5.468
    endloop
  endfacet
  facet normal 0.857754 0.51406 0
    outer loop
      vertex 4.96989 6.33446 2
      vertex 5.02538 6.24187 5.468
      vertex 5.02538 6.24187 2
    endloop
  endfacet
  facet normal -0.803168 0.595752 0
    outer loop
      vertex 6.79031 6.15517 2
      vertex 6.85462 6.24187 5.468
      vertex 6.85462 6.24187 2
    endloop
  endfacet
  facet normal -0.803168 0.595752 0
    outer loop
      vertex 6.85462 6.24187 5.468
      vertex 6.79031 6.15517 2
      vertex 6.79031 6.15517 5.468
    endloop
  endfacet
  facet normal 0.970028 0.242993 0
    outer loop
      vertex 4.88737 6.53369 5.468
      vertex 4.86114 6.6384 2
      vertex 4.86114 6.6384 5.468
    endloop
  endfacet
  facet normal 0.970028 0.242993 0
    outer loop
      vertex 4.86114 6.6384 2
      vertex 4.88737 6.53369 5.468
      vertex 4.88737 6.53369 2
    endloop
  endfacet
  facet normal 0.998794 0.0490967 0
    outer loop
      vertex 4.8453 6.74518 5.468
      vertex 4.84 6.853 2
      vertex 4.84 6.853 5.468
    endloop
  endfacet
  facet normal 0.998794 0.0490967 0
    outer loop
      vertex 4.84 6.853 2
      vertex 4.8453 6.74518 5.468
      vertex 4.8453 6.74518 2
    endloop
  endfacet
  facet normal -0.989176 -0.146737 0
    outer loop
      vertex 7.0347 6.96082 2
      vertex 7.01886 7.0676 5.468
      vertex 7.01886 7.0676 2
    endloop
  endfacet
  facet normal -0.989176 -0.146737 0
    outer loop
      vertex 7.01886 7.0676 5.468
      vertex 7.0347 6.96082 2
      vertex 7.0347 6.96082 5.468
    endloop
  endfacet
  facet normal 0.146737 -0.989176 0
    outer loop
      vertex 5.7254 7.93186 2
      vertex 5.83218 7.9477 5.468
      vertex 5.7254 7.93186 5.468
    endloop
  endfacet
  facet normal 0.146737 -0.989176 0
    outer loop
      vertex 5.83218 7.9477 5.468
      vertex 5.7254 7.93186 2
      vertex 5.83218 7.9477 2
    endloop
  endfacet
  facet normal 0.0490967 0.998794 -0
    outer loop
      vertex 5.94 5.753 2
      vertex 5.83218 5.7583 5.468
      vertex 5.94 5.753 5.468
    endloop
  endfacet
  facet normal 0.0490967 0.998794 0
    outer loop
      vertex 5.83218 5.7583 5.468
      vertex 5.94 5.753 2
      vertex 5.83218 5.7583 2
    endloop
  endfacet
  facet normal -0.803168 -0.595752 0
    outer loop
      vertex 6.85462 7.46413 2
      vertex 6.79031 7.55083 5.468
      vertex 6.79031 7.55083 2
    endloop
  endfacet
  facet normal -0.803168 -0.595752 0
    outer loop
      vertex 6.79031 7.55083 5.468
      vertex 6.85462 7.46413 2
      vertex 6.85462 7.46413 5.468
    endloop
  endfacet
  facet normal -0.941566 -0.336829 0
    outer loop
      vertex 6.99263 7.17231 2
      vertex 6.95627 7.27395 5.468
      vertex 6.95627 7.27395 2
    endloop
  endfacet
  facet normal -0.941566 -0.336829 0
    outer loop
      vertex 6.95627 7.27395 5.468
      vertex 6.99263 7.17231 2
      vertex 6.99263 7.17231 5.468
    endloop
  endfacet
  facet normal 0.903977 -0.427581 0
    outer loop
      vertex 4.92373 7.27395 5.468
      vertex 4.96989 7.37154 2
      vertex 4.96989 7.37154 5.468
    endloop
  endfacet
  facet normal 0.903977 -0.427581 0
    outer loop
      vertex 4.96989 7.37154 2
      vertex 4.92373 7.27395 5.468
      vertex 4.92373 7.27395 2
    endloop
  endfacet
  facet normal 0.595752 0.803168 -0
    outer loop
      vertex 5.32887 5.93838 2
      vertex 5.24217 6.00269 5.468
      vertex 5.32887 5.93838 5.468
    endloop
  endfacet
  facet normal 0.595752 0.803168 0
    outer loop
      vertex 5.24217 6.00269 5.468
      vertex 5.32887 5.93838 2
      vertex 5.24217 6.00269 2
    endloop
  endfacet
  facet normal -0.336829 -0.941566 0
    outer loop
      vertex 6.25931 7.90563 2
      vertex 6.36095 7.86927 5.468
      vertex 6.25931 7.90563 5.468
    endloop
  endfacet
  facet normal -0.336829 -0.941566 -0
    outer loop
      vertex 6.36095 7.86927 5.468
      vertex 6.25931 7.90563 2
      vertex 6.36095 7.86927 2
    endloop
  endfacet
  facet normal -0.998794 -0.0490967 0
    outer loop
      vertex 7.04 6.853 2
      vertex 7.0347 6.96082 5.468
      vertex 7.0347 6.96082 2
    endloop
  endfacet
  facet normal -0.998794 -0.0490967 0
    outer loop
      vertex 7.0347 6.96082 5.468
      vertex 7.04 6.853 2
      vertex 7.04 6.853 5.468
    endloop
  endfacet
  facet normal -0.998794 0.0490967 0
    outer loop
      vertex 7.0347 6.74518 2
      vertex 7.04 6.853 5.468
      vertex 7.04 6.853 2
    endloop
  endfacet
  facet normal -0.998794 0.0490967 0
    outer loop
      vertex 7.04 6.853 5.468
      vertex 7.0347 6.74518 2
      vertex 7.0347 6.74518 5.468
    endloop
  endfacet
  facet normal -0.595752 0.803168 0
    outer loop
      vertex 6.63783 6.00269 2
      vertex 6.55113 5.93838 5.468
      vertex 6.63783 6.00269 5.468
    endloop
  endfacet
  facet normal -0.595752 0.803168 0
    outer loop
      vertex 6.55113 5.93838 5.468
      vertex 6.63783 6.00269 2
      vertex 6.55113 5.93838 2
    endloop
  endfacet
  facet normal 0.242993 -0.970028 0
    outer loop
      vertex 5.62069 7.90563 2
      vertex 5.7254 7.93186 5.468
      vertex 5.62069 7.90563 5.468
    endloop
  endfacet
  facet normal 0.242993 -0.970028 0
    outer loop
      vertex 5.7254 7.93186 5.468
      vertex 5.62069 7.90563 2
      vertex 5.7254 7.93186 2
    endloop
  endfacet
  facet normal 0 0 1
    outer loop
      vertex 7.0347 6.96082 2
      vertex 7.0347 6.74518 2
      vertex 7.04 6.853 2
    endloop
  endfacet
  facet normal 0 0 1
    outer loop
      vertex 7.01886 7.0676 2
      vertex 7.0347 6.74518 2
      vertex 7.0347 6.96082 2
    endloop
  endfacet
  facet normal 0 0 1
    outer loop
      vertex 7.01886 7.0676 2
      vertex 7.01886 6.6384 2
      vertex 7.0347 6.74518 2
    endloop
  endfacet
  facet normal 0 0 1
    outer loop
      vertex 6.99263 7.17231 2
      vertex 7.01886 6.6384 2
      vertex 7.01886 7.0676 2
    endloop
  endfacet
  facet normal 0 0 1
    outer loop
      vertex 6.99263 7.17231 2
      vertex 6.99263 6.53369 2
      vertex 7.01886 6.6384 2
    endloop
  endfacet
  facet normal 0 0 1
    outer loop
      vertex 6.95627 7.27395 2
      vertex 6.99263 6.53369 2
      vertex 6.99263 7.17231 2
    endloop
  endfacet
  facet normal 0 0 1
    outer loop
      vertex 6.95627 7.27395 2
      vertex 6.95627 6.43205 2
      vertex 6.99263 6.53369 2
    endloop
  endfacet
  facet normal 0 0 1
    outer loop
      vertex 6.91011 7.37154 2
      vertex 6.95627 6.43205 2
      vertex 6.95627 7.27395 2
    endloop
  endfacet
  facet normal 0 0 1
    outer loop
      vertex 6.91011 7.37154 2
      vertex 6.91011 6.33446 2
      vertex 6.95627 6.43205 2
    endloop
  endfacet
  facet normal 0 0 1
    outer loop
      vertex 6.85462 7.46413 2
      vertex 6.91011 6.33446 2
      vertex 6.91011 7.37154 2
    endloop
  endfacet
  facet normal 0 0 1
    outer loop
      vertex 6.85462 7.46413 2
      vertex 6.85462 6.24187 2
      vertex 6.91011 6.33446 2
    endloop
  endfacet
  facet normal 0 0 1
    outer loop
      vertex 6.79031 7.55083 2
      vertex 6.85462 6.24187 2
      vertex 6.85462 7.46413 2
    endloop
  endfacet
  facet normal 0 0 1
    outer loop
      vertex 6.79031 7.55083 2
      vertex 6.79031 6.15517 2
      vertex 6.85462 6.24187 2
    endloop
  endfacet
  facet normal 0 0 1
    outer loop
      vertex 6.71782 7.63082 2
      vertex 6.79031 6.15517 2
      vertex 6.79031 7.55083 2
    endloop
  endfacet
  facet normal 0 0 1
    outer loop
      vertex 6.71782 7.63082 2
      vertex 6.71782 6.07518 2
      vertex 6.79031 6.15517 2
    endloop
  endfacet
  facet normal 0 0 1
    outer loop
      vertex 6.63783 7.70331 2
      vertex 6.71782 6.07518 2
      vertex 6.71782 7.63082 2
    endloop
  endfacet
  facet normal 0 0 1
    outer loop
      vertex 6.63783 7.70331 2
      vertex 6.63783 6.00269 2
      vertex 6.71782 6.07518 2
    endloop
  endfacet
  facet normal 0 0 1
    outer loop
      vertex 6.55113 7.76762 2
      vertex 6.63783 6.00269 2
      vertex 6.63783 7.70331 2
    endloop
  endfacet
  facet normal 0 0 1
    outer loop
      vertex 6.55113 7.76762 2
      vertex 6.55113 5.93838 2
      vertex 6.63783 6.00269 2
    endloop
  endfacet
  facet normal 0 0 1
    outer loop
      vertex 6.45854 7.82311 2
      vertex 6.55113 5.93838 2
      vertex 6.55113 7.76762 2
    endloop
  endfacet
  facet normal 0 0 1
    outer loop
      vertex 6.45854 7.82311 2
      vertex 6.45854 5.88289 2
      vertex 6.55113 5.93838 2
    endloop
  endfacet
  facet normal 0 0 1
    outer loop
      vertex 6.36095 7.86927 2
      vertex 6.45854 5.88289 2
      vertex 6.45854 7.82311 2
    endloop
  endfacet
  facet normal 0 0 1
    outer loop
      vertex 6.36095 7.86927 2
      vertex 6.36095 5.83673 2
      vertex 6.45854 5.88289 2
    endloop
  endfacet
  facet normal 0 0 1
    outer loop
      vertex 6.25931 7.90563 2
      vertex 6.36095 5.83673 2
      vertex 6.36095 7.86927 2
    endloop
  endfacet
  facet normal 0 0 1
    outer loop
      vertex 6.25931 7.90563 2
      vertex 6.25931 5.80037 2
      vertex 6.36095 5.83673 2
    endloop
  endfacet
  facet normal 0 0 1
    outer loop
      vertex 6.1546 7.93186 2
      vertex 6.25931 5.80037 2
      vertex 6.25931 7.90563 2
    endloop
  endfacet
  facet normal 0 0 1
    outer loop
      vertex 6.1546 7.93186 2
      vertex 6.1546 5.77414 2
      vertex 6.25931 5.80037 2
    endloop
  endfacet
  facet normal 0 0 1
    outer loop
      vertex 6.04782 7.9477 2
      vertex 6.1546 5.77414 2
      vertex 6.1546 7.93186 2
    endloop
  endfacet
  facet normal 0 0 1
    outer loop
      vertex 6.04782 7.9477 2
      vertex 6.04782 5.7583 2
      vertex 6.1546 5.77414 2
    endloop
  endfacet
  facet normal 0 0 1
    outer loop
      vertex 5.94 7.953 2
      vertex 6.04782 5.7583 2
      vertex 6.04782 7.9477 2
    endloop
  endfacet
  facet normal 0 0 1
    outer loop
      vertex 5.94 7.953 2
      vertex 5.94 5.753 2
      vertex 6.04782 5.7583 2
    endloop
  endfacet
  facet normal -0 0 1
    outer loop
      vertex 5.83218 7.9477 2
      vertex 5.94 5.753 2
      vertex 5.94 7.953 2
    endloop
  endfacet
  facet normal 0 0 1
    outer loop
      vertex 5.83218 7.9477 2
      vertex 5.83218 5.7583 2
      vertex 5.94 5.753 2
    endloop
  endfacet
  facet normal -0 0 1
    outer loop
      vertex 5.7254 7.93186 2
      vertex 5.83218 5.7583 2
      vertex 5.83218 7.9477 2
    endloop
  endfacet
  facet normal 0 0 1
    outer loop
      vertex 5.7254 7.93186 2
      vertex 5.7254 5.77414 2
      vertex 5.83218 5.7583 2
    endloop
  endfacet
  facet normal -0 0 1
    outer loop
      vertex 5.62069 7.90563 2
      vertex 5.7254 5.77414 2
      vertex 5.7254 7.93186 2
    endloop
  endfacet
  facet normal 0 0 1
    outer loop
      vertex 5.62069 7.90563 2
      vertex 5.62069 5.80037 2
      vertex 5.7254 5.77414 2
    endloop
  endfacet
  facet normal -0 0 1
    outer loop
      vertex 5.51905 7.86927 2
      vertex 5.62069 5.80037 2
      vertex 5.62069 7.90563 2
    endloop
  endfacet
  facet normal 0 0 1
    outer loop
      vertex 5.51905 7.86927 2
      vertex 5.51905 5.83673 2
      vertex 5.62069 5.80037 2
    endloop
  endfacet
  facet normal -0 0 1
    outer loop
      vertex 5.42146 7.82311 2
      vertex 5.51905 5.83673 2
      vertex 5.51905 7.86927 2
    endloop
  endfacet
  facet normal 0 0 1
    outer loop
      vertex 5.42146 7.82311 2
      vertex 5.42146 5.88289 2
      vertex 5.51905 5.83673 2
    endloop
  endfacet
  facet normal -0 0 1
    outer loop
      vertex 5.32887 7.76762 2
      vertex 5.42146 5.88289 2
      vertex 5.42146 7.82311 2
    endloop
  endfacet
  facet normal 0 0 1
    outer loop
      vertex 5.32887 7.76762 2
      vertex 5.32887 5.93838 2
      vertex 5.42146 5.88289 2
    endloop
  endfacet
  facet normal -0 0 1
    outer loop
      vertex 5.24217 7.70331 2
      vertex 5.32887 5.93838 2
      vertex 5.32887 7.76762 2
    endloop
  endfacet
  facet normal 0 0 1
    outer loop
      vertex 5.24217 7.70331 2
      vertex 5.24217 6.00269 2
      vertex 5.32887 5.93838 2
    endloop
  endfacet
  facet normal -0 0 1
    outer loop
      vertex 5.16218 7.63082 2
      vertex 5.24217 6.00269 2
      vertex 5.24217 7.70331 2
    endloop
  endfacet
  facet normal 0 0 1
    outer loop
      vertex 5.16218 7.63082 2
      vertex 5.16218 6.07518 2
      vertex 5.24217 6.00269 2
    endloop
  endfacet
  facet normal -0 0 1
    outer loop
      vertex 5.08969 7.55083 2
      vertex 5.16218 6.07518 2
      vertex 5.16218 7.63082 2
    endloop
  endfacet
  facet normal 0 0 1
    outer loop
      vertex 5.08969 7.55083 2
      vertex 5.08969 6.15517 2
      vertex 5.16218 6.07518 2
    endloop
  endfacet
  facet normal -0 0 1
    outer loop
      vertex 5.02538 7.46413 2
      vertex 5.08969 6.15517 2
      vertex 5.08969 7.55083 2
    endloop
  endfacet
  facet normal 0 0 1
    outer loop
      vertex 5.02538 7.46413 2
      vertex 5.02538 6.24187 2
      vertex 5.08969 6.15517 2
    endloop
  endfacet
  facet normal -0 0 1
    outer loop
      vertex 4.96989 7.37154 2
      vertex 5.02538 6.24187 2
      vertex 5.02538 7.46413 2
    endloop
  endfacet
  facet normal 0 0 1
    outer loop
      vertex 4.96989 7.37154 2
      vertex 4.96989 6.33446 2
      vertex 5.02538 6.24187 2
    endloop
  endfacet
  facet normal -0 0 1
    outer loop
      vertex 4.92373 7.27395 2
      vertex 4.96989 6.33446 2
      vertex 4.96989 7.37154 2
    endloop
  endfacet
  facet normal 0 0 1
    outer loop
      vertex 4.92373 7.27395 2
      vertex 4.92373 6.43205 2
      vertex 4.96989 6.33446 2
    endloop
  endfacet
  facet normal -0 0 1
    outer loop
      vertex 4.88737 7.17231 2
      vertex 4.92373 6.43205 2
      vertex 4.92373 7.27395 2
    endloop
  endfacet
  facet normal 0 0 1
    outer loop
      vertex 4.88737 7.17231 2
      vertex 4.88737 6.53369 2
      vertex 4.92373 6.43205 2
    endloop
  endfacet
  facet normal -0 0 1
    outer loop
      vertex 4.86114 7.0676 2
      vertex 4.88737 6.53369 2
      vertex 4.88737 7.17231 2
    endloop
  endfacet
  facet normal 0 0 1
    outer loop
      vertex 4.86114 7.0676 2
      vertex 4.86114 6.6384 2
      vertex 4.88737 6.53369 2
    endloop
  endfacet
  facet normal -0 0 1
    outer loop
      vertex 4.8453 6.96082 2
      vertex 4.86114 6.6384 2
      vertex 4.86114 7.0676 2
    endloop
  endfacet
  facet normal 0 0 1
    outer loop
      vertex 4.8453 6.96082 2
      vertex 4.8453 6.74518 2
      vertex 4.86114 6.6384 2
    endloop
  endfacet
  facet normal 0 -0 1
    outer loop
      vertex 4.8453 6.74518 2
      vertex 4.8453 6.96082 2
      vertex 4.84 6.853 2
    endloop
  endfacet
  facet normal -0.970028 -0.242993 0
    outer loop
      vertex 7.01886 7.0676 2
      vertex 6.99263 7.17231 5.468
      vertex 6.99263 7.17231 2
    endloop
  endfacet
  facet normal -0.970028 -0.242993 0
    outer loop
      vertex 6.99263 7.17231 5.468
      vertex 7.01886 7.0676 2
      vertex 7.01886 7.0676 5.468
    endloop
  endfacet
  facet normal -0.242993 0.970028 0
    outer loop
      vertex 6.25931 5.80037 2
      vertex 6.1546 5.77414 5.468
      vertex 6.25931 5.80037 5.468
    endloop
  endfacet
  facet normal -0.242993 0.970028 0
    outer loop
      vertex 6.1546 5.77414 5.468
      vertex 6.25931 5.80037 2
      vertex 6.1546 5.77414 2
    endloop
  endfacet
  facet normal -0.970028 0.242993 0
    outer loop
      vertex 6.99263 6.53369 2
      vertex 7.01886 6.6384 5.468
      vertex 7.01886 6.6384 2
    endloop
  endfacet
  facet normal -0.970028 0.242993 0
    outer loop
      vertex 7.01886 6.6384 5.468
      vertex 6.99263 6.53369 2
      vertex 6.99263 6.53369 5.468
    endloop
  endfacet
  facet normal 0.671515 -0.740991 0
    outer loop
      vertex 5.16218 7.63082 2
      vertex 5.24217 7.70331 5.468
      vertex 5.16218 7.63082 5.468
    endloop
  endfacet
  facet normal 0.671515 -0.740991 0
    outer loop
      vertex 5.24217 7.70331 5.468
      vertex 5.16218 7.63082 2
      vertex 5.24217 7.70331 2
    endloop
  endfacet
  facet normal 0.970028 -0.242993 0
    outer loop
      vertex 4.86114 7.0676 5.468
      vertex 4.88737 7.17231 2
      vertex 4.88737 7.17231 5.468
    endloop
  endfacet
  facet normal 0.970028 -0.242993 0
    outer loop
      vertex 4.88737 7.17231 2
      vertex 4.86114 7.0676 5.468
      vertex 4.86114 7.0676 2
    endloop
  endfacet
  facet normal 0.427581 -0.903977 0
    outer loop
      vertex 5.42146 7.82311 2
      vertex 5.51905 7.86927 5.468
      vertex 5.42146 7.82311 5.468
    endloop
  endfacet
  facet normal 0.427581 -0.903977 0
    outer loop
      vertex 5.51905 7.86927 5.468
      vertex 5.42146 7.82311 2
      vertex 5.51905 7.86927 2
    endloop
  endfacet
  facet normal -0.903977 0.427581 0
    outer loop
      vertex 6.91011 6.33446 2
      vertex 6.95627 6.43205 5.468
      vertex 6.95627 6.43205 2
    endloop
  endfacet
  facet normal -0.903977 0.427581 0
    outer loop
      vertex 6.95627 6.43205 5.468
      vertex 6.91011 6.33446 2
      vertex 6.91011 6.33446 5.468
    endloop
  endfacet
  facet normal 0.0490967 -0.998794 0
    outer loop
      vertex 5.83218 7.9477 2
      vertex 5.94 7.953 5.468
      vertex 5.83218 7.9477 5.468
    endloop
  endfacet
  facet normal 0.0490967 -0.998794 0
    outer loop
      vertex 5.94 7.953 5.468
      vertex 5.83218 7.9477 2
      vertex 5.94 7.953 2
    endloop
  endfacet
  facet normal 0.595752 -0.803168 0
    outer loop
      vertex 5.24217 7.70331 2
      vertex 5.32887 7.76762 5.468
      vertex 5.24217 7.70331 5.468
    endloop
  endfacet
  facet normal 0.595752 -0.803168 0
    outer loop
      vertex 5.32887 7.76762 5.468
      vertex 5.24217 7.70331 2
      vertex 5.32887 7.76762 2
    endloop
  endfacet
  facet normal 0.336829 -0.941566 0
    outer loop
      vertex 5.51905 7.86927 2
      vertex 5.62069 7.90563 5.468
      vertex 5.51905 7.86927 5.468
    endloop
  endfacet
  facet normal 0.336829 -0.941566 0
    outer loop
      vertex 5.62069 7.90563 5.468
      vertex 5.51905 7.86927 2
      vertex 5.62069 7.90563 2
    endloop
  endfacet
  facet normal -0.427581 -0.903977 0
    outer loop
      vertex 6.36095 7.86927 2
      vertex 6.45854 7.82311 5.468
      vertex 6.36095 7.86927 5.468
    endloop
  endfacet
  facet normal -0.427581 -0.903977 -0
    outer loop
      vertex 6.45854 7.82311 5.468
      vertex 6.36095 7.86927 2
      vertex 6.45854 7.82311 2
    endloop
  endfacet
  facet normal -0.903977 -0.427581 0
    outer loop
      vertex 6.95627 7.27395 2
      vertex 6.91011 7.37154 5.468
      vertex 6.91011 7.37154 2
    endloop
  endfacet
  facet normal -0.903977 -0.427581 0
    outer loop
      vertex 6.91011 7.37154 5.468
      vertex 6.95627 7.27395 2
      vertex 6.95627 7.27395 5.468
    endloop
  endfacet
  facet normal -0.857754 -0.51406 0
    outer loop
      vertex 6.91011 7.37154 2
      vertex 6.85462 7.46413 5.468
      vertex 6.85462 7.46413 2
    endloop
  endfacet
  facet normal -0.857754 -0.51406 0
    outer loop
      vertex 6.85462 7.46413 5.468
      vertex 6.91011 7.37154 2
      vertex 6.91011 7.37154 5.468
    endloop
  endfacet
  facet normal 0.903977 0.427581 0
    outer loop
      vertex 4.96989 6.33446 5.468
      vertex 4.92373 6.43205 2
      vertex 4.92373 6.43205 5.468
    endloop
  endfacet
  facet normal 0.903977 0.427581 0
    outer loop
      vertex 4.92373 6.43205 2
      vertex 4.96989 6.33446 5.468
      vertex 4.96989 6.33446 2
    endloop
  endfacet
  facet normal -0.941566 0.336829 0
    outer loop
      vertex 6.95627 6.43205 2
      vertex 6.99263 6.53369 5.468
      vertex 6.99263 6.53369 2
    endloop
  endfacet
  facet normal -0.941566 0.336829 0
    outer loop
      vertex 6.99263 6.53369 5.468
      vertex 6.95627 6.43205 2
      vertex 6.95627 6.43205 5.468
    endloop
  endfacet
  facet normal -0.146737 0.989176 0
    outer loop
      vertex 6.1546 5.77414 2
      vertex 6.04782 5.7583 5.468
      vertex 6.1546 5.77414 5.468
    endloop
  endfacet
  facet normal -0.146737 0.989176 0
    outer loop
      vertex 6.04782 5.7583 5.468
      vertex 6.1546 5.77414 2
      vertex 6.04782 5.7583 2
    endloop
  endfacet
  facet normal 0.427581 0.903977 -0
    outer loop
      vertex 5.51905 5.83673 2
      vertex 5.42146 5.88289 5.468
      vertex 5.51905 5.83673 5.468
    endloop
  endfacet
  facet normal 0.427581 0.903977 0
    outer loop
      vertex 5.42146 5.88289 5.468
      vertex 5.51905 5.83673 2
      vertex 5.42146 5.88289 2
    endloop
  endfacet
  facet normal -0.51406 -0.857754 0
    outer loop
      vertex 6.45854 7.82311 2
      vertex 6.55113 7.76762 5.468
      vertex 6.45854 7.82311 5.468
    endloop
  endfacet
  facet normal -0.51406 -0.857754 -0
    outer loop
      vertex 6.55113 7.76762 5.468
      vertex 6.45854 7.82311 2
      vertex 6.55113 7.76762 2
    endloop
  endfacet
  facet normal -0.740991 -0.671515 0
    outer loop
      vertex 6.79031 7.55083 2
      vertex 6.71782 7.63082 5.468
      vertex 6.71782 7.63082 2
    endloop
  endfacet
  facet normal -0.740991 -0.671515 0
    outer loop
      vertex 6.71782 7.63082 5.468
      vertex 6.79031 7.55083 2
      vertex 6.79031 7.55083 5.468
    endloop
  endfacet
  facet normal 0.740991 -0.671515 0
    outer loop
      vertex 5.08969 7.55083 5.468
      vertex 5.16218 7.63082 2
      vertex 5.16218 7.63082 5.468
    endloop
  endfacet
  facet normal 0.740991 -0.671515 0
    outer loop
      vertex 5.16218 7.63082 2
      vertex 5.08969 7.55083 5.468
      vertex 5.08969 7.55083 2
    endloop
  endfacet
  facet normal -0.989176 0.146737 0
    outer loop
      vertex 7.01886 6.6384 2
      vertex 7.0347 6.74518 5.468
      vertex 7.0347 6.74518 2
    endloop
  endfacet
  facet normal -0.989176 0.146737 0
    outer loop
      vertex 7.0347 6.74518 5.468
      vertex 7.01886 6.6384 2
      vertex 7.01886 6.6384 5.468
    endloop
  endfacet
  facet normal 0.941566 -0.336829 0
    outer loop
      vertex 4.88737 7.17231 5.468
      vertex 4.92373 7.27395 2
      vertex 4.92373 7.27395 5.468
    endloop
  endfacet
  facet normal 0.941566 -0.336829 0
    outer loop
      vertex 4.92373 7.27395 2
      vertex 4.88737 7.17231 5.468
      vertex 4.88737 7.17231 2
    endloop
  endfacet
  facet normal -0.0490967 0.998794 0
    outer loop
      vertex 6.04782 5.7583 2
      vertex 5.94 5.753 5.468
      vertex 6.04782 5.7583 5.468
    endloop
  endfacet
  facet normal -0.0490967 0.998794 0
    outer loop
      vertex 5.94 5.753 5.468
      vertex 6.04782 5.7583 2
      vertex 5.94 5.753 2
    endloop
  endfacet
  facet normal 0.51406 -0.857754 0
    outer loop
      vertex 5.32887 7.76762 2
      vertex 5.42146 7.82311 5.468
      vertex 5.32887 7.76762 5.468
    endloop
  endfacet
  facet normal 0.51406 -0.857754 0
    outer loop
      vertex 5.42146 7.82311 5.468
      vertex 5.32887 7.76762 2
      vertex 5.42146 7.82311 2
    endloop
  endfacet
  facet normal 0.803168 -0.595752 0
    outer loop
      vertex 5.02538 7.46413 5.468
      vertex 5.08969 7.55083 2
      vertex 5.08969 7.55083 5.468
    endloop
  endfacet
  facet normal 0.803168 -0.595752 0
    outer loop
      vertex 5.08969 7.55083 2
      vertex 5.02538 7.46413 5.468
      vertex 5.02538 7.46413 2
    endloop
  endfacet
  facet normal -0.671515 -0.740991 0
    outer loop
      vertex 6.63783 7.70331 2
      vertex 6.71782 7.63082 5.468
      vertex 6.63783 7.70331 5.468
    endloop
  endfacet
  facet normal -0.671515 -0.740991 -0
    outer loop
      vertex 6.71782 7.63082 5.468
      vertex 6.63783 7.70331 2
      vertex 6.71782 7.63082 2
    endloop
  endfacet
  facet normal 0.740991 0.671515 0
    outer loop
      vertex 5.16218 6.07518 5.468
      vertex 5.08969 6.15517 2
      vertex 5.08969 6.15517 5.468
    endloop
  endfacet
  facet normal 0.740991 0.671515 0
    outer loop
      vertex 5.08969 6.15517 2
      vertex 5.16218 6.07518 5.468
      vertex 5.16218 6.07518 2
    endloop
  endfacet
  facet normal 0.671515 0.740991 -0
    outer loop
      vertex 5.24217 6.00269 2
      vertex 5.16218 6.07518 5.468
      vertex 5.24217 6.00269 5.468
    endloop
  endfacet
  facet normal 0.671515 0.740991 0
    outer loop
      vertex 5.16218 6.07518 5.468
      vertex 5.24217 6.00269 2
      vertex 5.16218 6.07518 2
    endloop
  endfacet
  facet normal 0.803168 0.595752 0
    outer loop
      vertex 5.08969 6.15517 5.468
      vertex 5.02538 6.24187 2
      vertex 5.02538 6.24187 5.468
    endloop
  endfacet
  facet normal 0.803168 0.595752 0
    outer loop
      vertex 5.02538 6.24187 2
      vertex 5.08969 6.15517 5.468
      vertex 5.08969 6.15517 2
    endloop
  endfacet
  facet normal 0.989176 0.146737 0
    outer loop
      vertex 4.86114 6.6384 5.468
      vertex 4.8453 6.74518 2
      vertex 4.8453 6.74518 5.468
    endloop
  endfacet
  facet normal 0.989176 0.146737 0
    outer loop
      vertex 4.8453 6.74518 2
      vertex 4.86114 6.6384 5.468
      vertex 4.86114 6.6384 2
    endloop
  endfacet
  facet normal -0.51406 0.857754 0
    outer loop
      vertex 6.55113 5.93838 2
      vertex 6.45854 5.88289 5.468
      vertex 6.55113 5.93838 5.468
    endloop
  endfacet
  facet normal -0.51406 0.857754 0
    outer loop
      vertex 6.45854 5.88289 5.468
      vertex 6.55113 5.93838 2
      vertex 6.45854 5.88289 2
    endloop
  endfacet
  facet normal 0.989176 -0.146737 0
    outer loop
      vertex 4.8453 6.96082 5.468
      vertex 4.86114 7.0676 2
      vertex 4.86114 7.0676 5.468
    endloop
  endfacet
  facet normal 0.989176 -0.146737 0
    outer loop
      vertex 4.86114 7.0676 2
      vertex 4.8453 6.96082 5.468
      vertex 4.8453 6.96082 2
    endloop
  endfacet
  facet normal -0.146737 -0.989176 0
    outer loop
      vertex 6.04782 7.9477 2
      vertex 6.1546 7.93186 5.468
      vertex 6.04782 7.9477 5.468
    endloop
  endfacet
  facet normal -0.146737 -0.989176 -0
    outer loop
      vertex 6.1546 7.93186 5.468
      vertex 6.04782 7.9477 2
      vertex 6.1546 7.93186 2
    endloop
  endfacet
  facet normal -0.857754 0.51406 0
    outer loop
      vertex 6.85462 6.24187 2
      vertex 6.91011 6.33446 5.468
      vertex 6.91011 6.33446 2
    endloop
  endfacet
  facet normal -0.857754 0.51406 0
    outer loop
      vertex 6.91011 6.33446 5.468
      vertex 6.85462 6.24187 2
      vertex 6.85462 6.24187 5.468
    endloop
  endfacet
  facet normal -0.427581 0.903977 0
    outer loop
      vertex 6.45854 5.88289 2
      vertex 6.36095 5.83673 5.468
      vertex 6.45854 5.88289 5.468
    endloop
  endfacet
  facet normal -0.427581 0.903977 0
    outer loop
      vertex 6.36095 5.83673 5.468
      vertex 6.45854 5.88289 2
      vertex 6.36095 5.83673 2
    endloop
  endfacet
  facet normal -0.336829 0.941566 0
    outer loop
      vertex 6.36095 5.83673 2
      vertex 6.25931 5.80037 5.468
      vertex 6.36095 5.83673 5.468
    endloop
  endfacet
  facet normal -0.336829 0.941566 0
    outer loop
      vertex 6.25931 5.80037 5.468
      vertex 6.36095 5.83673 2
      vertex 6.25931 5.80037 2
    endloop
  endfacet
  facet normal -0.242993 -0.970028 0
    outer loop
      vertex 6.1546 7.93186 2
      vertex 6.25931 7.90563 5.468
      vertex 6.1546 7.93186 5.468
    endloop
  endfacet
  facet normal -0.242993 -0.970028 -0
    outer loop
      vertex 6.25931 7.90563 5.468
      vertex 6.1546 7.93186 2
      vertex 6.25931 7.90563 2
    endloop
  endfacet
  facet normal 0.146737 0.989176 -0
    outer loop
      vertex 5.83218 5.7583 2
      vertex 5.7254 5.77414 5.468
      vertex 5.83218 5.7583 5.468
    endloop
  endfacet
  facet normal 0.146737 0.989176 0
    outer loop
      vertex 5.7254 5.77414 5.468
      vertex 5.83218 5.7583 2
      vertex 5.7254 5.77414 2
    endloop
  endfacet
  facet normal 0.242993 0.970028 -0
    outer loop
      vertex 5.7254 5.77414 2
      vertex 5.62069 5.80037 5.468
      vertex 5.7254 5.77414 5.468
    endloop
  endfacet
  facet normal 0.242993 0.970028 0
    outer loop
      vertex 5.62069 5.80037 5.468
      vertex 5.7254 5.77414 2
      vertex 5.62069 5.80037 2
    endloop
  endfacet
  facet normal 0.336829 0.941566 -0
    outer loop
      vertex 5.62069 5.80037 2
      vertex 5.51905 5.83673 5.468
      vertex 5.62069 5.80037 5.468
    endloop
  endfacet
  facet normal 0.336829 0.941566 0
    outer loop
      vertex 5.51905 5.83673 5.468
      vertex 5.62069 5.80037 2
      vertex 5.51905 5.83673 2
    endloop
  endfacet
  facet normal 0.857754 -0.51406 0
    outer loop
      vertex 4.96989 7.37154 5.468
      vertex 5.02538 7.46413 2
      vertex 5.02538 7.46413 5.468
    endloop
  endfacet
  facet normal 0.857754 -0.51406 0
    outer loop
      vertex 5.02538 7.46413 2
      vertex 4.96989 7.37154 5.468
      vertex 4.96989 7.37154 2
    endloop
  endfacet
  facet normal -0.740991 0.671515 0
    outer loop
      vertex 6.71782 6.07518 2
      vertex 6.79031 6.15517 5.468
      vertex 6.79031 6.15517 2
    endloop
  endfacet
  facet normal -0.740991 0.671515 0
    outer loop
      vertex 6.79031 6.15517 5.468
      vertex 6.71782 6.07518 2
      vertex 6.71782 6.07518 5.468
    endloop
  endfacet
  facet normal 0.336336 0.941742 -0
    outer loop
      vertex 5.62069 53.2984 2
      vertex 5.51905 53.3347 5.468
      vertex 5.62069 53.2984 5.468
    endloop
  endfacet
  facet normal 0.336336 0.941742 0
    outer loop
      vertex 5.51905 53.3347 5.468
      vertex 5.62069 53.2984 2
      vertex 5.51905 53.3347 2
    endloop
  endfacet
  facet normal -0.98918 -0.14671 0
    outer loop
      vertex 7.0347 54.4588 2
      vertex 7.01886 54.5656 5.468
      vertex 7.01886 54.5656 2
    endloop
  endfacet
  facet normal -0.98918 -0.14671 0
    outer loop
      vertex 7.01886 54.5656 5.468
      vertex 7.0347 54.4588 2
      vertex 7.0347 54.4588 5.468
    endloop
  endfacet
  facet normal -0.998794 -0.0491058 0
    outer loop
      vertex 7.04 54.351 2
      vertex 7.0347 54.4588 5.468
      vertex 7.0347 54.4588 2
    endloop
  endfacet
  facet normal -0.998794 -0.0491058 0
    outer loop
      vertex 7.0347 54.4588 5.468
      vertex 7.04 54.351 2
      vertex 7.04 54.351 5.468
    endloop
  endfacet
  facet normal -0.970022 -0.243015 0
    outer loop
      vertex 7.01886 54.5656 2
      vertex 6.99263 54.6703 5.468
      vertex 6.99263 54.6703 2
    endloop
  endfacet
  facet normal -0.970022 -0.243015 0
    outer loop
      vertex 6.99263 54.6703 5.468
      vertex 7.01886 54.5656 2
      vertex 7.01886 54.5656 5.468
    endloop
  endfacet
  facet normal 0.98918 -0.14671 0
    outer loop
      vertex 4.8453 54.4588 5.468
      vertex 4.86114 54.5656 2
      vertex 4.86114 54.5656 5.468
    endloop
  endfacet
  facet normal 0.98918 -0.14671 0
    outer loop
      vertex 4.86114 54.5656 2
      vertex 4.8453 54.4588 5.468
      vertex 4.8453 54.4588 2
    endloop
  endfacet
  facet normal 0.243603 0.969875 -0
    outer loop
      vertex 5.7254 53.2721 2
      vertex 5.62069 53.2984 5.468
      vertex 5.7254 53.2721 5.468
    endloop
  endfacet
  facet normal 0.243603 0.969875 0
    outer loop
      vertex 5.62069 53.2984 5.468
      vertex 5.7254 53.2721 2
      vertex 5.62069 53.2984 2
    endloop
  endfacet
  facet normal -0.336336 -0.941742 0
    outer loop
      vertex 6.25931 55.4036 2
      vertex 6.36095 55.3673 5.468
      vertex 6.25931 55.4036 5.468
    endloop
  endfacet
  facet normal -0.336336 -0.941742 -0
    outer loop
      vertex 6.36095 55.3673 5.468
      vertex 6.25931 55.4036 2
      vertex 6.36095 55.3673 2
    endloop
  endfacet
  facet normal 0.514128 -0.857714 0
    outer loop
      vertex 5.32887 55.2656 2
      vertex 5.42146 55.3211 5.468
      vertex 5.32887 55.2656 5.468
    endloop
  endfacet
  facet normal 0.514128 -0.857714 0
    outer loop
      vertex 5.42146 55.3211 5.468
      vertex 5.32887 55.2656 2
      vertex 5.42146 55.3211 2
    endloop
  endfacet
  facet normal 0.903825 0.427903 0
    outer loop
      vertex 4.96989 53.8325 5.468
      vertex 4.92373 53.93 2
      vertex 4.92373 53.93 5.468
    endloop
  endfacet
  facet normal 0.903825 0.427903 0
    outer loop
      vertex 4.92373 53.93 2
      vertex 4.96989 53.8325 5.468
      vertex 4.96989 53.8325 2
    endloop
  endfacet
  facet normal 0.243603 -0.969875 0
    outer loop
      vertex 5.62069 55.4036 2
      vertex 5.7254 55.4299 5.468
      vertex 5.62069 55.4036 5.468
    endloop
  endfacet
  facet normal 0.243603 -0.969875 0
    outer loop
      vertex 5.7254 55.4299 5.468
      vertex 5.62069 55.4036 2
      vertex 5.7254 55.4299 2
    endloop
  endfacet
  facet normal 0.857779 0.514019 0
    outer loop
      vertex 5.02538 53.7399 5.468
      vertex 4.96989 53.8325 2
      vertex 4.96989 53.8325 5.468
    endloop
  endfacet
  facet normal 0.857779 0.514019 0
    outer loop
      vertex 4.96989 53.8325 2
      vertex 5.02538 53.7399 5.468
      vertex 5.02538 53.7399 2
    endloop
  endfacet
  facet normal -0.243603 0.969875 0
    outer loop
      vertex 6.25931 53.2984 2
      vertex 6.1546 53.2721 5.468
      vertex 6.25931 53.2984 5.468
    endloop
  endfacet
  facet normal -0.243603 0.969875 0
    outer loop
      vertex 6.1546 53.2721 5.468
      vertex 6.25931 53.2984 2
      vertex 6.1546 53.2721 2
    endloop
  endfacet
  facet normal 0.595693 0.803212 -0
    outer loop
      vertex 5.32887 53.4364 2
      vertex 5.24217 53.5007 5.468
      vertex 5.32887 53.4364 5.468
    endloop
  endfacet
  facet normal 0.595693 0.803212 0
    outer loop
      vertex 5.24217 53.5007 5.468
      vertex 5.32887 53.4364 2
      vertex 5.24217 53.5007 2
    endloop
  endfacet
  facet normal -0.514128 0.857714 0
    outer loop
      vertex 6.55113 53.4364 2
      vertex 6.45854 53.3809 5.468
      vertex 6.55113 53.4364 5.468
    endloop
  endfacet
  facet normal -0.514128 0.857714 0
    outer loop
      vertex 6.45854 53.3809 5.468
      vertex 6.55113 53.4364 2
      vertex 6.45854 53.3809 2
    endloop
  endfacet
  facet normal -0.803168 0.595752 0
    outer loop
      vertex 6.79031 53.6532 2
      vertex 6.85462 53.7399 5.468
      vertex 6.85462 53.7399 2
    endloop
  endfacet
  facet normal -0.803168 0.595752 0
    outer loop
      vertex 6.85462 53.7399 5.468
      vertex 6.79031 53.6532 2
      vertex 6.79031 53.6532 5.468
    endloop
  endfacet
  facet normal -0.146374 -0.989229 0
    outer loop
      vertex 6.04782 55.4457 2
      vertex 6.1546 55.4299 5.468
      vertex 6.04782 55.4457 5.468
    endloop
  endfacet
  facet normal -0.146374 -0.989229 -0
    outer loop
      vertex 6.1546 55.4299 5.468
      vertex 6.04782 55.4457 2
      vertex 6.1546 55.4299 2
    endloop
  endfacet
  facet normal 0.595693 -0.803212 0
    outer loop
      vertex 5.24217 55.2013 2
      vertex 5.32887 55.2656 5.468
      vertex 5.24217 55.2013 5.468
    endloop
  endfacet
  facet normal 0.595693 -0.803212 0
    outer loop
      vertex 5.32887 55.2656 5.468
      vertex 5.24217 55.2013 2
      vertex 5.32887 55.2656 2
    endloop
  endfacet
  facet normal 0.803168 -0.595752 0
    outer loop
      vertex 5.02538 54.9621 5.468
      vertex 5.08969 55.0488 2
      vertex 5.08969 55.0488 5.468
    endloop
  endfacet
  facet normal 0.803168 -0.595752 0
    outer loop
      vertex 5.08969 55.0488 2
      vertex 5.02538 54.9621 5.468
      vertex 5.02538 54.9621 2
    endloop
  endfacet
  facet normal -0.98918 0.14671 0
    outer loop
      vertex 7.01886 54.1364 2
      vertex 7.0347 54.2432 5.468
      vertex 7.0347 54.2432 2
    endloop
  endfacet
  facet normal -0.98918 0.14671 0
    outer loop
      vertex 7.0347 54.2432 5.468
      vertex 7.01886 54.1364 2
      vertex 7.01886 54.1364 5.468
    endloop
  endfacet
  facet normal 0.941524 -0.336947 0
    outer loop
      vertex 4.88737 54.6703 5.468
      vertex 4.92373 54.7719 2
      vertex 4.92373 54.7719 5.468
    endloop
  endfacet
  facet normal 0.941524 -0.336947 0
    outer loop
      vertex 4.92373 54.7719 2
      vertex 4.88737 54.6703 5.468
      vertex 4.88737 54.6703 2
    endloop
  endfacet
  facet normal -0.427883 -0.903834 0
    outer loop
      vertex 6.36095 55.3673 2
      vertex 6.45854 55.3211 5.468
      vertex 6.36095 55.3673 5.468
    endloop
  endfacet
  facet normal -0.427883 -0.903834 -0
    outer loop
      vertex 6.45854 55.3211 5.468
      vertex 6.36095 55.3673 2
      vertex 6.45854 55.3211 2
    endloop
  endfacet
  facet normal 0.941629 0.336653 0
    outer loop
      vertex 4.92373 53.93 5.468
      vertex 4.88737 54.0317 2
      vertex 4.88737 54.0317 5.468
    endloop
  endfacet
  facet normal 0.941629 0.336653 0
    outer loop
      vertex 4.88737 54.0317 2
      vertex 4.92373 53.93 5.468
      vertex 4.92373 53.93 2
    endloop
  endfacet
  facet normal -0.970022 0.243015 0
    outer loop
      vertex 6.99263 54.0317 2
      vertex 7.01886 54.1364 5.468
      vertex 7.01886 54.1364 2
    endloop
  endfacet
  facet normal -0.970022 0.243015 0
    outer loop
      vertex 7.01886 54.1364 5.468
      vertex 6.99263 54.0317 2
      vertex 6.99263 54.0317 5.468
    endloop
  endfacet
  facet normal 0.0490967 -0.998794 0
    outer loop
      vertex 5.83218 55.4457 2
      vertex 5.94 55.451 5.468
      vertex 5.83218 55.4457 5.468
    endloop
  endfacet
  facet normal 0.0490967 -0.998794 0
    outer loop
      vertex 5.94 55.451 5.468
      vertex 5.83218 55.4457 2
      vertex 5.94 55.451 2
    endloop
  endfacet
  facet normal -0.671566 -0.740945 0
    outer loop
      vertex 6.63783 55.2013 2
      vertex 6.71782 55.1288 5.468
      vertex 6.63783 55.2013 5.468
    endloop
  endfacet
  facet normal -0.671566 -0.740945 -0
    outer loop
      vertex 6.71782 55.1288 5.468
      vertex 6.63783 55.2013 2
      vertex 6.71782 55.1288 2
    endloop
  endfacet
  facet normal 0.427883 -0.903834 0
    outer loop
      vertex 5.42146 55.3211 2
      vertex 5.51905 55.3673 5.468
      vertex 5.42146 55.3211 5.468
    endloop
  endfacet
  facet normal 0.427883 -0.903834 0
    outer loop
      vertex 5.51905 55.3673 5.468
      vertex 5.42146 55.3211 2
      vertex 5.51905 55.3673 2
    endloop
  endfacet
  facet normal 0.671566 -0.740945 0
    outer loop
      vertex 5.16218 55.1288 2
      vertex 5.24217 55.2013 5.468
      vertex 5.16218 55.1288 5.468
    endloop
  endfacet
  facet normal 0.671566 -0.740945 0
    outer loop
      vertex 5.24217 55.2013 5.468
      vertex 5.16218 55.1288 2
      vertex 5.24217 55.2013 2
    endloop
  endfacet
  facet normal -0.336336 0.941742 0
    outer loop
      vertex 6.36095 53.3347 2
      vertex 6.25931 53.2984 5.468
      vertex 6.36095 53.3347 5.468
    endloop
  endfacet
  facet normal -0.336336 0.941742 0
    outer loop
      vertex 6.25931 53.2984 5.468
      vertex 6.36095 53.3347 2
      vertex 6.25931 53.2984 2
    endloop
  endfacet
  facet normal 0.336336 -0.941742 0
    outer loop
      vertex 5.51905 55.3673 2
      vertex 5.62069 55.4036 5.468
      vertex 5.51905 55.3673 5.468
    endloop
  endfacet
  facet normal 0.336336 -0.941742 0
    outer loop
      vertex 5.62069 55.4036 5.468
      vertex 5.51905 55.3673 2
      vertex 5.62069 55.4036 2
    endloop
  endfacet
  facet normal -0.803168 -0.595752 0
    outer loop
      vertex 6.85462 54.9621 2
      vertex 6.79031 55.0488 5.468
      vertex 6.79031 55.0488 2
    endloop
  endfacet
  facet normal -0.803168 -0.595752 0
    outer loop
      vertex 6.79031 55.0488 5.468
      vertex 6.85462 54.9621 2
      vertex 6.85462 54.9621 5.468
    endloop
  endfacet
  facet normal 0.857779 -0.514019 0
    outer loop
      vertex 4.96989 54.8695 5.468
      vertex 5.02538 54.9621 2
      vertex 5.02538 54.9621 5.468
    endloop
  endfacet
  facet normal 0.857779 -0.514019 0
    outer loop
      vertex 5.02538 54.9621 2
      vertex 4.96989 54.8695 5.468
      vertex 4.96989 54.8695 2
    endloop
  endfacet
  facet normal -0.998794 0.0491058 0
    outer loop
      vertex 7.0347 54.2432 2
      vertex 7.04 54.351 5.468
      vertex 7.04 54.351 2
    endloop
  endfacet
  facet normal -0.998794 0.0491058 0
    outer loop
      vertex 7.04 54.351 5.468
      vertex 7.0347 54.2432 2
      vertex 7.0347 54.2432 5.468
    endloop
  endfacet
  facet normal -0.903825 0.427903 0
    outer loop
      vertex 6.91011 53.8325 2
      vertex 6.95627 53.93 5.468
      vertex 6.95627 53.93 2
    endloop
  endfacet
  facet normal -0.903825 0.427903 0
    outer loop
      vertex 6.95627 53.93 5.468
      vertex 6.91011 53.8325 2
      vertex 6.91011 53.8325 5.468
    endloop
  endfacet
  facet normal -0.857779 -0.514019 0
    outer loop
      vertex 6.91011 54.8695 2
      vertex 6.85462 54.9621 5.468
      vertex 6.85462 54.9621 2
    endloop
  endfacet
  facet normal -0.857779 -0.514019 0
    outer loop
      vertex 6.85462 54.9621 5.468
      vertex 6.91011 54.8695 2
      vertex 6.91011 54.8695 5.468
    endloop
  endfacet
  facet normal 0.671566 0.740945 -0
    outer loop
      vertex 5.24217 53.5007 2
      vertex 5.16218 53.5732 5.468
      vertex 5.24217 53.5007 5.468
    endloop
  endfacet
  facet normal 0.671566 0.740945 0
    outer loop
      vertex 5.16218 53.5732 5.468
      vertex 5.24217 53.5007 2
      vertex 5.16218 53.5732 2
    endloop
  endfacet
  facet normal -0.595693 -0.803212 0
    outer loop
      vertex 6.55113 55.2656 2
      vertex 6.63783 55.2013 5.468
      vertex 6.55113 55.2656 5.468
    endloop
  endfacet
  facet normal -0.595693 -0.803212 -0
    outer loop
      vertex 6.63783 55.2013 5.468
      vertex 6.55113 55.2656 2
      vertex 6.63783 55.2013 2
    endloop
  endfacet
  facet normal 0.514128 0.857714 -0
    outer loop
      vertex 5.42146 53.3809 2
      vertex 5.32887 53.4364 5.468
      vertex 5.42146 53.3809 5.468
    endloop
  endfacet
  facet normal 0.514128 0.857714 0
    outer loop
      vertex 5.32887 53.4364 5.468
      vertex 5.42146 53.3809 2
      vertex 5.32887 53.4364 2
    endloop
  endfacet
  facet normal -0.514128 -0.857714 0
    outer loop
      vertex 6.45854 55.3211 2
      vertex 6.55113 55.2656 5.468
      vertex 6.45854 55.3211 5.468
    endloop
  endfacet
  facet normal -0.514128 -0.857714 -0
    outer loop
      vertex 6.55113 55.2656 5.468
      vertex 6.45854 55.3211 2
      vertex 6.55113 55.2656 2
    endloop
  endfacet
  facet normal -0.146374 0.989229 0
    outer loop
      vertex 6.1546 53.2721 2
      vertex 6.04782 53.2563 5.468
      vertex 6.1546 53.2721 5.468
    endloop
  endfacet
  facet normal -0.146374 0.989229 0
    outer loop
      vertex 6.04782 53.2563 5.468
      vertex 6.1546 53.2721 2
      vertex 6.04782 53.2563 2
    endloop
  endfacet
  facet normal -0.941524 -0.336947 0
    outer loop
      vertex 6.99263 54.6703 2
      vertex 6.95627 54.7719 5.468
      vertex 6.95627 54.7719 2
    endloop
  endfacet
  facet normal -0.941524 -0.336947 0
    outer loop
      vertex 6.95627 54.7719 5.468
      vertex 6.99263 54.6703 2
      vertex 6.99263 54.6703 5.468
    endloop
  endfacet
  facet normal -0.857779 0.514019 0
    outer loop
      vertex 6.85462 53.7399 2
      vertex 6.91011 53.8325 5.468
      vertex 6.91011 53.8325 2
    endloop
  endfacet
  facet normal -0.857779 0.514019 0
    outer loop
      vertex 6.91011 53.8325 5.468
      vertex 6.85462 53.7399 2
      vertex 6.85462 53.7399 5.468
    endloop
  endfacet
  facet normal 0.998794 0.0491058 0
    outer loop
      vertex 4.8453 54.2432 5.468
      vertex 4.84 54.351 2
      vertex 4.84 54.351 5.468
    endloop
  endfacet
  facet normal 0.998794 0.0491058 0
    outer loop
      vertex 4.84 54.351 2
      vertex 4.8453 54.2432 5.468
      vertex 4.8453 54.2432 2
    endloop
  endfacet
  facet normal -0.941629 0.336653 0
    outer loop
      vertex 6.95627 53.93 2
      vertex 6.99263 54.0317 5.468
      vertex 6.99263 54.0317 2
    endloop
  endfacet
  facet normal -0.941629 0.336653 0
    outer loop
      vertex 6.99263 54.0317 5.468
      vertex 6.95627 53.93 2
      vertex 6.95627 53.93 5.468
    endloop
  endfacet
  facet normal 0.146374 -0.989229 0
    outer loop
      vertex 5.7254 55.4299 2
      vertex 5.83218 55.4457 5.468
      vertex 5.7254 55.4299 5.468
    endloop
  endfacet
  facet normal 0.146374 -0.989229 0
    outer loop
      vertex 5.83218 55.4457 5.468
      vertex 5.7254 55.4299 2
      vertex 5.83218 55.4457 2
    endloop
  endfacet
  facet normal -0.741033 -0.671469 0
    outer loop
      vertex 6.79031 55.0488 2
      vertex 6.71782 55.1288 5.468
      vertex 6.71782 55.1288 2
    endloop
  endfacet
  facet normal -0.741033 -0.671469 0
    outer loop
      vertex 6.71782 55.1288 5.468
      vertex 6.79031 55.0488 2
      vertex 6.79031 55.0488 5.468
    endloop
  endfacet
  facet normal -0.0490967 -0.998794 0
    outer loop
      vertex 5.94 55.451 2
      vertex 6.04782 55.4457 5.468
      vertex 5.94 55.451 5.468
    endloop
  endfacet
  facet normal -0.0490967 -0.998794 -0
    outer loop
      vertex 6.04782 55.4457 5.468
      vertex 5.94 55.451 2
      vertex 6.04782 55.4457 2
    endloop
  endfacet
  facet normal -0.903994 -0.427545 0
    outer loop
      vertex 6.95627 54.7719 2
      vertex 6.91011 54.8695 5.468
      vertex 6.91011 54.8695 2
    endloop
  endfacet
  facet normal -0.903994 -0.427545 0
    outer loop
      vertex 6.91011 54.8695 5.468
      vertex 6.95627 54.7719 2
      vertex 6.95627 54.7719 5.468
    endloop
  endfacet
  facet normal 0.146374 0.989229 -0
    outer loop
      vertex 5.83218 53.2563 2
      vertex 5.7254 53.2721 5.468
      vertex 5.83218 53.2563 5.468
    endloop
  endfacet
  facet normal 0.146374 0.989229 0
    outer loop
      vertex 5.7254 53.2721 5.468
      vertex 5.83218 53.2563 2
      vertex 5.7254 53.2721 2
    endloop
  endfacet
  facet normal -0.671566 0.740945 0
    outer loop
      vertex 6.71782 53.5732 2
      vertex 6.63783 53.5007 5.468
      vertex 6.71782 53.5732 5.468
    endloop
  endfacet
  facet normal -0.671566 0.740945 0
    outer loop
      vertex 6.63783 53.5007 5.468
      vertex 6.71782 53.5732 2
      vertex 6.63783 53.5007 2
    endloop
  endfacet
  facet normal 0.0490967 0.998794 -0
    outer loop
      vertex 5.94 53.251 2
      vertex 5.83218 53.2563 5.468
      vertex 5.94 53.251 5.468
    endloop
  endfacet
  facet normal 0.0490967 0.998794 0
    outer loop
      vertex 5.83218 53.2563 5.468
      vertex 5.94 53.251 2
      vertex 5.83218 53.2563 2
    endloop
  endfacet
  facet normal 0.741033 -0.671469 0
    outer loop
      vertex 5.08969 55.0488 5.468
      vertex 5.16218 55.1288 2
      vertex 5.16218 55.1288 5.468
    endloop
  endfacet
  facet normal 0.741033 -0.671469 0
    outer loop
      vertex 5.16218 55.1288 2
      vertex 5.08969 55.0488 5.468
      vertex 5.08969 55.0488 2
    endloop
  endfacet
  facet normal 0.903994 -0.427545 0
    outer loop
      vertex 4.92373 54.7719 5.468
      vertex 4.96989 54.8695 2
      vertex 4.96989 54.8695 5.468
    endloop
  endfacet
  facet normal 0.903994 -0.427545 0
    outer loop
      vertex 4.96989 54.8695 2
      vertex 4.92373 54.7719 5.468
      vertex 4.92373 54.7719 2
    endloop
  endfacet
  facet normal 0.970022 -0.243015 0
    outer loop
      vertex 4.86114 54.5656 5.468
      vertex 4.88737 54.6703 2
      vertex 4.88737 54.6703 5.468
    endloop
  endfacet
  facet normal 0.970022 -0.243015 0
    outer loop
      vertex 4.88737 54.6703 2
      vertex 4.86114 54.5656 5.468
      vertex 4.86114 54.5656 2
    endloop
  endfacet
  facet normal -0.243603 -0.969875 0
    outer loop
      vertex 6.1546 55.4299 2
      vertex 6.25931 55.4036 5.468
      vertex 6.1546 55.4299 5.468
    endloop
  endfacet
  facet normal -0.243603 -0.969875 -0
    outer loop
      vertex 6.25931 55.4036 5.468
      vertex 6.1546 55.4299 2
      vertex 6.25931 55.4036 2
    endloop
  endfacet
  facet normal 0.970022 0.243015 0
    outer loop
      vertex 4.88737 54.0317 5.468
      vertex 4.86114 54.1364 2
      vertex 4.86114 54.1364 5.468
    endloop
  endfacet
  facet normal 0.970022 0.243015 0
    outer loop
      vertex 4.86114 54.1364 2
      vertex 4.88737 54.0317 5.468
      vertex 4.88737 54.0317 2
    endloop
  endfacet
  facet normal 0.427883 0.903834 -0
    outer loop
      vertex 5.51905 53.3347 2
      vertex 5.42146 53.3809 5.468
      vertex 5.51905 53.3347 5.468
    endloop
  endfacet
  facet normal 0.427883 0.903834 0
    outer loop
      vertex 5.42146 53.3809 5.468
      vertex 5.51905 53.3347 2
      vertex 5.42146 53.3809 2
    endloop
  endfacet
  facet normal 0.741033 0.671469 0
    outer loop
      vertex 5.16218 53.5732 5.468
      vertex 5.08969 53.6532 2
      vertex 5.08969 53.6532 5.468
    endloop
  endfacet
  facet normal 0.741033 0.671469 0
    outer loop
      vertex 5.08969 53.6532 2
      vertex 5.16218 53.5732 5.468
      vertex 5.16218 53.5732 2
    endloop
  endfacet
  facet normal -0.427883 0.903834 0
    outer loop
      vertex 6.45854 53.3809 2
      vertex 6.36095 53.3347 5.468
      vertex 6.45854 53.3809 5.468
    endloop
  endfacet
  facet normal -0.427883 0.903834 0
    outer loop
      vertex 6.36095 53.3347 5.468
      vertex 6.45854 53.3809 2
      vertex 6.36095 53.3347 2
    endloop
  endfacet
  facet normal -0.0490967 0.998794 0
    outer loop
      vertex 6.04782 53.2563 2
      vertex 5.94 53.251 5.468
      vertex 6.04782 53.2563 5.468
    endloop
  endfacet
  facet normal -0.0490967 0.998794 0
    outer loop
      vertex 5.94 53.251 5.468
      vertex 6.04782 53.2563 2
      vertex 5.94 53.251 2
    endloop
  endfacet
  facet normal 0.98918 0.14671 0
    outer loop
      vertex 4.86114 54.1364 5.468
      vertex 4.8453 54.2432 2
      vertex 4.8453 54.2432 5.468
    endloop
  endfacet
  facet normal 0.98918 0.14671 0
    outer loop
      vertex 4.8453 54.2432 2
      vertex 4.86114 54.1364 5.468
      vertex 4.86114 54.1364 2
    endloop
  endfacet
  facet normal -0.595693 0.803212 0
    outer loop
      vertex 6.63783 53.5007 2
      vertex 6.55113 53.4364 5.468
      vertex 6.63783 53.5007 5.468
    endloop
  endfacet
  facet normal -0.595693 0.803212 0
    outer loop
      vertex 6.55113 53.4364 5.468
      vertex 6.63783 53.5007 2
      vertex 6.55113 53.4364 2
    endloop
  endfacet
  facet normal 0.803168 0.595752 0
    outer loop
      vertex 5.08969 53.6532 5.468
      vertex 5.02538 53.7399 2
      vertex 5.02538 53.7399 5.468
    endloop
  endfacet
  facet normal 0.803168 0.595752 0
    outer loop
      vertex 5.02538 53.7399 2
      vertex 5.08969 53.6532 5.468
      vertex 5.08969 53.6532 2
    endloop
  endfacet
  facet normal 0.998794 -0.0491058 0
    outer loop
      vertex 4.84 54.351 5.468
      vertex 4.8453 54.4588 2
      vertex 4.8453 54.4588 5.468
    endloop
  endfacet
  facet normal 0.998794 -0.0491058 0
    outer loop
      vertex 4.8453 54.4588 2
      vertex 4.84 54.351 5.468
      vertex 4.84 54.351 2
    endloop
  endfacet
  facet normal 0 0 1
    outer loop
      vertex 7.0347 54.4588 2
      vertex 7.0347 54.2432 2
      vertex 7.04 54.351 2
    endloop
  endfacet
  facet normal 0 0 1
    outer loop
      vertex 7.01886 54.5656 2
      vertex 7.0347 54.2432 2
      vertex 7.0347 54.4588 2
    endloop
  endfacet
  facet normal 0 0 1
    outer loop
      vertex 7.01886 54.5656 2
      vertex 7.01886 54.1364 2
      vertex 7.0347 54.2432 2
    endloop
  endfacet
  facet normal 0 0 1
    outer loop
      vertex 6.99263 54.6703 2
      vertex 7.01886 54.1364 2
      vertex 7.01886 54.5656 2
    endloop
  endfacet
  facet normal 0 0 1
    outer loop
      vertex 6.99263 54.6703 2
      vertex 6.99263 54.0317 2
      vertex 7.01886 54.1364 2
    endloop
  endfacet
  facet normal 0 0 1
    outer loop
      vertex 6.95627 54.7719 2
      vertex 6.99263 54.0317 2
      vertex 6.99263 54.6703 2
    endloop
  endfacet
  facet normal 0 0 1
    outer loop
      vertex 6.95627 54.7719 2
      vertex 6.95627 53.93 2
      vertex 6.99263 54.0317 2
    endloop
  endfacet
  facet normal 0 0 1
    outer loop
      vertex 6.91011 54.8695 2
      vertex 6.95627 53.93 2
      vertex 6.95627 54.7719 2
    endloop
  endfacet
  facet normal 0 0 1
    outer loop
      vertex 6.91011 54.8695 2
      vertex 6.91011 53.8325 2
      vertex 6.95627 53.93 2
    endloop
  endfacet
  facet normal 0 0 1
    outer loop
      vertex 6.85462 54.9621 2
      vertex 6.91011 53.8325 2
      vertex 6.91011 54.8695 2
    endloop
  endfacet
  facet normal 0 0 1
    outer loop
      vertex 6.85462 54.9621 2
      vertex 6.85462 53.7399 2
      vertex 6.91011 53.8325 2
    endloop
  endfacet
  facet normal 0 0 1
    outer loop
      vertex 6.79031 55.0488 2
      vertex 6.85462 53.7399 2
      vertex 6.85462 54.9621 2
    endloop
  endfacet
  facet normal 0 0 1
    outer loop
      vertex 6.79031 55.0488 2
      vertex 6.79031 53.6532 2
      vertex 6.85462 53.7399 2
    endloop
  endfacet
  facet normal 0 0 1
    outer loop
      vertex 6.71782 55.1288 2
      vertex 6.79031 53.6532 2
      vertex 6.79031 55.0488 2
    endloop
  endfacet
  facet normal 0 0 1
    outer loop
      vertex 6.71782 55.1288 2
      vertex 6.71782 53.5732 2
      vertex 6.79031 53.6532 2
    endloop
  endfacet
  facet normal 0 0 1
    outer loop
      vertex 6.63783 55.2013 2
      vertex 6.71782 53.5732 2
      vertex 6.71782 55.1288 2
    endloop
  endfacet
  facet normal 0 0 1
    outer loop
      vertex 6.63783 55.2013 2
      vertex 6.63783 53.5007 2
      vertex 6.71782 53.5732 2
    endloop
  endfacet
  facet normal 0 0 1
    outer loop
      vertex 6.55113 55.2656 2
      vertex 6.63783 53.5007 2
      vertex 6.63783 55.2013 2
    endloop
  endfacet
  facet normal 0 0 1
    outer loop
      vertex 6.55113 55.2656 2
      vertex 6.55113 53.4364 2
      vertex 6.63783 53.5007 2
    endloop
  endfacet
  facet normal 0 0 1
    outer loop
      vertex 6.45854 55.3211 2
      vertex 6.55113 53.4364 2
      vertex 6.55113 55.2656 2
    endloop
  endfacet
  facet normal 0 0 1
    outer loop
      vertex 6.45854 55.3211 2
      vertex 6.45854 53.3809 2
      vertex 6.55113 53.4364 2
    endloop
  endfacet
  facet normal 0 0 1
    outer loop
      vertex 6.36095 55.3673 2
      vertex 6.45854 53.3809 2
      vertex 6.45854 55.3211 2
    endloop
  endfacet
  facet normal 0 0 1
    outer loop
      vertex 6.36095 55.3673 2
      vertex 6.36095 53.3347 2
      vertex 6.45854 53.3809 2
    endloop
  endfacet
  facet normal 0 0 1
    outer loop
      vertex 6.25931 55.4036 2
      vertex 6.36095 53.3347 2
      vertex 6.36095 55.3673 2
    endloop
  endfacet
  facet normal 0 0 1
    outer loop
      vertex 6.25931 55.4036 2
      vertex 6.25931 53.2984 2
      vertex 6.36095 53.3347 2
    endloop
  endfacet
  facet normal 0 0 1
    outer loop
      vertex 6.1546 55.4299 2
      vertex 6.25931 53.2984 2
      vertex 6.25931 55.4036 2
    endloop
  endfacet
  facet normal 0 0 1
    outer loop
      vertex 6.1546 55.4299 2
      vertex 6.1546 53.2721 2
      vertex 6.25931 53.2984 2
    endloop
  endfacet
  facet normal 0 0 1
    outer loop
      vertex 6.04782 55.4457 2
      vertex 6.1546 53.2721 2
      vertex 6.1546 55.4299 2
    endloop
  endfacet
  facet normal 0 0 1
    outer loop
      vertex 6.04782 55.4457 2
      vertex 6.04782 53.2563 2
      vertex 6.1546 53.2721 2
    endloop
  endfacet
  facet normal 0 0 1
    outer loop
      vertex 5.94 55.451 2
      vertex 6.04782 53.2563 2
      vertex 6.04782 55.4457 2
    endloop
  endfacet
  facet normal 0 0 1
    outer loop
      vertex 5.94 55.451 2
      vertex 5.94 53.251 2
      vertex 6.04782 53.2563 2
    endloop
  endfacet
  facet normal -0 0 1
    outer loop
      vertex 5.83218 55.4457 2
      vertex 5.94 53.251 2
      vertex 5.94 55.451 2
    endloop
  endfacet
  facet normal 0 0 1
    outer loop
      vertex 5.83218 55.4457 2
      vertex 5.83218 53.2563 2
      vertex 5.94 53.251 2
    endloop
  endfacet
  facet normal -0 0 1
    outer loop
      vertex 5.7254 55.4299 2
      vertex 5.83218 53.2563 2
      vertex 5.83218 55.4457 2
    endloop
  endfacet
  facet normal 0 0 1
    outer loop
      vertex 5.7254 55.4299 2
      vertex 5.7254 53.2721 2
      vertex 5.83218 53.2563 2
    endloop
  endfacet
  facet normal -0 0 1
    outer loop
      vertex 5.62069 55.4036 2
      vertex 5.7254 53.2721 2
      vertex 5.7254 55.4299 2
    endloop
  endfacet
  facet normal 0 0 1
    outer loop
      vertex 5.62069 55.4036 2
      vertex 5.62069 53.2984 2
      vertex 5.7254 53.2721 2
    endloop
  endfacet
  facet normal -0 0 1
    outer loop
      vertex 5.51905 55.3673 2
      vertex 5.62069 53.2984 2
      vertex 5.62069 55.4036 2
    endloop
  endfacet
  facet normal 0 0 1
    outer loop
      vertex 5.51905 55.3673 2
      vertex 5.51905 53.3347 2
      vertex 5.62069 53.2984 2
    endloop
  endfacet
  facet normal -0 0 1
    outer loop
      vertex 5.42146 55.3211 2
      vertex 5.51905 53.3347 2
      vertex 5.51905 55.3673 2
    endloop
  endfacet
  facet normal 0 0 1
    outer loop
      vertex 5.42146 55.3211 2
      vertex 5.42146 53.3809 2
      vertex 5.51905 53.3347 2
    endloop
  endfacet
  facet normal -0 0 1
    outer loop
      vertex 5.32887 55.2656 2
      vertex 5.42146 53.3809 2
      vertex 5.42146 55.3211 2
    endloop
  endfacet
  facet normal 0 0 1
    outer loop
      vertex 5.32887 55.2656 2
      vertex 5.32887 53.4364 2
      vertex 5.42146 53.3809 2
    endloop
  endfacet
  facet normal -0 0 1
    outer loop
      vertex 5.24217 55.2013 2
      vertex 5.32887 53.4364 2
      vertex 5.32887 55.2656 2
    endloop
  endfacet
  facet normal 0 0 1
    outer loop
      vertex 5.24217 55.2013 2
      vertex 5.24217 53.5007 2
      vertex 5.32887 53.4364 2
    endloop
  endfacet
  facet normal -0 0 1
    outer loop
      vertex 5.16218 55.1288 2
      vertex 5.24217 53.5007 2
      vertex 5.24217 55.2013 2
    endloop
  endfacet
  facet normal 0 0 1
    outer loop
      vertex 5.16218 55.1288 2
      vertex 5.16218 53.5732 2
      vertex 5.24217 53.5007 2
    endloop
  endfacet
  facet normal -0 0 1
    outer loop
      vertex 5.08969 55.0488 2
      vertex 5.16218 53.5732 2
      vertex 5.16218 55.1288 2
    endloop
  endfacet
  facet normal 0 0 1
    outer loop
      vertex 5.08969 55.0488 2
      vertex 5.08969 53.6532 2
      vertex 5.16218 53.5732 2
    endloop
  endfacet
  facet normal -0 0 1
    outer loop
      vertex 5.02538 54.9621 2
      vertex 5.08969 53.6532 2
      vertex 5.08969 55.0488 2
    endloop
  endfacet
  facet normal 0 0 1
    outer loop
      vertex 5.02538 54.9621 2
      vertex 5.02538 53.7399 2
      vertex 5.08969 53.6532 2
    endloop
  endfacet
  facet normal -0 0 1
    outer loop
      vertex 4.96989 54.8695 2
      vertex 5.02538 53.7399 2
      vertex 5.02538 54.9621 2
    endloop
  endfacet
  facet normal 0 0 1
    outer loop
      vertex 4.96989 54.8695 2
      vertex 4.96989 53.8325 2
      vertex 5.02538 53.7399 2
    endloop
  endfacet
  facet normal -0 0 1
    outer loop
      vertex 4.92373 54.7719 2
      vertex 4.96989 53.8325 2
      vertex 4.96989 54.8695 2
    endloop
  endfacet
  facet normal 0 0 1
    outer loop
      vertex 4.92373 54.7719 2
      vertex 4.92373 53.93 2
      vertex 4.96989 53.8325 2
    endloop
  endfacet
  facet normal -0 0 1
    outer loop
      vertex 4.88737 54.6703 2
      vertex 4.92373 53.93 2
      vertex 4.92373 54.7719 2
    endloop
  endfacet
  facet normal 0 0 1
    outer loop
      vertex 4.88737 54.6703 2
      vertex 4.88737 54.0317 2
      vertex 4.92373 53.93 2
    endloop
  endfacet
  facet normal -0 0 1
    outer loop
      vertex 4.86114 54.5656 2
      vertex 4.88737 54.0317 2
      vertex 4.88737 54.6703 2
    endloop
  endfacet
  facet normal 0 0 1
    outer loop
      vertex 4.86114 54.5656 2
      vertex 4.86114 54.1364 2
      vertex 4.88737 54.0317 2
    endloop
  endfacet
  facet normal -0 0 1
    outer loop
      vertex 4.8453 54.4588 2
      vertex 4.86114 54.1364 2
      vertex 4.86114 54.5656 2
    endloop
  endfacet
  facet normal 0 0 1
    outer loop
      vertex 4.8453 54.4588 2
      vertex 4.8453 54.2432 2
      vertex 4.86114 54.1364 2
    endloop
  endfacet
  facet normal 0 -0 1
    outer loop
      vertex 4.8453 54.2432 2
      vertex 4.8453 54.4588 2
      vertex 4.84 54.351 2
    endloop
  endfacet
  facet normal -0.741033 0.671469 0
    outer loop
      vertex 6.71782 53.5732 2
      vertex 6.79031 53.6532 5.468
      vertex 6.79031 53.6532 2
    endloop
  endfacet
  facet normal -0.741033 0.671469 0
    outer loop
      vertex 6.79031 53.6532 5.468
      vertex 6.71782 53.5732 2
      vertex 6.71782 53.5732 5.468
    endloop
  endfacet
  facet normal -0.336947 0.941524 0
    outer loop
      vertex 66.0509 5.83673 2
      vertex 65.9493 5.80037 5.468
      vertex 66.0509 5.83673 5.468
    endloop
  endfacet
  facet normal -0.336947 0.941524 0
    outer loop
      vertex 65.9493 5.80037 5.468
      vertex 66.0509 5.83673 2
      vertex 65.9493 5.80037 2
    endloop
  endfacet
  facet normal -0.989229 -0.146374 0
    outer loop
      vertex 66.7247 6.96082 2
      vertex 66.7089 7.0676 5.468
      vertex 66.7089 7.0676 2
    endloop
  endfacet
  facet normal -0.989229 -0.146374 0
    outer loop
      vertex 66.7089 7.0676 5.468
      vertex 66.7247 6.96082 2
      vertex 66.7247 6.96082 5.468
    endloop
  endfacet
  facet normal -0.998794 -0.0490967 0
    outer loop
      vertex 66.73 6.853 2
      vertex 66.7247 6.96082 5.468
      vertex 66.7247 6.96082 2
    endloop
  endfacet
  facet normal -0.998794 -0.0490967 0
    outer loop
      vertex 66.7247 6.96082 5.468
      vertex 66.73 6.853 2
      vertex 66.73 6.853 5.468
    endloop
  endfacet
  facet normal -0.969875 -0.243603 0
    outer loop
      vertex 66.7089 7.0676 2
      vertex 66.6826 7.17231 5.468
      vertex 66.6826 7.17231 2
    endloop
  endfacet
  facet normal -0.969875 -0.243603 0
    outer loop
      vertex 66.6826 7.17231 5.468
      vertex 66.7089 7.0676 2
      vertex 66.7089 7.0676 5.468
    endloop
  endfacet
  facet normal -0.803212 -0.595693 0
    outer loop
      vertex 66.5446 7.46413 2
      vertex 66.4803 7.55083 5.468
      vertex 66.4803 7.55083 2
    endloop
  endfacet
  facet normal -0.803212 -0.595693 0
    outer loop
      vertex 66.4803 7.55083 5.468
      vertex 66.5446 7.46413 2
      vertex 66.5446 7.46413 5.468
    endloop
  endfacet
  facet normal -0.595752 -0.803168 0
    outer loop
      vertex 66.2411 7.76762 2
      vertex 66.3278 7.70331 5.468
      vertex 66.2411 7.76762 5.468
    endloop
  endfacet
  facet normal -0.595752 -0.803168 -0
    outer loop
      vertex 66.3278 7.70331 5.468
      vertex 66.2411 7.76762 2
      vertex 66.3278 7.70331 2
    endloop
  endfacet
  facet normal 0.514019 -0.857779 0
    outer loop
      vertex 65.0189 7.76762 2
      vertex 65.1115 7.82311 5.468
      vertex 65.0189 7.76762 5.468
    endloop
  endfacet
  facet normal 0.514019 -0.857779 0
    outer loop
      vertex 65.1115 7.82311 5.468
      vertex 65.0189 7.76762 2
      vertex 65.1115 7.82311 2
    endloop
  endfacet
  facet normal -0.998794 0.0490967 0
    outer loop
      vertex 66.7247 6.74518 2
      vertex 66.73 6.853 5.468
      vertex 66.73 6.853 2
    endloop
  endfacet
  facet normal -0.998794 0.0490967 0
    outer loop
      vertex 66.73 6.853 5.468
      vertex 66.7247 6.74518 2
      vertex 66.7247 6.74518 5.468
    endloop
  endfacet
  facet normal 0.14671 -0.98918 0
    outer loop
      vertex 65.4154 7.93186 2
      vertex 65.5222 7.9477 5.468
      vertex 65.4154 7.93186 5.468
    endloop
  endfacet
  facet normal 0.14671 -0.98918 0
    outer loop
      vertex 65.5222 7.9477 5.468
      vertex 65.4154 7.93186 2
      vertex 65.5222 7.9477 2
    endloop
  endfacet
  facet normal 0.740945 -0.671566 0
    outer loop
      vertex 64.7797 7.55083 5.468
      vertex 64.8522 7.63082 2
      vertex 64.8522 7.63082 5.468
    endloop
  endfacet
  facet normal 0.740945 -0.671566 0
    outer loop
      vertex 64.8522 7.63082 2
      vertex 64.7797 7.55083 5.468
      vertex 64.7797 7.55083 2
    endloop
  endfacet
  facet normal -0.427545 -0.903994 0
    outer loop
      vertex 66.0509 7.86927 2
      vertex 66.1485 7.82311 5.468
      vertex 66.0509 7.86927 5.468
    endloop
  endfacet
  facet normal -0.427545 -0.903994 -0
    outer loop
      vertex 66.1485 7.82311 5.468
      vertex 66.0509 7.86927 2
      vertex 66.1485 7.82311 2
    endloop
  endfacet
  facet normal 0.903834 0.427883 0
    outer loop
      vertex 64.6599 6.33446 5.468
      vertex 64.6137 6.43205 2
      vertex 64.6137 6.43205 5.468
    endloop
  endfacet
  facet normal 0.903834 0.427883 0
    outer loop
      vertex 64.6137 6.43205 2
      vertex 64.6599 6.33446 5.468
      vertex 64.6599 6.33446 2
    endloop
  endfacet
  facet normal 0.336653 -0.941629 0
    outer loop
      vertex 65.209 7.86927 2
      vertex 65.3107 7.90563 5.468
      vertex 65.209 7.86927 5.468
    endloop
  endfacet
  facet normal 0.336653 -0.941629 0
    outer loop
      vertex 65.3107 7.90563 5.468
      vertex 65.209 7.86927 2
      vertex 65.3107 7.90563 2
    endloop
  endfacet
  facet normal 0.0491058 -0.998794 0
    outer loop
      vertex 65.5222 7.9477 2
      vertex 65.63 7.953 5.468
      vertex 65.5222 7.9477 5.468
    endloop
  endfacet
  facet normal 0.0491058 -0.998794 0
    outer loop
      vertex 65.63 7.953 5.468
      vertex 65.5222 7.9477 2
      vertex 65.63 7.953 2
    endloop
  endfacet
  facet normal 0.595752 -0.803168 0
    outer loop
      vertex 64.9322 7.70331 2
      vertex 65.0189 7.76762 5.468
      vertex 64.9322 7.70331 5.468
    endloop
  endfacet
  facet normal 0.595752 -0.803168 0
    outer loop
      vertex 65.0189 7.76762 5.468
      vertex 64.9322 7.70331 2
      vertex 65.0189 7.76762 2
    endloop
  endfacet
  facet normal 0.998794 0.0490967 0
    outer loop
      vertex 64.5353 6.74518 5.468
      vertex 64.53 6.853 2
      vertex 64.53 6.853 5.468
    endloop
  endfacet
  facet normal 0.998794 0.0490967 0
    outer loop
      vertex 64.53 6.853 2
      vertex 64.5353 6.74518 5.468
      vertex 64.5353 6.74518 2
    endloop
  endfacet
  facet normal -0.803212 0.595693 0
    outer loop
      vertex 66.4803 6.15517 2
      vertex 66.5446 6.24187 5.468
      vertex 66.5446 6.24187 2
    endloop
  endfacet
  facet normal -0.803212 0.595693 0
    outer loop
      vertex 66.5446 6.24187 5.468
      vertex 66.4803 6.15517 2
      vertex 66.4803 6.15517 5.468
    endloop
  endfacet
  facet normal 0.427903 0.903825 -0
    outer loop
      vertex 65.209 5.83673 2
      vertex 65.1115 5.88289 5.468
      vertex 65.209 5.83673 5.468
    endloop
  endfacet
  facet normal 0.427903 0.903825 0
    outer loop
      vertex 65.1115 5.88289 5.468
      vertex 65.209 5.83673 2
      vertex 65.1115 5.88289 2
    endloop
  endfacet
  facet normal 0.14671 0.98918 -0
    outer loop
      vertex 65.5222 5.7583 2
      vertex 65.4154 5.77414 5.468
      vertex 65.5222 5.7583 5.468
    endloop
  endfacet
  facet normal 0.14671 0.98918 0
    outer loop
      vertex 65.4154 5.77414 5.468
      vertex 65.5222 5.7583 2
      vertex 65.4154 5.77414 2
    endloop
  endfacet
  facet normal -0.989229 0.146374 0
    outer loop
      vertex 66.7089 6.6384 2
      vertex 66.7247 6.74518 5.468
      vertex 66.7247 6.74518 2
    endloop
  endfacet
  facet normal -0.989229 0.146374 0
    outer loop
      vertex 66.7247 6.74518 5.468
      vertex 66.7089 6.6384 2
      vertex 66.7089 6.6384 5.468
    endloop
  endfacet
  facet normal 0.0491058 0.998794 -0
    outer loop
      vertex 65.63 5.753 2
      vertex 65.5222 5.7583 5.468
      vertex 65.63 5.753 5.468
    endloop
  endfacet
  facet normal 0.0491058 0.998794 0
    outer loop
      vertex 65.5222 5.7583 5.468
      vertex 65.63 5.753 2
      vertex 65.5222 5.7583 2
    endloop
  endfacet
  facet normal -0.941742 -0.336336 0
    outer loop
      vertex 66.6826 7.17231 2
      vertex 66.6463 7.27395 5.468
      vertex 66.6463 7.27395 2
    endloop
  endfacet
  facet normal -0.941742 -0.336336 0
    outer loop
      vertex 66.6463 7.27395 5.468
      vertex 66.6826 7.17231 2
      vertex 66.6826 7.17231 5.468
    endloop
  endfacet
  facet normal -0.336947 -0.941524 0
    outer loop
      vertex 65.9493 7.90563 2
      vertex 66.0509 7.86927 5.468
      vertex 65.9493 7.90563 5.468
    endloop
  endfacet
  facet normal -0.336947 -0.941524 -0
    outer loop
      vertex 66.0509 7.86927 5.468
      vertex 65.9493 7.90563 2
      vertex 66.0509 7.86927 2
    endloop
  endfacet
  facet normal 0.427903 -0.903825 0
    outer loop
      vertex 65.1115 7.82311 2
      vertex 65.209 7.86927 5.468
      vertex 65.1115 7.82311 5.468
    endloop
  endfacet
  facet normal 0.427903 -0.903825 0
    outer loop
      vertex 65.209 7.86927 5.468
      vertex 65.1115 7.82311 2
      vertex 65.209 7.86927 2
    endloop
  endfacet
  facet normal 0.969875 -0.243603 0
    outer loop
      vertex 64.5511 7.0676 5.468
      vertex 64.5774 7.17231 2
      vertex 64.5774 7.17231 5.468
    endloop
  endfacet
  facet normal 0.969875 -0.243603 0
    outer loop
      vertex 64.5774 7.17231 2
      vertex 64.5511 7.0676 5.468
      vertex 64.5511 7.0676 2
    endloop
  endfacet
  facet normal -0.14671 -0.98918 0
    outer loop
      vertex 65.7378 7.9477 2
      vertex 65.8446 7.93186 5.468
      vertex 65.7378 7.9477 5.468
    endloop
  endfacet
  facet normal -0.14671 -0.98918 -0
    outer loop
      vertex 65.8446 7.93186 5.468
      vertex 65.7378 7.9477 2
      vertex 65.8446 7.93186 2
    endloop
  endfacet
  facet normal -0.514019 0.857779 0
    outer loop
      vertex 66.2411 5.93838 2
      vertex 66.1485 5.88289 5.468
      vertex 66.2411 5.93838 5.468
    endloop
  endfacet
  facet normal -0.514019 0.857779 0
    outer loop
      vertex 66.1485 5.88289 5.468
      vertex 66.2411 5.93838 2
      vertex 66.1485 5.88289 2
    endloop
  endfacet
  facet normal -0.514019 -0.857779 0
    outer loop
      vertex 66.1485 7.82311 2
      vertex 66.2411 7.76762 5.468
      vertex 66.1485 7.82311 5.468
    endloop
  endfacet
  facet normal -0.514019 -0.857779 -0
    outer loop
      vertex 66.2411 7.76762 5.468
      vertex 66.1485 7.82311 2
      vertex 66.2411 7.76762 2
    endloop
  endfacet
  facet normal -0.740945 -0.671566 0
    outer loop
      vertex 66.4803 7.55083 2
      vertex 66.4078 7.63082 5.468
      vertex 66.4078 7.63082 2
    endloop
  endfacet
  facet normal -0.740945 -0.671566 0
    outer loop
      vertex 66.4078 7.63082 5.468
      vertex 66.4803 7.55083 2
      vertex 66.4803 7.55083 5.468
    endloop
  endfacet
  facet normal 0.243015 -0.970022 0
    outer loop
      vertex 65.3107 7.90563 2
      vertex 65.4154 7.93186 5.468
      vertex 65.3107 7.90563 5.468
    endloop
  endfacet
  facet normal 0.243015 -0.970022 0
    outer loop
      vertex 65.4154 7.93186 5.468
      vertex 65.3107 7.90563 2
      vertex 65.4154 7.93186 2
    endloop
  endfacet
  facet normal -0.903834 -0.427883 0
    outer loop
      vertex 66.6463 7.27395 2
      vertex 66.6001 7.37154 5.468
      vertex 66.6001 7.37154 2
    endloop
  endfacet
  facet normal -0.903834 -0.427883 0
    outer loop
      vertex 66.6001 7.37154 5.468
      vertex 66.6463 7.27395 2
      vertex 66.6463 7.27395 5.468
    endloop
  endfacet
  facet normal 0.803212 0.595693 0
    outer loop
      vertex 64.7797 6.15517 5.468
      vertex 64.7154 6.24187 2
      vertex 64.7154 6.24187 5.468
    endloop
  endfacet
  facet normal 0.803212 0.595693 0
    outer loop
      vertex 64.7154 6.24187 2
      vertex 64.7797 6.15517 5.468
      vertex 64.7797 6.15517 2
    endloop
  endfacet
  facet normal 0.998794 -0.0490967 0
    outer loop
      vertex 64.53 6.853 5.468
      vertex 64.5353 6.96082 2
      vertex 64.5353 6.96082 5.468
    endloop
  endfacet
  facet normal 0.998794 -0.0490967 0
    outer loop
      vertex 64.5353 6.96082 2
      vertex 64.53 6.853 5.468
      vertex 64.53 6.853 2
    endloop
  endfacet
  facet normal 0.989229 0.146374 0
    outer loop
      vertex 64.5511 6.6384 5.468
      vertex 64.5353 6.74518 2
      vertex 64.5353 6.74518 5.468
    endloop
  endfacet
  facet normal 0.989229 0.146374 0
    outer loop
      vertex 64.5353 6.74518 2
      vertex 64.5511 6.6384 5.468
      vertex 64.5511 6.6384 2
    endloop
  endfacet
  facet normal -0.14671 0.98918 0
    outer loop
      vertex 65.8446 5.77414 2
      vertex 65.7378 5.7583 5.468
      vertex 65.8446 5.77414 5.468
    endloop
  endfacet
  facet normal -0.14671 0.98918 0
    outer loop
      vertex 65.7378 5.7583 5.468
      vertex 65.8446 5.77414 2
      vertex 65.7378 5.7583 2
    endloop
  endfacet
  facet normal 0.941742 0.336336 0
    outer loop
      vertex 64.6137 6.43205 5.468
      vertex 64.5774 6.53369 2
      vertex 64.5774 6.53369 5.468
    endloop
  endfacet
  facet normal 0.941742 0.336336 0
    outer loop
      vertex 64.5774 6.53369 2
      vertex 64.6137 6.43205 5.468
      vertex 64.6137 6.43205 2
    endloop
  endfacet
  facet normal -0.595752 0.803168 0
    outer loop
      vertex 66.3278 6.00269 2
      vertex 66.2411 5.93838 5.468
      vertex 66.3278 6.00269 5.468
    endloop
  endfacet
  facet normal -0.595752 0.803168 0
    outer loop
      vertex 66.2411 5.93838 5.468
      vertex 66.3278 6.00269 2
      vertex 66.2411 5.93838 2
    endloop
  endfacet
  facet normal -0.427545 0.903994 0
    outer loop
      vertex 66.1485 5.88289 2
      vertex 66.0509 5.83673 5.468
      vertex 66.1485 5.88289 5.468
    endloop
  endfacet
  facet normal -0.427545 0.903994 0
    outer loop
      vertex 66.0509 5.83673 5.468
      vertex 66.1485 5.88289 2
      vertex 66.0509 5.83673 2
    endloop
  endfacet
  facet normal 0.740945 0.671566 0
    outer loop
      vertex 64.8522 6.07518 5.468
      vertex 64.7797 6.15517 2
      vertex 64.7797 6.15517 5.468
    endloop
  endfacet
  facet normal 0.740945 0.671566 0
    outer loop
      vertex 64.7797 6.15517 2
      vertex 64.8522 6.07518 5.468
      vertex 64.8522 6.07518 2
    endloop
  endfacet
  facet normal 0.671469 0.741033 -0
    outer loop
      vertex 64.9322 6.00269 2
      vertex 64.8522 6.07518 5.468
      vertex 64.9322 6.00269 5.468
    endloop
  endfacet
  facet normal 0.671469 0.741033 0
    outer loop
      vertex 64.8522 6.07518 5.468
      vertex 64.9322 6.00269 2
      vertex 64.8522 6.07518 2
    endloop
  endfacet
  facet normal 0.243015 0.970022 -0
    outer loop
      vertex 65.4154 5.77414 2
      vertex 65.3107 5.80037 5.468
      vertex 65.4154 5.77414 5.468
    endloop
  endfacet
  facet normal 0.243015 0.970022 0
    outer loop
      vertex 65.3107 5.80037 5.468
      vertex 65.4154 5.77414 2
      vertex 65.3107 5.80037 2
    endloop
  endfacet
  facet normal -0.0491058 -0.998794 0
    outer loop
      vertex 65.63 7.953 2
      vertex 65.7378 7.9477 5.468
      vertex 65.63 7.953 5.468
    endloop
  endfacet
  facet normal -0.0491058 -0.998794 -0
    outer loop
      vertex 65.7378 7.9477 5.468
      vertex 65.63 7.953 2
      vertex 65.7378 7.9477 2
    endloop
  endfacet
  facet normal -0.903834 0.427883 0
    outer loop
      vertex 66.6001 6.33446 2
      vertex 66.6463 6.43205 5.468
      vertex 66.6463 6.43205 2
    endloop
  endfacet
  facet normal -0.903834 0.427883 0
    outer loop
      vertex 66.6463 6.43205 5.468
      vertex 66.6001 6.33446 2
      vertex 66.6001 6.33446 5.468
    endloop
  endfacet
  facet normal -0.969875 0.243603 0
    outer loop
      vertex 66.6826 6.53369 2
      vertex 66.7089 6.6384 5.468
      vertex 66.7089 6.6384 2
    endloop
  endfacet
  facet normal -0.969875 0.243603 0
    outer loop
      vertex 66.7089 6.6384 5.468
      vertex 66.6826 6.53369 2
      vertex 66.6826 6.53369 5.468
    endloop
  endfacet
  facet normal -0.671469 -0.741033 0
    outer loop
      vertex 66.3278 7.70331 2
      vertex 66.4078 7.63082 5.468
      vertex 66.3278 7.70331 5.468
    endloop
  endfacet
  facet normal -0.671469 -0.741033 -0
    outer loop
      vertex 66.4078 7.63082 5.468
      vertex 66.3278 7.70331 2
      vertex 66.4078 7.63082 2
    endloop
  endfacet
  facet normal -0.740945 0.671566 0
    outer loop
      vertex 66.4078 6.07518 2
      vertex 66.4803 6.15517 5.468
      vertex 66.4803 6.15517 2
    endloop
  endfacet
  facet normal -0.740945 0.671566 0
    outer loop
      vertex 66.4803 6.15517 5.468
      vertex 66.4078 6.07518 2
      vertex 66.4078 6.07518 5.468
    endloop
  endfacet
  facet normal -0.857714 -0.514128 0
    outer loop
      vertex 66.6001 7.37154 2
      vertex 66.5446 7.46413 5.468
      vertex 66.5446 7.46413 2
    endloop
  endfacet
  facet normal -0.857714 -0.514128 0
    outer loop
      vertex 66.5446 7.46413 5.468
      vertex 66.6001 7.37154 2
      vertex 66.6001 7.37154 5.468
    endloop
  endfacet
  facet normal 0.857714 -0.514128 0
    outer loop
      vertex 64.6599 7.37154 5.468
      vertex 64.7154 7.46413 2
      vertex 64.7154 7.46413 5.468
    endloop
  endfacet
  facet normal 0.857714 -0.514128 0
    outer loop
      vertex 64.7154 7.46413 2
      vertex 64.6599 7.37154 5.468
      vertex 64.6599 7.37154 2
    endloop
  endfacet
  facet normal -0.0491058 0.998794 0
    outer loop
      vertex 65.7378 5.7583 2
      vertex 65.63 5.753 5.468
      vertex 65.7378 5.7583 5.468
    endloop
  endfacet
  facet normal -0.0491058 0.998794 0
    outer loop
      vertex 65.63 5.753 5.468
      vertex 65.7378 5.7583 2
      vertex 65.63 5.753 2
    endloop
  endfacet
  facet normal 0.969875 0.243603 0
    outer loop
      vertex 64.5774 6.53369 5.468
      vertex 64.5511 6.6384 2
      vertex 64.5511 6.6384 5.468
    endloop
  endfacet
  facet normal 0.969875 0.243603 0
    outer loop
      vertex 64.5511 6.6384 2
      vertex 64.5774 6.53369 5.468
      vertex 64.5774 6.53369 2
    endloop
  endfacet
  facet normal -0.243015 0.970022 0
    outer loop
      vertex 65.9493 5.80037 2
      vertex 65.8446 5.77414 5.468
      vertex 65.9493 5.80037 5.468
    endloop
  endfacet
  facet normal -0.243015 0.970022 0
    outer loop
      vertex 65.8446 5.77414 5.468
      vertex 65.9493 5.80037 2
      vertex 65.8446 5.77414 2
    endloop
  endfacet
  facet normal 0.671469 -0.741033 0
    outer loop
      vertex 64.8522 7.63082 2
      vertex 64.9322 7.70331 5.468
      vertex 64.8522 7.63082 5.468
    endloop
  endfacet
  facet normal 0.671469 -0.741033 0
    outer loop
      vertex 64.9322 7.70331 5.468
      vertex 64.8522 7.63082 2
      vertex 64.9322 7.70331 2
    endloop
  endfacet
  facet normal 0.336653 0.941629 -0
    outer loop
      vertex 65.3107 5.80037 2
      vertex 65.209 5.83673 5.468
      vertex 65.3107 5.80037 5.468
    endloop
  endfacet
  facet normal 0.336653 0.941629 0
    outer loop
      vertex 65.209 5.83673 5.468
      vertex 65.3107 5.80037 2
      vertex 65.209 5.83673 2
    endloop
  endfacet
  facet normal 0.514019 0.857779 -0
    outer loop
      vertex 65.1115 5.88289 2
      vertex 65.0189 5.93838 5.468
      vertex 65.1115 5.88289 5.468
    endloop
  endfacet
  facet normal 0.514019 0.857779 0
    outer loop
      vertex 65.0189 5.93838 5.468
      vertex 65.1115 5.88289 2
      vertex 65.0189 5.93838 2
    endloop
  endfacet
  facet normal 0.595752 0.803168 -0
    outer loop
      vertex 65.0189 5.93838 2
      vertex 64.9322 6.00269 5.468
      vertex 65.0189 5.93838 5.468
    endloop
  endfacet
  facet normal 0.595752 0.803168 0
    outer loop
      vertex 64.9322 6.00269 5.468
      vertex 65.0189 5.93838 2
      vertex 64.9322 6.00269 2
    endloop
  endfacet
  facet normal 0.941742 -0.336336 0
    outer loop
      vertex 64.5774 7.17231 5.468
      vertex 64.6137 7.27395 2
      vertex 64.6137 7.27395 5.468
    endloop
  endfacet
  facet normal 0.941742 -0.336336 0
    outer loop
      vertex 64.6137 7.27395 2
      vertex 64.5774 7.17231 5.468
      vertex 64.5774 7.17231 2
    endloop
  endfacet
  facet normal 0.857714 0.514128 0
    outer loop
      vertex 64.7154 6.24187 5.468
      vertex 64.6599 6.33446 2
      vertex 64.6599 6.33446 5.468
    endloop
  endfacet
  facet normal 0.857714 0.514128 0
    outer loop
      vertex 64.6599 6.33446 2
      vertex 64.7154 6.24187 5.468
      vertex 64.7154 6.24187 2
    endloop
  endfacet
  facet normal -0.857714 0.514128 0
    outer loop
      vertex 66.5446 6.24187 2
      vertex 66.6001 6.33446 5.468
      vertex 66.6001 6.33446 2
    endloop
  endfacet
  facet normal -0.857714 0.514128 0
    outer loop
      vertex 66.6001 6.33446 5.468
      vertex 66.5446 6.24187 2
      vertex 66.5446 6.24187 5.468
    endloop
  endfacet
  facet normal -0.941742 0.336336 0
    outer loop
      vertex 66.6463 6.43205 2
      vertex 66.6826 6.53369 5.468
      vertex 66.6826 6.53369 2
    endloop
  endfacet
  facet normal -0.941742 0.336336 0
    outer loop
      vertex 66.6826 6.53369 5.468
      vertex 66.6463 6.43205 2
      vertex 66.6463 6.43205 5.468
    endloop
  endfacet
  facet normal 0.903834 -0.427883 0
    outer loop
      vertex 64.6137 7.27395 5.468
      vertex 64.6599 7.37154 2
      vertex 64.6599 7.37154 5.468
    endloop
  endfacet
  facet normal 0.903834 -0.427883 0
    outer loop
      vertex 64.6599 7.37154 2
      vertex 64.6137 7.27395 5.468
      vertex 64.6137 7.27395 2
    endloop
  endfacet
  facet normal -0.671469 0.741033 0
    outer loop
      vertex 66.4078 6.07518 2
      vertex 66.3278 6.00269 5.468
      vertex 66.4078 6.07518 5.468
    endloop
  endfacet
  facet normal -0.671469 0.741033 0
    outer loop
      vertex 66.3278 6.00269 5.468
      vertex 66.4078 6.07518 2
      vertex 66.3278 6.00269 2
    endloop
  endfacet
  facet normal 0.989229 -0.146374 0
    outer loop
      vertex 64.5353 6.96082 5.468
      vertex 64.5511 7.0676 2
      vertex 64.5511 7.0676 5.468
    endloop
  endfacet
  facet normal 0.989229 -0.146374 0
    outer loop
      vertex 64.5511 7.0676 2
      vertex 64.5353 6.96082 5.468
      vertex 64.5353 6.96082 2
    endloop
  endfacet
  facet normal 0 0 1
    outer loop
      vertex 66.7247 6.96082 2
      vertex 66.7247 6.74518 2
      vertex 66.73 6.853 2
    endloop
  endfacet
  facet normal 0 0 1
    outer loop
      vertex 66.7089 7.0676 2
      vertex 66.7247 6.74518 2
      vertex 66.7247 6.96082 2
    endloop
  endfacet
  facet normal 0 0 1
    outer loop
      vertex 66.7089 7.0676 2
      vertex 66.7089 6.6384 2
      vertex 66.7247 6.74518 2
    endloop
  endfacet
  facet normal 0 0 1
    outer loop
      vertex 66.6826 7.17231 2
      vertex 66.7089 6.6384 2
      vertex 66.7089 7.0676 2
    endloop
  endfacet
  facet normal 0 0 1
    outer loop
      vertex 66.6826 7.17231 2
      vertex 66.6826 6.53369 2
      vertex 66.7089 6.6384 2
    endloop
  endfacet
  facet normal 0 0 1
    outer loop
      vertex 66.6463 7.27395 2
      vertex 66.6826 6.53369 2
      vertex 66.6826 7.17231 2
    endloop
  endfacet
  facet normal 0 0 1
    outer loop
      vertex 66.6463 7.27395 2
      vertex 66.6463 6.43205 2
      vertex 66.6826 6.53369 2
    endloop
  endfacet
  facet normal 0 0 1
    outer loop
      vertex 66.6001 7.37154 2
      vertex 66.6463 6.43205 2
      vertex 66.6463 7.27395 2
    endloop
  endfacet
  facet normal 0 0 1
    outer loop
      vertex 66.6001 7.37154 2
      vertex 66.6001 6.33446 2
      vertex 66.6463 6.43205 2
    endloop
  endfacet
  facet normal 0 0 1
    outer loop
      vertex 66.5446 7.46413 2
      vertex 66.6001 6.33446 2
      vertex 66.6001 7.37154 2
    endloop
  endfacet
  facet normal 0 0 1
    outer loop
      vertex 66.5446 7.46413 2
      vertex 66.5446 6.24187 2
      vertex 66.6001 6.33446 2
    endloop
  endfacet
  facet normal 0 0 1
    outer loop
      vertex 66.4803 7.55083 2
      vertex 66.5446 6.24187 2
      vertex 66.5446 7.46413 2
    endloop
  endfacet
  facet normal 0 0 1
    outer loop
      vertex 66.4803 7.55083 2
      vertex 66.4803 6.15517 2
      vertex 66.5446 6.24187 2
    endloop
  endfacet
  facet normal 0 0 1
    outer loop
      vertex 66.4078 7.63082 2
      vertex 66.4803 6.15517 2
      vertex 66.4803 7.55083 2
    endloop
  endfacet
  facet normal 0 0 1
    outer loop
      vertex 66.4078 7.63082 2
      vertex 66.4078 6.07518 2
      vertex 66.4803 6.15517 2
    endloop
  endfacet
  facet normal 0 0 1
    outer loop
      vertex 66.3278 7.70331 2
      vertex 66.4078 6.07518 2
      vertex 66.4078 7.63082 2
    endloop
  endfacet
  facet normal 0 0 1
    outer loop
      vertex 66.3278 7.70331 2
      vertex 66.3278 6.00269 2
      vertex 66.4078 6.07518 2
    endloop
  endfacet
  facet normal 0 0 1
    outer loop
      vertex 66.2411 7.76762 2
      vertex 66.3278 6.00269 2
      vertex 66.3278 7.70331 2
    endloop
  endfacet
  facet normal 0 0 1
    outer loop
      vertex 66.2411 7.76762 2
      vertex 66.2411 5.93838 2
      vertex 66.3278 6.00269 2
    endloop
  endfacet
  facet normal 0 0 1
    outer loop
      vertex 66.1485 7.82311 2
      vertex 66.2411 5.93838 2
      vertex 66.2411 7.76762 2
    endloop
  endfacet
  facet normal 0 0 1
    outer loop
      vertex 66.1485 7.82311 2
      vertex 66.1485 5.88289 2
      vertex 66.2411 5.93838 2
    endloop
  endfacet
  facet normal 0 0 1
    outer loop
      vertex 66.0509 7.86927 2
      vertex 66.1485 5.88289 2
      vertex 66.1485 7.82311 2
    endloop
  endfacet
  facet normal 0 0 1
    outer loop
      vertex 66.0509 7.86927 2
      vertex 66.0509 5.83673 2
      vertex 66.1485 5.88289 2
    endloop
  endfacet
  facet normal 0 0 1
    outer loop
      vertex 65.9493 7.90563 2
      vertex 66.0509 5.83673 2
      vertex 66.0509 7.86927 2
    endloop
  endfacet
  facet normal 0 0 1
    outer loop
      vertex 65.9493 7.90563 2
      vertex 65.9493 5.80037 2
      vertex 66.0509 5.83673 2
    endloop
  endfacet
  facet normal 0 0 1
    outer loop
      vertex 65.8446 7.93186 2
      vertex 65.9493 5.80037 2
      vertex 65.9493 7.90563 2
    endloop
  endfacet
  facet normal 0 0 1
    outer loop
      vertex 65.8446 7.93186 2
      vertex 65.8446 5.77414 2
      vertex 65.9493 5.80037 2
    endloop
  endfacet
  facet normal 0 0 1
    outer loop
      vertex 65.7378 7.9477 2
      vertex 65.8446 5.77414 2
      vertex 65.8446 7.93186 2
    endloop
  endfacet
  facet normal 0 0 1
    outer loop
      vertex 65.7378 7.9477 2
      vertex 65.7378 5.7583 2
      vertex 65.8446 5.77414 2
    endloop
  endfacet
  facet normal 0 0 1
    outer loop
      vertex 65.63 7.953 2
      vertex 65.7378 5.7583 2
      vertex 65.7378 7.9477 2
    endloop
  endfacet
  facet normal 0 0 1
    outer loop
      vertex 65.63 7.953 2
      vertex 65.63 5.753 2
      vertex 65.7378 5.7583 2
    endloop
  endfacet
  facet normal -0 0 1
    outer loop
      vertex 65.5222 7.9477 2
      vertex 65.63 5.753 2
      vertex 65.63 7.953 2
    endloop
  endfacet
  facet normal 0 0 1
    outer loop
      vertex 65.5222 7.9477 2
      vertex 65.5222 5.7583 2
      vertex 65.63 5.753 2
    endloop
  endfacet
  facet normal -0 0 1
    outer loop
      vertex 65.4154 7.93186 2
      vertex 65.5222 5.7583 2
      vertex 65.5222 7.9477 2
    endloop
  endfacet
  facet normal 0 0 1
    outer loop
      vertex 65.4154 7.93186 2
      vertex 65.4154 5.77414 2
      vertex 65.5222 5.7583 2
    endloop
  endfacet
  facet normal -0 0 1
    outer loop
      vertex 65.3107 7.90563 2
      vertex 65.4154 5.77414 2
      vertex 65.4154 7.93186 2
    endloop
  endfacet
  facet normal 0 0 1
    outer loop
      vertex 65.3107 7.90563 2
      vertex 65.3107 5.80037 2
      vertex 65.4154 5.77414 2
    endloop
  endfacet
  facet normal -0 0 1
    outer loop
      vertex 65.209 7.86927 2
      vertex 65.3107 5.80037 2
      vertex 65.3107 7.90563 2
    endloop
  endfacet
  facet normal 0 0 1
    outer loop
      vertex 65.209 7.86927 2
      vertex 65.209 5.83673 2
      vertex 65.3107 5.80037 2
    endloop
  endfacet
  facet normal -0 0 1
    outer loop
      vertex 65.1115 7.82311 2
      vertex 65.209 5.83673 2
      vertex 65.209 7.86927 2
    endloop
  endfacet
  facet normal 0 0 1
    outer loop
      vertex 65.1115 7.82311 2
      vertex 65.1115 5.88289 2
      vertex 65.209 5.83673 2
    endloop
  endfacet
  facet normal -0 0 1
    outer loop
      vertex 65.0189 7.76762 2
      vertex 65.1115 5.88289 2
      vertex 65.1115 7.82311 2
    endloop
  endfacet
  facet normal 0 0 1
    outer loop
      vertex 65.0189 7.76762 2
      vertex 65.0189 5.93838 2
      vertex 65.1115 5.88289 2
    endloop
  endfacet
  facet normal -0 0 1
    outer loop
      vertex 64.9322 7.70331 2
      vertex 65.0189 5.93838 2
      vertex 65.0189 7.76762 2
    endloop
  endfacet
  facet normal 0 0 1
    outer loop
      vertex 64.9322 7.70331 2
      vertex 64.9322 6.00269 2
      vertex 65.0189 5.93838 2
    endloop
  endfacet
  facet normal -0 0 1
    outer loop
      vertex 64.8522 7.63082 2
      vertex 64.9322 6.00269 2
      vertex 64.9322 7.70331 2
    endloop
  endfacet
  facet normal 0 0 1
    outer loop
      vertex 64.8522 7.63082 2
      vertex 64.8522 6.07518 2
      vertex 64.9322 6.00269 2
    endloop
  endfacet
  facet normal -0 0 1
    outer loop
      vertex 64.7797 7.55083 2
      vertex 64.8522 6.07518 2
      vertex 64.8522 7.63082 2
    endloop
  endfacet
  facet normal 0 0 1
    outer loop
      vertex 64.7797 7.55083 2
      vertex 64.7797 6.15517 2
      vertex 64.8522 6.07518 2
    endloop
  endfacet
  facet normal -0 0 1
    outer loop
      vertex 64.7154 7.46413 2
      vertex 64.7797 6.15517 2
      vertex 64.7797 7.55083 2
    endloop
  endfacet
  facet normal 0 0 1
    outer loop
      vertex 64.7154 7.46413 2
      vertex 64.7154 6.24187 2
      vertex 64.7797 6.15517 2
    endloop
  endfacet
  facet normal -0 0 1
    outer loop
      vertex 64.6599 7.37154 2
      vertex 64.7154 6.24187 2
      vertex 64.7154 7.46413 2
    endloop
  endfacet
  facet normal 0 0 1
    outer loop
      vertex 64.6599 7.37154 2
      vertex 64.6599 6.33446 2
      vertex 64.7154 6.24187 2
    endloop
  endfacet
  facet normal -0 0 1
    outer loop
      vertex 64.6137 7.27395 2
      vertex 64.6599 6.33446 2
      vertex 64.6599 7.37154 2
    endloop
  endfacet
  facet normal 0 0 1
    outer loop
      vertex 64.6137 7.27395 2
      vertex 64.6137 6.43205 2
      vertex 64.6599 6.33446 2
    endloop
  endfacet
  facet normal -0 0 1
    outer loop
      vertex 64.5774 7.17231 2
      vertex 64.6137 6.43205 2
      vertex 64.6137 7.27395 2
    endloop
  endfacet
  facet normal 0 0 1
    outer loop
      vertex 64.5774 7.17231 2
      vertex 64.5774 6.53369 2
      vertex 64.6137 6.43205 2
    endloop
  endfacet
  facet normal -0 0 1
    outer loop
      vertex 64.5511 7.0676 2
      vertex 64.5774 6.53369 2
      vertex 64.5774 7.17231 2
    endloop
  endfacet
  facet normal 0 0 1
    outer loop
      vertex 64.5511 7.0676 2
      vertex 64.5511 6.6384 2
      vertex 64.5774 6.53369 2
    endloop
  endfacet
  facet normal -0 0 1
    outer loop
      vertex 64.5353 6.96082 2
      vertex 64.5511 6.6384 2
      vertex 64.5511 7.0676 2
    endloop
  endfacet
  facet normal 0 0 1
    outer loop
      vertex 64.5353 6.96082 2
      vertex 64.5353 6.74518 2
      vertex 64.5511 6.6384 2
    endloop
  endfacet
  facet normal 0 -0 1
    outer loop
      vertex 64.5353 6.74518 2
      vertex 64.5353 6.96082 2
      vertex 64.53 6.853 2
    endloop
  endfacet
  facet normal -0.243015 -0.970022 0
    outer loop
      vertex 65.8446 7.93186 2
      vertex 65.9493 7.90563 5.468
      vertex 65.8446 7.93186 5.468
    endloop
  endfacet
  facet normal -0.243015 -0.970022 -0
    outer loop
      vertex 65.9493 7.90563 5.468
      vertex 65.8446 7.93186 2
      vertex 65.9493 7.90563 2
    endloop
  endfacet
  facet normal 0.803212 -0.595693 0
    outer loop
      vertex 64.7154 7.46413 5.468
      vertex 64.7797 7.55083 2
      vertex 64.7797 7.55083 5.468
    endloop
  endfacet
  facet normal 0.803212 -0.595693 0
    outer loop
      vertex 64.7797 7.55083 2
      vertex 64.7154 7.46413 5.468
      vertex 64.7154 7.46413 2
    endloop
  endfacet
  facet normal 0.33616 0.941805 -0
    outer loop
      vertex 65.3107 53.2984 2
      vertex 65.209 53.3347 5.468
      vertex 65.3107 53.2984 5.468
    endloop
  endfacet
  facet normal 0.33616 0.941805 0
    outer loop
      vertex 65.209 53.3347 5.468
      vertex 65.3107 53.2984 2
      vertex 65.209 53.3347 2
    endloop
  endfacet
  facet normal -0.989233 -0.146347 0
    outer loop
      vertex 66.7247 54.4588 2
      vertex 66.7089 54.5656 5.468
      vertex 66.7089 54.5656 2
    endloop
  endfacet
  facet normal -0.989233 -0.146347 0
    outer loop
      vertex 66.7089 54.5656 5.468
      vertex 66.7247 54.4588 2
      vertex 66.7247 54.4588 5.468
    endloop
  endfacet
  facet normal -0.998794 -0.0491058 0
    outer loop
      vertex 66.73 54.351 2
      vertex 66.7247 54.4588 5.468
      vertex 66.7247 54.4588 2
    endloop
  endfacet
  facet normal -0.998794 -0.0491058 0
    outer loop
      vertex 66.7247 54.4588 5.468
      vertex 66.73 54.351 2
      vertex 66.73 54.351 5.468
    endloop
  endfacet
  facet normal -0.969869 -0.243625 0
    outer loop
      vertex 66.7089 54.5656 2
      vertex 66.6826 54.6703 5.468
      vertex 66.6826 54.6703 2
    endloop
  endfacet
  facet normal -0.969869 -0.243625 0
    outer loop
      vertex 66.6826 54.6703 5.468
      vertex 66.7089 54.5656 2
      vertex 66.7089 54.5656 5.468
    endloop
  endfacet
  facet normal 0.989233 -0.146347 0
    outer loop
      vertex 64.5353 54.4588 5.468
      vertex 64.5511 54.5656 2
      vertex 64.5511 54.5656 5.468
    endloop
  endfacet
  facet normal 0.989233 -0.146347 0
    outer loop
      vertex 64.5511 54.5656 2
      vertex 64.5353 54.4588 5.468
      vertex 64.5353 54.4588 2
    endloop
  endfacet
  facet normal 0.243625 0.969869 -0
    outer loop
      vertex 65.4154 53.2721 2
      vertex 65.3107 53.2984 5.468
      vertex 65.4154 53.2721 5.468
    endloop
  endfacet
  facet normal 0.243625 0.969869 0
    outer loop
      vertex 65.3107 53.2984 5.468
      vertex 65.4154 53.2721 2
      vertex 65.3107 53.2984 2
    endloop
  endfacet
  facet normal -0.336454 -0.9417 0
    outer loop
      vertex 65.9493 55.4036 2
      vertex 66.0509 55.3673 5.468
      vertex 65.9493 55.4036 5.468
    endloop
  endfacet
  facet normal -0.336454 -0.9417 -0
    outer loop
      vertex 66.0509 55.3673 5.468
      vertex 65.9493 55.4036 2
      vertex 66.0509 55.3673 2
    endloop
  endfacet
  facet normal 0.514087 -0.857738 0
    outer loop
      vertex 65.0189 55.2656 2
      vertex 65.1115 55.3211 5.468
      vertex 65.0189 55.2656 5.468
    endloop
  endfacet
  facet normal 0.514087 -0.857738 0
    outer loop
      vertex 65.1115 55.3211 5.468
      vertex 65.0189 55.2656 2
      vertex 65.1115 55.3211 2
    endloop
  endfacet
  facet normal 0.903681 0.428206 0
    outer loop
      vertex 64.6599 53.8325 5.468
      vertex 64.6137 53.93 2
      vertex 64.6137 53.93 5.468
    endloop
  endfacet
  facet normal 0.903681 0.428206 0
    outer loop
      vertex 64.6137 53.93 2
      vertex 64.6599 53.8325 5.468
      vertex 64.6599 53.8325 2
    endloop
  endfacet
  facet normal 0.243625 -0.969869 0
    outer loop
      vertex 65.3107 55.4036 2
      vertex 65.4154 55.4299 5.468
      vertex 65.3107 55.4036 5.468
    endloop
  endfacet
  facet normal 0.243625 -0.969869 0
    outer loop
      vertex 65.4154 55.4299 5.468
      vertex 65.3107 55.4036 2
      vertex 65.4154 55.4299 2
    endloop
  endfacet
  facet normal 0.857738 0.514087 0
    outer loop
      vertex 64.7154 53.7399 5.468
      vertex 64.6599 53.8325 2
      vertex 64.6599 53.8325 5.468
    endloop
  endfacet
  facet normal 0.857738 0.514087 0
    outer loop
      vertex 64.6599 53.8325 2
      vertex 64.7154 53.7399 5.468
      vertex 64.7154 53.7399 2
    endloop
  endfacet
  facet normal -0.243625 0.969869 0
    outer loop
      vertex 65.9493 53.2984 2
      vertex 65.8446 53.2721 5.468
      vertex 65.9493 53.2984 5.468
    endloop
  endfacet
  facet normal -0.243625 0.969869 0
    outer loop
      vertex 65.8446 53.2721 5.468
      vertex 65.9493 53.2984 2
      vertex 65.8446 53.2721 2
    endloop
  endfacet
  facet normal 0.595693 0.803212 -0
    outer loop
      vertex 65.0189 53.4364 2
      vertex 64.9322 53.5007 5.468
      vertex 65.0189 53.4364 5.468
    endloop
  endfacet
  facet normal 0.595693 0.803212 0
    outer loop
      vertex 64.9322 53.5007 5.468
      vertex 65.0189 53.4364 2
      vertex 64.9322 53.5007 2
    endloop
  endfacet
  facet normal -0.514087 0.857738 0
    outer loop
      vertex 66.2411 53.4364 2
      vertex 66.1485 53.3809 5.468
      vertex 66.2411 53.4364 5.468
    endloop
  endfacet
  facet normal -0.514087 0.857738 0
    outer loop
      vertex 66.1485 53.3809 5.468
      vertex 66.2411 53.4364 2
      vertex 66.1485 53.3809 2
    endloop
  endfacet
  facet normal -0.803212 0.595693 0
    outer loop
      vertex 66.4803 53.6532 2
      vertex 66.5446 53.7399 5.468
      vertex 66.5446 53.7399 2
    endloop
  endfacet
  facet normal -0.803212 0.595693 0
    outer loop
      vertex 66.5446 53.7399 5.468
      vertex 66.4803 53.6532 2
      vertex 66.4803 53.6532 5.468
    endloop
  endfacet
  facet normal -0.146347 -0.989233 0
    outer loop
      vertex 65.7378 55.4457 2
      vertex 65.8446 55.4299 5.468
      vertex 65.7378 55.4457 5.468
    endloop
  endfacet
  facet normal -0.146347 -0.989233 -0
    outer loop
      vertex 65.8446 55.4299 5.468
      vertex 65.7378 55.4457 2
      vertex 65.8446 55.4299 2
    endloop
  endfacet
  facet normal 0.595693 -0.803212 0
    outer loop
      vertex 64.9322 55.2013 2
      vertex 65.0189 55.2656 5.468
      vertex 64.9322 55.2013 5.468
    endloop
  endfacet
  facet normal 0.595693 -0.803212 0
    outer loop
      vertex 65.0189 55.2656 5.468
      vertex 64.9322 55.2013 2
      vertex 65.0189 55.2656 2
    endloop
  endfacet
  facet normal 0.803212 -0.595693 0
    outer loop
      vertex 64.7154 54.9621 5.468
      vertex 64.7797 55.0488 2
      vertex 64.7797 55.0488 5.468
    endloop
  endfacet
  facet normal 0.803212 -0.595693 0
    outer loop
      vertex 64.7797 55.0488 2
      vertex 64.7154 54.9621 5.468
      vertex 64.7154 54.9621 2
    endloop
  endfacet
  facet normal -0.989233 0.146347 0
    outer loop
      vertex 66.7089 54.1364 2
      vertex 66.7247 54.2432 5.468
      vertex 66.7247 54.2432 2
    endloop
  endfacet
  facet normal -0.989233 0.146347 0
    outer loop
      vertex 66.7247 54.2432 5.468
      vertex 66.7089 54.1364 2
      vertex 66.7089 54.1364 5.468
    endloop
  endfacet
  facet normal 0.9417 -0.336454 0
    outer loop
      vertex 64.5774 54.6703 5.468
      vertex 64.6137 54.7719 2
      vertex 64.6137 54.7719 5.468
    endloop
  endfacet
  facet normal 0.9417 -0.336454 0
    outer loop
      vertex 64.6137 54.7719 2
      vertex 64.5774 54.6703 5.468
      vertex 64.5774 54.6703 2
    endloop
  endfacet
  facet normal -0.427847 -0.903851 0
    outer loop
      vertex 66.0509 55.3673 2
      vertex 66.1485 55.3211 5.468
      vertex 66.0509 55.3673 5.468
    endloop
  endfacet
  facet normal -0.427847 -0.903851 -0
    outer loop
      vertex 66.1485 55.3211 5.468
      vertex 66.0509 55.3673 2
      vertex 66.1485 55.3211 2
    endloop
  endfacet
  facet normal 0.941805 0.33616 0
    outer loop
      vertex 64.6137 53.93 5.468
      vertex 64.5774 54.0317 2
      vertex 64.5774 54.0317 5.468
    endloop
  endfacet
  facet normal 0.941805 0.33616 0
    outer loop
      vertex 64.5774 54.0317 2
      vertex 64.6137 53.93 5.468
      vertex 64.6137 53.93 2
    endloop
  endfacet
  facet normal -0.969869 0.243625 0
    outer loop
      vertex 66.6826 54.0317 2
      vertex 66.7089 54.1364 5.468
      vertex 66.7089 54.1364 2
    endloop
  endfacet
  facet normal -0.969869 0.243625 0
    outer loop
      vertex 66.7089 54.1364 5.468
      vertex 66.6826 54.0317 2
      vertex 66.6826 54.0317 5.468
    endloop
  endfacet
  facet normal 0.0491058 -0.998794 0
    outer loop
      vertex 65.5222 55.4457 2
      vertex 65.63 55.451 5.468
      vertex 65.5222 55.4457 5.468
    endloop
  endfacet
  facet normal 0.0491058 -0.998794 0
    outer loop
      vertex 65.63 55.451 5.468
      vertex 65.5222 55.4457 2
      vertex 65.63 55.451 2
    endloop
  endfacet
  facet normal -0.671519 -0.740987 0
    outer loop
      vertex 66.3278 55.2013 2
      vertex 66.4078 55.1288 5.468
      vertex 66.3278 55.2013 5.468
    endloop
  endfacet
  facet normal -0.671519 -0.740987 -0
    outer loop
      vertex 66.4078 55.1288 5.468
      vertex 66.3278 55.2013 2
      vertex 66.4078 55.1288 2
    endloop
  endfacet
  facet normal 0.428206 -0.903681 0
    outer loop
      vertex 65.1115 55.3211 2
      vertex 65.209 55.3673 5.468
      vertex 65.1115 55.3211 5.468
    endloop
  endfacet
  facet normal 0.428206 -0.903681 0
    outer loop
      vertex 65.209 55.3673 5.468
      vertex 65.1115 55.3211 2
      vertex 65.209 55.3673 2
    endloop
  endfacet
  facet normal 0.671519 -0.740987 0
    outer loop
      vertex 64.8522 55.1288 2
      vertex 64.9322 55.2013 5.468
      vertex 64.8522 55.1288 5.468
    endloop
  endfacet
  facet normal 0.671519 -0.740987 0
    outer loop
      vertex 64.9322 55.2013 5.468
      vertex 64.8522 55.1288 2
      vertex 64.9322 55.2013 2
    endloop
  endfacet
  facet normal -0.336454 0.9417 0
    outer loop
      vertex 66.0509 53.3347 2
      vertex 65.9493 53.2984 5.468
      vertex 66.0509 53.3347 5.468
    endloop
  endfacet
  facet normal -0.336454 0.9417 0
    outer loop
      vertex 65.9493 53.2984 5.468
      vertex 66.0509 53.3347 2
      vertex 65.9493 53.2984 2
    endloop
  endfacet
  facet normal 0.33616 -0.941805 0
    outer loop
      vertex 65.209 55.3673 2
      vertex 65.3107 55.4036 5.468
      vertex 65.209 55.3673 5.468
    endloop
  endfacet
  facet normal 0.33616 -0.941805 0
    outer loop
      vertex 65.3107 55.4036 5.468
      vertex 65.209 55.3673 2
      vertex 65.3107 55.4036 2
    endloop
  endfacet
  facet normal -0.803212 -0.595693 0
    outer loop
      vertex 66.5446 54.9621 2
      vertex 66.4803 55.0488 5.468
      vertex 66.4803 55.0488 2
    endloop
  endfacet
  facet normal -0.803212 -0.595693 0
    outer loop
      vertex 66.4803 55.0488 5.468
      vertex 66.5446 54.9621 2
      vertex 66.5446 54.9621 5.468
    endloop
  endfacet
  facet normal 0.857738 -0.514087 0
    outer loop
      vertex 64.6599 54.8695 5.468
      vertex 64.7154 54.9621 2
      vertex 64.7154 54.9621 5.468
    endloop
  endfacet
  facet normal 0.857738 -0.514087 0
    outer loop
      vertex 64.7154 54.9621 2
      vertex 64.6599 54.8695 5.468
      vertex 64.6599 54.8695 2
    endloop
  endfacet
  facet normal -0.998794 0.0491058 0
    outer loop
      vertex 66.7247 54.2432 2
      vertex 66.73 54.351 5.468
      vertex 66.73 54.351 2
    endloop
  endfacet
  facet normal -0.998794 0.0491058 0
    outer loop
      vertex 66.73 54.351 5.468
      vertex 66.7247 54.2432 2
      vertex 66.7247 54.2432 5.468
    endloop
  endfacet
  facet normal -0.903681 0.428206 0
    outer loop
      vertex 66.6001 53.8325 2
      vertex 66.6463 53.93 5.468
      vertex 66.6463 53.93 2
    endloop
  endfacet
  facet normal -0.903681 0.428206 0
    outer loop
      vertex 66.6463 53.93 5.468
      vertex 66.6001 53.8325 2
      vertex 66.6001 53.8325 5.468
    endloop
  endfacet
  facet normal -0.595693 -0.803212 0
    outer loop
      vertex 66.2411 55.2656 2
      vertex 66.3278 55.2013 5.468
      vertex 66.2411 55.2656 5.468
    endloop
  endfacet
  facet normal -0.595693 -0.803212 -0
    outer loop
      vertex 66.3278 55.2013 5.468
      vertex 66.2411 55.2656 2
      vertex 66.3278 55.2013 2
    endloop
  endfacet
  facet normal 0.514087 0.857738 -0
    outer loop
      vertex 65.1115 53.3809 2
      vertex 65.0189 53.4364 5.468
      vertex 65.1115 53.3809 5.468
    endloop
  endfacet
  facet normal 0.514087 0.857738 0
    outer loop
      vertex 65.0189 53.4364 5.468
      vertex 65.1115 53.3809 2
      vertex 65.0189 53.4364 2
    endloop
  endfacet
  facet normal -0.514087 -0.857738 0
    outer loop
      vertex 66.1485 55.3211 2
      vertex 66.2411 55.2656 5.468
      vertex 66.1485 55.3211 5.468
    endloop
  endfacet
  facet normal -0.514087 -0.857738 -0
    outer loop
      vertex 66.2411 55.2656 5.468
      vertex 66.1485 55.3211 2
      vertex 66.2411 55.2656 2
    endloop
  endfacet
  facet normal -0.146347 0.989233 0
    outer loop
      vertex 65.8446 53.2721 2
      vertex 65.7378 53.2563 5.468
      vertex 65.8446 53.2721 5.468
    endloop
  endfacet
  facet normal -0.146347 0.989233 0
    outer loop
      vertex 65.7378 53.2563 5.468
      vertex 65.8446 53.2721 2
      vertex 65.7378 53.2563 2
    endloop
  endfacet
  facet normal -0.9417 -0.336454 0
    outer loop
      vertex 66.6826 54.6703 2
      vertex 66.6463 54.7719 5.468
      vertex 66.6463 54.7719 2
    endloop
  endfacet
  facet normal -0.9417 -0.336454 0
    outer loop
      vertex 66.6463 54.7719 5.468
      vertex 66.6826 54.6703 2
      vertex 66.6826 54.6703 5.468
    endloop
  endfacet
  facet normal -0.857738 0.514087 0
    outer loop
      vertex 66.5446 53.7399 2
      vertex 66.6001 53.8325 5.468
      vertex 66.6001 53.8325 2
    endloop
  endfacet
  facet normal -0.857738 0.514087 0
    outer loop
      vertex 66.6001 53.8325 5.468
      vertex 66.5446 53.7399 2
      vertex 66.5446 53.7399 5.468
    endloop
  endfacet
  facet normal 0.998794 0.0491058 0
    outer loop
      vertex 64.5353 54.2432 5.468
      vertex 64.53 54.351 2
      vertex 64.53 54.351 5.468
    endloop
  endfacet
  facet normal 0.998794 0.0491058 0
    outer loop
      vertex 64.53 54.351 2
      vertex 64.5353 54.2432 5.468
      vertex 64.5353 54.2432 2
    endloop
  endfacet
  facet normal -0.941805 0.33616 0
    outer loop
      vertex 66.6463 53.93 2
      vertex 66.6826 54.0317 5.468
      vertex 66.6826 54.0317 2
    endloop
  endfacet
  facet normal -0.941805 0.33616 0
    outer loop
      vertex 66.6826 54.0317 5.468
      vertex 66.6463 53.93 2
      vertex 66.6463 53.93 5.468
    endloop
  endfacet
  facet normal -0.740987 -0.671519 0
    outer loop
      vertex 66.4803 55.0488 2
      vertex 66.4078 55.1288 5.468
      vertex 66.4078 55.1288 2
    endloop
  endfacet
  facet normal -0.740987 -0.671519 0
    outer loop
      vertex 66.4078 55.1288 5.468
      vertex 66.4803 55.0488 2
      vertex 66.4803 55.0488 5.468
    endloop
  endfacet
  facet normal -0.0491058 -0.998794 0
    outer loop
      vertex 65.63 55.451 2
      vertex 65.7378 55.4457 5.468
      vertex 65.63 55.451 5.468
    endloop
  endfacet
  facet normal -0.0491058 -0.998794 -0
    outer loop
      vertex 65.7378 55.4457 5.468
      vertex 65.63 55.451 2
      vertex 65.7378 55.4457 2
    endloop
  endfacet
  facet normal -0.903851 -0.427847 0
    outer loop
      vertex 66.6463 54.7719 2
      vertex 66.6001 54.8695 5.468
      vertex 66.6001 54.8695 2
    endloop
  endfacet
  facet normal -0.903851 -0.427847 0
    outer loop
      vertex 66.6001 54.8695 5.468
      vertex 66.6463 54.7719 2
      vertex 66.6463 54.7719 5.468
    endloop
  endfacet
  facet normal 0.146347 0.989233 -0
    outer loop
      vertex 65.5222 53.2563 2
      vertex 65.4154 53.2721 5.468
      vertex 65.5222 53.2563 5.468
    endloop
  endfacet
  facet normal 0.146347 0.989233 0
    outer loop
      vertex 65.4154 53.2721 5.468
      vertex 65.5222 53.2563 2
      vertex 65.4154 53.2721 2
    endloop
  endfacet
  facet normal -0.671519 0.740987 0
    outer loop
      vertex 66.4078 53.5732 2
      vertex 66.3278 53.5007 5.468
      vertex 66.4078 53.5732 5.468
    endloop
  endfacet
  facet normal -0.671519 0.740987 0
    outer loop
      vertex 66.3278 53.5007 5.468
      vertex 66.4078 53.5732 2
      vertex 66.3278 53.5007 2
    endloop
  endfacet
  facet normal -0.857738 -0.514087 0
    outer loop
      vertex 66.6001 54.8695 2
      vertex 66.5446 54.9621 5.468
      vertex 66.5446 54.9621 2
    endloop
  endfacet
  facet normal -0.857738 -0.514087 0
    outer loop
      vertex 66.5446 54.9621 5.468
      vertex 66.6001 54.8695 2
      vertex 66.6001 54.8695 5.468
    endloop
  endfacet
  facet normal 0.0491058 0.998794 -0
    outer loop
      vertex 65.63 53.251 2
      vertex 65.5222 53.2563 5.468
      vertex 65.63 53.251 5.468
    endloop
  endfacet
  facet normal 0.0491058 0.998794 0
    outer loop
      vertex 65.5222 53.2563 5.468
      vertex 65.63 53.251 2
      vertex 65.5222 53.2563 2
    endloop
  endfacet
  facet normal 0.740987 -0.671519 0
    outer loop
      vertex 64.7797 55.0488 5.468
      vertex 64.8522 55.1288 2
      vertex 64.8522 55.1288 5.468
    endloop
  endfacet
  facet normal 0.740987 -0.671519 0
    outer loop
      vertex 64.8522 55.1288 2
      vertex 64.7797 55.0488 5.468
      vertex 64.7797 55.0488 2
    endloop
  endfacet
  facet normal 0.146347 -0.989233 0
    outer loop
      vertex 65.4154 55.4299 2
      vertex 65.5222 55.4457 5.468
      vertex 65.4154 55.4299 5.468
    endloop
  endfacet
  facet normal 0.146347 -0.989233 0
    outer loop
      vertex 65.5222 55.4457 5.468
      vertex 65.4154 55.4299 2
      vertex 65.5222 55.4457 2
    endloop
  endfacet
  facet normal 0.903851 -0.427847 0
    outer loop
      vertex 64.6137 54.7719 5.468
      vertex 64.6599 54.8695 2
      vertex 64.6599 54.8695 5.468
    endloop
  endfacet
  facet normal 0.903851 -0.427847 0
    outer loop
      vertex 64.6599 54.8695 2
      vertex 64.6137 54.7719 5.468
      vertex 64.6137 54.7719 2
    endloop
  endfacet
  facet normal 0.671519 0.740987 -0
    outer loop
      vertex 64.9322 53.5007 2
      vertex 64.8522 53.5732 5.468
      vertex 64.9322 53.5007 5.468
    endloop
  endfacet
  facet normal 0.671519 0.740987 0
    outer loop
      vertex 64.8522 53.5732 5.468
      vertex 64.9322 53.5007 2
      vertex 64.8522 53.5732 2
    endloop
  endfacet
  facet normal 0.969869 -0.243625 0
    outer loop
      vertex 64.5511 54.5656 5.468
      vertex 64.5774 54.6703 2
      vertex 64.5774 54.6703 5.468
    endloop
  endfacet
  facet normal 0.969869 -0.243625 0
    outer loop
      vertex 64.5774 54.6703 2
      vertex 64.5511 54.5656 5.468
      vertex 64.5511 54.5656 2
    endloop
  endfacet
  facet normal -0.243625 -0.969869 0
    outer loop
      vertex 65.8446 55.4299 2
      vertex 65.9493 55.4036 5.468
      vertex 65.8446 55.4299 5.468
    endloop
  endfacet
  facet normal -0.243625 -0.969869 -0
    outer loop
      vertex 65.9493 55.4036 5.468
      vertex 65.8446 55.4299 2
      vertex 65.9493 55.4036 2
    endloop
  endfacet
  facet normal 0.969869 0.243625 0
    outer loop
      vertex 64.5774 54.0317 5.468
      vertex 64.5511 54.1364 2
      vertex 64.5511 54.1364 5.468
    endloop
  endfacet
  facet normal 0.969869 0.243625 0
    outer loop
      vertex 64.5511 54.1364 2
      vertex 64.5774 54.0317 5.468
      vertex 64.5774 54.0317 2
    endloop
  endfacet
  facet normal 0.428206 0.903681 -0
    outer loop
      vertex 65.209 53.3347 2
      vertex 65.1115 53.3809 5.468
      vertex 65.209 53.3347 5.468
    endloop
  endfacet
  facet normal 0.428206 0.903681 0
    outer loop
      vertex 65.1115 53.3809 5.468
      vertex 65.209 53.3347 2
      vertex 65.1115 53.3809 2
    endloop
  endfacet
  facet normal 0.740987 0.671519 0
    outer loop
      vertex 64.8522 53.5732 5.468
      vertex 64.7797 53.6532 2
      vertex 64.7797 53.6532 5.468
    endloop
  endfacet
  facet normal 0.740987 0.671519 0
    outer loop
      vertex 64.7797 53.6532 2
      vertex 64.8522 53.5732 5.468
      vertex 64.8522 53.5732 2
    endloop
  endfacet
  facet normal -0.427847 0.903851 0
    outer loop
      vertex 66.1485 53.3809 2
      vertex 66.0509 53.3347 5.468
      vertex 66.1485 53.3809 5.468
    endloop
  endfacet
  facet normal -0.427847 0.903851 0
    outer loop
      vertex 66.0509 53.3347 5.468
      vertex 66.1485 53.3809 2
      vertex 66.0509 53.3347 2
    endloop
  endfacet
  facet normal -0.0491058 0.998794 0
    outer loop
      vertex 65.7378 53.2563 2
      vertex 65.63 53.251 5.468
      vertex 65.7378 53.2563 5.468
    endloop
  endfacet
  facet normal -0.0491058 0.998794 0
    outer loop
      vertex 65.63 53.251 5.468
      vertex 65.7378 53.2563 2
      vertex 65.63 53.251 2
    endloop
  endfacet
  facet normal 0.989233 0.146347 0
    outer loop
      vertex 64.5511 54.1364 5.468
      vertex 64.5353 54.2432 2
      vertex 64.5353 54.2432 5.468
    endloop
  endfacet
  facet normal 0.989233 0.146347 0
    outer loop
      vertex 64.5353 54.2432 2
      vertex 64.5511 54.1364 5.468
      vertex 64.5511 54.1364 2
    endloop
  endfacet
  facet normal -0.595693 0.803212 0
    outer loop
      vertex 66.3278 53.5007 2
      vertex 66.2411 53.4364 5.468
      vertex 66.3278 53.5007 5.468
    endloop
  endfacet
  facet normal -0.595693 0.803212 0
    outer loop
      vertex 66.2411 53.4364 5.468
      vertex 66.3278 53.5007 2
      vertex 66.2411 53.4364 2
    endloop
  endfacet
  facet normal 0 0 1
    outer loop
      vertex 66.7247 54.4588 2
      vertex 66.7247 54.2432 2
      vertex 66.73 54.351 2
    endloop
  endfacet
  facet normal 0 0 1
    outer loop
      vertex 66.7089 54.5656 2
      vertex 66.7247 54.2432 2
      vertex 66.7247 54.4588 2
    endloop
  endfacet
  facet normal 0 0 1
    outer loop
      vertex 66.7089 54.5656 2
      vertex 66.7089 54.1364 2
      vertex 66.7247 54.2432 2
    endloop
  endfacet
  facet normal 0 0 1
    outer loop
      vertex 66.6826 54.6703 2
      vertex 66.7089 54.1364 2
      vertex 66.7089 54.5656 2
    endloop
  endfacet
  facet normal 0 0 1
    outer loop
      vertex 66.6826 54.6703 2
      vertex 66.6826 54.0317 2
      vertex 66.7089 54.1364 2
    endloop
  endfacet
  facet normal 0 0 1
    outer loop
      vertex 66.6463 54.7719 2
      vertex 66.6826 54.0317 2
      vertex 66.6826 54.6703 2
    endloop
  endfacet
  facet normal 0 0 1
    outer loop
      vertex 66.6463 54.7719 2
      vertex 66.6463 53.93 2
      vertex 66.6826 54.0317 2
    endloop
  endfacet
  facet normal 0 0 1
    outer loop
      vertex 66.6001 54.8695 2
      vertex 66.6463 53.93 2
      vertex 66.6463 54.7719 2
    endloop
  endfacet
  facet normal 0 0 1
    outer loop
      vertex 66.6001 54.8695 2
      vertex 66.6001 53.8325 2
      vertex 66.6463 53.93 2
    endloop
  endfacet
  facet normal 0 0 1
    outer loop
      vertex 66.5446 54.9621 2
      vertex 66.6001 53.8325 2
      vertex 66.6001 54.8695 2
    endloop
  endfacet
  facet normal 0 0 1
    outer loop
      vertex 66.5446 54.9621 2
      vertex 66.5446 53.7399 2
      vertex 66.6001 53.8325 2
    endloop
  endfacet
  facet normal 0 0 1
    outer loop
      vertex 66.4803 55.0488 2
      vertex 66.5446 53.7399 2
      vertex 66.5446 54.9621 2
    endloop
  endfacet
  facet normal 0 0 1
    outer loop
      vertex 66.4803 55.0488 2
      vertex 66.4803 53.6532 2
      vertex 66.5446 53.7399 2
    endloop
  endfacet
  facet normal 0 0 1
    outer loop
      vertex 66.4078 55.1288 2
      vertex 66.4803 53.6532 2
      vertex 66.4803 55.0488 2
    endloop
  endfacet
  facet normal 0 0 1
    outer loop
      vertex 66.4078 55.1288 2
      vertex 66.4078 53.5732 2
      vertex 66.4803 53.6532 2
    endloop
  endfacet
  facet normal 0 0 1
    outer loop
      vertex 66.3278 55.2013 2
      vertex 66.4078 53.5732 2
      vertex 66.4078 55.1288 2
    endloop
  endfacet
  facet normal 0 0 1
    outer loop
      vertex 66.3278 55.2013 2
      vertex 66.3278 53.5007 2
      vertex 66.4078 53.5732 2
    endloop
  endfacet
  facet normal 0 0 1
    outer loop
      vertex 66.2411 55.2656 2
      vertex 66.3278 53.5007 2
      vertex 66.3278 55.2013 2
    endloop
  endfacet
  facet normal 0 0 1
    outer loop
      vertex 66.2411 55.2656 2
      vertex 66.2411 53.4364 2
      vertex 66.3278 53.5007 2
    endloop
  endfacet
  facet normal 0 0 1
    outer loop
      vertex 66.1485 55.3211 2
      vertex 66.2411 53.4364 2
      vertex 66.2411 55.2656 2
    endloop
  endfacet
  facet normal 0 0 1
    outer loop
      vertex 66.1485 55.3211 2
      vertex 66.1485 53.3809 2
      vertex 66.2411 53.4364 2
    endloop
  endfacet
  facet normal 0 0 1
    outer loop
      vertex 66.0509 55.3673 2
      vertex 66.1485 53.3809 2
      vertex 66.1485 55.3211 2
    endloop
  endfacet
  facet normal 0 0 1
    outer loop
      vertex 66.0509 55.3673 2
      vertex 66.0509 53.3347 2
      vertex 66.1485 53.3809 2
    endloop
  endfacet
  facet normal 0 0 1
    outer loop
      vertex 65.9493 55.4036 2
      vertex 66.0509 53.3347 2
      vertex 66.0509 55.3673 2
    endloop
  endfacet
  facet normal 0 0 1
    outer loop
      vertex 65.9493 55.4036 2
      vertex 65.9493 53.2984 2
      vertex 66.0509 53.3347 2
    endloop
  endfacet
  facet normal 0 0 1
    outer loop
      vertex 65.8446 55.4299 2
      vertex 65.9493 53.2984 2
      vertex 65.9493 55.4036 2
    endloop
  endfacet
  facet normal 0 0 1
    outer loop
      vertex 65.8446 55.4299 2
      vertex 65.8446 53.2721 2
      vertex 65.9493 53.2984 2
    endloop
  endfacet
  facet normal 0 0 1
    outer loop
      vertex 65.7378 55.4457 2
      vertex 65.8446 53.2721 2
      vertex 65.8446 55.4299 2
    endloop
  endfacet
  facet normal 0 0 1
    outer loop
      vertex 65.7378 55.4457 2
      vertex 65.7378 53.2563 2
      vertex 65.8446 53.2721 2
    endloop
  endfacet
  facet normal 0 0 1
    outer loop
      vertex 65.63 55.451 2
      vertex 65.7378 53.2563 2
      vertex 65.7378 55.4457 2
    endloop
  endfacet
  facet normal 0 0 1
    outer loop
      vertex 65.63 55.451 2
      vertex 65.63 53.251 2
      vertex 65.7378 53.2563 2
    endloop
  endfacet
  facet normal -0 0 1
    outer loop
      vertex 65.5222 55.4457 2
      vertex 65.63 53.251 2
      vertex 65.63 55.451 2
    endloop
  endfacet
  facet normal 0 0 1
    outer loop
      vertex 65.5222 55.4457 2
      vertex 65.5222 53.2563 2
      vertex 65.63 53.251 2
    endloop
  endfacet
  facet normal -0 0 1
    outer loop
      vertex 65.4154 55.4299 2
      vertex 65.5222 53.2563 2
      vertex 65.5222 55.4457 2
    endloop
  endfacet
  facet normal 0 0 1
    outer loop
      vertex 65.4154 55.4299 2
      vertex 65.4154 53.2721 2
      vertex 65.5222 53.2563 2
    endloop
  endfacet
  facet normal -0 0 1
    outer loop
      vertex 65.3107 55.4036 2
      vertex 65.4154 53.2721 2
      vertex 65.4154 55.4299 2
    endloop
  endfacet
  facet normal 0 0 1
    outer loop
      vertex 65.3107 55.4036 2
      vertex 65.3107 53.2984 2
      vertex 65.4154 53.2721 2
    endloop
  endfacet
  facet normal -0 0 1
    outer loop
      vertex 65.209 55.3673 2
      vertex 65.3107 53.2984 2
      vertex 65.3107 55.4036 2
    endloop
  endfacet
  facet normal 0 0 1
    outer loop
      vertex 65.209 55.3673 2
      vertex 65.209 53.3347 2
      vertex 65.3107 53.2984 2
    endloop
  endfacet
  facet normal -0 0 1
    outer loop
      vertex 65.1115 55.3211 2
      vertex 65.209 53.3347 2
      vertex 65.209 55.3673 2
    endloop
  endfacet
  facet normal 0 0 1
    outer loop
      vertex 65.1115 55.3211 2
      vertex 65.1115 53.3809 2
      vertex 65.209 53.3347 2
    endloop
  endfacet
  facet normal -0 0 1
    outer loop
      vertex 65.0189 55.2656 2
      vertex 65.1115 53.3809 2
      vertex 65.1115 55.3211 2
    endloop
  endfacet
  facet normal 0 0 1
    outer loop
      vertex 65.0189 55.2656 2
      vertex 65.0189 53.4364 2
      vertex 65.1115 53.3809 2
    endloop
  endfacet
  facet normal -0 0 1
    outer loop
      vertex 64.9322 55.2013 2
      vertex 65.0189 53.4364 2
      vertex 65.0189 55.2656 2
    endloop
  endfacet
  facet normal 0 0 1
    outer loop
      vertex 64.9322 55.2013 2
      vertex 64.9322 53.5007 2
      vertex 65.0189 53.4364 2
    endloop
  endfacet
  facet normal -0 0 1
    outer loop
      vertex 64.8522 55.1288 2
      vertex 64.9322 53.5007 2
      vertex 64.9322 55.2013 2
    endloop
  endfacet
  facet normal 0 0 1
    outer loop
      vertex 64.8522 55.1288 2
      vertex 64.8522 53.5732 2
      vertex 64.9322 53.5007 2
    endloop
  endfacet
  facet normal -0 0 1
    outer loop
      vertex 64.7797 55.0488 2
      vertex 64.8522 53.5732 2
      vertex 64.8522 55.1288 2
    endloop
  endfacet
  facet normal 0 0 1
    outer loop
      vertex 64.7797 55.0488 2
      vertex 64.7797 53.6532 2
      vertex 64.8522 53.5732 2
    endloop
  endfacet
  facet normal -0 0 1
    outer loop
      vertex 64.7154 54.9621 2
      vertex 64.7797 53.6532 2
      vertex 64.7797 55.0488 2
    endloop
  endfacet
  facet normal 0 0 1
    outer loop
      vertex 64.7154 54.9621 2
      vertex 64.7154 53.7399 2
      vertex 64.7797 53.6532 2
    endloop
  endfacet
  facet normal -0 0 1
    outer loop
      vertex 64.6599 54.8695 2
      vertex 64.7154 53.7399 2
      vertex 64.7154 54.9621 2
    endloop
  endfacet
  facet normal 0 0 1
    outer loop
      vertex 64.6599 54.8695 2
      vertex 64.6599 53.8325 2
      vertex 64.7154 53.7399 2
    endloop
  endfacet
  facet normal -0 0 1
    outer loop
      vertex 64.6137 54.7719 2
      vertex 64.6599 53.8325 2
      vertex 64.6599 54.8695 2
    endloop
  endfacet
  facet normal 0 0 1
    outer loop
      vertex 64.6137 54.7719 2
      vertex 64.6137 53.93 2
      vertex 64.6599 53.8325 2
    endloop
  endfacet
  facet normal -0 0 1
    outer loop
      vertex 64.5774 54.6703 2
      vertex 64.6137 53.93 2
      vertex 64.6137 54.7719 2
    endloop
  endfacet
  facet normal 0 0 1
    outer loop
      vertex 64.5774 54.6703 2
      vertex 64.5774 54.0317 2
      vertex 64.6137 53.93 2
    endloop
  endfacet
  facet normal -0 0 1
    outer loop
      vertex 64.5511 54.5656 2
      vertex 64.5774 54.0317 2
      vertex 64.5774 54.6703 2
    endloop
  endfacet
  facet normal 0 0 1
    outer loop
      vertex 64.5511 54.5656 2
      vertex 64.5511 54.1364 2
      vertex 64.5774 54.0317 2
    endloop
  endfacet
  facet normal -0 0 1
    outer loop
      vertex 64.5353 54.4588 2
      vertex 64.5511 54.1364 2
      vertex 64.5511 54.5656 2
    endloop
  endfacet
  facet normal 0 0 1
    outer loop
      vertex 64.5353 54.4588 2
      vertex 64.5353 54.2432 2
      vertex 64.5511 54.1364 2
    endloop
  endfacet
  facet normal 0 -0 1
    outer loop
      vertex 64.5353 54.2432 2
      vertex 64.5353 54.4588 2
      vertex 64.53 54.351 2
    endloop
  endfacet
  facet normal 0.803212 0.595693 0
    outer loop
      vertex 64.7797 53.6532 5.468
      vertex 64.7154 53.7399 2
      vertex 64.7154 53.7399 5.468
    endloop
  endfacet
  facet normal 0.803212 0.595693 0
    outer loop
      vertex 64.7154 53.7399 2
      vertex 64.7797 53.6532 5.468
      vertex 64.7797 53.6532 2
    endloop
  endfacet
  facet normal 0.998794 -0.0491058 0
    outer loop
      vertex 64.53 54.351 5.468
      vertex 64.5353 54.4588 2
      vertex 64.5353 54.4588 5.468
    endloop
  endfacet
  facet normal 0.998794 -0.0491058 0
    outer loop
      vertex 64.5353 54.4588 2
      vertex 64.53 54.351 5.468
      vertex 64.53 54.351 2
    endloop
  endfacet
  facet normal -0.740987 0.671519 0
    outer loop
      vertex 66.4078 53.5732 2
      vertex 66.4803 53.6532 5.468
      vertex 66.4803 53.6532 2
    endloop
  endfacet
  facet normal -0.740987 0.671519 0
    outer loop
      vertex 66.4803 53.6532 5.468
      vertex 66.4078 53.5732 2
      vertex 66.4078 53.5732 5.468
    endloop
  endfacet
  facet normal -1 0 0
    outer loop
      vertex 62.85 11.101 0
      vertex 62.85 50.001 2
      vertex 62.85 50.001 0
    endloop
  endfacet
  facet normal -1 -0 0
    outer loop
      vertex 62.85 50.001 2
      vertex 62.85 11.101 0
      vertex 62.85 11.101 2
    endloop
  endfacet
  facet normal 1 -0 0
    outer loop
      vertex 12.35 11.101 2
      vertex 12.35 50.001 0
      vertex 12.35 50.001 2
    endloop
  endfacet
  facet normal 1 0 0
    outer loop
      vertex 12.35 50.001 0
      vertex 12.35 11.101 2
      vertex 12.35 11.101 0
    endloop
  endfacet
  facet normal 0 -1 0
    outer loop
      vertex 12.35 50.001 0
      vertex 62.85 50.001 2
      vertex 12.35 50.001 2
    endloop
  endfacet
  facet normal 0 -1 -0
    outer loop
      vertex 62.85 50.001 2
      vertex 12.35 50.001 0
      vertex 62.85 50.001 0
    endloop
  endfacet
  facet normal 0 1 -0
    outer loop
      vertex 62.85 11.101 0
      vertex 12.35 11.101 2
      vertex 62.85 11.101 2
    endloop
  endfacet
  facet normal 0 1 0
    outer loop
      vertex 12.35 11.101 2
      vertex 62.85 11.101 0
      vertex 12.35 11.101 0
    endloop
  endfacet
  facet normal 0.857663 0.514212 0
    outer loop
      vertex 75.7936 28.4444 2
      vertex 75.6069 28.7558 0
      vertex 75.6069 28.7558 2
    endloop
  endfacet
  facet normal 0.857663 0.514212 0
    outer loop
      vertex 75.6069 28.7558 0
      vertex 75.7936 28.4444 2
      vertex 75.7936 28.4444 0
    endloop
  endfacet
  facet normal -0.24286 0.970061 0
    outer loop
      vertex 79.9441 26.9593 0
      vertex 79.5918 26.8711 2
      vertex 79.9441 26.9593 2
    endloop
  endfacet
  facet normal -0.24286 0.970061 0
    outer loop
      vertex 79.5918 26.8711 2
      vertex 79.9441 26.9593 0
      vertex 79.5918 26.8711 0
    endloop
  endfacet
  facet normal 0.970061 0.24286 0
    outer loop
      vertex 75.3293 29.4259 2
      vertex 75.2411 29.7782 0
      vertex 75.2411 29.7782 2
    endloop
  endfacet
  facet normal 0.970061 0.24286 0
    outer loop
      vertex 75.2411 29.7782 0
      vertex 75.3293 29.4259 2
      vertex 75.3293 29.4259 0
    endloop
  endfacet
  facet normal -0.514212 -0.857663 0
    outer loop
      vertex 80.6142 33.7631 0
      vertex 80.9256 33.5764 2
      vertex 80.6142 33.7631 2
    endloop
  endfacet
  facet normal -0.514212 -0.857663 -0
    outer loop
      vertex 80.9256 33.5764 2
      vertex 80.6142 33.7631 0
      vertex 80.9256 33.5764 0
    endloop
  endfacet
  facet normal -0.740961 0.671548 0
    outer loop
      vertex 81.4863 27.8837 0
      vertex 81.7301 28.1527 2
      vertex 81.7301 28.1527 0
    endloop
  endfacet
  facet normal -0.740961 0.671548 0
    outer loop
      vertex 81.7301 28.1527 2
      vertex 81.4863 27.8837 0
      vertex 81.4863 27.8837 2
    endloop
  endfacet
  facet normal 0.998798 -0.0490174 0
    outer loop
      vertex 75.17 30.5 2
      vertex 75.1878 30.8627 0
      vertex 75.1878 30.8627 2
    endloop
  endfacet
  facet normal 0.998798 -0.0490174 0
    outer loop
      vertex 75.1878 30.8627 0
      vertex 75.17 30.5 2
      vertex 75.17 30.5 0
    endloop
  endfacet
  facet normal -0.0490174 -0.998798 0
    outer loop
      vertex 78.87 34.2 0
      vertex 79.2327 34.1822 2
      vertex 78.87 34.2 2
    endloop
  endfacet
  facet normal -0.0490174 -0.998798 -0
    outer loop
      vertex 79.2327 34.1822 2
      vertex 78.87 34.2 0
      vertex 79.2327 34.1822 0
    endloop
  endfacet
  facet normal -0.595629 -0.80326 0
    outer loop
      vertex 80.9256 33.5764 0
      vertex 81.2173 33.3601 2
      vertex 80.9256 33.5764 2
    endloop
  endfacet
  facet normal -0.595629 -0.80326 -0
    outer loop
      vertex 81.2173 33.3601 2
      vertex 80.9256 33.5764 0
      vertex 81.2173 33.3601 0
    endloop
  endfacet
  facet normal -0.336895 -0.941542 0
    outer loop
      vertex 79.9441 34.0407 0
      vertex 80.2859 33.9184 2
      vertex 79.9441 34.0407 2
    endloop
  endfacet
  facet normal -0.336895 -0.941542 -0
    outer loop
      vertex 80.2859 33.9184 2
      vertex 79.9441 34.0407 0
      vertex 80.2859 33.9184 0
    endloop
  endfacet
  facet normal -0.903962 0.427613 0
    outer loop
      vertex 82.1331 28.7558 0
      vertex 82.2884 29.0841 2
      vertex 82.2884 29.0841 0
    endloop
  endfacet
  facet normal -0.903962 0.427613 0
    outer loop
      vertex 82.2884 29.0841 2
      vertex 82.1331 28.7558 0
      vertex 82.1331 28.7558 2
    endloop
  endfacet
  facet normal -0.857663 -0.514212 0
    outer loop
      vertex 82.1331 32.2442 0
      vertex 81.9464 32.5556 2
      vertex 81.9464 32.5556 0
    endloop
  endfacet
  facet normal -0.857663 -0.514212 0
    outer loop
      vertex 81.9464 32.5556 2
      vertex 82.1331 32.2442 0
      vertex 82.1331 32.2442 2
    endloop
  endfacet
  facet normal -0.336895 0.941542 0
    outer loop
      vertex 80.2859 27.0816 0
      vertex 79.9441 26.9593 2
      vertex 80.2859 27.0816 2
    endloop
  endfacet
  facet normal -0.336895 0.941542 0
    outer loop
      vertex 79.9441 26.9593 2
      vertex 80.2859 27.0816 0
      vertex 79.9441 26.9593 0
    endloop
  endfacet
  facet normal -0.595629 0.80326 0
    outer loop
      vertex 81.2173 27.6399 0
      vertex 80.9256 27.4236 2
      vertex 81.2173 27.6399 2
    endloop
  endfacet
  facet normal -0.595629 0.80326 0
    outer loop
      vertex 80.9256 27.4236 2
      vertex 81.2173 27.6399 0
      vertex 80.9256 27.4236 0
    endloop
  endfacet
  facet normal -0.998798 0.0490174 0
    outer loop
      vertex 82.5522 30.1373 0
      vertex 82.57 30.5 2
      vertex 82.57 30.5 0
    endloop
  endfacet
  facet normal -0.998798 0.0490174 0
    outer loop
      vertex 82.57 30.5 2
      vertex 82.5522 30.1373 0
      vertex 82.5522 30.1373 2
    endloop
  endfacet
  facet normal 0.740961 0.671548 0
    outer loop
      vertex 76.2537 27.8837 2
      vertex 76.0099 28.1527 0
      vertex 76.0099 28.1527 2
    endloop
  endfacet
  facet normal 0.740961 0.671548 0
    outer loop
      vertex 76.0099 28.1527 0
      vertex 76.2537 27.8837 2
      vertex 76.2537 27.8837 0
    endloop
  endfacet
  facet normal -0.989163 -0.146818 0
    outer loop
      vertex 82.5522 30.8627 0
      vertex 82.4989 31.2218 2
      vertex 82.4989 31.2218 0
    endloop
  endfacet
  facet normal -0.989163 -0.146818 0
    outer loop
      vertex 82.4989 31.2218 2
      vertex 82.5522 30.8627 0
      vertex 82.5522 30.8627 2
    endloop
  endfacet
  facet normal 0.80326 0.595629 0
    outer loop
      vertex 76.0099 28.1527 2
      vertex 75.7936 28.4444 0
      vertex 75.7936 28.4444 2
    endloop
  endfacet
  facet normal 0.80326 0.595629 0
    outer loop
      vertex 75.7936 28.4444 0
      vertex 76.0099 28.1527 2
      vertex 76.0099 28.1527 0
    endloop
  endfacet
  facet normal -0.80326 0.595629 0
    outer loop
      vertex 81.7301 28.1527 0
      vertex 81.9464 28.4444 2
      vertex 81.9464 28.4444 0
    endloop
  endfacet
  facet normal -0.80326 0.595629 0
    outer loop
      vertex 81.9464 28.4444 2
      vertex 81.7301 28.1527 0
      vertex 81.7301 28.1527 2
    endloop
  endfacet
  facet normal -0.80326 -0.595629 0
    outer loop
      vertex 81.9464 32.5556 0
      vertex 81.7301 32.8473 2
      vertex 81.7301 32.8473 0
    endloop
  endfacet
  facet normal -0.80326 -0.595629 0
    outer loop
      vertex 81.7301 32.8473 2
      vertex 81.9464 32.5556 0
      vertex 81.9464 32.5556 2
    endloop
  endfacet
  facet normal 0.970061 -0.24286 0
    outer loop
      vertex 75.2411 31.2218 2
      vertex 75.3293 31.5741 0
      vertex 75.3293 31.5741 2
    endloop
  endfacet
  facet normal 0.970061 -0.24286 0
    outer loop
      vertex 75.3293 31.5741 0
      vertex 75.2411 31.2218 2
      vertex 75.2411 31.2218 0
    endloop
  endfacet
  facet normal 0.671548 -0.740961 0
    outer loop
      vertex 76.2537 33.1163 0
      vertex 76.5227 33.3601 2
      vertex 76.2537 33.1163 2
    endloop
  endfacet
  facet normal 0.671548 -0.740961 0
    outer loop
      vertex 76.5227 33.3601 2
      vertex 76.2537 33.1163 0
      vertex 76.5227 33.3601 0
    endloop
  endfacet
  facet normal -0.998798 -0.0490174 0
    outer loop
      vertex 82.57 30.5 0
      vertex 82.5522 30.8627 2
      vertex 82.5522 30.8627 0
    endloop
  endfacet
  facet normal -0.998798 -0.0490174 0
    outer loop
      vertex 82.5522 30.8627 2
      vertex 82.57 30.5 0
      vertex 82.57 30.5 2
    endloop
  endfacet
  facet normal -0.671548 -0.740961 0
    outer loop
      vertex 81.2173 33.3601 0
      vertex 81.4863 33.1163 2
      vertex 81.2173 33.3601 2
    endloop
  endfacet
  facet normal -0.671548 -0.740961 -0
    outer loop
      vertex 81.4863 33.1163 2
      vertex 81.2173 33.3601 0
      vertex 81.4863 33.1163 0
    endloop
  endfacet
  facet normal 0.24286 -0.970061 0
    outer loop
      vertex 77.7959 34.0407 0
      vertex 78.1482 34.1289 2
      vertex 77.7959 34.0407 2
    endloop
  endfacet
  facet normal 0.24286 -0.970061 0
    outer loop
      vertex 78.1482 34.1289 2
      vertex 77.7959 34.0407 0
      vertex 78.1482 34.1289 0
    endloop
  endfacet
  facet normal 0.24286 0.970061 -0
    outer loop
      vertex 78.1482 26.8711 0
      vertex 77.7959 26.9593 2
      vertex 78.1482 26.8711 2
    endloop
  endfacet
  facet normal 0.24286 0.970061 0
    outer loop
      vertex 77.7959 26.9593 2
      vertex 78.1482 26.8711 0
      vertex 77.7959 26.9593 0
    endloop
  endfacet
  facet normal -0.514212 0.857663 0
    outer loop
      vertex 80.9256 27.4236 0
      vertex 80.6142 27.2369 2
      vertex 80.9256 27.4236 2
    endloop
  endfacet
  facet normal -0.514212 0.857663 0
    outer loop
      vertex 80.6142 27.2369 2
      vertex 80.9256 27.4236 0
      vertex 80.6142 27.2369 0
    endloop
  endfacet
  facet normal -0.427613 -0.903962 0
    outer loop
      vertex 80.2859 33.9184 0
      vertex 80.6142 33.7631 2
      vertex 80.2859 33.9184 2
    endloop
  endfacet
  facet normal -0.427613 -0.903962 -0
    outer loop
      vertex 80.6142 33.7631 2
      vertex 80.2859 33.9184 0
      vertex 80.6142 33.7631 0
    endloop
  endfacet
  facet normal 0.989163 0.146818 0
    outer loop
      vertex 75.2411 29.7782 2
      vertex 75.1878 30.1373 0
      vertex 75.1878 30.1373 2
    endloop
  endfacet
  facet normal 0.989163 0.146818 0
    outer loop
      vertex 75.1878 30.1373 0
      vertex 75.2411 29.7782 2
      vertex 75.2411 29.7782 0
    endloop
  endfacet
  facet normal -0.970061 0.24286 0
    outer loop
      vertex 82.4107 29.4259 0
      vertex 82.4989 29.7782 2
      vertex 82.4989 29.7782 0
    endloop
  endfacet
  facet normal -0.970061 0.24286 0
    outer loop
      vertex 82.4989 29.7782 2
      vertex 82.4107 29.4259 0
      vertex 82.4107 29.4259 2
    endloop
  endfacet
  facet normal 0.146818 -0.989163 0
    outer loop
      vertex 78.1482 34.1289 0
      vertex 78.5073 34.1822 2
      vertex 78.1482 34.1289 2
    endloop
  endfacet
  facet normal 0.146818 -0.989163 0
    outer loop
      vertex 78.5073 34.1822 2
      vertex 78.1482 34.1289 0
      vertex 78.5073 34.1822 0
    endloop
  endfacet
  facet normal -0.970061 -0.24286 0
    outer loop
      vertex 82.4989 31.2218 0
      vertex 82.4107 31.5741 2
      vertex 82.4107 31.5741 0
    endloop
  endfacet
  facet normal -0.970061 -0.24286 0
    outer loop
      vertex 82.4107 31.5741 2
      vertex 82.4989 31.2218 0
      vertex 82.4989 31.2218 2
    endloop
  endfacet
  facet normal 0.336895 -0.941542 0
    outer loop
      vertex 77.4541 33.9184 0
      vertex 77.7959 34.0407 2
      vertex 77.4541 33.9184 2
    endloop
  endfacet
  facet normal 0.336895 -0.941542 0
    outer loop
      vertex 77.7959 34.0407 2
      vertex 77.4541 33.9184 0
      vertex 77.7959 34.0407 0
    endloop
  endfacet
  facet normal 0.857663 -0.514212 0
    outer loop
      vertex 75.6069 32.2442 2
      vertex 75.7936 32.5556 0
      vertex 75.7936 32.5556 2
    endloop
  endfacet
  facet normal 0.857663 -0.514212 0
    outer loop
      vertex 75.7936 32.5556 0
      vertex 75.6069 32.2442 2
      vertex 75.6069 32.2442 0
    endloop
  endfacet
  facet normal 0.740961 -0.671548 0
    outer loop
      vertex 76.0099 32.8473 2
      vertex 76.2537 33.1163 0
      vertex 76.2537 33.1163 2
    endloop
  endfacet
  facet normal 0.740961 -0.671548 0
    outer loop
      vertex 76.2537 33.1163 0
      vertex 76.0099 32.8473 2
      vertex 76.0099 32.8473 0
    endloop
  endfacet
  facet normal 0.941542 0.336895 0
    outer loop
      vertex 75.4516 29.0841 2
      vertex 75.3293 29.4259 0
      vertex 75.3293 29.4259 2
    endloop
  endfacet
  facet normal 0.941542 0.336895 0
    outer loop
      vertex 75.3293 29.4259 0
      vertex 75.4516 29.0841 2
      vertex 75.4516 29.0841 0
    endloop
  endfacet
  facet normal -0.989163 0.146818 0
    outer loop
      vertex 82.4989 29.7782 0
      vertex 82.5522 30.1373 2
      vertex 82.5522 30.1373 0
    endloop
  endfacet
  facet normal -0.989163 0.146818 0
    outer loop
      vertex 82.5522 30.1373 2
      vertex 82.4989 29.7782 0
      vertex 82.4989 29.7782 2
    endloop
  endfacet
  facet normal -0.903962 -0.427613 0
    outer loop
      vertex 82.2884 31.9159 0
      vertex 82.1331 32.2442 2
      vertex 82.1331 32.2442 0
    endloop
  endfacet
  facet normal -0.903962 -0.427613 0
    outer loop
      vertex 82.1331 32.2442 2
      vertex 82.2884 31.9159 0
      vertex 82.2884 31.9159 2
    endloop
  endfacet
  facet normal -0.427613 0.903962 0
    outer loop
      vertex 80.6142 27.2369 0
      vertex 80.2859 27.0816 2
      vertex 80.6142 27.2369 2
    endloop
  endfacet
  facet normal -0.427613 0.903962 0
    outer loop
      vertex 80.2859 27.0816 2
      vertex 80.6142 27.2369 0
      vertex 80.2859 27.0816 0
    endloop
  endfacet
  facet normal 0.998798 0.0490174 0
    outer loop
      vertex 75.1878 30.1373 2
      vertex 75.17 30.5 0
      vertex 75.17 30.5 2
    endloop
  endfacet
  facet normal 0.998798 0.0490174 0
    outer loop
      vertex 75.17 30.5 0
      vertex 75.1878 30.1373 2
      vertex 75.1878 30.1373 0
    endloop
  endfacet
  facet normal 0.989163 -0.146818 0
    outer loop
      vertex 75.1878 30.8627 2
      vertex 75.2411 31.2218 0
      vertex 75.2411 31.2218 2
    endloop
  endfacet
  facet normal 0.989163 -0.146818 0
    outer loop
      vertex 75.2411 31.2218 0
      vertex 75.1878 30.8627 2
      vertex 75.1878 30.8627 0
    endloop
  endfacet
  facet normal 0.146818 0.989163 -0
    outer loop
      vertex 78.5073 26.8178 0
      vertex 78.1482 26.8711 2
      vertex 78.5073 26.8178 2
    endloop
  endfacet
  facet normal 0.146818 0.989163 0
    outer loop
      vertex 78.1482 26.8711 2
      vertex 78.5073 26.8178 0
      vertex 78.1482 26.8711 0
    endloop
  endfacet
  facet normal -0.146818 0.989163 0
    outer loop
      vertex 79.5918 26.8711 0
      vertex 79.2327 26.8178 2
      vertex 79.5918 26.8711 2
    endloop
  endfacet
  facet normal -0.146818 0.989163 0
    outer loop
      vertex 79.2327 26.8178 2
      vertex 79.5918 26.8711 0
      vertex 79.2327 26.8178 0
    endloop
  endfacet
  facet normal -0.740961 -0.671548 0
    outer loop
      vertex 81.7301 32.8473 0
      vertex 81.4863 33.1163 2
      vertex 81.4863 33.1163 0
    endloop
  endfacet
  facet normal -0.740961 -0.671548 0
    outer loop
      vertex 81.4863 33.1163 2
      vertex 81.7301 32.8473 0
      vertex 81.7301 32.8473 2
    endloop
  endfacet
  facet normal 0.336895 0.941542 -0
    outer loop
      vertex 77.7959 26.9593 0
      vertex 77.4541 27.0816 2
      vertex 77.7959 26.9593 2
    endloop
  endfacet
  facet normal 0.336895 0.941542 0
    outer loop
      vertex 77.4541 27.0816 2
      vertex 77.7959 26.9593 0
      vertex 77.4541 27.0816 0
    endloop
  endfacet
  facet normal -0.941542 -0.336895 0
    outer loop
      vertex 82.4107 31.5741 0
      vertex 82.2884 31.9159 2
      vertex 82.2884 31.9159 0
    endloop
  endfacet
  facet normal -0.941542 -0.336895 0
    outer loop
      vertex 82.2884 31.9159 2
      vertex 82.4107 31.5741 0
      vertex 82.4107 31.5741 2
    endloop
  endfacet
  facet normal 0.903962 0.427613 0
    outer loop
      vertex 75.6069 28.7558 2
      vertex 75.4516 29.0841 0
      vertex 75.4516 29.0841 2
    endloop
  endfacet
  facet normal 0.903962 0.427613 0
    outer loop
      vertex 75.4516 29.0841 0
      vertex 75.6069 28.7558 2
      vertex 75.6069 28.7558 0
    endloop
  endfacet
  facet normal 0.80326 -0.595629 0
    outer loop
      vertex 75.7936 32.5556 2
      vertex 76.0099 32.8473 0
      vertex 76.0099 32.8473 2
    endloop
  endfacet
  facet normal 0.80326 -0.595629 0
    outer loop
      vertex 76.0099 32.8473 0
      vertex 75.7936 32.5556 2
      vertex 75.7936 32.5556 0
    endloop
  endfacet
  facet normal -0.0490174 0.998798 0
    outer loop
      vertex 79.2327 26.8178 0
      vertex 78.87 26.8 2
      vertex 79.2327 26.8178 2
    endloop
  endfacet
  facet normal -0.0490174 0.998798 0
    outer loop
      vertex 78.87 26.8 2
      vertex 79.2327 26.8178 0
      vertex 78.87 26.8 0
    endloop
  endfacet
  facet normal 0.903962 -0.427613 0
    outer loop
      vertex 75.4516 31.9159 2
      vertex 75.6069 32.2442 0
      vertex 75.6069 32.2442 2
    endloop
  endfacet
  facet normal 0.903962 -0.427613 0
    outer loop
      vertex 75.6069 32.2442 0
      vertex 75.4516 31.9159 2
      vertex 75.4516 31.9159 0
    endloop
  endfacet
  facet normal 0.427613 0.903962 -0
    outer loop
      vertex 77.4541 27.0816 0
      vertex 77.1258 27.2369 2
      vertex 77.4541 27.0816 2
    endloop
  endfacet
  facet normal 0.427613 0.903962 0
    outer loop
      vertex 77.1258 27.2369 2
      vertex 77.4541 27.0816 0
      vertex 77.1258 27.2369 0
    endloop
  endfacet
  facet normal -0.857663 0.514212 0
    outer loop
      vertex 81.9464 28.4444 0
      vertex 82.1331 28.7558 2
      vertex 82.1331 28.7558 0
    endloop
  endfacet
  facet normal -0.857663 0.514212 0
    outer loop
      vertex 82.1331 28.7558 2
      vertex 81.9464 28.4444 0
      vertex 81.9464 28.4444 2
    endloop
  endfacet
  facet normal 0.671548 0.740961 -0
    outer loop
      vertex 76.5227 27.6399 0
      vertex 76.2537 27.8837 2
      vertex 76.5227 27.6399 2
    endloop
  endfacet
  facet normal 0.671548 0.740961 0
    outer loop
      vertex 76.2537 27.8837 2
      vertex 76.5227 27.6399 0
      vertex 76.2537 27.8837 0
    endloop
  endfacet
  facet normal 0.427613 -0.903962 0
    outer loop
      vertex 77.1258 33.7631 0
      vertex 77.4541 33.9184 2
      vertex 77.1258 33.7631 2
    endloop
  endfacet
  facet normal 0.427613 -0.903962 0
    outer loop
      vertex 77.4541 33.9184 2
      vertex 77.1258 33.7631 0
      vertex 77.4541 33.9184 0
    endloop
  endfacet
  facet normal 0.941542 -0.336895 0
    outer loop
      vertex 75.3293 31.5741 2
      vertex 75.4516 31.9159 0
      vertex 75.4516 31.9159 2
    endloop
  endfacet
  facet normal 0.941542 -0.336895 0
    outer loop
      vertex 75.4516 31.9159 0
      vertex 75.3293 31.5741 2
      vertex 75.3293 31.5741 0
    endloop
  endfacet
  facet normal -0.941542 0.336895 0
    outer loop
      vertex 82.2884 29.0841 0
      vertex 82.4107 29.4259 2
      vertex 82.4107 29.4259 0
    endloop
  endfacet
  facet normal -0.941542 0.336895 0
    outer loop
      vertex 82.4107 29.4259 2
      vertex 82.2884 29.0841 0
      vertex 82.2884 29.0841 2
    endloop
  endfacet
  facet normal -0.146818 -0.989163 0
    outer loop
      vertex 79.2327 34.1822 0
      vertex 79.5918 34.1289 2
      vertex 79.2327 34.1822 2
    endloop
  endfacet
  facet normal -0.146818 -0.989163 -0
    outer loop
      vertex 79.5918 34.1289 2
      vertex 79.2327 34.1822 0
      vertex 79.5918 34.1289 0
    endloop
  endfacet
  facet normal -0.671548 0.740961 0
    outer loop
      vertex 81.4863 27.8837 0
      vertex 81.2173 27.6399 2
      vertex 81.4863 27.8837 2
    endloop
  endfacet
  facet normal -0.671548 0.740961 0
    outer loop
      vertex 81.2173 27.6399 2
      vertex 81.4863 27.8837 0
      vertex 81.2173 27.6399 0
    endloop
  endfacet
  facet normal 0.595629 0.80326 -0
    outer loop
      vertex 76.8144 27.4236 0
      vertex 76.5227 27.6399 2
      vertex 76.8144 27.4236 2
    endloop
  endfacet
  facet normal 0.595629 0.80326 0
    outer loop
      vertex 76.5227 27.6399 2
      vertex 76.8144 27.4236 0
      vertex 76.5227 27.6399 0
    endloop
  endfacet
  facet normal -0.24286 -0.970061 0
    outer loop
      vertex 79.5918 34.1289 0
      vertex 79.9441 34.0407 2
      vertex 79.5918 34.1289 2
    endloop
  endfacet
  facet normal -0.24286 -0.970061 -0
    outer loop
      vertex 79.9441 34.0407 2
      vertex 79.5918 34.1289 0
      vertex 79.9441 34.0407 0
    endloop
  endfacet
  facet normal 0.0490174 -0.998798 0
    outer loop
      vertex 78.5073 34.1822 0
      vertex 78.87 34.2 2
      vertex 78.5073 34.1822 2
    endloop
  endfacet
  facet normal 0.0490174 -0.998798 0
    outer loop
      vertex 78.87 34.2 2
      vertex 78.5073 34.1822 0
      vertex 78.87 34.2 0
    endloop
  endfacet
  facet normal 0.0490174 0.998798 -0
    outer loop
      vertex 78.87 26.8 0
      vertex 78.5073 26.8178 2
      vertex 78.87 26.8 2
    endloop
  endfacet
  facet normal 0.0490174 0.998798 0
    outer loop
      vertex 78.5073 26.8178 2
      vertex 78.87 26.8 0
      vertex 78.5073 26.8178 0
    endloop
  endfacet
  facet normal 0.595629 -0.80326 0
    outer loop
      vertex 76.5227 33.3601 0
      vertex 76.8144 33.5764 2
      vertex 76.5227 33.3601 2
    endloop
  endfacet
  facet normal 0.595629 -0.80326 0
    outer loop
      vertex 76.8144 33.5764 2
      vertex 76.5227 33.3601 0
      vertex 76.8144 33.5764 0
    endloop
  endfacet
  facet normal 0.514212 -0.857663 0
    outer loop
      vertex 76.8144 33.5764 0
      vertex 77.1258 33.7631 2
      vertex 76.8144 33.5764 2
    endloop
  endfacet
  facet normal 0.514212 -0.857663 0
    outer loop
      vertex 77.1258 33.7631 2
      vertex 76.8144 33.5764 0
      vertex 77.1258 33.7631 0
    endloop
  endfacet
  facet normal 0.514212 0.857663 -0
    outer loop
      vertex 77.1258 27.2369 0
      vertex 76.8144 27.4236 2
      vertex 77.1258 27.2369 2
    endloop
  endfacet
  facet normal 0.514212 0.857663 0
    outer loop
      vertex 76.8144 27.4236 2
      vertex 77.1258 27.2369 0
      vertex 76.8144 27.4236 0
    endloop
  endfacet
  facet normal 0.989176 0.146734 0
    outer loop
      vertex 75.9831 6.34306 25.6
      vertex 75.9327 6.68282 2
      vertex 75.9327 6.68282 25.6
    endloop
  endfacet
  facet normal 0.989176 0.146734 0
    outer loop
      vertex 75.9327 6.68282 2
      vertex 75.9831 6.34306 25.6
      vertex 75.9831 6.34306 2
    endloop
  endfacet
  facet normal -0.0490519 -0.998796 0
    outer loop
      vertex 72.1569 2.51685 2
      vertex 72.5 2.5 25.6
      vertex 72.1569 2.51685 25.6
    endloop
  endfacet
  facet normal -0.0490519 -0.998796 -0
    outer loop
      vertex 72.5 2.5 25.6
      vertex 72.1569 2.51685 2
      vertex 72.5 2.5 2
    endloop
  endfacet
  facet normal 0.741033 0.671469 0
    outer loop
      vertex 75.2055 8.22038 25.6
      vertex 74.9749 8.47487 2
      vertex 74.9749 8.47487 25.6
    endloop
  endfacet
  facet normal 0.741033 0.671469 0
    outer loop
      vertex 74.9749 8.47487 2
      vertex 75.2055 8.22038 25.6
      vertex 75.2055 8.22038 2
    endloop
  endfacet
  facet normal 0.242974 -0.970033 0
    outer loop
      vertex 73.1828 2.56725 2
      vertex 73.516 2.65071 25.6
      vertex 73.1828 2.56725 25.6
    endloop
  endfacet
  facet normal 0.242974 -0.970033 0
    outer loop
      vertex 73.516 2.65071 25.6
      vertex 73.1828 2.56725 2
      vertex 73.516 2.65071 2
    endloop
  endfacet
  facet normal 0.803217 -0.595687 0
    outer loop
      vertex 75.2055 3.77962 25.6
      vertex 75.4101 4.0555 2
      vertex 75.4101 4.0555 25.6
    endloop
  endfacet
  facet normal 0.803217 -0.595687 0
    outer loop
      vertex 75.4101 4.0555 2
      vertex 75.2055 3.77962 25.6
      vertex 75.2055 3.77962 2
    endloop
  endfacet
  facet normal 0.595659 -0.803237 0
    outer loop
      vertex 74.4445 3.08986 2
      vertex 74.7204 3.29446 25.6
      vertex 74.4445 3.08986 25.6
    endloop
  endfacet
  facet normal 0.595659 -0.803237 0
    outer loop
      vertex 74.7204 3.29446 25.6
      vertex 74.4445 3.08986 2
      vertex 74.7204 3.29446 2
    endloop
  endfacet
  facet normal -0.803217 0.595687 0
    outer loop
      vertex 69.5899 7.9445 2
      vertex 69.7945 8.22038 25.6
      vertex 69.7945 8.22038 2
    endloop
  endfacet
  facet normal -0.803217 0.595687 0
    outer loop
      vertex 69.7945 8.22038 25.6
      vertex 69.5899 7.9445 2
      vertex 69.5899 7.9445 25.6
    endloop
  endfacet
  facet normal 0.941554 0.336862 0
    outer loop
      vertex 75.8493 7.016 25.6
      vertex 75.7336 7.33939 2
      vertex 75.7336 7.33939 25.6
    endloop
  endfacet
  facet normal 0.941554 0.336862 0
    outer loop
      vertex 75.7336 7.33939 2
      vertex 75.8493 7.016 25.6
      vertex 75.8493 7.016 2
    endloop
  endfacet
  facet normal -0.941554 -0.336862 0
    outer loop
      vertex 69.2664 4.66061 2
      vertex 69.1507 4.984 25.6
      vertex 69.1507 4.984 2
    endloop
  endfacet
  facet normal -0.941554 -0.336862 0
    outer loop
      vertex 69.1507 4.984 25.6
      vertex 69.2664 4.66061 2
      vertex 69.2664 4.66061 25.6
    endloop
  endfacet
  facet normal 0.336879 0.941548 -0
    outer loop
      vertex 73.8394 9.23358 2
      vertex 73.516 9.34929 25.6
      vertex 73.8394 9.23358 25.6
    endloop
  endfacet
  facet normal 0.336879 0.941548 0
    outer loop
      vertex 73.516 9.34929 25.6
      vertex 73.8394 9.23358 2
      vertex 73.516 9.34929 2
    endloop
  endfacet
  facet normal 0.671566 -0.740944 0
    outer loop
      vertex 74.7204 3.29446 2
      vertex 74.9749 3.52513 25.6
      vertex 74.7204 3.29446 25.6
    endloop
  endfacet
  facet normal 0.671566 -0.740944 0
    outer loop
      vertex 74.9749 3.52513 25.6
      vertex 74.7204 3.29446 2
      vertex 74.9749 3.52513 2
    endloop
  endfacet
  facet normal 0.989176 -0.146734 0
    outer loop
      vertex 75.9327 5.31718 25.6
      vertex 75.9831 5.65694 2
      vertex 75.9831 5.65694 25.6
    endloop
  endfacet
  facet normal 0.989176 -0.146734 0
    outer loop
      vertex 75.9831 5.65694 2
      vertex 75.9327 5.31718 25.6
      vertex 75.9327 5.31718 2
    endloop
  endfacet
  facet normal -0.741033 -0.671469 0
    outer loop
      vertex 70.0251 3.52513 2
      vertex 69.7945 3.77962 25.6
      vertex 69.7945 3.77962 2
    endloop
  endfacet
  facet normal -0.741033 -0.671469 0
    outer loop
      vertex 69.7945 3.77962 25.6
      vertex 70.0251 3.52513 2
      vertex 70.0251 3.52513 25.6
    endloop
  endfacet
  facet normal 0.903939 -0.427661 0
    outer loop
      vertex 75.5867 4.35011 25.6
      vertex 75.7336 4.66061 2
      vertex 75.7336 4.66061 25.6
    endloop
  endfacet
  facet normal 0.903939 -0.427661 0
    outer loop
      vertex 75.7336 4.66061 2
      vertex 75.5867 4.35011 25.6
      vertex 75.5867 4.35011 2
    endloop
  endfacet
  facet normal -0.0490519 0.998796 0
    outer loop
      vertex 72.5 9.5 2
      vertex 72.1569 9.48315 25.6
      vertex 72.5 9.5 25.6
    endloop
  endfacet
  facet normal -0.0490519 0.998796 0
    outer loop
      vertex 72.1569 9.48315 25.6
      vertex 72.5 9.5 2
      vertex 72.1569 9.48315 2
    endloop
  endfacet
  facet normal -0.857706 -0.51414 0
    outer loop
      vertex 69.5899 4.0555 2
      vertex 69.4133 4.35011 25.6
      vertex 69.4133 4.35011 2
    endloop
  endfacet
  facet normal -0.857706 -0.51414 0
    outer loop
      vertex 69.4133 4.35011 25.6
      vertex 69.5899 4.0555 2
      vertex 69.5899 4.0555 25.6
    endloop
  endfacet
  facet normal 0.998789 0.0492029 0
    outer loop
      vertex 76 6 25.6
      vertex 75.9831 6.34306 2
      vertex 75.9831 6.34306 25.6
    endloop
  endfacet
  facet normal 0.998789 0.0492029 0
    outer loop
      vertex 75.9831 6.34306 2
      vertex 76 6 25.6
      vertex 76 6 2
    endloop
  endfacet
  facet normal 0.970071 0.242823 0
    outer loop
      vertex 75.9327 6.68282 25.6
      vertex 75.8493 7.016 2
      vertex 75.8493 7.016 25.6
    endloop
  endfacet
  facet normal 0.970071 0.242823 0
    outer loop
      vertex 75.8493 7.016 2
      vertex 75.9327 6.68282 25.6
      vertex 75.9327 6.68282 2
    endloop
  endfacet
  facet normal -0.14676 0.989172 0
    outer loop
      vertex 72.1569 9.48315 2
      vertex 71.8172 9.43275 25.6
      vertex 72.1569 9.48315 25.6
    endloop
  endfacet
  facet normal -0.14676 0.989172 0
    outer loop
      vertex 71.8172 9.43275 25.6
      vertex 72.1569 9.48315 2
      vertex 71.8172 9.43275 2
    endloop
  endfacet
  facet normal -0.242974 0.970033 0
    outer loop
      vertex 71.8172 9.43275 2
      vertex 71.484 9.34929 25.6
      vertex 71.8172 9.43275 25.6
    endloop
  endfacet
  facet normal -0.242974 0.970033 0
    outer loop
      vertex 71.484 9.34929 25.6
      vertex 71.8172 9.43275 2
      vertex 71.484 9.34929 2
    endloop
  endfacet
  facet normal 0.0490519 -0.998796 0
    outer loop
      vertex 72.5 2.5 2
      vertex 72.8431 2.51685 25.6
      vertex 72.5 2.5 25.6
    endloop
  endfacet
  facet normal 0.0490519 -0.998796 0
    outer loop
      vertex 72.8431 2.51685 25.6
      vertex 72.5 2.5 2
      vertex 72.8431 2.51685 2
    endloop
  endfacet
  facet normal -0.336879 -0.941548 0
    outer loop
      vertex 71.1606 2.76642 2
      vertex 71.484 2.65071 25.6
      vertex 71.1606 2.76642 25.6
    endloop
  endfacet
  facet normal -0.336879 -0.941548 -0
    outer loop
      vertex 71.484 2.65071 25.6
      vertex 71.1606 2.76642 2
      vertex 71.484 2.65071 2
    endloop
  endfacet
  facet normal 0.671566 0.740944 -0
    outer loop
      vertex 74.9749 8.47487 2
      vertex 74.7204 8.70554 25.6
      vertex 74.9749 8.47487 25.6
    endloop
  endfacet
  facet normal 0.671566 0.740944 0
    outer loop
      vertex 74.7204 8.70554 25.6
      vertex 74.9749 8.47487 2
      vertex 74.7204 8.70554 2
    endloop
  endfacet
  facet normal 0.51411 0.857724 -0
    outer loop
      vertex 74.4445 8.91014 2
      vertex 74.1499 9.08672 25.6
      vertex 74.4445 8.91014 25.6
    endloop
  endfacet
  facet normal 0.51411 0.857724 0
    outer loop
      vertex 74.1499 9.08672 25.6
      vertex 74.4445 8.91014 2
      vertex 74.1499 9.08672 2
    endloop
  endfacet
  facet normal 0.903939 0.427661 0
    outer loop
      vertex 75.7336 7.33939 25.6
      vertex 75.5867 7.64989 2
      vertex 75.5867 7.64989 25.6
    endloop
  endfacet
  facet normal 0.903939 0.427661 0
    outer loop
      vertex 75.5867 7.64989 2
      vertex 75.7336 7.33939 25.6
      vertex 75.7336 7.33939 2
    endloop
  endfacet
  facet normal -0.336879 0.941548 0
    outer loop
      vertex 71.484 9.34929 2
      vertex 71.1606 9.23358 25.6
      vertex 71.484 9.34929 25.6
    endloop
  endfacet
  facet normal -0.336879 0.941548 0
    outer loop
      vertex 71.1606 9.23358 25.6
      vertex 71.484 9.34929 2
      vertex 71.1606 9.23358 2
    endloop
  endfacet
  facet normal -0.671566 -0.740944 0
    outer loop
      vertex 70.0251 3.52513 2
      vertex 70.2796 3.29446 25.6
      vertex 70.0251 3.52513 25.6
    endloop
  endfacet
  facet normal -0.671566 -0.740944 -0
    outer loop
      vertex 70.2796 3.29446 25.6
      vertex 70.0251 3.52513 2
      vertex 70.2796 3.29446 2
    endloop
  endfacet
  facet normal -0.998789 0.0492029 0
    outer loop
      vertex 69 6 2
      vertex 69.0169 6.34306 25.6
      vertex 69.0169 6.34306 2
    endloop
  endfacet
  facet normal -0.998789 0.0492029 0
    outer loop
      vertex 69.0169 6.34306 25.6
      vertex 69 6 2
      vertex 69 6 25.6
    endloop
  endfacet
  facet normal -0.741033 0.671469 0
    outer loop
      vertex 69.7945 8.22038 2
      vertex 70.0251 8.47487 25.6
      vertex 70.0251 8.47487 2
    endloop
  endfacet
  facet normal -0.741033 0.671469 0
    outer loop
      vertex 70.0251 8.47487 25.6
      vertex 69.7945 8.22038 2
      vertex 69.7945 8.22038 25.6
    endloop
  endfacet
  facet normal 0.0490519 0.998796 -0
    outer loop
      vertex 72.8431 9.48315 2
      vertex 72.5 9.5 25.6
      vertex 72.8431 9.48315 25.6
    endloop
  endfacet
  facet normal 0.0490519 0.998796 0
    outer loop
      vertex 72.5 9.5 25.6
      vertex 72.8431 9.48315 2
      vertex 72.5 9.5 2
    endloop
  endfacet
  facet normal 0.998789 -0.0492029 0
    outer loop
      vertex 75.9831 5.65694 25.6
      vertex 76 6 2
      vertex 76 6 25.6
    endloop
  endfacet
  facet normal 0.998789 -0.0492029 0
    outer loop
      vertex 76 6 2
      vertex 75.9831 5.65694 25.6
      vertex 75.9831 5.65694 2
    endloop
  endfacet
  facet normal 0.336879 -0.941548 0
    outer loop
      vertex 73.516 2.65071 2
      vertex 73.8394 2.76642 25.6
      vertex 73.516 2.65071 25.6
    endloop
  endfacet
  facet normal 0.336879 -0.941548 0
    outer loop
      vertex 73.8394 2.76642 25.6
      vertex 73.516 2.65071 2
      vertex 73.8394 2.76642 2
    endloop
  endfacet
  facet normal -0.803217 -0.595687 0
    outer loop
      vertex 69.7945 3.77962 2
      vertex 69.5899 4.0555 25.6
      vertex 69.5899 4.0555 2
    endloop
  endfacet
  facet normal -0.803217 -0.595687 0
    outer loop
      vertex 69.5899 4.0555 25.6
      vertex 69.7945 3.77962 2
      vertex 69.7945 3.77962 25.6
    endloop
  endfacet
  facet normal 0.427566 0.903984 -0
    outer loop
      vertex 74.1499 9.08672 2
      vertex 73.8394 9.23358 25.6
      vertex 74.1499 9.08672 25.6
    endloop
  endfacet
  facet normal 0.427566 0.903984 0
    outer loop
      vertex 73.8394 9.23358 25.6
      vertex 74.1499 9.08672 2
      vertex 73.8394 9.23358 2
    endloop
  endfacet
  facet normal 0.595659 0.803237 -0
    outer loop
      vertex 74.7204 8.70554 2
      vertex 74.4445 8.91014 25.6
      vertex 74.7204 8.70554 25.6
    endloop
  endfacet
  facet normal 0.595659 0.803237 0
    outer loop
      vertex 74.4445 8.91014 25.6
      vertex 74.7204 8.70554 2
      vertex 74.4445 8.91014 2
    endloop
  endfacet
  facet normal 0.857706 -0.51414 0
    outer loop
      vertex 75.4101 4.0555 25.6
      vertex 75.5867 4.35011 2
      vertex 75.5867 4.35011 25.6
    endloop
  endfacet
  facet normal 0.857706 -0.51414 0
    outer loop
      vertex 75.5867 4.35011 2
      vertex 75.4101 4.0555 25.6
      vertex 75.4101 4.0555 2
    endloop
  endfacet
  facet normal -0.595659 0.803237 0
    outer loop
      vertex 70.5555 8.91014 2
      vertex 70.2796 8.70554 25.6
      vertex 70.5555 8.91014 25.6
    endloop
  endfacet
  facet normal -0.595659 0.803237 0
    outer loop
      vertex 70.2796 8.70554 25.6
      vertex 70.5555 8.91014 2
      vertex 70.2796 8.70554 2
    endloop
  endfacet
  facet normal -0.998789 -0.0492029 0
    outer loop
      vertex 69.0169 5.65694 2
      vertex 69 6 25.6
      vertex 69 6 2
    endloop
  endfacet
  facet normal -0.998789 -0.0492029 0
    outer loop
      vertex 69 6 25.6
      vertex 69.0169 5.65694 2
      vertex 69.0169 5.65694 25.6
    endloop
  endfacet
  facet normal -0.989176 -0.146734 0
    outer loop
      vertex 69.0673 5.31718 2
      vertex 69.0169 5.65694 25.6
      vertex 69.0169 5.65694 2
    endloop
  endfacet
  facet normal -0.989176 -0.146734 0
    outer loop
      vertex 69.0169 5.65694 25.6
      vertex 69.0673 5.31718 2
      vertex 69.0673 5.31718 25.6
    endloop
  endfacet
  facet normal 0.14676 -0.989172 0
    outer loop
      vertex 72.8431 2.51685 2
      vertex 73.1828 2.56725 25.6
      vertex 72.8431 2.51685 25.6
    endloop
  endfacet
  facet normal 0.14676 -0.989172 0
    outer loop
      vertex 73.1828 2.56725 25.6
      vertex 72.8431 2.51685 2
      vertex 73.1828 2.56725 2
    endloop
  endfacet
  facet normal -0.427542 -0.903996 0
    outer loop
      vertex 70.8501 2.91327 2
      vertex 71.1606 2.76642 25.6
      vertex 70.8501 2.91327 25.6
    endloop
  endfacet
  facet normal -0.427542 -0.903996 -0
    outer loop
      vertex 71.1606 2.76642 25.6
      vertex 70.8501 2.91327 2
      vertex 71.1606 2.76642 2
    endloop
  endfacet
  facet normal 0.803217 0.595687 0
    outer loop
      vertex 75.4101 7.9445 25.6
      vertex 75.2055 8.22038 2
      vertex 75.2055 8.22038 25.6
    endloop
  endfacet
  facet normal 0.803217 0.595687 0
    outer loop
      vertex 75.2055 8.22038 2
      vertex 75.4101 7.9445 25.6
      vertex 75.4101 7.9445 2
    endloop
  endfacet
  facet normal 0.970071 -0.242823 0
    outer loop
      vertex 75.8493 4.984 25.6
      vertex 75.9327 5.31718 2
      vertex 75.9327 5.31718 25.6
    endloop
  endfacet
  facet normal 0.970071 -0.242823 0
    outer loop
      vertex 75.9327 5.31718 2
      vertex 75.8493 4.984 25.6
      vertex 75.8493 4.984 2
    endloop
  endfacet
  facet normal 0.941554 -0.336862 0
    outer loop
      vertex 75.7336 4.66061 25.6
      vertex 75.8493 4.984 2
      vertex 75.8493 4.984 25.6
    endloop
  endfacet
  facet normal 0.941554 -0.336862 0
    outer loop
      vertex 75.8493 4.984 2
      vertex 75.7336 4.66061 25.6
      vertex 75.7336 4.66061 2
    endloop
  endfacet
  facet normal -0.595659 -0.803237 0
    outer loop
      vertex 70.2796 3.29446 2
      vertex 70.5555 3.08986 25.6
      vertex 70.2796 3.29446 25.6
    endloop
  endfacet
  facet normal -0.595659 -0.803237 -0
    outer loop
      vertex 70.5555 3.08986 25.6
      vertex 70.2796 3.29446 2
      vertex 70.5555 3.08986 2
    endloop
  endfacet
  facet normal 0.857706 0.51414 0
    outer loop
      vertex 75.5867 7.64989 25.6
      vertex 75.4101 7.9445 2
      vertex 75.4101 7.9445 25.6
    endloop
  endfacet
  facet normal 0.857706 0.51414 0
    outer loop
      vertex 75.4101 7.9445 2
      vertex 75.5867 7.64989 25.6
      vertex 75.5867 7.64989 2
    endloop
  endfacet
  facet normal -0.242974 -0.970033 0
    outer loop
      vertex 71.484 2.65071 2
      vertex 71.8172 2.56725 25.6
      vertex 71.484 2.65071 25.6
    endloop
  endfacet
  facet normal -0.242974 -0.970033 -0
    outer loop
      vertex 71.8172 2.56725 25.6
      vertex 71.484 2.65071 2
      vertex 71.8172 2.56725 2
    endloop
  endfacet
  facet normal -0.671566 0.740944 0
    outer loop
      vertex 70.2796 8.70554 2
      vertex 70.0251 8.47487 25.6
      vertex 70.2796 8.70554 25.6
    endloop
  endfacet
  facet normal -0.671566 0.740944 0
    outer loop
      vertex 70.0251 8.47487 25.6
      vertex 70.2796 8.70554 2
      vertex 70.0251 8.47487 2
    endloop
  endfacet
  facet normal -0.903939 -0.427661 0
    outer loop
      vertex 69.4133 4.35011 2
      vertex 69.2664 4.66061 25.6
      vertex 69.2664 4.66061 2
    endloop
  endfacet
  facet normal -0.903939 -0.427661 0
    outer loop
      vertex 69.2664 4.66061 25.6
      vertex 69.4133 4.35011 2
      vertex 69.4133 4.35011 25.6
    endloop
  endfacet
  facet normal 0.14676 0.989172 -0
    outer loop
      vertex 73.1828 9.43275 2
      vertex 72.8431 9.48315 25.6
      vertex 73.1828 9.43275 25.6
    endloop
  endfacet
  facet normal 0.14676 0.989172 0
    outer loop
      vertex 72.8431 9.48315 25.6
      vertex 73.1828 9.43275 2
      vertex 72.8431 9.48315 2
    endloop
  endfacet
  facet normal -0.857706 0.51414 0
    outer loop
      vertex 69.4133 7.64989 2
      vertex 69.5899 7.9445 25.6
      vertex 69.5899 7.9445 2
    endloop
  endfacet
  facet normal -0.857706 0.51414 0
    outer loop
      vertex 69.5899 7.9445 25.6
      vertex 69.4133 7.64989 2
      vertex 69.4133 7.64989 25.6
    endloop
  endfacet
  facet normal -0.989176 0.146734 0
    outer loop
      vertex 69.0169 6.34306 2
      vertex 69.0673 6.68282 25.6
      vertex 69.0673 6.68282 2
    endloop
  endfacet
  facet normal -0.989176 0.146734 0
    outer loop
      vertex 69.0673 6.68282 25.6
      vertex 69.0169 6.34306 2
      vertex 69.0169 6.34306 25.6
    endloop
  endfacet
  facet normal -0.970071 0.242823 0
    outer loop
      vertex 69.0673 6.68282 2
      vertex 69.1507 7.016 25.6
      vertex 69.1507 7.016 2
    endloop
  endfacet
  facet normal -0.970071 0.242823 0
    outer loop
      vertex 69.1507 7.016 25.6
      vertex 69.0673 6.68282 2
      vertex 69.0673 6.68282 25.6
    endloop
  endfacet
  facet normal -0.14676 -0.989172 0
    outer loop
      vertex 71.8172 2.56725 2
      vertex 72.1569 2.51685 25.6
      vertex 71.8172 2.56725 25.6
    endloop
  endfacet
  facet normal -0.14676 -0.989172 -0
    outer loop
      vertex 72.1569 2.51685 25.6
      vertex 71.8172 2.56725 2
      vertex 72.1569 2.51685 2
    endloop
  endfacet
  facet normal -0.427566 0.903984 0
    outer loop
      vertex 71.1606 9.23358 2
      vertex 70.8501 9.08672 25.6
      vertex 71.1606 9.23358 25.6
    endloop
  endfacet
  facet normal -0.427566 0.903984 0
    outer loop
      vertex 70.8501 9.08672 25.6
      vertex 71.1606 9.23358 2
      vertex 70.8501 9.08672 2
    endloop
  endfacet
  facet normal 0.741033 -0.671469 0
    outer loop
      vertex 74.9749 3.52513 25.6
      vertex 75.2055 3.77962 2
      vertex 75.2055 3.77962 25.6
    endloop
  endfacet
  facet normal 0.741033 -0.671469 0
    outer loop
      vertex 75.2055 3.77962 2
      vertex 74.9749 3.52513 25.6
      vertex 74.9749 3.52513 2
    endloop
  endfacet
  facet normal -0.941554 0.336862 0
    outer loop
      vertex 69.1507 7.016 2
      vertex 69.2664 7.33939 25.6
      vertex 69.2664 7.33939 2
    endloop
  endfacet
  facet normal -0.941554 0.336862 0
    outer loop
      vertex 69.2664 7.33939 25.6
      vertex 69.1507 7.016 2
      vertex 69.1507 7.016 25.6
    endloop
  endfacet
  facet normal -0.970071 -0.242823 0
    outer loop
      vertex 69.1507 4.984 2
      vertex 69.0673 5.31718 25.6
      vertex 69.0673 5.31718 2
    endloop
  endfacet
  facet normal -0.970071 -0.242823 0
    outer loop
      vertex 69.0673 5.31718 25.6
      vertex 69.1507 4.984 2
      vertex 69.1507 4.984 25.6
    endloop
  endfacet
  facet normal 0.242974 0.970033 -0
    outer loop
      vertex 73.516 9.34929 2
      vertex 73.1828 9.43275 25.6
      vertex 73.516 9.34929 25.6
    endloop
  endfacet
  facet normal 0.242974 0.970033 0
    outer loop
      vertex 73.1828 9.43275 25.6
      vertex 73.516 9.34929 2
      vertex 73.1828 9.43275 2
    endloop
  endfacet
  facet normal 0.427542 -0.903996 0
    outer loop
      vertex 73.8394 2.76642 2
      vertex 74.1499 2.91327 25.6
      vertex 73.8394 2.76642 25.6
    endloop
  endfacet
  facet normal 0.427542 -0.903996 0
    outer loop
      vertex 74.1499 2.91327 25.6
      vertex 73.8394 2.76642 2
      vertex 74.1499 2.91327 2
    endloop
  endfacet
  facet normal 0.514132 -0.857711 0
    outer loop
      vertex 74.1499 2.91327 2
      vertex 74.4445 3.08986 25.6
      vertex 74.1499 2.91327 25.6
    endloop
  endfacet
  facet normal 0.514132 -0.857711 0
    outer loop
      vertex 74.4445 3.08986 25.6
      vertex 74.1499 2.91327 2
      vertex 74.4445 3.08986 2
    endloop
  endfacet
  facet normal 0 0 1
    outer loop
      vertex 73.8 6 25.6
      vertex 76 6 25.6
      vertex 75.9831 6.34306 25.6
    endloop
  endfacet
  facet normal 0 0 1
    outer loop
      vertex 73.7937 6.12742 25.6
      vertex 75.9831 6.34306 25.6
      vertex 75.9327 6.68282 25.6
    endloop
  endfacet
  facet normal 0 0 1
    outer loop
      vertex 76 6 25.6
      vertex 73.8 6 25.6
      vertex 75.9831 5.65694 25.6
    endloop
  endfacet
  facet normal 0 0 1
    outer loop
      vertex 73.775 6.25362 25.6
      vertex 75.9327 6.68282 25.6
      vertex 75.8493 7.016 25.6
    endloop
  endfacet
  facet normal -0 0 1
    outer loop
      vertex 73.7937 5.87258 25.6
      vertex 75.9831 5.65694 25.6
      vertex 73.8 6 25.6
    endloop
  endfacet
  facet normal 0 0 1
    outer loop
      vertex 73.744 6.37737 25.6
      vertex 75.8493 7.016 25.6
      vertex 75.7336 7.33939 25.6
    endloop
  endfacet
  facet normal 0 0 1
    outer loop
      vertex 75.9831 5.65694 25.6
      vertex 73.7937 5.87258 25.6
      vertex 75.9327 5.31718 25.6
    endloop
  endfacet
  facet normal 0 0 1
    outer loop
      vertex 73.701 6.49749 25.6
      vertex 75.7336 7.33939 25.6
      vertex 75.5867 7.64989 25.6
    endloop
  endfacet
  facet normal -0 0 1
    outer loop
      vertex 73.775 5.74638 25.6
      vertex 75.9327 5.31718 25.6
      vertex 73.7937 5.87258 25.6
    endloop
  endfacet
  facet normal 0 0 1
    outer loop
      vertex 73.6465 6.61281 25.6
      vertex 75.5867 7.64989 25.6
      vertex 75.4101 7.9445 25.6
    endloop
  endfacet
  facet normal 0 0 1
    outer loop
      vertex 75.9327 5.31718 25.6
      vertex 73.775 5.74638 25.6
      vertex 75.8493 4.984 25.6
    endloop
  endfacet
  facet normal 0 0 1
    outer loop
      vertex 73.5809 6.72224 25.6
      vertex 75.4101 7.9445 25.6
      vertex 75.2055 8.22038 25.6
    endloop
  endfacet
  facet normal -0 0 1
    outer loop
      vertex 73.744 5.62263 25.6
      vertex 75.8493 4.984 25.6
      vertex 73.775 5.74638 25.6
    endloop
  endfacet
  facet normal 0 0 1
    outer loop
      vertex 73.5049 6.82471 25.6
      vertex 75.2055 8.22038 25.6
      vertex 74.9749 8.47487 25.6
    endloop
  endfacet
  facet normal 0 0 1
    outer loop
      vertex 75.8493 4.984 25.6
      vertex 73.744 5.62263 25.6
      vertex 75.7336 4.66061 25.6
    endloop
  endfacet
  facet normal 0 0 1
    outer loop
      vertex 73.4192 6.91924 25.6
      vertex 74.9749 8.47487 25.6
      vertex 74.7204 8.70554 25.6
    endloop
  endfacet
  facet normal -0 0 1
    outer loop
      vertex 73.701 5.50251 25.6
      vertex 75.7336 4.66061 25.6
      vertex 73.744 5.62263 25.6
    endloop
  endfacet
  facet normal 0 0 1
    outer loop
      vertex 73.3247 7.00491 25.6
      vertex 74.7204 8.70554 25.6
      vertex 74.4445 8.91014 25.6
    endloop
  endfacet
  facet normal 0 0 1
    outer loop
      vertex 75.7336 4.66061 25.6
      vertex 73.701 5.50251 25.6
      vertex 75.5867 4.35011 25.6
    endloop
  endfacet
  facet normal 0 0 1
    outer loop
      vertex 73.2222 7.08091 25.6
      vertex 74.4445 8.91014 25.6
      vertex 74.1499 9.08672 25.6
    endloop
  endfacet
  facet normal -0 0 1
    outer loop
      vertex 73.6465 5.38718 25.6
      vertex 75.5867 4.35011 25.6
      vertex 73.701 5.50251 25.6
    endloop
  endfacet
  facet normal 0 0 1
    outer loop
      vertex 73.1128 7.1465 25.6
      vertex 74.1499 9.08672 25.6
      vertex 73.8394 9.23358 25.6
    endloop
  endfacet
  facet normal 0 0 1
    outer loop
      vertex 75.5867 4.35011 25.6
      vertex 73.6465 5.38718 25.6
      vertex 75.4101 4.0555 25.6
    endloop
  endfacet
  facet normal -0 0 1
    outer loop
      vertex 73.5809 5.27776 25.6
      vertex 75.4101 4.0555 25.6
      vertex 73.6465 5.38718 25.6
    endloop
  endfacet
  facet normal 0 0 1
    outer loop
      vertex 75.9831 6.34306 25.6
      vertex 73.7937 6.12742 25.6
      vertex 73.8 6 25.6
    endloop
  endfacet
  facet normal 0 0 1
    outer loop
      vertex 75.9327 6.68282 25.6
      vertex 73.775 6.25362 25.6
      vertex 73.7937 6.12742 25.6
    endloop
  endfacet
  facet normal 0 0 1
    outer loop
      vertex 75.8493 7.016 25.6
      vertex 73.744 6.37737 25.6
      vertex 73.775 6.25362 25.6
    endloop
  endfacet
  facet normal 0 0 1
    outer loop
      vertex 75.7336 7.33939 25.6
      vertex 73.701 6.49749 25.6
      vertex 73.744 6.37737 25.6
    endloop
  endfacet
  facet normal 0 0 1
    outer loop
      vertex 75.5867 7.64989 25.6
      vertex 73.6465 6.61281 25.6
      vertex 73.701 6.49749 25.6
    endloop
  endfacet
  facet normal 0 0 1
    outer loop
      vertex 75.4101 7.9445 25.6
      vertex 73.5809 6.72224 25.6
      vertex 73.6465 6.61281 25.6
    endloop
  endfacet
  facet normal 0 0 1
    outer loop
      vertex 72.9975 7.20104 25.6
      vertex 73.8394 9.23358 25.6
      vertex 73.516 9.34929 25.6
    endloop
  endfacet
  facet normal 0 0 1
    outer loop
      vertex 75.2055 8.22038 25.6
      vertex 73.5049 6.82471 25.6
      vertex 73.5809 6.72224 25.6
    endloop
  endfacet
  facet normal 0 0 1
    outer loop
      vertex 74.9749 8.47487 25.6
      vertex 73.4192 6.91924 25.6
      vertex 73.5049 6.82471 25.6
    endloop
  endfacet
  facet normal 0 0 1
    outer loop
      vertex 74.7204 8.70554 25.6
      vertex 73.3247 7.00491 25.6
      vertex 73.4192 6.91924 25.6
    endloop
  endfacet
  facet normal 0 0 1
    outer loop
      vertex 74.4445 8.91014 25.6
      vertex 73.2222 7.08091 25.6
      vertex 73.3247 7.00491 25.6
    endloop
  endfacet
  facet normal 0 0 1
    outer loop
      vertex 72.8774 7.24402 25.6
      vertex 73.516 9.34929 25.6
      vertex 73.1828 9.43275 25.6
    endloop
  endfacet
  facet normal 0 0 1
    outer loop
      vertex 74.1499 9.08672 25.6
      vertex 73.1128 7.1465 25.6
      vertex 73.2222 7.08091 25.6
    endloop
  endfacet
  facet normal 0 0 1
    outer loop
      vertex 73.8394 9.23358 25.6
      vertex 72.9975 7.20104 25.6
      vertex 73.1128 7.1465 25.6
    endloop
  endfacet
  facet normal 0 0 1
    outer loop
      vertex 73.516 9.34929 25.6
      vertex 72.8774 7.24402 25.6
      vertex 72.9975 7.20104 25.6
    endloop
  endfacet
  facet normal 0 0 1
    outer loop
      vertex 72.7536 7.27502 25.6
      vertex 73.1828 9.43275 25.6
      vertex 72.8431 9.48315 25.6
    endloop
  endfacet
  facet normal 0 0 1
    outer loop
      vertex 73.1828 9.43275 25.6
      vertex 72.7536 7.27502 25.6
      vertex 72.8774 7.24402 25.6
    endloop
  endfacet
  facet normal 0 0 1
    outer loop
      vertex 72.8431 9.48315 25.6
      vertex 72.6274 7.29374 25.6
      vertex 72.7536 7.27502 25.6
    endloop
  endfacet
  facet normal 0 0 1
    outer loop
      vertex 72.5 9.5 25.6
      vertex 72.6274 7.29374 25.6
      vertex 72.8431 9.48315 25.6
    endloop
  endfacet
  facet normal 0 0 1
    outer loop
      vertex 72.5 9.5 25.6
      vertex 72.5 7.3 25.6
      vertex 72.6274 7.29374 25.6
    endloop
  endfacet
  facet normal 0 0 1
    outer loop
      vertex 72.5 9.5 25.6
      vertex 72.3726 7.29374 25.6
      vertex 72.5 7.3 25.6
    endloop
  endfacet
  facet normal -0 0 1
    outer loop
      vertex 72.1569 9.48315 25.6
      vertex 72.3726 7.29374 25.6
      vertex 72.5 9.5 25.6
    endloop
  endfacet
  facet normal 0 0 1
    outer loop
      vertex 72.3726 7.29374 25.6
      vertex 72.1569 9.48315 25.6
      vertex 72.2464 7.27502 25.6
    endloop
  endfacet
  facet normal -0 0 1
    outer loop
      vertex 71.8172 9.43275 25.6
      vertex 72.2464 7.27502 25.6
      vertex 72.1569 9.48315 25.6
    endloop
  endfacet
  facet normal 0 0 1
    outer loop
      vertex 72.2464 7.27502 25.6
      vertex 71.8172 9.43275 25.6
      vertex 72.1226 7.24402 25.6
    endloop
  endfacet
  facet normal -0 0 1
    outer loop
      vertex 71.484 9.34929 25.6
      vertex 72.1226 7.24402 25.6
      vertex 71.8172 9.43275 25.6
    endloop
  endfacet
  facet normal 0 0 1
    outer loop
      vertex 72.1226 7.24402 25.6
      vertex 71.484 9.34929 25.6
      vertex 72.0025 7.20104 25.6
    endloop
  endfacet
  facet normal -0 0 1
    outer loop
      vertex 71.1606 9.23358 25.6
      vertex 72.0025 7.20104 25.6
      vertex 71.484 9.34929 25.6
    endloop
  endfacet
  facet normal 0 0 1
    outer loop
      vertex 72.0025 7.20104 25.6
      vertex 71.1606 9.23358 25.6
      vertex 71.8872 7.1465 25.6
    endloop
  endfacet
  facet normal -0 0 1
    outer loop
      vertex 70.8501 9.08672 25.6
      vertex 71.8872 7.1465 25.6
      vertex 71.1606 9.23358 25.6
    endloop
  endfacet
  facet normal 0 0 1
    outer loop
      vertex 71.8872 7.1465 25.6
      vertex 70.8501 9.08672 25.6
      vertex 71.7778 7.08091 25.6
    endloop
  endfacet
  facet normal -0 0 1
    outer loop
      vertex 70.5555 8.91014 25.6
      vertex 71.7778 7.08091 25.6
      vertex 70.8501 9.08672 25.6
    endloop
  endfacet
  facet normal 0 0 1
    outer loop
      vertex 71.7778 7.08091 25.6
      vertex 70.5555 8.91014 25.6
      vertex 71.6753 7.00491 25.6
    endloop
  endfacet
  facet normal -0 0 1
    outer loop
      vertex 70.2796 8.70554 25.6
      vertex 71.6753 7.00491 25.6
      vertex 70.5555 8.91014 25.6
    endloop
  endfacet
  facet normal 0 0 1
    outer loop
      vertex 71.6753 7.00491 25.6
      vertex 70.2796 8.70554 25.6
      vertex 71.5808 6.91924 25.6
    endloop
  endfacet
  facet normal -0 0 1
    outer loop
      vertex 70.0251 8.47487 25.6
      vertex 71.5808 6.91924 25.6
      vertex 70.2796 8.70554 25.6
    endloop
  endfacet
  facet normal 0 0 1
    outer loop
      vertex 71.5808 6.91924 25.6
      vertex 70.0251 8.47487 25.6
      vertex 71.4951 6.82471 25.6
    endloop
  endfacet
  facet normal -0 0 1
    outer loop
      vertex 69.7945 8.22038 25.6
      vertex 71.4951 6.82471 25.6
      vertex 70.0251 8.47487 25.6
    endloop
  endfacet
  facet normal -0 0 1
    outer loop
      vertex 69.5899 7.9445 25.6
      vertex 71.4191 6.72224 25.6
      vertex 69.7945 8.22038 25.6
    endloop
  endfacet
  facet normal 0 0 1
    outer loop
      vertex 71.4951 6.82471 25.6
      vertex 69.7945 8.22038 25.6
      vertex 71.4191 6.72224 25.6
    endloop
  endfacet
  facet normal 0 0 1
    outer loop
      vertex 75.4101 4.0555 25.6
      vertex 73.5809 5.27776 25.6
      vertex 75.2055 3.77962 25.6
    endloop
  endfacet
  facet normal -0 0 1
    outer loop
      vertex 73.5049 5.17529 25.6
      vertex 75.2055 3.77962 25.6
      vertex 73.5809 5.27776 25.6
    endloop
  endfacet
  facet normal 0 0 1
    outer loop
      vertex 75.2055 3.77962 25.6
      vertex 73.5049 5.17529 25.6
      vertex 74.9749 3.52513 25.6
    endloop
  endfacet
  facet normal -0 0 1
    outer loop
      vertex 73.4192 5.08076 25.6
      vertex 74.9749 3.52513 25.6
      vertex 73.5049 5.17529 25.6
    endloop
  endfacet
  facet normal 0 0 1
    outer loop
      vertex 74.9749 3.52513 25.6
      vertex 73.4192 5.08076 25.6
      vertex 74.7204 3.29446 25.6
    endloop
  endfacet
  facet normal -0 0 1
    outer loop
      vertex 73.3247 4.99509 25.6
      vertex 74.7204 3.29446 25.6
      vertex 73.4192 5.08076 25.6
    endloop
  endfacet
  facet normal 0 0 1
    outer loop
      vertex 74.7204 3.29446 25.6
      vertex 73.3247 4.99509 25.6
      vertex 74.4445 3.08986 25.6
    endloop
  endfacet
  facet normal -0 0 1
    outer loop
      vertex 73.2222 4.91909 25.6
      vertex 74.4445 3.08986 25.6
      vertex 73.3247 4.99509 25.6
    endloop
  endfacet
  facet normal 0 0 1
    outer loop
      vertex 74.4445 3.08986 25.6
      vertex 73.2222 4.91909 25.6
      vertex 74.1499 2.91327 25.6
    endloop
  endfacet
  facet normal -0 0 1
    outer loop
      vertex 73.1128 4.8535 25.6
      vertex 74.1499 2.91327 25.6
      vertex 73.2222 4.91909 25.6
    endloop
  endfacet
  facet normal 0 0 1
    outer loop
      vertex 74.1499 2.91327 25.6
      vertex 73.1128 4.8535 25.6
      vertex 73.8394 2.76642 25.6
    endloop
  endfacet
  facet normal -0 0 1
    outer loop
      vertex 72.9975 4.79896 25.6
      vertex 73.8394 2.76642 25.6
      vertex 73.1128 4.8535 25.6
    endloop
  endfacet
  facet normal 0 0 1
    outer loop
      vertex 73.8394 2.76642 25.6
      vertex 72.9975 4.79896 25.6
      vertex 73.516 2.65071 25.6
    endloop
  endfacet
  facet normal -0 0 1
    outer loop
      vertex 72.8774 4.75598 25.6
      vertex 73.516 2.65071 25.6
      vertex 72.9975 4.79896 25.6
    endloop
  endfacet
  facet normal 0 0 1
    outer loop
      vertex 73.516 2.65071 25.6
      vertex 72.8774 4.75598 25.6
      vertex 73.1828 2.56725 25.6
    endloop
  endfacet
  facet normal -0 0 1
    outer loop
      vertex 72.7536 4.72498 25.6
      vertex 73.1828 2.56725 25.6
      vertex 72.8774 4.75598 25.6
    endloop
  endfacet
  facet normal 0 0 1
    outer loop
      vertex 73.1828 2.56725 25.6
      vertex 72.7536 4.72498 25.6
      vertex 72.8431 2.51685 25.6
    endloop
  endfacet
  facet normal -0 0 1
    outer loop
      vertex 72.6274 4.70626 25.6
      vertex 72.8431 2.51685 25.6
      vertex 72.7536 4.72498 25.6
    endloop
  endfacet
  facet normal -0 0 1
    outer loop
      vertex 72.5 4.7 25.6
      vertex 72.8431 2.51685 25.6
      vertex 72.6274 4.70626 25.6
    endloop
  endfacet
  facet normal 0 0 1
    outer loop
      vertex 72.5 4.7 25.6
      vertex 72.5 2.5 25.6
      vertex 72.8431 2.51685 25.6
    endloop
  endfacet
  facet normal 0 0 1
    outer loop
      vertex 72.3726 4.70626 25.6
      vertex 72.5 2.5 25.6
      vertex 72.5 4.7 25.6
    endloop
  endfacet
  facet normal 0 0 1
    outer loop
      vertex 72.1569 2.51685 25.6
      vertex 72.3726 4.70626 25.6
      vertex 72.2464 4.72498 25.6
    endloop
  endfacet
  facet normal 0 0 1
    outer loop
      vertex 72.3726 4.70626 25.6
      vertex 72.1569 2.51685 25.6
      vertex 72.5 2.5 25.6
    endloop
  endfacet
  facet normal 0 0 1
    outer loop
      vertex 71.8172 2.56725 25.6
      vertex 72.2464 4.72498 25.6
      vertex 72.1226 4.75598 25.6
    endloop
  endfacet
  facet normal 0 0 1
    outer loop
      vertex 71.484 2.65071 25.6
      vertex 72.1226 4.75598 25.6
      vertex 72.0025 4.79896 25.6
    endloop
  endfacet
  facet normal 0 0 1
    outer loop
      vertex 71.1606 2.76642 25.6
      vertex 72.0025 4.79896 25.6
      vertex 71.8872 4.8535 25.6
    endloop
  endfacet
  facet normal 0 0 1
    outer loop
      vertex 72.2464 4.72498 25.6
      vertex 71.8172 2.56725 25.6
      vertex 72.1569 2.51685 25.6
    endloop
  endfacet
  facet normal 0 0 1
    outer loop
      vertex 70.8501 2.91327 25.6
      vertex 71.8872 4.8535 25.6
      vertex 71.7778 4.91909 25.6
    endloop
  endfacet
  facet normal 0 0 1
    outer loop
      vertex 70.5555 3.08986 25.6
      vertex 71.7778 4.91909 25.6
      vertex 71.6753 4.99509 25.6
    endloop
  endfacet
  facet normal 0 0 1
    outer loop
      vertex 70.2796 3.29446 25.6
      vertex 71.6753 4.99509 25.6
      vertex 71.5808 5.08076 25.6
    endloop
  endfacet
  facet normal 0 0 1
    outer loop
      vertex 70.0251 3.52513 25.6
      vertex 71.5808 5.08076 25.6
      vertex 71.4951 5.17529 25.6
    endloop
  endfacet
  facet normal 0 0 1
    outer loop
      vertex 72.1226 4.75598 25.6
      vertex 71.484 2.65071 25.6
      vertex 71.8172 2.56725 25.6
    endloop
  endfacet
  facet normal 0 0 1
    outer loop
      vertex 69.7945 3.77962 25.6
      vertex 71.4951 5.17529 25.6
      vertex 71.4191 5.27776 25.6
    endloop
  endfacet
  facet normal 0 0 1
    outer loop
      vertex 69.5899 4.0555 25.6
      vertex 71.4191 5.27776 25.6
      vertex 71.3535 5.38718 25.6
    endloop
  endfacet
  facet normal 0 0 1
    outer loop
      vertex 69.4133 4.35011 25.6
      vertex 71.3535 5.38718 25.6
      vertex 71.299 5.50251 25.6
    endloop
  endfacet
  facet normal 0 0 1
    outer loop
      vertex 69.2664 4.66061 25.6
      vertex 71.299 5.50251 25.6
      vertex 71.256 5.62263 25.6
    endloop
  endfacet
  facet normal 0 0 1
    outer loop
      vertex 69.1507 4.984 25.6
      vertex 71.256 5.62263 25.6
      vertex 71.225 5.74638 25.6
    endloop
  endfacet
  facet normal 0 0 1
    outer loop
      vertex 69.0673 5.31718 25.6
      vertex 71.225 5.74638 25.6
      vertex 71.2063 5.87258 25.6
    endloop
  endfacet
  facet normal 0 0 1
    outer loop
      vertex 72.0025 4.79896 25.6
      vertex 71.1606 2.76642 25.6
      vertex 71.484 2.65071 25.6
    endloop
  endfacet
  facet normal 0 0 1
    outer loop
      vertex 69.0169 5.65694 25.6
      vertex 71.2063 5.87258 25.6
      vertex 71.2 6 25.6
    endloop
  endfacet
  facet normal 0 0 1
    outer loop
      vertex 71.4191 6.72224 25.6
      vertex 69.5899 7.9445 25.6
      vertex 71.3535 6.61281 25.6
    endloop
  endfacet
  facet normal -0 0 1
    outer loop
      vertex 69.4133 7.64989 25.6
      vertex 71.3535 6.61281 25.6
      vertex 69.5899 7.9445 25.6
    endloop
  endfacet
  facet normal 0 0 1
    outer loop
      vertex 71.8872 4.8535 25.6
      vertex 70.8501 2.91327 25.6
      vertex 71.1606 2.76642 25.6
    endloop
  endfacet
  facet normal 0 0 1
    outer loop
      vertex 71.3535 6.61281 25.6
      vertex 69.4133 7.64989 25.6
      vertex 71.299 6.49749 25.6
    endloop
  endfacet
  facet normal 0 0 1
    outer loop
      vertex 71.7778 4.91909 25.6
      vertex 70.5555 3.08986 25.6
      vertex 70.8501 2.91327 25.6
    endloop
  endfacet
  facet normal -0 0 1
    outer loop
      vertex 69.2664 7.33939 25.6
      vertex 71.299 6.49749 25.6
      vertex 69.4133 7.64989 25.6
    endloop
  endfacet
  facet normal 0 0 1
    outer loop
      vertex 71.6753 4.99509 25.6
      vertex 70.2796 3.29446 25.6
      vertex 70.5555 3.08986 25.6
    endloop
  endfacet
  facet normal 0 0 1
    outer loop
      vertex 71.299 6.49749 25.6
      vertex 69.2664 7.33939 25.6
      vertex 71.256 6.37737 25.6
    endloop
  endfacet
  facet normal 0 0 1
    outer loop
      vertex 71.5808 5.08076 25.6
      vertex 70.0251 3.52513 25.6
      vertex 70.2796 3.29446 25.6
    endloop
  endfacet
  facet normal -0 0 1
    outer loop
      vertex 69.1507 7.016 25.6
      vertex 71.256 6.37737 25.6
      vertex 69.2664 7.33939 25.6
    endloop
  endfacet
  facet normal 0 0 1
    outer loop
      vertex 71.4951 5.17529 25.6
      vertex 69.7945 3.77962 25.6
      vertex 70.0251 3.52513 25.6
    endloop
  endfacet
  facet normal 0 0 1
    outer loop
      vertex 71.256 6.37737 25.6
      vertex 69.1507 7.016 25.6
      vertex 71.225 6.25362 25.6
    endloop
  endfacet
  facet normal 0 0 1
    outer loop
      vertex 71.4191 5.27776 25.6
      vertex 69.5899 4.0555 25.6
      vertex 69.7945 3.77962 25.6
    endloop
  endfacet
  facet normal -0 0 1
    outer loop
      vertex 69.0673 6.68282 25.6
      vertex 71.225 6.25362 25.6
      vertex 69.1507 7.016 25.6
    endloop
  endfacet
  facet normal 0 0 1
    outer loop
      vertex 71.3535 5.38718 25.6
      vertex 69.4133 4.35011 25.6
      vertex 69.5899 4.0555 25.6
    endloop
  endfacet
  facet normal 0 0 1
    outer loop
      vertex 71.225 6.25362 25.6
      vertex 69.0673 6.68282 25.6
      vertex 71.2063 6.12742 25.6
    endloop
  endfacet
  facet normal 0 0 1
    outer loop
      vertex 71.299 5.50251 25.6
      vertex 69.2664 4.66061 25.6
      vertex 69.4133 4.35011 25.6
    endloop
  endfacet
  facet normal -0 0 1
    outer loop
      vertex 69.0169 6.34306 25.6
      vertex 71.2063 6.12742 25.6
      vertex 69.0673 6.68282 25.6
    endloop
  endfacet
  facet normal 0 0 1
    outer loop
      vertex 71.256 5.62263 25.6
      vertex 69.1507 4.984 25.6
      vertex 69.2664 4.66061 25.6
    endloop
  endfacet
  facet normal 0 0 1
    outer loop
      vertex 71.2063 6.12742 25.6
      vertex 69.0169 6.34306 25.6
      vertex 71.2 6 25.6
    endloop
  endfacet
  facet normal 0 0 1
    outer loop
      vertex 71.225 5.74638 25.6
      vertex 69.0673 5.31718 25.6
      vertex 69.1507 4.984 25.6
    endloop
  endfacet
  facet normal 0 0 1
    outer loop
      vertex 69 6 25.6
      vertex 71.2 6 25.6
      vertex 69.0169 6.34306 25.6
    endloop
  endfacet
  facet normal 0 0 1
    outer loop
      vertex 71.2063 5.87258 25.6
      vertex 69.0169 5.65694 25.6
      vertex 69.0673 5.31718 25.6
    endloop
  endfacet
  facet normal 0 0 1
    outer loop
      vertex 71.2 6 25.6
      vertex 69 6 25.6
      vertex 69.0169 5.65694 25.6
    endloop
  endfacet
  facet normal -0.51411 0.857724 0
    outer loop
      vertex 70.8501 9.08672 2
      vertex 70.5555 8.91014 25.6
      vertex 70.8501 9.08672 25.6
    endloop
  endfacet
  facet normal -0.51411 0.857724 0
    outer loop
      vertex 70.5555 8.91014 25.6
      vertex 70.8501 9.08672 2
      vertex 70.5555 8.91014 2
    endloop
  endfacet
  facet normal -0.903939 0.427661 0
    outer loop
      vertex 69.2664 7.33939 2
      vertex 69.4133 7.64989 25.6
      vertex 69.4133 7.64989 2
    endloop
  endfacet
  facet normal -0.903939 0.427661 0
    outer loop
      vertex 69.4133 7.64989 25.6
      vertex 69.2664 7.33939 2
      vertex 69.2664 7.33939 25.6
    endloop
  endfacet
  facet normal -0.514132 -0.857711 0
    outer loop
      vertex 70.5555 3.08986 2
      vertex 70.8501 2.91327 25.6
      vertex 70.5555 3.08986 25.6
    endloop
  endfacet
  facet normal -0.514132 -0.857711 -0
    outer loop
      vertex 70.8501 2.91327 25.6
      vertex 70.5555 3.08986 2
      vertex 70.8501 2.91327 2
    endloop
  endfacet
  facet normal -0.336853 -0.941557 0
    outer loop
      vertex 71.1606 51.7664 2
      vertex 71.484 51.6507 25.6
      vertex 71.1606 51.7664 25.6
    endloop
  endfacet
  facet normal -0.336853 -0.941557 -0
    outer loop
      vertex 71.484 51.6507 25.6
      vertex 71.1606 51.7664 2
      vertex 71.484 51.6507 2
    endloop
  endfacet
  facet normal 0.989172 0.14676 0
    outer loop
      vertex 75.9831 55.3431 25.6
      vertex 75.9327 55.6828 2
      vertex 75.9327 55.6828 25.6
    endloop
  endfacet
  facet normal 0.989172 0.14676 0
    outer loop
      vertex 75.9327 55.6828 2
      vertex 75.9831 55.3431 25.6
      vertex 75.9831 55.3431 2
    endloop
  endfacet
  facet normal 0.998789 0.0491971 0
    outer loop
      vertex 76 55 25.6
      vertex 75.9831 55.3431 2
      vertex 75.9831 55.3431 25.6
    endloop
  endfacet
  facet normal 0.998789 0.0491971 0
    outer loop
      vertex 75.9831 55.3431 2
      vertex 76 55 25.6
      vertex 76 55 2
    endloop
  endfacet
  facet normal 0.970074 0.24281 0
    outer loop
      vertex 75.9327 55.6828 25.6
      vertex 75.8493 56.016 2
      vertex 75.8493 56.016 25.6
    endloop
  endfacet
  facet normal 0.970074 0.24281 0
    outer loop
      vertex 75.8493 56.016 2
      vertex 75.9327 55.6828 25.6
      vertex 75.9327 55.6828 2
    endloop
  endfacet
  facet normal -0.989172 0.14676 0
    outer loop
      vertex 69.0169 55.3431 2
      vertex 69.0673 55.6828 25.6
      vertex 69.0673 55.6828 2
    endloop
  endfacet
  facet normal -0.989172 0.14676 0
    outer loop
      vertex 69.0673 55.6828 25.6
      vertex 69.0169 55.3431 2
      vertex 69.0169 55.3431 25.6
    endloop
  endfacet
  facet normal -0.24281 -0.970074 0
    outer loop
      vertex 71.484 51.6507 2
      vertex 71.8172 51.5673 25.6
      vertex 71.484 51.6507 25.6
    endloop
  endfacet
  facet normal -0.24281 -0.970074 -0
    outer loop
      vertex 71.8172 51.5673 25.6
      vertex 71.484 51.6507 2
      vertex 71.8172 51.5673 2
    endloop
  endfacet
  facet normal 0.336853 0.941557 -0
    outer loop
      vertex 73.8394 58.2336 2
      vertex 73.516 58.3493 25.6
      vertex 73.8394 58.2336 25.6
    endloop
  endfacet
  facet normal 0.336853 0.941557 0
    outer loop
      vertex 73.516 58.3493 25.6
      vertex 73.8394 58.2336 2
      vertex 73.516 58.3493 2
    endloop
  endfacet
  facet normal -0.514153 0.857698 0
    outer loop
      vertex 70.8501 58.0867 2
      vertex 70.5555 57.9101 25.6
      vertex 70.8501 58.0867 25.6
    endloop
  endfacet
  facet normal -0.514153 0.857698 0
    outer loop
      vertex 70.5555 57.9101 25.6
      vertex 70.8501 58.0867 2
      vertex 70.5555 57.9101 2
    endloop
  endfacet
  facet normal -0.903939 -0.427661 0
    outer loop
      vertex 69.4133 53.3501 2
      vertex 69.2664 53.6606 25.6
      vertex 69.2664 53.6606 2
    endloop
  endfacet
  facet normal -0.903939 -0.427661 0
    outer loop
      vertex 69.2664 53.6606 25.6
      vertex 69.4133 53.3501 2
      vertex 69.4133 53.3501 25.6
    endloop
  endfacet
  facet normal -0.24281 0.970074 0
    outer loop
      vertex 71.8172 58.4327 2
      vertex 71.484 58.3493 25.6
      vertex 71.8172 58.4327 25.6
    endloop
  endfacet
  facet normal -0.24281 0.970074 0
    outer loop
      vertex 71.484 58.3493 25.6
      vertex 71.8172 58.4327 2
      vertex 71.484 58.3493 2
    endloop
  endfacet
  facet normal -0.857698 -0.514153 0
    outer loop
      vertex 69.5899 53.0555 2
      vertex 69.4133 53.3501 25.6
      vertex 69.4133 53.3501 2
    endloop
  endfacet
  facet normal -0.857698 -0.514153 0
    outer loop
      vertex 69.4133 53.3501 25.6
      vertex 69.5899 53.0555 2
      vertex 69.5899 53.0555 25.6
    endloop
  endfacet
  facet normal 0.24281 -0.970074 0
    outer loop
      vertex 73.1828 51.5673 2
      vertex 73.516 51.6507 25.6
      vertex 73.1828 51.5673 25.6
    endloop
  endfacet
  facet normal 0.24281 -0.970074 0
    outer loop
      vertex 73.516 51.6507 25.6
      vertex 73.1828 51.5673 2
      vertex 73.516 51.6507 2
    endloop
  endfacet
  facet normal -0.595659 -0.803237 0
    outer loop
      vertex 70.2796 52.2945 2
      vertex 70.5555 52.0899 25.6
      vertex 70.2796 52.2945 25.6
    endloop
  endfacet
  facet normal -0.595659 -0.803237 -0
    outer loop
      vertex 70.5555 52.0899 25.6
      vertex 70.2796 52.2945 2
      vertex 70.5555 52.0899 2
    endloop
  endfacet
  facet normal 0.514153 -0.857698 0
    outer loop
      vertex 74.1499 51.9133 2
      vertex 74.4445 52.0899 25.6
      vertex 74.1499 51.9133 25.6
    endloop
  endfacet
  facet normal 0.514153 -0.857698 0
    outer loop
      vertex 74.4445 52.0899 25.6
      vertex 74.1499 51.9133 2
      vertex 74.4445 52.0899 2
    endloop
  endfacet
  facet normal 0.803237 -0.595659 0
    outer loop
      vertex 75.2055 52.7796 25.6
      vertex 75.4101 53.0555 2
      vertex 75.4101 53.0555 25.6
    endloop
  endfacet
  facet normal 0.803237 -0.595659 0
    outer loop
      vertex 75.4101 53.0555 2
      vertex 75.2055 52.7796 25.6
      vertex 75.2055 52.7796 2
    endloop
  endfacet
  facet normal 0.14676 0.989172 -0
    outer loop
      vertex 73.1828 58.4327 2
      vertex 72.8431 58.4831 25.6
      vertex 73.1828 58.4327 25.6
    endloop
  endfacet
  facet normal 0.14676 0.989172 0
    outer loop
      vertex 72.8431 58.4831 25.6
      vertex 73.1828 58.4327 2
      vertex 72.8431 58.4831 2
    endloop
  endfacet
  facet normal -0.595659 0.803237 0
    outer loop
      vertex 70.5555 57.9101 2
      vertex 70.2796 57.7055 25.6
      vertex 70.5555 57.9101 25.6
    endloop
  endfacet
  facet normal -0.595659 0.803237 0
    outer loop
      vertex 70.2796 57.7055 25.6
      vertex 70.5555 57.9101 2
      vertex 70.2796 57.7055 2
    endloop
  endfacet
  facet normal -0.803237 0.595659 0
    outer loop
      vertex 69.5899 56.9445 2
      vertex 69.7945 57.2204 25.6
      vertex 69.7945 57.2204 2
    endloop
  endfacet
  facet normal -0.803237 0.595659 0
    outer loop
      vertex 69.7945 57.2204 25.6
      vertex 69.5899 56.9445 2
      vertex 69.5899 56.9445 25.6
    endloop
  endfacet
  facet normal 0.989172 -0.14676 0
    outer loop
      vertex 75.9327 54.3172 25.6
      vertex 75.9831 54.6569 2
      vertex 75.9831 54.6569 25.6
    endloop
  endfacet
  facet normal 0.989172 -0.14676 0
    outer loop
      vertex 75.9831 54.6569 2
      vertex 75.9327 54.3172 25.6
      vertex 75.9327 54.3172 2
    endloop
  endfacet
  facet normal -0.941557 0.336853 0
    outer loop
      vertex 69.1507 56.016 2
      vertex 69.2664 56.3394 25.6
      vertex 69.2664 56.3394 2
    endloop
  endfacet
  facet normal -0.941557 0.336853 0
    outer loop
      vertex 69.2664 56.3394 25.6
      vertex 69.1507 56.016 2
      vertex 69.1507 56.016 25.6
    endloop
  endfacet
  facet normal 0.427661 0.903939 -0
    outer loop
      vertex 74.1499 58.0867 2
      vertex 73.8394 58.2336 25.6
      vertex 74.1499 58.0867 25.6
    endloop
  endfacet
  facet normal 0.427661 0.903939 0
    outer loop
      vertex 73.8394 58.2336 25.6
      vertex 74.1499 58.0867 2
      vertex 73.8394 58.2336 2
    endloop
  endfacet
  facet normal -0.941557 -0.336853 0
    outer loop
      vertex 69.2664 53.6606 2
      vertex 69.1507 53.984 25.6
      vertex 69.1507 53.984 2
    endloop
  endfacet
  facet normal -0.941557 -0.336853 0
    outer loop
      vertex 69.1507 53.984 25.6
      vertex 69.2664 53.6606 2
      vertex 69.2664 53.6606 25.6
    endloop
  endfacet
  facet normal 0.970074 -0.24281 0
    outer loop
      vertex 75.8493 53.984 25.6
      vertex 75.9327 54.3172 2
      vertex 75.9327 54.3172 25.6
    endloop
  endfacet
  facet normal 0.970074 -0.24281 0
    outer loop
      vertex 75.9327 54.3172 2
      vertex 75.8493 53.984 25.6
      vertex 75.8493 53.984 2
    endloop
  endfacet
  facet normal -0.0491971 0.998789 0
    outer loop
      vertex 72.5 58.5 2
      vertex 72.1569 58.4831 25.6
      vertex 72.5 58.5 25.6
    endloop
  endfacet
  facet normal -0.0491971 0.998789 0
    outer loop
      vertex 72.1569 58.4831 25.6
      vertex 72.5 58.5 2
      vertex 72.1569 58.4831 2
    endloop
  endfacet
  facet normal 0.671454 0.741046 -0
    outer loop
      vertex 74.9749 57.4749 2
      vertex 74.7204 57.7055 25.6
      vertex 74.9749 57.4749 25.6
    endloop
  endfacet
  facet normal 0.671454 0.741046 0
    outer loop
      vertex 74.7204 57.7055 25.6
      vertex 74.9749 57.4749 2
      vertex 74.7204 57.7055 2
    endloop
  endfacet
  facet normal -0.427661 0.903939 0
    outer loop
      vertex 71.1606 58.2336 2
      vertex 70.8501 58.0867 25.6
      vertex 71.1606 58.2336 25.6
    endloop
  endfacet
  facet normal -0.427661 0.903939 0
    outer loop
      vertex 70.8501 58.0867 25.6
      vertex 71.1606 58.2336 2
      vertex 70.8501 58.0867 2
    endloop
  endfacet
  facet normal -0.671454 0.741046 0
    outer loop
      vertex 70.2796 57.7055 2
      vertex 70.0251 57.4749 25.6
      vertex 70.2796 57.7055 25.6
    endloop
  endfacet
  facet normal -0.671454 0.741046 0
    outer loop
      vertex 70.0251 57.4749 25.6
      vertex 70.2796 57.7055 2
      vertex 70.0251 57.4749 2
    endloop
  endfacet
  facet normal 0.336853 -0.941557 0
    outer loop
      vertex 73.516 51.6507 2
      vertex 73.8394 51.7664 25.6
      vertex 73.516 51.6507 25.6
    endloop
  endfacet
  facet normal 0.336853 -0.941557 0
    outer loop
      vertex 73.8394 51.7664 25.6
      vertex 73.516 51.6507 2
      vertex 73.8394 51.7664 2
    endloop
  endfacet
  facet normal -0.336853 0.941557 0
    outer loop
      vertex 71.484 58.3493 2
      vertex 71.1606 58.2336 25.6
      vertex 71.484 58.3493 25.6
    endloop
  endfacet
  facet normal -0.336853 0.941557 0
    outer loop
      vertex 71.1606 58.2336 25.6
      vertex 71.484 58.3493 2
      vertex 71.1606 58.2336 2
    endloop
  endfacet
  facet normal 0.803237 0.595659 0
    outer loop
      vertex 75.4101 56.9445 25.6
      vertex 75.2055 57.2204 2
      vertex 75.2055 57.2204 25.6
    endloop
  endfacet
  facet normal 0.803237 0.595659 0
    outer loop
      vertex 75.2055 57.2204 2
      vertex 75.4101 56.9445 25.6
      vertex 75.4101 56.9445 2
    endloop
  endfacet
  facet normal -0.857698 0.514153 0
    outer loop
      vertex 69.4133 56.6499 2
      vertex 69.5899 56.9445 25.6
      vertex 69.5899 56.9445 2
    endloop
  endfacet
  facet normal -0.857698 0.514153 0
    outer loop
      vertex 69.5899 56.9445 25.6
      vertex 69.4133 56.6499 2
      vertex 69.4133 56.6499 25.6
    endloop
  endfacet
  facet normal 0.998789 -0.0491971 0
    outer loop
      vertex 75.9831 54.6569 25.6
      vertex 76 55 2
      vertex 76 55 25.6
    endloop
  endfacet
  facet normal 0.998789 -0.0491971 0
    outer loop
      vertex 76 55 2
      vertex 75.9831 54.6569 25.6
      vertex 75.9831 54.6569 2
    endloop
  endfacet
  facet normal 0.903939 -0.427661 0
    outer loop
      vertex 75.5867 53.3501 25.6
      vertex 75.7336 53.6606 2
      vertex 75.7336 53.6606 25.6
    endloop
  endfacet
  facet normal 0.903939 -0.427661 0
    outer loop
      vertex 75.7336 53.6606 2
      vertex 75.5867 53.3501 25.6
      vertex 75.5867 53.3501 2
    endloop
  endfacet
  facet normal 0 0 1
    outer loop
      vertex 73.8 55 25.6
      vertex 76 55 25.6
      vertex 75.9831 55.3431 25.6
    endloop
  endfacet
  facet normal 0 0 1
    outer loop
      vertex 73.7937 55.1274 25.6
      vertex 75.9831 55.3431 25.6
      vertex 75.9327 55.6828 25.6
    endloop
  endfacet
  facet normal 0 0 1
    outer loop
      vertex 76 55 25.6
      vertex 73.8 55 25.6
      vertex 75.9831 54.6569 25.6
    endloop
  endfacet
  facet normal 0 0 1
    outer loop
      vertex 73.775 55.2536 25.6
      vertex 75.9327 55.6828 25.6
      vertex 75.8493 56.016 25.6
    endloop
  endfacet
  facet normal -0 0 1
    outer loop
      vertex 73.7937 54.8726 25.6
      vertex 75.9831 54.6569 25.6
      vertex 73.8 55 25.6
    endloop
  endfacet
  facet normal 0 0 1
    outer loop
      vertex 73.744 55.3774 25.6
      vertex 75.8493 56.016 25.6
      vertex 75.7336 56.3394 25.6
    endloop
  endfacet
  facet normal 0 0 1
    outer loop
      vertex 75.9831 54.6569 25.6
      vertex 73.7937 54.8726 25.6
      vertex 75.9327 54.3172 25.6
    endloop
  endfacet
  facet normal 0 0 1
    outer loop
      vertex 73.701 55.4975 25.6
      vertex 75.7336 56.3394 25.6
      vertex 75.5867 56.6499 25.6
    endloop
  endfacet
  facet normal -0 0 1
    outer loop
      vertex 73.775 54.7464 25.6
      vertex 75.9327 54.3172 25.6
      vertex 73.7937 54.8726 25.6
    endloop
  endfacet
  facet normal 0 0 1
    outer loop
      vertex 73.6465 55.6128 25.6
      vertex 75.5867 56.6499 25.6
      vertex 75.4101 56.9445 25.6
    endloop
  endfacet
  facet normal 0 0 1
    outer loop
      vertex 75.9327 54.3172 25.6
      vertex 73.775 54.7464 25.6
      vertex 75.8493 53.984 25.6
    endloop
  endfacet
  facet normal 0 0 1
    outer loop
      vertex 73.5809 55.7222 25.6
      vertex 75.4101 56.9445 25.6
      vertex 75.2055 57.2204 25.6
    endloop
  endfacet
  facet normal -0 0 1
    outer loop
      vertex 73.744 54.6226 25.6
      vertex 75.8493 53.984 25.6
      vertex 73.775 54.7464 25.6
    endloop
  endfacet
  facet normal 0 0 1
    outer loop
      vertex 73.5049 55.8247 25.6
      vertex 75.2055 57.2204 25.6
      vertex 74.9749 57.4749 25.6
    endloop
  endfacet
  facet normal 0 0 1
    outer loop
      vertex 75.8493 53.984 25.6
      vertex 73.744 54.6226 25.6
      vertex 75.7336 53.6606 25.6
    endloop
  endfacet
  facet normal 0 0 1
    outer loop
      vertex 73.4192 55.9192 25.6
      vertex 74.9749 57.4749 25.6
      vertex 74.7204 57.7055 25.6
    endloop
  endfacet
  facet normal -0 0 1
    outer loop
      vertex 73.701 54.5025 25.6
      vertex 75.7336 53.6606 25.6
      vertex 73.744 54.6226 25.6
    endloop
  endfacet
  facet normal 0 0 1
    outer loop
      vertex 73.3247 56.0049 25.6
      vertex 74.7204 57.7055 25.6
      vertex 74.4445 57.9101 25.6
    endloop
  endfacet
  facet normal 0 0 1
    outer loop
      vertex 75.7336 53.6606 25.6
      vertex 73.701 54.5025 25.6
      vertex 75.5867 53.3501 25.6
    endloop
  endfacet
  facet normal 0 0 1
    outer loop
      vertex 73.2222 56.0809 25.6
      vertex 74.4445 57.9101 25.6
      vertex 74.1499 58.0867 25.6
    endloop
  endfacet
  facet normal -0 0 1
    outer loop
      vertex 73.6465 54.3872 25.6
      vertex 75.5867 53.3501 25.6
      vertex 73.701 54.5025 25.6
    endloop
  endfacet
  facet normal 0 0 1
    outer loop
      vertex 73.1128 56.1465 25.6
      vertex 74.1499 58.0867 25.6
      vertex 73.8394 58.2336 25.6
    endloop
  endfacet
  facet normal 0 0 1
    outer loop
      vertex 75.5867 53.3501 25.6
      vertex 73.6465 54.3872 25.6
      vertex 75.4101 53.0555 25.6
    endloop
  endfacet
  facet normal -0 0 1
    outer loop
      vertex 73.5809 54.2778 25.6
      vertex 75.4101 53.0555 25.6
      vertex 73.6465 54.3872 25.6
    endloop
  endfacet
  facet normal 0 0 1
    outer loop
      vertex 75.9831 55.3431 25.6
      vertex 73.7937 55.1274 25.6
      vertex 73.8 55 25.6
    endloop
  endfacet
  facet normal 0 0 1
    outer loop
      vertex 75.9327 55.6828 25.6
      vertex 73.775 55.2536 25.6
      vertex 73.7937 55.1274 25.6
    endloop
  endfacet
  facet normal 0 0 1
    outer loop
      vertex 75.8493 56.016 25.6
      vertex 73.744 55.3774 25.6
      vertex 73.775 55.2536 25.6
    endloop
  endfacet
  facet normal 0 0 1
    outer loop
      vertex 75.7336 56.3394 25.6
      vertex 73.701 55.4975 25.6
      vertex 73.744 55.3774 25.6
    endloop
  endfacet
  facet normal 0 0 1
    outer loop
      vertex 75.5867 56.6499 25.6
      vertex 73.6465 55.6128 25.6
      vertex 73.701 55.4975 25.6
    endloop
  endfacet
  facet normal 0 0 1
    outer loop
      vertex 75.4101 56.9445 25.6
      vertex 73.5809 55.7222 25.6
      vertex 73.6465 55.6128 25.6
    endloop
  endfacet
  facet normal 0 0 1
    outer loop
      vertex 72.9975 56.201 25.6
      vertex 73.8394 58.2336 25.6
      vertex 73.516 58.3493 25.6
    endloop
  endfacet
  facet normal 0 0 1
    outer loop
      vertex 75.2055 57.2204 25.6
      vertex 73.5049 55.8247 25.6
      vertex 73.5809 55.7222 25.6
    endloop
  endfacet
  facet normal 0 0 1
    outer loop
      vertex 74.9749 57.4749 25.6
      vertex 73.4192 55.9192 25.6
      vertex 73.5049 55.8247 25.6
    endloop
  endfacet
  facet normal 0 0 1
    outer loop
      vertex 74.7204 57.7055 25.6
      vertex 73.3247 56.0049 25.6
      vertex 73.4192 55.9192 25.6
    endloop
  endfacet
  facet normal 0 0 1
    outer loop
      vertex 74.4445 57.9101 25.6
      vertex 73.2222 56.0809 25.6
      vertex 73.3247 56.0049 25.6
    endloop
  endfacet
  facet normal 0 0 1
    outer loop
      vertex 72.8774 56.244 25.6
      vertex 73.516 58.3493 25.6
      vertex 73.1828 58.4327 25.6
    endloop
  endfacet
  facet normal 0 0 1
    outer loop
      vertex 74.1499 58.0867 25.6
      vertex 73.1128 56.1465 25.6
      vertex 73.2222 56.0809 25.6
    endloop
  endfacet
  facet normal 0 0 1
    outer loop
      vertex 73.8394 58.2336 25.6
      vertex 72.9975 56.201 25.6
      vertex 73.1128 56.1465 25.6
    endloop
  endfacet
  facet normal 0 0 1
    outer loop
      vertex 73.516 58.3493 25.6
      vertex 72.8774 56.244 25.6
      vertex 72.9975 56.201 25.6
    endloop
  endfacet
  facet normal 0 0 1
    outer loop
      vertex 72.7536 56.275 25.6
      vertex 73.1828 58.4327 25.6
      vertex 72.8431 58.4831 25.6
    endloop
  endfacet
  facet normal 0 0 1
    outer loop
      vertex 73.1828 58.4327 25.6
      vertex 72.7536 56.275 25.6
      vertex 72.8774 56.244 25.6
    endloop
  endfacet
  facet normal 0 0 1
    outer loop
      vertex 72.8431 58.4831 25.6
      vertex 72.6274 56.2937 25.6
      vertex 72.7536 56.275 25.6
    endloop
  endfacet
  facet normal 0 0 1
    outer loop
      vertex 72.5 58.5 25.6
      vertex 72.6274 56.2937 25.6
      vertex 72.8431 58.4831 25.6
    endloop
  endfacet
  facet normal 0 0 1
    outer loop
      vertex 72.5 58.5 25.6
      vertex 72.5 56.3 25.6
      vertex 72.6274 56.2937 25.6
    endloop
  endfacet
  facet normal 0 0 1
    outer loop
      vertex 72.5 58.5 25.6
      vertex 72.3726 56.2937 25.6
      vertex 72.5 56.3 25.6
    endloop
  endfacet
  facet normal -0 0 1
    outer loop
      vertex 72.1569 58.4831 25.6
      vertex 72.3726 56.2937 25.6
      vertex 72.5 58.5 25.6
    endloop
  endfacet
  facet normal 0 0 1
    outer loop
      vertex 72.3726 56.2937 25.6
      vertex 72.1569 58.4831 25.6
      vertex 72.2464 56.275 25.6
    endloop
  endfacet
  facet normal -0 0 1
    outer loop
      vertex 71.8172 58.4327 25.6
      vertex 72.2464 56.275 25.6
      vertex 72.1569 58.4831 25.6
    endloop
  endfacet
  facet normal 0 0 1
    outer loop
      vertex 72.2464 56.275 25.6
      vertex 71.8172 58.4327 25.6
      vertex 72.1226 56.244 25.6
    endloop
  endfacet
  facet normal -0 0 1
    outer loop
      vertex 71.484 58.3493 25.6
      vertex 72.1226 56.244 25.6
      vertex 71.8172 58.4327 25.6
    endloop
  endfacet
  facet normal 0 0 1
    outer loop
      vertex 72.1226 56.244 25.6
      vertex 71.484 58.3493 25.6
      vertex 72.0025 56.201 25.6
    endloop
  endfacet
  facet normal -0 0 1
    outer loop
      vertex 71.1606 58.2336 25.6
      vertex 72.0025 56.201 25.6
      vertex 71.484 58.3493 25.6
    endloop
  endfacet
  facet normal 0 0 1
    outer loop
      vertex 72.0025 56.201 25.6
      vertex 71.1606 58.2336 25.6
      vertex 71.8872 56.1465 25.6
    endloop
  endfacet
  facet normal -0 0 1
    outer loop
      vertex 70.8501 58.0867 25.6
      vertex 71.8872 56.1465 25.6
      vertex 71.1606 58.2336 25.6
    endloop
  endfacet
  facet normal 0 0 1
    outer loop
      vertex 71.8872 56.1465 25.6
      vertex 70.8501 58.0867 25.6
      vertex 71.7778 56.0809 25.6
    endloop
  endfacet
  facet normal -0 0 1
    outer loop
      vertex 70.5555 57.9101 25.6
      vertex 71.7778 56.0809 25.6
      vertex 70.8501 58.0867 25.6
    endloop
  endfacet
  facet normal 0 0 1
    outer loop
      vertex 71.7778 56.0809 25.6
      vertex 70.5555 57.9101 25.6
      vertex 71.6753 56.0049 25.6
    endloop
  endfacet
  facet normal -0 0 1
    outer loop
      vertex 70.2796 57.7055 25.6
      vertex 71.6753 56.0049 25.6
      vertex 70.5555 57.9101 25.6
    endloop
  endfacet
  facet normal 0 0 1
    outer loop
      vertex 71.6753 56.0049 25.6
      vertex 70.2796 57.7055 25.6
      vertex 71.5808 55.9192 25.6
    endloop
  endfacet
  facet normal -0 0 1
    outer loop
      vertex 70.0251 57.4749 25.6
      vertex 71.5808 55.9192 25.6
      vertex 70.2796 57.7055 25.6
    endloop
  endfacet
  facet normal 0 0 1
    outer loop
      vertex 71.5808 55.9192 25.6
      vertex 70.0251 57.4749 25.6
      vertex 71.4951 55.8247 25.6
    endloop
  endfacet
  facet normal -0 0 1
    outer loop
      vertex 69.7945 57.2204 25.6
      vertex 71.4951 55.8247 25.6
      vertex 70.0251 57.4749 25.6
    endloop
  endfacet
  facet normal -0 0 1
    outer loop
      vertex 69.5899 56.9445 25.6
      vertex 71.4191 55.7222 25.6
      vertex 69.7945 57.2204 25.6
    endloop
  endfacet
  facet normal 0 0 1
    outer loop
      vertex 71.4951 55.8247 25.6
      vertex 69.7945 57.2204 25.6
      vertex 71.4191 55.7222 25.6
    endloop
  endfacet
  facet normal 0 0 1
    outer loop
      vertex 75.4101 53.0555 25.6
      vertex 73.5809 54.2778 25.6
      vertex 75.2055 52.7796 25.6
    endloop
  endfacet
  facet normal -0 0 1
    outer loop
      vertex 73.5049 54.1753 25.6
      vertex 75.2055 52.7796 25.6
      vertex 73.5809 54.2778 25.6
    endloop
  endfacet
  facet normal 0 0 1
    outer loop
      vertex 75.2055 52.7796 25.6
      vertex 73.5049 54.1753 25.6
      vertex 74.9749 52.5251 25.6
    endloop
  endfacet
  facet normal -0 0 1
    outer loop
      vertex 73.4192 54.0808 25.6
      vertex 74.9749 52.5251 25.6
      vertex 73.5049 54.1753 25.6
    endloop
  endfacet
  facet normal 0 0 1
    outer loop
      vertex 74.9749 52.5251 25.6
      vertex 73.4192 54.0808 25.6
      vertex 74.7204 52.2945 25.6
    endloop
  endfacet
  facet normal -0 0 1
    outer loop
      vertex 73.3247 53.9951 25.6
      vertex 74.7204 52.2945 25.6
      vertex 73.4192 54.0808 25.6
    endloop
  endfacet
  facet normal 0 0 1
    outer loop
      vertex 74.7204 52.2945 25.6
      vertex 73.3247 53.9951 25.6
      vertex 74.4445 52.0899 25.6
    endloop
  endfacet
  facet normal -0 0 1
    outer loop
      vertex 73.2222 53.9191 25.6
      vertex 74.4445 52.0899 25.6
      vertex 73.3247 53.9951 25.6
    endloop
  endfacet
  facet normal 0 0 1
    outer loop
      vertex 74.4445 52.0899 25.6
      vertex 73.2222 53.9191 25.6
      vertex 74.1499 51.9133 25.6
    endloop
  endfacet
  facet normal -0 0 1
    outer loop
      vertex 73.1128 53.8535 25.6
      vertex 74.1499 51.9133 25.6
      vertex 73.2222 53.9191 25.6
    endloop
  endfacet
  facet normal 0 0 1
    outer loop
      vertex 74.1499 51.9133 25.6
      vertex 73.1128 53.8535 25.6
      vertex 73.8394 51.7664 25.6
    endloop
  endfacet
  facet normal -0 0 1
    outer loop
      vertex 72.9975 53.799 25.6
      vertex 73.8394 51.7664 25.6
      vertex 73.1128 53.8535 25.6
    endloop
  endfacet
  facet normal 0 0 1
    outer loop
      vertex 73.8394 51.7664 25.6
      vertex 72.9975 53.799 25.6
      vertex 73.516 51.6507 25.6
    endloop
  endfacet
  facet normal -0 0 1
    outer loop
      vertex 72.8774 53.756 25.6
      vertex 73.516 51.6507 25.6
      vertex 72.9975 53.799 25.6
    endloop
  endfacet
  facet normal 0 0 1
    outer loop
      vertex 73.516 51.6507 25.6
      vertex 72.8774 53.756 25.6
      vertex 73.1828 51.5673 25.6
    endloop
  endfacet
  facet normal -0 0 1
    outer loop
      vertex 72.7536 53.725 25.6
      vertex 73.1828 51.5673 25.6
      vertex 72.8774 53.756 25.6
    endloop
  endfacet
  facet normal 0 0 1
    outer loop
      vertex 73.1828 51.5673 25.6
      vertex 72.7536 53.725 25.6
      vertex 72.8431 51.5169 25.6
    endloop
  endfacet
  facet normal -0 0 1
    outer loop
      vertex 72.6274 53.7063 25.6
      vertex 72.8431 51.5169 25.6
      vertex 72.7536 53.725 25.6
    endloop
  endfacet
  facet normal -0 0 1
    outer loop
      vertex 72.5 53.7 25.6
      vertex 72.8431 51.5169 25.6
      vertex 72.6274 53.7063 25.6
    endloop
  endfacet
  facet normal 0 0 1
    outer loop
      vertex 72.5 53.7 25.6
      vertex 72.5 51.5 25.6
      vertex 72.8431 51.5169 25.6
    endloop
  endfacet
  facet normal 0 0 1
    outer loop
      vertex 72.3726 53.7063 25.6
      vertex 72.5 51.5 25.6
      vertex 72.5 53.7 25.6
    endloop
  endfacet
  facet normal 0 0 1
    outer loop
      vertex 72.1569 51.5169 25.6
      vertex 72.3726 53.7063 25.6
      vertex 72.2464 53.725 25.6
    endloop
  endfacet
  facet normal 0 0 1
    outer loop
      vertex 72.3726 53.7063 25.6
      vertex 72.1569 51.5169 25.6
      vertex 72.5 51.5 25.6
    endloop
  endfacet
  facet normal 0 0 1
    outer loop
      vertex 71.8172 51.5673 25.6
      vertex 72.2464 53.725 25.6
      vertex 72.1226 53.756 25.6
    endloop
  endfacet
  facet normal 0 0 1
    outer loop
      vertex 71.484 51.6507 25.6
      vertex 72.1226 53.756 25.6
      vertex 72.0025 53.799 25.6
    endloop
  endfacet
  facet normal 0 0 1
    outer loop
      vertex 71.1606 51.7664 25.6
      vertex 72.0025 53.799 25.6
      vertex 71.8872 53.8535 25.6
    endloop
  endfacet
  facet normal 0 0 1
    outer loop
      vertex 72.2464 53.725 25.6
      vertex 71.8172 51.5673 25.6
      vertex 72.1569 51.5169 25.6
    endloop
  endfacet
  facet normal 0 0 1
    outer loop
      vertex 70.8501 51.9133 25.6
      vertex 71.8872 53.8535 25.6
      vertex 71.7778 53.9191 25.6
    endloop
  endfacet
  facet normal 0 0 1
    outer loop
      vertex 70.5555 52.0899 25.6
      vertex 71.7778 53.9191 25.6
      vertex 71.6753 53.9951 25.6
    endloop
  endfacet
  facet normal 0 0 1
    outer loop
      vertex 70.2796 52.2945 25.6
      vertex 71.6753 53.9951 25.6
      vertex 71.5808 54.0808 25.6
    endloop
  endfacet
  facet normal 0 0 1
    outer loop
      vertex 70.0251 52.5251 25.6
      vertex 71.5808 54.0808 25.6
      vertex 71.4951 54.1753 25.6
    endloop
  endfacet
  facet normal 0 0 1
    outer loop
      vertex 72.1226 53.756 25.6
      vertex 71.484 51.6507 25.6
      vertex 71.8172 51.5673 25.6
    endloop
  endfacet
  facet normal 0 0 1
    outer loop
      vertex 69.7945 52.7796 25.6
      vertex 71.4951 54.1753 25.6
      vertex 71.4191 54.2778 25.6
    endloop
  endfacet
  facet normal 0 0 1
    outer loop
      vertex 69.5899 53.0555 25.6
      vertex 71.4191 54.2778 25.6
      vertex 71.3535 54.3872 25.6
    endloop
  endfacet
  facet normal 0 0 1
    outer loop
      vertex 69.4133 53.3501 25.6
      vertex 71.3535 54.3872 25.6
      vertex 71.299 54.5025 25.6
    endloop
  endfacet
  facet normal 0 0 1
    outer loop
      vertex 69.2664 53.6606 25.6
      vertex 71.299 54.5025 25.6
      vertex 71.256 54.6226 25.6
    endloop
  endfacet
  facet normal 0 0 1
    outer loop
      vertex 69.1507 53.984 25.6
      vertex 71.256 54.6226 25.6
      vertex 71.225 54.7464 25.6
    endloop
  endfacet
  facet normal 0 0 1
    outer loop
      vertex 69.0673 54.3172 25.6
      vertex 71.225 54.7464 25.6
      vertex 71.2063 54.8726 25.6
    endloop
  endfacet
  facet normal 0 0 1
    outer loop
      vertex 72.0025 53.799 25.6
      vertex 71.1606 51.7664 25.6
      vertex 71.484 51.6507 25.6
    endloop
  endfacet
  facet normal 0 0 1
    outer loop
      vertex 69.0169 54.6569 25.6
      vertex 71.2063 54.8726 25.6
      vertex 71.2 55 25.6
    endloop
  endfacet
  facet normal 0 0 1
    outer loop
      vertex 71.4191 55.7222 25.6
      vertex 69.5899 56.9445 25.6
      vertex 71.3535 55.6128 25.6
    endloop
  endfacet
  facet normal -0 0 1
    outer loop
      vertex 69.4133 56.6499 25.6
      vertex 71.3535 55.6128 25.6
      vertex 69.5899 56.9445 25.6
    endloop
  endfacet
  facet normal 0 0 1
    outer loop
      vertex 71.8872 53.8535 25.6
      vertex 70.8501 51.9133 25.6
      vertex 71.1606 51.7664 25.6
    endloop
  endfacet
  facet normal 0 0 1
    outer loop
      vertex 71.3535 55.6128 25.6
      vertex 69.4133 56.6499 25.6
      vertex 71.299 55.4975 25.6
    endloop
  endfacet
  facet normal 0 0 1
    outer loop
      vertex 71.7778 53.9191 25.6
      vertex 70.5555 52.0899 25.6
      vertex 70.8501 51.9133 25.6
    endloop
  endfacet
  facet normal -0 0 1
    outer loop
      vertex 69.2664 56.3394 25.6
      vertex 71.299 55.4975 25.6
      vertex 69.4133 56.6499 25.6
    endloop
  endfacet
  facet normal 0 0 1
    outer loop
      vertex 71.6753 53.9951 25.6
      vertex 70.2796 52.2945 25.6
      vertex 70.5555 52.0899 25.6
    endloop
  endfacet
  facet normal 0 0 1
    outer loop
      vertex 71.299 55.4975 25.6
      vertex 69.2664 56.3394 25.6
      vertex 71.256 55.3774 25.6
    endloop
  endfacet
  facet normal 0 0 1
    outer loop
      vertex 71.5808 54.0808 25.6
      vertex 70.0251 52.5251 25.6
      vertex 70.2796 52.2945 25.6
    endloop
  endfacet
  facet normal -0 0 1
    outer loop
      vertex 69.1507 56.016 25.6
      vertex 71.256 55.3774 25.6
      vertex 69.2664 56.3394 25.6
    endloop
  endfacet
  facet normal 0 0 1
    outer loop
      vertex 71.4951 54.1753 25.6
      vertex 69.7945 52.7796 25.6
      vertex 70.0251 52.5251 25.6
    endloop
  endfacet
  facet normal 0 0 1
    outer loop
      vertex 71.256 55.3774 25.6
      vertex 69.1507 56.016 25.6
      vertex 71.225 55.2536 25.6
    endloop
  endfacet
  facet normal 0 0 1
    outer loop
      vertex 71.4191 54.2778 25.6
      vertex 69.5899 53.0555 25.6
      vertex 69.7945 52.7796 25.6
    endloop
  endfacet
  facet normal -0 0 1
    outer loop
      vertex 69.0673 55.6828 25.6
      vertex 71.225 55.2536 25.6
      vertex 69.1507 56.016 25.6
    endloop
  endfacet
  facet normal 0 0 1
    outer loop
      vertex 71.3535 54.3872 25.6
      vertex 69.4133 53.3501 25.6
      vertex 69.5899 53.0555 25.6
    endloop
  endfacet
  facet normal 0 0 1
    outer loop
      vertex 71.225 55.2536 25.6
      vertex 69.0673 55.6828 25.6
      vertex 71.2063 55.1274 25.6
    endloop
  endfacet
  facet normal 0 0 1
    outer loop
      vertex 71.299 54.5025 25.6
      vertex 69.2664 53.6606 25.6
      vertex 69.4133 53.3501 25.6
    endloop
  endfacet
  facet normal -0 0 1
    outer loop
      vertex 69.0169 55.3431 25.6
      vertex 71.2063 55.1274 25.6
      vertex 69.0673 55.6828 25.6
    endloop
  endfacet
  facet normal 0 0 1
    outer loop
      vertex 71.256 54.6226 25.6
      vertex 69.1507 53.984 25.6
      vertex 69.2664 53.6606 25.6
    endloop
  endfacet
  facet normal 0 0 1
    outer loop
      vertex 71.2063 55.1274 25.6
      vertex 69.0169 55.3431 25.6
      vertex 71.2 55 25.6
    endloop
  endfacet
  facet normal 0 0 1
    outer loop
      vertex 71.225 54.7464 25.6
      vertex 69.0673 54.3172 25.6
      vertex 69.1507 53.984 25.6
    endloop
  endfacet
  facet normal 0 0 1
    outer loop
      vertex 69 55 25.6
      vertex 71.2 55 25.6
      vertex 69.0169 55.3431 25.6
    endloop
  endfacet
  facet normal 0 0 1
    outer loop
      vertex 71.2063 54.8726 25.6
      vertex 69.0169 54.6569 25.6
      vertex 69.0673 54.3172 25.6
    endloop
  endfacet
  facet normal 0 0 1
    outer loop
      vertex 71.2 55 25.6
      vertex 69 55 25.6
      vertex 69.0169 54.6569 25.6
    endloop
  endfacet
  facet normal 0.595659 0.803237 -0
    outer loop
      vertex 74.7204 57.7055 2
      vertex 74.4445 57.9101 25.6
      vertex 74.7204 57.7055 25.6
    endloop
  endfacet
  facet normal 0.595659 0.803237 0
    outer loop
      vertex 74.4445 57.9101 25.6
      vertex 74.7204 57.7055 2
      vertex 74.4445 57.9101 2
    endloop
  endfacet
  facet normal -0.514153 -0.857698 0
    outer loop
      vertex 70.5555 52.0899 2
      vertex 70.8501 51.9133 25.6
      vertex 70.5555 52.0899 25.6
    endloop
  endfacet
  facet normal -0.514153 -0.857698 -0
    outer loop
      vertex 70.8501 51.9133 25.6
      vertex 70.5555 52.0899 2
      vertex 70.8501 51.9133 2
    endloop
  endfacet
  facet normal 0.514153 0.857698 -0
    outer loop
      vertex 74.4445 57.9101 2
      vertex 74.1499 58.0867 25.6
      vertex 74.4445 57.9101 25.6
    endloop
  endfacet
  facet normal 0.514153 0.857698 0
    outer loop
      vertex 74.1499 58.0867 25.6
      vertex 74.4445 57.9101 2
      vertex 74.1499 58.0867 2
    endloop
  endfacet
  facet normal 0.14676 -0.989172 0
    outer loop
      vertex 72.8431 51.5169 2
      vertex 73.1828 51.5673 25.6
      vertex 72.8431 51.5169 25.6
    endloop
  endfacet
  facet normal 0.14676 -0.989172 0
    outer loop
      vertex 73.1828 51.5673 25.6
      vertex 72.8431 51.5169 2
      vertex 73.1828 51.5673 2
    endloop
  endfacet
  facet normal 0.941557 0.336853 0
    outer loop
      vertex 75.8493 56.016 25.6
      vertex 75.7336 56.3394 2
      vertex 75.7336 56.3394 25.6
    endloop
  endfacet
  facet normal 0.941557 0.336853 0
    outer loop
      vertex 75.7336 56.3394 2
      vertex 75.8493 56.016 25.6
      vertex 75.8493 56.016 2
    endloop
  endfacet
  facet normal 0.857698 -0.514153 0
    outer loop
      vertex 75.4101 53.0555 25.6
      vertex 75.5867 53.3501 2
      vertex 75.5867 53.3501 25.6
    endloop
  endfacet
  facet normal 0.857698 -0.514153 0
    outer loop
      vertex 75.5867 53.3501 2
      vertex 75.4101 53.0555 25.6
      vertex 75.4101 53.0555 2
    endloop
  endfacet
  facet normal -0.998789 -0.0491971 0
    outer loop
      vertex 69.0169 54.6569 2
      vertex 69 55 25.6
      vertex 69 55 2
    endloop
  endfacet
  facet normal -0.998789 -0.0491971 0
    outer loop
      vertex 69 55 25.6
      vertex 69.0169 54.6569 2
      vertex 69.0169 54.6569 25.6
    endloop
  endfacet
  facet normal 0.941557 -0.336853 0
    outer loop
      vertex 75.7336 53.6606 25.6
      vertex 75.8493 53.984 2
      vertex 75.8493 53.984 25.6
    endloop
  endfacet
  facet normal 0.941557 -0.336853 0
    outer loop
      vertex 75.8493 53.984 2
      vertex 75.7336 53.6606 25.6
      vertex 75.7336 53.6606 2
    endloop
  endfacet
  facet normal -0.14676 0.989172 0
    outer loop
      vertex 72.1569 58.4831 2
      vertex 71.8172 58.4327 25.6
      vertex 72.1569 58.4831 25.6
    endloop
  endfacet
  facet normal -0.14676 0.989172 0
    outer loop
      vertex 71.8172 58.4327 25.6
      vertex 72.1569 58.4831 2
      vertex 71.8172 58.4327 2
    endloop
  endfacet
  facet normal 0.741046 0.671454 0
    outer loop
      vertex 75.2055 57.2204 25.6
      vertex 74.9749 57.4749 2
      vertex 74.9749 57.4749 25.6
    endloop
  endfacet
  facet normal 0.741046 0.671454 0
    outer loop
      vertex 74.9749 57.4749 2
      vertex 75.2055 57.2204 25.6
      vertex 75.2055 57.2204 2
    endloop
  endfacet
  facet normal 0.0491971 0.998789 -0
    outer loop
      vertex 72.8431 58.4831 2
      vertex 72.5 58.5 25.6
      vertex 72.8431 58.4831 25.6
    endloop
  endfacet
  facet normal 0.0491971 0.998789 0
    outer loop
      vertex 72.5 58.5 25.6
      vertex 72.8431 58.4831 2
      vertex 72.5 58.5 2
    endloop
  endfacet
  facet normal 0.903939 0.427661 0
    outer loop
      vertex 75.7336 56.3394 25.6
      vertex 75.5867 56.6499 2
      vertex 75.5867 56.6499 25.6
    endloop
  endfacet
  facet normal 0.903939 0.427661 0
    outer loop
      vertex 75.5867 56.6499 2
      vertex 75.7336 56.3394 25.6
      vertex 75.7336 56.3394 2
    endloop
  endfacet
  facet normal -0.14676 -0.989172 0
    outer loop
      vertex 71.8172 51.5673 2
      vertex 72.1569 51.5169 25.6
      vertex 71.8172 51.5673 25.6
    endloop
  endfacet
  facet normal -0.14676 -0.989172 -0
    outer loop
      vertex 72.1569 51.5169 25.6
      vertex 71.8172 51.5673 2
      vertex 72.1569 51.5169 2
    endloop
  endfacet
  facet normal 0.671454 -0.741046 0
    outer loop
      vertex 74.7204 52.2945 2
      vertex 74.9749 52.5251 25.6
      vertex 74.7204 52.2945 25.6
    endloop
  endfacet
  facet normal 0.671454 -0.741046 0
    outer loop
      vertex 74.9749 52.5251 25.6
      vertex 74.7204 52.2945 2
      vertex 74.9749 52.5251 2
    endloop
  endfacet
  facet normal 0.857698 0.514153 0
    outer loop
      vertex 75.5867 56.6499 25.6
      vertex 75.4101 56.9445 2
      vertex 75.4101 56.9445 25.6
    endloop
  endfacet
  facet normal 0.857698 0.514153 0
    outer loop
      vertex 75.4101 56.9445 2
      vertex 75.5867 56.6499 25.6
      vertex 75.5867 56.6499 2
    endloop
  endfacet
  facet normal -0.0491971 -0.998789 0
    outer loop
      vertex 72.1569 51.5169 2
      vertex 72.5 51.5 25.6
      vertex 72.1569 51.5169 25.6
    endloop
  endfacet
  facet normal -0.0491971 -0.998789 -0
    outer loop
      vertex 72.5 51.5 25.6
      vertex 72.1569 51.5169 2
      vertex 72.5 51.5 2
    endloop
  endfacet
  facet normal -0.741046 0.671454 0
    outer loop
      vertex 69.7945 57.2204 2
      vertex 70.0251 57.4749 25.6
      vertex 70.0251 57.4749 2
    endloop
  endfacet
  facet normal -0.741046 0.671454 0
    outer loop
      vertex 70.0251 57.4749 25.6
      vertex 69.7945 57.2204 2
      vertex 69.7945 57.2204 25.6
    endloop
  endfacet
  facet normal -0.903939 0.427661 0
    outer loop
      vertex 69.2664 56.3394 2
      vertex 69.4133 56.6499 25.6
      vertex 69.4133 56.6499 2
    endloop
  endfacet
  facet normal -0.903939 0.427661 0
    outer loop
      vertex 69.4133 56.6499 25.6
      vertex 69.2664 56.3394 2
      vertex 69.2664 56.3394 25.6
    endloop
  endfacet
  facet normal -0.671454 -0.741046 0
    outer loop
      vertex 70.0251 52.5251 2
      vertex 70.2796 52.2945 25.6
      vertex 70.0251 52.5251 25.6
    endloop
  endfacet
  facet normal -0.671454 -0.741046 -0
    outer loop
      vertex 70.2796 52.2945 25.6
      vertex 70.0251 52.5251 2
      vertex 70.2796 52.2945 2
    endloop
  endfacet
  facet normal -0.970074 0.24281 0
    outer loop
      vertex 69.0673 55.6828 2
      vertex 69.1507 56.016 25.6
      vertex 69.1507 56.016 2
    endloop
  endfacet
  facet normal -0.970074 0.24281 0
    outer loop
      vertex 69.1507 56.016 25.6
      vertex 69.0673 55.6828 2
      vertex 69.0673 55.6828 25.6
    endloop
  endfacet
  facet normal 0.24281 0.970074 -0
    outer loop
      vertex 73.516 58.3493 2
      vertex 73.1828 58.4327 25.6
      vertex 73.516 58.3493 25.6
    endloop
  endfacet
  facet normal 0.24281 0.970074 0
    outer loop
      vertex 73.1828 58.4327 25.6
      vertex 73.516 58.3493 2
      vertex 73.1828 58.4327 2
    endloop
  endfacet
  facet normal -0.970074 -0.24281 0
    outer loop
      vertex 69.1507 53.984 2
      vertex 69.0673 54.3172 25.6
      vertex 69.0673 54.3172 2
    endloop
  endfacet
  facet normal -0.970074 -0.24281 0
    outer loop
      vertex 69.0673 54.3172 25.6
      vertex 69.1507 53.984 2
      vertex 69.1507 53.984 25.6
    endloop
  endfacet
  facet normal -0.427661 -0.903939 0
    outer loop
      vertex 70.8501 51.9133 2
      vertex 71.1606 51.7664 25.6
      vertex 70.8501 51.9133 25.6
    endloop
  endfacet
  facet normal -0.427661 -0.903939 -0
    outer loop
      vertex 71.1606 51.7664 25.6
      vertex 70.8501 51.9133 2
      vertex 71.1606 51.7664 2
    endloop
  endfacet
  facet normal -0.741046 -0.671454 0
    outer loop
      vertex 70.0251 52.5251 2
      vertex 69.7945 52.7796 25.6
      vertex 69.7945 52.7796 2
    endloop
  endfacet
  facet normal -0.741046 -0.671454 0
    outer loop
      vertex 69.7945 52.7796 25.6
      vertex 70.0251 52.5251 2
      vertex 70.0251 52.5251 25.6
    endloop
  endfacet
  facet normal 0.427661 -0.903939 0
    outer loop
      vertex 73.8394 51.7664 2
      vertex 74.1499 51.9133 25.6
      vertex 73.8394 51.7664 25.6
    endloop
  endfacet
  facet normal 0.427661 -0.903939 0
    outer loop
      vertex 74.1499 51.9133 25.6
      vertex 73.8394 51.7664 2
      vertex 74.1499 51.9133 2
    endloop
  endfacet
  facet normal 0.0491971 -0.998789 0
    outer loop
      vertex 72.5 51.5 2
      vertex 72.8431 51.5169 25.6
      vertex 72.5 51.5 25.6
    endloop
  endfacet
  facet normal 0.0491971 -0.998789 0
    outer loop
      vertex 72.8431 51.5169 25.6
      vertex 72.5 51.5 2
      vertex 72.8431 51.5169 2
    endloop
  endfacet
  facet normal -0.989172 -0.14676 0
    outer loop
      vertex 69.0673 54.3172 2
      vertex 69.0169 54.6569 25.6
      vertex 69.0169 54.6569 2
    endloop
  endfacet
  facet normal -0.989172 -0.14676 0
    outer loop
      vertex 69.0169 54.6569 25.6
      vertex 69.0673 54.3172 2
      vertex 69.0673 54.3172 25.6
    endloop
  endfacet
  facet normal 0.595659 -0.803237 0
    outer loop
      vertex 74.4445 52.0899 2
      vertex 74.7204 52.2945 25.6
      vertex 74.4445 52.0899 25.6
    endloop
  endfacet
  facet normal 0.595659 -0.803237 0
    outer loop
      vertex 74.7204 52.2945 25.6
      vertex 74.4445 52.0899 2
      vertex 74.7204 52.2945 2
    endloop
  endfacet
  facet normal -0.803237 -0.595659 0
    outer loop
      vertex 69.7945 52.7796 2
      vertex 69.5899 53.0555 25.6
      vertex 69.5899 53.0555 2
    endloop
  endfacet
  facet normal -0.803237 -0.595659 0
    outer loop
      vertex 69.5899 53.0555 25.6
      vertex 69.7945 52.7796 2
      vertex 69.7945 52.7796 25.6
    endloop
  endfacet
  facet normal -0.998789 0.0491971 0
    outer loop
      vertex 69 55 2
      vertex 69.0169 55.3431 25.6
      vertex 69.0169 55.3431 2
    endloop
  endfacet
  facet normal -0.998789 0.0491971 0
    outer loop
      vertex 69.0169 55.3431 25.6
      vertex 69 55 2
      vertex 69 55 25.6
    endloop
  endfacet
  facet normal 0.741046 -0.671454 0
    outer loop
      vertex 74.9749 52.5251 25.6
      vertex 75.2055 52.7796 2
      vertex 75.2055 52.7796 25.6
    endloop
  endfacet
  facet normal 0.741046 -0.671454 0
    outer loop
      vertex 75.2055 52.7796 2
      vertex 74.9749 52.5251 25.6
      vertex 74.9749 52.5251 2
    endloop
  endfacet
  facet normal -0.336879 -0.941548 0
    outer loop
      vertex 87.2306 2.76642 2
      vertex 87.554 2.65071 25.6
      vertex 87.2306 2.76642 25.6
    endloop
  endfacet
  facet normal -0.336879 -0.941548 -0
    outer loop
      vertex 87.554 2.65071 25.6
      vertex 87.2306 2.76642 2
      vertex 87.554 2.65071 2
    endloop
  endfacet
  facet normal 0.989176 0.146734 0
    outer loop
      vertex 92.0531 6.34306 25.6
      vertex 92.0027 6.68282 2
      vertex 92.0027 6.68282 25.6
    endloop
  endfacet
  facet normal 0.989176 0.146734 0
    outer loop
      vertex 92.0027 6.68282 2
      vertex 92.0531 6.34306 25.6
      vertex 92.0531 6.34306 2
    endloop
  endfacet
  facet normal 0.998789 0.0492029 0
    outer loop
      vertex 92.07 6 25.6
      vertex 92.0531 6.34306 2
      vertex 92.0531 6.34306 25.6
    endloop
  endfacet
  facet normal 0.998789 0.0492029 0
    outer loop
      vertex 92.0531 6.34306 2
      vertex 92.07 6 25.6
      vertex 92.07 6 2
    endloop
  endfacet
  facet normal 0.970071 0.242823 0
    outer loop
      vertex 92.0027 6.68282 25.6
      vertex 91.9193 7.016 2
      vertex 91.9193 7.016 25.6
    endloop
  endfacet
  facet normal 0.970071 0.242823 0
    outer loop
      vertex 91.9193 7.016 2
      vertex 92.0027 6.68282 25.6
      vertex 92.0027 6.68282 2
    endloop
  endfacet
  facet normal -0.989176 0.146734 0
    outer loop
      vertex 85.0869 6.34306 2
      vertex 85.1373 6.68282 25.6
      vertex 85.1373 6.68282 2
    endloop
  endfacet
  facet normal -0.989176 0.146734 0
    outer loop
      vertex 85.1373 6.68282 25.6
      vertex 85.0869 6.34306 2
      vertex 85.0869 6.34306 25.6
    endloop
  endfacet
  facet normal -0.242974 -0.970033 0
    outer loop
      vertex 87.554 2.65071 2
      vertex 87.8872 2.56725 25.6
      vertex 87.554 2.65071 25.6
    endloop
  endfacet
  facet normal -0.242974 -0.970033 -0
    outer loop
      vertex 87.8872 2.56725 25.6
      vertex 87.554 2.65071 2
      vertex 87.8872 2.56725 2
    endloop
  endfacet
  facet normal 0.336879 0.941548 -0
    outer loop
      vertex 89.9094 9.23358 2
      vertex 89.586 9.34929 25.6
      vertex 89.9094 9.23358 25.6
    endloop
  endfacet
  facet normal 0.336879 0.941548 0
    outer loop
      vertex 89.586 9.34929 25.6
      vertex 89.9094 9.23358 2
      vertex 89.586 9.34929 2
    endloop
  endfacet
  facet normal -0.51411 0.857724 0
    outer loop
      vertex 86.9201 9.08672 2
      vertex 86.6255 8.91014 25.6
      vertex 86.9201 9.08672 25.6
    endloop
  endfacet
  facet normal -0.51411 0.857724 0
    outer loop
      vertex 86.6255 8.91014 25.6
      vertex 86.9201 9.08672 2
      vertex 86.6255 8.91014 2
    endloop
  endfacet
  facet normal -0.903939 -0.427661 0
    outer loop
      vertex 85.4833 4.35011 2
      vertex 85.3364 4.66061 25.6
      vertex 85.3364 4.66061 2
    endloop
  endfacet
  facet normal -0.903939 -0.427661 0
    outer loop
      vertex 85.3364 4.66061 25.6
      vertex 85.4833 4.35011 2
      vertex 85.4833 4.35011 25.6
    endloop
  endfacet
  facet normal -0.242974 0.970033 0
    outer loop
      vertex 87.8872 9.43275 2
      vertex 87.554 9.34929 25.6
      vertex 87.8872 9.43275 25.6
    endloop
  endfacet
  facet normal -0.242974 0.970033 0
    outer loop
      vertex 87.554 9.34929 25.6
      vertex 87.8872 9.43275 2
      vertex 87.554 9.34929 2
    endloop
  endfacet
  facet normal -0.857706 -0.51414 0
    outer loop
      vertex 85.6599 4.0555 2
      vertex 85.4833 4.35011 25.6
      vertex 85.4833 4.35011 2
    endloop
  endfacet
  facet normal -0.857706 -0.51414 0
    outer loop
      vertex 85.4833 4.35011 25.6
      vertex 85.6599 4.0555 2
      vertex 85.6599 4.0555 25.6
    endloop
  endfacet
  facet normal 0.242974 -0.970033 0
    outer loop
      vertex 89.2528 2.56725 2
      vertex 89.586 2.65071 25.6
      vertex 89.2528 2.56725 25.6
    endloop
  endfacet
  facet normal 0.242974 -0.970033 0
    outer loop
      vertex 89.586 2.65071 25.6
      vertex 89.2528 2.56725 2
      vertex 89.586 2.65071 2
    endloop
  endfacet
  facet normal -0.595659 -0.803237 0
    outer loop
      vertex 86.3496 3.29446 2
      vertex 86.6255 3.08986 25.6
      vertex 86.3496 3.29446 25.6
    endloop
  endfacet
  facet normal -0.595659 -0.803237 -0
    outer loop
      vertex 86.6255 3.08986 25.6
      vertex 86.3496 3.29446 2
      vertex 86.6255 3.08986 2
    endloop
  endfacet
  facet normal 0.514132 -0.857711 0
    outer loop
      vertex 90.2199 2.91327 2
      vertex 90.5145 3.08986 25.6
      vertex 90.2199 2.91327 25.6
    endloop
  endfacet
  facet normal 0.514132 -0.857711 0
    outer loop
      vertex 90.5145 3.08986 25.6
      vertex 90.2199 2.91327 2
      vertex 90.5145 3.08986 2
    endloop
  endfacet
  facet normal 0.803217 -0.595687 0
    outer loop
      vertex 91.2755 3.77962 25.6
      vertex 91.4801 4.0555 2
      vertex 91.4801 4.0555 25.6
    endloop
  endfacet
  facet normal 0.803217 -0.595687 0
    outer loop
      vertex 91.4801 4.0555 2
      vertex 91.2755 3.77962 25.6
      vertex 91.2755 3.77962 2
    endloop
  endfacet
  facet normal 0.14676 0.989172 -0
    outer loop
      vertex 89.2528 9.43275 2
      vertex 88.9131 9.48315 25.6
      vertex 89.2528 9.43275 25.6
    endloop
  endfacet
  facet normal 0.14676 0.989172 0
    outer loop
      vertex 88.9131 9.48315 25.6
      vertex 89.2528 9.43275 2
      vertex 88.9131 9.48315 2
    endloop
  endfacet
  facet normal -0.595659 0.803237 0
    outer loop
      vertex 86.6255 8.91014 2
      vertex 86.3496 8.70554 25.6
      vertex 86.6255 8.91014 25.6
    endloop
  endfacet
  facet normal -0.595659 0.803237 0
    outer loop
      vertex 86.3496 8.70554 25.6
      vertex 86.6255 8.91014 2
      vertex 86.3496 8.70554 2
    endloop
  endfacet
  facet normal 0.427542 -0.903996 0
    outer loop
      vertex 89.9094 2.76642 2
      vertex 90.2199 2.91327 25.6
      vertex 89.9094 2.76642 25.6
    endloop
  endfacet
  facet normal 0.427542 -0.903996 0
    outer loop
      vertex 90.2199 2.91327 25.6
      vertex 89.9094 2.76642 2
      vertex 90.2199 2.91327 2
    endloop
  endfacet
  facet normal -0.803217 0.595687 0
    outer loop
      vertex 85.6599 7.9445 2
      vertex 85.8645 8.22038 25.6
      vertex 85.8645 8.22038 2
    endloop
  endfacet
  facet normal -0.803217 0.595687 0
    outer loop
      vertex 85.8645 8.22038 25.6
      vertex 85.6599 7.9445 2
      vertex 85.6599 7.9445 25.6
    endloop
  endfacet
  facet normal 0.989176 -0.146734 0
    outer loop
      vertex 92.0027 5.31718 25.6
      vertex 92.0531 5.65694 2
      vertex 92.0531 5.65694 25.6
    endloop
  endfacet
  facet normal 0.989176 -0.146734 0
    outer loop
      vertex 92.0531 5.65694 2
      vertex 92.0027 5.31718 25.6
      vertex 92.0027 5.31718 2
    endloop
  endfacet
  facet normal -0.941554 0.336862 0
    outer loop
      vertex 85.2207 7.016 2
      vertex 85.3364 7.33939 25.6
      vertex 85.3364 7.33939 2
    endloop
  endfacet
  facet normal -0.941554 0.336862 0
    outer loop
      vertex 85.3364 7.33939 25.6
      vertex 85.2207 7.016 2
      vertex 85.2207 7.016 25.6
    endloop
  endfacet
  facet normal 0.427566 0.903984 -0
    outer loop
      vertex 90.2199 9.08672 2
      vertex 89.9094 9.23358 25.6
      vertex 90.2199 9.08672 25.6
    endloop
  endfacet
  facet normal 0.427566 0.903984 0
    outer loop
      vertex 89.9094 9.23358 25.6
      vertex 90.2199 9.08672 2
      vertex 89.9094 9.23358 2
    endloop
  endfacet
  facet normal -0.941554 -0.336862 0
    outer loop
      vertex 85.3364 4.66061 2
      vertex 85.2207 4.984 25.6
      vertex 85.2207 4.984 2
    endloop
  endfacet
  facet normal -0.941554 -0.336862 0
    outer loop
      vertex 85.2207 4.984 25.6
      vertex 85.3364 4.66061 2
      vertex 85.3364 4.66061 25.6
    endloop
  endfacet
  facet normal 0.970071 -0.242823 0
    outer loop
      vertex 91.9193 4.984 25.6
      vertex 92.0027 5.31718 2
      vertex 92.0027 5.31718 25.6
    endloop
  endfacet
  facet normal 0.970071 -0.242823 0
    outer loop
      vertex 92.0027 5.31718 2
      vertex 91.9193 4.984 25.6
      vertex 91.9193 4.984 2
    endloop
  endfacet
  facet normal -0.0490519 0.998796 0
    outer loop
      vertex 88.57 9.5 2
      vertex 88.2269 9.48315 25.6
      vertex 88.57 9.5 25.6
    endloop
  endfacet
  facet normal -0.0490519 0.998796 0
    outer loop
      vertex 88.2269 9.48315 25.6
      vertex 88.57 9.5 2
      vertex 88.2269 9.48315 2
    endloop
  endfacet
  facet normal 0.671566 0.740944 -0
    outer loop
      vertex 91.0449 8.47487 2
      vertex 90.7904 8.70554 25.6
      vertex 91.0449 8.47487 25.6
    endloop
  endfacet
  facet normal 0.671566 0.740944 0
    outer loop
      vertex 90.7904 8.70554 25.6
      vertex 91.0449 8.47487 2
      vertex 90.7904 8.70554 2
    endloop
  endfacet
  facet normal -0.427566 0.903984 0
    outer loop
      vertex 87.2306 9.23358 2
      vertex 86.9201 9.08672 25.6
      vertex 87.2306 9.23358 25.6
    endloop
  endfacet
  facet normal -0.427566 0.903984 0
    outer loop
      vertex 86.9201 9.08672 25.6
      vertex 87.2306 9.23358 2
      vertex 86.9201 9.08672 2
    endloop
  endfacet
  facet normal -0.671566 0.740944 0
    outer loop
      vertex 86.3496 8.70554 2
      vertex 86.0951 8.47487 25.6
      vertex 86.3496 8.70554 25.6
    endloop
  endfacet
  facet normal -0.671566 0.740944 0
    outer loop
      vertex 86.0951 8.47487 25.6
      vertex 86.3496 8.70554 2
      vertex 86.0951 8.47487 2
    endloop
  endfacet
  facet normal 0.336879 -0.941548 0
    outer loop
      vertex 89.586 2.65071 2
      vertex 89.9094 2.76642 25.6
      vertex 89.586 2.65071 25.6
    endloop
  endfacet
  facet normal 0.336879 -0.941548 0
    outer loop
      vertex 89.9094 2.76642 25.6
      vertex 89.586 2.65071 2
      vertex 89.9094 2.76642 2
    endloop
  endfacet
  facet normal -0.336879 0.941548 0
    outer loop
      vertex 87.554 9.34929 2
      vertex 87.2306 9.23358 25.6
      vertex 87.554 9.34929 25.6
    endloop
  endfacet
  facet normal -0.336879 0.941548 0
    outer loop
      vertex 87.2306 9.23358 25.6
      vertex 87.554 9.34929 2
      vertex 87.2306 9.23358 2
    endloop
  endfacet
  facet normal 0.803217 0.595687 0
    outer loop
      vertex 91.4801 7.9445 25.6
      vertex 91.2755 8.22038 2
      vertex 91.2755 8.22038 25.6
    endloop
  endfacet
  facet normal 0.803217 0.595687 0
    outer loop
      vertex 91.2755 8.22038 2
      vertex 91.4801 7.9445 25.6
      vertex 91.4801 7.9445 2
    endloop
  endfacet
  facet normal -0.857706 0.51414 0
    outer loop
      vertex 85.4833 7.64989 2
      vertex 85.6599 7.9445 25.6
      vertex 85.6599 7.9445 2
    endloop
  endfacet
  facet normal -0.857706 0.51414 0
    outer loop
      vertex 85.6599 7.9445 25.6
      vertex 85.4833 7.64989 2
      vertex 85.4833 7.64989 25.6
    endloop
  endfacet
  facet normal 0.998789 -0.0492029 0
    outer loop
      vertex 92.0531 5.65694 25.6
      vertex 92.07 6 2
      vertex 92.07 6 25.6
    endloop
  endfacet
  facet normal 0.998789 -0.0492029 0
    outer loop
      vertex 92.07 6 2
      vertex 92.0531 5.65694 25.6
      vertex 92.0531 5.65694 2
    endloop
  endfacet
  facet normal 0.903939 -0.427661 0
    outer loop
      vertex 91.6567 4.35011 25.6
      vertex 91.8036 4.66061 2
      vertex 91.8036 4.66061 25.6
    endloop
  endfacet
  facet normal 0.903939 -0.427661 0
    outer loop
      vertex 91.8036 4.66061 2
      vertex 91.6567 4.35011 25.6
      vertex 91.6567 4.35011 2
    endloop
  endfacet
  facet normal 0 0 1
    outer loop
      vertex 89.87 6 25.6
      vertex 92.07 6 25.6
      vertex 92.0531 6.34306 25.6
    endloop
  endfacet
  facet normal 0 0 1
    outer loop
      vertex 89.8637 6.12742 25.6
      vertex 92.0531 6.34306 25.6
      vertex 92.0027 6.68282 25.6
    endloop
  endfacet
  facet normal 0 0 1
    outer loop
      vertex 92.07 6 25.6
      vertex 89.87 6 25.6
      vertex 92.0531 5.65694 25.6
    endloop
  endfacet
  facet normal 0 0 1
    outer loop
      vertex 89.845 6.25362 25.6
      vertex 92.0027 6.68282 25.6
      vertex 91.9193 7.016 25.6
    endloop
  endfacet
  facet normal -0 0 1
    outer loop
      vertex 89.8637 5.87258 25.6
      vertex 92.0531 5.65694 25.6
      vertex 89.87 6 25.6
    endloop
  endfacet
  facet normal 0 0 1
    outer loop
      vertex 89.814 6.37737 25.6
      vertex 91.9193 7.016 25.6
      vertex 91.8036 7.33939 25.6
    endloop
  endfacet
  facet normal 0 0 1
    outer loop
      vertex 92.0531 5.65694 25.6
      vertex 89.8637 5.87258 25.6
      vertex 92.0027 5.31718 25.6
    endloop
  endfacet
  facet normal 0 0 1
    outer loop
      vertex 89.771 6.49749 25.6
      vertex 91.8036 7.33939 25.6
      vertex 91.6567 7.64989 25.6
    endloop
  endfacet
  facet normal -0 0 1
    outer loop
      vertex 89.845 5.74638 25.6
      vertex 92.0027 5.31718 25.6
      vertex 89.8637 5.87258 25.6
    endloop
  endfacet
  facet normal 0 0 1
    outer loop
      vertex 89.7165 6.61281 25.6
      vertex 91.6567 7.64989 25.6
      vertex 91.4801 7.9445 25.6
    endloop
  endfacet
  facet normal 0 0 1
    outer loop
      vertex 92.0027 5.31718 25.6
      vertex 89.845 5.74638 25.6
      vertex 91.9193 4.984 25.6
    endloop
  endfacet
  facet normal 0 0 1
    outer loop
      vertex 89.6509 6.72224 25.6
      vertex 91.4801 7.9445 25.6
      vertex 91.2755 8.22038 25.6
    endloop
  endfacet
  facet normal -0 0 1
    outer loop
      vertex 89.814 5.62263 25.6
      vertex 91.9193 4.984 25.6
      vertex 89.845 5.74638 25.6
    endloop
  endfacet
  facet normal 0 0 1
    outer loop
      vertex 89.5749 6.82471 25.6
      vertex 91.2755 8.22038 25.6
      vertex 91.0449 8.47487 25.6
    endloop
  endfacet
  facet normal 0 0 1
    outer loop
      vertex 91.9193 4.984 25.6
      vertex 89.814 5.62263 25.6
      vertex 91.8036 4.66061 25.6
    endloop
  endfacet
  facet normal 0 0 1
    outer loop
      vertex 89.4892 6.91924 25.6
      vertex 91.0449 8.47487 25.6
      vertex 90.7904 8.70554 25.6
    endloop
  endfacet
  facet normal -0 0 1
    outer loop
      vertex 89.771 5.50251 25.6
      vertex 91.8036 4.66061 25.6
      vertex 89.814 5.62263 25.6
    endloop
  endfacet
  facet normal 0 0 1
    outer loop
      vertex 89.3947 7.00491 25.6
      vertex 90.7904 8.70554 25.6
      vertex 90.5145 8.91014 25.6
    endloop
  endfacet
  facet normal 0 0 1
    outer loop
      vertex 91.8036 4.66061 25.6
      vertex 89.771 5.50251 25.6
      vertex 91.6567 4.35011 25.6
    endloop
  endfacet
  facet normal 0 0 1
    outer loop
      vertex 89.2922 7.08091 25.6
      vertex 90.5145 8.91014 25.6
      vertex 90.2199 9.08672 25.6
    endloop
  endfacet
  facet normal -0 0 1
    outer loop
      vertex 89.7165 5.38718 25.6
      vertex 91.6567 4.35011 25.6
      vertex 89.771 5.50251 25.6
    endloop
  endfacet
  facet normal 0 0 1
    outer loop
      vertex 89.1828 7.1465 25.6
      vertex 90.2199 9.08672 25.6
      vertex 89.9094 9.23358 25.6
    endloop
  endfacet
  facet normal 0 0 1
    outer loop
      vertex 91.6567 4.35011 25.6
      vertex 89.7165 5.38718 25.6
      vertex 91.4801 4.0555 25.6
    endloop
  endfacet
  facet normal -0 0 1
    outer loop
      vertex 89.6509 5.27776 25.6
      vertex 91.4801 4.0555 25.6
      vertex 89.7165 5.38718 25.6
    endloop
  endfacet
  facet normal 0 0 1
    outer loop
      vertex 92.0531 6.34306 25.6
      vertex 89.8637 6.12742 25.6
      vertex 89.87 6 25.6
    endloop
  endfacet
  facet normal 0 0 1
    outer loop
      vertex 92.0027 6.68282 25.6
      vertex 89.845 6.25362 25.6
      vertex 89.8637 6.12742 25.6
    endloop
  endfacet
  facet normal 0 0 1
    outer loop
      vertex 91.9193 7.016 25.6
      vertex 89.814 6.37737 25.6
      vertex 89.845 6.25362 25.6
    endloop
  endfacet
  facet normal 0 0 1
    outer loop
      vertex 91.8036 7.33939 25.6
      vertex 89.771 6.49749 25.6
      vertex 89.814 6.37737 25.6
    endloop
  endfacet
  facet normal 0 0 1
    outer loop
      vertex 91.6567 7.64989 25.6
      vertex 89.7165 6.61281 25.6
      vertex 89.771 6.49749 25.6
    endloop
  endfacet
  facet normal 0 0 1
    outer loop
      vertex 91.4801 7.9445 25.6
      vertex 89.6509 6.72224 25.6
      vertex 89.7165 6.61281 25.6
    endloop
  endfacet
  facet normal 0 0 1
    outer loop
      vertex 89.0675 7.20104 25.6
      vertex 89.9094 9.23358 25.6
      vertex 89.586 9.34929 25.6
    endloop
  endfacet
  facet normal 0 0 1
    outer loop
      vertex 91.2755 8.22038 25.6
      vertex 89.5749 6.82471 25.6
      vertex 89.6509 6.72224 25.6
    endloop
  endfacet
  facet normal 0 0 1
    outer loop
      vertex 91.0449 8.47487 25.6
      vertex 89.4892 6.91924 25.6
      vertex 89.5749 6.82471 25.6
    endloop
  endfacet
  facet normal 0 0 1
    outer loop
      vertex 90.7904 8.70554 25.6
      vertex 89.3947 7.00491 25.6
      vertex 89.4892 6.91924 25.6
    endloop
  endfacet
  facet normal 0 0 1
    outer loop
      vertex 90.5145 8.91014 25.6
      vertex 89.2922 7.08091 25.6
      vertex 89.3947 7.00491 25.6
    endloop
  endfacet
  facet normal 0 0 1
    outer loop
      vertex 88.9474 7.24402 25.6
      vertex 89.586 9.34929 25.6
      vertex 89.2528 9.43275 25.6
    endloop
  endfacet
  facet normal 0 0 1
    outer loop
      vertex 90.2199 9.08672 25.6
      vertex 89.1828 7.1465 25.6
      vertex 89.2922 7.08091 25.6
    endloop
  endfacet
  facet normal 0 0 1
    outer loop
      vertex 89.9094 9.23358 25.6
      vertex 89.0675 7.20104 25.6
      vertex 89.1828 7.1465 25.6
    endloop
  endfacet
  facet normal 0 0 1
    outer loop
      vertex 89.586 9.34929 25.6
      vertex 88.9474 7.24402 25.6
      vertex 89.0675 7.20104 25.6
    endloop
  endfacet
  facet normal 0 0 1
    outer loop
      vertex 88.8236 7.27502 25.6
      vertex 89.2528 9.43275 25.6
      vertex 88.9131 9.48315 25.6
    endloop
  endfacet
  facet normal 0 0 1
    outer loop
      vertex 89.2528 9.43275 25.6
      vertex 88.8236 7.27502 25.6
      vertex 88.9474 7.24402 25.6
    endloop
  endfacet
  facet normal 0 0 1
    outer loop
      vertex 88.9131 9.48315 25.6
      vertex 88.6974 7.29374 25.6
      vertex 88.8236 7.27502 25.6
    endloop
  endfacet
  facet normal 0 0 1
    outer loop
      vertex 88.57 9.5 25.6
      vertex 88.6974 7.29374 25.6
      vertex 88.9131 9.48315 25.6
    endloop
  endfacet
  facet normal 0 0 1
    outer loop
      vertex 88.57 9.5 25.6
      vertex 88.57 7.3 25.6
      vertex 88.6974 7.29374 25.6
    endloop
  endfacet
  facet normal 0 0 1
    outer loop
      vertex 88.57 9.5 25.6
      vertex 88.4426 7.29374 25.6
      vertex 88.57 7.3 25.6
    endloop
  endfacet
  facet normal -0 0 1
    outer loop
      vertex 88.2269 9.48315 25.6
      vertex 88.4426 7.29374 25.6
      vertex 88.57 9.5 25.6
    endloop
  endfacet
  facet normal 0 0 1
    outer loop
      vertex 88.4426 7.29374 25.6
      vertex 88.2269 9.48315 25.6
      vertex 88.3164 7.27502 25.6
    endloop
  endfacet
  facet normal -0 0 1
    outer loop
      vertex 87.8872 9.43275 25.6
      vertex 88.3164 7.27502 25.6
      vertex 88.2269 9.48315 25.6
    endloop
  endfacet
  facet normal 0 0 1
    outer loop
      vertex 88.3164 7.27502 25.6
      vertex 87.8872 9.43275 25.6
      vertex 88.1926 7.24402 25.6
    endloop
  endfacet
  facet normal -0 0 1
    outer loop
      vertex 87.554 9.34929 25.6
      vertex 88.1926 7.24402 25.6
      vertex 87.8872 9.43275 25.6
    endloop
  endfacet
  facet normal 0 0 1
    outer loop
      vertex 88.1926 7.24402 25.6
      vertex 87.554 9.34929 25.6
      vertex 88.0725 7.20104 25.6
    endloop
  endfacet
  facet normal -0 0 1
    outer loop
      vertex 87.2306 9.23358 25.6
      vertex 88.0725 7.20104 25.6
      vertex 87.554 9.34929 25.6
    endloop
  endfacet
  facet normal 0 0 1
    outer loop
      vertex 88.0725 7.20104 25.6
      vertex 87.2306 9.23358 25.6
      vertex 87.9572 7.1465 25.6
    endloop
  endfacet
  facet normal -0 0 1
    outer loop
      vertex 86.9201 9.08672 25.6
      vertex 87.9572 7.1465 25.6
      vertex 87.2306 9.23358 25.6
    endloop
  endfacet
  facet normal 0 0 1
    outer loop
      vertex 87.9572 7.1465 25.6
      vertex 86.9201 9.08672 25.6
      vertex 87.8478 7.08091 25.6
    endloop
  endfacet
  facet normal -0 0 1
    outer loop
      vertex 86.6255 8.91014 25.6
      vertex 87.8478 7.08091 25.6
      vertex 86.9201 9.08672 25.6
    endloop
  endfacet
  facet normal 0 0 1
    outer loop
      vertex 87.8478 7.08091 25.6
      vertex 86.6255 8.91014 25.6
      vertex 87.7453 7.00491 25.6
    endloop
  endfacet
  facet normal -0 0 1
    outer loop
      vertex 86.3496 8.70554 25.6
      vertex 87.7453 7.00491 25.6
      vertex 86.6255 8.91014 25.6
    endloop
  endfacet
  facet normal 0 0 1
    outer loop
      vertex 87.7453 7.00491 25.6
      vertex 86.3496 8.70554 25.6
      vertex 87.6508 6.91924 25.6
    endloop
  endfacet
  facet normal -0 0 1
    outer loop
      vertex 86.0951 8.47487 25.6
      vertex 87.6508 6.91924 25.6
      vertex 86.3496 8.70554 25.6
    endloop
  endfacet
  facet normal 0 0 1
    outer loop
      vertex 87.6508 6.91924 25.6
      vertex 86.0951 8.47487 25.6
      vertex 87.5651 6.82471 25.6
    endloop
  endfacet
  facet normal -0 0 1
    outer loop
      vertex 85.8645 8.22038 25.6
      vertex 87.5651 6.82471 25.6
      vertex 86.0951 8.47487 25.6
    endloop
  endfacet
  facet normal -0 0 1
    outer loop
      vertex 85.6599 7.9445 25.6
      vertex 87.4891 6.72224 25.6
      vertex 85.8645 8.22038 25.6
    endloop
  endfacet
  facet normal 0 0 1
    outer loop
      vertex 87.5651 6.82471 25.6
      vertex 85.8645 8.22038 25.6
      vertex 87.4891 6.72224 25.6
    endloop
  endfacet
  facet normal 0 0 1
    outer loop
      vertex 91.4801 4.0555 25.6
      vertex 89.6509 5.27776 25.6
      vertex 91.2755 3.77962 25.6
    endloop
  endfacet
  facet normal -0 0 1
    outer loop
      vertex 89.5749 5.17529 25.6
      vertex 91.2755 3.77962 25.6
      vertex 89.6509 5.27776 25.6
    endloop
  endfacet
  facet normal 0 0 1
    outer loop
      vertex 91.2755 3.77962 25.6
      vertex 89.5749 5.17529 25.6
      vertex 91.0449 3.52513 25.6
    endloop
  endfacet
  facet normal -0 0 1
    outer loop
      vertex 89.4892 5.08076 25.6
      vertex 91.0449 3.52513 25.6
      vertex 89.5749 5.17529 25.6
    endloop
  endfacet
  facet normal 0 0 1
    outer loop
      vertex 91.0449 3.52513 25.6
      vertex 89.4892 5.08076 25.6
      vertex 90.7904 3.29446 25.6
    endloop
  endfacet
  facet normal -0 0 1
    outer loop
      vertex 89.3947 4.99509 25.6
      vertex 90.7904 3.29446 25.6
      vertex 89.4892 5.08076 25.6
    endloop
  endfacet
  facet normal 0 0 1
    outer loop
      vertex 90.7904 3.29446 25.6
      vertex 89.3947 4.99509 25.6
      vertex 90.5145 3.08986 25.6
    endloop
  endfacet
  facet normal -0 0 1
    outer loop
      vertex 89.2922 4.91909 25.6
      vertex 90.5145 3.08986 25.6
      vertex 89.3947 4.99509 25.6
    endloop
  endfacet
  facet normal 0 0 1
    outer loop
      vertex 90.5145 3.08986 25.6
      vertex 89.2922 4.91909 25.6
      vertex 90.2199 2.91327 25.6
    endloop
  endfacet
  facet normal -0 0 1
    outer loop
      vertex 89.1828 4.8535 25.6
      vertex 90.2199 2.91327 25.6
      vertex 89.2922 4.91909 25.6
    endloop
  endfacet
  facet normal 0 0 1
    outer loop
      vertex 90.2199 2.91327 25.6
      vertex 89.1828 4.8535 25.6
      vertex 89.9094 2.76642 25.6
    endloop
  endfacet
  facet normal -0 0 1
    outer loop
      vertex 89.0675 4.79896 25.6
      vertex 89.9094 2.76642 25.6
      vertex 89.1828 4.8535 25.6
    endloop
  endfacet
  facet normal 0 0 1
    outer loop
      vertex 89.9094 2.76642 25.6
      vertex 89.0675 4.79896 25.6
      vertex 89.586 2.65071 25.6
    endloop
  endfacet
  facet normal -0 0 1
    outer loop
      vertex 88.9474 4.75598 25.6
      vertex 89.586 2.65071 25.6
      vertex 89.0675 4.79896 25.6
    endloop
  endfacet
  facet normal 0 0 1
    outer loop
      vertex 89.586 2.65071 25.6
      vertex 88.9474 4.75598 25.6
      vertex 89.2528 2.56725 25.6
    endloop
  endfacet
  facet normal -0 0 1
    outer loop
      vertex 88.8236 4.72498 25.6
      vertex 89.2528 2.56725 25.6
      vertex 88.9474 4.75598 25.6
    endloop
  endfacet
  facet normal 0 0 1
    outer loop
      vertex 89.2528 2.56725 25.6
      vertex 88.8236 4.72498 25.6
      vertex 88.9131 2.51685 25.6
    endloop
  endfacet
  facet normal -0 0 1
    outer loop
      vertex 88.6974 4.70626 25.6
      vertex 88.9131 2.51685 25.6
      vertex 88.8236 4.72498 25.6
    endloop
  endfacet
  facet normal -0 0 1
    outer loop
      vertex 88.57 4.7 25.6
      vertex 88.9131 2.51685 25.6
      vertex 88.6974 4.70626 25.6
    endloop
  endfacet
  facet normal 0 0 1
    outer loop
      vertex 88.57 4.7 25.6
      vertex 88.57 2.5 25.6
      vertex 88.9131 2.51685 25.6
    endloop
  endfacet
  facet normal 0 0 1
    outer loop
      vertex 88.4426 4.70626 25.6
      vertex 88.57 2.5 25.6
      vertex 88.57 4.7 25.6
    endloop
  endfacet
  facet normal 0 0 1
    outer loop
      vertex 88.2269 2.51685 25.6
      vertex 88.4426 4.70626 25.6
      vertex 88.3164 4.72498 25.6
    endloop
  endfacet
  facet normal 0 0 1
    outer loop
      vertex 88.4426 4.70626 25.6
      vertex 88.2269 2.51685 25.6
      vertex 88.57 2.5 25.6
    endloop
  endfacet
  facet normal 0 0 1
    outer loop
      vertex 87.8872 2.56725 25.6
      vertex 88.3164 4.72498 25.6
      vertex 88.1926 4.75598 25.6
    endloop
  endfacet
  facet normal 0 0 1
    outer loop
      vertex 87.554 2.65071 25.6
      vertex 88.1926 4.75598 25.6
      vertex 88.0725 4.79896 25.6
    endloop
  endfacet
  facet normal 0 0 1
    outer loop
      vertex 87.2306 2.76642 25.6
      vertex 88.0725 4.79896 25.6
      vertex 87.9572 4.8535 25.6
    endloop
  endfacet
  facet normal 0 0 1
    outer loop
      vertex 88.3164 4.72498 25.6
      vertex 87.8872 2.56725 25.6
      vertex 88.2269 2.51685 25.6
    endloop
  endfacet
  facet normal 0 0 1
    outer loop
      vertex 86.9201 2.91327 25.6
      vertex 87.9572 4.8535 25.6
      vertex 87.8478 4.91909 25.6
    endloop
  endfacet
  facet normal 0 0 1
    outer loop
      vertex 86.6255 3.08986 25.6
      vertex 87.8478 4.91909 25.6
      vertex 87.7453 4.99509 25.6
    endloop
  endfacet
  facet normal 0 0 1
    outer loop
      vertex 86.3496 3.29446 25.6
      vertex 87.7453 4.99509 25.6
      vertex 87.6508 5.08076 25.6
    endloop
  endfacet
  facet normal 0 0 1
    outer loop
      vertex 86.0951 3.52513 25.6
      vertex 87.6508 5.08076 25.6
      vertex 87.5651 5.17529 25.6
    endloop
  endfacet
  facet normal 0 0 1
    outer loop
      vertex 88.1926 4.75598 25.6
      vertex 87.554 2.65071 25.6
      vertex 87.8872 2.56725 25.6
    endloop
  endfacet
  facet normal 0 0 1
    outer loop
      vertex 85.8645 3.77962 25.6
      vertex 87.5651 5.17529 25.6
      vertex 87.4891 5.27776 25.6
    endloop
  endfacet
  facet normal 0 0 1
    outer loop
      vertex 85.6599 4.0555 25.6
      vertex 87.4891 5.27776 25.6
      vertex 87.4235 5.38718 25.6
    endloop
  endfacet
  facet normal 0 0 1
    outer loop
      vertex 85.4833 4.35011 25.6
      vertex 87.4235 5.38718 25.6
      vertex 87.369 5.50251 25.6
    endloop
  endfacet
  facet normal 0 0 1
    outer loop
      vertex 85.3364 4.66061 25.6
      vertex 87.369 5.50251 25.6
      vertex 87.326 5.62263 25.6
    endloop
  endfacet
  facet normal 0 0 1
    outer loop
      vertex 85.2207 4.984 25.6
      vertex 87.326 5.62263 25.6
      vertex 87.295 5.74638 25.6
    endloop
  endfacet
  facet normal 0 0 1
    outer loop
      vertex 85.1373 5.31718 25.6
      vertex 87.295 5.74638 25.6
      vertex 87.2763 5.87258 25.6
    endloop
  endfacet
  facet normal 0 0 1
    outer loop
      vertex 88.0725 4.79896 25.6
      vertex 87.2306 2.76642 25.6
      vertex 87.554 2.65071 25.6
    endloop
  endfacet
  facet normal 0 0 1
    outer loop
      vertex 85.0869 5.65694 25.6
      vertex 87.2763 5.87258 25.6
      vertex 87.27 6 25.6
    endloop
  endfacet
  facet normal 0 0 1
    outer loop
      vertex 87.4891 6.72224 25.6
      vertex 85.6599 7.9445 25.6
      vertex 87.4235 6.61281 25.6
    endloop
  endfacet
  facet normal -0 0 1
    outer loop
      vertex 85.4833 7.64989 25.6
      vertex 87.4235 6.61281 25.6
      vertex 85.6599 7.9445 25.6
    endloop
  endfacet
  facet normal 0 0 1
    outer loop
      vertex 87.9572 4.8535 25.6
      vertex 86.9201 2.91327 25.6
      vertex 87.2306 2.76642 25.6
    endloop
  endfacet
  facet normal 0 0 1
    outer loop
      vertex 87.4235 6.61281 25.6
      vertex 85.4833 7.64989 25.6
      vertex 87.369 6.49749 25.6
    endloop
  endfacet
  facet normal 0 0 1
    outer loop
      vertex 87.8478 4.91909 25.6
      vertex 86.6255 3.08986 25.6
      vertex 86.9201 2.91327 25.6
    endloop
  endfacet
  facet normal -0 0 1
    outer loop
      vertex 85.3364 7.33939 25.6
      vertex 87.369 6.49749 25.6
      vertex 85.4833 7.64989 25.6
    endloop
  endfacet
  facet normal 0 0 1
    outer loop
      vertex 87.7453 4.99509 25.6
      vertex 86.3496 3.29446 25.6
      vertex 86.6255 3.08986 25.6
    endloop
  endfacet
  facet normal 0 0 1
    outer loop
      vertex 87.369 6.49749 25.6
      vertex 85.3364 7.33939 25.6
      vertex 87.326 6.37737 25.6
    endloop
  endfacet
  facet normal 0 0 1
    outer loop
      vertex 87.6508 5.08076 25.6
      vertex 86.0951 3.52513 25.6
      vertex 86.3496 3.29446 25.6
    endloop
  endfacet
  facet normal -0 0 1
    outer loop
      vertex 85.2207 7.016 25.6
      vertex 87.326 6.37737 25.6
      vertex 85.3364 7.33939 25.6
    endloop
  endfacet
  facet normal 0 0 1
    outer loop
      vertex 87.5651 5.17529 25.6
      vertex 85.8645 3.77962 25.6
      vertex 86.0951 3.52513 25.6
    endloop
  endfacet
  facet normal 0 0 1
    outer loop
      vertex 87.326 6.37737 25.6
      vertex 85.2207 7.016 25.6
      vertex 87.295 6.25362 25.6
    endloop
  endfacet
  facet normal 0 0 1
    outer loop
      vertex 87.4891 5.27776 25.6
      vertex 85.6599 4.0555 25.6
      vertex 85.8645 3.77962 25.6
    endloop
  endfacet
  facet normal -0 0 1
    outer loop
      vertex 85.1373 6.68282 25.6
      vertex 87.295 6.25362 25.6
      vertex 85.2207 7.016 25.6
    endloop
  endfacet
  facet normal 0 0 1
    outer loop
      vertex 87.4235 5.38718 25.6
      vertex 85.4833 4.35011 25.6
      vertex 85.6599 4.0555 25.6
    endloop
  endfacet
  facet normal 0 0 1
    outer loop
      vertex 87.295 6.25362 25.6
      vertex 85.1373 6.68282 25.6
      vertex 87.2763 6.12742 25.6
    endloop
  endfacet
  facet normal 0 0 1
    outer loop
      vertex 87.369 5.50251 25.6
      vertex 85.3364 4.66061 25.6
      vertex 85.4833 4.35011 25.6
    endloop
  endfacet
  facet normal -0 0 1
    outer loop
      vertex 85.0869 6.34306 25.6
      vertex 87.2763 6.12742 25.6
      vertex 85.1373 6.68282 25.6
    endloop
  endfacet
  facet normal 0 0 1
    outer loop
      vertex 87.326 5.62263 25.6
      vertex 85.2207 4.984 25.6
      vertex 85.3364 4.66061 25.6
    endloop
  endfacet
  facet normal 0 0 1
    outer loop
      vertex 87.2763 6.12742 25.6
      vertex 85.0869 6.34306 25.6
      vertex 87.27 6 25.6
    endloop
  endfacet
  facet normal 0 0 1
    outer loop
      vertex 87.295 5.74638 25.6
      vertex 85.1373 5.31718 25.6
      vertex 85.2207 4.984 25.6
    endloop
  endfacet
  facet normal 0 0 1
    outer loop
      vertex 85.07 6 25.6
      vertex 87.27 6 25.6
      vertex 85.0869 6.34306 25.6
    endloop
  endfacet
  facet normal 0 0 1
    outer loop
      vertex 87.2763 5.87258 25.6
      vertex 85.0869 5.65694 25.6
      vertex 85.1373 5.31718 25.6
    endloop
  endfacet
  facet normal 0 0 1
    outer loop
      vertex 87.27 6 25.6
      vertex 85.07 6 25.6
      vertex 85.0869 5.65694 25.6
    endloop
  endfacet
  facet normal -0.671566 -0.740944 0
    outer loop
      vertex 86.0951 3.52513 2
      vertex 86.3496 3.29446 25.6
      vertex 86.0951 3.52513 25.6
    endloop
  endfacet
  facet normal -0.671566 -0.740944 -0
    outer loop
      vertex 86.3496 3.29446 25.6
      vertex 86.0951 3.52513 2
      vertex 86.3496 3.29446 2
    endloop
  endfacet
  facet normal 0.595659 0.803237 -0
    outer loop
      vertex 90.7904 8.70554 2
      vertex 90.5145 8.91014 25.6
      vertex 90.7904 8.70554 25.6
    endloop
  endfacet
  facet normal 0.595659 0.803237 0
    outer loop
      vertex 90.5145 8.91014 25.6
      vertex 90.7904 8.70554 2
      vertex 90.5145 8.91014 2
    endloop
  endfacet
  facet normal -0.514132 -0.857711 0
    outer loop
      vertex 86.6255 3.08986 2
      vertex 86.9201 2.91327 25.6
      vertex 86.6255 3.08986 25.6
    endloop
  endfacet
  facet normal -0.514132 -0.857711 -0
    outer loop
      vertex 86.9201 2.91327 25.6
      vertex 86.6255 3.08986 2
      vertex 86.9201 2.91327 2
    endloop
  endfacet
  facet normal 0.51411 0.857724 -0
    outer loop
      vertex 90.5145 8.91014 2
      vertex 90.2199 9.08672 25.6
      vertex 90.5145 8.91014 25.6
    endloop
  endfacet
  facet normal 0.51411 0.857724 0
    outer loop
      vertex 90.2199 9.08672 25.6
      vertex 90.5145 8.91014 2
      vertex 90.2199 9.08672 2
    endloop
  endfacet
  facet normal 0.14676 -0.989172 0
    outer loop
      vertex 88.9131 2.51685 2
      vertex 89.2528 2.56725 25.6
      vertex 88.9131 2.51685 25.6
    endloop
  endfacet
  facet normal 0.14676 -0.989172 0
    outer loop
      vertex 89.2528 2.56725 25.6
      vertex 88.9131 2.51685 2
      vertex 89.2528 2.56725 2
    endloop
  endfacet
  facet normal 0.941554 0.336862 0
    outer loop
      vertex 91.9193 7.016 25.6
      vertex 91.8036 7.33939 2
      vertex 91.8036 7.33939 25.6
    endloop
  endfacet
  facet normal 0.941554 0.336862 0
    outer loop
      vertex 91.8036 7.33939 2
      vertex 91.9193 7.016 25.6
      vertex 91.9193 7.016 2
    endloop
  endfacet
  facet normal 0.857706 -0.51414 0
    outer loop
      vertex 91.4801 4.0555 25.6
      vertex 91.6567 4.35011 2
      vertex 91.6567 4.35011 25.6
    endloop
  endfacet
  facet normal 0.857706 -0.51414 0
    outer loop
      vertex 91.6567 4.35011 2
      vertex 91.4801 4.0555 25.6
      vertex 91.4801 4.0555 2
    endloop
  endfacet
  facet normal -0.998789 -0.0492029 0
    outer loop
      vertex 85.0869 5.65694 2
      vertex 85.07 6 25.6
      vertex 85.07 6 2
    endloop
  endfacet
  facet normal -0.998789 -0.0492029 0
    outer loop
      vertex 85.07 6 25.6
      vertex 85.0869 5.65694 2
      vertex 85.0869 5.65694 25.6
    endloop
  endfacet
  facet normal 0.941554 -0.336862 0
    outer loop
      vertex 91.8036 4.66061 25.6
      vertex 91.9193 4.984 2
      vertex 91.9193 4.984 25.6
    endloop
  endfacet
  facet normal 0.941554 -0.336862 0
    outer loop
      vertex 91.9193 4.984 2
      vertex 91.8036 4.66061 25.6
      vertex 91.8036 4.66061 2
    endloop
  endfacet
  facet normal 0.741033 0.671469 0
    outer loop
      vertex 91.2755 8.22038 25.6
      vertex 91.0449 8.47487 2
      vertex 91.0449 8.47487 25.6
    endloop
  endfacet
  facet normal 0.741033 0.671469 0
    outer loop
      vertex 91.0449 8.47487 2
      vertex 91.2755 8.22038 25.6
      vertex 91.2755 8.22038 2
    endloop
  endfacet
  facet normal 0.0490519 0.998796 -0
    outer loop
      vertex 88.9131 9.48315 2
      vertex 88.57 9.5 25.6
      vertex 88.9131 9.48315 25.6
    endloop
  endfacet
  facet normal 0.0490519 0.998796 0
    outer loop
      vertex 88.57 9.5 25.6
      vertex 88.9131 9.48315 2
      vertex 88.57 9.5 2
    endloop
  endfacet
  facet normal 0.903939 0.427661 0
    outer loop
      vertex 91.8036 7.33939 25.6
      vertex 91.6567 7.64989 2
      vertex 91.6567 7.64989 25.6
    endloop
  endfacet
  facet normal 0.903939 0.427661 0
    outer loop
      vertex 91.6567 7.64989 2
      vertex 91.8036 7.33939 25.6
      vertex 91.8036 7.33939 2
    endloop
  endfacet
  facet normal -0.14676 -0.989172 0
    outer loop
      vertex 87.8872 2.56725 2
      vertex 88.2269 2.51685 25.6
      vertex 87.8872 2.56725 25.6
    endloop
  endfacet
  facet normal -0.14676 -0.989172 -0
    outer loop
      vertex 88.2269 2.51685 25.6
      vertex 87.8872 2.56725 2
      vertex 88.2269 2.51685 2
    endloop
  endfacet
  facet normal 0.671566 -0.740944 0
    outer loop
      vertex 90.7904 3.29446 2
      vertex 91.0449 3.52513 25.6
      vertex 90.7904 3.29446 25.6
    endloop
  endfacet
  facet normal 0.671566 -0.740944 0
    outer loop
      vertex 91.0449 3.52513 25.6
      vertex 90.7904 3.29446 2
      vertex 91.0449 3.52513 2
    endloop
  endfacet
  facet normal 0.857706 0.51414 0
    outer loop
      vertex 91.6567 7.64989 25.6
      vertex 91.4801 7.9445 2
      vertex 91.4801 7.9445 25.6
    endloop
  endfacet
  facet normal 0.857706 0.51414 0
    outer loop
      vertex 91.4801 7.9445 2
      vertex 91.6567 7.64989 25.6
      vertex 91.6567 7.64989 2
    endloop
  endfacet
  facet normal -0.0490519 -0.998796 0
    outer loop
      vertex 88.2269 2.51685 2
      vertex 88.57 2.5 25.6
      vertex 88.2269 2.51685 25.6
    endloop
  endfacet
  facet normal -0.0490519 -0.998796 -0
    outer loop
      vertex 88.57 2.5 25.6
      vertex 88.2269 2.51685 2
      vertex 88.57 2.5 2
    endloop
  endfacet
  facet normal -0.741033 0.671469 0
    outer loop
      vertex 85.8645 8.22038 2
      vertex 86.0951 8.47487 25.6
      vertex 86.0951 8.47487 2
    endloop
  endfacet
  facet normal -0.741033 0.671469 0
    outer loop
      vertex 86.0951 8.47487 25.6
      vertex 85.8645 8.22038 2
      vertex 85.8645 8.22038 25.6
    endloop
  endfacet
  facet normal -0.14676 0.989172 0
    outer loop
      vertex 88.2269 9.48315 2
      vertex 87.8872 9.43275 25.6
      vertex 88.2269 9.48315 25.6
    endloop
  endfacet
  facet normal -0.14676 0.989172 0
    outer loop
      vertex 87.8872 9.43275 25.6
      vertex 88.2269 9.48315 2
      vertex 87.8872 9.43275 2
    endloop
  endfacet
  facet normal -0.903939 0.427661 0
    outer loop
      vertex 85.3364 7.33939 2
      vertex 85.4833 7.64989 25.6
      vertex 85.4833 7.64989 2
    endloop
  endfacet
  facet normal -0.903939 0.427661 0
    outer loop
      vertex 85.4833 7.64989 25.6
      vertex 85.3364 7.33939 2
      vertex 85.3364 7.33939 25.6
    endloop
  endfacet
  facet normal -0.970071 0.242823 0
    outer loop
      vertex 85.1373 6.68282 2
      vertex 85.2207 7.016 25.6
      vertex 85.2207 7.016 2
    endloop
  endfacet
  facet normal -0.970071 0.242823 0
    outer loop
      vertex 85.2207 7.016 25.6
      vertex 85.1373 6.68282 2
      vertex 85.1373 6.68282 25.6
    endloop
  endfacet
  facet normal 0.242974 0.970033 -0
    outer loop
      vertex 89.586 9.34929 2
      vertex 89.2528 9.43275 25.6
      vertex 89.586 9.34929 25.6
    endloop
  endfacet
  facet normal 0.242974 0.970033 0
    outer loop
      vertex 89.2528 9.43275 25.6
      vertex 89.586 9.34929 2
      vertex 89.2528 9.43275 2
    endloop
  endfacet
  facet normal -0.970071 -0.242823 0
    outer loop
      vertex 85.2207 4.984 2
      vertex 85.1373 5.31718 25.6
      vertex 85.1373 5.31718 2
    endloop
  endfacet
  facet normal -0.970071 -0.242823 0
    outer loop
      vertex 85.1373 5.31718 25.6
      vertex 85.2207 4.984 2
      vertex 85.2207 4.984 25.6
    endloop
  endfacet
  facet normal -0.427542 -0.903996 0
    outer loop
      vertex 86.9201 2.91327 2
      vertex 87.2306 2.76642 25.6
      vertex 86.9201 2.91327 25.6
    endloop
  endfacet
  facet normal -0.427542 -0.903996 -0
    outer loop
      vertex 87.2306 2.76642 25.6
      vertex 86.9201 2.91327 2
      vertex 87.2306 2.76642 2
    endloop
  endfacet
  facet normal -0.741033 -0.671469 0
    outer loop
      vertex 86.0951 3.52513 2
      vertex 85.8645 3.77962 25.6
      vertex 85.8645 3.77962 2
    endloop
  endfacet
  facet normal -0.741033 -0.671469 0
    outer loop
      vertex 85.8645 3.77962 25.6
      vertex 86.0951 3.52513 2
      vertex 86.0951 3.52513 25.6
    endloop
  endfacet
  facet normal 0.0490519 -0.998796 0
    outer loop
      vertex 88.57 2.5 2
      vertex 88.9131 2.51685 25.6
      vertex 88.57 2.5 25.6
    endloop
  endfacet
  facet normal 0.0490519 -0.998796 0
    outer loop
      vertex 88.9131 2.51685 25.6
      vertex 88.57 2.5 2
      vertex 88.9131 2.51685 2
    endloop
  endfacet
  facet normal -0.989176 -0.146734 0
    outer loop
      vertex 85.1373 5.31718 2
      vertex 85.0869 5.65694 25.6
      vertex 85.0869 5.65694 2
    endloop
  endfacet
  facet normal -0.989176 -0.146734 0
    outer loop
      vertex 85.0869 5.65694 25.6
      vertex 85.1373 5.31718 2
      vertex 85.1373 5.31718 25.6
    endloop
  endfacet
  facet normal 0.595659 -0.803237 0
    outer loop
      vertex 90.5145 3.08986 2
      vertex 90.7904 3.29446 25.6
      vertex 90.5145 3.08986 25.6
    endloop
  endfacet
  facet normal 0.595659 -0.803237 0
    outer loop
      vertex 90.7904 3.29446 25.6
      vertex 90.5145 3.08986 2
      vertex 90.7904 3.29446 2
    endloop
  endfacet
  facet normal -0.803217 -0.595687 0
    outer loop
      vertex 85.8645 3.77962 2
      vertex 85.6599 4.0555 25.6
      vertex 85.6599 4.0555 2
    endloop
  endfacet
  facet normal -0.803217 -0.595687 0
    outer loop
      vertex 85.6599 4.0555 25.6
      vertex 85.8645 3.77962 2
      vertex 85.8645 3.77962 25.6
    endloop
  endfacet
  facet normal -0.998789 0.0492029 0
    outer loop
      vertex 85.07 6 2
      vertex 85.0869 6.34306 25.6
      vertex 85.0869 6.34306 2
    endloop
  endfacet
  facet normal -0.998789 0.0492029 0
    outer loop
      vertex 85.0869 6.34306 25.6
      vertex 85.07 6 2
      vertex 85.07 6 25.6
    endloop
  endfacet
  facet normal 0.741033 -0.671469 0
    outer loop
      vertex 91.0449 3.52513 25.6
      vertex 91.2755 3.77962 2
      vertex 91.2755 3.77962 25.6
    endloop
  endfacet
  facet normal 0.741033 -0.671469 0
    outer loop
      vertex 91.2755 3.77962 2
      vertex 91.0449 3.52513 25.6
      vertex 91.0449 3.52513 2
    endloop
  endfacet
  facet normal 0.989172 0.14676 0
    outer loop
      vertex 92.0531 55.3431 25.6
      vertex 92.0027 55.6828 2
      vertex 92.0027 55.6828 25.6
    endloop
  endfacet
  facet normal 0.989172 0.14676 0
    outer loop
      vertex 92.0027 55.6828 2
      vertex 92.0531 55.3431 25.6
      vertex 92.0531 55.3431 2
    endloop
  endfacet
  facet normal -0.0491971 -0.998789 0
    outer loop
      vertex 88.2269 51.5169 2
      vertex 88.57 51.5 25.6
      vertex 88.2269 51.5169 25.6
    endloop
  endfacet
  facet normal -0.0491971 -0.998789 -0
    outer loop
      vertex 88.57 51.5 25.6
      vertex 88.2269 51.5169 2
      vertex 88.57 51.5 2
    endloop
  endfacet
  facet normal 0.741046 0.671454 0
    outer loop
      vertex 91.2755 57.2204 25.6
      vertex 91.0449 57.4749 2
      vertex 91.0449 57.4749 25.6
    endloop
  endfacet
  facet normal 0.741046 0.671454 0
    outer loop
      vertex 91.0449 57.4749 2
      vertex 91.2755 57.2204 25.6
      vertex 91.2755 57.2204 2
    endloop
  endfacet
  facet normal 0.24281 -0.970074 0
    outer loop
      vertex 89.2528 51.5673 2
      vertex 89.586 51.6507 25.6
      vertex 89.2528 51.5673 25.6
    endloop
  endfacet
  facet normal 0.24281 -0.970074 0
    outer loop
      vertex 89.586 51.6507 25.6
      vertex 89.2528 51.5673 2
      vertex 89.586 51.6507 2
    endloop
  endfacet
  facet normal 0.803237 -0.595659 0
    outer loop
      vertex 91.2755 52.7796 25.6
      vertex 91.4801 53.0555 2
      vertex 91.4801 53.0555 25.6
    endloop
  endfacet
  facet normal 0.803237 -0.595659 0
    outer loop
      vertex 91.4801 53.0555 2
      vertex 91.2755 52.7796 25.6
      vertex 91.2755 52.7796 2
    endloop
  endfacet
  facet normal 0.595659 -0.803237 0
    outer loop
      vertex 90.5145 52.0899 2
      vertex 90.7904 52.2945 25.6
      vertex 90.5145 52.0899 25.6
    endloop
  endfacet
  facet normal 0.595659 -0.803237 0
    outer loop
      vertex 90.7904 52.2945 25.6
      vertex 90.5145 52.0899 2
      vertex 90.7904 52.2945 2
    endloop
  endfacet
  facet normal -0.803237 0.595659 0
    outer loop
      vertex 85.6599 56.9445 2
      vertex 85.8645 57.2204 25.6
      vertex 85.8645 57.2204 2
    endloop
  endfacet
  facet normal -0.803237 0.595659 0
    outer loop
      vertex 85.8645 57.2204 25.6
      vertex 85.6599 56.9445 2
      vertex 85.6599 56.9445 25.6
    endloop
  endfacet
  facet normal 0.941557 0.336853 0
    outer loop
      vertex 91.9193 56.016 25.6
      vertex 91.8036 56.3394 2
      vertex 91.8036 56.3394 25.6
    endloop
  endfacet
  facet normal 0.941557 0.336853 0
    outer loop
      vertex 91.8036 56.3394 2
      vertex 91.9193 56.016 25.6
      vertex 91.9193 56.016 2
    endloop
  endfacet
  facet normal -0.941557 -0.336853 0
    outer loop
      vertex 85.3364 53.6606 2
      vertex 85.2207 53.984 25.6
      vertex 85.2207 53.984 2
    endloop
  endfacet
  facet normal -0.941557 -0.336853 0
    outer loop
      vertex 85.2207 53.984 25.6
      vertex 85.3364 53.6606 2
      vertex 85.3364 53.6606 25.6
    endloop
  endfacet
  facet normal 0.336853 0.941557 -0
    outer loop
      vertex 89.9094 58.2336 2
      vertex 89.586 58.3493 25.6
      vertex 89.9094 58.2336 25.6
    endloop
  endfacet
  facet normal 0.336853 0.941557 0
    outer loop
      vertex 89.586 58.3493 25.6
      vertex 89.9094 58.2336 2
      vertex 89.586 58.3493 2
    endloop
  endfacet
  facet normal 0.671454 -0.741046 0
    outer loop
      vertex 90.7904 52.2945 2
      vertex 91.0449 52.5251 25.6
      vertex 90.7904 52.2945 25.6
    endloop
  endfacet
  facet normal 0.671454 -0.741046 0
    outer loop
      vertex 91.0449 52.5251 25.6
      vertex 90.7904 52.2945 2
      vertex 91.0449 52.5251 2
    endloop
  endfacet
  facet normal 0.989172 -0.14676 0
    outer loop
      vertex 92.0027 54.3172 25.6
      vertex 92.0531 54.6569 2
      vertex 92.0531 54.6569 25.6
    endloop
  endfacet
  facet normal 0.989172 -0.14676 0
    outer loop
      vertex 92.0531 54.6569 2
      vertex 92.0027 54.3172 25.6
      vertex 92.0027 54.3172 2
    endloop
  endfacet
  facet normal -0.741046 -0.671454 0
    outer loop
      vertex 86.0951 52.5251 2
      vertex 85.8645 52.7796 25.6
      vertex 85.8645 52.7796 2
    endloop
  endfacet
  facet normal -0.741046 -0.671454 0
    outer loop
      vertex 85.8645 52.7796 25.6
      vertex 86.0951 52.5251 2
      vertex 86.0951 52.5251 25.6
    endloop
  endfacet
  facet normal 0.903939 -0.427661 0
    outer loop
      vertex 91.6567 53.3501 25.6
      vertex 91.8036 53.6606 2
      vertex 91.8036 53.6606 25.6
    endloop
  endfacet
  facet normal 0.903939 -0.427661 0
    outer loop
      vertex 91.8036 53.6606 2
      vertex 91.6567 53.3501 25.6
      vertex 91.6567 53.3501 2
    endloop
  endfacet
  facet normal -0.0491971 0.998789 0
    outer loop
      vertex 88.57 58.5 2
      vertex 88.2269 58.4831 25.6
      vertex 88.57 58.5 25.6
    endloop
  endfacet
  facet normal -0.0491971 0.998789 0
    outer loop
      vertex 88.2269 58.4831 25.6
      vertex 88.57 58.5 2
      vertex 88.2269 58.4831 2
    endloop
  endfacet
  facet normal -0.857698 -0.514153 0
    outer loop
      vertex 85.6599 53.0555 2
      vertex 85.4833 53.3501 25.6
      vertex 85.4833 53.3501 2
    endloop
  endfacet
  facet normal -0.857698 -0.514153 0
    outer loop
      vertex 85.4833 53.3501 25.6
      vertex 85.6599 53.0555 2
      vertex 85.6599 53.0555 25.6
    endloop
  endfacet
  facet normal 0.998789 0.0491971 0
    outer loop
      vertex 92.07 55 25.6
      vertex 92.0531 55.3431 2
      vertex 92.0531 55.3431 25.6
    endloop
  endfacet
  facet normal 0.998789 0.0491971 0
    outer loop
      vertex 92.0531 55.3431 2
      vertex 92.07 55 25.6
      vertex 92.07 55 2
    endloop
  endfacet
  facet normal 0.970074 0.24281 0
    outer loop
      vertex 92.0027 55.6828 25.6
      vertex 91.9193 56.016 2
      vertex 91.9193 56.016 25.6
    endloop
  endfacet
  facet normal 0.970074 0.24281 0
    outer loop
      vertex 91.9193 56.016 2
      vertex 92.0027 55.6828 25.6
      vertex 92.0027 55.6828 2
    endloop
  endfacet
  facet normal -0.14676 0.989172 0
    outer loop
      vertex 88.2269 58.4831 2
      vertex 87.8872 58.4327 25.6
      vertex 88.2269 58.4831 25.6
    endloop
  endfacet
  facet normal -0.14676 0.989172 0
    outer loop
      vertex 87.8872 58.4327 25.6
      vertex 88.2269 58.4831 2
      vertex 87.8872 58.4327 2
    endloop
  endfacet
  facet normal -0.24281 0.970074 0
    outer loop
      vertex 87.8872 58.4327 2
      vertex 87.554 58.3493 25.6
      vertex 87.8872 58.4327 25.6
    endloop
  endfacet
  facet normal -0.24281 0.970074 0
    outer loop
      vertex 87.554 58.3493 25.6
      vertex 87.8872 58.4327 2
      vertex 87.554 58.3493 2
    endloop
  endfacet
  facet normal 0.0491971 -0.998789 0
    outer loop
      vertex 88.57 51.5 2
      vertex 88.9131 51.5169 25.6
      vertex 88.57 51.5 25.6
    endloop
  endfacet
  facet normal 0.0491971 -0.998789 0
    outer loop
      vertex 88.9131 51.5169 25.6
      vertex 88.57 51.5 2
      vertex 88.9131 51.5169 2
    endloop
  endfacet
  facet normal -0.336853 -0.941557 0
    outer loop
      vertex 87.2306 51.7664 2
      vertex 87.554 51.6507 25.6
      vertex 87.2306 51.7664 25.6
    endloop
  endfacet
  facet normal -0.336853 -0.941557 -0
    outer loop
      vertex 87.554 51.6507 25.6
      vertex 87.2306 51.7664 2
      vertex 87.554 51.6507 2
    endloop
  endfacet
  facet normal 0.671454 0.741046 -0
    outer loop
      vertex 91.0449 57.4749 2
      vertex 90.7904 57.7055 25.6
      vertex 91.0449 57.4749 25.6
    endloop
  endfacet
  facet normal 0.671454 0.741046 0
    outer loop
      vertex 90.7904 57.7055 25.6
      vertex 91.0449 57.4749 2
      vertex 90.7904 57.7055 2
    endloop
  endfacet
  facet normal 0.514153 0.857698 -0
    outer loop
      vertex 90.5145 57.9101 2
      vertex 90.2199 58.0867 25.6
      vertex 90.5145 57.9101 25.6
    endloop
  endfacet
  facet normal 0.514153 0.857698 0
    outer loop
      vertex 90.2199 58.0867 25.6
      vertex 90.5145 57.9101 2
      vertex 90.2199 58.0867 2
    endloop
  endfacet
  facet normal 0.903939 0.427661 0
    outer loop
      vertex 91.8036 56.3394 25.6
      vertex 91.6567 56.6499 2
      vertex 91.6567 56.6499 25.6
    endloop
  endfacet
  facet normal 0.903939 0.427661 0
    outer loop
      vertex 91.6567 56.6499 2
      vertex 91.8036 56.3394 25.6
      vertex 91.8036 56.3394 2
    endloop
  endfacet
  facet normal -0.336853 0.941557 0
    outer loop
      vertex 87.554 58.3493 2
      vertex 87.2306 58.2336 25.6
      vertex 87.554 58.3493 25.6
    endloop
  endfacet
  facet normal -0.336853 0.941557 0
    outer loop
      vertex 87.2306 58.2336 25.6
      vertex 87.554 58.3493 2
      vertex 87.2306 58.2336 2
    endloop
  endfacet
  facet normal -0.671454 -0.741046 0
    outer loop
      vertex 86.0951 52.5251 2
      vertex 86.3496 52.2945 25.6
      vertex 86.0951 52.5251 25.6
    endloop
  endfacet
  facet normal -0.671454 -0.741046 -0
    outer loop
      vertex 86.3496 52.2945 25.6
      vertex 86.0951 52.5251 2
      vertex 86.3496 52.2945 2
    endloop
  endfacet
  facet normal -0.998789 0.0491971 0
    outer loop
      vertex 85.07 55 2
      vertex 85.0869 55.3431 25.6
      vertex 85.0869 55.3431 2
    endloop
  endfacet
  facet normal -0.998789 0.0491971 0
    outer loop
      vertex 85.0869 55.3431 25.6
      vertex 85.07 55 2
      vertex 85.07 55 25.6
    endloop
  endfacet
  facet normal -0.741046 0.671454 0
    outer loop
      vertex 85.8645 57.2204 2
      vertex 86.0951 57.4749 25.6
      vertex 86.0951 57.4749 2
    endloop
  endfacet
  facet normal -0.741046 0.671454 0
    outer loop
      vertex 86.0951 57.4749 25.6
      vertex 85.8645 57.2204 2
      vertex 85.8645 57.2204 25.6
    endloop
  endfacet
  facet normal 0.0491971 0.998789 -0
    outer loop
      vertex 88.9131 58.4831 2
      vertex 88.57 58.5 25.6
      vertex 88.9131 58.4831 25.6
    endloop
  endfacet
  facet normal 0.0491971 0.998789 0
    outer loop
      vertex 88.57 58.5 25.6
      vertex 88.9131 58.4831 2
      vertex 88.57 58.5 2
    endloop
  endfacet
  facet normal 0.998789 -0.0491971 0
    outer loop
      vertex 92.0531 54.6569 25.6
      vertex 92.07 55 2
      vertex 92.07 55 25.6
    endloop
  endfacet
  facet normal 0.998789 -0.0491971 0
    outer loop
      vertex 92.07 55 2
      vertex 92.0531 54.6569 25.6
      vertex 92.0531 54.6569 2
    endloop
  endfacet
  facet normal 0.336853 -0.941557 0
    outer loop
      vertex 89.586 51.6507 2
      vertex 89.9094 51.7664 25.6
      vertex 89.586 51.6507 25.6
    endloop
  endfacet
  facet normal 0.336853 -0.941557 0
    outer loop
      vertex 89.9094 51.7664 25.6
      vertex 89.586 51.6507 2
      vertex 89.9094 51.7664 2
    endloop
  endfacet
  facet normal -0.803237 -0.595659 0
    outer loop
      vertex 85.8645 52.7796 2
      vertex 85.6599 53.0555 25.6
      vertex 85.6599 53.0555 2
    endloop
  endfacet
  facet normal -0.803237 -0.595659 0
    outer loop
      vertex 85.6599 53.0555 25.6
      vertex 85.8645 52.7796 2
      vertex 85.8645 52.7796 25.6
    endloop
  endfacet
  facet normal 0.427661 0.903939 -0
    outer loop
      vertex 90.2199 58.0867 2
      vertex 89.9094 58.2336 25.6
      vertex 90.2199 58.0867 25.6
    endloop
  endfacet
  facet normal 0.427661 0.903939 0
    outer loop
      vertex 89.9094 58.2336 25.6
      vertex 90.2199 58.0867 2
      vertex 89.9094 58.2336 2
    endloop
  endfacet
  facet normal 0.595659 0.803237 -0
    outer loop
      vertex 90.7904 57.7055 2
      vertex 90.5145 57.9101 25.6
      vertex 90.7904 57.7055 25.6
    endloop
  endfacet
  facet normal 0.595659 0.803237 0
    outer loop
      vertex 90.5145 57.9101 25.6
      vertex 90.7904 57.7055 2
      vertex 90.5145 57.9101 2
    endloop
  endfacet
  facet normal 0.857698 -0.514153 0
    outer loop
      vertex 91.4801 53.0555 25.6
      vertex 91.6567 53.3501 2
      vertex 91.6567 53.3501 25.6
    endloop
  endfacet
  facet normal 0.857698 -0.514153 0
    outer loop
      vertex 91.6567 53.3501 2
      vertex 91.4801 53.0555 25.6
      vertex 91.4801 53.0555 2
    endloop
  endfacet
  facet normal -0.595659 0.803237 0
    outer loop
      vertex 86.6255 57.9101 2
      vertex 86.3496 57.7055 25.6
      vertex 86.6255 57.9101 25.6
    endloop
  endfacet
  facet normal -0.595659 0.803237 0
    outer loop
      vertex 86.3496 57.7055 25.6
      vertex 86.6255 57.9101 2
      vertex 86.3496 57.7055 2
    endloop
  endfacet
  facet normal -0.998789 -0.0491971 0
    outer loop
      vertex 85.0869 54.6569 2
      vertex 85.07 55 25.6
      vertex 85.07 55 2
    endloop
  endfacet
  facet normal -0.998789 -0.0491971 0
    outer loop
      vertex 85.07 55 25.6
      vertex 85.0869 54.6569 2
      vertex 85.0869 54.6569 25.6
    endloop
  endfacet
  facet normal -0.989172 -0.14676 0
    outer loop
      vertex 85.1373 54.3172 2
      vertex 85.0869 54.6569 25.6
      vertex 85.0869 54.6569 2
    endloop
  endfacet
  facet normal -0.989172 -0.14676 0
    outer loop
      vertex 85.0869 54.6569 25.6
      vertex 85.1373 54.3172 2
      vertex 85.1373 54.3172 25.6
    endloop
  endfacet
  facet normal 0.14676 -0.989172 0
    outer loop
      vertex 88.9131 51.5169 2
      vertex 89.2528 51.5673 25.6
      vertex 88.9131 51.5169 25.6
    endloop
  endfacet
  facet normal 0.14676 -0.989172 0
    outer loop
      vertex 89.2528 51.5673 25.6
      vertex 88.9131 51.5169 2
      vertex 89.2528 51.5673 2
    endloop
  endfacet
  facet normal -0.427661 -0.903939 0
    outer loop
      vertex 86.9201 51.9133 2
      vertex 87.2306 51.7664 25.6
      vertex 86.9201 51.9133 25.6
    endloop
  endfacet
  facet normal -0.427661 -0.903939 -0
    outer loop
      vertex 87.2306 51.7664 25.6
      vertex 86.9201 51.9133 2
      vertex 87.2306 51.7664 2
    endloop
  endfacet
  facet normal 0.803237 0.595659 0
    outer loop
      vertex 91.4801 56.9445 25.6
      vertex 91.2755 57.2204 2
      vertex 91.2755 57.2204 25.6
    endloop
  endfacet
  facet normal 0.803237 0.595659 0
    outer loop
      vertex 91.2755 57.2204 2
      vertex 91.4801 56.9445 25.6
      vertex 91.4801 56.9445 2
    endloop
  endfacet
  facet normal 0.970074 -0.24281 0
    outer loop
      vertex 91.9193 53.984 25.6
      vertex 92.0027 54.3172 2
      vertex 92.0027 54.3172 25.6
    endloop
  endfacet
  facet normal 0.970074 -0.24281 0
    outer loop
      vertex 92.0027 54.3172 2
      vertex 91.9193 53.984 25.6
      vertex 91.9193 53.984 2
    endloop
  endfacet
  facet normal 0.941557 -0.336853 0
    outer loop
      vertex 91.8036 53.6606 25.6
      vertex 91.9193 53.984 2
      vertex 91.9193 53.984 25.6
    endloop
  endfacet
  facet normal 0.941557 -0.336853 0
    outer loop
      vertex 91.9193 53.984 2
      vertex 91.8036 53.6606 25.6
      vertex 91.8036 53.6606 2
    endloop
  endfacet
  facet normal -0.595659 -0.803237 0
    outer loop
      vertex 86.3496 52.2945 2
      vertex 86.6255 52.0899 25.6
      vertex 86.3496 52.2945 25.6
    endloop
  endfacet
  facet normal -0.595659 -0.803237 -0
    outer loop
      vertex 86.6255 52.0899 25.6
      vertex 86.3496 52.2945 2
      vertex 86.6255 52.0899 2
    endloop
  endfacet
  facet normal 0.857698 0.514153 0
    outer loop
      vertex 91.6567 56.6499 25.6
      vertex 91.4801 56.9445 2
      vertex 91.4801 56.9445 25.6
    endloop
  endfacet
  facet normal 0.857698 0.514153 0
    outer loop
      vertex 91.4801 56.9445 2
      vertex 91.6567 56.6499 25.6
      vertex 91.6567 56.6499 2
    endloop
  endfacet
  facet normal -0.24281 -0.970074 0
    outer loop
      vertex 87.554 51.6507 2
      vertex 87.8872 51.5673 25.6
      vertex 87.554 51.6507 25.6
    endloop
  endfacet
  facet normal -0.24281 -0.970074 -0
    outer loop
      vertex 87.8872 51.5673 25.6
      vertex 87.554 51.6507 2
      vertex 87.8872 51.5673 2
    endloop
  endfacet
  facet normal -0.671454 0.741046 0
    outer loop
      vertex 86.3496 57.7055 2
      vertex 86.0951 57.4749 25.6
      vertex 86.3496 57.7055 25.6
    endloop
  endfacet
  facet normal -0.671454 0.741046 0
    outer loop
      vertex 86.0951 57.4749 25.6
      vertex 86.3496 57.7055 2
      vertex 86.0951 57.4749 2
    endloop
  endfacet
  facet normal -0.903939 -0.427661 0
    outer loop
      vertex 85.4833 53.3501 2
      vertex 85.3364 53.6606 25.6
      vertex 85.3364 53.6606 2
    endloop
  endfacet
  facet normal -0.903939 -0.427661 0
    outer loop
      vertex 85.3364 53.6606 25.6
      vertex 85.4833 53.3501 2
      vertex 85.4833 53.3501 25.6
    endloop
  endfacet
  facet normal 0.14676 0.989172 -0
    outer loop
      vertex 89.2528 58.4327 2
      vertex 88.9131 58.4831 25.6
      vertex 89.2528 58.4327 25.6
    endloop
  endfacet
  facet normal 0.14676 0.989172 0
    outer loop
      vertex 88.9131 58.4831 25.6
      vertex 89.2528 58.4327 2
      vertex 88.9131 58.4831 2
    endloop
  endfacet
  facet normal -0.857698 0.514153 0
    outer loop
      vertex 85.4833 56.6499 2
      vertex 85.6599 56.9445 25.6
      vertex 85.6599 56.9445 2
    endloop
  endfacet
  facet normal -0.857698 0.514153 0
    outer loop
      vertex 85.6599 56.9445 25.6
      vertex 85.4833 56.6499 2
      vertex 85.4833 56.6499 25.6
    endloop
  endfacet
  facet normal -0.989172 0.14676 0
    outer loop
      vertex 85.0869 55.3431 2
      vertex 85.1373 55.6828 25.6
      vertex 85.1373 55.6828 2
    endloop
  endfacet
  facet normal -0.989172 0.14676 0
    outer loop
      vertex 85.1373 55.6828 25.6
      vertex 85.0869 55.3431 2
      vertex 85.0869 55.3431 25.6
    endloop
  endfacet
  facet normal -0.970074 0.24281 0
    outer loop
      vertex 85.1373 55.6828 2
      vertex 85.2207 56.016 25.6
      vertex 85.2207 56.016 2
    endloop
  endfacet
  facet normal -0.970074 0.24281 0
    outer loop
      vertex 85.2207 56.016 25.6
      vertex 85.1373 55.6828 2
      vertex 85.1373 55.6828 25.6
    endloop
  endfacet
  facet normal -0.14676 -0.989172 0
    outer loop
      vertex 87.8872 51.5673 2
      vertex 88.2269 51.5169 25.6
      vertex 87.8872 51.5673 25.6
    endloop
  endfacet
  facet normal -0.14676 -0.989172 -0
    outer loop
      vertex 88.2269 51.5169 25.6
      vertex 87.8872 51.5673 2
      vertex 88.2269 51.5169 2
    endloop
  endfacet
  facet normal -0.427661 0.903939 0
    outer loop
      vertex 87.2306 58.2336 2
      vertex 86.9201 58.0867 25.6
      vertex 87.2306 58.2336 25.6
    endloop
  endfacet
  facet normal -0.427661 0.903939 0
    outer loop
      vertex 86.9201 58.0867 25.6
      vertex 87.2306 58.2336 2
      vertex 86.9201 58.0867 2
    endloop
  endfacet
  facet normal 0.741046 -0.671454 0
    outer loop
      vertex 91.0449 52.5251 25.6
      vertex 91.2755 52.7796 2
      vertex 91.2755 52.7796 25.6
    endloop
  endfacet
  facet normal 0.741046 -0.671454 0
    outer loop
      vertex 91.2755 52.7796 2
      vertex 91.0449 52.5251 25.6
      vertex 91.0449 52.5251 2
    endloop
  endfacet
  facet normal -0.941557 0.336853 0
    outer loop
      vertex 85.2207 56.016 2
      vertex 85.3364 56.3394 25.6
      vertex 85.3364 56.3394 2
    endloop
  endfacet
  facet normal -0.941557 0.336853 0
    outer loop
      vertex 85.3364 56.3394 25.6
      vertex 85.2207 56.016 2
      vertex 85.2207 56.016 25.6
    endloop
  endfacet
  facet normal -0.970074 -0.24281 0
    outer loop
      vertex 85.2207 53.984 2
      vertex 85.1373 54.3172 25.6
      vertex 85.1373 54.3172 2
    endloop
  endfacet
  facet normal -0.970074 -0.24281 0
    outer loop
      vertex 85.1373 54.3172 25.6
      vertex 85.2207 53.984 2
      vertex 85.2207 53.984 25.6
    endloop
  endfacet
  facet normal 0.24281 0.970074 -0
    outer loop
      vertex 89.586 58.3493 2
      vertex 89.2528 58.4327 25.6
      vertex 89.586 58.3493 25.6
    endloop
  endfacet
  facet normal 0.24281 0.970074 0
    outer loop
      vertex 89.2528 58.4327 25.6
      vertex 89.586 58.3493 2
      vertex 89.2528 58.4327 2
    endloop
  endfacet
  facet normal 0.427661 -0.903939 0
    outer loop
      vertex 89.9094 51.7664 2
      vertex 90.2199 51.9133 25.6
      vertex 89.9094 51.7664 25.6
    endloop
  endfacet
  facet normal 0.427661 -0.903939 0
    outer loop
      vertex 90.2199 51.9133 25.6
      vertex 89.9094 51.7664 2
      vertex 90.2199 51.9133 2
    endloop
  endfacet
  facet normal 0.514153 -0.857698 0
    outer loop
      vertex 90.2199 51.9133 2
      vertex 90.5145 52.0899 25.6
      vertex 90.2199 51.9133 25.6
    endloop
  endfacet
  facet normal 0.514153 -0.857698 0
    outer loop
      vertex 90.5145 52.0899 25.6
      vertex 90.2199 51.9133 2
      vertex 90.5145 52.0899 2
    endloop
  endfacet
  facet normal 0 0 1
    outer loop
      vertex 89.87 55 25.6
      vertex 92.07 55 25.6
      vertex 92.0531 55.3431 25.6
    endloop
  endfacet
  facet normal 0 0 1
    outer loop
      vertex 89.8637 55.1274 25.6
      vertex 92.0531 55.3431 25.6
      vertex 92.0027 55.6828 25.6
    endloop
  endfacet
  facet normal 0 0 1
    outer loop
      vertex 92.07 55 25.6
      vertex 89.87 55 25.6
      vertex 92.0531 54.6569 25.6
    endloop
  endfacet
  facet normal 0 0 1
    outer loop
      vertex 89.845 55.2536 25.6
      vertex 92.0027 55.6828 25.6
      vertex 91.9193 56.016 25.6
    endloop
  endfacet
  facet normal -0 0 1
    outer loop
      vertex 89.8637 54.8726 25.6
      vertex 92.0531 54.6569 25.6
      vertex 89.87 55 25.6
    endloop
  endfacet
  facet normal 0 0 1
    outer loop
      vertex 89.814 55.3774 25.6
      vertex 91.9193 56.016 25.6
      vertex 91.8036 56.3394 25.6
    endloop
  endfacet
  facet normal 0 0 1
    outer loop
      vertex 92.0531 54.6569 25.6
      vertex 89.8637 54.8726 25.6
      vertex 92.0027 54.3172 25.6
    endloop
  endfacet
  facet normal 0 0 1
    outer loop
      vertex 89.771 55.4975 25.6
      vertex 91.8036 56.3394 25.6
      vertex 91.6567 56.6499 25.6
    endloop
  endfacet
  facet normal -0 0 1
    outer loop
      vertex 89.845 54.7464 25.6
      vertex 92.0027 54.3172 25.6
      vertex 89.8637 54.8726 25.6
    endloop
  endfacet
  facet normal 0 0 1
    outer loop
      vertex 89.7165 55.6128 25.6
      vertex 91.6567 56.6499 25.6
      vertex 91.4801 56.9445 25.6
    endloop
  endfacet
  facet normal 0 0 1
    outer loop
      vertex 92.0027 54.3172 25.6
      vertex 89.845 54.7464 25.6
      vertex 91.9193 53.984 25.6
    endloop
  endfacet
  facet normal 0 0 1
    outer loop
      vertex 89.6509 55.7222 25.6
      vertex 91.4801 56.9445 25.6
      vertex 91.2755 57.2204 25.6
    endloop
  endfacet
  facet normal -0 0 1
    outer loop
      vertex 89.814 54.6226 25.6
      vertex 91.9193 53.984 25.6
      vertex 89.845 54.7464 25.6
    endloop
  endfacet
  facet normal 0 0 1
    outer loop
      vertex 89.5749 55.8247 25.6
      vertex 91.2755 57.2204 25.6
      vertex 91.0449 57.4749 25.6
    endloop
  endfacet
  facet normal 0 0 1
    outer loop
      vertex 91.9193 53.984 25.6
      vertex 89.814 54.6226 25.6
      vertex 91.8036 53.6606 25.6
    endloop
  endfacet
  facet normal 0 0 1
    outer loop
      vertex 89.4892 55.9192 25.6
      vertex 91.0449 57.4749 25.6
      vertex 90.7904 57.7055 25.6
    endloop
  endfacet
  facet normal -0 0 1
    outer loop
      vertex 89.771 54.5025 25.6
      vertex 91.8036 53.6606 25.6
      vertex 89.814 54.6226 25.6
    endloop
  endfacet
  facet normal 0 0 1
    outer loop
      vertex 89.3947 56.0049 25.6
      vertex 90.7904 57.7055 25.6
      vertex 90.5145 57.9101 25.6
    endloop
  endfacet
  facet normal 0 0 1
    outer loop
      vertex 91.8036 53.6606 25.6
      vertex 89.771 54.5025 25.6
      vertex 91.6567 53.3501 25.6
    endloop
  endfacet
  facet normal 0 0 1
    outer loop
      vertex 89.2922 56.0809 25.6
      vertex 90.5145 57.9101 25.6
      vertex 90.2199 58.0867 25.6
    endloop
  endfacet
  facet normal -0 0 1
    outer loop
      vertex 89.7165 54.3872 25.6
      vertex 91.6567 53.3501 25.6
      vertex 89.771 54.5025 25.6
    endloop
  endfacet
  facet normal 0 0 1
    outer loop
      vertex 89.1828 56.1465 25.6
      vertex 90.2199 58.0867 25.6
      vertex 89.9094 58.2336 25.6
    endloop
  endfacet
  facet normal 0 0 1
    outer loop
      vertex 91.6567 53.3501 25.6
      vertex 89.7165 54.3872 25.6
      vertex 91.4801 53.0555 25.6
    endloop
  endfacet
  facet normal -0 0 1
    outer loop
      vertex 89.6509 54.2778 25.6
      vertex 91.4801 53.0555 25.6
      vertex 89.7165 54.3872 25.6
    endloop
  endfacet
  facet normal 0 0 1
    outer loop
      vertex 92.0531 55.3431 25.6
      vertex 89.8637 55.1274 25.6
      vertex 89.87 55 25.6
    endloop
  endfacet
  facet normal 0 0 1
    outer loop
      vertex 92.0027 55.6828 25.6
      vertex 89.845 55.2536 25.6
      vertex 89.8637 55.1274 25.6
    endloop
  endfacet
  facet normal 0 0 1
    outer loop
      vertex 91.9193 56.016 25.6
      vertex 89.814 55.3774 25.6
      vertex 89.845 55.2536 25.6
    endloop
  endfacet
  facet normal 0 0 1
    outer loop
      vertex 91.8036 56.3394 25.6
      vertex 89.771 55.4975 25.6
      vertex 89.814 55.3774 25.6
    endloop
  endfacet
  facet normal 0 0 1
    outer loop
      vertex 91.6567 56.6499 25.6
      vertex 89.7165 55.6128 25.6
      vertex 89.771 55.4975 25.6
    endloop
  endfacet
  facet normal 0 0 1
    outer loop
      vertex 91.4801 56.9445 25.6
      vertex 89.6509 55.7222 25.6
      vertex 89.7165 55.6128 25.6
    endloop
  endfacet
  facet normal 0 0 1
    outer loop
      vertex 89.0675 56.201 25.6
      vertex 89.9094 58.2336 25.6
      vertex 89.586 58.3493 25.6
    endloop
  endfacet
  facet normal 0 0 1
    outer loop
      vertex 91.2755 57.2204 25.6
      vertex 89.5749 55.8247 25.6
      vertex 89.6509 55.7222 25.6
    endloop
  endfacet
  facet normal 0 0 1
    outer loop
      vertex 91.0449 57.4749 25.6
      vertex 89.4892 55.9192 25.6
      vertex 89.5749 55.8247 25.6
    endloop
  endfacet
  facet normal 0 0 1
    outer loop
      vertex 90.7904 57.7055 25.6
      vertex 89.3947 56.0049 25.6
      vertex 89.4892 55.9192 25.6
    endloop
  endfacet
  facet normal 0 0 1
    outer loop
      vertex 90.5145 57.9101 25.6
      vertex 89.2922 56.0809 25.6
      vertex 89.3947 56.0049 25.6
    endloop
  endfacet
  facet normal 0 0 1
    outer loop
      vertex 88.9474 56.244 25.6
      vertex 89.586 58.3493 25.6
      vertex 89.2528 58.4327 25.6
    endloop
  endfacet
  facet normal 0 0 1
    outer loop
      vertex 90.2199 58.0867 25.6
      vertex 89.1828 56.1465 25.6
      vertex 89.2922 56.0809 25.6
    endloop
  endfacet
  facet normal 0 0 1
    outer loop
      vertex 89.9094 58.2336 25.6
      vertex 89.0675 56.201 25.6
      vertex 89.1828 56.1465 25.6
    endloop
  endfacet
  facet normal 0 0 1
    outer loop
      vertex 89.586 58.3493 25.6
      vertex 88.9474 56.244 25.6
      vertex 89.0675 56.201 25.6
    endloop
  endfacet
  facet normal 0 0 1
    outer loop
      vertex 88.8236 56.275 25.6
      vertex 89.2528 58.4327 25.6
      vertex 88.9131 58.4831 25.6
    endloop
  endfacet
  facet normal 0 0 1
    outer loop
      vertex 89.2528 58.4327 25.6
      vertex 88.8236 56.275 25.6
      vertex 88.9474 56.244 25.6
    endloop
  endfacet
  facet normal 0 0 1
    outer loop
      vertex 88.9131 58.4831 25.6
      vertex 88.6974 56.2937 25.6
      vertex 88.8236 56.275 25.6
    endloop
  endfacet
  facet normal 0 0 1
    outer loop
      vertex 88.57 58.5 25.6
      vertex 88.6974 56.2937 25.6
      vertex 88.9131 58.4831 25.6
    endloop
  endfacet
  facet normal 0 0 1
    outer loop
      vertex 88.57 58.5 25.6
      vertex 88.57 56.3 25.6
      vertex 88.6974 56.2937 25.6
    endloop
  endfacet
  facet normal 0 0 1
    outer loop
      vertex 88.57 58.5 25.6
      vertex 88.4426 56.2937 25.6
      vertex 88.57 56.3 25.6
    endloop
  endfacet
  facet normal -0 0 1
    outer loop
      vertex 88.2269 58.4831 25.6
      vertex 88.4426 56.2937 25.6
      vertex 88.57 58.5 25.6
    endloop
  endfacet
  facet normal 0 0 1
    outer loop
      vertex 88.4426 56.2937 25.6
      vertex 88.2269 58.4831 25.6
      vertex 88.3164 56.275 25.6
    endloop
  endfacet
  facet normal -0 0 1
    outer loop
      vertex 87.8872 58.4327 25.6
      vertex 88.3164 56.275 25.6
      vertex 88.2269 58.4831 25.6
    endloop
  endfacet
  facet normal 0 0 1
    outer loop
      vertex 88.3164 56.275 25.6
      vertex 87.8872 58.4327 25.6
      vertex 88.1926 56.244 25.6
    endloop
  endfacet
  facet normal -0 0 1
    outer loop
      vertex 87.554 58.3493 25.6
      vertex 88.1926 56.244 25.6
      vertex 87.8872 58.4327 25.6
    endloop
  endfacet
  facet normal 0 0 1
    outer loop
      vertex 88.1926 56.244 25.6
      vertex 87.554 58.3493 25.6
      vertex 88.0725 56.201 25.6
    endloop
  endfacet
  facet normal -0 0 1
    outer loop
      vertex 87.2306 58.2336 25.6
      vertex 88.0725 56.201 25.6
      vertex 87.554 58.3493 25.6
    endloop
  endfacet
  facet normal 0 0 1
    outer loop
      vertex 88.0725 56.201 25.6
      vertex 87.2306 58.2336 25.6
      vertex 87.9572 56.1465 25.6
    endloop
  endfacet
  facet normal -0 0 1
    outer loop
      vertex 86.9201 58.0867 25.6
      vertex 87.9572 56.1465 25.6
      vertex 87.2306 58.2336 25.6
    endloop
  endfacet
  facet normal 0 0 1
    outer loop
      vertex 87.9572 56.1465 25.6
      vertex 86.9201 58.0867 25.6
      vertex 87.8478 56.0809 25.6
    endloop
  endfacet
  facet normal -0 0 1
    outer loop
      vertex 86.6255 57.9101 25.6
      vertex 87.8478 56.0809 25.6
      vertex 86.9201 58.0867 25.6
    endloop
  endfacet
  facet normal 0 0 1
    outer loop
      vertex 87.8478 56.0809 25.6
      vertex 86.6255 57.9101 25.6
      vertex 87.7453 56.0049 25.6
    endloop
  endfacet
  facet normal -0 0 1
    outer loop
      vertex 86.3496 57.7055 25.6
      vertex 87.7453 56.0049 25.6
      vertex 86.6255 57.9101 25.6
    endloop
  endfacet
  facet normal 0 0 1
    outer loop
      vertex 87.7453 56.0049 25.6
      vertex 86.3496 57.7055 25.6
      vertex 87.6508 55.9192 25.6
    endloop
  endfacet
  facet normal -0 0 1
    outer loop
      vertex 86.0951 57.4749 25.6
      vertex 87.6508 55.9192 25.6
      vertex 86.3496 57.7055 25.6
    endloop
  endfacet
  facet normal 0 0 1
    outer loop
      vertex 87.6508 55.9192 25.6
      vertex 86.0951 57.4749 25.6
      vertex 87.5651 55.8247 25.6
    endloop
  endfacet
  facet normal -0 0 1
    outer loop
      vertex 85.8645 57.2204 25.6
      vertex 87.5651 55.8247 25.6
      vertex 86.0951 57.4749 25.6
    endloop
  endfacet
  facet normal -0 0 1
    outer loop
      vertex 85.6599 56.9445 25.6
      vertex 87.4891 55.7222 25.6
      vertex 85.8645 57.2204 25.6
    endloop
  endfacet
  facet normal 0 0 1
    outer loop
      vertex 87.5651 55.8247 25.6
      vertex 85.8645 57.2204 25.6
      vertex 87.4891 55.7222 25.6
    endloop
  endfacet
  facet normal 0 0 1
    outer loop
      vertex 91.4801 53.0555 25.6
      vertex 89.6509 54.2778 25.6
      vertex 91.2755 52.7796 25.6
    endloop
  endfacet
  facet normal -0 0 1
    outer loop
      vertex 89.5749 54.1753 25.6
      vertex 91.2755 52.7796 25.6
      vertex 89.6509 54.2778 25.6
    endloop
  endfacet
  facet normal 0 0 1
    outer loop
      vertex 91.2755 52.7796 25.6
      vertex 89.5749 54.1753 25.6
      vertex 91.0449 52.5251 25.6
    endloop
  endfacet
  facet normal -0 0 1
    outer loop
      vertex 89.4892 54.0808 25.6
      vertex 91.0449 52.5251 25.6
      vertex 89.5749 54.1753 25.6
    endloop
  endfacet
  facet normal 0 0 1
    outer loop
      vertex 91.0449 52.5251 25.6
      vertex 89.4892 54.0808 25.6
      vertex 90.7904 52.2945 25.6
    endloop
  endfacet
  facet normal -0 0 1
    outer loop
      vertex 89.3947 53.9951 25.6
      vertex 90.7904 52.2945 25.6
      vertex 89.4892 54.0808 25.6
    endloop
  endfacet
  facet normal 0 0 1
    outer loop
      vertex 90.7904 52.2945 25.6
      vertex 89.3947 53.9951 25.6
      vertex 90.5145 52.0899 25.6
    endloop
  endfacet
  facet normal -0 0 1
    outer loop
      vertex 89.2922 53.9191 25.6
      vertex 90.5145 52.0899 25.6
      vertex 89.3947 53.9951 25.6
    endloop
  endfacet
  facet normal 0 0 1
    outer loop
      vertex 90.5145 52.0899 25.6
      vertex 89.2922 53.9191 25.6
      vertex 90.2199 51.9133 25.6
    endloop
  endfacet
  facet normal -0 0 1
    outer loop
      vertex 89.1828 53.8535 25.6
      vertex 90.2199 51.9133 25.6
      vertex 89.2922 53.9191 25.6
    endloop
  endfacet
  facet normal 0 0 1
    outer loop
      vertex 90.2199 51.9133 25.6
      vertex 89.1828 53.8535 25.6
      vertex 89.9094 51.7664 25.6
    endloop
  endfacet
  facet normal -0 0 1
    outer loop
      vertex 89.0675 53.799 25.6
      vertex 89.9094 51.7664 25.6
      vertex 89.1828 53.8535 25.6
    endloop
  endfacet
  facet normal 0 0 1
    outer loop
      vertex 89.9094 51.7664 25.6
      vertex 89.0675 53.799 25.6
      vertex 89.586 51.6507 25.6
    endloop
  endfacet
  facet normal -0 0 1
    outer loop
      vertex 88.9474 53.756 25.6
      vertex 89.586 51.6507 25.6
      vertex 89.0675 53.799 25.6
    endloop
  endfacet
  facet normal 0 0 1
    outer loop
      vertex 89.586 51.6507 25.6
      vertex 88.9474 53.756 25.6
      vertex 89.2528 51.5673 25.6
    endloop
  endfacet
  facet normal -0 0 1
    outer loop
      vertex 88.8236 53.725 25.6
      vertex 89.2528 51.5673 25.6
      vertex 88.9474 53.756 25.6
    endloop
  endfacet
  facet normal 0 0 1
    outer loop
      vertex 89.2528 51.5673 25.6
      vertex 88.8236 53.725 25.6
      vertex 88.9131 51.5169 25.6
    endloop
  endfacet
  facet normal -0 0 1
    outer loop
      vertex 88.6974 53.7063 25.6
      vertex 88.9131 51.5169 25.6
      vertex 88.8236 53.725 25.6
    endloop
  endfacet
  facet normal -0 0 1
    outer loop
      vertex 88.57 53.7 25.6
      vertex 88.9131 51.5169 25.6
      vertex 88.6974 53.7063 25.6
    endloop
  endfacet
  facet normal 0 0 1
    outer loop
      vertex 88.57 53.7 25.6
      vertex 88.57 51.5 25.6
      vertex 88.9131 51.5169 25.6
    endloop
  endfacet
  facet normal 0 0 1
    outer loop
      vertex 88.4426 53.7063 25.6
      vertex 88.57 51.5 25.6
      vertex 88.57 53.7 25.6
    endloop
  endfacet
  facet normal 0 0 1
    outer loop
      vertex 88.2269 51.5169 25.6
      vertex 88.4426 53.7063 25.6
      vertex 88.3164 53.725 25.6
    endloop
  endfacet
  facet normal 0 0 1
    outer loop
      vertex 88.4426 53.7063 25.6
      vertex 88.2269 51.5169 25.6
      vertex 88.57 51.5 25.6
    endloop
  endfacet
  facet normal 0 0 1
    outer loop
      vertex 87.8872 51.5673 25.6
      vertex 88.3164 53.725 25.6
      vertex 88.1926 53.756 25.6
    endloop
  endfacet
  facet normal 0 0 1
    outer loop
      vertex 87.554 51.6507 25.6
      vertex 88.1926 53.756 25.6
      vertex 88.0725 53.799 25.6
    endloop
  endfacet
  facet normal 0 0 1
    outer loop
      vertex 87.2306 51.7664 25.6
      vertex 88.0725 53.799 25.6
      vertex 87.9572 53.8535 25.6
    endloop
  endfacet
  facet normal 0 0 1
    outer loop
      vertex 88.3164 53.725 25.6
      vertex 87.8872 51.5673 25.6
      vertex 88.2269 51.5169 25.6
    endloop
  endfacet
  facet normal 0 0 1
    outer loop
      vertex 86.9201 51.9133 25.6
      vertex 87.9572 53.8535 25.6
      vertex 87.8478 53.9191 25.6
    endloop
  endfacet
  facet normal 0 0 1
    outer loop
      vertex 86.6255 52.0899 25.6
      vertex 87.8478 53.9191 25.6
      vertex 87.7453 53.9951 25.6
    endloop
  endfacet
  facet normal 0 0 1
    outer loop
      vertex 86.3496 52.2945 25.6
      vertex 87.7453 53.9951 25.6
      vertex 87.6508 54.0808 25.6
    endloop
  endfacet
  facet normal 0 0 1
    outer loop
      vertex 86.0951 52.5251 25.6
      vertex 87.6508 54.0808 25.6
      vertex 87.5651 54.1753 25.6
    endloop
  endfacet
  facet normal 0 0 1
    outer loop
      vertex 88.1926 53.756 25.6
      vertex 87.554 51.6507 25.6
      vertex 87.8872 51.5673 25.6
    endloop
  endfacet
  facet normal 0 0 1
    outer loop
      vertex 85.8645 52.7796 25.6
      vertex 87.5651 54.1753 25.6
      vertex 87.4891 54.2778 25.6
    endloop
  endfacet
  facet normal 0 0 1
    outer loop
      vertex 85.6599 53.0555 25.6
      vertex 87.4891 54.2778 25.6
      vertex 87.4235 54.3872 25.6
    endloop
  endfacet
  facet normal 0 0 1
    outer loop
      vertex 85.4833 53.3501 25.6
      vertex 87.4235 54.3872 25.6
      vertex 87.369 54.5025 25.6
    endloop
  endfacet
  facet normal 0 0 1
    outer loop
      vertex 85.3364 53.6606 25.6
      vertex 87.369 54.5025 25.6
      vertex 87.326 54.6226 25.6
    endloop
  endfacet
  facet normal 0 0 1
    outer loop
      vertex 85.2207 53.984 25.6
      vertex 87.326 54.6226 25.6
      vertex 87.295 54.7464 25.6
    endloop
  endfacet
  facet normal 0 0 1
    outer loop
      vertex 85.1373 54.3172 25.6
      vertex 87.295 54.7464 25.6
      vertex 87.2763 54.8726 25.6
    endloop
  endfacet
  facet normal 0 0 1
    outer loop
      vertex 88.0725 53.799 25.6
      vertex 87.2306 51.7664 25.6
      vertex 87.554 51.6507 25.6
    endloop
  endfacet
  facet normal 0 0 1
    outer loop
      vertex 85.0869 54.6569 25.6
      vertex 87.2763 54.8726 25.6
      vertex 87.27 55 25.6
    endloop
  endfacet
  facet normal 0 0 1
    outer loop
      vertex 87.4891 55.7222 25.6
      vertex 85.6599 56.9445 25.6
      vertex 87.4235 55.6128 25.6
    endloop
  endfacet
  facet normal -0 0 1
    outer loop
      vertex 85.4833 56.6499 25.6
      vertex 87.4235 55.6128 25.6
      vertex 85.6599 56.9445 25.6
    endloop
  endfacet
  facet normal 0 0 1
    outer loop
      vertex 87.9572 53.8535 25.6
      vertex 86.9201 51.9133 25.6
      vertex 87.2306 51.7664 25.6
    endloop
  endfacet
  facet normal 0 0 1
    outer loop
      vertex 87.4235 55.6128 25.6
      vertex 85.4833 56.6499 25.6
      vertex 87.369 55.4975 25.6
    endloop
  endfacet
  facet normal 0 0 1
    outer loop
      vertex 87.8478 53.9191 25.6
      vertex 86.6255 52.0899 25.6
      vertex 86.9201 51.9133 25.6
    endloop
  endfacet
  facet normal -0 0 1
    outer loop
      vertex 85.3364 56.3394 25.6
      vertex 87.369 55.4975 25.6
      vertex 85.4833 56.6499 25.6
    endloop
  endfacet
  facet normal 0 0 1
    outer loop
      vertex 87.7453 53.9951 25.6
      vertex 86.3496 52.2945 25.6
      vertex 86.6255 52.0899 25.6
    endloop
  endfacet
  facet normal 0 0 1
    outer loop
      vertex 87.369 55.4975 25.6
      vertex 85.3364 56.3394 25.6
      vertex 87.326 55.3774 25.6
    endloop
  endfacet
  facet normal 0 0 1
    outer loop
      vertex 87.6508 54.0808 25.6
      vertex 86.0951 52.5251 25.6
      vertex 86.3496 52.2945 25.6
    endloop
  endfacet
  facet normal -0 0 1
    outer loop
      vertex 85.2207 56.016 25.6
      vertex 87.326 55.3774 25.6
      vertex 85.3364 56.3394 25.6
    endloop
  endfacet
  facet normal 0 0 1
    outer loop
      vertex 87.5651 54.1753 25.6
      vertex 85.8645 52.7796 25.6
      vertex 86.0951 52.5251 25.6
    endloop
  endfacet
  facet normal 0 0 1
    outer loop
      vertex 87.326 55.3774 25.6
      vertex 85.2207 56.016 25.6
      vertex 87.295 55.2536 25.6
    endloop
  endfacet
  facet normal 0 0 1
    outer loop
      vertex 87.4891 54.2778 25.6
      vertex 85.6599 53.0555 25.6
      vertex 85.8645 52.7796 25.6
    endloop
  endfacet
  facet normal -0 0 1
    outer loop
      vertex 85.1373 55.6828 25.6
      vertex 87.295 55.2536 25.6
      vertex 85.2207 56.016 25.6
    endloop
  endfacet
  facet normal 0 0 1
    outer loop
      vertex 87.4235 54.3872 25.6
      vertex 85.4833 53.3501 25.6
      vertex 85.6599 53.0555 25.6
    endloop
  endfacet
  facet normal 0 0 1
    outer loop
      vertex 87.295 55.2536 25.6
      vertex 85.1373 55.6828 25.6
      vertex 87.2763 55.1274 25.6
    endloop
  endfacet
  facet normal 0 0 1
    outer loop
      vertex 87.369 54.5025 25.6
      vertex 85.3364 53.6606 25.6
      vertex 85.4833 53.3501 25.6
    endloop
  endfacet
  facet normal -0 0 1
    outer loop
      vertex 85.0869 55.3431 25.6
      vertex 87.2763 55.1274 25.6
      vertex 85.1373 55.6828 25.6
    endloop
  endfacet
  facet normal 0 0 1
    outer loop
      vertex 87.326 54.6226 25.6
      vertex 85.2207 53.984 25.6
      vertex 85.3364 53.6606 25.6
    endloop
  endfacet
  facet normal 0 0 1
    outer loop
      vertex 87.2763 55.1274 25.6
      vertex 85.0869 55.3431 25.6
      vertex 87.27 55 25.6
    endloop
  endfacet
  facet normal 0 0 1
    outer loop
      vertex 87.295 54.7464 25.6
      vertex 85.1373 54.3172 25.6
      vertex 85.2207 53.984 25.6
    endloop
  endfacet
  facet normal 0 0 1
    outer loop
      vertex 85.07 55 25.6
      vertex 87.27 55 25.6
      vertex 85.0869 55.3431 25.6
    endloop
  endfacet
  facet normal 0 0 1
    outer loop
      vertex 87.2763 54.8726 25.6
      vertex 85.0869 54.6569 25.6
      vertex 85.1373 54.3172 25.6
    endloop
  endfacet
  facet normal 0 0 1
    outer loop
      vertex 87.27 55 25.6
      vertex 85.07 55 25.6
      vertex 85.0869 54.6569 25.6
    endloop
  endfacet
  facet normal -0.514153 0.857698 0
    outer loop
      vertex 86.9201 58.0867 2
      vertex 86.6255 57.9101 25.6
      vertex 86.9201 58.0867 25.6
    endloop
  endfacet
  facet normal -0.514153 0.857698 0
    outer loop
      vertex 86.6255 57.9101 25.6
      vertex 86.9201 58.0867 2
      vertex 86.6255 57.9101 2
    endloop
  endfacet
  facet normal -0.903939 0.427661 0
    outer loop
      vertex 85.3364 56.3394 2
      vertex 85.4833 56.6499 25.6
      vertex 85.4833 56.6499 2
    endloop
  endfacet
  facet normal -0.903939 0.427661 0
    outer loop
      vertex 85.4833 56.6499 25.6
      vertex 85.3364 56.3394 2
      vertex 85.3364 56.3394 25.6
    endloop
  endfacet
  facet normal -0.514153 -0.857698 0
    outer loop
      vertex 86.6255 52.0899 2
      vertex 86.9201 51.9133 25.6
      vertex 86.6255 52.0899 25.6
    endloop
  endfacet
  facet normal -0.514153 -0.857698 -0
    outer loop
      vertex 86.9201 51.9133 25.6
      vertex 86.6255 52.0899 2
      vertex 86.9201 51.9133 2
    endloop
  endfacet
  facet normal 0.146722 -0.989178 0
    outer loop
      vertex 90.1583 -1.97351 0
      vertex 90.741 -1.88708 2
      vertex 90.1583 -1.97351 2
    endloop
  endfacet
  facet normal 0.146722 -0.989178 0
    outer loop
      vertex 90.741 -1.88708 2
      vertex 90.1583 -1.97351 0
      vertex 90.741 -1.88708 0
    endloop
  endfacet
  facet normal 0.242951 -0.970039 0
    outer loop
      vertex 90.741 -1.88708 0
      vertex 91.3124 -1.74397 2
      vertex 90.741 -1.88708 2
    endloop
  endfacet
  facet normal 0.242951 -0.970039 0
    outer loop
      vertex 91.3124 -1.74397 2
      vertex 90.741 -1.88708 0
      vertex 91.3124 -1.74397 0
    endloop
  endfacet
  facet normal 0.336906 -0.941538 0
    outer loop
      vertex 91.3124 -1.74397 0
      vertex 91.867 -1.54552 2
      vertex 91.3124 -1.74397 2
    endloop
  endfacet
  facet normal 0.336906 -0.941538 0
    outer loop
      vertex 91.867 -1.54552 2
      vertex 91.3124 -1.74397 0
      vertex 91.867 -1.54552 0
    endloop
  endfacet
  facet normal 0.427564 -0.903985 0
    outer loop
      vertex 91.867 -1.54552 0
      vertex 92.3995 -1.29366 2
      vertex 91.867 -1.54552 2
    endloop
  endfacet
  facet normal 0.427564 -0.903985 0
    outer loop
      vertex 92.3995 -1.29366 2
      vertex 91.867 -1.54552 0
      vertex 92.3995 -1.29366 0
    endloop
  endfacet
  facet normal 0.51406 -0.857754 0
    outer loop
      vertex 92.3995 -1.29366 0
      vertex 92.9048 -0.990829 2
      vertex 92.3995 -1.29366 2
    endloop
  endfacet
  facet normal 0.51406 -0.857754 0
    outer loop
      vertex 92.9048 -0.990829 2
      vertex 92.3995 -1.29366 0
      vertex 92.9048 -0.990829 0
    endloop
  endfacet
  facet normal 0.595699 -0.803207 0
    outer loop
      vertex 92.9048 -0.990829 0
      vertex 93.3779 -0.639954 2
      vertex 92.9048 -0.990829 2
    endloop
  endfacet
  facet normal 0.595699 -0.803207 0
    outer loop
      vertex 93.3779 -0.639954 2
      vertex 92.9048 -0.990829 0
      vertex 93.3779 -0.639954 0
    endloop
  endfacet
  facet normal 0.671624 -0.740892 0
    outer loop
      vertex 93.3779 -0.639954 0
      vertex 93.8143 -0.244354 2
      vertex 93.3779 -0.639954 2
    endloop
  endfacet
  facet normal 0.671624 -0.740892 0
    outer loop
      vertex 93.8143 -0.244354 2
      vertex 93.3779 -0.639954 0
      vertex 93.8143 -0.244354 0
    endloop
  endfacet
  facet normal 0.740928 -0.671585 0
    outer loop
      vertex 93.8143 -0.244354 2
      vertex 94.2099 0.192093 0
      vertex 94.2099 0.192093 2
    endloop
  endfacet
  facet normal 0.740928 -0.671585 0
    outer loop
      vertex 94.2099 0.192093 0
      vertex 93.8143 -0.244354 2
      vertex 93.8143 -0.244354 0
    endloop
  endfacet
  facet normal 0.803214 -0.595691 0
    outer loop
      vertex 94.2099 0.192093 2
      vertex 94.5608 0.665237 0
      vertex 94.5608 0.665237 2
    endloop
  endfacet
  facet normal 0.803214 -0.595691 0
    outer loop
      vertex 94.5608 0.665237 0
      vertex 94.2099 0.192093 2
      vertex 94.2099 0.192093 0
    endloop
  endfacet
  facet normal 0.857761 -0.514049 0
    outer loop
      vertex 94.5608 0.665237 2
      vertex 94.8636 1.1705 0
      vertex 94.8636 1.1705 2
    endloop
  endfacet
  facet normal 0.857761 -0.514049 0
    outer loop
      vertex 94.8636 1.1705 0
      vertex 94.5608 0.665237 2
      vertex 94.5608 0.665237 0
    endloop
  endfacet
  facet normal 0.90394 -0.427659 0
    outer loop
      vertex 94.8636 1.1705 2
      vertex 95.1155 1.70294 0
      vertex 95.1155 1.70294 2
    endloop
  endfacet
  facet normal 0.90394 -0.427659 0
    outer loop
      vertex 95.1155 1.70294 0
      vertex 94.8636 1.1705 2
      vertex 94.8636 1.1705 0
    endloop
  endfacet
  facet normal 0.941571 -0.336815 0
    outer loop
      vertex 95.1155 1.70294 2
      vertex 95.3139 2.25757 0
      vertex 95.3139 2.25757 2
    endloop
  endfacet
  facet normal 0.941571 -0.336815 0
    outer loop
      vertex 95.3139 2.25757 0
      vertex 95.1155 1.70294 2
      vertex 95.1155 1.70294 0
    endloop
  endfacet
  facet normal 0.970002 -0.243099 0
    outer loop
      vertex 95.3139 2.25757 2
      vertex 95.4571 2.82896 0
      vertex 95.4571 2.82896 2
    endloop
  endfacet
  facet normal 0.970002 -0.243099 0
    outer loop
      vertex 95.4571 2.82896 0
      vertex 95.3139 2.25757 2
      vertex 95.3139 2.25757 0
    endloop
  endfacet
  facet normal 0.989185 -0.146674 0
    outer loop
      vertex 95.4571 2.82896 2
      vertex 95.5435 3.41165 0
      vertex 95.5435 3.41165 2
    endloop
  endfacet
  facet normal 0.989185 -0.146674 0
    outer loop
      vertex 95.5435 3.41165 0
      vertex 95.4571 2.82896 2
      vertex 95.4571 2.82896 0
    endloop
  endfacet
  facet normal 0.998795 -0.0490822 0
    outer loop
      vertex 95.5435 3.41165 2
      vertex 95.57 3.95091 0
      vertex 95.57 3.95091 2
    endloop
  endfacet
  facet normal 0.998795 -0.0490822 0
    outer loop
      vertex 95.57 3.95091 0
      vertex 95.5435 3.41165 2
      vertex 95.5435 3.41165 0
    endloop
  endfacet
  facet normal 1 -0 0
    outer loop
      vertex 95.57 3.95091 2
      vertex 95.57 57.0491 0
      vertex 95.57 57.0491 2
    endloop
  endfacet
  facet normal 1 0 0
    outer loop
      vertex 95.57 57.0491 0
      vertex 95.57 3.95091 2
      vertex 95.57 3.95091 0
    endloop
  endfacet
  facet normal 0.998794 0.0490876 0
    outer loop
      vertex 95.57 57.0491 2
      vertex 95.5435 57.5883 0
      vertex 95.5435 57.5883 2
    endloop
  endfacet
  facet normal 0.998794 0.0490876 0
    outer loop
      vertex 95.5435 57.5883 0
      vertex 95.57 57.0491 2
      vertex 95.57 57.0491 0
    endloop
  endfacet
  facet normal 0.989185 0.146672 0
    outer loop
      vertex 95.5435 57.5883 2
      vertex 95.4571 58.171 0
      vertex 95.4571 58.171 2
    endloop
  endfacet
  facet normal 0.989185 0.146672 0
    outer loop
      vertex 95.4571 58.171 0
      vertex 95.5435 57.5883 2
      vertex 95.5435 57.5883 0
    endloop
  endfacet
  facet normal 0.970003 0.243095 0
    outer loop
      vertex 95.4571 58.171 2
      vertex 95.3139 58.7424 0
      vertex 95.3139 58.7424 2
    endloop
  endfacet
  facet normal 0.970003 0.243095 0
    outer loop
      vertex 95.3139 58.7424 0
      vertex 95.4571 58.171 2
      vertex 95.4571 58.171 0
    endloop
  endfacet
  facet normal 0.941565 0.336831 0
    outer loop
      vertex 95.3139 58.7424 2
      vertex 95.1155 59.297 0
      vertex 95.1155 59.297 2
    endloop
  endfacet
  facet normal 0.941565 0.336831 0
    outer loop
      vertex 95.1155 59.297 0
      vertex 95.3139 58.7424 2
      vertex 95.3139 58.7424 0
    endloop
  endfacet
  facet normal 0.903959 0.427619 0
    outer loop
      vertex 95.1155 59.297 2
      vertex 94.8636 59.8295 0
      vertex 94.8636 59.8295 2
    endloop
  endfacet
  facet normal 0.903959 0.427619 0
    outer loop
      vertex 94.8636 59.8295 0
      vertex 95.1155 59.297 2
      vertex 95.1155 59.297 0
    endloop
  endfacet
  facet normal 0.857733 0.514096 0
    outer loop
      vertex 94.8636 59.8295 2
      vertex 94.5608 60.3347 0
      vertex 94.5608 60.3347 2
    endloop
  endfacet
  facet normal 0.857733 0.514096 0
    outer loop
      vertex 94.5608 60.3347 0
      vertex 94.8636 59.8295 2
      vertex 94.8636 59.8295 0
    endloop
  endfacet
  facet normal 0.803247 0.595646 0
    outer loop
      vertex 94.5608 60.3347 2
      vertex 94.2099 60.8079 0
      vertex 94.2099 60.8079 2
    endloop
  endfacet
  facet normal 0.803247 0.595646 0
    outer loop
      vertex 94.2099 60.8079 0
      vertex 94.5608 60.3347 2
      vertex 94.5608 60.3347 0
    endloop
  endfacet
  facet normal 0.740892 0.671624 0
    outer loop
      vertex 94.2099 60.8079 2
      vertex 93.8143 61.2443 0
      vertex 93.8143 61.2443 2
    endloop
  endfacet
  facet normal 0.740892 0.671624 0
    outer loop
      vertex 93.8143 61.2443 0
      vertex 94.2099 60.8079 2
      vertex 94.2099 60.8079 0
    endloop
  endfacet
  facet normal 0.671624 0.740892 -0
    outer loop
      vertex 93.8143 61.2443 0
      vertex 93.3779 61.6399 2
      vertex 93.8143 61.2443 2
    endloop
  endfacet
  facet normal 0.671624 0.740892 0
    outer loop
      vertex 93.3779 61.6399 2
      vertex 93.8143 61.2443 0
      vertex 93.3779 61.6399 0
    endloop
  endfacet
  facet normal 0.595727 0.803187 -0
    outer loop
      vertex 93.3779 61.6399 0
      vertex 92.9048 61.9908 2
      vertex 93.3779 61.6399 2
    endloop
  endfacet
  facet normal 0.595727 0.803187 0
    outer loop
      vertex 92.9048 61.9908 2
      vertex 93.3779 61.6399 0
      vertex 92.9048 61.9908 0
    endloop
  endfacet
  facet normal 0.514021 0.857777 -0
    outer loop
      vertex 92.9048 61.9908 0
      vertex 92.3995 62.2936 2
      vertex 92.9048 61.9908 2
    endloop
  endfacet
  facet normal 0.514021 0.857777 0
    outer loop
      vertex 92.3995 62.2936 2
      vertex 92.9048 61.9908 0
      vertex 92.3995 62.2936 0
    endloop
  endfacet
  facet normal 0.427619 0.903959 -0
    outer loop
      vertex 92.3995 62.2936 0
      vertex 91.867 62.5455 2
      vertex 92.3995 62.2936 2
    endloop
  endfacet
  facet normal 0.427619 0.903959 0
    outer loop
      vertex 91.867 62.5455 2
      vertex 92.3995 62.2936 0
      vertex 91.867 62.5455 0
    endloop
  endfacet
  facet normal 0.336982 0.941511 -0
    outer loop
      vertex 91.867 62.5455 0
      vertex 91.3124 62.744 2
      vertex 91.867 62.5455 2
    endloop
  endfacet
  facet normal 0.336982 0.941511 0
    outer loop
      vertex 91.3124 62.744 2
      vertex 91.867 62.5455 0
      vertex 91.3124 62.744 0
    endloop
  endfacet
  facet normal 0.242935 0.970043 -0
    outer loop
      vertex 91.3124 62.744 0
      vertex 90.741 62.8871 2
      vertex 91.3124 62.744 2
    endloop
  endfacet
  facet normal 0.242935 0.970043 0
    outer loop
      vertex 90.741 62.8871 2
      vertex 91.3124 62.744 0
      vertex 90.741 62.8871 0
    endloop
  endfacet
  facet normal 0.146696 0.989182 -0
    outer loop
      vertex 90.741 62.8871 0
      vertex 90.1584 62.9735 2
      vertex 90.741 62.8871 2
    endloop
  endfacet
  facet normal 0.146696 0.989182 0
    outer loop
      vertex 90.1584 62.9735 2
      vertex 90.741 62.8871 0
      vertex 90.1584 62.9735 0
    endloop
  endfacet
  facet normal 0.0490786 0.998795 -0
    outer loop
      vertex 90.1584 62.9735 0
      vertex 89.6191 63 2
      vertex 90.1584 62.9735 2
    endloop
  endfacet
  facet normal 0.0490786 0.998795 0
    outer loop
      vertex 89.6191 63 2
      vertex 90.1584 62.9735 0
      vertex 89.6191 63 0
    endloop
  endfacet
  facet normal 0 1 -0
    outer loop
      vertex 89.6191 63 0
      vertex 3.95088 63 2
      vertex 89.6191 63 2
    endloop
  endfacet
  facet normal 0 1 0
    outer loop
      vertex 3.95088 63 2
      vertex 89.6191 63 0
      vertex 3.95088 63 0
    endloop
  endfacet
  facet normal -0.0490822 0.998795 0
    outer loop
      vertex 3.95088 63 0
      vertex 3.41162 62.9735 2
      vertex 3.95088 63 2
    endloop
  endfacet
  facet normal -0.0490822 0.998795 0
    outer loop
      vertex 3.41162 62.9735 2
      vertex 3.95088 63 0
      vertex 3.41162 62.9735 0
    endloop
  endfacet
  facet normal -0.146694 0.989182 0
    outer loop
      vertex 3.41162 62.9735 0
      vertex 2.82901 62.8871 2
      vertex 3.41162 62.9735 2
    endloop
  endfacet
  facet normal -0.146694 0.989182 0
    outer loop
      vertex 2.82901 62.8871 2
      vertex 3.41162 62.9735 0
      vertex 2.82901 62.8871 0
    endloop
  endfacet
  facet normal -0.242931 0.970044 0
    outer loop
      vertex 2.82901 62.8871 0
      vertex 2.2576 62.744 2
      vertex 2.82901 62.8871 2
    endloop
  endfacet
  facet normal -0.242931 0.970044 0
    outer loop
      vertex 2.2576 62.744 2
      vertex 2.82901 62.8871 0
      vertex 2.2576 62.744 0
    endloop
  endfacet
  facet normal -0.336949 0.941523 0
    outer loop
      vertex 2.2576 62.744 0
      vertex 1.70294 62.5455 2
      vertex 2.2576 62.744 2
    endloop
  endfacet
  facet normal -0.336949 0.941523 0
    outer loop
      vertex 1.70294 62.5455 2
      vertex 2.2576 62.744 0
      vertex 1.70294 62.5455 0
    endloop
  endfacet
  facet normal -0.427639 0.90395 0
    outer loop
      vertex 1.70294 62.5455 0
      vertex 1.17047 62.2936 2
      vertex 1.70294 62.5455 2
    endloop
  endfacet
  facet normal -0.427639 0.90395 0
    outer loop
      vertex 1.17047 62.2936 2
      vertex 1.70294 62.5455 0
      vertex 1.17047 62.2936 0
    endloop
  endfacet
  facet normal -0.514072 0.857747 0
    outer loop
      vertex 1.17047 62.2936 0
      vertex 0.665237 61.9908 2
      vertex 1.17047 62.2936 2
    endloop
  endfacet
  facet normal -0.514072 0.857747 0
    outer loop
      vertex 0.665237 61.9908 2
      vertex 1.17047 62.2936 0
      vertex 0.665237 61.9908 0
    endloop
  endfacet
  facet normal -0.595691 0.803214 0
    outer loop
      vertex 0.665237 61.9908 0
      vertex 0.192093 61.6399 2
      vertex 0.665237 61.9908 2
    endloop
  endfacet
  facet normal -0.595691 0.803214 0
    outer loop
      vertex 0.192093 61.6399 2
      vertex 0.665237 61.9908 0
      vertex 0.192093 61.6399 0
    endloop
  endfacet
  facet normal -0.671585 0.740928 0
    outer loop
      vertex 0.192093 61.6399 0
      vertex -0.244354 61.2443 2
      vertex 0.192093 61.6399 2
    endloop
  endfacet
  facet normal -0.671585 0.740928 0
    outer loop
      vertex -0.244354 61.2443 2
      vertex 0.192093 61.6399 0
      vertex -0.244354 61.2443 0
    endloop
  endfacet
  facet normal -0.740905 0.671609 0
    outer loop
      vertex -0.639938 60.8079 0
      vertex -0.244354 61.2443 2
      vertex -0.244354 61.2443 0
    endloop
  endfacet
  facet normal -0.740905 0.671609 0
    outer loop
      vertex -0.244354 61.2443 2
      vertex -0.639938 60.8079 0
      vertex -0.639938 60.8079 2
    endloop
  endfacet
  facet normal -0.803255 0.595636 0
    outer loop
      vertex -0.990829 60.3347 0
      vertex -0.639938 60.8079 2
      vertex -0.639938 60.8079 0
    endloop
  endfacet
  facet normal -0.803255 0.595636 0
    outer loop
      vertex -0.639938 60.8079 2
      vertex -0.990829 60.3347 0
      vertex -0.990829 60.3347 2
    endloop
  endfacet
  facet normal -0.857709 0.514135 0
    outer loop
      vertex -1.29366 59.8295 0
      vertex -0.990829 60.3347 2
      vertex -0.990829 60.3347 0
    endloop
  endfacet
  facet normal -0.857709 0.514135 0
    outer loop
      vertex -0.990829 60.3347 2
      vertex -1.29366 59.8295 0
      vertex -1.29366 59.8295 2
    endloop
  endfacet
  facet normal -0.903998 0.427536 0
    outer loop
      vertex -1.5455 59.297 0
      vertex -1.29366 59.8295 2
      vertex -1.29366 59.8295 0
    endloop
  endfacet
  facet normal -0.903998 0.427536 0
    outer loop
      vertex -1.29366 59.8295 2
      vertex -1.5455 59.297 0
      vertex -1.5455 59.297 2
    endloop
  endfacet
  facet normal -0.941527 0.336936 0
    outer loop
      vertex -1.74397 58.7424 0
      vertex -1.5455 59.297 2
      vertex -1.5455 59.297 0
    endloop
  endfacet
  facet normal -0.941527 0.336936 0
    outer loop
      vertex -1.5455 59.297 2
      vertex -1.74397 58.7424 0
      vertex -1.74397 58.7424 2
    endloop
  endfacet
  facet normal -0.970039 0.242951 0
    outer loop
      vertex -1.88708 58.171 0
      vertex -1.74397 58.7424 2
      vertex -1.74397 58.7424 0
    endloop
  endfacet
  facet normal -0.970039 0.242951 0
    outer loop
      vertex -1.74397 58.7424 2
      vertex -1.88708 58.171 0
      vertex -1.88708 58.171 2
    endloop
  endfacet
  facet normal -0.989178 0.146722 0
    outer loop
      vertex -1.97351 57.5883 0
      vertex -1.88708 58.171 2
      vertex -1.88708 58.171 0
    endloop
  endfacet
  facet normal -0.989178 0.146722 0
    outer loop
      vertex -1.88708 58.171 2
      vertex -1.97351 57.5883 0
      vertex -1.97351 57.5883 2
    endloop
  endfacet
  facet normal -0.998795 0.0490692 0
    outer loop
      vertex -2 57.0491 0
      vertex -1.97351 57.5883 2
      vertex -1.97351 57.5883 0
    endloop
  endfacet
  facet normal -0.998795 0.0490692 0
    outer loop
      vertex -1.97351 57.5883 2
      vertex -2 57.0491 0
      vertex -2 57.0491 2
    endloop
  endfacet
  facet normal -1 0 0
    outer loop
      vertex -2 3.95091 0
      vertex -2 57.0491 2
      vertex -2 57.0491 0
    endloop
  endfacet
  facet normal -1 -0 0
    outer loop
      vertex -2 57.0491 2
      vertex -2 3.95091 0
      vertex -2 3.95091 2
    endloop
  endfacet
  facet normal -0.998796 -0.0490637 0
    outer loop
      vertex -1.97351 3.41165 0
      vertex -2 3.95091 2
      vertex -2 3.95091 0
    endloop
  endfacet
  facet normal -0.998796 -0.0490637 0
    outer loop
      vertex -2 3.95091 2
      vertex -1.97351 3.41165 0
      vertex -1.97351 3.41165 2
    endloop
  endfacet
  facet normal -0.989176 -0.146736 0
    outer loop
      vertex -1.88708 2.82901 0
      vertex -1.97351 3.41165 2
      vertex -1.97351 3.41165 0
    endloop
  endfacet
  facet normal -0.989176 -0.146736 0
    outer loop
      vertex -1.97351 3.41165 2
      vertex -1.88708 2.82901 0
      vertex -1.88708 2.82901 2
    endloop
  endfacet
  facet normal -0.97004 -0.242947 0
    outer loop
      vertex -1.74397 2.2576 0
      vertex -1.88708 2.82901 2
      vertex -1.88708 2.82901 0
    endloop
  endfacet
  facet normal -0.97004 -0.242947 0
    outer loop
      vertex -1.88708 2.82901 2
      vertex -1.74397 2.2576 0
      vertex -1.74397 2.2576 2
    endloop
  endfacet
  facet normal -0.941539 -0.336904 0
    outer loop
      vertex -1.5455 1.70294 0
      vertex -1.74397 2.2576 2
      vertex -1.74397 2.2576 0
    endloop
  endfacet
  facet normal -0.941539 -0.336904 0
    outer loop
      vertex -1.74397 2.2576 2
      vertex -1.5455 1.70294 0
      vertex -1.5455 1.70294 2
    endloop
  endfacet
  facet normal -0.903989 -0.427556 0
    outer loop
      vertex -1.29366 1.17047 0
      vertex -1.5455 1.70294 2
      vertex -1.5455 1.70294 0
    endloop
  endfacet
  facet normal -0.903989 -0.427556 0
    outer loop
      vertex -1.5455 1.70294 2
      vertex -1.29366 1.17047 0
      vertex -1.29366 1.17047 2
    endloop
  endfacet
  facet normal -0.857724 -0.51411 0
    outer loop
      vertex -0.990829 0.665237 0
      vertex -1.29366 1.17047 2
      vertex -1.29366 1.17047 0
    endloop
  endfacet
  facet normal -0.857724 -0.51411 0
    outer loop
      vertex -1.29366 1.17047 2
      vertex -0.990829 0.665237 0
      vertex -0.990829 0.665237 2
    endloop
  endfacet
  facet normal -0.803221 -0.595681 0
    outer loop
      vertex -0.639938 0.192093 0
      vertex -0.990829 0.665237 2
      vertex -0.990829 0.665237 0
    endloop
  endfacet
  facet normal -0.803221 -0.595681 0
    outer loop
      vertex -0.990829 0.665237 2
      vertex -0.639938 0.192093 0
      vertex -0.639938 0.192093 2
    endloop
  endfacet
  facet normal -0.740941 -0.67157 0
    outer loop
      vertex -0.244354 -0.244354 0
      vertex -0.639938 0.192093 2
      vertex -0.639938 0.192093 0
    endloop
  endfacet
  facet normal -0.740941 -0.67157 0
    outer loop
      vertex -0.639938 0.192093 2
      vertex -0.244354 -0.244354 0
      vertex -0.244354 -0.244354 2
    endloop
  endfacet
  facet normal -0.67157 -0.740941 0
    outer loop
      vertex -0.244354 -0.244354 0
      vertex 0.192093 -0.639938 2
      vertex -0.244354 -0.244354 2
    endloop
  endfacet
  facet normal -0.67157 -0.740941 -0
    outer loop
      vertex 0.192093 -0.639938 2
      vertex -0.244354 -0.244354 0
      vertex 0.192093 -0.639938 0
    endloop
  endfacet
  facet normal -0.595681 -0.803221 0
    outer loop
      vertex 0.192093 -0.639938 0
      vertex 0.665237 -0.990829 2
      vertex 0.192093 -0.639938 2
    endloop
  endfacet
  facet normal -0.595681 -0.803221 -0
    outer loop
      vertex 0.665237 -0.990829 2
      vertex 0.192093 -0.639938 0
      vertex 0.665237 -0.990829 0
    endloop
  endfacet
  facet normal -0.51411 -0.857724 0
    outer loop
      vertex 0.665237 -0.990829 0
      vertex 1.17047 -1.29366 2
      vertex 0.665237 -0.990829 2
    endloop
  endfacet
  facet normal -0.51411 -0.857724 -0
    outer loop
      vertex 1.17047 -1.29366 2
      vertex 0.665237 -0.990829 0
      vertex 1.17047 -1.29366 0
    endloop
  endfacet
  facet normal -0.427556 -0.903989 0
    outer loop
      vertex 1.17047 -1.29366 0
      vertex 1.70294 -1.5455 2
      vertex 1.17047 -1.29366 2
    endloop
  endfacet
  facet normal -0.427556 -0.903989 -0
    outer loop
      vertex 1.70294 -1.5455 2
      vertex 1.17047 -1.29366 0
      vertex 1.70294 -1.5455 0
    endloop
  endfacet
  facet normal -0.336904 -0.941539 0
    outer loop
      vertex 1.70294 -1.5455 0
      vertex 2.2576 -1.74397 2
      vertex 1.70294 -1.5455 2
    endloop
  endfacet
  facet normal -0.336904 -0.941539 -0
    outer loop
      vertex 2.2576 -1.74397 2
      vertex 1.70294 -1.5455 0
      vertex 2.2576 -1.74397 0
    endloop
  endfacet
  facet normal -0.242947 -0.97004 0
    outer loop
      vertex 2.2576 -1.74397 0
      vertex 2.82901 -1.88708 2
      vertex 2.2576 -1.74397 2
    endloop
  endfacet
  facet normal -0.242947 -0.97004 -0
    outer loop
      vertex 2.82901 -1.88708 2
      vertex 2.2576 -1.74397 0
      vertex 2.82901 -1.88708 0
    endloop
  endfacet
  facet normal -0.146736 -0.989176 0
    outer loop
      vertex 2.82901 -1.88708 0
      vertex 3.41165 -1.97351 2
      vertex 2.82901 -1.88708 2
    endloop
  endfacet
  facet normal -0.146736 -0.989176 -0
    outer loop
      vertex 3.41165 -1.97351 2
      vertex 2.82901 -1.88708 0
      vertex 3.41165 -1.97351 0
    endloop
  endfacet
  facet normal -0.0490637 -0.998796 0
    outer loop
      vertex 3.41165 -1.97351 0
      vertex 3.95091 -2 2
      vertex 3.41165 -1.97351 2
    endloop
  endfacet
  facet normal -0.0490637 -0.998796 -0
    outer loop
      vertex 3.95091 -2 2
      vertex 3.41165 -1.97351 0
      vertex 3.95091 -2 0
    endloop
  endfacet
  facet normal 0 -1 0
    outer loop
      vertex 3.95091 -2 0
      vertex 89.6191 -2 2
      vertex 3.95091 -2 2
    endloop
  endfacet
  facet normal 0 -1 -0
    outer loop
      vertex 89.6191 -2 2
      vertex 3.95091 -2 0
      vertex 89.6191 -2 0
    endloop
  endfacet
  facet normal 0.0490692 -0.998795 0
    outer loop
      vertex 89.6191 -2 0
      vertex 90.1583 -1.97351 2
      vertex 89.6191 -2 2
    endloop
  endfacet
  facet normal 0.0490692 -0.998795 0
    outer loop
      vertex 90.1583 -1.97351 2
      vertex 89.6191 -2 0
      vertex 90.1583 -1.97351 0
    endloop
  endfacet
  facet normal -0.989199 -0.146577 0
    outer loop
      vertex 73.7937 6.12742 2
      vertex 73.775 6.25362 25.6
      vertex 73.775 6.25362 2
    endloop
  endfacet
  facet normal -0.989199 -0.146577 0
    outer loop
      vertex 73.775 6.25362 25.6
      vertex 73.7937 6.12742 2
      vertex 73.7937 6.12742 25.6
    endloop
  endfacet
  facet normal -0.99878 -0.0493825 0
    outer loop
      vertex 73.8 6 2
      vertex 73.7937 6.12742 25.6
      vertex 73.7937 6.12742 2
    endloop
  endfacet
  facet normal -0.99878 -0.0493825 0
    outer loop
      vertex 73.7937 6.12742 25.6
      vertex 73.8 6 2
      vertex 73.8 6 25.6
    endloop
  endfacet
  facet normal -0.970027 -0.242997 0
    outer loop
      vertex 73.775 6.25362 2
      vertex 73.744 6.37737 25.6
      vertex 73.744 6.37737 2
    endloop
  endfacet
  facet normal -0.970027 -0.242997 0
    outer loop
      vertex 73.744 6.37737 25.6
      vertex 73.775 6.25362 2
      vertex 73.775 6.25362 25.6
    endloop
  endfacet
  facet normal 0.803196 -0.595715 0
    outer loop
      vertex 71.4191 6.72224 25.6
      vertex 71.4951 6.82471 2
      vertex 71.4951 6.82471 25.6
    endloop
  endfacet
  facet normal 0.803196 -0.595715 0
    outer loop
      vertex 71.4951 6.82471 2
      vertex 71.4191 6.72224 25.6
      vertex 71.4191 6.72224 2
    endloop
  endfacet
  facet normal -0.336942 0.941525 0
    outer loop
      vertex 72.9975 4.79896 2
      vertex 72.8774 4.75598 25.6
      vertex 72.9975 4.79896 25.6
    endloop
  endfacet
  facet normal -0.336942 0.941525 0
    outer loop
      vertex 72.8774 4.75598 25.6
      vertex 72.9975 4.79896 2
      vertex 72.8774 4.75598 2
    endloop
  endfacet
  facet normal -0.857673 0.514196 0
    outer loop
      vertex 73.5809 5.27776 2
      vertex 73.6465 5.38718 25.6
      vertex 73.6465 5.38718 2
    endloop
  endfacet
  facet normal -0.857673 0.514196 0
    outer loop
      vertex 73.6465 5.38718 25.6
      vertex 73.5809 5.27776 2
      vertex 73.5809 5.27776 25.6
    endloop
  endfacet
  facet normal 0.0490774 0.998795 -0
    outer loop
      vertex 72.5 4.7 2
      vertex 72.3726 4.70626 25.6
      vertex 72.5 4.7 25.6
    endloop
  endfacet
  facet normal 0.0490774 0.998795 0
    outer loop
      vertex 72.3726 4.70626 25.6
      vertex 72.5 4.7 2
      vertex 72.3726 4.70626 2
    endloop
  endfacet
  facet normal 0.989199 -0.146577 0
    outer loop
      vertex 71.2063 6.12742 25.6
      vertex 71.225 6.25362 2
      vertex 71.225 6.25362 25.6
    endloop
  endfacet
  facet normal 0.989199 -0.146577 0
    outer loop
      vertex 71.225 6.25362 2
      vertex 71.2063 6.12742 25.6
      vertex 71.2063 6.12742 2
    endloop
  endfacet
  facet normal 0.904132 0.427254 0
    outer loop
      vertex 71.3535 5.38718 25.6
      vertex 71.299 5.50251 2
      vertex 71.299 5.50251 25.6
    endloop
  endfacet
  facet normal 0.904132 0.427254 0
    outer loop
      vertex 71.299 5.50251 2
      vertex 71.3535 5.38718 25.6
      vertex 71.3535 5.38718 2
    endloop
  endfacet
  facet normal 0.242904 -0.97005 0
    outer loop
      vertex 72.1226 7.24402 2
      vertex 72.2464 7.27502 25.6
      vertex 72.1226 7.24402 25.6
    endloop
  endfacet
  facet normal 0.242904 -0.97005 0
    outer loop
      vertex 72.2464 7.27502 25.6
      vertex 72.1226 7.24402 2
      vertex 72.2464 7.27502 2
    endloop
  endfacet
  facet normal -0.14673 0.989177 0
    outer loop
      vertex 72.7536 4.72498 2
      vertex 72.6274 4.70626 25.6
      vertex 72.7536 4.72498 25.6
    endloop
  endfacet
  facet normal -0.14673 0.989177 0
    outer loop
      vertex 72.6274 4.70626 25.6
      vertex 72.7536 4.72498 2
      vertex 72.6274 4.70626 2
    endloop
  endfacet
  facet normal 0.595602 -0.803279 0
    outer loop
      vertex 71.6753 7.00491 2
      vertex 71.7778 7.08091 25.6
      vertex 71.6753 7.00491 25.6
    endloop
  endfacet
  facet normal 0.595602 -0.803279 0
    outer loop
      vertex 71.7778 7.08091 25.6
      vertex 71.6753 7.00491 2
      vertex 71.7778 7.08091 2
    endloop
  endfacet
  facet normal -0.595602 -0.803279 0
    outer loop
      vertex 73.2222 7.08091 2
      vertex 73.3247 7.00491 25.6
      vertex 73.2222 7.08091 25.6
    endloop
  endfacet
  facet normal -0.595602 -0.803279 -0
    outer loop
      vertex 73.3247 7.00491 25.6
      vertex 73.2222 7.08091 2
      vertex 73.3247 7.00491 2
    endloop
  endfacet
  facet normal -0.514208 -0.857666 0
    outer loop
      vertex 73.1128 7.1465 2
      vertex 73.2222 7.08091 25.6
      vertex 73.1128 7.1465 25.6
    endloop
  endfacet
  facet normal -0.514208 -0.857666 -0
    outer loop
      vertex 73.2222 7.08091 25.6
      vertex 73.1128 7.1465 2
      vertex 73.2222 7.08091 2
    endloop
  endfacet
  facet normal -0.904132 0.427254 0
    outer loop
      vertex 73.6465 5.38718 2
      vertex 73.701 5.50251 25.6
      vertex 73.701 5.50251 2
    endloop
  endfacet
  facet normal -0.904132 0.427254 0
    outer loop
      vertex 73.701 5.50251 25.6
      vertex 73.6465 5.38718 2
      vertex 73.6465 5.38718 25.6
    endloop
  endfacet
  facet normal 0.970027 0.242997 0
    outer loop
      vertex 71.256 5.62263 25.6
      vertex 71.225 5.74638 2
      vertex 71.225 5.74638 25.6
    endloop
  endfacet
  facet normal 0.970027 0.242997 0
    outer loop
      vertex 71.225 5.74638 2
      vertex 71.256 5.62263 25.6
      vertex 71.256 5.62263 2
    endloop
  endfacet
  facet normal 0.857673 0.514196 0
    outer loop
      vertex 71.4191 5.27776 25.6
      vertex 71.3535 5.38718 2
      vertex 71.3535 5.38718 25.6
    endloop
  endfacet
  facet normal 0.857673 0.514196 0
    outer loop
      vertex 71.3535 5.38718 2
      vertex 71.4191 5.27776 25.6
      vertex 71.4191 5.27776 2
    endloop
  endfacet
  facet normal -0.0490774 0.998795 0
    outer loop
      vertex 72.6274 4.70626 2
      vertex 72.5 4.7 25.6
      vertex 72.6274 4.70626 25.6
    endloop
  endfacet
  facet normal -0.0490774 0.998795 0
    outer loop
      vertex 72.5 4.7 25.6
      vertex 72.6274 4.70626 2
      vertex 72.5 4.7 2
    endloop
  endfacet
  facet normal 0.336942 -0.941525 0
    outer loop
      vertex 72.0025 7.20104 2
      vertex 72.1226 7.24402 25.6
      vertex 72.0025 7.20104 25.6
    endloop
  endfacet
  facet normal 0.336942 -0.941525 0
    outer loop
      vertex 72.1226 7.24402 25.6
      vertex 72.0025 7.20104 2
      vertex 72.1226 7.24402 2
    endloop
  endfacet
  facet normal 0.941493 -0.337031 0
    outer loop
      vertex 71.256 6.37737 25.6
      vertex 71.299 6.49749 2
      vertex 71.299 6.49749 25.6
    endloop
  endfacet
  facet normal 0.941493 -0.337031 0
    outer loop
      vertex 71.299 6.49749 2
      vertex 71.256 6.37737 25.6
      vertex 71.256 6.37737 2
    endloop
  endfacet
  facet normal -0.803196 -0.595715 0
    outer loop
      vertex 73.5809 6.72224 2
      vertex 73.5049 6.82471 25.6
      vertex 73.5049 6.82471 2
    endloop
  endfacet
  facet normal -0.803196 -0.595715 0
    outer loop
      vertex 73.5049 6.82471 25.6
      vertex 73.5809 6.72224 2
      vertex 73.5809 6.72224 25.6
    endloop
  endfacet
  facet normal -0.427601 0.903968 0
    outer loop
      vertex 73.1128 4.8535 2
      vertex 72.9975 4.79896 25.6
      vertex 73.1128 4.8535 25.6
    endloop
  endfacet
  facet normal -0.427601 0.903968 0
    outer loop
      vertex 72.9975 4.79896 25.6
      vertex 73.1128 4.8535 2
      vertex 72.9975 4.79896 2
    endloop
  endfacet
  facet normal -0.514208 0.857666 0
    outer loop
      vertex 73.2222 4.91909 2
      vertex 73.1128 4.8535 25.6
      vertex 73.2222 4.91909 25.6
    endloop
  endfacet
  facet normal -0.514208 0.857666 0
    outer loop
      vertex 73.1128 4.8535 25.6
      vertex 73.2222 4.91909 2
      vertex 73.1128 4.8535 2
    endloop
  endfacet
  facet normal -0.336942 -0.941525 0
    outer loop
      vertex 72.8774 7.24402 2
      vertex 72.9975 7.20104 25.6
      vertex 72.8774 7.24402 25.6
    endloop
  endfacet
  facet normal -0.336942 -0.941525 -0
    outer loop
      vertex 72.9975 7.20104 25.6
      vertex 72.8774 7.24402 2
      vertex 72.9975 7.20104 2
    endloop
  endfacet
  facet normal -0.970027 0.242997 0
    outer loop
      vertex 73.744 5.62263 2
      vertex 73.775 5.74638 25.6
      vertex 73.775 5.74638 2
    endloop
  endfacet
  facet normal -0.970027 0.242997 0
    outer loop
      vertex 73.775 5.74638 25.6
      vertex 73.744 5.62263 2
      vertex 73.744 5.62263 25.6
    endloop
  endfacet
  facet normal -0.803196 0.595715 0
    outer loop
      vertex 73.5049 5.17529 2
      vertex 73.5809 5.27776 25.6
      vertex 73.5809 5.27776 2
    endloop
  endfacet
  facet normal -0.803196 0.595715 0
    outer loop
      vertex 73.5809 5.27776 25.6
      vertex 73.5049 5.17529 2
      vertex 73.5049 5.17529 25.6
    endloop
  endfacet
  facet normal 0.904117 -0.427284 0
    outer loop
      vertex 71.299 6.49749 25.6
      vertex 71.3535 6.61281 2
      vertex 71.3535 6.61281 25.6
    endloop
  endfacet
  facet normal 0.904117 -0.427284 0
    outer loop
      vertex 71.3535 6.61281 2
      vertex 71.299 6.49749 25.6
      vertex 71.299 6.49749 2
    endloop
  endfacet
  facet normal -0.671646 -0.740872 0
    outer loop
      vertex 73.3247 7.00491 2
      vertex 73.4192 6.91924 25.6
      vertex 73.3247 7.00491 25.6
    endloop
  endfacet
  facet normal -0.671646 -0.740872 -0
    outer loop
      vertex 73.4192 6.91924 25.6
      vertex 73.3247 7.00491 2
      vertex 73.4192 6.91924 2
    endloop
  endfacet
  facet normal 0.671646 -0.740872 0
    outer loop
      vertex 71.5808 6.91924 2
      vertex 71.6753 7.00491 25.6
      vertex 71.5808 6.91924 25.6
    endloop
  endfacet
  facet normal 0.671646 -0.740872 0
    outer loop
      vertex 71.6753 7.00491 25.6
      vertex 71.5808 6.91924 2
      vertex 71.6753 7.00491 2
    endloop
  endfacet
  facet normal -0.427601 -0.903968 0
    outer loop
      vertex 72.9975 7.20104 2
      vertex 73.1128 7.1465 25.6
      vertex 72.9975 7.20104 25.6
    endloop
  endfacet
  facet normal -0.427601 -0.903968 -0
    outer loop
      vertex 73.1128 7.1465 25.6
      vertex 72.9975 7.20104 2
      vertex 73.1128 7.1465 2
    endloop
  endfacet
  facet normal -0.941493 -0.337031 0
    outer loop
      vertex 73.744 6.37737 2
      vertex 73.701 6.49749 25.6
      vertex 73.701 6.49749 2
    endloop
  endfacet
  facet normal -0.941493 -0.337031 0
    outer loop
      vertex 73.701 6.49749 25.6
      vertex 73.744 6.37737 2
      vertex 73.744 6.37737 25.6
    endloop
  endfacet
  facet normal -0.0490774 -0.998795 0
    outer loop
      vertex 72.5 7.3 2
      vertex 72.6274 7.29374 25.6
      vertex 72.5 7.3 25.6
    endloop
  endfacet
  facet normal -0.0490774 -0.998795 -0
    outer loop
      vertex 72.6274 7.29374 25.6
      vertex 72.5 7.3 2
      vertex 72.6274 7.29374 2
    endloop
  endfacet
  facet normal 0.857693 -0.514161 0
    outer loop
      vertex 71.3535 6.61281 25.6
      vertex 71.4191 6.72224 2
      vertex 71.4191 6.72224 25.6
    endloop
  endfacet
  facet normal 0.857693 -0.514161 0
    outer loop
      vertex 71.4191 6.72224 2
      vertex 71.3535 6.61281 25.6
      vertex 71.3535 6.61281 2
    endloop
  endfacet
  facet normal -0.989199 0.146577 0
    outer loop
      vertex 73.775 5.74638 2
      vertex 73.7937 5.87258 25.6
      vertex 73.7937 5.87258 2
    endloop
  endfacet
  facet normal -0.989199 0.146577 0
    outer loop
      vertex 73.7937 5.87258 25.6
      vertex 73.775 5.74638 2
      vertex 73.775 5.74638 25.6
    endloop
  endfacet
  facet normal -0.99878 0.0493825 0
    outer loop
      vertex 73.7937 5.87258 2
      vertex 73.8 6 25.6
      vertex 73.8 6 2
    endloop
  endfacet
  facet normal -0.99878 0.0493825 0
    outer loop
      vertex 73.8 6 25.6
      vertex 73.7937 5.87258 2
      vertex 73.7937 5.87258 25.6
    endloop
  endfacet
  facet normal 0.671646 0.740872 -0
    outer loop
      vertex 71.6753 4.99509 2
      vertex 71.5808 5.08076 25.6
      vertex 71.6753 4.99509 25.6
    endloop
  endfacet
  facet normal 0.671646 0.740872 0
    outer loop
      vertex 71.5808 5.08076 25.6
      vertex 71.6753 4.99509 2
      vertex 71.5808 5.08076 2
    endloop
  endfacet
  facet normal -0.904117 -0.427284 0
    outer loop
      vertex 73.701 6.49749 2
      vertex 73.6465 6.61281 25.6
      vertex 73.6465 6.61281 2
    endloop
  endfacet
  facet normal -0.904117 -0.427284 0
    outer loop
      vertex 73.6465 6.61281 25.6
      vertex 73.701 6.49749 2
      vertex 73.701 6.49749 25.6
    endloop
  endfacet
  facet normal 0 0 1
    outer loop
      vertex 73.7937 6.12742 2
      vertex 73.7937 5.87258 2
      vertex 73.8 6 2
    endloop
  endfacet
  facet normal 0 0 1
    outer loop
      vertex 73.775 6.25362 2
      vertex 73.7937 5.87258 2
      vertex 73.7937 6.12742 2
    endloop
  endfacet
  facet normal 0 0 1
    outer loop
      vertex 73.775 6.25362 2
      vertex 73.775 5.74638 2
      vertex 73.7937 5.87258 2
    endloop
  endfacet
  facet normal 0 0 1
    outer loop
      vertex 73.744 6.37737 2
      vertex 73.775 5.74638 2
      vertex 73.775 6.25362 2
    endloop
  endfacet
  facet normal 0 0 1
    outer loop
      vertex 73.744 6.37737 2
      vertex 73.744 5.62263 2
      vertex 73.775 5.74638 2
    endloop
  endfacet
  facet normal 0 0 1
    outer loop
      vertex 73.701 6.49749 2
      vertex 73.744 5.62263 2
      vertex 73.744 6.37737 2
    endloop
  endfacet
  facet normal 0 0 1
    outer loop
      vertex 73.701 6.49749 2
      vertex 73.701 5.50251 2
      vertex 73.744 5.62263 2
    endloop
  endfacet
  facet normal 0 0 1
    outer loop
      vertex 73.6465 6.61281 2
      vertex 73.701 5.50251 2
      vertex 73.701 6.49749 2
    endloop
  endfacet
  facet normal 0 0 1
    outer loop
      vertex 73.6465 6.61281 2
      vertex 73.6465 5.38718 2
      vertex 73.701 5.50251 2
    endloop
  endfacet
  facet normal 0 0 1
    outer loop
      vertex 73.5809 6.72224 2
      vertex 73.6465 5.38718 2
      vertex 73.6465 6.61281 2
    endloop
  endfacet
  facet normal 0 0 1
    outer loop
      vertex 73.5809 6.72224 2
      vertex 73.5809 5.27776 2
      vertex 73.6465 5.38718 2
    endloop
  endfacet
  facet normal 0 0 1
    outer loop
      vertex 73.5049 6.82471 2
      vertex 73.5809 5.27776 2
      vertex 73.5809 6.72224 2
    endloop
  endfacet
  facet normal 0 0 1
    outer loop
      vertex 73.5049 6.82471 2
      vertex 73.5049 5.17529 2
      vertex 73.5809 5.27776 2
    endloop
  endfacet
  facet normal 0 0 1
    outer loop
      vertex 73.4192 6.91924 2
      vertex 73.5049 5.17529 2
      vertex 73.5049 6.82471 2
    endloop
  endfacet
  facet normal 0 0 1
    outer loop
      vertex 73.4192 6.91924 2
      vertex 73.4192 5.08076 2
      vertex 73.5049 5.17529 2
    endloop
  endfacet
  facet normal 0 0 1
    outer loop
      vertex 73.3247 7.00491 2
      vertex 73.4192 5.08076 2
      vertex 73.4192 6.91924 2
    endloop
  endfacet
  facet normal 0 0 1
    outer loop
      vertex 73.3247 7.00491 2
      vertex 73.3247 4.99509 2
      vertex 73.4192 5.08076 2
    endloop
  endfacet
  facet normal 0 0 1
    outer loop
      vertex 73.2222 7.08091 2
      vertex 73.3247 4.99509 2
      vertex 73.3247 7.00491 2
    endloop
  endfacet
  facet normal 0 0 1
    outer loop
      vertex 73.2222 7.08091 2
      vertex 73.2222 4.91909 2
      vertex 73.3247 4.99509 2
    endloop
  endfacet
  facet normal 0 0 1
    outer loop
      vertex 73.1128 7.1465 2
      vertex 73.2222 4.91909 2
      vertex 73.2222 7.08091 2
    endloop
  endfacet
  facet normal 0 0 1
    outer loop
      vertex 73.1128 7.1465 2
      vertex 73.1128 4.8535 2
      vertex 73.2222 4.91909 2
    endloop
  endfacet
  facet normal 0 0 1
    outer loop
      vertex 72.9975 7.20104 2
      vertex 73.1128 4.8535 2
      vertex 73.1128 7.1465 2
    endloop
  endfacet
  facet normal 0 0 1
    outer loop
      vertex 72.9975 7.20104 2
      vertex 72.9975 4.79896 2
      vertex 73.1128 4.8535 2
    endloop
  endfacet
  facet normal 0 0 1
    outer loop
      vertex 72.8774 7.24402 2
      vertex 72.9975 4.79896 2
      vertex 72.9975 7.20104 2
    endloop
  endfacet
  facet normal 0 0 1
    outer loop
      vertex 72.8774 7.24402 2
      vertex 72.8774 4.75598 2
      vertex 72.9975 4.79896 2
    endloop
  endfacet
  facet normal 0 0 1
    outer loop
      vertex 72.7536 7.27502 2
      vertex 72.8774 4.75598 2
      vertex 72.8774 7.24402 2
    endloop
  endfacet
  facet normal 0 0 1
    outer loop
      vertex 72.7536 7.27502 2
      vertex 72.7536 4.72498 2
      vertex 72.8774 4.75598 2
    endloop
  endfacet
  facet normal 0 0 1
    outer loop
      vertex 72.6274 7.29374 2
      vertex 72.7536 4.72498 2
      vertex 72.7536 7.27502 2
    endloop
  endfacet
  facet normal 0 0 1
    outer loop
      vertex 72.6274 7.29374 2
      vertex 72.6274 4.70626 2
      vertex 72.7536 4.72498 2
    endloop
  endfacet
  facet normal 0 0 1
    outer loop
      vertex 72.5 7.3 2
      vertex 72.6274 4.70626 2
      vertex 72.6274 7.29374 2
    endloop
  endfacet
  facet normal 0 0 1
    outer loop
      vertex 72.5 7.3 2
      vertex 72.5 4.7 2
      vertex 72.6274 4.70626 2
    endloop
  endfacet
  facet normal -0 0 1
    outer loop
      vertex 72.3726 7.29374 2
      vertex 72.5 4.7 2
      vertex 72.5 7.3 2
    endloop
  endfacet
  facet normal 0 0 1
    outer loop
      vertex 72.3726 7.29374 2
      vertex 72.3726 4.70626 2
      vertex 72.5 4.7 2
    endloop
  endfacet
  facet normal -0 0 1
    outer loop
      vertex 72.2464 7.27502 2
      vertex 72.3726 4.70626 2
      vertex 72.3726 7.29374 2
    endloop
  endfacet
  facet normal 0 0 1
    outer loop
      vertex 72.2464 7.27502 2
      vertex 72.2464 4.72498 2
      vertex 72.3726 4.70626 2
    endloop
  endfacet
  facet normal -0 0 1
    outer loop
      vertex 72.1226 7.24402 2
      vertex 72.2464 4.72498 2
      vertex 72.2464 7.27502 2
    endloop
  endfacet
  facet normal 0 0 1
    outer loop
      vertex 72.1226 7.24402 2
      vertex 72.1226 4.75598 2
      vertex 72.2464 4.72498 2
    endloop
  endfacet
  facet normal -0 0 1
    outer loop
      vertex 72.0025 7.20104 2
      vertex 72.1226 4.75598 2
      vertex 72.1226 7.24402 2
    endloop
  endfacet
  facet normal 0 0 1
    outer loop
      vertex 72.0025 7.20104 2
      vertex 72.0025 4.79896 2
      vertex 72.1226 4.75598 2
    endloop
  endfacet
  facet normal -0 0 1
    outer loop
      vertex 71.8872 7.1465 2
      vertex 72.0025 4.79896 2
      vertex 72.0025 7.20104 2
    endloop
  endfacet
  facet normal 0 0 1
    outer loop
      vertex 71.8872 7.1465 2
      vertex 71.8872 4.8535 2
      vertex 72.0025 4.79896 2
    endloop
  endfacet
  facet normal -0 0 1
    outer loop
      vertex 71.7778 7.08091 2
      vertex 71.8872 4.8535 2
      vertex 71.8872 7.1465 2
    endloop
  endfacet
  facet normal 0 0 1
    outer loop
      vertex 71.7778 7.08091 2
      vertex 71.7778 4.91909 2
      vertex 71.8872 4.8535 2
    endloop
  endfacet
  facet normal -0 0 1
    outer loop
      vertex 71.6753 7.00491 2
      vertex 71.7778 4.91909 2
      vertex 71.7778 7.08091 2
    endloop
  endfacet
  facet normal 0 0 1
    outer loop
      vertex 71.6753 7.00491 2
      vertex 71.6753 4.99509 2
      vertex 71.7778 4.91909 2
    endloop
  endfacet
  facet normal -0 0 1
    outer loop
      vertex 71.5808 6.91924 2
      vertex 71.6753 4.99509 2
      vertex 71.6753 7.00491 2
    endloop
  endfacet
  facet normal 0 0 1
    outer loop
      vertex 71.5808 6.91924 2
      vertex 71.5808 5.08076 2
      vertex 71.6753 4.99509 2
    endloop
  endfacet
  facet normal -0 0 1
    outer loop
      vertex 71.4951 6.82471 2
      vertex 71.5808 5.08076 2
      vertex 71.5808 6.91924 2
    endloop
  endfacet
  facet normal 0 0 1
    outer loop
      vertex 71.4951 6.82471 2
      vertex 71.4951 5.17529 2
      vertex 71.5808 5.08076 2
    endloop
  endfacet
  facet normal -0 0 1
    outer loop
      vertex 71.4191 6.72224 2
      vertex 71.4951 5.17529 2
      vertex 71.4951 6.82471 2
    endloop
  endfacet
  facet normal 0 0 1
    outer loop
      vertex 71.4191 6.72224 2
      vertex 71.4191 5.27776 2
      vertex 71.4951 5.17529 2
    endloop
  endfacet
  facet normal -0 0 1
    outer loop
      vertex 71.3535 6.61281 2
      vertex 71.4191 5.27776 2
      vertex 71.4191 6.72224 2
    endloop
  endfacet
  facet normal 0 0 1
    outer loop
      vertex 71.3535 6.61281 2
      vertex 71.3535 5.38718 2
      vertex 71.4191 5.27776 2
    endloop
  endfacet
  facet normal -0 0 1
    outer loop
      vertex 71.299 6.49749 2
      vertex 71.3535 5.38718 2
      vertex 71.3535 6.61281 2
    endloop
  endfacet
  facet normal 0 0 1
    outer loop
      vertex 71.299 6.49749 2
      vertex 71.299 5.50251 2
      vertex 71.3535 5.38718 2
    endloop
  endfacet
  facet normal -0 0 1
    outer loop
      vertex 71.256 6.37737 2
      vertex 71.299 5.50251 2
      vertex 71.299 6.49749 2
    endloop
  endfacet
  facet normal 0 0 1
    outer loop
      vertex 71.256 6.37737 2
      vertex 71.256 5.62263 2
      vertex 71.299 5.50251 2
    endloop
  endfacet
  facet normal -0 0 1
    outer loop
      vertex 71.225 6.25362 2
      vertex 71.256 5.62263 2
      vertex 71.256 6.37737 2
    endloop
  endfacet
  facet normal 0 0 1
    outer loop
      vertex 71.225 6.25362 2
      vertex 71.225 5.74638 2
      vertex 71.256 5.62263 2
    endloop
  endfacet
  facet normal -0 0 1
    outer loop
      vertex 71.2063 6.12742 2
      vertex 71.225 5.74638 2
      vertex 71.225 6.25362 2
    endloop
  endfacet
  facet normal 0 0 1
    outer loop
      vertex 71.2063 6.12742 2
      vertex 71.2063 5.87258 2
      vertex 71.225 5.74638 2
    endloop
  endfacet
  facet normal 0 -0 1
    outer loop
      vertex 71.2063 5.87258 2
      vertex 71.2063 6.12742 2
      vertex 71.2 6 2
    endloop
  endfacet
  facet normal 0.970027 -0.242997 0
    outer loop
      vertex 71.225 6.25362 25.6
      vertex 71.256 6.37737 2
      vertex 71.256 6.37737 25.6
    endloop
  endfacet
  facet normal 0.970027 -0.242997 0
    outer loop
      vertex 71.256 6.37737 2
      vertex 71.225 6.25362 25.6
      vertex 71.225 6.25362 2
    endloop
  endfacet
  facet normal -0.242904 0.97005 0
    outer loop
      vertex 72.8774 4.75598 2
      vertex 72.7536 4.72498 25.6
      vertex 72.8774 4.75598 25.6
    endloop
  endfacet
  facet normal -0.242904 0.97005 0
    outer loop
      vertex 72.7536 4.72498 25.6
      vertex 72.8774 4.75598 2
      vertex 72.7536 4.72498 2
    endloop
  endfacet
  facet normal 0.14673 -0.989177 0
    outer loop
      vertex 72.2464 7.27502 2
      vertex 72.3726 7.29374 25.6
      vertex 72.2464 7.27502 25.6
    endloop
  endfacet
  facet normal 0.14673 -0.989177 0
    outer loop
      vertex 72.3726 7.29374 25.6
      vertex 72.2464 7.27502 2
      vertex 72.3726 7.29374 2
    endloop
  endfacet
  facet normal -0.740861 -0.671658 0
    outer loop
      vertex 73.5049 6.82471 2
      vertex 73.4192 6.91924 25.6
      vertex 73.4192 6.91924 2
    endloop
  endfacet
  facet normal -0.740861 -0.671658 0
    outer loop
      vertex 73.4192 6.91924 25.6
      vertex 73.5049 6.82471 2
      vertex 73.5049 6.82471 25.6
    endloop
  endfacet
  facet normal 0.427601 -0.903968 0
    outer loop
      vertex 71.8872 7.1465 2
      vertex 72.0025 7.20104 25.6
      vertex 71.8872 7.1465 25.6
    endloop
  endfacet
  facet normal 0.427601 -0.903968 0
    outer loop
      vertex 72.0025 7.20104 25.6
      vertex 71.8872 7.1465 2
      vertex 72.0025 7.20104 2
    endloop
  endfacet
  facet normal -0.941493 0.337031 0
    outer loop
      vertex 73.701 5.50251 2
      vertex 73.744 5.62263 25.6
      vertex 73.744 5.62263 2
    endloop
  endfacet
  facet normal -0.941493 0.337031 0
    outer loop
      vertex 73.744 5.62263 25.6
      vertex 73.701 5.50251 2
      vertex 73.701 5.50251 25.6
    endloop
  endfacet
  facet normal -0.857693 -0.514161 0
    outer loop
      vertex 73.6465 6.61281 2
      vertex 73.5809 6.72224 25.6
      vertex 73.5809 6.72224 2
    endloop
  endfacet
  facet normal -0.857693 -0.514161 0
    outer loop
      vertex 73.5809 6.72224 25.6
      vertex 73.6465 6.61281 2
      vertex 73.6465 6.61281 25.6
    endloop
  endfacet
  facet normal 0.14673 0.989177 -0
    outer loop
      vertex 72.3726 4.70626 2
      vertex 72.2464 4.72498 25.6
      vertex 72.3726 4.70626 25.6
    endloop
  endfacet
  facet normal 0.14673 0.989177 0
    outer loop
      vertex 72.2464 4.72498 25.6
      vertex 72.3726 4.70626 2
      vertex 72.2464 4.72498 2
    endloop
  endfacet
  facet normal 0.0490774 -0.998795 0
    outer loop
      vertex 72.3726 7.29374 2
      vertex 72.5 7.3 25.6
      vertex 72.3726 7.29374 25.6
    endloop
  endfacet
  facet normal 0.0490774 -0.998795 0
    outer loop
      vertex 72.5 7.3 25.6
      vertex 72.3726 7.29374 2
      vertex 72.5 7.3 2
    endloop
  endfacet
  facet normal 0.514208 -0.857666 0
    outer loop
      vertex 71.7778 7.08091 2
      vertex 71.8872 7.1465 25.6
      vertex 71.7778 7.08091 25.6
    endloop
  endfacet
  facet normal 0.514208 -0.857666 0
    outer loop
      vertex 71.8872 7.1465 25.6
      vertex 71.7778 7.08091 2
      vertex 71.8872 7.1465 2
    endloop
  endfacet
  facet normal 0.941493 0.337031 0
    outer loop
      vertex 71.299 5.50251 25.6
      vertex 71.256 5.62263 2
      vertex 71.256 5.62263 25.6
    endloop
  endfacet
  facet normal 0.941493 0.337031 0
    outer loop
      vertex 71.256 5.62263 2
      vertex 71.299 5.50251 25.6
      vertex 71.299 5.50251 2
    endloop
  endfacet
  facet normal 0.740861 -0.671658 0
    outer loop
      vertex 71.4951 6.82471 25.6
      vertex 71.5808 6.91924 2
      vertex 71.5808 6.91924 25.6
    endloop
  endfacet
  facet normal 0.740861 -0.671658 0
    outer loop
      vertex 71.5808 6.91924 2
      vertex 71.4951 6.82471 25.6
      vertex 71.4951 6.82471 2
    endloop
  endfacet
  facet normal 0.336942 0.941525 -0
    outer loop
      vertex 72.1226 4.75598 2
      vertex 72.0025 4.79896 25.6
      vertex 72.1226 4.75598 25.6
    endloop
  endfacet
  facet normal 0.336942 0.941525 0
    outer loop
      vertex 72.0025 4.79896 25.6
      vertex 72.1226 4.75598 2
      vertex 72.0025 4.79896 2
    endloop
  endfacet
  facet normal 0.427601 0.903968 -0
    outer loop
      vertex 72.0025 4.79896 2
      vertex 71.8872 4.8535 25.6
      vertex 72.0025 4.79896 25.6
    endloop
  endfacet
  facet normal 0.427601 0.903968 0
    outer loop
      vertex 71.8872 4.8535 25.6
      vertex 72.0025 4.79896 2
      vertex 71.8872 4.8535 2
    endloop
  endfacet
  facet normal -0.242904 -0.97005 0
    outer loop
      vertex 72.7536 7.27502 2
      vertex 72.8774 7.24402 25.6
      vertex 72.7536 7.27502 25.6
    endloop
  endfacet
  facet normal -0.242904 -0.97005 -0
    outer loop
      vertex 72.8774 7.24402 25.6
      vertex 72.7536 7.27502 2
      vertex 72.8774 7.24402 2
    endloop
  endfacet
  facet normal -0.14673 -0.989177 0
    outer loop
      vertex 72.6274 7.29374 2
      vertex 72.7536 7.27502 25.6
      vertex 72.6274 7.29374 25.6
    endloop
  endfacet
  facet normal -0.14673 -0.989177 -0
    outer loop
      vertex 72.7536 7.27502 25.6
      vertex 72.6274 7.29374 2
      vertex 72.7536 7.27502 2
    endloop
  endfacet
  facet normal -0.671646 0.740872 0
    outer loop
      vertex 73.4192 5.08076 2
      vertex 73.3247 4.99509 25.6
      vertex 73.4192 5.08076 25.6
    endloop
  endfacet
  facet normal -0.671646 0.740872 0
    outer loop
      vertex 73.3247 4.99509 25.6
      vertex 73.4192 5.08076 2
      vertex 73.3247 4.99509 2
    endloop
  endfacet
  facet normal 0.514208 0.857666 -0
    outer loop
      vertex 71.8872 4.8535 2
      vertex 71.7778 4.91909 25.6
      vertex 71.8872 4.8535 25.6
    endloop
  endfacet
  facet normal 0.514208 0.857666 0
    outer loop
      vertex 71.7778 4.91909 25.6
      vertex 71.8872 4.8535 2
      vertex 71.7778 4.91909 2
    endloop
  endfacet
  facet normal 0.740861 0.671658 0
    outer loop
      vertex 71.5808 5.08076 25.6
      vertex 71.4951 5.17529 2
      vertex 71.4951 5.17529 25.6
    endloop
  endfacet
  facet normal 0.740861 0.671658 0
    outer loop
      vertex 71.4951 5.17529 2
      vertex 71.5808 5.08076 25.6
      vertex 71.5808 5.08076 2
    endloop
  endfacet
  facet normal 0.595602 0.803279 -0
    outer loop
      vertex 71.7778 4.91909 2
      vertex 71.6753 4.99509 25.6
      vertex 71.7778 4.91909 25.6
    endloop
  endfacet
  facet normal 0.595602 0.803279 0
    outer loop
      vertex 71.6753 4.99509 25.6
      vertex 71.7778 4.91909 2
      vertex 71.6753 4.99509 2
    endloop
  endfacet
  facet normal 0.989199 0.146577 0
    outer loop
      vertex 71.225 5.74638 25.6
      vertex 71.2063 5.87258 2
      vertex 71.2063 5.87258 25.6
    endloop
  endfacet
  facet normal 0.989199 0.146577 0
    outer loop
      vertex 71.2063 5.87258 2
      vertex 71.225 5.74638 25.6
      vertex 71.225 5.74638 2
    endloop
  endfacet
  facet normal -0.740861 0.671658 0
    outer loop
      vertex 73.4192 5.08076 2
      vertex 73.5049 5.17529 25.6
      vertex 73.5049 5.17529 2
    endloop
  endfacet
  facet normal -0.740861 0.671658 0
    outer loop
      vertex 73.5049 5.17529 25.6
      vertex 73.4192 5.08076 2
      vertex 73.4192 5.08076 25.6
    endloop
  endfacet
  facet normal -0.595602 0.803279 0
    outer loop
      vertex 73.3247 4.99509 2
      vertex 73.2222 4.91909 25.6
      vertex 73.3247 4.99509 25.6
    endloop
  endfacet
  facet normal -0.595602 0.803279 0
    outer loop
      vertex 73.2222 4.91909 25.6
      vertex 73.3247 4.99509 2
      vertex 73.2222 4.91909 2
    endloop
  endfacet
  facet normal 0.803196 0.595715 0
    outer loop
      vertex 71.4951 5.17529 25.6
      vertex 71.4191 5.27776 2
      vertex 71.4191 5.27776 25.6
    endloop
  endfacet
  facet normal 0.803196 0.595715 0
    outer loop
      vertex 71.4191 5.27776 2
      vertex 71.4951 5.17529 25.6
      vertex 71.4951 5.17529 2
    endloop
  endfacet
  facet normal 0.99878 -0.0493825 0
    outer loop
      vertex 71.2 6 25.6
      vertex 71.2063 6.12742 2
      vertex 71.2063 6.12742 25.6
    endloop
  endfacet
  facet normal 0.99878 -0.0493825 0
    outer loop
      vertex 71.2063 6.12742 2
      vertex 71.2 6 25.6
      vertex 71.2 6 2
    endloop
  endfacet
  facet normal 0.99878 0.0493825 0
    outer loop
      vertex 71.2063 5.87258 25.6
      vertex 71.2 6 2
      vertex 71.2 6 25.6
    endloop
  endfacet
  facet normal 0.99878 0.0493825 0
    outer loop
      vertex 71.2 6 2
      vertex 71.2063 5.87258 25.6
      vertex 71.2063 5.87258 2
    endloop
  endfacet
  facet normal 0.242904 0.97005 -0
    outer loop
      vertex 72.2464 4.72498 2
      vertex 72.1226 4.75598 25.6
      vertex 72.2464 4.72498 25.6
    endloop
  endfacet
  facet normal 0.242904 0.97005 0
    outer loop
      vertex 72.1226 4.75598 25.6
      vertex 72.2464 4.72498 2
      vertex 72.1226 4.75598 2
    endloop
  endfacet
  facet normal -0.989199 -0.146577 0
    outer loop
      vertex 73.7937 55.1274 2
      vertex 73.775 55.2536 25.6
      vertex 73.775 55.2536 2
    endloop
  endfacet
  facet normal -0.989199 -0.146577 0
    outer loop
      vertex 73.775 55.2536 25.6
      vertex 73.7937 55.1274 2
      vertex 73.7937 55.1274 25.6
    endloop
  endfacet
  facet normal -0.99878 -0.0493902 0
    outer loop
      vertex 73.8 55 2
      vertex 73.7937 55.1274 25.6
      vertex 73.7937 55.1274 2
    endloop
  endfacet
  facet normal -0.99878 -0.0493902 0
    outer loop
      vertex 73.7937 55.1274 25.6
      vertex 73.8 55 2
      vertex 73.8 55 25.6
    endloop
  endfacet
  facet normal -0.97005 -0.242904 0
    outer loop
      vertex 73.775 55.2536 2
      vertex 73.744 55.3774 25.6
      vertex 73.744 55.3774 2
    endloop
  endfacet
  facet normal -0.97005 -0.242904 0
    outer loop
      vertex 73.744 55.3774 25.6
      vertex 73.775 55.2536 2
      vertex 73.775 55.2536 25.6
    endloop
  endfacet
  facet normal 0.803279 -0.595602 0
    outer loop
      vertex 71.4191 55.7222 25.6
      vertex 71.4951 55.8247 2
      vertex 71.4951 55.8247 25.6
    endloop
  endfacet
  facet normal 0.803279 -0.595602 0
    outer loop
      vertex 71.4951 55.8247 2
      vertex 71.4191 55.7222 25.6
      vertex 71.4191 55.7222 2
    endloop
  endfacet
  facet normal -0.337081 0.941476 0
    outer loop
      vertex 72.9975 53.799 2
      vertex 72.8774 53.756 25.6
      vertex 72.9975 53.799 25.6
    endloop
  endfacet
  facet normal -0.337081 0.941476 0
    outer loop
      vertex 72.8774 53.756 25.6
      vertex 72.9975 53.799 2
      vertex 72.8774 53.756 2
    endloop
  endfacet
  facet normal -0.857631 0.514265 0
    outer loop
      vertex 73.5809 54.2778 2
      vertex 73.6465 54.3872 25.6
      vertex 73.6465 54.3872 2
    endloop
  endfacet
  facet normal -0.857631 0.514265 0
    outer loop
      vertex 73.6465 54.3872 25.6
      vertex 73.5809 54.2778 2
      vertex 73.5809 54.2778 25.6
    endloop
  endfacet
  facet normal 0.0493902 0.99878 -0
    outer loop
      vertex 72.5 53.7 2
      vertex 72.3726 53.7063 25.6
      vertex 72.5 53.7 25.6
    endloop
  endfacet
  facet normal 0.0493902 0.99878 0
    outer loop
      vertex 72.3726 53.7063 25.6
      vertex 72.5 53.7 2
      vertex 72.3726 53.7063 2
    endloop
  endfacet
  facet normal 0.989199 -0.146577 0
    outer loop
      vertex 71.2063 55.1274 25.6
      vertex 71.225 55.2536 2
      vertex 71.225 55.2536 25.6
    endloop
  endfacet
  facet normal 0.989199 -0.146577 0
    outer loop
      vertex 71.225 55.2536 2
      vertex 71.2063 55.1274 25.6
      vertex 71.2063 55.1274 2
    endloop
  endfacet
  facet normal 0.904089 0.427345 0
    outer loop
      vertex 71.3535 54.3872 25.6
      vertex 71.299 54.5025 2
      vertex 71.299 54.5025 25.6
    endloop
  endfacet
  facet normal 0.904089 0.427345 0
    outer loop
      vertex 71.299 54.5025 2
      vertex 71.3535 54.3872 25.6
      vertex 71.3535 54.3872 2
    endloop
  endfacet
  facet normal 0.242904 -0.97005 0
    outer loop
      vertex 72.1226 56.244 2
      vertex 72.2464 56.275 25.6
      vertex 72.1226 56.244 25.6
    endloop
  endfacet
  facet normal 0.242904 -0.97005 0
    outer loop
      vertex 72.2464 56.275 25.6
      vertex 72.1226 56.244 2
      vertex 72.2464 56.275 2
    endloop
  endfacet
  facet normal -0.146577 0.989199 0
    outer loop
      vertex 72.7536 53.725 2
      vertex 72.6274 53.7063 25.6
      vertex 72.7536 53.725 25.6
    endloop
  endfacet
  facet normal -0.146577 0.989199 0
    outer loop
      vertex 72.6274 53.7063 25.6
      vertex 72.7536 53.725 2
      vertex 72.6274 53.7063 2
    endloop
  endfacet
  facet normal 0.595602 -0.803279 0
    outer loop
      vertex 71.6753 56.0049 2
      vertex 71.7778 56.0809 25.6
      vertex 71.6753 56.0049 25.6
    endloop
  endfacet
  facet normal 0.595602 -0.803279 0
    outer loop
      vertex 71.7778 56.0809 25.6
      vertex 71.6753 56.0049 2
      vertex 71.7778 56.0809 2
    endloop
  endfacet
  facet normal -0.595602 -0.803279 0
    outer loop
      vertex 73.2222 56.0809 2
      vertex 73.3247 56.0049 25.6
      vertex 73.2222 56.0809 25.6
    endloop
  endfacet
  facet normal -0.595602 -0.803279 -0
    outer loop
      vertex 73.3247 56.0049 25.6
      vertex 73.2222 56.0809 2
      vertex 73.3247 56.0049 2
    endloop
  endfacet
  facet normal -0.514265 -0.857631 0
    outer loop
      vertex 73.1128 56.1465 2
      vertex 73.2222 56.0809 25.6
      vertex 73.1128 56.1465 25.6
    endloop
  endfacet
  facet normal -0.514265 -0.857631 -0
    outer loop
      vertex 73.2222 56.0809 25.6
      vertex 73.1128 56.1465 2
      vertex 73.2222 56.0809 2
    endloop
  endfacet
  facet normal -0.904089 0.427345 0
    outer loop
      vertex 73.6465 54.3872 2
      vertex 73.701 54.5025 25.6
      vertex 73.701 54.5025 2
    endloop
  endfacet
  facet normal -0.904089 0.427345 0
    outer loop
      vertex 73.701 54.5025 25.6
      vertex 73.6465 54.3872 2
      vertex 73.6465 54.3872 25.6
    endloop
  endfacet
  facet normal 0.97005 0.242904 0
    outer loop
      vertex 71.256 54.6226 25.6
      vertex 71.225 54.7464 2
      vertex 71.225 54.7464 25.6
    endloop
  endfacet
  facet normal 0.97005 0.242904 0
    outer loop
      vertex 71.225 54.7464 2
      vertex 71.256 54.6226 25.6
      vertex 71.256 54.6226 2
    endloop
  endfacet
  facet normal 0.857631 0.514265 0
    outer loop
      vertex 71.4191 54.2778 25.6
      vertex 71.3535 54.3872 2
      vertex 71.3535 54.3872 25.6
    endloop
  endfacet
  facet normal 0.857631 0.514265 0
    outer loop
      vertex 71.3535 54.3872 2
      vertex 71.4191 54.2778 25.6
      vertex 71.4191 54.2778 2
    endloop
  endfacet
  facet normal -0.0493902 0.99878 0
    outer loop
      vertex 72.6274 53.7063 2
      vertex 72.5 53.7 25.6
      vertex 72.6274 53.7063 25.6
    endloop
  endfacet
  facet normal -0.0493902 0.99878 0
    outer loop
      vertex 72.5 53.7 25.6
      vertex 72.6274 53.7063 2
      vertex 72.5 53.7 2
    endloop
  endfacet
  facet normal 0.337081 -0.941476 0
    outer loop
      vertex 72.0025 56.201 2
      vertex 72.1226 56.244 25.6
      vertex 72.0025 56.201 25.6
    endloop
  endfacet
  facet normal 0.337081 -0.941476 0
    outer loop
      vertex 72.1226 56.244 25.6
      vertex 72.0025 56.201 2
      vertex 72.1226 56.244 2
    endloop
  endfacet
  facet normal 0.941476 -0.337081 0
    outer loop
      vertex 71.256 55.3774 25.6
      vertex 71.299 55.4975 2
      vertex 71.299 55.4975 25.6
    endloop
  endfacet
  facet normal 0.941476 -0.337081 0
    outer loop
      vertex 71.299 55.4975 2
      vertex 71.256 55.3774 25.6
      vertex 71.256 55.3774 2
    endloop
  endfacet
  facet normal -0.803279 -0.595602 0
    outer loop
      vertex 73.5809 55.7222 2
      vertex 73.5049 55.8247 25.6
      vertex 73.5049 55.8247 2
    endloop
  endfacet
  facet normal -0.803279 -0.595602 0
    outer loop
      vertex 73.5049 55.8247 25.6
      vertex 73.5809 55.7222 2
      vertex 73.5809 55.7222 25.6
    endloop
  endfacet
  facet normal -0.427345 0.904089 0
    outer loop
      vertex 73.1128 53.8535 2
      vertex 72.9975 53.799 25.6
      vertex 73.1128 53.8535 25.6
    endloop
  endfacet
  facet normal -0.427345 0.904089 0
    outer loop
      vertex 72.9975 53.799 25.6
      vertex 73.1128 53.8535 2
      vertex 72.9975 53.799 2
    endloop
  endfacet
  facet normal -0.514265 0.857631 0
    outer loop
      vertex 73.2222 53.9191 2
      vertex 73.1128 53.8535 25.6
      vertex 73.2222 53.9191 25.6
    endloop
  endfacet
  facet normal -0.514265 0.857631 0
    outer loop
      vertex 73.1128 53.8535 25.6
      vertex 73.2222 53.9191 2
      vertex 73.1128 53.8535 2
    endloop
  endfacet
  facet normal -0.337081 -0.941476 0
    outer loop
      vertex 72.8774 56.244 2
      vertex 72.9975 56.201 25.6
      vertex 72.8774 56.244 25.6
    endloop
  endfacet
  facet normal -0.337081 -0.941476 -0
    outer loop
      vertex 72.9975 56.201 25.6
      vertex 72.8774 56.244 2
      vertex 72.9975 56.201 2
    endloop
  endfacet
  facet normal -0.97005 0.242904 0
    outer loop
      vertex 73.744 54.6226 2
      vertex 73.775 54.7464 25.6
      vertex 73.775 54.7464 2
    endloop
  endfacet
  facet normal -0.97005 0.242904 0
    outer loop
      vertex 73.775 54.7464 25.6
      vertex 73.744 54.6226 2
      vertex 73.744 54.6226 25.6
    endloop
  endfacet
  facet normal -0.803279 0.595602 0
    outer loop
      vertex 73.5049 54.1753 2
      vertex 73.5809 54.2778 25.6
      vertex 73.5809 54.2778 2
    endloop
  endfacet
  facet normal -0.803279 0.595602 0
    outer loop
      vertex 73.5809 54.2778 25.6
      vertex 73.5049 54.1753 2
      vertex 73.5049 54.1753 25.6
    endloop
  endfacet
  facet normal 0.904089 -0.427345 0
    outer loop
      vertex 71.299 55.4975 25.6
      vertex 71.3535 55.6128 2
      vertex 71.3535 55.6128 25.6
    endloop
  endfacet
  facet normal 0.904089 -0.427345 0
    outer loop
      vertex 71.3535 55.6128 2
      vertex 71.299 55.4975 25.6
      vertex 71.299 55.4975 2
    endloop
  endfacet
  facet normal -0.671775 -0.740755 0
    outer loop
      vertex 73.3247 56.0049 2
      vertex 73.4192 55.9192 25.6
      vertex 73.3247 56.0049 25.6
    endloop
  endfacet
  facet normal -0.671775 -0.740755 -0
    outer loop
      vertex 73.4192 55.9192 25.6
      vertex 73.3247 56.0049 2
      vertex 73.4192 55.9192 2
    endloop
  endfacet
  facet normal 0.671775 -0.740755 0
    outer loop
      vertex 71.5808 55.9192 2
      vertex 71.6753 56.0049 25.6
      vertex 71.5808 55.9192 25.6
    endloop
  endfacet
  facet normal 0.671775 -0.740755 0
    outer loop
      vertex 71.6753 56.0049 25.6
      vertex 71.5808 55.9192 2
      vertex 71.6753 56.0049 2
    endloop
  endfacet
  facet normal -0.427345 -0.904089 0
    outer loop
      vertex 72.9975 56.201 2
      vertex 73.1128 56.1465 25.6
      vertex 72.9975 56.201 25.6
    endloop
  endfacet
  facet normal -0.427345 -0.904089 -0
    outer loop
      vertex 73.1128 56.1465 25.6
      vertex 72.9975 56.201 2
      vertex 73.1128 56.1465 2
    endloop
  endfacet
  facet normal -0.941476 -0.337081 0
    outer loop
      vertex 73.744 55.3774 2
      vertex 73.701 55.4975 25.6
      vertex 73.701 55.4975 2
    endloop
  endfacet
  facet normal -0.941476 -0.337081 0
    outer loop
      vertex 73.701 55.4975 25.6
      vertex 73.744 55.3774 2
      vertex 73.744 55.3774 25.6
    endloop
  endfacet
  facet normal -0.0493902 -0.99878 0
    outer loop
      vertex 72.5 56.3 2
      vertex 72.6274 56.2937 25.6
      vertex 72.5 56.3 25.6
    endloop
  endfacet
  facet normal -0.0493902 -0.99878 -0
    outer loop
      vertex 72.6274 56.2937 25.6
      vertex 72.5 56.3 2
      vertex 72.6274 56.2937 2
    endloop
  endfacet
  facet normal 0.857631 -0.514265 0
    outer loop
      vertex 71.3535 55.6128 25.6
      vertex 71.4191 55.7222 2
      vertex 71.4191 55.7222 25.6
    endloop
  endfacet
  facet normal 0.857631 -0.514265 0
    outer loop
      vertex 71.4191 55.7222 2
      vertex 71.3535 55.6128 25.6
      vertex 71.3535 55.6128 2
    endloop
  endfacet
  facet normal -0.989199 0.146577 0
    outer loop
      vertex 73.775 54.7464 2
      vertex 73.7937 54.8726 25.6
      vertex 73.7937 54.8726 2
    endloop
  endfacet
  facet normal -0.989199 0.146577 0
    outer loop
      vertex 73.7937 54.8726 25.6
      vertex 73.775 54.7464 2
      vertex 73.775 54.7464 25.6
    endloop
  endfacet
  facet normal -0.99878 0.0493902 0
    outer loop
      vertex 73.7937 54.8726 2
      vertex 73.8 55 25.6
      vertex 73.8 55 2
    endloop
  endfacet
  facet normal -0.99878 0.0493902 0
    outer loop
      vertex 73.8 55 25.6
      vertex 73.7937 54.8726 2
      vertex 73.7937 54.8726 25.6
    endloop
  endfacet
  facet normal 0.671775 0.740755 -0
    outer loop
      vertex 71.6753 53.9951 2
      vertex 71.5808 54.0808 25.6
      vertex 71.6753 53.9951 25.6
    endloop
  endfacet
  facet normal 0.671775 0.740755 0
    outer loop
      vertex 71.5808 54.0808 25.6
      vertex 71.6753 53.9951 2
      vertex 71.5808 54.0808 2
    endloop
  endfacet
  facet normal -0.904089 -0.427345 0
    outer loop
      vertex 73.701 55.4975 2
      vertex 73.6465 55.6128 25.6
      vertex 73.6465 55.6128 2
    endloop
  endfacet
  facet normal -0.904089 -0.427345 0
    outer loop
      vertex 73.6465 55.6128 25.6
      vertex 73.701 55.4975 2
      vertex 73.701 55.4975 25.6
    endloop
  endfacet
  facet normal 0.97005 -0.242904 0
    outer loop
      vertex 71.225 55.2536 25.6
      vertex 71.256 55.3774 2
      vertex 71.256 55.3774 25.6
    endloop
  endfacet
  facet normal 0.97005 -0.242904 0
    outer loop
      vertex 71.256 55.3774 2
      vertex 71.225 55.2536 25.6
      vertex 71.225 55.2536 2
    endloop
  endfacet
  facet normal -0.242904 0.97005 0
    outer loop
      vertex 72.8774 53.756 2
      vertex 72.7536 53.725 25.6
      vertex 72.8774 53.756 25.6
    endloop
  endfacet
  facet normal -0.242904 0.97005 0
    outer loop
      vertex 72.7536 53.725 25.6
      vertex 72.8774 53.756 2
      vertex 72.7536 53.725 2
    endloop
  endfacet
  facet normal 0.146577 -0.989199 0
    outer loop
      vertex 72.2464 56.275 2
      vertex 72.3726 56.2937 25.6
      vertex 72.2464 56.275 25.6
    endloop
  endfacet
  facet normal 0.146577 -0.989199 0
    outer loop
      vertex 72.3726 56.2937 25.6
      vertex 72.2464 56.275 2
      vertex 72.3726 56.2937 2
    endloop
  endfacet
  facet normal -0.740755 -0.671775 0
    outer loop
      vertex 73.5049 55.8247 2
      vertex 73.4192 55.9192 25.6
      vertex 73.4192 55.9192 2
    endloop
  endfacet
  facet normal -0.740755 -0.671775 0
    outer loop
      vertex 73.4192 55.9192 25.6
      vertex 73.5049 55.8247 2
      vertex 73.5049 55.8247 25.6
    endloop
  endfacet
  facet normal 0.427345 -0.904089 0
    outer loop
      vertex 71.8872 56.1465 2
      vertex 72.0025 56.201 25.6
      vertex 71.8872 56.1465 25.6
    endloop
  endfacet
  facet normal 0.427345 -0.904089 0
    outer loop
      vertex 72.0025 56.201 25.6
      vertex 71.8872 56.1465 2
      vertex 72.0025 56.201 2
    endloop
  endfacet
  facet normal -0.941476 0.337081 0
    outer loop
      vertex 73.701 54.5025 2
      vertex 73.744 54.6226 25.6
      vertex 73.744 54.6226 2
    endloop
  endfacet
  facet normal -0.941476 0.337081 0
    outer loop
      vertex 73.744 54.6226 25.6
      vertex 73.701 54.5025 2
      vertex 73.701 54.5025 25.6
    endloop
  endfacet
  facet normal 0.242904 0.97005 -0
    outer loop
      vertex 72.2464 53.725 2
      vertex 72.1226 53.756 25.6
      vertex 72.2464 53.725 25.6
    endloop
  endfacet
  facet normal 0.242904 0.97005 0
    outer loop
      vertex 72.1226 53.756 25.6
      vertex 72.2464 53.725 2
      vertex 72.1226 53.756 2
    endloop
  endfacet
  facet normal -0.857631 -0.514265 0
    outer loop
      vertex 73.6465 55.6128 2
      vertex 73.5809 55.7222 25.6
      vertex 73.5809 55.7222 2
    endloop
  endfacet
  facet normal -0.857631 -0.514265 0
    outer loop
      vertex 73.5809 55.7222 25.6
      vertex 73.6465 55.6128 2
      vertex 73.6465 55.6128 25.6
    endloop
  endfacet
  facet normal 0.146577 0.989199 -0
    outer loop
      vertex 72.3726 53.7063 2
      vertex 72.2464 53.725 25.6
      vertex 72.3726 53.7063 25.6
    endloop
  endfacet
  facet normal 0.146577 0.989199 0
    outer loop
      vertex 72.2464 53.725 25.6
      vertex 72.3726 53.7063 2
      vertex 72.2464 53.725 2
    endloop
  endfacet
  facet normal 0.0493902 -0.99878 0
    outer loop
      vertex 72.3726 56.2937 2
      vertex 72.5 56.3 25.6
      vertex 72.3726 56.2937 25.6
    endloop
  endfacet
  facet normal 0.0493902 -0.99878 0
    outer loop
      vertex 72.5 56.3 25.6
      vertex 72.3726 56.2937 2
      vertex 72.5 56.3 2
    endloop
  endfacet
  facet normal 0.514265 -0.857631 0
    outer loop
      vertex 71.7778 56.0809 2
      vertex 71.8872 56.1465 25.6
      vertex 71.7778 56.0809 25.6
    endloop
  endfacet
  facet normal 0.514265 -0.857631 0
    outer loop
      vertex 71.8872 56.1465 25.6
      vertex 71.7778 56.0809 2
      vertex 71.8872 56.1465 2
    endloop
  endfacet
  facet normal 0.941476 0.337081 0
    outer loop
      vertex 71.299 54.5025 25.6
      vertex 71.256 54.6226 2
      vertex 71.256 54.6226 25.6
    endloop
  endfacet
  facet normal 0.941476 0.337081 0
    outer loop
      vertex 71.256 54.6226 2
      vertex 71.299 54.5025 25.6
      vertex 71.299 54.5025 2
    endloop
  endfacet
  facet normal 0.740755 -0.671775 0
    outer loop
      vertex 71.4951 55.8247 25.6
      vertex 71.5808 55.9192 2
      vertex 71.5808 55.9192 25.6
    endloop
  endfacet
  facet normal 0.740755 -0.671775 0
    outer loop
      vertex 71.5808 55.9192 2
      vertex 71.4951 55.8247 25.6
      vertex 71.4951 55.8247 2
    endloop
  endfacet
  facet normal 0.337081 0.941476 -0
    outer loop
      vertex 72.1226 53.756 2
      vertex 72.0025 53.799 25.6
      vertex 72.1226 53.756 25.6
    endloop
  endfacet
  facet normal 0.337081 0.941476 0
    outer loop
      vertex 72.0025 53.799 25.6
      vertex 72.1226 53.756 2
      vertex 72.0025 53.799 2
    endloop
  endfacet
  facet normal 0.427345 0.904089 -0
    outer loop
      vertex 72.0025 53.799 2
      vertex 71.8872 53.8535 25.6
      vertex 72.0025 53.799 25.6
    endloop
  endfacet
  facet normal 0.427345 0.904089 0
    outer loop
      vertex 71.8872 53.8535 25.6
      vertex 72.0025 53.799 2
      vertex 71.8872 53.8535 2
    endloop
  endfacet
  facet normal -0.242904 -0.97005 0
    outer loop
      vertex 72.7536 56.275 2
      vertex 72.8774 56.244 25.6
      vertex 72.7536 56.275 25.6
    endloop
  endfacet
  facet normal -0.242904 -0.97005 -0
    outer loop
      vertex 72.8774 56.244 25.6
      vertex 72.7536 56.275 2
      vertex 72.8774 56.244 2
    endloop
  endfacet
  facet normal -0.146577 -0.989199 0
    outer loop
      vertex 72.6274 56.2937 2
      vertex 72.7536 56.275 25.6
      vertex 72.6274 56.2937 25.6
    endloop
  endfacet
  facet normal -0.146577 -0.989199 -0
    outer loop
      vertex 72.7536 56.275 25.6
      vertex 72.6274 56.2937 2
      vertex 72.7536 56.275 2
    endloop
  endfacet
  facet normal -0.671775 0.740755 0
    outer loop
      vertex 73.4192 54.0808 2
      vertex 73.3247 53.9951 25.6
      vertex 73.4192 54.0808 25.6
    endloop
  endfacet
  facet normal -0.671775 0.740755 0
    outer loop
      vertex 73.3247 53.9951 25.6
      vertex 73.4192 54.0808 2
      vertex 73.3247 53.9951 2
    endloop
  endfacet
  facet normal 0.514265 0.857631 -0
    outer loop
      vertex 71.8872 53.8535 2
      vertex 71.7778 53.9191 25.6
      vertex 71.8872 53.8535 25.6
    endloop
  endfacet
  facet normal 0.514265 0.857631 0
    outer loop
      vertex 71.7778 53.9191 25.6
      vertex 71.8872 53.8535 2
      vertex 71.7778 53.9191 2
    endloop
  endfacet
  facet normal 0.740755 0.671775 0
    outer loop
      vertex 71.5808 54.0808 25.6
      vertex 71.4951 54.1753 2
      vertex 71.4951 54.1753 25.6
    endloop
  endfacet
  facet normal 0.740755 0.671775 0
    outer loop
      vertex 71.4951 54.1753 2
      vertex 71.5808 54.0808 25.6
      vertex 71.5808 54.0808 2
    endloop
  endfacet
  facet normal 0.595602 0.803279 -0
    outer loop
      vertex 71.7778 53.9191 2
      vertex 71.6753 53.9951 25.6
      vertex 71.7778 53.9191 25.6
    endloop
  endfacet
  facet normal 0.595602 0.803279 0
    outer loop
      vertex 71.6753 53.9951 25.6
      vertex 71.7778 53.9191 2
      vertex 71.6753 53.9951 2
    endloop
  endfacet
  facet normal 0.989199 0.146577 0
    outer loop
      vertex 71.225 54.7464 25.6
      vertex 71.2063 54.8726 2
      vertex 71.2063 54.8726 25.6
    endloop
  endfacet
  facet normal 0.989199 0.146577 0
    outer loop
      vertex 71.2063 54.8726 2
      vertex 71.225 54.7464 25.6
      vertex 71.225 54.7464 2
    endloop
  endfacet
  facet normal -0.740755 0.671775 0
    outer loop
      vertex 73.4192 54.0808 2
      vertex 73.5049 54.1753 25.6
      vertex 73.5049 54.1753 2
    endloop
  endfacet
  facet normal -0.740755 0.671775 0
    outer loop
      vertex 73.5049 54.1753 25.6
      vertex 73.4192 54.0808 2
      vertex 73.4192 54.0808 25.6
    endloop
  endfacet
  facet normal -0.595602 0.803279 0
    outer loop
      vertex 73.3247 53.9951 2
      vertex 73.2222 53.9191 25.6
      vertex 73.3247 53.9951 25.6
    endloop
  endfacet
  facet normal -0.595602 0.803279 0
    outer loop
      vertex 73.2222 53.9191 25.6
      vertex 73.3247 53.9951 2
      vertex 73.2222 53.9191 2
    endloop
  endfacet
  facet normal 0.803279 0.595602 0
    outer loop
      vertex 71.4951 54.1753 25.6
      vertex 71.4191 54.2778 2
      vertex 71.4191 54.2778 25.6
    endloop
  endfacet
  facet normal 0.803279 0.595602 0
    outer loop
      vertex 71.4191 54.2778 2
      vertex 71.4951 54.1753 25.6
      vertex 71.4951 54.1753 2
    endloop
  endfacet
  facet normal 0.99878 -0.0493902 0
    outer loop
      vertex 71.2 55 25.6
      vertex 71.2063 55.1274 2
      vertex 71.2063 55.1274 25.6
    endloop
  endfacet
  facet normal 0.99878 -0.0493902 0
    outer loop
      vertex 71.2063 55.1274 2
      vertex 71.2 55 25.6
      vertex 71.2 55 2
    endloop
  endfacet
  facet normal 0.99878 0.0493902 0
    outer loop
      vertex 71.2063 54.8726 25.6
      vertex 71.2 55 2
      vertex 71.2 55 25.6
    endloop
  endfacet
  facet normal 0.99878 0.0493902 0
    outer loop
      vertex 71.2 55 2
      vertex 71.2063 54.8726 25.6
      vertex 71.2063 54.8726 2
    endloop
  endfacet
  facet normal 0 0 1
    outer loop
      vertex 73.7937 55.1274 2
      vertex 73.7937 54.8726 2
      vertex 73.8 55 2
    endloop
  endfacet
  facet normal 0 0 1
    outer loop
      vertex 73.775 55.2536 2
      vertex 73.7937 54.8726 2
      vertex 73.7937 55.1274 2
    endloop
  endfacet
  facet normal 0 0 1
    outer loop
      vertex 73.775 55.2536 2
      vertex 73.775 54.7464 2
      vertex 73.7937 54.8726 2
    endloop
  endfacet
  facet normal 0 0 1
    outer loop
      vertex 73.744 55.3774 2
      vertex 73.775 54.7464 2
      vertex 73.775 55.2536 2
    endloop
  endfacet
  facet normal 0 0 1
    outer loop
      vertex 73.744 55.3774 2
      vertex 73.744 54.6226 2
      vertex 73.775 54.7464 2
    endloop
  endfacet
  facet normal 0 0 1
    outer loop
      vertex 73.701 55.4975 2
      vertex 73.744 54.6226 2
      vertex 73.744 55.3774 2
    endloop
  endfacet
  facet normal 0 0 1
    outer loop
      vertex 73.701 55.4975 2
      vertex 73.701 54.5025 2
      vertex 73.744 54.6226 2
    endloop
  endfacet
  facet normal 0 0 1
    outer loop
      vertex 73.6465 55.6128 2
      vertex 73.701 54.5025 2
      vertex 73.701 55.4975 2
    endloop
  endfacet
  facet normal 0 0 1
    outer loop
      vertex 73.6465 55.6128 2
      vertex 73.6465 54.3872 2
      vertex 73.701 54.5025 2
    endloop
  endfacet
  facet normal 0 0 1
    outer loop
      vertex 73.5809 55.7222 2
      vertex 73.6465 54.3872 2
      vertex 73.6465 55.6128 2
    endloop
  endfacet
  facet normal 0 0 1
    outer loop
      vertex 73.5809 55.7222 2
      vertex 73.5809 54.2778 2
      vertex 73.6465 54.3872 2
    endloop
  endfacet
  facet normal 0 0 1
    outer loop
      vertex 73.5049 55.8247 2
      vertex 73.5809 54.2778 2
      vertex 73.5809 55.7222 2
    endloop
  endfacet
  facet normal 0 0 1
    outer loop
      vertex 73.5049 55.8247 2
      vertex 73.5049 54.1753 2
      vertex 73.5809 54.2778 2
    endloop
  endfacet
  facet normal 0 0 1
    outer loop
      vertex 73.4192 55.9192 2
      vertex 73.5049 54.1753 2
      vertex 73.5049 55.8247 2
    endloop
  endfacet
  facet normal 0 0 1
    outer loop
      vertex 73.4192 55.9192 2
      vertex 73.4192 54.0808 2
      vertex 73.5049 54.1753 2
    endloop
  endfacet
  facet normal 0 0 1
    outer loop
      vertex 73.3247 56.0049 2
      vertex 73.4192 54.0808 2
      vertex 73.4192 55.9192 2
    endloop
  endfacet
  facet normal 0 0 1
    outer loop
      vertex 73.3247 56.0049 2
      vertex 73.3247 53.9951 2
      vertex 73.4192 54.0808 2
    endloop
  endfacet
  facet normal 0 0 1
    outer loop
      vertex 73.2222 56.0809 2
      vertex 73.3247 53.9951 2
      vertex 73.3247 56.0049 2
    endloop
  endfacet
  facet normal 0 0 1
    outer loop
      vertex 73.2222 56.0809 2
      vertex 73.2222 53.9191 2
      vertex 73.3247 53.9951 2
    endloop
  endfacet
  facet normal 0 0 1
    outer loop
      vertex 73.1128 56.1465 2
      vertex 73.2222 53.9191 2
      vertex 73.2222 56.0809 2
    endloop
  endfacet
  facet normal 0 0 1
    outer loop
      vertex 73.1128 56.1465 2
      vertex 73.1128 53.8535 2
      vertex 73.2222 53.9191 2
    endloop
  endfacet
  facet normal 0 0 1
    outer loop
      vertex 72.9975 56.201 2
      vertex 73.1128 53.8535 2
      vertex 73.1128 56.1465 2
    endloop
  endfacet
  facet normal 0 0 1
    outer loop
      vertex 72.9975 56.201 2
      vertex 72.9975 53.799 2
      vertex 73.1128 53.8535 2
    endloop
  endfacet
  facet normal 0 0 1
    outer loop
      vertex 72.8774 56.244 2
      vertex 72.9975 53.799 2
      vertex 72.9975 56.201 2
    endloop
  endfacet
  facet normal 0 0 1
    outer loop
      vertex 72.8774 56.244 2
      vertex 72.8774 53.756 2
      vertex 72.9975 53.799 2
    endloop
  endfacet
  facet normal 0 0 1
    outer loop
      vertex 72.7536 56.275 2
      vertex 72.8774 53.756 2
      vertex 72.8774 56.244 2
    endloop
  endfacet
  facet normal 0 0 1
    outer loop
      vertex 72.7536 56.275 2
      vertex 72.7536 53.725 2
      vertex 72.8774 53.756 2
    endloop
  endfacet
  facet normal 0 0 1
    outer loop
      vertex 72.6274 56.2937 2
      vertex 72.7536 53.725 2
      vertex 72.7536 56.275 2
    endloop
  endfacet
  facet normal 0 0 1
    outer loop
      vertex 72.6274 56.2937 2
      vertex 72.6274 53.7063 2
      vertex 72.7536 53.725 2
    endloop
  endfacet
  facet normal 0 0 1
    outer loop
      vertex 72.5 56.3 2
      vertex 72.6274 53.7063 2
      vertex 72.6274 56.2937 2
    endloop
  endfacet
  facet normal 0 0 1
    outer loop
      vertex 72.5 56.3 2
      vertex 72.5 53.7 2
      vertex 72.6274 53.7063 2
    endloop
  endfacet
  facet normal -0 0 1
    outer loop
      vertex 72.3726 56.2937 2
      vertex 72.5 53.7 2
      vertex 72.5 56.3 2
    endloop
  endfacet
  facet normal 0 0 1
    outer loop
      vertex 72.3726 56.2937 2
      vertex 72.3726 53.7063 2
      vertex 72.5 53.7 2
    endloop
  endfacet
  facet normal -0 0 1
    outer loop
      vertex 72.2464 56.275 2
      vertex 72.3726 53.7063 2
      vertex 72.3726 56.2937 2
    endloop
  endfacet
  facet normal 0 0 1
    outer loop
      vertex 72.2464 56.275 2
      vertex 72.2464 53.725 2
      vertex 72.3726 53.7063 2
    endloop
  endfacet
  facet normal -0 0 1
    outer loop
      vertex 72.1226 56.244 2
      vertex 72.2464 53.725 2
      vertex 72.2464 56.275 2
    endloop
  endfacet
  facet normal 0 0 1
    outer loop
      vertex 72.1226 56.244 2
      vertex 72.1226 53.756 2
      vertex 72.2464 53.725 2
    endloop
  endfacet
  facet normal -0 0 1
    outer loop
      vertex 72.0025 56.201 2
      vertex 72.1226 53.756 2
      vertex 72.1226 56.244 2
    endloop
  endfacet
  facet normal 0 0 1
    outer loop
      vertex 72.0025 56.201 2
      vertex 72.0025 53.799 2
      vertex 72.1226 53.756 2
    endloop
  endfacet
  facet normal -0 0 1
    outer loop
      vertex 71.8872 56.1465 2
      vertex 72.0025 53.799 2
      vertex 72.0025 56.201 2
    endloop
  endfacet
  facet normal 0 0 1
    outer loop
      vertex 71.8872 56.1465 2
      vertex 71.8872 53.8535 2
      vertex 72.0025 53.799 2
    endloop
  endfacet
  facet normal -0 0 1
    outer loop
      vertex 71.7778 56.0809 2
      vertex 71.8872 53.8535 2
      vertex 71.8872 56.1465 2
    endloop
  endfacet
  facet normal 0 0 1
    outer loop
      vertex 71.7778 56.0809 2
      vertex 71.7778 53.9191 2
      vertex 71.8872 53.8535 2
    endloop
  endfacet
  facet normal -0 0 1
    outer loop
      vertex 71.6753 56.0049 2
      vertex 71.7778 53.9191 2
      vertex 71.7778 56.0809 2
    endloop
  endfacet
  facet normal 0 0 1
    outer loop
      vertex 71.6753 56.0049 2
      vertex 71.6753 53.9951 2
      vertex 71.7778 53.9191 2
    endloop
  endfacet
  facet normal -0 0 1
    outer loop
      vertex 71.5808 55.9192 2
      vertex 71.6753 53.9951 2
      vertex 71.6753 56.0049 2
    endloop
  endfacet
  facet normal 0 0 1
    outer loop
      vertex 71.5808 55.9192 2
      vertex 71.5808 54.0808 2
      vertex 71.6753 53.9951 2
    endloop
  endfacet
  facet normal -0 0 1
    outer loop
      vertex 71.4951 55.8247 2
      vertex 71.5808 54.0808 2
      vertex 71.5808 55.9192 2
    endloop
  endfacet
  facet normal 0 0 1
    outer loop
      vertex 71.4951 55.8247 2
      vertex 71.4951 54.1753 2
      vertex 71.5808 54.0808 2
    endloop
  endfacet
  facet normal -0 0 1
    outer loop
      vertex 71.4191 55.7222 2
      vertex 71.4951 54.1753 2
      vertex 71.4951 55.8247 2
    endloop
  endfacet
  facet normal 0 0 1
    outer loop
      vertex 71.4191 55.7222 2
      vertex 71.4191 54.2778 2
      vertex 71.4951 54.1753 2
    endloop
  endfacet
  facet normal -0 0 1
    outer loop
      vertex 71.3535 55.6128 2
      vertex 71.4191 54.2778 2
      vertex 71.4191 55.7222 2
    endloop
  endfacet
  facet normal 0 0 1
    outer loop
      vertex 71.3535 55.6128 2
      vertex 71.3535 54.3872 2
      vertex 71.4191 54.2778 2
    endloop
  endfacet
  facet normal -0 0 1
    outer loop
      vertex 71.299 55.4975 2
      vertex 71.3535 54.3872 2
      vertex 71.3535 55.6128 2
    endloop
  endfacet
  facet normal 0 0 1
    outer loop
      vertex 71.299 55.4975 2
      vertex 71.299 54.5025 2
      vertex 71.3535 54.3872 2
    endloop
  endfacet
  facet normal -0 0 1
    outer loop
      vertex 71.256 55.3774 2
      vertex 71.299 54.5025 2
      vertex 71.299 55.4975 2
    endloop
  endfacet
  facet normal 0 0 1
    outer loop
      vertex 71.256 55.3774 2
      vertex 71.256 54.6226 2
      vertex 71.299 54.5025 2
    endloop
  endfacet
  facet normal -0 0 1
    outer loop
      vertex 71.225 55.2536 2
      vertex 71.256 54.6226 2
      vertex 71.256 55.3774 2
    endloop
  endfacet
  facet normal 0 0 1
    outer loop
      vertex 71.225 55.2536 2
      vertex 71.225 54.7464 2
      vertex 71.256 54.6226 2
    endloop
  endfacet
  facet normal -0 0 1
    outer loop
      vertex 71.2063 55.1274 2
      vertex 71.225 54.7464 2
      vertex 71.225 55.2536 2
    endloop
  endfacet
  facet normal 0 0 1
    outer loop
      vertex 71.2063 55.1274 2
      vertex 71.2063 54.8726 2
      vertex 71.225 54.7464 2
    endloop
  endfacet
  facet normal 0 -0 1
    outer loop
      vertex 71.2063 54.8726 2
      vertex 71.2063 55.1274 2
      vertex 71.2 55 2
    endloop
  endfacet
  facet normal 0.970027 -0.242997 0
    outer loop
      vertex 87.295 6.25362 25.6
      vertex 87.326 6.37737 2
      vertex 87.326 6.37737 25.6
    endloop
  endfacet
  facet normal 0.970027 -0.242997 0
    outer loop
      vertex 87.326 6.37737 2
      vertex 87.295 6.25362 25.6
      vertex 87.295 6.25362 2
    endloop
  endfacet
  facet normal -0.989199 -0.146577 0
    outer loop
      vertex 89.8637 6.12742 2
      vertex 89.845 6.25362 25.6
      vertex 89.845 6.25362 2
    endloop
  endfacet
  facet normal -0.989199 -0.146577 0
    outer loop
      vertex 89.845 6.25362 25.6
      vertex 89.8637 6.12742 2
      vertex 89.8637 6.12742 25.6
    endloop
  endfacet
  facet normal -0.99878 -0.0493825 0
    outer loop
      vertex 89.87 6 2
      vertex 89.8637 6.12742 25.6
      vertex 89.8637 6.12742 2
    endloop
  endfacet
  facet normal -0.99878 -0.0493825 0
    outer loop
      vertex 89.8637 6.12742 25.6
      vertex 89.87 6 2
      vertex 89.87 6 25.6
    endloop
  endfacet
  facet normal -0.970027 -0.242997 0
    outer loop
      vertex 89.845 6.25362 2
      vertex 89.814 6.37737 25.6
      vertex 89.814 6.37737 2
    endloop
  endfacet
  facet normal -0.970027 -0.242997 0
    outer loop
      vertex 89.814 6.37737 25.6
      vertex 89.845 6.25362 2
      vertex 89.845 6.25362 25.6
    endloop
  endfacet
  facet normal -0.0490774 -0.998795 0
    outer loop
      vertex 88.57 7.3 2
      vertex 88.6974 7.29374 25.6
      vertex 88.57 7.3 25.6
    endloop
  endfacet
  facet normal -0.0490774 -0.998795 -0
    outer loop
      vertex 88.6974 7.29374 25.6
      vertex 88.57 7.3 2
      vertex 88.6974 7.29374 2
    endloop
  endfacet
  facet normal 0.14673 -0.989177 0
    outer loop
      vertex 88.3164 7.27502 2
      vertex 88.4426 7.29374 25.6
      vertex 88.3164 7.27502 25.6
    endloop
  endfacet
  facet normal 0.14673 -0.989177 0
    outer loop
      vertex 88.4426 7.29374 25.6
      vertex 88.3164 7.27502 2
      vertex 88.4426 7.29374 2
    endloop
  endfacet
  facet normal -0.803196 -0.595715 0
    outer loop
      vertex 89.6509 6.72224 2
      vertex 89.5749 6.82471 25.6
      vertex 89.5749 6.82471 2
    endloop
  endfacet
  facet normal -0.803196 -0.595715 0
    outer loop
      vertex 89.5749 6.82471 25.6
      vertex 89.6509 6.72224 2
      vertex 89.6509 6.72224 25.6
    endloop
  endfacet
  facet normal 0.989199 0.146577 0
    outer loop
      vertex 87.295 5.74638 25.6
      vertex 87.2763 5.87258 2
      vertex 87.2763 5.87258 25.6
    endloop
  endfacet
  facet normal 0.989199 0.146577 0
    outer loop
      vertex 87.2763 5.87258 2
      vertex 87.295 5.74638 25.6
      vertex 87.295 5.74638 2
    endloop
  endfacet
  facet normal -0.595602 -0.803279 0
    outer loop
      vertex 89.2922 7.08091 2
      vertex 89.3947 7.00491 25.6
      vertex 89.2922 7.08091 25.6
    endloop
  endfacet
  facet normal -0.595602 -0.803279 -0
    outer loop
      vertex 89.3947 7.00491 25.6
      vertex 89.2922 7.08091 2
      vertex 89.3947 7.00491 2
    endloop
  endfacet
  facet normal -0.99878 0.0493825 0
    outer loop
      vertex 89.8637 5.87258 2
      vertex 89.87 6 25.6
      vertex 89.87 6 2
    endloop
  endfacet
  facet normal -0.99878 0.0493825 0
    outer loop
      vertex 89.87 6 25.6
      vertex 89.8637 5.87258 2
      vertex 89.8637 5.87258 25.6
    endloop
  endfacet
  facet normal 0.242904 -0.97005 0
    outer loop
      vertex 88.1926 7.24402 2
      vertex 88.3164 7.27502 25.6
      vertex 88.1926 7.24402 25.6
    endloop
  endfacet
  facet normal 0.242904 -0.97005 0
    outer loop
      vertex 88.3164 7.27502 25.6
      vertex 88.1926 7.24402 2
      vertex 88.3164 7.27502 2
    endloop
  endfacet
  facet normal 0.595602 -0.803279 0
    outer loop
      vertex 87.7453 7.00491 2
      vertex 87.8478 7.08091 25.6
      vertex 87.7453 7.00491 25.6
    endloop
  endfacet
  facet normal 0.595602 -0.803279 0
    outer loop
      vertex 87.8478 7.08091 25.6
      vertex 87.7453 7.00491 2
      vertex 87.8478 7.08091 2
    endloop
  endfacet
  facet normal -0.427601 -0.903968 0
    outer loop
      vertex 89.0675 7.20104 2
      vertex 89.1828 7.1465 25.6
      vertex 89.0675 7.20104 25.6
    endloop
  endfacet
  facet normal -0.427601 -0.903968 -0
    outer loop
      vertex 89.1828 7.1465 25.6
      vertex 89.0675 7.20104 2
      vertex 89.1828 7.1465 2
    endloop
  endfacet
  facet normal -0.242904 -0.97005 0
    outer loop
      vertex 88.8236 7.27502 2
      vertex 88.9474 7.24402 25.6
      vertex 88.8236 7.27502 25.6
    endloop
  endfacet
  facet normal -0.242904 -0.97005 -0
    outer loop
      vertex 88.9474 7.24402 25.6
      vertex 88.8236 7.27502 2
      vertex 88.9474 7.24402 2
    endloop
  endfacet
  facet normal 0.427601 -0.903968 0
    outer loop
      vertex 87.9572 7.1465 2
      vertex 88.0725 7.20104 25.6
      vertex 87.9572 7.1465 25.6
    endloop
  endfacet
  facet normal 0.427601 -0.903968 0
    outer loop
      vertex 88.0725 7.20104 25.6
      vertex 87.9572 7.1465 2
      vertex 88.0725 7.20104 2
    endloop
  endfacet
  facet normal 0.242904 0.97005 -0
    outer loop
      vertex 88.3164 4.72498 2
      vertex 88.1926 4.75598 25.6
      vertex 88.3164 4.72498 25.6
    endloop
  endfacet
  facet normal 0.242904 0.97005 0
    outer loop
      vertex 88.1926 4.75598 25.6
      vertex 88.3164 4.72498 2
      vertex 88.1926 4.75598 2
    endloop
  endfacet
  facet normal 0.671646 0.740872 -0
    outer loop
      vertex 87.7453 4.99509 2
      vertex 87.6508 5.08076 25.6
      vertex 87.7453 4.99509 25.6
    endloop
  endfacet
  facet normal 0.671646 0.740872 0
    outer loop
      vertex 87.6508 5.08076 25.6
      vertex 87.7453 4.99509 2
      vertex 87.6508 5.08076 2
    endloop
  endfacet
  facet normal 0.857673 0.514196 0
    outer loop
      vertex 87.4891 5.27776 25.6
      vertex 87.4235 5.38718 2
      vertex 87.4235 5.38718 25.6
    endloop
  endfacet
  facet normal 0.857673 0.514196 0
    outer loop
      vertex 87.4235 5.38718 2
      vertex 87.4891 5.27776 25.6
      vertex 87.4891 5.27776 2
    endloop
  endfacet
  facet normal -0.740861 -0.671658 0
    outer loop
      vertex 89.5749 6.82471 2
      vertex 89.4892 6.91924 25.6
      vertex 89.4892 6.91924 2
    endloop
  endfacet
  facet normal -0.740861 -0.671658 0
    outer loop
      vertex 89.4892 6.91924 25.6
      vertex 89.5749 6.82471 2
      vertex 89.5749 6.82471 25.6
    endloop
  endfacet
  facet normal 0.0490774 0.998795 -0
    outer loop
      vertex 88.57 4.7 2
      vertex 88.4426 4.70626 25.6
      vertex 88.57 4.7 25.6
    endloop
  endfacet
  facet normal 0.0490774 0.998795 0
    outer loop
      vertex 88.4426 4.70626 25.6
      vertex 88.57 4.7 2
      vertex 88.4426 4.70626 2
    endloop
  endfacet
  facet normal -0.336942 -0.941525 0
    outer loop
      vertex 88.9474 7.24402 2
      vertex 89.0675 7.20104 25.6
      vertex 88.9474 7.24402 25.6
    endloop
  endfacet
  facet normal -0.336942 -0.941525 -0
    outer loop
      vertex 89.0675 7.20104 25.6
      vertex 88.9474 7.24402 2
      vertex 89.0675 7.20104 2
    endloop
  endfacet
  facet normal 0.336942 0.941525 -0
    outer loop
      vertex 88.1926 4.75598 2
      vertex 88.0725 4.79896 25.6
      vertex 88.1926 4.75598 25.6
    endloop
  endfacet
  facet normal 0.336942 0.941525 0
    outer loop
      vertex 88.0725 4.79896 25.6
      vertex 88.1926 4.75598 2
      vertex 88.0725 4.79896 2
    endloop
  endfacet
  facet normal -0.14673 -0.989177 0
    outer loop
      vertex 88.6974 7.29374 2
      vertex 88.8236 7.27502 25.6
      vertex 88.6974 7.29374 25.6
    endloop
  endfacet
  facet normal -0.14673 -0.989177 -0
    outer loop
      vertex 88.8236 7.27502 25.6
      vertex 88.6974 7.29374 2
      vertex 88.8236 7.27502 2
    endloop
  endfacet
  facet normal 0.904117 -0.427284 0
    outer loop
      vertex 87.369 6.49749 25.6
      vertex 87.4235 6.61281 2
      vertex 87.4235 6.61281 25.6
    endloop
  endfacet
  facet normal 0.904117 -0.427284 0
    outer loop
      vertex 87.4235 6.61281 2
      vertex 87.369 6.49749 25.6
      vertex 87.369 6.49749 2
    endloop
  endfacet
  facet normal 0.336942 -0.941525 0
    outer loop
      vertex 88.0725 7.20104 2
      vertex 88.1926 7.24402 25.6
      vertex 88.0725 7.20104 25.6
    endloop
  endfacet
  facet normal 0.336942 -0.941525 0
    outer loop
      vertex 88.1926 7.24402 25.6
      vertex 88.0725 7.20104 2
      vertex 88.1926 7.24402 2
    endloop
  endfacet
  facet normal -0.904117 -0.427284 0
    outer loop
      vertex 89.771 6.49749 2
      vertex 89.7165 6.61281 25.6
      vertex 89.7165 6.61281 2
    endloop
  endfacet
  facet normal -0.904117 -0.427284 0
    outer loop
      vertex 89.7165 6.61281 25.6
      vertex 89.771 6.49749 2
      vertex 89.771 6.49749 25.6
    endloop
  endfacet
  facet normal -0.970027 0.242997 0
    outer loop
      vertex 89.814 5.62263 2
      vertex 89.845 5.74638 25.6
      vertex 89.845 5.74638 2
    endloop
  endfacet
  facet normal -0.970027 0.242997 0
    outer loop
      vertex 89.845 5.74638 25.6
      vertex 89.814 5.62263 2
      vertex 89.814 5.62263 25.6
    endloop
  endfacet
  facet normal -0.14673 0.989177 0
    outer loop
      vertex 88.8236 4.72498 2
      vertex 88.6974 4.70626 25.6
      vertex 88.8236 4.72498 25.6
    endloop
  endfacet
  facet normal -0.14673 0.989177 0
    outer loop
      vertex 88.6974 4.70626 25.6
      vertex 88.8236 4.72498 2
      vertex 88.6974 4.70626 2
    endloop
  endfacet
  facet normal 0.941493 -0.337031 0
    outer loop
      vertex 87.326 6.37737 25.6
      vertex 87.369 6.49749 2
      vertex 87.369 6.49749 25.6
    endloop
  endfacet
  facet normal 0.941493 -0.337031 0
    outer loop
      vertex 87.369 6.49749 2
      vertex 87.326 6.37737 25.6
      vertex 87.326 6.37737 2
    endloop
  endfacet
  facet normal -0.514208 -0.857666 0
    outer loop
      vertex 89.1828 7.1465 2
      vertex 89.2922 7.08091 25.6
      vertex 89.1828 7.1465 25.6
    endloop
  endfacet
  facet normal -0.514208 -0.857666 -0
    outer loop
      vertex 89.2922 7.08091 25.6
      vertex 89.1828 7.1465 2
      vertex 89.2922 7.08091 2
    endloop
  endfacet
  facet normal -0.336942 0.941525 0
    outer loop
      vertex 89.0675 4.79896 2
      vertex 88.9474 4.75598 25.6
      vertex 89.0675 4.79896 25.6
    endloop
  endfacet
  facet normal -0.336942 0.941525 0
    outer loop
      vertex 88.9474 4.75598 25.6
      vertex 89.0675 4.79896 2
      vertex 88.9474 4.75598 2
    endloop
  endfacet
  facet normal -0.803196 0.595715 0
    outer loop
      vertex 89.5749 5.17529 2
      vertex 89.6509 5.27776 25.6
      vertex 89.6509 5.27776 2
    endloop
  endfacet
  facet normal -0.803196 0.595715 0
    outer loop
      vertex 89.6509 5.27776 25.6
      vertex 89.5749 5.17529 2
      vertex 89.5749 5.17529 25.6
    endloop
  endfacet
  facet normal -0.941493 -0.337031 0
    outer loop
      vertex 89.814 6.37737 2
      vertex 89.771 6.49749 25.6
      vertex 89.771 6.49749 2
    endloop
  endfacet
  facet normal -0.941493 -0.337031 0
    outer loop
      vertex 89.771 6.49749 25.6
      vertex 89.814 6.37737 2
      vertex 89.814 6.37737 25.6
    endloop
  endfacet
  facet normal -0.857673 0.514196 0
    outer loop
      vertex 89.6509 5.27776 2
      vertex 89.7165 5.38718 25.6
      vertex 89.7165 5.38718 2
    endloop
  endfacet
  facet normal -0.857673 0.514196 0
    outer loop
      vertex 89.7165 5.38718 25.6
      vertex 89.6509 5.27776 2
      vertex 89.6509 5.27776 25.6
    endloop
  endfacet
  facet normal -0.904132 0.427254 0
    outer loop
      vertex 89.7165 5.38718 2
      vertex 89.771 5.50251 25.6
      vertex 89.771 5.50251 2
    endloop
  endfacet
  facet normal -0.904132 0.427254 0
    outer loop
      vertex 89.771 5.50251 25.6
      vertex 89.7165 5.38718 2
      vertex 89.7165 5.38718 25.6
    endloop
  endfacet
  facet normal 0.0490774 -0.998795 0
    outer loop
      vertex 88.4426 7.29374 2
      vertex 88.57 7.3 25.6
      vertex 88.4426 7.29374 25.6
    endloop
  endfacet
  facet normal 0.0490774 -0.998795 0
    outer loop
      vertex 88.57 7.3 25.6
      vertex 88.4426 7.29374 2
      vertex 88.57 7.3 2
    endloop
  endfacet
  facet normal -0.427601 0.903968 0
    outer loop
      vertex 89.1828 4.8535 2
      vertex 89.0675 4.79896 25.6
      vertex 89.1828 4.8535 25.6
    endloop
  endfacet
  facet normal -0.427601 0.903968 0
    outer loop
      vertex 89.0675 4.79896 25.6
      vertex 89.1828 4.8535 2
      vertex 89.0675 4.79896 2
    endloop
  endfacet
  facet normal -0.671646 -0.740872 0
    outer loop
      vertex 89.3947 7.00491 2
      vertex 89.4892 6.91924 25.6
      vertex 89.3947 7.00491 25.6
    endloop
  endfacet
  facet normal -0.671646 -0.740872 -0
    outer loop
      vertex 89.4892 6.91924 25.6
      vertex 89.3947 7.00491 2
      vertex 89.4892 6.91924 2
    endloop
  endfacet
  facet normal 0.803196 -0.595715 0
    outer loop
      vertex 87.4891 6.72224 25.6
      vertex 87.5651 6.82471 2
      vertex 87.5651 6.82471 25.6
    endloop
  endfacet
  facet normal 0.803196 -0.595715 0
    outer loop
      vertex 87.5651 6.82471 2
      vertex 87.4891 6.72224 25.6
      vertex 87.4891 6.72224 2
    endloop
  endfacet
  facet normal -0.989199 0.146577 0
    outer loop
      vertex 89.845 5.74638 2
      vertex 89.8637 5.87258 25.6
      vertex 89.8637 5.87258 2
    endloop
  endfacet
  facet normal -0.989199 0.146577 0
    outer loop
      vertex 89.8637 5.87258 25.6
      vertex 89.845 5.74638 2
      vertex 89.845 5.74638 25.6
    endloop
  endfacet
  facet normal -0.857693 -0.514161 0
    outer loop
      vertex 89.7165 6.61281 2
      vertex 89.6509 6.72224 25.6
      vertex 89.6509 6.72224 2
    endloop
  endfacet
  facet normal -0.857693 -0.514161 0
    outer loop
      vertex 89.6509 6.72224 25.6
      vertex 89.7165 6.61281 2
      vertex 89.7165 6.61281 25.6
    endloop
  endfacet
  facet normal 0.14673 0.989177 -0
    outer loop
      vertex 88.4426 4.70626 2
      vertex 88.3164 4.72498 25.6
      vertex 88.4426 4.70626 25.6
    endloop
  endfacet
  facet normal 0.14673 0.989177 0
    outer loop
      vertex 88.3164 4.72498 25.6
      vertex 88.4426 4.70626 2
      vertex 88.3164 4.72498 2
    endloop
  endfacet
  facet normal 0.514208 0.857666 -0
    outer loop
      vertex 87.9572 4.8535 2
      vertex 87.8478 4.91909 25.6
      vertex 87.9572 4.8535 25.6
    endloop
  endfacet
  facet normal 0.514208 0.857666 0
    outer loop
      vertex 87.8478 4.91909 25.6
      vertex 87.9572 4.8535 2
      vertex 87.8478 4.91909 2
    endloop
  endfacet
  facet normal 0.970027 0.242997 0
    outer loop
      vertex 87.326 5.62263 25.6
      vertex 87.295 5.74638 2
      vertex 87.295 5.74638 25.6
    endloop
  endfacet
  facet normal 0.970027 0.242997 0
    outer loop
      vertex 87.295 5.74638 2
      vertex 87.326 5.62263 25.6
      vertex 87.326 5.62263 2
    endloop
  endfacet
  facet normal 0.671646 -0.740872 0
    outer loop
      vertex 87.6508 6.91924 2
      vertex 87.7453 7.00491 25.6
      vertex 87.6508 6.91924 25.6
    endloop
  endfacet
  facet normal 0.671646 -0.740872 0
    outer loop
      vertex 87.7453 7.00491 25.6
      vertex 87.6508 6.91924 2
      vertex 87.7453 7.00491 2
    endloop
  endfacet
  facet normal 0.514208 -0.857666 0
    outer loop
      vertex 87.8478 7.08091 2
      vertex 87.9572 7.1465 25.6
      vertex 87.8478 7.08091 25.6
    endloop
  endfacet
  facet normal 0.514208 -0.857666 0
    outer loop
      vertex 87.9572 7.1465 25.6
      vertex 87.8478 7.08091 2
      vertex 87.9572 7.1465 2
    endloop
  endfacet
  facet normal -0.514208 0.857666 0
    outer loop
      vertex 89.2922 4.91909 2
      vertex 89.1828 4.8535 25.6
      vertex 89.2922 4.91909 25.6
    endloop
  endfacet
  facet normal -0.514208 0.857666 0
    outer loop
      vertex 89.1828 4.8535 25.6
      vertex 89.2922 4.91909 2
      vertex 89.1828 4.8535 2
    endloop
  endfacet
  facet normal 0.595602 0.803279 -0
    outer loop
      vertex 87.8478 4.91909 2
      vertex 87.7453 4.99509 25.6
      vertex 87.8478 4.91909 25.6
    endloop
  endfacet
  facet normal 0.595602 0.803279 0
    outer loop
      vertex 87.7453 4.99509 25.6
      vertex 87.8478 4.91909 2
      vertex 87.7453 4.99509 2
    endloop
  endfacet
  facet normal -0.242904 0.97005 0
    outer loop
      vertex 88.9474 4.75598 2
      vertex 88.8236 4.72498 25.6
      vertex 88.9474 4.75598 25.6
    endloop
  endfacet
  facet normal -0.242904 0.97005 0
    outer loop
      vertex 88.8236 4.72498 25.6
      vertex 88.9474 4.75598 2
      vertex 88.8236 4.72498 2
    endloop
  endfacet
  facet normal 0.740861 -0.671658 0
    outer loop
      vertex 87.5651 6.82471 25.6
      vertex 87.6508 6.91924 2
      vertex 87.6508 6.91924 25.6
    endloop
  endfacet
  facet normal 0.740861 -0.671658 0
    outer loop
      vertex 87.6508 6.91924 2
      vertex 87.5651 6.82471 25.6
      vertex 87.5651 6.82471 2
    endloop
  endfacet
  facet normal 0.740861 0.671658 0
    outer loop
      vertex 87.6508 5.08076 25.6
      vertex 87.5651 5.17529 2
      vertex 87.5651 5.17529 25.6
    endloop
  endfacet
  facet normal 0.740861 0.671658 0
    outer loop
      vertex 87.5651 5.17529 2
      vertex 87.6508 5.08076 25.6
      vertex 87.6508 5.08076 2
    endloop
  endfacet
  facet normal 0.904132 0.427254 0
    outer loop
      vertex 87.4235 5.38718 25.6
      vertex 87.369 5.50251 2
      vertex 87.369 5.50251 25.6
    endloop
  endfacet
  facet normal 0.904132 0.427254 0
    outer loop
      vertex 87.369 5.50251 2
      vertex 87.4235 5.38718 25.6
      vertex 87.4235 5.38718 2
    endloop
  endfacet
  facet normal 0.941493 0.337031 0
    outer loop
      vertex 87.369 5.50251 25.6
      vertex 87.326 5.62263 2
      vertex 87.326 5.62263 25.6
    endloop
  endfacet
  facet normal 0.941493 0.337031 0
    outer loop
      vertex 87.326 5.62263 2
      vertex 87.369 5.50251 25.6
      vertex 87.369 5.50251 2
    endloop
  endfacet
  facet normal -0.595602 0.803279 0
    outer loop
      vertex 89.3947 4.99509 2
      vertex 89.2922 4.91909 25.6
      vertex 89.3947 4.99509 25.6
    endloop
  endfacet
  facet normal -0.595602 0.803279 0
    outer loop
      vertex 89.2922 4.91909 25.6
      vertex 89.3947 4.99509 2
      vertex 89.2922 4.91909 2
    endloop
  endfacet
  facet normal -0.0490774 0.998795 0
    outer loop
      vertex 88.6974 4.70626 2
      vertex 88.57 4.7 25.6
      vertex 88.6974 4.70626 25.6
    endloop
  endfacet
  facet normal -0.0490774 0.998795 0
    outer loop
      vertex 88.57 4.7 25.6
      vertex 88.6974 4.70626 2
      vertex 88.57 4.7 2
    endloop
  endfacet
  facet normal 0.989199 -0.146577 0
    outer loop
      vertex 87.2763 6.12742 25.6
      vertex 87.295 6.25362 2
      vertex 87.295 6.25362 25.6
    endloop
  endfacet
  facet normal 0.989199 -0.146577 0
    outer loop
      vertex 87.295 6.25362 2
      vertex 87.2763 6.12742 25.6
      vertex 87.2763 6.12742 2
    endloop
  endfacet
  facet normal -0.941493 0.337031 0
    outer loop
      vertex 89.771 5.50251 2
      vertex 89.814 5.62263 25.6
      vertex 89.814 5.62263 2
    endloop
  endfacet
  facet normal -0.941493 0.337031 0
    outer loop
      vertex 89.814 5.62263 25.6
      vertex 89.771 5.50251 2
      vertex 89.771 5.50251 25.6
    endloop
  endfacet
  facet normal -0.740861 0.671658 0
    outer loop
      vertex 89.4892 5.08076 2
      vertex 89.5749 5.17529 25.6
      vertex 89.5749 5.17529 2
    endloop
  endfacet
  facet normal -0.740861 0.671658 0
    outer loop
      vertex 89.5749 5.17529 25.6
      vertex 89.4892 5.08076 2
      vertex 89.4892 5.08076 25.6
    endloop
  endfacet
  facet normal 0.803196 0.595715 0
    outer loop
      vertex 87.5651 5.17529 25.6
      vertex 87.4891 5.27776 2
      vertex 87.4891 5.27776 25.6
    endloop
  endfacet
  facet normal 0.803196 0.595715 0
    outer loop
      vertex 87.4891 5.27776 2
      vertex 87.5651 5.17529 25.6
      vertex 87.5651 5.17529 2
    endloop
  endfacet
  facet normal 0 0 1
    outer loop
      vertex 89.8637 6.12742 2
      vertex 89.8637 5.87258 2
      vertex 89.87 6 2
    endloop
  endfacet
  facet normal 0 0 1
    outer loop
      vertex 89.845 6.25362 2
      vertex 89.8637 5.87258 2
      vertex 89.8637 6.12742 2
    endloop
  endfacet
  facet normal 0 0 1
    outer loop
      vertex 89.845 6.25362 2
      vertex 89.845 5.74638 2
      vertex 89.8637 5.87258 2
    endloop
  endfacet
  facet normal 0 0 1
    outer loop
      vertex 89.814 6.37737 2
      vertex 89.845 5.74638 2
      vertex 89.845 6.25362 2
    endloop
  endfacet
  facet normal 0 0 1
    outer loop
      vertex 89.814 6.37737 2
      vertex 89.814 5.62263 2
      vertex 89.845 5.74638 2
    endloop
  endfacet
  facet normal 0 0 1
    outer loop
      vertex 89.771 6.49749 2
      vertex 89.814 5.62263 2
      vertex 89.814 6.37737 2
    endloop
  endfacet
  facet normal 0 0 1
    outer loop
      vertex 89.771 6.49749 2
      vertex 89.771 5.50251 2
      vertex 89.814 5.62263 2
    endloop
  endfacet
  facet normal 0 0 1
    outer loop
      vertex 89.7165 6.61281 2
      vertex 89.771 5.50251 2
      vertex 89.771 6.49749 2
    endloop
  endfacet
  facet normal 0 0 1
    outer loop
      vertex 89.7165 6.61281 2
      vertex 89.7165 5.38718 2
      vertex 89.771 5.50251 2
    endloop
  endfacet
  facet normal 0 0 1
    outer loop
      vertex 89.6509 6.72224 2
      vertex 89.7165 5.38718 2
      vertex 89.7165 6.61281 2
    endloop
  endfacet
  facet normal 0 0 1
    outer loop
      vertex 89.6509 6.72224 2
      vertex 89.6509 5.27776 2
      vertex 89.7165 5.38718 2
    endloop
  endfacet
  facet normal 0 0 1
    outer loop
      vertex 89.5749 6.82471 2
      vertex 89.6509 5.27776 2
      vertex 89.6509 6.72224 2
    endloop
  endfacet
  facet normal 0 0 1
    outer loop
      vertex 89.5749 6.82471 2
      vertex 89.5749 5.17529 2
      vertex 89.6509 5.27776 2
    endloop
  endfacet
  facet normal 0 0 1
    outer loop
      vertex 89.4892 6.91924 2
      vertex 89.5749 5.17529 2
      vertex 89.5749 6.82471 2
    endloop
  endfacet
  facet normal 0 0 1
    outer loop
      vertex 89.4892 6.91924 2
      vertex 89.4892 5.08076 2
      vertex 89.5749 5.17529 2
    endloop
  endfacet
  facet normal 0 0 1
    outer loop
      vertex 89.3947 7.00491 2
      vertex 89.4892 5.08076 2
      vertex 89.4892 6.91924 2
    endloop
  endfacet
  facet normal 0 0 1
    outer loop
      vertex 89.3947 7.00491 2
      vertex 89.3947 4.99509 2
      vertex 89.4892 5.08076 2
    endloop
  endfacet
  facet normal 0 0 1
    outer loop
      vertex 89.2922 7.08091 2
      vertex 89.3947 4.99509 2
      vertex 89.3947 7.00491 2
    endloop
  endfacet
  facet normal 0 0 1
    outer loop
      vertex 89.2922 7.08091 2
      vertex 89.2922 4.91909 2
      vertex 89.3947 4.99509 2
    endloop
  endfacet
  facet normal 0 0 1
    outer loop
      vertex 89.1828 7.1465 2
      vertex 89.2922 4.91909 2
      vertex 89.2922 7.08091 2
    endloop
  endfacet
  facet normal 0 0 1
    outer loop
      vertex 89.1828 7.1465 2
      vertex 89.1828 4.8535 2
      vertex 89.2922 4.91909 2
    endloop
  endfacet
  facet normal 0 0 1
    outer loop
      vertex 89.0675 7.20104 2
      vertex 89.1828 4.8535 2
      vertex 89.1828 7.1465 2
    endloop
  endfacet
  facet normal 0 0 1
    outer loop
      vertex 89.0675 7.20104 2
      vertex 89.0675 4.79896 2
      vertex 89.1828 4.8535 2
    endloop
  endfacet
  facet normal 0 0 1
    outer loop
      vertex 88.9474 7.24402 2
      vertex 89.0675 4.79896 2
      vertex 89.0675 7.20104 2
    endloop
  endfacet
  facet normal 0 0 1
    outer loop
      vertex 88.9474 7.24402 2
      vertex 88.9474 4.75598 2
      vertex 89.0675 4.79896 2
    endloop
  endfacet
  facet normal 0 0 1
    outer loop
      vertex 88.8236 7.27502 2
      vertex 88.9474 4.75598 2
      vertex 88.9474 7.24402 2
    endloop
  endfacet
  facet normal 0 0 1
    outer loop
      vertex 88.8236 7.27502 2
      vertex 88.8236 4.72498 2
      vertex 88.9474 4.75598 2
    endloop
  endfacet
  facet normal 0 0 1
    outer loop
      vertex 88.6974 7.29374 2
      vertex 88.8236 4.72498 2
      vertex 88.8236 7.27502 2
    endloop
  endfacet
  facet normal 0 0 1
    outer loop
      vertex 88.6974 7.29374 2
      vertex 88.6974 4.70626 2
      vertex 88.8236 4.72498 2
    endloop
  endfacet
  facet normal 0 0 1
    outer loop
      vertex 88.57 7.3 2
      vertex 88.6974 4.70626 2
      vertex 88.6974 7.29374 2
    endloop
  endfacet
  facet normal 0 0 1
    outer loop
      vertex 88.57 7.3 2
      vertex 88.57 4.7 2
      vertex 88.6974 4.70626 2
    endloop
  endfacet
  facet normal -0 0 1
    outer loop
      vertex 88.4426 7.29374 2
      vertex 88.57 4.7 2
      vertex 88.57 7.3 2
    endloop
  endfacet
  facet normal 0 0 1
    outer loop
      vertex 88.4426 7.29374 2
      vertex 88.4426 4.70626 2
      vertex 88.57 4.7 2
    endloop
  endfacet
  facet normal -0 0 1
    outer loop
      vertex 88.3164 7.27502 2
      vertex 88.4426 4.70626 2
      vertex 88.4426 7.29374 2
    endloop
  endfacet
  facet normal 0 0 1
    outer loop
      vertex 88.3164 7.27502 2
      vertex 88.3164 4.72498 2
      vertex 88.4426 4.70626 2
    endloop
  endfacet
  facet normal -0 0 1
    outer loop
      vertex 88.1926 7.24402 2
      vertex 88.3164 4.72498 2
      vertex 88.3164 7.27502 2
    endloop
  endfacet
  facet normal 0 0 1
    outer loop
      vertex 88.1926 7.24402 2
      vertex 88.1926 4.75598 2
      vertex 88.3164 4.72498 2
    endloop
  endfacet
  facet normal -0 0 1
    outer loop
      vertex 88.0725 7.20104 2
      vertex 88.1926 4.75598 2
      vertex 88.1926 7.24402 2
    endloop
  endfacet
  facet normal 0 0 1
    outer loop
      vertex 88.0725 7.20104 2
      vertex 88.0725 4.79896 2
      vertex 88.1926 4.75598 2
    endloop
  endfacet
  facet normal -0 0 1
    outer loop
      vertex 87.9572 7.1465 2
      vertex 88.0725 4.79896 2
      vertex 88.0725 7.20104 2
    endloop
  endfacet
  facet normal 0 0 1
    outer loop
      vertex 87.9572 7.1465 2
      vertex 87.9572 4.8535 2
      vertex 88.0725 4.79896 2
    endloop
  endfacet
  facet normal -0 0 1
    outer loop
      vertex 87.8478 7.08091 2
      vertex 87.9572 4.8535 2
      vertex 87.9572 7.1465 2
    endloop
  endfacet
  facet normal 0 0 1
    outer loop
      vertex 87.8478 7.08091 2
      vertex 87.8478 4.91909 2
      vertex 87.9572 4.8535 2
    endloop
  endfacet
  facet normal -0 0 1
    outer loop
      vertex 87.7453 7.00491 2
      vertex 87.8478 4.91909 2
      vertex 87.8478 7.08091 2
    endloop
  endfacet
  facet normal 0 0 1
    outer loop
      vertex 87.7453 7.00491 2
      vertex 87.7453 4.99509 2
      vertex 87.8478 4.91909 2
    endloop
  endfacet
  facet normal -0 0 1
    outer loop
      vertex 87.6508 6.91924 2
      vertex 87.7453 4.99509 2
      vertex 87.7453 7.00491 2
    endloop
  endfacet
  facet normal 0 0 1
    outer loop
      vertex 87.6508 6.91924 2
      vertex 87.6508 5.08076 2
      vertex 87.7453 4.99509 2
    endloop
  endfacet
  facet normal -0 0 1
    outer loop
      vertex 87.5651 6.82471 2
      vertex 87.6508 5.08076 2
      vertex 87.6508 6.91924 2
    endloop
  endfacet
  facet normal 0 0 1
    outer loop
      vertex 87.5651 6.82471 2
      vertex 87.5651 5.17529 2
      vertex 87.6508 5.08076 2
    endloop
  endfacet
  facet normal -0 0 1
    outer loop
      vertex 87.4891 6.72224 2
      vertex 87.5651 5.17529 2
      vertex 87.5651 6.82471 2
    endloop
  endfacet
  facet normal 0 0 1
    outer loop
      vertex 87.4891 6.72224 2
      vertex 87.4891 5.27776 2
      vertex 87.5651 5.17529 2
    endloop
  endfacet
  facet normal -0 0 1
    outer loop
      vertex 87.4235 6.61281 2
      vertex 87.4891 5.27776 2
      vertex 87.4891 6.72224 2
    endloop
  endfacet
  facet normal 0 0 1
    outer loop
      vertex 87.4235 6.61281 2
      vertex 87.4235 5.38718 2
      vertex 87.4891 5.27776 2
    endloop
  endfacet
  facet normal -0 0 1
    outer loop
      vertex 87.369 6.49749 2
      vertex 87.4235 5.38718 2
      vertex 87.4235 6.61281 2
    endloop
  endfacet
  facet normal 0 0 1
    outer loop
      vertex 87.369 6.49749 2
      vertex 87.369 5.50251 2
      vertex 87.4235 5.38718 2
    endloop
  endfacet
  facet normal -0 0 1
    outer loop
      vertex 87.326 6.37737 2
      vertex 87.369 5.50251 2
      vertex 87.369 6.49749 2
    endloop
  endfacet
  facet normal 0 0 1
    outer loop
      vertex 87.326 6.37737 2
      vertex 87.326 5.62263 2
      vertex 87.369 5.50251 2
    endloop
  endfacet
  facet normal -0 0 1
    outer loop
      vertex 87.295 6.25362 2
      vertex 87.326 5.62263 2
      vertex 87.326 6.37737 2
    endloop
  endfacet
  facet normal 0 0 1
    outer loop
      vertex 87.295 6.25362 2
      vertex 87.295 5.74638 2
      vertex 87.326 5.62263 2
    endloop
  endfacet
  facet normal -0 0 1
    outer loop
      vertex 87.2763 6.12742 2
      vertex 87.295 5.74638 2
      vertex 87.295 6.25362 2
    endloop
  endfacet
  facet normal 0 0 1
    outer loop
      vertex 87.2763 6.12742 2
      vertex 87.2763 5.87258 2
      vertex 87.295 5.74638 2
    endloop
  endfacet
  facet normal 0 -0 1
    outer loop
      vertex 87.2763 5.87258 2
      vertex 87.2763 6.12742 2
      vertex 87.27 6 2
    endloop
  endfacet
  facet normal 0.99878 -0.0493825 0
    outer loop
      vertex 87.27 6 25.6
      vertex 87.2763 6.12742 2
      vertex 87.2763 6.12742 25.6
    endloop
  endfacet
  facet normal 0.99878 -0.0493825 0
    outer loop
      vertex 87.2763 6.12742 2
      vertex 87.27 6 25.6
      vertex 87.27 6 2
    endloop
  endfacet
  facet normal 0.99878 0.0493825 0
    outer loop
      vertex 87.2763 5.87258 25.6
      vertex 87.27 6 2
      vertex 87.27 6 25.6
    endloop
  endfacet
  facet normal 0.99878 0.0493825 0
    outer loop
      vertex 87.27 6 2
      vertex 87.2763 5.87258 25.6
      vertex 87.2763 5.87258 2
    endloop
  endfacet
  facet normal -0.671646 0.740872 0
    outer loop
      vertex 89.4892 5.08076 2
      vertex 89.3947 4.99509 25.6
      vertex 89.4892 5.08076 25.6
    endloop
  endfacet
  facet normal -0.671646 0.740872 0
    outer loop
      vertex 89.3947 4.99509 25.6
      vertex 89.4892 5.08076 2
      vertex 89.3947 4.99509 2
    endloop
  endfacet
  facet normal 0.857693 -0.514161 0
    outer loop
      vertex 87.4235 6.61281 25.6
      vertex 87.4891 6.72224 2
      vertex 87.4891 6.72224 25.6
    endloop
  endfacet
  facet normal 0.857693 -0.514161 0
    outer loop
      vertex 87.4891 6.72224 2
      vertex 87.4235 6.61281 25.6
      vertex 87.4235 6.61281 2
    endloop
  endfacet
  facet normal 0.427601 0.903968 -0
    outer loop
      vertex 88.0725 4.79896 2
      vertex 87.9572 4.8535 25.6
      vertex 88.0725 4.79896 25.6
    endloop
  endfacet
  facet normal 0.427601 0.903968 0
    outer loop
      vertex 87.9572 4.8535 25.6
      vertex 88.0725 4.79896 2
      vertex 87.9572 4.8535 2
    endloop
  endfacet
  facet normal 0.97005 -0.242904 0
    outer loop
      vertex 87.295 55.2536 25.6
      vertex 87.326 55.3774 2
      vertex 87.326 55.3774 25.6
    endloop
  endfacet
  facet normal 0.97005 -0.242904 0
    outer loop
      vertex 87.326 55.3774 2
      vertex 87.295 55.2536 25.6
      vertex 87.295 55.2536 2
    endloop
  endfacet
  facet normal -0.989199 -0.146577 0
    outer loop
      vertex 89.8637 55.1274 2
      vertex 89.845 55.2536 25.6
      vertex 89.845 55.2536 2
    endloop
  endfacet
  facet normal -0.989199 -0.146577 0
    outer loop
      vertex 89.845 55.2536 25.6
      vertex 89.8637 55.1274 2
      vertex 89.8637 55.1274 25.6
    endloop
  endfacet
  facet normal -0.99878 -0.0493902 0
    outer loop
      vertex 89.87 55 2
      vertex 89.8637 55.1274 25.6
      vertex 89.8637 55.1274 2
    endloop
  endfacet
  facet normal -0.99878 -0.0493902 0
    outer loop
      vertex 89.8637 55.1274 25.6
      vertex 89.87 55 2
      vertex 89.87 55 25.6
    endloop
  endfacet
  facet normal -0.97005 -0.242904 0
    outer loop
      vertex 89.845 55.2536 2
      vertex 89.814 55.3774 25.6
      vertex 89.814 55.3774 2
    endloop
  endfacet
  facet normal -0.97005 -0.242904 0
    outer loop
      vertex 89.814 55.3774 25.6
      vertex 89.845 55.2536 2
      vertex 89.845 55.2536 25.6
    endloop
  endfacet
  facet normal -0.0493902 -0.99878 0
    outer loop
      vertex 88.57 56.3 2
      vertex 88.6974 56.2937 25.6
      vertex 88.57 56.3 25.6
    endloop
  endfacet
  facet normal -0.0493902 -0.99878 -0
    outer loop
      vertex 88.6974 56.2937 25.6
      vertex 88.57 56.3 2
      vertex 88.6974 56.2937 2
    endloop
  endfacet
  facet normal 0.146577 -0.989199 0
    outer loop
      vertex 88.3164 56.275 2
      vertex 88.4426 56.2937 25.6
      vertex 88.3164 56.275 25.6
    endloop
  endfacet
  facet normal 0.146577 -0.989199 0
    outer loop
      vertex 88.4426 56.2937 25.6
      vertex 88.3164 56.275 2
      vertex 88.4426 56.2937 2
    endloop
  endfacet
  facet normal -0.803279 -0.595602 0
    outer loop
      vertex 89.6509 55.7222 2
      vertex 89.5749 55.8247 25.6
      vertex 89.5749 55.8247 2
    endloop
  endfacet
  facet normal -0.803279 -0.595602 0
    outer loop
      vertex 89.5749 55.8247 25.6
      vertex 89.6509 55.7222 2
      vertex 89.6509 55.7222 25.6
    endloop
  endfacet
  facet normal 0.989199 0.146577 0
    outer loop
      vertex 87.295 54.7464 25.6
      vertex 87.2763 54.8726 2
      vertex 87.2763 54.8726 25.6
    endloop
  endfacet
  facet normal 0.989199 0.146577 0
    outer loop
      vertex 87.2763 54.8726 2
      vertex 87.295 54.7464 25.6
      vertex 87.295 54.7464 2
    endloop
  endfacet
  facet normal -0.595602 -0.803279 0
    outer loop
      vertex 89.2922 56.0809 2
      vertex 89.3947 56.0049 25.6
      vertex 89.2922 56.0809 25.6
    endloop
  endfacet
  facet normal -0.595602 -0.803279 -0
    outer loop
      vertex 89.3947 56.0049 25.6
      vertex 89.2922 56.0809 2
      vertex 89.3947 56.0049 2
    endloop
  endfacet
  facet normal -0.99878 0.0493902 0
    outer loop
      vertex 89.8637 54.8726 2
      vertex 89.87 55 25.6
      vertex 89.87 55 2
    endloop
  endfacet
  facet normal -0.99878 0.0493902 0
    outer loop
      vertex 89.87 55 25.6
      vertex 89.8637 54.8726 2
      vertex 89.8637 54.8726 25.6
    endloop
  endfacet
  facet normal 0.242904 -0.97005 0
    outer loop
      vertex 88.1926 56.244 2
      vertex 88.3164 56.275 25.6
      vertex 88.1926 56.244 25.6
    endloop
  endfacet
  facet normal 0.242904 -0.97005 0
    outer loop
      vertex 88.3164 56.275 25.6
      vertex 88.1926 56.244 2
      vertex 88.3164 56.275 2
    endloop
  endfacet
  facet normal 0.427345 0.904089 -0
    outer loop
      vertex 88.0725 53.799 2
      vertex 87.9572 53.8535 25.6
      vertex 88.0725 53.799 25.6
    endloop
  endfacet
  facet normal 0.427345 0.904089 0
    outer loop
      vertex 87.9572 53.8535 25.6
      vertex 88.0725 53.799 2
      vertex 87.9572 53.8535 2
    endloop
  endfacet
  facet normal 0.595602 -0.803279 0
    outer loop
      vertex 87.7453 56.0049 2
      vertex 87.8478 56.0809 25.6
      vertex 87.7453 56.0049 25.6
    endloop
  endfacet
  facet normal 0.595602 -0.803279 0
    outer loop
      vertex 87.8478 56.0809 25.6
      vertex 87.7453 56.0049 2
      vertex 87.8478 56.0809 2
    endloop
  endfacet
  facet normal -0.427345 -0.904089 0
    outer loop
      vertex 89.0675 56.201 2
      vertex 89.1828 56.1465 25.6
      vertex 89.0675 56.201 25.6
    endloop
  endfacet
  facet normal -0.427345 -0.904089 -0
    outer loop
      vertex 89.1828 56.1465 25.6
      vertex 89.0675 56.201 2
      vertex 89.1828 56.1465 2
    endloop
  endfacet
  facet normal -0.242904 -0.97005 0
    outer loop
      vertex 88.8236 56.275 2
      vertex 88.9474 56.244 25.6
      vertex 88.8236 56.275 25.6
    endloop
  endfacet
  facet normal -0.242904 -0.97005 -0
    outer loop
      vertex 88.9474 56.244 25.6
      vertex 88.8236 56.275 2
      vertex 88.9474 56.244 2
    endloop
  endfacet
  facet normal 0.427345 -0.904089 0
    outer loop
      vertex 87.9572 56.1465 2
      vertex 88.0725 56.201 25.6
      vertex 87.9572 56.1465 25.6
    endloop
  endfacet
  facet normal 0.427345 -0.904089 0
    outer loop
      vertex 88.0725 56.201 25.6
      vertex 87.9572 56.1465 2
      vertex 88.0725 56.201 2
    endloop
  endfacet
  facet normal 0.989199 -0.146577 0
    outer loop
      vertex 87.2763 55.1274 25.6
      vertex 87.295 55.2536 2
      vertex 87.295 55.2536 25.6
    endloop
  endfacet
  facet normal 0.989199 -0.146577 0
    outer loop
      vertex 87.295 55.2536 2
      vertex 87.2763 55.1274 25.6
      vertex 87.2763 55.1274 2
    endloop
  endfacet
  facet normal 0.857631 0.514265 0
    outer loop
      vertex 87.4891 54.2778 25.6
      vertex 87.4235 54.3872 2
      vertex 87.4235 54.3872 25.6
    endloop
  endfacet
  facet normal 0.857631 0.514265 0
    outer loop
      vertex 87.4235 54.3872 2
      vertex 87.4891 54.2778 25.6
      vertex 87.4891 54.2778 2
    endloop
  endfacet
  facet normal -0.740755 -0.671775 0
    outer loop
      vertex 89.5749 55.8247 2
      vertex 89.4892 55.9192 25.6
      vertex 89.4892 55.9192 2
    endloop
  endfacet
  facet normal -0.740755 -0.671775 0
    outer loop
      vertex 89.4892 55.9192 25.6
      vertex 89.5749 55.8247 2
      vertex 89.5749 55.8247 25.6
    endloop
  endfacet
  facet normal 0.0493902 0.99878 -0
    outer loop
      vertex 88.57 53.7 2
      vertex 88.4426 53.7063 25.6
      vertex 88.57 53.7 25.6
    endloop
  endfacet
  facet normal 0.0493902 0.99878 0
    outer loop
      vertex 88.4426 53.7063 25.6
      vertex 88.57 53.7 2
      vertex 88.4426 53.7063 2
    endloop
  endfacet
  facet normal -0.337081 -0.941476 0
    outer loop
      vertex 88.9474 56.244 2
      vertex 89.0675 56.201 25.6
      vertex 88.9474 56.244 25.6
    endloop
  endfacet
  facet normal -0.337081 -0.941476 -0
    outer loop
      vertex 89.0675 56.201 25.6
      vertex 88.9474 56.244 2
      vertex 89.0675 56.201 2
    endloop
  endfacet
  facet normal 0.337081 0.941476 -0
    outer loop
      vertex 88.1926 53.756 2
      vertex 88.0725 53.799 25.6
      vertex 88.1926 53.756 25.6
    endloop
  endfacet
  facet normal 0.337081 0.941476 0
    outer loop
      vertex 88.0725 53.799 25.6
      vertex 88.1926 53.756 2
      vertex 88.0725 53.799 2
    endloop
  endfacet
  facet normal -0.146577 -0.989199 0
    outer loop
      vertex 88.6974 56.2937 2
      vertex 88.8236 56.275 25.6
      vertex 88.6974 56.2937 25.6
    endloop
  endfacet
  facet normal -0.146577 -0.989199 -0
    outer loop
      vertex 88.8236 56.275 25.6
      vertex 88.6974 56.2937 2
      vertex 88.8236 56.275 2
    endloop
  endfacet
  facet normal 0.904089 -0.427345 0
    outer loop
      vertex 87.369 55.4975 25.6
      vertex 87.4235 55.6128 2
      vertex 87.4235 55.6128 25.6
    endloop
  endfacet
  facet normal 0.904089 -0.427345 0
    outer loop
      vertex 87.4235 55.6128 2
      vertex 87.369 55.4975 25.6
      vertex 87.369 55.4975 2
    endloop
  endfacet
  facet normal 0.337081 -0.941476 0
    outer loop
      vertex 88.0725 56.201 2
      vertex 88.1926 56.244 25.6
      vertex 88.0725 56.201 25.6
    endloop
  endfacet
  facet normal 0.337081 -0.941476 0
    outer loop
      vertex 88.1926 56.244 25.6
      vertex 88.0725 56.201 2
      vertex 88.1926 56.244 2
    endloop
  endfacet
  facet normal -0.904089 -0.427345 0
    outer loop
      vertex 89.771 55.4975 2
      vertex 89.7165 55.6128 25.6
      vertex 89.7165 55.6128 2
    endloop
  endfacet
  facet normal -0.904089 -0.427345 0
    outer loop
      vertex 89.7165 55.6128 25.6
      vertex 89.771 55.4975 2
      vertex 89.771 55.4975 25.6
    endloop
  endfacet
  facet normal -0.97005 0.242904 0
    outer loop
      vertex 89.814 54.6226 2
      vertex 89.845 54.7464 25.6
      vertex 89.845 54.7464 2
    endloop
  endfacet
  facet normal -0.97005 0.242904 0
    outer loop
      vertex 89.845 54.7464 25.6
      vertex 89.814 54.6226 2
      vertex 89.814 54.6226 25.6
    endloop
  endfacet
  facet normal -0.146577 0.989199 0
    outer loop
      vertex 88.8236 53.725 2
      vertex 88.6974 53.7063 25.6
      vertex 88.8236 53.725 25.6
    endloop
  endfacet
  facet normal -0.146577 0.989199 0
    outer loop
      vertex 88.6974 53.7063 25.6
      vertex 88.8236 53.725 2
      vertex 88.6974 53.7063 2
    endloop
  endfacet
  facet normal 0.941476 -0.337081 0
    outer loop
      vertex 87.326 55.3774 25.6
      vertex 87.369 55.4975 2
      vertex 87.369 55.4975 25.6
    endloop
  endfacet
  facet normal 0.941476 -0.337081 0
    outer loop
      vertex 87.369 55.4975 2
      vertex 87.326 55.3774 25.6
      vertex 87.326 55.3774 2
    endloop
  endfacet
  facet normal -0.514265 -0.857631 0
    outer loop
      vertex 89.1828 56.1465 2
      vertex 89.2922 56.0809 25.6
      vertex 89.1828 56.1465 25.6
    endloop
  endfacet
  facet normal -0.514265 -0.857631 -0
    outer loop
      vertex 89.2922 56.0809 25.6
      vertex 89.1828 56.1465 2
      vertex 89.2922 56.0809 2
    endloop
  endfacet
  facet normal -0.337081 0.941476 0
    outer loop
      vertex 89.0675 53.799 2
      vertex 88.9474 53.756 25.6
      vertex 89.0675 53.799 25.6
    endloop
  endfacet
  facet normal -0.337081 0.941476 0
    outer loop
      vertex 88.9474 53.756 25.6
      vertex 89.0675 53.799 2
      vertex 88.9474 53.756 2
    endloop
  endfacet
  facet normal -0.803279 0.595602 0
    outer loop
      vertex 89.5749 54.1753 2
      vertex 89.6509 54.2778 25.6
      vertex 89.6509 54.2778 2
    endloop
  endfacet
  facet normal -0.803279 0.595602 0
    outer loop
      vertex 89.6509 54.2778 25.6
      vertex 89.5749 54.1753 2
      vertex 89.5749 54.1753 25.6
    endloop
  endfacet
  facet normal -0.941476 -0.337081 0
    outer loop
      vertex 89.814 55.3774 2
      vertex 89.771 55.4975 25.6
      vertex 89.771 55.4975 2
    endloop
  endfacet
  facet normal -0.941476 -0.337081 0
    outer loop
      vertex 89.771 55.4975 25.6
      vertex 89.814 55.3774 2
      vertex 89.814 55.3774 25.6
    endloop
  endfacet
  facet normal -0.857631 0.514265 0
    outer loop
      vertex 89.6509 54.2778 2
      vertex 89.7165 54.3872 25.6
      vertex 89.7165 54.3872 2
    endloop
  endfacet
  facet normal -0.857631 0.514265 0
    outer loop
      vertex 89.7165 54.3872 25.6
      vertex 89.6509 54.2778 2
      vertex 89.6509 54.2778 25.6
    endloop
  endfacet
  facet normal -0.904089 0.427345 0
    outer loop
      vertex 89.7165 54.3872 2
      vertex 89.771 54.5025 25.6
      vertex 89.771 54.5025 2
    endloop
  endfacet
  facet normal -0.904089 0.427345 0
    outer loop
      vertex 89.771 54.5025 25.6
      vertex 89.7165 54.3872 2
      vertex 89.7165 54.3872 25.6
    endloop
  endfacet
  facet normal 0.0493902 -0.99878 0
    outer loop
      vertex 88.4426 56.2937 2
      vertex 88.57 56.3 25.6
      vertex 88.4426 56.2937 25.6
    endloop
  endfacet
  facet normal 0.0493902 -0.99878 0
    outer loop
      vertex 88.57 56.3 25.6
      vertex 88.4426 56.2937 2
      vertex 88.57 56.3 2
    endloop
  endfacet
  facet normal -0.427345 0.904089 0
    outer loop
      vertex 89.1828 53.8535 2
      vertex 89.0675 53.799 25.6
      vertex 89.1828 53.8535 25.6
    endloop
  endfacet
  facet normal -0.427345 0.904089 0
    outer loop
      vertex 89.0675 53.799 25.6
      vertex 89.1828 53.8535 2
      vertex 89.0675 53.799 2
    endloop
  endfacet
  facet normal -0.671775 -0.740755 0
    outer loop
      vertex 89.3947 56.0049 2
      vertex 89.4892 55.9192 25.6
      vertex 89.3947 56.0049 25.6
    endloop
  endfacet
  facet normal -0.671775 -0.740755 -0
    outer loop
      vertex 89.4892 55.9192 25.6
      vertex 89.3947 56.0049 2
      vertex 89.4892 55.9192 2
    endloop
  endfacet
  facet normal 0.803279 -0.595602 0
    outer loop
      vertex 87.4891 55.7222 25.6
      vertex 87.5651 55.8247 2
      vertex 87.5651 55.8247 25.6
    endloop
  endfacet
  facet normal 0.803279 -0.595602 0
    outer loop
      vertex 87.5651 55.8247 2
      vertex 87.4891 55.7222 25.6
      vertex 87.4891 55.7222 2
    endloop
  endfacet
  facet normal -0.989199 0.146577 0
    outer loop
      vertex 89.845 54.7464 2
      vertex 89.8637 54.8726 25.6
      vertex 89.8637 54.8726 2
    endloop
  endfacet
  facet normal -0.989199 0.146577 0
    outer loop
      vertex 89.8637 54.8726 25.6
      vertex 89.845 54.7464 2
      vertex 89.845 54.7464 25.6
    endloop
  endfacet
  facet normal -0.857631 -0.514265 0
    outer loop
      vertex 89.7165 55.6128 2
      vertex 89.6509 55.7222 25.6
      vertex 89.6509 55.7222 2
    endloop
  endfacet
  facet normal -0.857631 -0.514265 0
    outer loop
      vertex 89.6509 55.7222 25.6
      vertex 89.7165 55.6128 2
      vertex 89.7165 55.6128 25.6
    endloop
  endfacet
  facet normal 0.146577 0.989199 -0
    outer loop
      vertex 88.4426 53.7063 2
      vertex 88.3164 53.725 25.6
      vertex 88.4426 53.7063 25.6
    endloop
  endfacet
  facet normal 0.146577 0.989199 0
    outer loop
      vertex 88.3164 53.725 25.6
      vertex 88.4426 53.7063 2
      vertex 88.3164 53.725 2
    endloop
  endfacet
  facet normal 0.514265 0.857631 -0
    outer loop
      vertex 87.9572 53.8535 2
      vertex 87.8478 53.9191 25.6
      vertex 87.9572 53.8535 25.6
    endloop
  endfacet
  facet normal 0.514265 0.857631 0
    outer loop
      vertex 87.8478 53.9191 25.6
      vertex 87.9572 53.8535 2
      vertex 87.8478 53.9191 2
    endloop
  endfacet
  facet normal 0.97005 0.242904 0
    outer loop
      vertex 87.326 54.6226 25.6
      vertex 87.295 54.7464 2
      vertex 87.295 54.7464 25.6
    endloop
  endfacet
  facet normal 0.97005 0.242904 0
    outer loop
      vertex 87.295 54.7464 2
      vertex 87.326 54.6226 25.6
      vertex 87.326 54.6226 2
    endloop
  endfacet
  facet normal 0.671775 -0.740755 0
    outer loop
      vertex 87.6508 55.9192 2
      vertex 87.7453 56.0049 25.6
      vertex 87.6508 55.9192 25.6
    endloop
  endfacet
  facet normal 0.671775 -0.740755 0
    outer loop
      vertex 87.7453 56.0049 25.6
      vertex 87.6508 55.9192 2
      vertex 87.7453 56.0049 2
    endloop
  endfacet
  facet normal 0.514265 -0.857631 0
    outer loop
      vertex 87.8478 56.0809 2
      vertex 87.9572 56.1465 25.6
      vertex 87.8478 56.0809 25.6
    endloop
  endfacet
  facet normal 0.514265 -0.857631 0
    outer loop
      vertex 87.9572 56.1465 25.6
      vertex 87.8478 56.0809 2
      vertex 87.9572 56.1465 2
    endloop
  endfacet
  facet normal -0.514265 0.857631 0
    outer loop
      vertex 89.2922 53.9191 2
      vertex 89.1828 53.8535 25.6
      vertex 89.2922 53.9191 25.6
    endloop
  endfacet
  facet normal -0.514265 0.857631 0
    outer loop
      vertex 89.1828 53.8535 25.6
      vertex 89.2922 53.9191 2
      vertex 89.1828 53.8535 2
    endloop
  endfacet
  facet normal 0.595602 0.803279 -0
    outer loop
      vertex 87.8478 53.9191 2
      vertex 87.7453 53.9951 25.6
      vertex 87.8478 53.9191 25.6
    endloop
  endfacet
  facet normal 0.595602 0.803279 0
    outer loop
      vertex 87.7453 53.9951 25.6
      vertex 87.8478 53.9191 2
      vertex 87.7453 53.9951 2
    endloop
  endfacet
  facet normal -0.242904 0.97005 0
    outer loop
      vertex 88.9474 53.756 2
      vertex 88.8236 53.725 25.6
      vertex 88.9474 53.756 25.6
    endloop
  endfacet
  facet normal -0.242904 0.97005 0
    outer loop
      vertex 88.8236 53.725 25.6
      vertex 88.9474 53.756 2
      vertex 88.8236 53.725 2
    endloop
  endfacet
  facet normal 0.740755 -0.671775 0
    outer loop
      vertex 87.5651 55.8247 25.6
      vertex 87.6508 55.9192 2
      vertex 87.6508 55.9192 25.6
    endloop
  endfacet
  facet normal 0.740755 -0.671775 0
    outer loop
      vertex 87.6508 55.9192 2
      vertex 87.5651 55.8247 25.6
      vertex 87.5651 55.8247 2
    endloop
  endfacet
  facet normal 0.740755 0.671775 0
    outer loop
      vertex 87.6508 54.0808 25.6
      vertex 87.5651 54.1753 2
      vertex 87.5651 54.1753 25.6
    endloop
  endfacet
  facet normal 0.740755 0.671775 0
    outer loop
      vertex 87.5651 54.1753 2
      vertex 87.6508 54.0808 25.6
      vertex 87.6508 54.0808 2
    endloop
  endfacet
  facet normal 0.904089 0.427345 0
    outer loop
      vertex 87.4235 54.3872 25.6
      vertex 87.369 54.5025 2
      vertex 87.369 54.5025 25.6
    endloop
  endfacet
  facet normal 0.904089 0.427345 0
    outer loop
      vertex 87.369 54.5025 2
      vertex 87.4235 54.3872 25.6
      vertex 87.4235 54.3872 2
    endloop
  endfacet
  facet normal 0.941476 0.337081 0
    outer loop
      vertex 87.369 54.5025 25.6
      vertex 87.326 54.6226 2
      vertex 87.326 54.6226 25.6
    endloop
  endfacet
  facet normal 0.941476 0.337081 0
    outer loop
      vertex 87.326 54.6226 2
      vertex 87.369 54.5025 25.6
      vertex 87.369 54.5025 2
    endloop
  endfacet
  facet normal -0.595602 0.803279 0
    outer loop
      vertex 89.3947 53.9951 2
      vertex 89.2922 53.9191 25.6
      vertex 89.3947 53.9951 25.6
    endloop
  endfacet
  facet normal -0.595602 0.803279 0
    outer loop
      vertex 89.2922 53.9191 25.6
      vertex 89.3947 53.9951 2
      vertex 89.2922 53.9191 2
    endloop
  endfacet
  facet normal -0.0493902 0.99878 0
    outer loop
      vertex 88.6974 53.7063 2
      vertex 88.57 53.7 25.6
      vertex 88.6974 53.7063 25.6
    endloop
  endfacet
  facet normal -0.0493902 0.99878 0
    outer loop
      vertex 88.57 53.7 25.6
      vertex 88.6974 53.7063 2
      vertex 88.57 53.7 2
    endloop
  endfacet
  facet normal 0.671775 0.740755 -0
    outer loop
      vertex 87.7453 53.9951 2
      vertex 87.6508 54.0808 25.6
      vertex 87.7453 53.9951 25.6
    endloop
  endfacet
  facet normal 0.671775 0.740755 0
    outer loop
      vertex 87.6508 54.0808 25.6
      vertex 87.7453 53.9951 2
      vertex 87.6508 54.0808 2
    endloop
  endfacet
  facet normal -0.941476 0.337081 0
    outer loop
      vertex 89.771 54.5025 2
      vertex 89.814 54.6226 25.6
      vertex 89.814 54.6226 2
    endloop
  endfacet
  facet normal -0.941476 0.337081 0
    outer loop
      vertex 89.814 54.6226 25.6
      vertex 89.771 54.5025 2
      vertex 89.771 54.5025 25.6
    endloop
  endfacet
  facet normal -0.740755 0.671775 0
    outer loop
      vertex 89.4892 54.0808 2
      vertex 89.5749 54.1753 25.6
      vertex 89.5749 54.1753 2
    endloop
  endfacet
  facet normal -0.740755 0.671775 0
    outer loop
      vertex 89.5749 54.1753 25.6
      vertex 89.4892 54.0808 2
      vertex 89.4892 54.0808 25.6
    endloop
  endfacet
  facet normal 0.803279 0.595602 0
    outer loop
      vertex 87.5651 54.1753 25.6
      vertex 87.4891 54.2778 2
      vertex 87.4891 54.2778 25.6
    endloop
  endfacet
  facet normal 0.803279 0.595602 0
    outer loop
      vertex 87.4891 54.2778 2
      vertex 87.5651 54.1753 25.6
      vertex 87.5651 54.1753 2
    endloop
  endfacet
  facet normal 0 0 1
    outer loop
      vertex 89.8637 55.1274 2
      vertex 89.8637 54.8726 2
      vertex 89.87 55 2
    endloop
  endfacet
  facet normal 0 0 1
    outer loop
      vertex 89.845 55.2536 2
      vertex 89.8637 54.8726 2
      vertex 89.8637 55.1274 2
    endloop
  endfacet
  facet normal 0 0 1
    outer loop
      vertex 89.845 55.2536 2
      vertex 89.845 54.7464 2
      vertex 89.8637 54.8726 2
    endloop
  endfacet
  facet normal 0 0 1
    outer loop
      vertex 89.814 55.3774 2
      vertex 89.845 54.7464 2
      vertex 89.845 55.2536 2
    endloop
  endfacet
  facet normal 0 0 1
    outer loop
      vertex 89.814 55.3774 2
      vertex 89.814 54.6226 2
      vertex 89.845 54.7464 2
    endloop
  endfacet
  facet normal 0 0 1
    outer loop
      vertex 89.771 55.4975 2
      vertex 89.814 54.6226 2
      vertex 89.814 55.3774 2
    endloop
  endfacet
  facet normal 0 0 1
    outer loop
      vertex 89.771 55.4975 2
      vertex 89.771 54.5025 2
      vertex 89.814 54.6226 2
    endloop
  endfacet
  facet normal 0 0 1
    outer loop
      vertex 89.7165 55.6128 2
      vertex 89.771 54.5025 2
      vertex 89.771 55.4975 2
    endloop
  endfacet
  facet normal 0 0 1
    outer loop
      vertex 89.7165 55.6128 2
      vertex 89.7165 54.3872 2
      vertex 89.771 54.5025 2
    endloop
  endfacet
  facet normal 0 0 1
    outer loop
      vertex 89.6509 55.7222 2
      vertex 89.7165 54.3872 2
      vertex 89.7165 55.6128 2
    endloop
  endfacet
  facet normal 0 0 1
    outer loop
      vertex 89.6509 55.7222 2
      vertex 89.6509 54.2778 2
      vertex 89.7165 54.3872 2
    endloop
  endfacet
  facet normal 0 0 1
    outer loop
      vertex 89.5749 55.8247 2
      vertex 89.6509 54.2778 2
      vertex 89.6509 55.7222 2
    endloop
  endfacet
  facet normal 0 0 1
    outer loop
      vertex 89.5749 55.8247 2
      vertex 89.5749 54.1753 2
      vertex 89.6509 54.2778 2
    endloop
  endfacet
  facet normal 0 0 1
    outer loop
      vertex 89.4892 55.9192 2
      vertex 89.5749 54.1753 2
      vertex 89.5749 55.8247 2
    endloop
  endfacet
  facet normal 0 0 1
    outer loop
      vertex 89.4892 55.9192 2
      vertex 89.4892 54.0808 2
      vertex 89.5749 54.1753 2
    endloop
  endfacet
  facet normal 0 0 1
    outer loop
      vertex 89.3947 56.0049 2
      vertex 89.4892 54.0808 2
      vertex 89.4892 55.9192 2
    endloop
  endfacet
  facet normal 0 0 1
    outer loop
      vertex 89.3947 56.0049 2
      vertex 89.3947 53.9951 2
      vertex 89.4892 54.0808 2
    endloop
  endfacet
  facet normal 0 0 1
    outer loop
      vertex 89.2922 56.0809 2
      vertex 89.3947 53.9951 2
      vertex 89.3947 56.0049 2
    endloop
  endfacet
  facet normal 0 0 1
    outer loop
      vertex 89.2922 56.0809 2
      vertex 89.2922 53.9191 2
      vertex 89.3947 53.9951 2
    endloop
  endfacet
  facet normal 0 0 1
    outer loop
      vertex 89.1828 56.1465 2
      vertex 89.2922 53.9191 2
      vertex 89.2922 56.0809 2
    endloop
  endfacet
  facet normal 0 0 1
    outer loop
      vertex 89.1828 56.1465 2
      vertex 89.1828 53.8535 2
      vertex 89.2922 53.9191 2
    endloop
  endfacet
  facet normal 0 0 1
    outer loop
      vertex 89.0675 56.201 2
      vertex 89.1828 53.8535 2
      vertex 89.1828 56.1465 2
    endloop
  endfacet
  facet normal 0 0 1
    outer loop
      vertex 89.0675 56.201 2
      vertex 89.0675 53.799 2
      vertex 89.1828 53.8535 2
    endloop
  endfacet
  facet normal 0 0 1
    outer loop
      vertex 88.9474 56.244 2
      vertex 89.0675 53.799 2
      vertex 89.0675 56.201 2
    endloop
  endfacet
  facet normal 0 0 1
    outer loop
      vertex 88.9474 56.244 2
      vertex 88.9474 53.756 2
      vertex 89.0675 53.799 2
    endloop
  endfacet
  facet normal 0 0 1
    outer loop
      vertex 88.8236 56.275 2
      vertex 88.9474 53.756 2
      vertex 88.9474 56.244 2
    endloop
  endfacet
  facet normal 0 0 1
    outer loop
      vertex 88.8236 56.275 2
      vertex 88.8236 53.725 2
      vertex 88.9474 53.756 2
    endloop
  endfacet
  facet normal 0 0 1
    outer loop
      vertex 88.6974 56.2937 2
      vertex 88.8236 53.725 2
      vertex 88.8236 56.275 2
    endloop
  endfacet
  facet normal 0 0 1
    outer loop
      vertex 88.6974 56.2937 2
      vertex 88.6974 53.7063 2
      vertex 88.8236 53.725 2
    endloop
  endfacet
  facet normal 0 0 1
    outer loop
      vertex 88.57 56.3 2
      vertex 88.6974 53.7063 2
      vertex 88.6974 56.2937 2
    endloop
  endfacet
  facet normal 0 0 1
    outer loop
      vertex 88.57 56.3 2
      vertex 88.57 53.7 2
      vertex 88.6974 53.7063 2
    endloop
  endfacet
  facet normal -0 0 1
    outer loop
      vertex 88.4426 56.2937 2
      vertex 88.57 53.7 2
      vertex 88.57 56.3 2
    endloop
  endfacet
  facet normal 0 0 1
    outer loop
      vertex 88.4426 56.2937 2
      vertex 88.4426 53.7063 2
      vertex 88.57 53.7 2
    endloop
  endfacet
  facet normal -0 0 1
    outer loop
      vertex 88.3164 56.275 2
      vertex 88.4426 53.7063 2
      vertex 88.4426 56.2937 2
    endloop
  endfacet
  facet normal 0 0 1
    outer loop
      vertex 88.3164 56.275 2
      vertex 88.3164 53.725 2
      vertex 88.4426 53.7063 2
    endloop
  endfacet
  facet normal -0 0 1
    outer loop
      vertex 88.1926 56.244 2
      vertex 88.3164 53.725 2
      vertex 88.3164 56.275 2
    endloop
  endfacet
  facet normal 0 0 1
    outer loop
      vertex 88.1926 56.244 2
      vertex 88.1926 53.756 2
      vertex 88.3164 53.725 2
    endloop
  endfacet
  facet normal -0 0 1
    outer loop
      vertex 88.0725 56.201 2
      vertex 88.1926 53.756 2
      vertex 88.1926 56.244 2
    endloop
  endfacet
  facet normal 0 0 1
    outer loop
      vertex 88.0725 56.201 2
      vertex 88.0725 53.799 2
      vertex 88.1926 53.756 2
    endloop
  endfacet
  facet normal -0 0 1
    outer loop
      vertex 87.9572 56.1465 2
      vertex 88.0725 53.799 2
      vertex 88.0725 56.201 2
    endloop
  endfacet
  facet normal 0 0 1
    outer loop
      vertex 87.9572 56.1465 2
      vertex 87.9572 53.8535 2
      vertex 88.0725 53.799 2
    endloop
  endfacet
  facet normal -0 0 1
    outer loop
      vertex 87.8478 56.0809 2
      vertex 87.9572 53.8535 2
      vertex 87.9572 56.1465 2
    endloop
  endfacet
  facet normal 0 0 1
    outer loop
      vertex 87.8478 56.0809 2
      vertex 87.8478 53.9191 2
      vertex 87.9572 53.8535 2
    endloop
  endfacet
  facet normal -0 0 1
    outer loop
      vertex 87.7453 56.0049 2
      vertex 87.8478 53.9191 2
      vertex 87.8478 56.0809 2
    endloop
  endfacet
  facet normal 0 0 1
    outer loop
      vertex 87.7453 56.0049 2
      vertex 87.7453 53.9951 2
      vertex 87.8478 53.9191 2
    endloop
  endfacet
  facet normal -0 0 1
    outer loop
      vertex 87.6508 55.9192 2
      vertex 87.7453 53.9951 2
      vertex 87.7453 56.0049 2
    endloop
  endfacet
  facet normal 0 0 1
    outer loop
      vertex 87.6508 55.9192 2
      vertex 87.6508 54.0808 2
      vertex 87.7453 53.9951 2
    endloop
  endfacet
  facet normal -0 0 1
    outer loop
      vertex 87.5651 55.8247 2
      vertex 87.6508 54.0808 2
      vertex 87.6508 55.9192 2
    endloop
  endfacet
  facet normal 0 0 1
    outer loop
      vertex 87.5651 55.8247 2
      vertex 87.5651 54.1753 2
      vertex 87.6508 54.0808 2
    endloop
  endfacet
  facet normal -0 0 1
    outer loop
      vertex 87.4891 55.7222 2
      vertex 87.5651 54.1753 2
      vertex 87.5651 55.8247 2
    endloop
  endfacet
  facet normal 0 0 1
    outer loop
      vertex 87.4891 55.7222 2
      vertex 87.4891 54.2778 2
      vertex 87.5651 54.1753 2
    endloop
  endfacet
  facet normal -0 0 1
    outer loop
      vertex 87.4235 55.6128 2
      vertex 87.4891 54.2778 2
      vertex 87.4891 55.7222 2
    endloop
  endfacet
  facet normal 0 0 1
    outer loop
      vertex 87.4235 55.6128 2
      vertex 87.4235 54.3872 2
      vertex 87.4891 54.2778 2
    endloop
  endfacet
  facet normal -0 0 1
    outer loop
      vertex 87.369 55.4975 2
      vertex 87.4235 54.3872 2
      vertex 87.4235 55.6128 2
    endloop
  endfacet
  facet normal 0 0 1
    outer loop
      vertex 87.369 55.4975 2
      vertex 87.369 54.5025 2
      vertex 87.4235 54.3872 2
    endloop
  endfacet
  facet normal -0 0 1
    outer loop
      vertex 87.326 55.3774 2
      vertex 87.369 54.5025 2
      vertex 87.369 55.4975 2
    endloop
  endfacet
  facet normal 0 0 1
    outer loop
      vertex 87.326 55.3774 2
      vertex 87.326 54.6226 2
      vertex 87.369 54.5025 2
    endloop
  endfacet
  facet normal -0 0 1
    outer loop
      vertex 87.295 55.2536 2
      vertex 87.326 54.6226 2
      vertex 87.326 55.3774 2
    endloop
  endfacet
  facet normal 0 0 1
    outer loop
      vertex 87.295 55.2536 2
      vertex 87.295 54.7464 2
      vertex 87.326 54.6226 2
    endloop
  endfacet
  facet normal -0 0 1
    outer loop
      vertex 87.2763 55.1274 2
      vertex 87.295 54.7464 2
      vertex 87.295 55.2536 2
    endloop
  endfacet
  facet normal 0 0 1
    outer loop
      vertex 87.2763 55.1274 2
      vertex 87.2763 54.8726 2
      vertex 87.295 54.7464 2
    endloop
  endfacet
  facet normal 0 -0 1
    outer loop
      vertex 87.2763 54.8726 2
      vertex 87.2763 55.1274 2
      vertex 87.27 55 2
    endloop
  endfacet
  facet normal 0.99878 -0.0493902 0
    outer loop
      vertex 87.27 55 25.6
      vertex 87.2763 55.1274 2
      vertex 87.2763 55.1274 25.6
    endloop
  endfacet
  facet normal 0.99878 -0.0493902 0
    outer loop
      vertex 87.2763 55.1274 2
      vertex 87.27 55 25.6
      vertex 87.27 55 2
    endloop
  endfacet
  facet normal 0.99878 0.0493902 0
    outer loop
      vertex 87.2763 54.8726 25.6
      vertex 87.27 55 2
      vertex 87.27 55 25.6
    endloop
  endfacet
  facet normal 0.99878 0.0493902 0
    outer loop
      vertex 87.27 55 2
      vertex 87.2763 54.8726 25.6
      vertex 87.2763 54.8726 2
    endloop
  endfacet
  facet normal 0.242904 0.97005 -0
    outer loop
      vertex 88.3164 53.725 2
      vertex 88.1926 53.756 25.6
      vertex 88.3164 53.725 25.6
    endloop
  endfacet
  facet normal 0.242904 0.97005 0
    outer loop
      vertex 88.1926 53.756 25.6
      vertex 88.3164 53.725 2
      vertex 88.1926 53.756 2
    endloop
  endfacet
  facet normal -0.671775 0.740755 0
    outer loop
      vertex 89.4892 54.0808 2
      vertex 89.3947 53.9951 25.6
      vertex 89.4892 54.0808 25.6
    endloop
  endfacet
  facet normal -0.671775 0.740755 0
    outer loop
      vertex 89.3947 53.9951 25.6
      vertex 89.4892 54.0808 2
      vertex 89.3947 53.9951 2
    endloop
  endfacet
  facet normal 0.857631 -0.514265 0
    outer loop
      vertex 87.4235 55.6128 25.6
      vertex 87.4891 55.7222 2
      vertex 87.4891 55.7222 25.6
    endloop
  endfacet
  facet normal 0.857631 -0.514265 0
    outer loop
      vertex 87.4891 55.7222 2
      vertex 87.4235 55.6128 25.6
      vertex 87.4235 55.6128 2
    endloop
  endfacet
endsolid OpenSCAD_Model
